timestamp,cpu_util_pct,mem_total_mb,mem_used_mb,mem_avail_mb,mem_used_pct,disk_read_bytes_sec,disk_write_bytes_sec,disk_read_iops,disk_write_iops
1790692470.209,5.06,15314.2,10251.8,5062.4,66.94,0,0,0.0,0.0
1790692471.210,3.66,15314.2,10254.8,5059.4,66.96,32747,875992,2.0,20.0
1790692472.211,3.34,15314.2,10256.9,5057.3,66.98,0,1039661,0.0,10.0
1790692473.211,16.23,15314.2,10327.2,4987.1,67.44,319308,73687,12.0,4.0
1790692474.212,21.58,15314.2,10474.1,4840.1,68.39,0,8187,0.0,2.0
1790692475.213,33.05,15314.2,10546.0,4768.2,68.86,0,81870,0.0,4.0
1790692476.213,18.96,15314.2,10583.8,4730.4,69.11,221036,0,20.0,0.0
1790692477.214,23.29,15314.2,10669.7,4644.6,69.67,0,450301,0.0,6.0
1790692478.214,21.09,15314.2,10740.0,4574.3,70.13,212889,867931,4.0,159.9
1790692479.215,23.66,15314.2,10737.1,4577.2,70.11,0,0,0.0,0.0
1790692480.215,3.53,15314.2,10739.2,4575.0,70.13,0,0,0.0,0.0
1790692481.216,4.16,15314.2,10738.7,4575.6,70.12,0,4740265,0.0,54.0
1790692482.217,14.47,15314.2,10731.9,4582.4,70.08,0,237409,0.0,4.0
1790692483.217,13.20,15314.2,10687.0,4627.2,69.78,5533412,2201905,331.7,18.0
1790692484.218,19.57,15314.2,10725.0,4589.3,70.03,8252208,401149,361.8,26.0
1790692485.219,18.21,15314.2,10802.3,4511.9,70.54,0,65499,0.0,2.0
1790692486.219,17.36,15314.2,10864.4,4449.8,70.94,16373,2644307,4.0,58.0
1790692487.220,17.41,15314.2,10905.9,4408.4,71.21,24561,24561,6.0,2.0
1790692488.221,22.49,15314.2,10925.3,4388.9,71.34,11060810,0,505.7,0.0
1790692576.396,3.03,15314.2,10182.2,5132.0,66.49,0,0,0.0,0.0
1790692577.397,3.47,15314.2,10173.4,5140.8,66.43,0,392981,0.0,24.0
1790692578.397,3.34,15314.2,10172.3,5142.0,66.42,0,0,0.0,0.0
1790692579.398,17.72,15314.2,10222.5,5091.7,66.75,0,81876,0.0,6.0
1790692580.398,23.79,15314.2,10331.3,4982.9,67.46,0,8187,0.0,2.0
1790692581.399,26.15,15314.2,10432.2,4882.0,68.12,0,73682,0.0,2.0
1790692582.399,15.96,15314.2,10524.0,4790.2,68.72,0,425782,0.0,10.0
1790692583.400,20.36,15314.2,10574.6,4739.6,69.05,0,40941,0.0,2.0
1790692584.400,23.18,15314.2,10627.3,4687.0,69.39,57317,884313,4.0,165.9
1790692585.401,28.39,15314.2,10773.6,4540.6,70.35,106430,425719,8.0,20.0
1790692586.401,13.13,15314.2,10806.3,4507.9,70.56,0,695964,0.0,12.0
1790692587.402,3.97,15314.2,10807.8,4506.5,70.57,0,0,0.0,0.0
1790692588.403,3.60,15314.2,10813.8,4500.4,70.61,0,8187,0.0,2.0
1790692589.403,7.07,15314.2,10795.6,4518.6,70.49,0,261992,0.0,6.0
1790692590.404,17.37,15314.2,10820.0,4494.3,70.65,0,556724,0.0,42.0
1790692591.404,18.33,15314.2,10856.5,4457.7,70.89,0,3643439,0.0,247.9
1790692592.405,19.58,15314.2,10928.8,4385.4,71.36,0,0,0.0,0.0
1790692593.405,15.97,15314.2,10947.9,4366.3,71.49,0,0,0.0,0.0
1790692594.406,15.65,15314.2,10980.5,4333.7,71.70,0,884266,0.0,24.0
1790692595.406,18.75,15314.2,10988.7,4325.5,71.75,2219010,19422482,80.0,1165.5
1790692596.407,34.69,15314.2,11000.1,4314.2,71.83,6067396,38009249,339.8,357.8
1790692597.407,21.56,15314.2,10976.8,4337.5,71.68,57990809,46430309,1223.3,439.7
1790692598.408,23.65,15314.2,10971.0,4343.3,71.64,2710163,29950990,175.9,259.9
1790692599.408,20.01,15314.2,10940.7,4373.5,71.44,59063081,77852902,513.7,865.5
1790692600.409,15.98,15314.2,10881.9,4432.3,71.06,59112218,50892181,501.7,701.6
1790692601.410,16.39,15314.2,10841.7,4472.5,70.79,39391701,50303824,331.8,621.6
1790692602.411,18.46,15314.2,10819.7,4494.6,70.65,58798318,54189735,495.6,905.3
1790692603.411,13.72,15314.2,10761.8,4552.5,70.27,39548481,629321038,363.8,4970.6
1790692604.412,13.71,15314.2,10713.6,4600.7,69.96,140693338,193322341,1255.3,1779.0
1790692605.413,66.41,15314.2,10682.5,4631.7,69.76,86836260,364741751,913.0,3020.6
1790692606.417,87.80,15314.2,11117.7,4196.6,72.60,17590024,240141362,171.3,2679.0
1790692607.418,95.64,15314.2,11646.6,3667.6,76.05,517320372,1118847121,4570.5,13247.8
1790692608.419,32.23,15314.2,11661.9,3652.3,76.15,78026487,22382100,735.0,393.5
1790692609.420,29.79,15314.2,11813.2,3501.1,77.14,90136322,50993229,857.1,1380.6
1790692610.421,16.44,15314.2,11785.7,3528.5,76.96,704133,73688,101.9,4.0
1790692611.421,21.50,15314.2,11896.6,3417.6,77.68,1072540,0,149.9,0.0
1790692612.422,21.78,15314.2,12020.5,3293.8,78.49,25120036,366958853,469.8,4099.9
1790692613.422,20.27,15314.2,11987.4,3326.9,78.28,52319013,194374551,565.7,2392.7
1790692614.423,10.32,15314.2,12002.0,3312.2,78.37,204683,466677,18.0,6.0
1790692615.423,4.86,15314.2,12018.5,3295.8,78.48,319318,393007,64.0,38.0
1790692616.424,3.34,15314.2,12015.5,3298.8,78.46,0,221053,0.0,26.0
1790692617.425,3.16,15314.2,12018.3,3295.9,78.48,0,8383873,0.0,64.0
1790692618.425,5.91,15314.2,12042.9,3271.4,78.64,196495,0,22.0,0.0
1790692619.426,19.08,15314.2,12119.1,3195.1,79.14,8187,65497,2.0,2.0
1790692620.426,37.20,15314.2,12179.0,3135.3,79.53,40144874,0,429.8,0.0
1790692621.428,21.54,15314.2,12166.2,3148.0,79.44,57703952,899707,473.3,10.0
1790692622.428,17.66,15314.2,12195.5,3118.8,79.63,59733570,465284883,551.7,4113.6
1790692623.429,11.89,15314.2,12217.6,3096.7,79.78,39543950,24193038,337.8,359.8
1790692624.430,11.24,15314.2,12152.9,3161.4,79.36,59095858,117381174,495.7,1089.4
1790692625.430,14.03,15314.2,12138.3,3175.9,79.26,39433928,487828060,341.8,4075.2
1790692626.431,16.21,15314.2,12097.1,3217.1,78.99,216553936,358756732,2362.2,3141.6
1790692627.432,66.71,15314.2,12102.0,3212.3,79.02,270587221,570198093,3018.2,5318.9
1790692628.432,87.89,15314.2,12124.8,3189.4,79.17,185411556,0,1568.8,0.0
1790692629.433,27.47,15314.2,12148.4,3165.8,79.33,4664854,192748512,65.9,1514.5
1790692630.434,22.87,15314.2,12117.8,3196.5,79.13,17890951,3258855,887.6,117.9
1790692631.434,25.92,15314.2,12139.9,3174.4,79.27,11012742,0,963.5,0.0
1790692632.435,29.56,15314.2,12170.5,3143.8,79.47,4904369,134604048,413.8,1071.4
1790692633.435,27.42,15314.2,12249.3,3065.0,79.99,6492307,139179,135.9,16.0
1790692634.436,43.35,15314.2,12354.1,2960.1,80.67,38926686,25157036,1441.0,197.9
1790692635.437,18.32,15314.2,12245.0,3069.2,79.96,52244001,73675,1225.1,4.0
1790692636.438,11.79,15314.2,12248.9,3065.4,79.98,3143267,0,95.9,0.0
1790692637.438,9.99,15314.2,12246.7,3067.6,79.97,3897115,0,137.9,0.0
1790692638.439,17.23,15314.2,12267.7,3046.6,80.11,131002,7450741,18.0,97.9
1790692639.439,11.32,15314.2,12248.6,3065.6,79.98,6000864,2979965,133.9,315.8
1790692640.440,9.99,15314.2,12249.4,3064.9,79.99,2276040,125002081,32.0,1025.4
1790692641.441,11.11,15314.2,12256.1,3058.1,80.03,4281908,0,103.9,0.0
1790692642.441,16.89,15314.2,12246.1,3068.2,79.97,6124103,146028745,539.7,1193.3
1790692643.442,18.71,15314.2,12213.9,3100.4,79.75,24564,2923168,6.0,38.0
1790692644.442,18.20,15314.2,12213.4,3100.9,79.75,8186,2848630,2.0,85.9
1790692645.443,12.13,15314.2,12240.1,3074.2,79.93,4273482,16373,185.9,4.0
1790692646.444,6.01,15314.2,12122.6,3191.6,79.16,704078,67632429,129.9,569.6
1790692647.444,3.34,15314.2,12118.3,3196.0,79.13,8187,137165180,2.0,1101.3
1790692648.445,4.80,15314.2,12134.1,3180.2,79.23,32748,122806,8.0,24.0
1790692649.445,7.86,15314.2,12126.0,3188.2,79.18,0,474871,0.0,8.0
1790692650.446,5.67,15314.2,12132.5,3181.7,79.22,131007,327516,32.0,22.0
1790692651.446,13.08,15314.2,12199.8,3114.4,79.66,147372,33600894,30.0,259.9
1790692652.447,25.02,15314.2,12285.4,3028.9,80.22,39730447,614009,345.8,26.0
1790692653.448,19.35,15314.2,12264.6,3049.7,80.09,114624,1097115,14.0,64.0
1790692654.448,12.07,15314.2,12261.1,3053.1,80.06,48698777,349963103,471.7,2824.4
1790692655.449,20.12,15314.2,12268.9,3045.3,80.11,3332075,286542,36.0,32.0
1790692656.450,16.11,15314.2,12258.9,3055.3,80.05,30978630,482027162,307.8,3979.4
1790692657.450,10.99,15314.2,12253.1,3061.1,80.01,39396779,0,331.8,0.0
1790692658.451,9.68,15314.2,12217.1,3097.1,79.78,453387370,820125194,4659.1,6717.8
1790692659.452,91.90,15314.2,12217.8,3096.5,79.78,272104655,327305,2812.8,69.9
1790692660.454,62.19,15314.2,12226.6,3087.6,79.84,216486463,184402587,1862.0,1494.8
1790692661.455,28.41,15314.2,12098.3,3216.0,79.00,11594969,162444121,141.8,1392.4
1790692662.456,24.71,15314.2,12184.3,3130.0,79.56,376611,90059,70.0,4.0
1790692663.456,24.79,15314.2,12170.4,3143.8,79.47,237430,4306498,36.0,97.9
1790692664.457,27.03,15314.2,12265.9,3048.3,80.09,0,176175995,0.0,1395.0
1790692665.458,30.27,15314.2,12334.8,2979.5,80.54,5951261,0,107.9,0.0
1790692666.459,22.51,15314.2,12223.9,3090.4,79.82,155507,73661,22.0,4.0
1790692667.459,22.77,15314.2,12239.6,3074.7,79.92,2251267,8186,455.7,2.0
1790692668.460,14.58,15314.2,12252.3,3062.0,80.01,57301,965926,8.0,28.0
1790692669.461,10.30,15314.2,12253.3,3060.9,80.01,0,4830597,0.0,58.0
1790692670.461,10.23,15314.2,12248.7,3065.5,79.98,0,0,0.0,0.0
1790692671.462,11.62,15314.2,12253.8,3060.4,80.02,0,39567437,0.0,343.8
1790692672.462,14.01,15314.2,12250.2,3064.1,79.99,24562,0,6.0,0.0
1790692673.463,22.34,15314.2,12280.4,3033.8,80.19,2865227,2103895,411.7,299.8
1790692674.464,18.89,15314.2,12284.0,3030.2,80.21,9059489,220963,467.5,6.0
1790692675.465,12.43,15314.2,12295.3,3018.9,80.29,8188,67049311,2.0,529.7
1790692676.465,12.18,15314.2,12292.7,3021.5,80.27,769604,16375,26.0,2.0
1790692677.466,4.24,15314.2,12176.9,3137.3,79.51,581315,6812035,36.0,165.9
1790692678.466,9.96,15314.2,12166.8,3147.4,79.45,409361,65498,4.0,10.0
1790692679.467,7.71,15314.2,12186.1,3128.1,79.57,0,184736379,0.0,1477.1
1790692680.467,3.47,15314.2,12187.1,3127.1,79.58,0,33888420,0.0,259.9
1790692681.468,3.21,15314.2,12184.5,3129.7,79.56,0,33659456,0.0,281.9
1790692682.469,15.75,15314.2,12222.6,3091.6,79.81,7999119,90062,313.8,10.0
1790692683.469,24.01,15314.2,12275.8,3038.5,80.16,40257585,0,399.8,0.0
1790692684.470,26.44,15314.2,12286.1,3028.1,80.23,24563,103715048,6.0,829.6
1790692685.470,12.46,15314.2,12259.7,3054.5,80.05,39580501,382273140,345.8,3045.9
1790692686.471,10.82,15314.2,12234.4,3079.8,79.89,3331970,75448238,44.0,577.6
1790692687.472,10.86,15314.2,12229.8,3084.4,79.86,433876,0,6.0,0.0
1790692688.472,11.88,15314.2,12222.5,3091.7,79.81,19674845,470124814,167.9,3897.9
1790692689.473,15.44,15314.2,12192.1,3122.2,79.61,467516082,740123267,4735.3,6012.6
1790692690.474,90.39,15314.2,12205.8,3108.5,79.70,84203932,0,809.3,0.0
1790692691.477,52.83,15314.2,12202.1,3112.1,79.68,158780043,160258168,1325.8,1252.1
1790692692.478,29.12,15314.2,12114.0,3200.3,79.10,10508218,83812045,109.9,655.4
1790692693.478,24.42,15314.2,12215.2,3099.0,79.76,8186,65490,2.0,2.0
1790692694.479,30.08,15314.2,12235.1,3079.1,79.89,13891719,7220092,209.8,285.8
1790692695.480,8.73,15314.2,12115.4,3198.8,79.11,73683,209661660,16.0,1643.0
1790692696.480,3.47,15314.2,12113.6,3200.6,79.10,0,3217462,0.0,64.0
1790692697.481,10.25,15314.2,12129.2,3185.0,79.20,8187,83837488,2.0,647.6
1790692698.482,3.47,15314.2,12130.1,3184.1,79.21,40936,0,8.0,0.0
1790692699.482,3.10,15314.2,12127.7,3186.5,79.19,0,867860,0.0,16.0
1790692700.483,13.74,15314.2,12197.3,3117.0,79.65,114610,65492,28.0,2.0
1790692701.483,20.85,15314.2,12252.3,3062.0,80.01,27207538,204691,283.8,4.0
1790692702.484,18.75,15314.2,12243.7,3070.6,79.95,3953792,72699022,42.0,623.5
1790692703.485,18.65,15314.2,12250.6,3063.6,79.99,4845547,405691754,46.0,3189.3
1790692704.486,10.51,15314.2,12251.5,3062.7,80.00,24560,40934,6.0,10.0
1790692705.486,12.86,15314.2,12338.4,2975.9,80.57,12256542,202711910,173.9,1647.1
1790692706.487,14.17,15314.2,12338.0,2976.2,80.57,16358162,554711993,145.9,4813.2
1790692707.488,19.58,15314.2,12309.3,3004.9,80.38,848049688,506057612,7443.3,4099.2
1790692708.492,98.19,15314.2,12302.9,3011.3,80.34,382494933,1337880,3071.1,23.9
1790692709.494,42.05,15314.2,12334.3,2980.0,80.54,154756211,166506432,1341.5,1589.1
1790692710.495,27.16,15314.2,12267.1,3047.2,80.10,11025823,141264775,111.9,1392.9
1790692711.495,24.17,15314.2,12345.5,2968.7,80.61,8187,65497,2.0,2.0
1790692712.496,30.85,15314.2,12359.5,2954.7,80.71,77284598,3324245,999.5,471.8
1790692713.496,12.22,15314.2,12237.0,3077.2,79.91,704149,235628031,32.0,1891.0
1790692714.497,3.28,15314.2,12238.3,3075.9,79.91,8187,81874,2.0,6.0
1790692715.498,7.11,15314.2,12240.0,3074.2,79.93,73682,0,10.0,0.0
1790692716.498,9.54,15314.2,12248.4,3065.8,79.98,0,0,0.0,0.0
1790692717.499,3.16,15314.2,12250.2,3064.0,79.99,32748,0,4.0,0.0
1790692718.500,14.18,15314.2,12310.0,3004.3,80.38,6697816,393026,1253.4,8.0
1790692719.500,24.01,15314.2,12421.1,2893.2,81.11,49734598,14212224,699.6,125.9
1790692720.501,19.76,15314.2,12415.1,2899.1,81.07,64308163,471227558,743.4,3763.2
1790692721.501,17.60,15314.2,12420.9,2893.4,81.11,14615075,0,151.9,0.0
1790692722.502,14.38,15314.2,12357.8,2956.4,80.69,32150101,558545571,289.8,14621.0
1790692723.503,12.35,15314.2,12365.9,2948.3,80.75,12461014,0,123.9,0.0
1790692724.503,12.67,15314.2,12312.9,3001.4,80.40,13803899,0,143.9,0.0
1790692725.504,21.16,15314.2,12261.8,3052.4,80.07,20819241,933681157,239.9,7533.3
1790692726.507,97.43,15314.2,12280.2,3034.1,80.19,555169,0,17.9,0.0
1790692727.508,47.01,15314.2,12283.0,3031.3,80.21,621927,250415442,14.0,2031.8
1790692728.509,22.44,15314.2,12266.4,3047.8,80.10,12787227,81864,419.7,6.0
1790692729.510,28.98,15314.2,12321.8,2992.5,80.46,851511,24563,34.0,2.0
1790692730.510,29.11,15314.2,12309.2,3005.0,80.38,319335,2505553,44.0,34.0
1790692731.511,29.62,15314.2,12419.6,2894.6,81.10,32751,289366454,8.0,2300.8
1790692732.511,29.29,15314.2,12301.0,3013.2,80.32,1399960,73682,44.0,4.0
1790692733.512,10.87,15314.2,12358.5,2955.8,80.70,24552,70653583,2.0,593.4
1790692734.513,10.43,15314.2,12395.2,2919.0,80.94,548530,0,32.0,0.0
1790692735.513,12.02,15314.2,12380.4,2933.9,80.84,4797978,9088320,185.9,155.9
1790692736.514,17.57,15314.2,12408.7,2905.6,81.03,245622,736867,20.0,64.0
1790692737.514,10.91,15314.2,12396.9,2917.3,80.95,196495,0,8.0,0.0
1790692738.515,10.80,15314.2,12394.3,2919.9,80.93,0,0,0.0,0.0
1790692739.516,11.23,15314.2,12381.5,2932.8,80.85,24562,2824649,6.0,361.8
1790692740.516,13.74,15314.2,12319.7,2994.5,80.45,343863,32749,10.0,8.0
1790692741.517,14.54,15314.2,12298.5,3015.8,80.31,474882,0,22.0,0.0
1790692742.517,17.37,15314.2,12296.7,3017.5,80.30,0,0,0.0,0.0
1790692743.518,11.05,15314.2,12165.0,3149.2,79.44,1137881,482985,60.0,24.0
1790692744.519,4.56,15314.2,12182.8,3131.5,79.55,311141,109005805,32.0,861.6
1790692745.519,5.25,15314.2,12184.8,3129.5,79.56,98238,4068675,14.0,75.9
1790692746.520,6.07,15314.2,12158.1,3156.2,79.39,122788,146142195,8.0,1165.1
1790692747.521,9.77,15314.2,12170.4,3143.8,79.47,0,0,0.0,0.0
1790692748.521,8.93,15314.2,12196.7,3117.5,79.64,155569,0,32.0,0.0
1790692749.522,18.44,15314.2,12262.8,3051.4,80.07,16374,109389467,4.0,841.5
1790692750.522,23.30,15314.2,12398.6,2915.7,80.96,40937093,32750,395.8,6.0
1790692751.523,13.76,15314.2,12399.6,2914.6,80.97,7768918,328946956,87.9,2618.2
1790692752.523,11.31,15314.2,12377.8,2936.5,80.83,21950448,1563795,223.9,16.0
1790692753.524,20.60,15314.2,12402.3,2911.9,80.99,19445022,0,163.9,0.0
1790692754.525,12.26,15314.2,12346.1,2968.1,80.62,47788163,445706287,419.7,3697.8
1790692755.525,10.24,15314.2,12352.7,2961.6,80.66,28808094,0,257.8,0.0
1790692756.527,53.43,15314.2,12354.5,2959.7,80.67,98147,814503149,6.0,6595.4
1790692757.529,89.72,15314.2,12602.5,2711.7,82.29,1814844,1455145,37.9,14.0
1790692758.530,25.20,15314.2,12574.1,2740.1,82.11,10617417,248408268,111.9,2104.5
1790692759.530,25.03,15314.2,12538.3,2775.9,81.87,253769,57982187,58.0,505.6
1790692760.531,28.02,15314.2,12603.8,2710.4,82.30,286564,892443,32.0,22.0
1790692761.531,29.03,15314.2,12611.9,2702.3,82.35,90064,276823812,22.0,2196.8
1790692762.532,30.20,15314.2,12697.3,2617.0,82.91,335640,4969104,12.0,58.0
1790692763.533,25.48,15314.2,12630.2,2684.1,82.47,5328933,73672,103.9,4.0
1790692764.534,16.95,15314.2,12625.6,2688.7,82.44,1113368,5059276,28.0,77.9
1790692765.534,19.81,15314.2,12677.7,2636.5,82.78,38041031,24564,463.8,4.0
1790692766.535,11.39,15314.2,12676.0,2638.2,82.77,8188,908842,2.0,32.0
1790692767.535,14.53,15314.2,12664.2,2650.1,82.70,0,1653829,0.0,28.0
1790692768.536,11.72,15314.2,12659.9,2654.4,82.67,2521691,0,111.9,0.0
1790692769.536,11.20,15314.2,12653.6,2660.6,82.63,0,0,0.0,0.0
1790692770.537,21.12,15314.2,12663.5,2650.8,82.69,5771719,2194072,72.0,273.8
1790692771.538,22.72,15314.2,12676.5,2637.8,82.78,11748307,0,149.9,0.0
1790692772.538,20.03,15314.2,12669.0,2645.2,82.73,3479825,40939,98.0,2.0
1790692773.539,15.20,15314.2,12666.2,2648.1,82.71,270170,1064304,6.0,153.9
1790692774.544,8.86,15314.2,12662.4,2651.9,82.68,806690,611129,39.8,51.7
1790692775.545,6.42,15314.2,12652.4,2661.9,82.62,556722,126146575,16.0,1007.4
1790692776.545,11.67,15314.2,12650.3,2663.9,82.60,57307,16374,14.0,4.0
1790692777.546,4.60,15314.2,12647.3,2666.9,82.59,0,0,0.0,0.0
1790692778.547,4.92,15314.2,12638.2,2676.0,82.53,0,0,0.0,0.0
1790692779.547,14.11,15314.2,12688.1,2626.1,82.85,57315,73691,14.0,4.0
1790692780.548,26.21,15314.2,12749.1,2565.2,83.25,37672440,126060616,443.8,973.5
1790692781.548,24.90,15314.2,12781.1,2533.2,83.46,12255205,4469834,117.9,74.0
1790692782.549,16.19,15314.2,12778.8,2535.4,83.44,11708131,355255817,135.9,2904.4
1790692783.549,16.86,15314.2,12706.3,2607.9,82.97,22916241,695920,201.9,125.9
1790692784.550,13.28,15314.2,12704.2,2610.0,82.96,26690635,418731848,223.9,3522.0
1790692785.550,13.15,15314.2,12610.8,2703.5,82.35,14230269,0,131.9,0.0
1790692786.551,13.72,15314.2,12593.5,2720.7,82.23,127548664,796256039,1089.4,6434.2
1790692787.552,92.88,15314.2,12621.1,2693.2,82.41,10362580,10149763,435.6,387.7
1790692788.554,71.08,15314.2,12667.5,2646.7,82.72,115757324,182956748,1018.0,1539.0
1790692789.555,29.55,15314.2,12570.8,2743.5,82.09,10313063,172858400,109.9,1468.7
1790692790.571,25.46,15314.2,12625.4,2688.8,82.44,1813528,64481,122.0,2.0
1790692791.572,23.54,15314.2,12541.6,2772.7,81.89,5141763,52817692,105.9,433.8
1790692792.572,9.10,15314.2,12534.1,2780.1,81.85,7074085,233207356,231.9,1847.0
1790692793.573,6.40,15314.2,12538.1,2776.2,81.87,384810,556747,28.0,8.0
1790692794.573,11.12,15314.2,12538.1,2776.2,81.87,11494673,122806,281.8,6.0
1790692795.574,9.77,15314.2,12526.0,2788.2,81.79,0,0,0.0,0.0
1790692796.575,7.17,15314.2,12529.0,2785.3,81.81,1490040,24561,111.9,4.0
1790692797.575,21.60,15314.2,12570.5,2743.8,82.08,253767,65488,12.0,2.0
1790692798.576,24.59,15314.2,12632.7,2681.6,82.49,38654838,0,345.8,0.0
1790692799.577,16.97,15314.2,12673.0,2641.3,82.75,19943958,455796391,197.9,3693.8
1790692800.577,19.37,15314.2,12661.6,2652.7,82.68,5960321,18323076,58.0,143.9
1790692801.578,17.53,15314.2,12646.0,2668.2,82.58,36113774,2513473,301.8,279.8
1790692802.578,13.48,15314.2,12573.2,2741.1,82.10,27139314,419427246,233.9,3447.8
1790692803.579,12.64,15314.2,12585.9,2728.4,82.18,14458843,221058,125.9,4.0
1790692804.581,31.21,15314.2,12538.3,2775.9,81.87,216930919,808154133,1790.5,6497.2
1790692805.582,98.31,15314.2,12544.6,2769.6,81.91,63149659,1587127,551.3,34.0
1790692806.584,32.30,15314.2,12567.3,2746.9,82.06,80463385,113198412,651.0,934.6
1790692807.585,32.07,15314.2,12631.9,2682.4,82.48,8149913,112617723,71.9,903.0
1790692808.585,24.24,15314.2,12524.8,2789.5,81.79,327503,7098622,22.0,99.9
1790692809.586,30.24,15314.2,12563.9,2750.4,82.04,1137980,301802157,80.0,2376.5
1790692810.587,27.49,15314.2,12569.0,2745.2,82.07,73676,0,4.0,0.0
1790692811.588,15.19,15314.2,12571.4,2742.9,82.09,73670,671217,4.0,8.0
1790692812.588,13.52,15314.2,12579.2,2735.0,82.14,908587,84605018,30.0,755.4
1790692813.589,25.43,15314.2,12594.1,2720.2,82.24,253740,0,22.0,0.0
1790692814.590,11.94,15314.2,12595.1,2719.1,82.24,5804447,0,143.9,0.0
1790692815.590,12.62,15314.2,12597.4,2716.9,82.26,13067796,0,283.9,0.0
1790692816.591,17.41,15314.2,12515.5,2798.8,81.72,2325101,2914563,167.9,64.0
1790692817.592,20.70,15314.2,12619.0,2695.2,82.40,90065,3242331,6.0,38.0
1790692818.592,36.05,15314.2,12573.9,2740.4,82.11,44533014,8188,599.7,2.0
1790692819.593,43.87,15314.2,12503.1,2811.1,81.64,491189,0,50.0,0.0
1790692820.593,17.50,15314.2,12564.2,2750.0,82.04,949726,139184,40.0,6.0
1790692821.594,24.43,15314.2,12602.1,2712.2,82.29,32747,0,8.0,0.0
1790692822.595,19.42,15314.2,12589.7,2724.5,82.21,188278,2447613,30.0,42.0
1790692823.595,29.84,15314.2,12692.3,2621.9,82.88,49127,0,10.0,0.0
1790692824.596,42.93,15314.2,12719.0,2595.2,83.05,368382,0,44.0,0.0
1790692825.596,24.25,15314.2,12717.7,2596.6,83.04,6582517,139183,143.9,6.0
1790692826.597,23.40,15314.2,12774.2,2540.0,83.41,22418552,401209,945.5,4.0
1790692827.598,16.31,15314.2,12682.0,2632.3,82.81,57311,163745,14.0,8.0
1790692828.598,22.23,15314.2,12779.8,2534.4,83.45,2464467,1269078,293.8,12.0
1790692829.599,38.25,15314.2,12813.0,2501.2,83.67,4404988,0,153.9,0.0
1790692830.599,26.30,15314.2,12847.6,2466.6,83.89,0,0,0.0,0.0
1790692831.601,68.02,15314.2,12844.6,2469.7,83.87,539703,0,39.9,0.0
1790692832.605,82.61,15314.2,12715.1,2599.1,83.03,407846,2585743,41.8,262.9
1790692833.606,6.72,15314.2,12687.1,2627.1,82.85,630426,8187,50.0,2.0
1790692834.606,9.15,15314.2,12653.1,2661.2,82.62,1310022,0,62.0,0.0
1790692835.607,7.07,15314.2,12651.4,2662.8,82.61,0,189571716,0.0,1487.2
1790692836.608,12.59,15314.2,12656.9,2657.3,82.65,941463,589438,20.0,22.0
1790692837.608,6.59,15314.2,12658.4,2655.9,82.66,114616,0,28.0,0.0
1790692838.609,18.84,15314.2,12728.0,2586.3,83.11,8185,65482,2.0,2.0
1790692839.610,24.62,15314.2,12779.6,2534.7,83.45,30929709,0,373.8,0.0
1790692840.610,15.59,15314.2,12799.8,2514.4,83.58,11224598,4846799,153.9,64.0
1790692841.611,19.49,15314.2,12778.6,2535.7,83.44,3504256,439726824,52.0,3456.1
1790692842.612,16.11,15314.2,12759.7,2554.5,83.32,11837022,1473488,135.9,16.0
1790692843.612,12.74,15314.2,12758.1,2556.2,83.31,14835281,3659697,133.9,54.0
1790692844.613,16.90,15314.2,12777.4,2536.8,83.43,43123134,485996979,523.7,4069.7
1790692845.614,21.42,15314.2,12763.0,2551.2,83.34,562120719,876208258,5880.9,7101.4
1790692846.617,96.37,15314.2,12714.4,2599.9,83.02,95750534,2564892,935.3,63.8
1790692847.618,52.87,15314.2,12749.3,2565.0,83.25,162878862,8184,1478.6,2.0
1790692848.619,27.81,15314.2,12746.8,2567.4,83.23,10466411,236431236,93.9,1866.0
1790692849.629,26.63,15314.2,12710.9,2603.3,83.00,194658,81107,47.5,5.9
1790692850.630,29.10,15314.2,12769.8,2544.5,83.38,229214,0,28.0,0.0
1790692851.630,32.97,15314.2,12838.8,2475.5,83.84,65498,224460117,16.0,1826.9
1790692852.631,30.08,15314.2,12889.8,2424.4,84.17,1096923,834971,81.9,18.0
1790692853.632,36.56,15314.2,12875.2,2439.0,84.07,0,73146223,0.0,619.4
1790692854.633,36.45,15314.2,12906.6,2407.7,84.28,1571599,0,38.0,0.0
1790692855.633,23.14,15314.2,12877.8,2436.5,84.09,122789,0,18.0,0.0
1790692856.634,22.84,15314.2,12873.1,2441.1,84.06,0,630410,0.0,8.0
1790692857.635,20.54,15314.2,12861.8,2452.5,83.99,8187,32748,2.0,6.0
1790692858.635,27.23,15314.2,12859.0,2455.2,83.97,5411441,0,627.6,0.0
1790692859.636,26.10,15314.2,12711.2,2603.1,83.00,327398,73665,30.0,4.0
1790692860.637,30.73,15314.2,12767.5,2546.8,83.37,0,278324,0.0,4.0
1790692861.638,33.12,15314.2,12818.0,2496.2,83.70,4035912,499372,75.9,6.0
1790692862.638,28.88,15314.2,12820.6,2493.6,83.72,36472004,0,463.7,0.0
1790692863.639,34.12,15314.2,12764.5,2549.7,83.35,204707,3185242,34.0,315.9
1790692864.639,31.78,15314.2,12842.5,2471.7,83.86,433914,142446650,40.0,1113.3
1790692865.640,29.10,15314.2,12620.2,2694.1,82.41,21221865,1694802,1431.2,50.0
1790692866.640,23.06,15314.2,12705.0,2609.2,82.96,0,65501,0.0,2.0
1790692867.641,26.61,15314.2,12746.5,2567.8,83.23,302945,1269095,70.0,28.0
1790692868.642,21.85,15314.2,12690.3,2623.9,82.87,57303,139163,14.0,6.0
1790692869.642,23.02,15314.2,12742.4,2571.8,83.21,4445090,142504850,127.9,1095.2
1790692870.643,16.32,15314.2,12661.8,2652.5,82.68,98217,6408643,20.0,89.9
1790692871.644,25.98,15314.2,12735.6,2578.6,83.16,0,0,0.0,0.0
1790692872.644,42.17,15314.2,12815.0,2499.2,83.68,1219794,1252540,42.0,12.0
1790692873.645,25.30,15314.2,12742.1,2572.1,83.20,1473614,0,36.0,0.0
1790692874.646,71.03,15314.2,12822.9,2491.3,83.73,0,0,0.0,0.0
1790692875.646,7.46,15314.2,12739.8,2574.5,83.19,122817,98254,30.0,6.0
1790692876.647,7.98,15314.2,12741.4,2572.8,83.20,0,189844299,0.0,1495.2
1790692877.647,11.66,15314.2,12744.6,2569.6,83.22,90057,0,18.0,0.0
1790692878.648,6.36,15314.2,12744.9,2569.3,83.22,32748,1375414,8.0,18.0
1790692879.648,6.11,15314.2,12745.7,2568.5,83.23,0,0,0.0,0.0
1790692880.649,16.50,15314.2,12798.9,2515.3,83.58,1203487,65496,48.0,2.0
1790692881.650,23.77,15314.2,12813.3,2500.9,83.67,24438740,0,547.7,0.0
1790692882.650,22.76,15314.2,12822.5,2491.7,83.73,7498393,8186,149.9,2.0
1790692883.651,17.98,15314.2,12832.5,2481.8,83.79,4805828,419277795,91.9,3338.0
1790692884.652,12.21,15314.2,12818.6,2495.6,83.70,13133283,0,199.9,0.0
1790692885.652,15.59,15314.2,12848.2,2466.1,83.90,15080991,42352860,173.9,409.8
1790692886.653,17.21,15314.2,12861.6,2452.7,83.98,45202264,424054712,477.7,3611.9
1790692887.653,16.53,15314.2,12826.5,2487.8,83.76,640680143,614079632,5338.9,4999.1
1790692888.654,85.34,15314.2,12803.2,2511.0,83.60,492483147,117094181,6225.1,2572.0
1790692889.658,80.25,15314.2,12808.4,2505.8,83.64,348388698,109745501,3087.3,4602.1
1790692890.658,28.78,15314.2,12741.2,2573.0,83.20,10845546,274249078,157.9,11680.5
1790692891.660,25.81,15314.2,12819.9,2494.3,83.71,40873,65396,10.0,2.0
1790692892.661,28.40,15314.2,12848.8,2465.4,83.90,278357,185353263,40.0,1495.1
1790692893.662,29.64,15314.2,12938.8,2375.5,84.49,40935,8563515,8.0,805.5
1790692894.663,32.00,15314.2,12997.4,2316.9,84.87,7481325,924934,277.8,48.0
1790692895.664,33.35,15314.2,13009.5,2304.7,84.95,613621,229085,109.9,26.0
1790692896.664,31.92,15314.2,13008.4,2305.9,84.94,16373,0,2.0,0.0
1790692897.665,22.69,15314.2,13010.1,2304.1,84.95,0,0,0.0,0.0
1790692898.666,19.58,15314.2,12999.5,2314.8,84.88,0,630392,0.0,26.0
1790692899.666,21.48,15314.2,12980.4,2333.9,84.76,8187,0,2.0,0.0
1790692900.667,21.07,15314.2,12974.4,2339.8,84.72,5468723,2799855,83.9,70.0
1790692901.668,26.07,15314.2,12862.4,2451.9,83.99,23151863,4633647,975.4,56.0
1790692902.668,31.24,15314.2,12994.4,2319.8,84.85,8188,0,2.0,0.0
1790692903.669,38.18,15314.2,13010.0,2304.2,84.95,54137272,0,651.6,0.0
1790692904.670,30.94,15314.2,12905.7,2408.5,84.27,5410494,2594745,89.9,299.8
1790692905.670,25.41,15314.2,12911.7,2402.5,84.31,0,3495794,0.0,32.0
1790692906.671,30.40,15314.2,12959.4,2354.8,84.62,14729349,0,343.8,0.0
1790692907.672,23.29,15314.2,12769.1,2545.1,83.38,409318,302895,22.0,10.0
1790692908.672,25.83,15314.2,12876.4,2437.9,84.08,867793,246723304,76.0,2012.7
1790692909.673,24.70,15314.2,12797.2,2517.1,83.56,10103494,16375,241.9,2.0
1790692910.673,20.21,15314.2,12886.7,2427.5,84.15,16375,65498,4.0,2.0
1790692911.674,17.07,15314.2,12823.9,2490.3,83.74,5346731,81879,100.0,4.0
1790692912.674,19.18,15314.2,12896.6,2417.6,84.21,0,65497,0.0,2.0
1790692913.675,34.50,15314.2,12890.6,2423.7,84.17,16486691,142871015,461.7,1107.2
1790692914.676,22.71,15314.2,12837.5,2476.7,83.83,1456352,0,34.0,0.0
1790692915.677,62.87,15314.2,12873.4,2440.8,84.06,2471976,0,325.7,0.0
1790692916.678,8.73,15314.2,12757.3,2556.9,83.30,131007,114631,32.0,8.0
1790692917.678,3.95,15314.2,12757.7,2556.6,83.31,16374,0,4.0,0.0
1790692918.679,11.67,15314.2,12775.2,2539.0,83.42,0,190322828,0.0,1491.2
1790692919.679,4.00,15314.2,12774.0,2540.2,83.41,0,892436,0.0,24.0
1790692920.680,4.18,15314.2,12770.4,2543.8,83.39,8187,6205895,2.0,341.8
1790692921.681,15.50,15314.2,12841.4,2472.9,83.85,57312,65499,14.0,2.0
1790692922.681,22.72,15314.2,12877.6,2436.6,84.09,33994049,0,479.7,0.0
1790692923.682,19.76,15314.2,12894.8,2419.5,84.20,52341207,3725207,457.7,60.0
1790692924.684,19.15,15314.2,12869.9,2444.3,84.04,49386789,414611907,427.2,3273.8
1790692925.684,11.43,15314.2,12835.6,2478.6,83.81,15047479,851435,145.9,26.0
1790692926.685,17.00,15314.2,12826.1,2488.1,83.75,49773954,40933,477.7,2.0
1790692927.686,12.56,15314.2,12810.5,2503.7,83.65,26105255,449789698,225.8,3759.3
1790692928.687,20.92,15314.2,12801.9,2512.3,83.60,1341765,745375007,41.9,6054.2
1790692929.689,96.30,15314.2,12812.6,2501.6,83.66,32696,1692033,4.0,31.9
1790692930.691,64.37,15314.2,12827.1,2487.1,83.76,638054,93049494,8.0,1074.4
1790692931.691,30.06,15314.2,12819.6,2494.6,83.71,703938,514103573,34.0,4592.3
1790692932.694,25.11,15314.2,12854.1,2460.2,83.94,8173,7927353,2.0,951.7
1790692933.694,30.19,15314.2,12889.5,2424.8,84.17,8187,0,2.0,0.0
1790692934.695,23.82,15314.2,12893.1,2421.1,84.19,32747,0,8.0,0.0
1790692935.696,10.50,15314.2,12894.0,2420.3,84.20,81870,638584,6.0,8.0
1790692936.696,13.37,15314.2,12892.0,2422.3,84.18,0,88778931,0.0,783.4
1790692937.697,18.83,15314.2,12873.8,2440.4,84.06,171885,0,2.0,0.0
1790692938.698,11.72,15314.2,12861.0,2453.2,83.98,417459,0,6.0,0.0
1790692939.699,12.65,15314.2,12738.0,2576.2,83.18,368435,392997,40.0,38.0
1790692940.699,17.04,15314.2,12842.0,2472.2,83.86,0,65497,0.0,2.0
1790692941.700,24.18,15314.2,12878.2,2436.1,84.09,43029237,0,529.7,0.0
1790692942.700,33.27,15314.2,12767.9,2546.4,83.37,122806,90057,24.0,6.0
1790692943.701,21.12,15314.2,12862.1,2452.2,83.99,0,65488,0.0,2.0
1790692944.702,20.93,15314.2,12823.9,2490.3,83.74,65503,1481996,16.0,18.0
1790692945.702,18.46,15314.2,12891.6,2422.6,84.18,1072524,65498,99.9,2.0
1790692946.703,24.59,15314.2,12947.8,2366.5,84.55,51292222,925143,1565.1,24.0
1790692947.703,22.97,15314.2,12891.3,2423.0,84.18,1203412,1293464,34.0,24.0
1790692948.704,24.53,15314.2,12967.9,2346.3,84.68,0,0,0.0,0.0
1790692949.705,21.13,15314.2,12901.5,2412.7,84.25,5984468,81867,125.9,4.0
1790692950.705,18.58,15314.2,12940.2,2374.1,84.50,0,65501,0.0,2.0
1790692951.706,35.00,15314.2,12985.6,2328.6,84.79,1514491,0,26.0,0.0
1790692952.707,24.65,15314.2,12963.6,2350.7,84.65,622257,1293640,18.0,12.0
1790692953.708,61.47,15314.2,12965.3,2348.9,84.66,32724,0,6.0,0.0
1790692954.710,20.83,15314.2,12858.3,2456.0,83.96,65373,604705,16.0,105.7
1790692955.711,3.82,15314.2,12843.0,2471.2,83.86,0,0,0.0,0.0
1790692956.712,3.52,15314.2,12833.0,2481.3,83.80,1391893,1203578,58.0,30.0
1790692957.712,3.34,15314.2,12829.8,2484.5,83.78,0,0,0.0,0.0
1790692958.713,3.27,15314.2,12831.4,2482.9,83.79,0,0,0.0,0.0
1790692959.713,12.17,15314.2,12839.6,2474.6,83.84,130997,65499,32.0,2.0
1790692960.714,27.12,15314.2,12956.5,2357.8,84.60,16371,302872,4.0,20.0
1790692961.714,18.75,15314.2,12960.9,2353.4,84.63,42414729,426595558,455.8,3448.4
1790692962.715,10.84,15314.2,12946.4,2367.8,84.54,9767479,5387260,117.9,86.0
1790692963.716,17.58,15314.2,12948.4,2365.8,84.55,15670465,401373505,153.9,3336.1
1790692964.716,10.33,15314.2,12950.1,2364.1,84.56,3250342,0,42.0,0.0
1790692965.717,17.22,15314.2,12934.6,2379.7,84.46,139168,419821367,2.0,3843.4
1790692966.718,12.75,15314.2,12935.4,2378.9,84.47,1137904,112783500,28.0,1042.3
1790692967.718,70.80,15314.2,12919.1,2395.2,84.36,10127769,672092520,107.9,5342.0
1790692968.721,93.00,15314.2,12920.6,2393.7,84.37,21407713,0,261.2,0.0
1790692969.722,28.96,15314.2,12798.0,2516.3,83.57,22664659,295058016,259.8,2378.0
1790692970.723,23.09,15314.2,12911.0,2403.3,84.31,24561,65495,6.0,2.0
1790692971.724,34.90,15314.2,12926.3,2388.0,84.41,466318,0,22.0,0.0
1790692972.725,35.44,15314.2,12946.4,2367.9,84.54,40932,150891263,6.0,1189.2
1790692973.725,20.65,15314.2,12954.0,2360.2,84.59,417507,0,28.0,0.0
1790692974.726,15.16,15314.2,12953.2,2361.0,84.58,1187086,638570,38.0,8.0
1790692975.727,14.03,15314.2,12950.9,2363.3,84.57,0,794088,0.0,89.9
1790692976.727,22.97,15314.2,12965.4,2348.9,84.66,1612739,0,18.0,0.0
1790692977.728,20.15,15314.2,12970.5,2343.7,84.70,212846,450252,16.0,18.0
1790692978.729,13.63,15314.2,12881.8,2432.5,84.12,81867,147360,18.0,6.0
1790692979.729,21.31,15314.2,12966.8,2347.5,84.67,0,0,0.0,0.0
1790692980.730,21.79,15314.2,12973.3,2340.9,84.71,777832,0,20.0,0.0
1790692981.730,21.68,15314.2,12926.3,2388.0,84.41,360210,1424466,28.0,20.0
1790692982.731,23.76,15314.2,12987.4,2326.8,84.81,0,8186,0.0,2.0
1790692983.732,20.60,15314.2,12868.9,2445.4,84.03,1457255,147363,155.9,6.0
1790692984.732,20.22,15314.2,12949.6,2364.6,84.56,32746,1170668,8.0,14.0
1790692985.733,25.21,15314.2,12844.4,2469.8,83.87,245629,81876,34.0,4.0
1790692986.734,17.68,15314.2,12912.9,2401.3,84.32,180114,212862,8.0,4.0
1790692987.734,20.41,15314.2,12940.7,2373.6,84.50,1899482,1318175,58.0,24.0
1790692988.735,17.75,15314.2,12892.5,2421.7,84.19,65493,147360,16.0,6.0
1790692989.735,24.12,15314.2,12996.9,2317.3,84.87,270158,0,12.0,0.0
1790692990.736,33.92,15314.2,12968.4,2345.8,84.68,81880,0,14.0,0.0
1790692991.740,22.47,15314.2,12988.6,2325.6,84.81,0,1362963,0.0,31.9
1790692992.745,56.45,15314.2,12890.4,2423.8,84.17,122222,81482,23.9,4.0
1790692993.746,5.83,15314.2,12907.3,2406.9,84.28,49127,6771295,4.0,88.0
1790692994.746,12.34,15314.2,12913.3,2401.0,84.32,253759,0,4.0,0.0
1790692995.747,7.63,15314.2,12899.7,2414.5,84.23,0,0,0.0,0.0
1790692996.748,4.35,15314.2,12893.2,2421.0,84.19,0,0,0.0,0.0
1790692997.748,7.67,15314.2,12927.2,2387.1,84.41,65495,409344,16.0,6.0
1790692998.749,21.62,15314.2,13002.1,2312.2,84.90,0,189868454,0.0,1505.2
1790692999.749,25.47,15314.2,13023.3,2290.9,85.04,0,0,0.0,0.0
1790693000.750,20.46,15314.2,13037.0,2277.3,85.13,261996,96324635,50.0,1079.4
1790693001.750,11.84,15314.2,13035.2,2279.1,85.12,0,328240209,0.0,2630.4
1790693002.751,10.91,15314.2,13054.9,2259.4,85.25,21104807,1449011,193.9,16.0
1790693003.752,12.05,15314.2,13031.5,2282.7,85.09,4133961,393774090,56.0,3439.5
1790693004.752,10.87,15314.2,12993.4,2320.8,84.85,20501692,160435564,435.8,1369.3
1790693005.753,49.52,15314.2,13028.7,2285.5,85.08,184816273,1009403227,2950.4,8271.4
1790693006.757,95.86,15314.2,12922.4,2391.9,84.38,103345742,32635,858.5,2.0
1790693007.760,51.38,15314.2,12955.0,2359.2,84.59,131867175,87560066,1229.0,901.8
1790693008.760,31.85,15314.2,12833.9,2480.4,83.80,45916090,98216,657.4,6.0
1790693009.761,26.31,15314.2,12917.6,2396.7,84.35,393007,1784907,22.0,14.0
1790693010.761,25.31,15314.2,12965.4,2348.8,84.66,270188,155563,38.0,8.0
1790693011.762,29.22,15314.2,13062.1,2252.1,85.29,147383,0,12.0,0.0
1790693012.763,34.66,15314.2,13126.9,2187.3,85.72,810543,167643186,60.0,1319.2
1790693013.763,38.48,15314.2,13111.3,2202.9,85.62,163718,0,8.0,0.0
1790693014.764,20.95,15314.2,13147.7,2166.6,85.85,8185,0,2.0,0.0
1790693015.765,18.15,15314.2,13158.8,2155.5,85.92,0,622078,0.0,8.0
1790693016.766,19.94,15314.2,13155.9,2158.3,85.91,270103,270103,6.0,26.0
1790693017.767,19.42,15314.2,13162.3,2151.9,85.95,2799293,118642538,58.0,989.2
1790693018.767,18.87,15314.2,13168.8,2145.4,85.99,0,0,0.0,0.0
1790693019.768,31.22,15314.2,13051.1,2263.1,85.22,9291648,147357,311.8,6.0
1790693020.769,28.70,15314.2,13134.1,2180.2,85.76,352057,0,22.0,0.0
1790693021.769,28.64,15314.2,13135.4,2178.9,85.77,171944,0,4.0,0.0
1790693022.770,35.08,15314.2,13092.7,2221.5,85.49,65498,1571951,16.0,40.0
1790693023.770,25.87,15314.2,13150.6,2163.7,85.87,0,0,0.0,0.0
1790693024.771,25.06,15314.2,13035.5,2278.7,85.12,573094,81871,28.0,4.0
1790693025.772,20.27,15314.2,13013.6,2300.6,84.98,458448,65493,28.0,2.0
1790693026.772,22.07,15314.2,13074.3,2239.9,85.37,24559,2202130,6.0,18.0
1790693027.773,18.83,15314.2,12963.5,2350.7,84.65,163735,167746217,40.0,1311.2
1790693028.773,20.34,15314.2,13069.6,2244.6,85.34,0,1310081,0.0,12.0
1790693029.774,17.77,15314.2,12958.4,2355.8,84.62,442139,171943,30.0,8.0
1790693030.774,19.20,15314.2,13077.2,2237.0,85.39,0,0,0.0,0.0
1790693031.775,37.16,15314.2,13088.3,2226.0,85.46,0,0,0.0,0.0
1790693032.776,16.65,15314.2,13057.8,2256.4,85.27,0,315455513,0.0,2460.5
1790693033.776,60.83,15314.2,13025.9,2288.4,85.06,18806057,1473701,575.7,16.0
1790693034.777,4.16,15314.2,13024.6,2289.7,85.05,114623,0,10.0,0.0
1790693035.777,3.66,15314.2,13019.1,2295.2,85.01,8187,998840,2.0,12.0
1790693036.778,12.94,15314.2,13037.3,2276.9,85.13,0,0,0.0,0.0
1790693037.778,3.66,15314.2,13032.3,2281.9,85.10,0,0,0.0,0.0
1790693038.779,5.59,15314.2,13030.3,2283.9,85.09,163735,6557577,40.0,91.9
1790693039.780,17.26,15314.2,13070.6,2243.7,85.35,65499,155559,6.0,16.0
1790693040.780,22.94,15314.2,13095.5,2218.7,85.51,17816307,4609642,155.9,311.8
1790693041.781,16.01,15314.2,13092.8,2221.4,85.49,33713613,0,293.8,0.0
1790693042.782,15.79,15314.2,13106.5,2207.8,85.58,33032401,360319228,263.8,2808.1
1790693043.782,14.47,15314.2,13097.6,2216.7,85.53,19485490,0,159.9,0.0
1790693044.783,11.64,15314.2,13077.9,2236.3,85.40,29704245,423105364,253.9,3694.0
1790693045.783,11.07,15314.2,13091.8,2222.5,85.49,20181112,1473671,199.9,14.0
1790693046.784,20.34,15314.2,13033.6,2280.6,85.11,258684119,939620101,2014.8,7641.3
1790693047.788,96.49,15314.2,13054.5,2259.7,85.24,3107707,1451895,33.9,29.9
1790693048.790,68.03,15314.2,13047.8,2266.5,85.20,98148021,425166,842.4,8.0
1790693049.791,24.16,15314.2,12938.8,2375.5,84.49,671203,310136911,79.9,2559.9
1790693050.792,25.78,15314.2,12977.0,2337.2,84.74,16373,65494,4.0,2.0
1790693051.792,22.81,15314.2,13019.8,2294.4,85.02,204678,0,22.0,0.0
1790693052.793,29.08,15314.2,13079.6,2234.6,85.41,65493,134743109,16.0,1073.3
1790693053.794,30.79,15314.2,13167.9,2146.3,85.98,65492,360203,16.0,24.0
1790693054.795,35.20,15314.2,13193.6,2120.6,86.15,147274,0,14.0,0.0
1790693055.796,30.66,15314.2,13227.7,2086.6,86.38,654797,0,18.0,0.0
1790693056.796,20.28,15314.2,13232.3,2082.0,86.41,32746,0,8.0,0.0
1790693057.797,17.44,15314.2,13225.2,2089.0,86.36,32746,0,8.0,0.0
1790693058.798,17.78,15314.2,13222.6,2091.6,86.34,57307,450272,14.0,6.0
1790693059.798,18.65,15314.2,13220.5,2093.7,86.33,3946013,0,74.0,0.0
1790693060.799,21.81,15314.2,13117.0,2197.2,85.65,466563,81853,20.0,4.0
1790693061.800,29.78,15314.2,13207.3,2106.9,86.24,0,65486,0.0,2.0
1790693062.800,32.57,15314.2,13229.0,2085.2,86.38,786000,8188,88.0,2.0
1790693063.801,28.91,15314.2,13110.7,2203.5,85.61,466713,1342824,32.0,16.0
1790693064.801,23.51,15314.2,13142.4,2171.8,85.82,0,1236399,0.0,42.0
1790693065.802,32.80,15314.2,13282.7,2031.6,86.73,167520771,167610836,1891.0,1313.3
1790693066.802,26.70,15314.2,13056.6,2257.6,85.26,65503,81879,16.0,4.0
1790693067.803,21.77,15314.2,13171.7,2142.6,86.01,433971,65505,22.0,2.0
1790693068.803,21.26,15314.2,13075.7,2238.5,85.38,65501,81877,16.0,4.0
1790693069.804,18.47,15314.2,13131.4,2182.9,85.75,122819,8114240,8.0,96.0
1790693070.804,22.91,15314.2,13170.5,2143.8,86.00,417556,134240211,28.0,1067.4
1790693071.805,18.58,15314.2,13124.0,2190.2,85.70,73684,147367,18.0,6.0
1790693072.806,27.64,15314.2,13233.2,2081.0,86.41,8186,0,2.0,0.0
1790693073.807,28.65,15314.2,13259.4,2054.8,86.58,90012,0,14.0,0.0
1790693074.807,43.74,15314.2,13254.4,2059.9,86.55,0,1244406,0.0,12.0
1790693075.809,27.35,15314.2,13126.5,2187.7,85.71,139084,4720669,34.0,279.6
1790693076.809,4.17,15314.2,13129.0,2185.2,85.73,556717,0,12.0,0.0
1790693077.810,14.80,15314.2,13158.7,2155.6,85.92,32748,184332306,8.0,1445.1
1790693078.811,3.79,15314.2,13153.4,2160.8,85.89,0,6230569,0.0,72.0
1790693079.811,3.22,15314.2,13140.2,2174.1,85.80,8187,0,2.0,0.0
1790693080.812,9.12,15314.2,13143.6,2170.7,85.83,73687,180123,18.0,20.0
1790693081.812,23.51,15314.2,13356.4,1957.9,87.22,278312,0,28.0,0.0
1790693082.813,21.35,15314.2,13318.8,1995.5,86.97,11310126,0,109.9,0.0
1790693083.814,17.87,15314.2,13235.7,2078.6,86.43,15388112,321415093,157.9,2599.8
1790693084.815,13.87,15314.2,13189.0,2125.3,86.12,6320369,1842077,97.9,40.0
1790693085.815,11.95,15314.2,13141.5,2172.8,85.81,1080684,368275870,16.0,3134.1
1790693086.816,11.62,15314.2,13170.0,2144.2,86.00,335681,1088917,20.0,14.0
1790693087.817,12.51,15314.2,13130.0,2184.3,85.74,245619,946083177,30.0,7857.5
1790693088.818,91.12,15314.2,13152.9,2161.4,85.89,278179,117342255,28.0,928.8
1790693089.819,82.42,15314.2,13185.5,2128.7,86.10,2249339,75177011,83.9,651.0
1790693090.820,24.93,15314.2,13071.6,2242.6,85.36,7276030,222888782,103.9,1854.3
1790693091.821,26.01,15314.2,13202.6,2111.6,86.21,9275965,1743849,259.8,18.0
1790693092.821,31.63,15314.2,13230.0,2084.2,86.39,5649540,0,239.9,0.0
1790693093.822,28.72,15314.2,13256.4,2057.8,86.56,0,134120039,0.0,1071.2
1790693094.823,20.86,15314.2,13266.6,2047.7,86.63,23382304,556722,455.7,14.0
1790693095.823,11.93,15314.2,13261.4,2052.9,86.60,450289,540347,26.0,50.0
1790693096.824,19.15,15314.2,13244.6,2069.6,86.49,1186964,401112,67.9,4.0
1790693097.825,10.54,15314.2,13244.8,2069.5,86.49,2259485,0,34.0,0.0
1790693098.825,10.23,15314.2,13236.3,2078.0,86.43,3217433,237419,421.7,12.0
1790693099.826,17.13,15314.2,13176.1,2138.1,86.04,376563,5648447,32.0,91.9
1790693100.827,21.79,15314.2,13205.4,2108.8,86.23,20852724,14581351,279.8,143.9
1790693101.828,27.14,15314.2,13235.9,2078.4,86.43,6981536,0,131.9,0.0
1790693102.828,23.64,15314.2,13173.3,2141.0,86.02,2742456,147356,173.9,6.0
1790693103.829,19.43,15314.2,13233.3,2080.9,86.41,4028154,1318156,97.9,12.0
1790693104.829,18.73,15314.2,13189.3,2124.9,86.12,114626,147377,22.0,6.0
1790693105.830,21.20,15314.2,13230.6,2083.6,86.39,2661127,0,86.0,0.0
1790693106.830,18.39,15314.2,13155.5,2158.7,85.90,7352726,147382,167.9,6.0
1790693107.831,23.86,15314.2,13243.6,2070.7,86.48,8186,147357,2.0,2.0
1790693108.832,17.03,15314.2,13163.3,2151.0,85.95,11485651,1391704,171.9,16.0
1790693109.832,18.53,15314.2,13215.7,2098.5,86.30,180127,2767404,26.0,317.8
1790693110.833,29.57,15314.2,13262.3,2052.0,86.60,1506317,2701546,36.0,64.0
1790693111.834,22.17,15314.2,13320.7,1993.6,86.98,0,24555,0.0,2.0
1790693112.835,62.48,15314.2,13423.1,1891.1,87.65,1366504,180019,40.0,2.0
1790693113.840,21.91,15314.2,13306.9,2007.4,86.89,146755,619630,27.9,109.5
1790693114.840,3.72,15314.2,13304.5,2009.8,86.88,49117,1375288,8.0,14.0
1790693115.841,3.47,15314.2,13296.3,2017.9,86.82,0,196517,0.0,20.0
1790693116.841,3.53,15314.2,13294.1,2020.1,86.81,0,24562,0.0,6.0
1790693117.842,3.60,15314.2,13292.0,2022.2,86.80,261994,0,18.0,0.0
1790693118.842,14.24,15314.2,13320.3,1994.0,86.98,237455,189890125,52.0,1491.3
1790693119.843,24.22,15314.2,13402.8,1911.5,87.52,769553,8187,66.0,2.0
1790693120.844,18.99,15314.2,13369.3,1945.0,87.30,42681593,49125,399.8,6.0
1790693121.844,10.70,15314.2,13384.2,1930.0,87.40,11650441,313759564,177.9,2596.5
1790693122.845,11.11,15314.2,13338.8,1975.4,87.10,17553328,8187,201.9,2.0
1790693123.845,15.05,15314.2,13317.0,1997.2,86.96,14851928,380173326,175.9,4183.6
1790693124.846,16.83,15314.2,13307.9,2006.3,86.90,33615899,0,277.8,0.0
1790693125.847,18.40,15314.2,13310.8,2003.5,86.92,48868943,344596049,627.6,3422.0
1790693126.848,57.69,15314.2,13290.2,2024.0,86.78,75639677,745768758,771.0,6246.1
1790693127.851,96.05,15314.2,13296.0,2018.2,86.82,30073794,0,438.6,0.0
1790693128.852,31.20,15314.2,13331.5,1982.7,87.05,30647919,273842099,341.7,2308.3
1790693129.860,22.64,15314.2,13304.1,2010.1,86.87,390091,81269,53.6,4.0
1790693130.860,27.49,15314.2,13369.0,1945.3,87.30,98243,2390591,14.0,22.0
1790693131.861,20.57,15314.2,13232.0,2082.3,86.40,5345342,153418695,99.9,1462.9
1790693132.862,5.14,15314.2,13233.7,2080.6,86.41,73689,0,2.0,0.0
1790693133.862,3.86,15314.2,13227.5,2086.7,86.37,908816,0,46.0,0.0
1790693134.863,7.64,15314.2,13222.6,2091.7,86.34,4625983,0,129.9,0.0
1790693135.863,5.34,15314.2,13231.4,2082.9,86.40,0,384807,0.0,6.0
1790693136.864,12.68,15314.2,13260.0,2054.2,86.59,908689,532115,42.0,50.0
1790693137.865,17.72,15314.2,13360.4,1953.8,87.24,0,65500,0.0,2.0
1790693138.865,22.83,15314.2,13464.0,1850.2,87.92,32053492,173424537,377.8,1421.2
1790693139.866,13.46,15314.2,13344.2,1970.0,87.14,5616447,146003070,64.0,1329.2
1790693140.866,10.91,15314.2,13357.5,1956.7,87.22,147371,338592267,36.0,3438.0
1790693141.867,19.38,15314.2,13352.8,1961.5,87.19,1047909,0,8.0,0.0
1790693142.868,13.13,15314.2,13375.2,1939.0,87.34,8743865,329827106,84.0,2990.2
1790693143.868,12.31,15314.2,13369.2,1945.1,87.30,26835103,0,255.8,0.0
1790693144.869,11.81,15314.2,13327.3,1987.0,87.03,252976597,1149418763,3190.1,9738.3
1790693145.870,97.50,15314.2,13335.6,1978.6,87.08,850872,2225357,26.0,20.0
1790693146.874,65.50,15314.2,13367.0,1947.3,87.28,51544108,563101,671.4,23.9
1790693147.875,25.74,15314.2,13414.6,1899.7,87.60,10837255,400290880,103.9,3575.0
1790693148.876,26.71,15314.2,13380.4,1933.8,87.37,1293398,81861,99.9,4.0
1790693149.876,24.98,15314.2,13421.1,1893.1,87.64,4716007,0,133.9,0.0
1790693150.877,31.38,15314.2,13463.3,1851.0,87.91,221075,147383,24.0,6.0
1790693151.877,26.99,15314.2,13499.2,1815.1,88.15,2497081,646785,34.0,8.0
1790693152.878,16.52,15314.2,13383.5,1930.7,87.39,3577841,78786196,95.9,667.6
1790693153.878,23.29,15314.2,13412.8,1901.5,87.58,0,0,0.0,0.0
1790693154.879,11.82,15314.2,13423.4,1890.9,87.65,2971888,0,48.0,0.0
1790693155.880,10.48,15314.2,13397.7,1916.5,87.49,0,0,0.0,0.0
1790693156.880,12.03,15314.2,13378.8,1935.5,87.36,507601,548536,8.0,8.0
1790693157.881,10.12,15314.2,13369.4,1944.8,87.30,0,0,0.0,0.0
1790693158.881,10.21,15314.2,13365.3,1949.0,87.27,0,0,0.0,0.0
1790693159.882,10.23,15314.2,13361.4,1952.9,87.25,270168,237421,4.0,26.0
1790693160.883,15.00,15314.2,13351.3,1962.9,87.18,515799,0,4.0,0.0
1790693161.883,12.55,15314.2,13329.1,1985.1,87.04,0,0,0.0,0.0
1790693162.884,10.91,15314.2,13340.4,1973.9,87.11,0,0,0.0,0.0
1790693163.884,19.10,15314.2,13290.8,2023.5,86.79,671370,167621420,46.0,1311.3
1790693164.885,6.74,15314.2,13293.5,2020.7,86.80,8185,278295,2.0,6.0
1790693165.886,3.34,15314.2,13288.2,2026.1,86.77,0,0,0.0,0.0
1790693166.886,3.47,15314.2,13283.7,2030.5,86.74,0,0,0.0,0.0
1790693167.887,3.22,15314.2,13281.4,2032.8,86.73,0,0,0.0,0.0
1790693168.887,8.37,15314.2,13257.3,2056.9,86.57,229222,132653821,48.0,1029.3
1790693169.888,23.33,15314.2,13350.5,1963.8,87.18,0,2349810,0.0,22.0
1790693170.889,20.00,15314.2,13500.5,1813.8,88.16,34742950,0,421.7,0.0
1790693171.889,13.14,15314.2,13475.8,1838.4,88.00,27455499,293472598,321.8,2432.2
1790693172.890,10.43,15314.2,13415.1,1899.1,87.60,13836009,0,147.9,0.0
1790693173.891,11.31,15314.2,13415.3,1899.0,87.60,13255428,326784360,143.9,3206.2
1790693174.891,11.00,15314.2,13424.2,1890.1,87.66,23022637,0,189.9,0.0
1790693175.892,23.45,15314.2,13379.4,1934.9,87.37,8187,331980047,2.0,3052.3
1790693176.893,20.05,15314.2,13322.4,1991.8,86.99,140223057,822330453,1698.0,6838.0
1790693177.896,96.87,15314.2,13327.8,1986.4,87.03,1372503,2295675,57.8,37.9
1790693178.899,63.03,15314.2,13379.8,1934.4,87.37,116058252,137895679,1115.7,1191.4
1790693179.901,28.33,15314.2,13271.7,2042.5,86.66,10604062,133663547,131.8,1132.6
1790693180.903,23.06,15314.2,13339.9,1974.4,87.11,8170,2679849,2.0,63.8
1790693181.904,28.71,15314.2,13385.0,1929.3,87.40,270137,90046,38.0,4.0
1790693182.905,29.17,15314.2,13444.2,1870.0,87.79,294713,237547098,6.0,2124.6
1790693183.905,27.43,15314.2,13485.8,1828.4,88.06,671343,8187,58.0,2.0
1790693184.906,16.19,15314.2,13375.8,1938.4,87.34,564924,41321340,62.0,377.8
1790693185.907,12.14,15314.2,13393.3,1920.9,87.46,18985552,0,703.6,0.0
1790693186.907,16.70,15314.2,13403.0,1911.3,87.52,188305,147369,16.0,2.0
1790693187.908,15.16,15314.2,13422.7,1891.6,87.65,0,433897,0.0,6.0
1790693188.908,14.35,15314.2,13404.5,1909.8,87.53,0,368396,0.0,10.0
1790693189.909,10.42,15314.2,13403.5,1910.7,87.52,171894,0,18.0,0.0
1790693190.910,10.11,15314.2,13399.5,1914.7,87.50,515825,0,34.0,0.0
1790693191.910,15.21,15314.2,13399.3,1914.9,87.50,0,0,0.0,0.0
1790693192.911,17.28,15314.2,13438.7,1875.5,87.75,360220,0,4.0,0.0
1790693193.911,14.93,15314.2,13358.2,1956.0,87.23,0,0,0.0,0.0
1790693194.912,11.17,15314.2,13386.9,1927.4,87.41,16373,176477343,4.0,1371.1
1790693195.913,7.07,15314.2,13313.4,2000.8,86.93,90060,24562,22.0,2.0
1790693196.913,3.47,15314.2,13305.9,2008.4,86.89,57310,0,14.0,0.0
1790693197.914,3.41,15314.2,13300.6,2013.6,86.85,0,0,0.0,0.0
1790693198.914,14.35,15314.2,13314.8,1999.5,86.94,368425,0,14.0,0.0
1790693199.915,3.54,15314.2,13306.7,2007.5,86.89,16373,126708983,4.0,1033.3
1790693200.916,8.17,15314.2,13298.2,2016.0,86.84,196477,90052,36.0,4.0
1790693201.916,20.27,15314.2,13477.1,1837.2,88.00,0,0,0.0,0.0
1790693202.917,22.98,15314.2,13459.0,1855.2,87.89,147919871,201972397,14803.5,2064.8
1790693203.918,18.50,15314.2,13382.6,1931.6,87.39,59970440,33157718,7135.7,315.8
1790693204.918,15.95,15314.2,13408.0,1906.2,87.55,4903537,292370321,54.0,2864.0
1790693205.919,11.29,15314.2,13346.1,1968.2,87.15,4748458,330574573,54.0,2996.2
1790693206.920,13.46,15314.2,13332.6,1981.6,87.06,21110310,0,173.8,0.0
1790693207.921,10.82,15314.2,13311.4,2002.8,86.92,21000629,340152871,345.8,3230.2
1790693208.922,29.49,15314.2,13289.0,2025.3,86.78,528061984,712755590,7816.9,5776.8
1790693209.931,97.82,15314.2,13254.8,2059.4,86.55,254518324,0,2154.2,0.0
1790693210.932,54.02,15314.2,13270.5,2043.7,86.65,206112260,87300764,1695.6,740.9
1790693211.933,27.44,15314.2,13264.5,2049.8,86.62,10623209,171395411,93.9,1402.7
1790693212.943,21.06,15314.2,13240.4,2073.8,86.46,137882,89218,21.8,4.0
1790693213.944,28.20,15314.2,13286.9,2027.4,86.76,3315575,4633618,97.9,373.8
1790693214.944,9.04,15314.2,13207.4,2106.9,86.24,8809864,239315532,231.9,1925.0
1790693215.945,3.34,15314.2,13204.2,2110.1,86.22,65495,4813865,10.0,123.9
1790693216.946,6.99,15314.2,13206.5,2107.8,86.24,0,53568825,0.0,485.7
1790693217.946,6.37,15314.2,13225.8,2088.5,86.36,0,0,0.0,0.0
1790693218.947,4.29,15314.2,13221.9,2092.4,86.34,0,0,0.0,0.0
1790693219.947,10.56,15314.2,13245.0,2069.2,86.49,573114,73686,50.0,4.0
1790693220.948,20.61,15314.2,13303.0,2011.2,86.87,22416356,0,305.8,0.0
1790693221.949,18.64,15314.2,13320.8,1993.5,86.98,42410242,1833956,589.7,22.0
1790693222.949,18.16,15314.2,13320.4,1993.8,86.98,2202169,331946352,56.0,2646.2
1790693223.950,15.61,15314.2,13323.2,1991.0,87.00,1350781,0,22.0,0.0
1790693224.951,11.27,15314.2,13312.7,2001.6,86.93,12827282,334115100,131.9,3327.5
1790693225.951,10.73,15314.2,13308.4,2005.9,86.90,13229916,147674029,105.9,1358.1
1790693226.952,10.64,15314.2,13464.6,1849.6,87.92,501669970,602056364,4133.7,5563.9
1790693227.953,70.64,15314.2,13390.6,1923.7,87.44,688163560,431627472,5692.3,3398.6
1790693228.956,95.66,15314.2,13366.3,1947.9,87.28,488307980,147000,3864.0,2.0
1790693229.958,23.96,15314.2,13425.1,1889.2,87.66,20138614,249823476,293.4,2042.1
1790693230.959,25.94,15314.2,13432.4,1881.8,87.71,9880067,24557,107.9,2.0
1790693231.959,24.71,15314.2,13522.5,1791.7,88.30,16374,65495,2.0,2.0
1790693232.960,21.56,15314.2,13398.8,1915.4,87.49,20566992,207528477,263.9,1633.1
1790693233.960,4.29,15314.2,13293.5,2020.8,86.80,0,384820,0.0,18.0
1790693234.961,3.72,15314.2,13299.6,2014.7,86.84,1269019,433923,54.0,20.0
1790693235.962,9.16,15314.2,13300.9,2013.3,86.85,212867,0,10.0,0.0
1790693236.962,7.82,15314.2,13295.0,2019.3,86.81,0,0,0.0,0.0
1790693237.963,4.30,15314.2,13294.1,2020.1,86.81,130991,32748,26.0,6.0
1790693238.963,20.93,15314.2,13369.1,1945.2,87.30,8187,65497,2.0,2.0
1790693239.964,20.46,15314.2,13399.0,1915.3,87.49,37103755,1702533,571.5,54.0
1790693240.965,14.58,15314.2,13410.8,1903.4,87.57,4871566,202198657,90.0,1789.0
1790693241.965,17.47,15314.2,13410.6,1903.7,87.57,2013711,248676940,40.0,2604.0
1790693242.966,10.94,15314.2,13385.7,1928.6,87.41,4756611,252362385,40.0,2568.4
1790693243.967,11.13,15314.2,13395.1,1919.1,87.47,21925776,247373191,183.9,2576.5
1790693244.967,12.92,15314.2,13392.1,1922.1,87.45,8187,2374313,2.0,24.0
1790693245.968,9.97,15314.2,13323.7,1990.6,87.00,621013628,963926136,7779.6,8231.4
1790693246.969,86.75,15314.2,13348.5,1965.8,87.16,463753711,1374788,4385.3,273.7
1790693247.971,87.32,15314.2,13352.0,1962.2,87.19,344957332,32699,2814.1,2.0
1790693248.972,23.52,15314.2,13362.2,1952.0,87.25,6171364,288564453,63.9,2437.9
1790693249.989,23.62,15314.2,13336.4,1977.8,87.09,5895732,120814,90.5,9.8
1790693250.990,25.76,15314.2,13401.1,1913.2,87.51,2742586,40934,58.0,2.0
1790693251.990,32.43,15314.2,13481.1,1833.1,88.03,4404473,263384229,70.0,2088.7
1790693252.991,27.41,15314.2,13543.3,1770.9,88.44,3037320,0,48.0,0.0
1790693253.992,20.85,15314.2,13399.9,1914.4,87.50,64258818,859513,1143.1,12.0
1790693254.992,22.86,15314.2,13430.6,1883.6,87.70,2685073,0,56.0,0.0
1790693255.993,10.09,15314.2,13425.0,1889.3,87.66,4208441,8188,46.0,2.0
1790693256.993,10.30,15314.2,13427.4,1886.8,87.68,1776627,0,24.0,0.0
1790693257.994,11.41,15314.2,13434.3,1880.0,87.72,4044545,573114,54.0,48.0
1790693258.995,13.32,15314.2,13430.9,1883.3,87.70,4453945,0,62.0,0.0
1790693259.995,15.16,15314.2,13432.7,1881.5,87.71,2439829,0,34.0,0.0
1790693260.996,18.56,15314.2,13395.5,1918.8,87.47,5706662,0,125.9,0.0
1790693261.996,12.18,15314.2,13407.8,1906.4,87.55,0,0,0.0,0.0
1790693262.997,12.59,15314.2,13407.4,1906.8,87.55,0,8188,0.0,2.0
1790693263.997,12.28,15314.2,13391.3,1922.9,87.44,450268,50200813,10.0,419.7
1790693264.998,8.91,15314.2,13272.2,2042.1,86.67,245605,134534104,28.0,1049.3
1790693265.999,10.01,15314.2,13286.6,2027.6,86.76,49123,8187,8.0,2.0
1790693266.999,4.93,15314.2,13314.3,1999.9,86.94,0,16375,0.0,4.0
1790693268.000,3.22,15314.2,13314.8,1999.4,86.94,8188,8188,2.0,2.0
1790693269.000,3.35,15314.2,13317.4,1996.9,86.96,0,2202364,0.0,18.0
1790693270.001,12.98,15314.2,13373.1,1941.1,87.32,130990,141624367,32.0,1097.3
1790693271.002,20.97,15314.2,13449.5,1864.7,87.82,16579744,1162629,249.9,42.0
1790693272.002,26.84,15314.2,13382.4,1931.9,87.39,19990828,269745192,337.8,2318.4
1790693273.003,14.18,15314.2,13371.8,1942.4,87.32,2267829,0,52.0,0.0
1790693274.003,11.32,15314.2,13379.6,1934.7,87.37,15546630,323687546,221.9,3028.1
1790693275.004,11.13,15314.2,13372.6,1941.7,87.32,15267327,0,163.9,0.0
1790693276.005,11.18,15314.2,13363.1,1951.2,87.26,31599648,334989017,275.8,3159.9
1790693277.005,14.90,15314.2,13328.4,1985.8,87.03,282084602,343086267,4709.1,3026.2
1790693278.007,53.05,15314.2,13340.2,1974.1,87.11,685952489,536152697,9840.1,4254.0
1790693279.009,96.30,15314.2,13329.9,1984.3,87.04,460943717,0,4141.3,0.0
1790693280.011,40.04,15314.2,13350.6,1963.7,87.18,146267673,228257049,1321.6,2561.3
1790693281.025,22.49,15314.2,13272.1,2042.1,86.67,10743067,4903039,128.2,92.7
1790693282.026,25.73,15314.2,13376.9,1937.4,87.35,106433,0,12.0,0.0
1790693283.026,31.37,15314.2,13400.6,1913.6,87.50,139177,218975318,28.0,1732.9
1790693284.027,34.36,15314.2,13481.1,1833.1,88.03,3798386,8014266,68.0,425.7
1790693285.028,26.08,15314.2,13498.3,1815.9,88.14,51334556,42346302,763.4,2540.1
1790693286.028,15.00,15314.2,13379.4,1934.8,87.37,20790980,133430616,395.7,4230.6
1790693287.029,10.06,15314.2,13378.1,1936.2,87.36,5591955,40937,58.0,2.0
1790693288.030,10.28,15314.2,13374.2,1940.0,87.33,7630560,0,97.9,0.0
1790693289.030,24.01,15314.2,13389.6,1924.6,87.43,4593266,0,70.0,0.0
1790693290.031,10.81,15314.2,13389.8,1924.5,87.43,5460688,597647,83.9,8.0
1790693291.031,9.99,15314.2,13390.4,1923.9,87.44,5542651,0,175.9,0.0
1790693292.032,10.16,15314.2,13388.0,1926.2,87.42,6852081,8186,97.9,2.0
1790693293.033,13.03,15314.2,13382.3,1932.0,87.38,7751727,0,103.9,0.0
1790693294.033,14.99,15314.2,13354.8,1959.4,87.21,270180,0,62.0,0.0
1790693295.034,18.71,15314.2,13351.7,1962.5,87.19,8046806,281073374,85.9,2496.2
1790693296.036,10.67,15314.2,13254.7,2059.6,86.55,3629339,188006,41.9,16.0
1790693297.037,4.61,15314.2,13194.6,2119.6,86.16,966124,24562,60.0,2.0
1790693298.037,3.22,15314.2,13193.3,2121.0,86.15,0,0,0.0,0.0
1790693299.038,3.40,15314.2,13185.5,2128.7,86.10,0,0,0.0,0.0
1790693300.039,8.28,15314.2,13190.0,2124.2,86.13,0,0,0.0,0.0
1790693301.039,4.96,15314.2,13208.3,2105.9,86.25,8187,466675,2.0,26.0
1790693302.040,19.10,15314.2,13278.2,2036.1,86.70,106430,73682,26.0,4.0
1790693303.040,19.70,15314.2,13311.0,2003.3,86.92,16946911,0,265.8,0.0
1790693304.041,16.14,15314.2,13369.0,1945.2,87.30,17731464,293526954,269.8,2420.3
1790693305.042,10.99,15314.2,13344.7,1969.6,87.14,5551156,0,133.9,0.0
1790693306.042,19.09,15314.2,13361.8,1952.4,87.25,29603843,307213556,399.8,3016.1
1790693307.043,13.83,15314.2,13312.4,2001.9,86.93,10838900,0,91.9,0.0
1790693308.043,14.39,15314.2,13337.9,1976.4,87.09,17692982,307658115,167.9,2852.4
1790693309.048,23.30,15314.2,13291.3,2023.0,86.79,106070,879951325,10.0,7386.4
1790693310.049,98.31,15314.2,13323.8,1990.4,87.00,24547,0,6.0,0.0
1790693311.050,55.62,15314.2,13338.6,1975.6,87.10,1072064,422303060,30.0,4095.8
1790693312.059,21.57,15314.2,13344.3,1969.9,87.14,454578,43728746,19.8,642.1
1790693313.076,22.34,15314.2,13314.6,1999.6,86.94,209512,88640,43.3,3.9
1790693314.076,29.10,15314.2,13371.6,1942.7,87.31,5182850,0,68.0,0.0
1790693315.077,10.96,15314.2,13262.3,2052.0,86.60,130987,90053,32.0,4.0
1790693316.077,3.35,15314.2,13259.3,2055.0,86.58,65490,0,6.0,0.0
1790693317.078,3.53,15314.2,13257.5,2056.7,86.57,8187,124172364,2.0,1019.4
1790693318.079,12.26,15314.2,13269.5,2044.7,86.65,1580129,0,40.0,0.0
1790693319.079,4.10,15314.2,13257.0,2057.2,86.57,16373,0,4.0,0.0
1790693320.080,11.38,15314.2,13284.4,2029.9,86.75,147368,90058,36.0,4.0
1790693321.081,21.19,15314.2,13349.3,1964.9,87.17,30894415,0,817.4,0.0
1790693322.081,17.31,15314.2,13369.3,1945.0,87.30,23240421,1841879,369.7,159.9
1790693323.082,17.90,15314.2,13375.1,1939.1,87.34,1817562,327275760,48.0,2660.4
1790693324.083,17.59,15314.2,13380.7,1933.6,87.37,458404,0,6.0,0.0
1790693325.083,11.62,15314.2,13344.2,1970.0,87.14,4036417,338182936,90.0,3242.2
1790693326.084,10.87,15314.2,13335.1,1979.2,87.08,4658760,0,78.0,0.0
1790693327.084,11.12,15314.2,13273.9,2040.4,86.68,51093978,858945362,1231.2,7743.1
1790693328.086,74.92,15314.2,13298.2,2016.1,86.84,106602987,226170427,2082.8,1801.2
1790693329.087,93.09,15314.2,13321.0,1993.3,86.98,84261142,0,894.8,0.0
1790693330.089,17.34,15314.2,13368.9,1945.3,87.30,9972761,183469359,95.9,1655.8
1790693331.090,31.82,15314.2,13262.2,2052.0,86.60,3927899,90693551,85.9,843.1
1790693332.090,22.69,15314.2,13365.0,1949.2,87.27,8187,10242331,2.0,351.8
1790693333.091,28.48,15314.2,13381.5,1932.7,87.38,16372,226723929,4.0,1804.6
1790693334.092,24.22,15314.2,13375.0,1939.2,87.34,2463650,0,107.9,0.0
1790693335.092,18.51,15314.2,13376.2,1938.1,87.34,548541,1236264,14.0,18.0
1790693336.093,19.51,15314.2,13375.7,1938.5,87.34,16374,540330,4.0,52.0
1790693337.094,16.50,15314.2,13368.8,1945.5,87.30,0,0,0.0,0.0
1790693338.095,15.58,15314.2,13362.5,1951.7,87.26,8185,0,2.0,0.0
1790693339.095,14.73,15314.2,13349.3,1965.0,87.17,245620,0,16.0,0.0
1790693340.096,18.78,15314.2,13293.9,2020.4,86.81,171932,155558,32.0,6.0
1790693341.096,26.37,15314.2,13341.1,1973.1,87.12,21139779,466680,277.8,6.0
1790693342.097,25.20,15314.2,13460.4,1853.9,87.89,20083379,24562,235.9,2.0
1790693343.098,19.70,15314.2,13426.6,1887.7,87.67,671347,155556,40.0,6.0
1790693344.098,18.66,15314.2,13397.4,1916.8,87.48,14623507,1735825,217.9,111.9
1790693345.099,17.42,15314.2,13360.3,1954.0,87.24,270192,155565,36.0,6.0
1790693346.099,20.27,15314.2,13393.0,1921.2,87.45,360247,40937,66.0,2.0
1790693347.100,17.79,15314.2,13386.7,1927.5,87.41,40935,221049,10.0,18.0
1790693348.100,20.03,15314.2,13446.4,1867.9,87.80,0,0,0.0,0.0
1790693349.101,18.83,15314.2,13407.4,1906.8,87.55,3568429,1465020,57.9,18.0
1790693350.102,21.07,15314.2,13508.1,1806.1,88.21,0,147356,0.0,2.0
1790693351.103,35.08,15314.2,13505.0,1809.2,88.19,3495969,0,60.0,0.0
1790693352.109,17.45,15314.2,13474.2,1840.0,87.99,0,43315650,0.0,399.5
1790693353.121,59.51,15314.2,13354.0,1960.3,87.20,485644,188308619,39.5,1563.1
1790693354.122,4.55,15314.2,13276.2,2038.1,86.69,32748,1694710,2.0,22.0
1790693355.122,3.66,15314.2,13279.8,2034.4,86.72,180094,0,10.0,0.0
1790693356.123,3.34,15314.2,13282.6,2031.6,86.73,0,0,0.0,0.0
1790693357.124,10.06,15314.2,13304.9,2009.3,86.88,8185,294673,2.0,22.0
1790693358.124,5.96,15314.2,13337.2,1977.0,87.09,286552,0,48.0,0.0
1790693359.125,18.67,15314.2,13422.4,1891.9,87.65,24561,65496,6.0,2.0
1790693360.126,24.02,15314.2,13437.9,1876.3,87.75,19664736,0,347.8,0.0
1790693361.126,13.34,15314.2,13355.2,1959.1,87.21,4969653,311180509,101.9,2474.6
1790693362.127,14.83,15314.2,13354.8,1959.5,87.21,712312,1735750,14.0,20.0
1790693363.127,19.72,15314.2,13362.5,1951.7,87.26,949631,336038403,12.0,3393.7
1790693364.128,12.95,15314.2,13370.8,1943.5,87.31,4601103,3192937,52.0,221.9
1790693365.129,11.34,15314.2,13343.6,1970.6,87.13,0,329004012,0.0,3110.3
1790693366.130,42.27,15314.2,13364.4,1949.9,87.27,105707651,802993758,1146.1,6740.9
1790693367.133,97.19,15314.2,13373.9,1940.3,87.33,9597765,0,123.6,0.0
1790693368.134,37.14,15314.2,13391.7,1922.5,87.45,51294254,404578316,557.2,3643.1
1790693369.136,28.47,15314.2,13264.2,2050.1,86.61,70720533,2511999,637.3,28.0
1790693370.136,24.53,15314.2,13388.4,1925.9,87.42,16375,65501,4.0,2.0
1790693371.137,22.24,15314.2,13407.5,1906.8,87.55,286569,90065,42.0,4.0
1790693372.137,26.65,15314.2,13496.3,1817.9,88.13,0,65491,0.0,2.0
1790693373.138,29.65,15314.2,13548.5,1765.8,88.47,24561,0,6.0,0.0
1790693374.139,34.07,15314.2,13603.1,1711.1,88.83,171887,170568762,20.0,1372.8
1790693375.140,32.66,15314.2,13603.7,1710.5,88.83,90024,523774,10.0,18.0
1790693376.141,20.06,15314.2,13583.2,1731.1,88.70,0,0,0.0,0.0
1790693377.141,20.39,15314.2,13575.5,1738.7,88.65,16373,0,4.0,0.0
1790693378.142,19.63,15314.2,13580.4,1733.9,88.68,49122,0,10.0,0.0
1790693379.142,17.16,15314.2,13569.8,1744.5,88.61,8187,597653,2.0,46.0
1790693380.143,29.60,15314.2,13512.3,1801.9,88.23,294732,90057,36.0,4.0
1790693381.144,29.40,15314.2,13561.0,1753.2,88.55,0,65492,0.0,2.0
1790693382.144,29.15,15314.2,13585.0,1729.2,88.71,0,0,0.0,0.0
1790693383.145,26.87,15314.2,13508.8,1805.5,88.21,671319,90055,42.0,4.0
1790693384.146,23.67,15314.2,13552.8,1761.4,88.50,0,205414501,0.0,1649.0
1790693385.146,26.50,15314.2,13589.3,1725.0,88.74,65493,0,2.0,0.0
1790693386.147,19.02,15314.2,13510.9,1803.3,88.22,10405599,663142,401.8,14.0
1790693387.147,23.79,15314.2,13509.4,1804.8,88.21,1146150,0,40.0,0.0
1790693388.148,25.50,15314.2,13418.4,1895.9,87.62,335683,1440980,82.0,30.0
1790693389.149,21.55,15314.2,13486.4,1827.9,88.06,663175,216154132,60.0,1699.0
1790693390.149,15.28,15314.2,13403.7,1910.5,87.52,5378321,24559,105.9,2.0
1790693391.150,17.98,15314.2,13466.6,1847.7,87.93,0,65502,0.0,2.0
1790693392.150,30.82,15314.2,13504.6,1809.7,88.18,0,0,0.0,0.0
1790693393.151,32.06,15314.2,13500.4,1813.9,88.16,2602601,0,79.9,0.0
1790693394.152,41.89,15314.2,13507.3,1806.9,88.20,31903839,186502784,469.7,1585.0
1790693395.155,36.31,15314.2,13434.1,1880.2,87.72,30294596,3576559,1028.7,352.9
1790693396.156,4.10,15314.2,13414.4,1899.9,87.59,5354479,392989,64.0,8.0
1790693397.156,3.28,15314.2,13410.8,1903.5,87.57,114622,0,10.0,0.0
1790693398.157,12.56,15314.2,13398.5,1915.8,87.49,0,0,0.0,0.0
1790693399.157,3.28,15314.2,13397.3,1917.0,87.48,2317140,1031659,48.0,20.0
1790693400.158,9.10,15314.2,13415.9,1898.3,87.60,130999,3225853,32.0,399.8
1790693401.159,19.75,15314.2,13478.3,1835.9,88.01,0,2914418,0.0,68.0
1790693402.159,17.70,15314.2,13464.2,1850.0,87.92,18896495,314043692,245.9,2730.5
1790693403.160,22.21,15314.2,13404.3,1910.0,87.53,4789592,160758355,139.9,2004.9
1790693404.160,14.68,15314.2,13413.0,1901.3,87.58,892310,0,18.0,0.0
1790693405.161,10.99,15314.2,13377.3,1936.9,87.35,6393906,221666330,78.0,2234.6
1790693406.162,10.18,15314.2,13402.4,1911.9,87.52,15432677,2177768,147.9,20.0
1790693407.162,10.20,15314.2,13335.7,1978.6,87.08,161508925,664472341,2182.6,6352.0
1790693408.164,43.65,15314.2,13344.2,1970.1,87.14,741091081,731112039,7454.6,5805.2
1790693409.165,96.66,15314.2,13355.3,1958.9,87.21,413994345,0,3236.8,0.0
1790693410.166,43.86,15314.2,13355.7,1958.6,87.21,165609757,0,1344.0,0.0
1790693411.167,25.89,15314.2,13353.1,1961.1,87.19,76770426,2152748,685.4,20.0
1790693412.168,21.38,15314.2,13346.5,1967.8,87.15,270191,90064,66.0,4.0
1790693413.168,24.14,15314.2,13398.1,1916.1,87.49,8908007,1285439,333.8,18.0
1790693414.169,24.24,15314.2,13453.7,1860.5,87.85,384788,310687320,46.0,2438.5
1790693415.169,33.78,15314.2,13478.0,1836.2,88.01,0,0,0.0,0.0
1790693416.171,36.86,15314.2,13544.8,1769.5,88.45,286281,687075,14.0,8.0
1790693417.172,27.17,15314.2,13509.0,1805.2,88.21,278233,450083,22.0,49.9
1790693418.173,20.66,15314.2,13512.2,1802.0,88.23,16373,2202188,2.0,18.0
1790693419.173,22.78,15314.2,13520.6,1793.7,88.29,0,327459,0.0,18.0
1790693420.174,23.37,15314.2,13522.9,1791.3,88.30,65494,0,16.0,0.0
1790693421.175,21.25,15314.2,13507.9,1806.3,88.20,8187,0,2.0,0.0
1790693422.175,22.47,15314.2,13414.6,1899.6,87.60,9201797,98240,285.8,6.0
1790693423.176,30.59,15314.2,13499.8,1814.4,88.15,589506,65501,20.0,2.0
1790693424.177,28.02,15314.2,13553.7,1760.6,88.50,401150,1268944,26.0,12.0
1790693425.177,31.62,15314.2,13403.2,1911.1,87.52,229226,1391732,22.0,36.0
1790693426.178,26.51,15314.2,13594.2,1720.1,88.77,21166086,355475611,257.9,3118.5
1790693427.178,26.29,15314.2,13605.9,1708.3,88.84,17207875,0,165.9,0.0
1790693428.179,26.26,15314.2,13567.0,1747.2,88.59,39731495,24556,449.6,2.0
1790693429.180,21.13,15314.2,13558.5,1755.7,88.54,180099,65491,24.0,2.0
1790693430.180,26.17,15314.2,13604.7,1709.6,88.84,10202051,1400121,94.0,14.0
1790693431.181,15.78,15314.2,13532.0,1782.3,88.36,65502,155566,16.0,6.0
1790693432.181,19.70,15314.2,13561.6,1752.6,88.56,28401248,0,239.9,0.0
1790693433.182,16.74,15314.2,13464.8,1849.4,87.92,147360,1760137,36.0,24.0
1790693434.184,26.07,15314.2,13557.9,1756.3,88.53,12552517,0,289.5,0.0
1790693435.186,34.01,15314.2,13514.3,1800.0,88.25,32699,0,8.0,0.0
1790693436.188,36.69,15314.2,13518.4,1795.9,88.27,0,0,0.0,0.0
1790693437.189,42.21,15314.2,13521.9,1792.3,88.30,204601,189501333,42.0,1480.6
1790693438.189,3.09,15314.2,13513.8,1800.5,88.24,0,0,0.0,0.0
1790693439.190,3.10,15314.2,13509.9,1804.4,88.22,0,1391840,0.0,14.0
1790693440.191,12.50,15314.2,13486.6,1827.6,88.07,8187,2202275,2.0,18.0
1790693441.191,3.41,15314.2,13481.8,1832.4,88.03,32750,0,4.0,0.0
1790693442.192,7.64,15314.2,13479.3,1834.9,88.02,65499,46766624,16.0,399.8
1790693443.192,19.55,15314.2,13607.7,1706.6,88.86,8187,253812,2.0,50.0
1790693444.193,18.84,15314.2,13585.1,1729.2,88.71,11184539,343888,455.8,6.0
1790693445.193,11.06,15314.2,13572.6,1741.7,88.63,5100429,253056586,157.9,2116.7
1790693446.194,18.90,15314.2,13582.0,1732.2,88.69,1350888,293724060,54.0,2892.3
1790693447.195,14.08,15314.2,13592.5,1721.7,88.76,15309572,8187,149.9,2.0
1790693448.195,10.91,15314.2,13588.5,1725.7,88.73,22612319,288720511,217.9,2806.3
1790693449.196,10.43,15314.2,13529.7,1784.5,88.35,66971025,355937082,1934.9,3124.2
1790693450.197,33.69,15314.2,13565.8,1748.4,88.58,310863356,622626911,10743.0,4954.9
1790693451.198,97.87,15314.2,13543.8,1770.4,88.44,1284323,0,24.0,0.0
1790693452.201,45.48,15314.2,13534.7,1779.6,88.38,62533759,119983739,724.3,1063.6
1790693453.202,25.99,15314.2,13521.1,1793.1,88.29,1308960,132090444,26.0,1124.5
1790693454.204,21.56,15314.2,13456.4,1857.8,87.87,5263245,57985595,123.7,508.8
1790693455.205,26.87,15314.2,13520.6,1793.7,88.29,2055068,142528349,30.0,1123.4
1790693456.206,27.79,15314.2,13522.5,1791.7,88.30,114526,670793,12.0,35.9
1790693457.207,15.38,15314.2,13529.3,1785.0,88.34,106431,1137995,12.0,36.0
1790693458.208,14.16,15314.2,13535.8,1778.4,88.39,777717,0,20.0,0.0
1790693459.208,20.86,15314.2,13553.5,1760.8,88.50,1096800,0,16.0,0.0
1790693460.209,10.59,15314.2,13553.3,1760.9,88.50,343823,0,6.0,0.0
1790693461.210,10.63,15314.2,13544.7,1769.6,88.45,2603104,5058863,67.9,365.7
1790693462.211,13.58,15314.2,13447.4,1866.8,87.81,139171,826839,18.0,14.0
1790693463.211,21.56,15314.2,13545.9,1768.3,88.45,98248,73686,8.0,14.0
1790693464.212,24.55,15314.2,13567.6,1746.6,88.59,24260576,0,397.8,0.0
1790693465.212,27.95,15314.2,13467.4,1846.9,87.94,2177999,155571,44.0,6.0
1790693466.213,21.65,15314.2,13534.1,1780.2,88.38,0,0,0.0,0.0
1790693467.213,13.74,15314.2,13395.2,1919.1,87.47,98248,2341577,24.0,54.0
1790693468.214,22.45,15314.2,13457.2,1857.1,87.87,0,0,0.0,0.0
1790693469.214,18.90,15314.2,13382.4,1931.9,87.38,65492,155543,16.0,6.0
1790693470.215,20.04,15314.2,13474.3,1839.9,87.99,7483010,2341511,267.8,20.0
1790693471.216,15.26,15314.2,13428.3,1886.0,87.68,15589142,90063,239.9,4.0
1790693472.216,18.73,15314.2,13500.8,1813.4,88.16,0,1391833,0.0,16.0
1790693473.217,35.91,15314.2,13504.6,1809.6,88.18,1056126,0,36.0,0.0
1790693474.218,21.90,15314.2,13487.3,1826.9,88.07,1906902,8765200,42.0,97.9
1790693475.218,65.45,15314.2,13513.9,1800.4,88.24,564910,0,18.0,0.0
1790693476.219,5.30,15314.2,13386.2,1928.0,87.41,73693,190069584,18.0,1493.3
1790693477.219,3.22,15314.2,13379.7,1934.5,87.37,57310,1359060,14.0,14.0
1790693478.220,9.99,15314.2,13391.0,1923.2,87.44,0,0,0.0,0.0
1790693479.221,4.22,15314.2,13386.8,1927.4,87.41,0,0,0.0,0.0
1790693480.221,3.28,15314.2,13364.7,1949.5,87.27,130992,0,4.0,0.0
1790693481.222,15.66,15314.2,13432.7,1881.6,87.71,65498,376615,16.0,24.0
1790693482.222,18.59,15314.2,13433.9,1880.3,87.72,10233510,8187,429.7,2.0
1790693483.223,17.78,15314.2,13469.5,1844.7,87.95,20460023,318485346,365.8,2582.5
1790693484.224,16.46,15314.2,13450.9,1863.4,87.83,24151377,0,269.8,0.0
1790693485.224,10.88,15314.2,13454.4,1859.9,87.86,1399940,316820301,50.0,3158.0
1790693486.225,16.20,15314.2,13493.4,1820.9,88.11,44167019,613999,479.7,119.9
1790693487.226,10.68,15314.2,13491.2,1823.1,88.10,6500113,302828329,177.9,2926.0
1790693488.226,11.05,15314.2,13427.8,1886.4,87.68,89683362,872814357,1055.3,7411.0
1790693489.228,95.59,15314.2,13506.2,1808.0,88.19,1357689,0,33.9,0.0
1790693490.230,82.66,15314.2,13491.2,1823.0,88.10,83535206,40880,856.3,4.0
1790693491.231,21.06,15314.2,13498.8,1815.5,88.15,1555124,234709094,38.0,2018.2
1790693492.246,20.01,15314.2,13446.7,1867.6,87.80,2476526,303693122,65.0,2611.5
1790693493.247,27.15,15314.2,13525.3,1788.9,88.32,0,2488583,0.0,22.0
1790693494.248,27.02,15314.2,13542.4,1771.8,88.43,0,490988,0.0,8.0
1790693495.249,13.98,15314.2,13553.5,1760.8,88.50,949342,851134,59.9,22.0
1790693496.250,16.35,15314.2,13555.0,1759.2,88.51,0,0,0.0,0.0
1790693497.250,29.57,15314.2,13560.2,1754.0,88.55,16371,0,4.0,0.0
1790693498.251,15.25,15314.2,13550.5,1763.7,88.48,0,0,0.0,0.0
1790693499.252,12.82,15314.2,13548.5,1765.7,88.47,49124,0,12.0,0.0
1790693500.252,15.73,15314.2,13437.4,1876.9,87.74,1465467,3798753,89.9,121.9
1790693501.253,21.09,15314.2,13534.1,1780.1,88.38,278373,2325230,10.0,28.0
1790693502.253,23.83,15314.2,13604.0,1710.3,88.83,14654145,0,295.8,0.0
1790693503.254,26.71,15314.2,13524.7,1789.5,88.31,2029744,163689,55.9,6.0
1790693504.255,20.66,15314.2,13576.3,1737.9,88.65,1391729,0,117.9,0.0
1790693505.255,13.94,15314.2,13525.2,1789.0,88.32,65500,163749,16.0,6.0
1790693506.256,21.39,15314.2,13596.5,1717.8,88.78,1342761,1277260,22.0,12.0
1790693507.257,19.64,15314.2,13543.6,1770.7,88.44,5329905,9349849,129.9,111.9
1790693508.257,19.35,15314.2,13642.3,1671.9,89.08,425725,65496,28.0,2.0
1790693509.258,15.88,15314.2,13550.6,1763.7,88.48,12642459,237456,241.9,6.0
1790693510.258,17.94,15314.2,13644.3,1669.9,89.10,0,1473618,0.0,14.0
1790693511.259,32.14,15314.2,13692.4,1621.9,89.41,1572023,2398972,56.0,58.0
1790693512.260,19.66,15314.2,13648.8,1665.5,89.12,90053,1154318,4.0,24.0
1790693513.260,68.45,15314.2,13553.2,1761.0,88.50,614048,1342719,133.9,271.8
1790693514.261,4.48,15314.2,13579.1,1735.2,88.67,0,0,0.0,0.0
1790693515.261,3.35,15314.2,13577.1,1737.1,88.66,122801,0,8.0,0.0
1790693516.262,13.04,15314.2,13542.8,1771.4,88.43,0,0,0.0,0.0
1790693517.263,3.16,15314.2,13539.2,1775.0,88.41,65496,0,10.0,0.0
1790693518.263,3.28,15314.2,13539.2,1775.1,88.41,65499,941543,16.0,10.0
1790693519.264,16.30,15314.2,13590.0,1724.3,88.74,0,327505,0.0,24.0
1790693520.264,19.20,15314.2,13621.0,1693.3,88.94,10521144,290440881,435.8,2544.7
1790693521.265,17.36,15314.2,13644.0,1670.3,89.09,8931482,265423012,229.8,2618.2
1790693522.266,17.97,15314.2,13644.4,1669.8,89.10,6418084,884124,95.9,26.0
1790693523.266,14.60,15314.2,13640.8,1673.5,89.07,49122,277531084,12.0,2520.5
1790693524.267,10.55,15314.2,13609.1,1705.2,88.87,4060721,5362444,58.0,401.8
1790693525.267,10.74,15314.2,13611.2,1703.1,88.88,2357887,279548749,54.0,2850.3
1790693526.268,9.50,15314.2,13558.8,1755.4,88.54,205304920,753854514,7881.5,6462.3
1790693527.269,74.28,15314.2,13582.6,1731.6,88.69,159999096,216170298,4659.2,1709.0
1790693528.271,95.01,15314.2,13584.5,1729.8,88.70,77411661,65368,911.7,8.0
1790693529.272,28.71,15314.2,13603.9,1710.3,88.83,45981975,387585743,461.5,3224.6
1790693530.273,18.21,15314.2,13549.3,1765.0,88.48,11305686,98239,159.9,4.0
1790693531.273,20.50,15314.2,13634.7,1679.5,89.03,474871,0,28.0,0.0
1790693532.274,15.79,15314.2,13646.4,1667.8,89.11,16473282,163750,177.9,6.0
1790693533.275,25.97,15314.2,13731.8,1582.4,89.67,9473098,0,90.0,0.0
1790693534.275,34.12,15314.2,13771.6,1542.7,89.93,19756166,133749160,213.9,1097.4
1790693535.276,32.01,15314.2,13749.1,1565.1,89.78,15266873,0,185.9,0.0
1790693536.291,19.48,15314.2,13764.7,1549.6,89.88,20955254,0,216.8,0.0
1790693537.291,17.42,15314.2,13752.4,1561.8,89.80,23992636,0,261.8,0.0
1790693538.292,17.50,15314.2,13747.1,1567.2,89.77,14687392,589461,167.9,22.0
1790693539.293,17.47,15314.2,13713.7,1600.5,89.55,22625033,261940,271.8,30.0
1790693540.293,24.22,15314.2,13624.4,1689.8,88.97,9095953,98246,109.9,4.0
1790693541.294,28.64,15314.2,13641.8,1672.5,89.08,12213879,65490,123.9,2.0
1790693542.295,28.52,15314.2,13728.6,1585.6,89.65,5149863,2832834,54.0,44.0
1790693543.295,27.37,15314.2,13780.4,1533.8,89.98,9014606,1539279,265.9,99.9
1790693544.296,23.00,15314.2,13756.5,1557.8,89.83,65499,228941949,16.0,1809.0
1790693545.298,28.34,15314.2,13801.5,1512.7,90.12,16279983,0,175.6,0.0
1790693546.299,26.35,15314.2,13565.4,1748.9,88.58,24694904,171890,451.6,4.0
1790693547.300,18.48,15314.2,13654.2,1660.1,89.16,0,65469,0.0,2.0
1790693548.301,20.60,15314.2,13697.3,1616.9,89.44,9432160,1441024,95.9,14.0
1790693549.301,26.45,15314.2,13676.4,1637.9,89.30,65490,142669321,16.0,1099.2
1790693550.302,20.94,15314.2,13715.1,1599.2,89.56,32748,1334472,4.0,30.0
1790693551.302,14.03,15314.2,13601.4,1712.8,88.82,19576025,163748,221.9,6.0
1790693552.303,23.85,15314.2,13654.5,1659.7,89.16,14688222,0,377.8,0.0
1790693553.304,32.76,15314.2,13674.8,1639.5,89.29,3168523,0,68.0,0.0
1790693554.304,22.10,15314.2,13696.0,1618.2,89.43,523897,0,20.0,0.0
1790693555.305,64.08,15314.2,13612.1,1702.1,88.89,3389488,190900216,70.0,1493.1
1790693556.305,5.19,15314.2,13518.3,1795.9,88.27,1809382,0,32.0,0.0
1790693557.306,4.86,15314.2,13512.6,1801.6,88.24,0,0,0.0,0.0
1790693558.307,11.04,15314.2,13523.8,1790.4,88.31,0,0,0.0,0.0
1790693559.307,3.09,15314.2,13516.6,1797.6,88.26,0,0,0.0,0.0
1790693560.308,4.62,15314.2,13512.6,1801.7,88.24,130999,9857659,32.0,411.8
1790693561.308,16.90,15314.2,13571.0,1743.2,88.62,1752121,2677307,30.0,64.0
1790693562.309,19.87,15314.2,13623.3,1691.0,88.96,10430535,0,431.7,0.0
1790693563.310,25.61,15314.2,13628.2,1686.0,88.99,17413357,248101452,329.8,2140.6
1790693564.310,17.85,15314.2,13600.9,1713.4,88.81,2693381,19033771,48.0,183.9
1790693565.311,12.24,15314.2,13574.9,1739.4,88.64,3225804,291877925,87.9,2828.4
1790693566.311,11.65,15314.2,13558.3,1755.9,88.53,10717344,292381253,117.9,2782.4
1790693567.312,13.04,15314.2,13540.5,1773.7,88.42,73284920,5272650,3078.2,795.5
1790693568.313,17.80,15314.2,13539.5,1774.7,88.41,224440685,753037306,5283.2,6693.5
1790693569.313,71.05,15314.2,13564.3,1749.9,88.57,206115479,258053567,4793.5,2161.0
1790693570.316,97.49,15314.2,13527.4,1786.9,88.33,104796889,2223113,1131.4,20.0
1790693571.318,29.52,15314.2,13552.2,1762.0,88.49,20448265,249816997,275.4,2073.1
1790693572.319,18.95,15314.2,13466.9,1847.4,87.94,3659561,130991,111.9,6.0
1790693573.319,25.58,15314.2,13568.0,1746.3,88.60,450314,0,38.0,0.0
1790693574.320,25.66,15314.2,13593.5,1720.7,88.76,21483715,134829959,241.9,1079.4
1790693575.320,31.23,15314.2,13694.3,1619.9,89.42,19754537,622190,313.8,58.0
1790693576.321,39.38,15314.2,13756.2,1558.1,89.83,39622347,3127218,1824.8,391.7
1790693577.322,36.00,15314.2,13769.1,1545.1,89.91,15891946,61112799,163.8,535.4
1790693578.323,21.90,15314.2,13773.2,1541.1,89.94,16045796,0,143.9,0.0
1790693579.324,17.51,15314.2,13768.1,1546.2,89.90,31009286,0,253.8,0.0
1790693580.324,17.42,15314.2,13726.1,1588.1,89.63,35260456,0,341.8,0.0
1790693581.325,18.19,15314.2,13732.3,1581.9,89.67,24323296,753195,239.9,28.0
1790693582.325,17.48,15314.2,13724.3,1589.9,89.62,34559720,0,301.8,0.0
1790693583.326,24.10,15314.2,13760.1,1554.1,89.85,11053026,163749,125.9,6.0
1790693584.327,32.44,15314.2,13815.3,1498.9,90.21,15981875,0,185.9,0.0
1790693585.327,31.99,15314.2,13823.8,1490.4,90.27,20521692,134999500,905.3,2380.2
1790693586.328,35.77,15314.2,13646.9,1667.3,89.11,7456425,1546942,429.6,26.0
1790693587.329,26.78,15314.2,13756.6,1557.6,89.83,10766181,278299637,89.9,2394.6
1790693588.329,22.25,15314.2,13599.9,1714.3,88.81,6720939,32745,89.9,2.0
1790693589.330,18.90,15314.2,13735.0,1579.2,89.69,0,65500,0.0,2.0
1790693590.330,27.06,15314.2,13727.4,1586.9,89.64,646823,2145159,24.0,78.0
1790693591.332,17.26,15314.2,13662.9,1651.3,89.22,785405,3027082,73.9,125.8
1790693592.332,25.26,15314.2,13742.8,1571.5,89.74,22663979,0,1563.2,0.0
1790693593.333,17.98,15314.2,13693.5,1620.8,89.42,777802,237434,72.0,8.0
1790693594.333,28.05,15314.2,13717.7,1596.5,89.57,18748568,0,261.8,0.0
1790693595.334,42.53,15314.2,13733.1,1581.1,89.68,3470109,0,89.9,0.0
1790693596.336,29.87,15314.2,13738.9,1575.4,89.71,2282185,214010029,43.9,1697.5
1790693597.339,56.77,15314.2,13709.2,1605.1,89.52,138802,66069684,33.9,881.1
1790693598.340,3.47,15314.2,13700.4,1613.9,89.46,0,0,0.0,0.0
1790693599.340,3.15,15314.2,13696.0,1618.2,89.43,0,0,0.0,0.0
1790693600.341,14.08,15314.2,13594.5,1719.7,88.77,1326381,0,30.0,0.0
1790693601.341,6.38,15314.2,13597.0,1717.2,88.79,392982,1244444,40.0,12.0
1790693602.342,7.36,15314.2,13610.2,1704.0,88.87,237430,40936,30.0,4.0
1790693603.343,18.86,15314.2,13689.8,1624.4,89.39,147365,65496,12.0,2.0
1790693604.343,19.11,15314.2,13661.3,1653.0,89.21,26101522,0,701.6,0.0
1790693605.344,17.66,15314.2,13683.0,1631.3,89.35,10682876,426889351,403.7,3733.3
1790693606.345,18.51,15314.2,13689.2,1625.0,89.39,8285549,80990628,143.8,1036.4
1790693607.346,10.62,15314.2,13679.9,1634.3,89.33,4003450,303263401,119.9,3010.2
1790693608.347,10.70,15314.2,13658.8,1655.4,89.19,26117062,0,287.8,0.0
1790693609.347,11.39,15314.2,13641.5,1672.8,89.08,3340459,277012460,72.0,2754.5
1790693610.356,27.04,15314.2,13553.7,1760.5,88.50,319722748,794860073,6490.1,7047.3
1790693611.357,95.72,15314.2,13569.3,1744.9,88.61,52868459,32716,483.2,2.0
1790693612.359,69.76,15314.2,13568.9,1745.3,88.60,71498759,98892575,956.6,1298.0
1790693613.360,27.55,15314.2,13632.8,1681.5,89.02,6988092,216295370,173.8,3060.6
1790693614.362,21.92,15314.2,13593.6,1720.6,88.76,5867969,17178929,227.5,279.3
1790693615.363,25.50,15314.2,13651.1,1663.2,89.14,7965240,933235,121.9,42.0
1790693616.364,28.93,15314.2,13604.6,1709.6,88.84,5230316,137576137,69.9,1155.0
1790693617.365,14.47,15314.2,13601.8,1712.4,88.82,2717025,662889,44.0,8.0
1790693618.366,14.01,15314.2,13608.2,1706.0,88.86,3208937,24558,64.0,2.0
1790693619.367,18.10,15314.2,13617.7,1696.5,88.92,2447212,0,46.0,0.0
1790693620.367,9.98,15314.2,13618.0,1696.2,88.92,3470931,368377,64.0,40.0
1790693621.368,10.23,15314.2,13611.9,1702.3,88.88,5575040,622178,77.9,46.0
1790693622.369,15.00,15314.2,13565.5,1748.8,88.58,73682,163738,18.0,6.0
1790693623.369,21.10,15314.2,13638.4,1675.8,89.06,0,49121,0.0,8.0
1790693624.370,23.80,15314.2,13681.8,1632.5,89.34,3446724,0,30.0,0.0
1790693625.371,28.26,15314.2,13657.8,1656.5,89.18,1308946,163618,65.9,6.0
1790693626.372,18.25,15314.2,13679.0,1635.3,89.32,0,1269055,0.0,12.0
1790693627.372,16.66,15314.2,13688.7,1625.6,89.39,65501,163752,16.0,6.0
1790693628.373,20.33,15314.2,13709.8,1604.4,89.52,9947936,0,125.9,0.0
1790693629.373,19.50,15314.2,13664.2,1650.0,89.23,7024348,188298,101.9,8.0
1790693630.374,23.95,15314.2,13680.4,1633.8,89.33,8187,0,2.0,0.0
1790693631.375,20.85,15314.2,13587.8,1726.5,88.73,5812958,1400022,101.9,16.0
1790693632.375,18.79,15314.2,13665.5,1648.8,89.23,0,2268051,0.0,20.0
1790693633.376,38.47,15314.2,13674.8,1639.4,89.29,785810,16371,32.0,4.0
1790693634.377,24.19,15314.2,13747.7,1566.6,89.77,212853,0,8.0,0.0
1790693635.377,59.42,15314.2,13707.1,1607.1,89.51,294711,2193959,12.0,34.0
1790693636.378,5.56,15314.2,13642.3,1671.9,89.08,65500,98249,16.0,4.0
1790693637.378,4.74,15314.2,13628.8,1685.4,88.99,17455385,0,267.8,0.0
1790693638.379,14.25,15314.2,13710.1,1604.1,89.53,13133289,818784,237.9,16.0
1790693639.380,3.34,15314.2,13705.1,1609.1,89.49,1236274,0,84.0,0.0
1790693640.380,3.16,15314.2,13698.8,1615.5,89.45,0,0,0.0,0.0
1790693641.381,14.98,15314.2,13754.1,1560.1,89.81,163739,190207056,40.0,1491.1
1790693642.381,25.70,15314.2,13775.8,1538.4,89.95,10602045,0,441.7,0.0
1790693643.382,19.41,15314.2,13770.2,1544.0,89.92,14137230,310298682,227.8,2911.9
1790693644.383,16.97,15314.2,13772.3,1541.9,89.93,695812,3855618,58.0,40.0
1790693645.383,10.74,15314.2,13729.2,1585.1,89.65,163734,255949681,12.0,2720.2
1790693646.384,11.00,15314.2,13685.0,1629.3,89.36,9177300,271962456,133.9,2658.3
1790693647.385,10.54,15314.2,13691.9,1622.3,89.41,11216841,0,139.9,0.0
1790693648.385,10.37,15314.2,13647.6,1666.6,89.12,423966979,769729637,5448.8,7281.7
1790693649.387,68.03,15314.2,13701.1,1613.2,89.47,495034834,518568219,5059.0,4127.0
1790693650.391,97.30,15314.2,13683.5,1630.8,89.35,392459217,2741389,3254.8,25.9
1790693651.394,38.05,15314.2,13712.2,1602.1,89.54,76462894,170108277,1039.8,1824.1
1790693652.395,19.45,15314.2,13704.9,1609.4,89.49,62431225,32738,605.4,2.0
1790693653.395,24.55,15314.2,13778.3,1535.9,89.97,81873,65499,12.0,2.0
1790693654.396,21.97,15314.2,13676.8,1637.5,89.31,24068734,1006957,403.7,42.0
1790693655.396,3.73,15314.2,13664.6,1649.6,89.23,147352,0,10.0,0.0
1790693656.397,3.72,15314.2,13651.8,1662.5,89.14,0,147121037,0.0,1197.4
1790693657.398,9.10,15314.2,13653.6,1660.6,89.16,8188,0,2.0,0.0
1790693658.398,7.20,15314.2,13660.7,1653.5,89.20,0,0,0.0,0.0
1790693659.399,3.97,15314.2,13653.5,1660.8,89.16,90055,458462,22.0,8.0
1790693660.399,18.57,15314.2,13709.9,1604.3,89.52,32749,65499,8.0,2.0
1790693661.400,20.18,15314.2,13746.4,1567.8,89.76,10610424,0,441.7,0.0
1790693662.401,20.55,15314.2,13801.8,1512.4,90.12,106296635,236030101,13084.6,2062.5
1790693663.401,18.39,15314.2,13818.7,1495.5,90.23,9512624,244978730,133.9,2642.2
1790693664.402,10.87,15314.2,13800.8,1513.4,90.12,876030,247081335,18.0,2626.5
1790693665.402,15.81,15314.2,13871.6,1442.6,90.58,43072860,235619431,519.7,2420.6
1790693666.403,10.86,15314.2,13854.8,1459.5,90.47,10781276,0,159.9,0.0
1790693667.404,10.36,15314.2,13837.5,1476.7,90.36,642333512,908234812,6230.1,7961.0
1790693668.404,81.19,15314.2,13812.3,1502.0,90.19,642117977,213559038,6210.0,1676.9
1790693669.412,90.32,15314.2,13826.4,1487.8,90.28,465878061,0,3958.8,0.0
1790693670.413,19.84,15314.2,13891.1,1423.1,90.71,4819857,196771280,44.0,1664.2
1790693671.416,20.65,15314.2,13776.5,1537.7,89.96,15915839,98095,405.1,4.0
1790693672.416,25.03,15314.2,13880.1,1434.2,90.64,786042,0,70.0,0.0
1790693673.417,26.49,15314.2,13881.2,1433.0,90.64,8441633,103993384,197.9,1047.5
1790693674.417,27.35,15314.2,13975.3,1338.9,91.26,7769236,54875860,111.9,2968.1
1790693675.418,26.69,15314.2,13866.5,1447.7,90.55,60642377,65995342,1063.1,525.5
1790693676.419,20.27,15314.2,13922.6,1391.7,90.91,17144026,0,891.5,0.0
1790693677.419,11.16,15314.2,13924.7,1389.6,90.93,4028057,0,119.9,0.0
1790693678.420,11.24,15314.2,13923.5,1390.7,90.92,6990849,0,81.9,0.0
1790693679.422,10.59,15314.2,13920.6,1393.6,90.90,5324098,351669,55.9,6.0
1790693680.422,9.92,15314.2,13917.4,1396.9,90.88,6042109,0,66.0,0.0
1790693681.423,12.90,15314.2,13927.5,1386.7,90.95,2513500,0,36.0,0.0
1790693682.423,20.97,15314.2,13917.6,1396.6,90.88,6827987,0,91.9,0.0
1790693683.424,11.46,15314.2,13920.1,1394.2,90.90,2914502,0,44.0,0.0
1790693684.425,13.50,15314.2,13878.5,1435.8,90.62,212882,276124150,4.0,2548.7
1790693685.427,10.44,15314.2,13901.3,1413.0,90.77,11117326,0,97.8,0.0
1790693686.427,8.26,15314.2,13799.8,1514.5,90.11,1678136,84037801,115.9,833.4
1790693687.428,8.86,15314.2,13808.9,1505.3,90.17,0,0,0.0,0.0
1790693688.429,7.41,15314.2,13828.8,1485.5,90.30,614079,0,52.0,0.0
1790693689.429,3.28,15314.2,13824.0,1490.3,90.27,0,0,0.0,0.0
1790693690.430,3.16,15314.2,13817.0,1497.3,90.22,0,392984,0.0,6.0
1790693691.430,7.84,15314.2,13816.1,1498.2,90.22,818756,65501,62.0,2.0
1790693692.431,20.50,15314.2,13933.6,1380.6,90.98,2366208,0,82.0,0.0
1790693693.434,29.45,15314.2,13972.5,1341.7,91.24,26339697,0,713.8,0.0
1790693694.437,16.09,15314.2,13971.8,1342.5,91.23,13777382,422362116,289.1,4250.9
1790693695.438,11.50,15314.2,13896.8,1417.5,90.74,31856942,227681753,339.8,2516.6
1790693696.438,12.65,15314.2,13850.5,1463.8,90.44,32675396,28098712,273.8,1109.4
1790693697.439,12.33,15314.2,13935.6,1378.6,91.00,33902719,244548228,375.8,2456.5
1790693698.439,13.55,15314.2,13854.5,1459.8,90.47,35619588,236418772,413.7,2574.3
1790693699.440,14.23,15314.2,13812.4,1501.9,90.19,355262059,676600757,11551.7,5721.9
1790693700.441,83.92,15314.2,13781.5,1532.7,89.99,187013139,183322467,3042.8,1452.5
1790693701.445,88.63,15314.2,13806.8,1507.5,90.16,141562267,2383588,1604.3,21.9
1790693702.446,22.18,15314.2,13830.2,1484.1,90.31,30537218,497105329,453.5,4470.8
1790693703.446,22.07,15314.2,13831.9,1482.3,90.32,810553,98249,111.9,4.0
1790693704.447,25.61,15314.2,13866.8,1447.4,90.55,7761669,573119,127.9,22.0
1790693705.448,31.59,15314.2,13848.2,1466.0,90.43,5108683,171927,133.9,8.0
1790693706.448,28.82,15314.2,13977.5,1336.7,91.27,14303148,0,247.9,0.0
1790693707.449,23.56,15314.2,13958.5,1355.8,91.15,89333741,98187,1977.6,4.0
1790693708.450,9.80,15314.2,13941.3,1373.0,91.03,4150777,0,153.9,0.0
1790693709.451,10.55,15314.2,13924.0,1390.2,90.92,6934615,0,187.9,0.0
1790693710.451,13.16,15314.2,13896.9,1417.4,90.74,6377900,622234,155.9,8.0
1790693711.452,9.99,15314.2,13886.3,1427.9,90.68,14753602,0,265.8,0.0
1790693712.452,13.83,15314.2,13861.5,1452.7,90.51,8514534,311108,209.9,4.0
1790693713.455,23.13,15314.2,13839.4,1474.8,90.37,12873175,2558288,315.3,191.6
1790693714.455,10.25,15314.2,13848.5,1465.8,90.43,7465848,0,201.9,0.0
1790693715.456,12.12,15314.2,13859.9,1454.4,90.50,5788341,335675,165.9,6.0
1790693716.457,12.30,15314.2,13877.7,1436.6,90.62,245603,125986278,10.0,1039.3
1790693717.457,13.88,15314.2,13858.9,1455.3,90.50,4691145,2202300,58.0,18.0
1790693718.458,7.96,15314.2,13745.7,1568.6,89.76,900572,458473,58.0,10.0
1790693719.458,9.68,15314.2,13753.6,1560.6,89.81,245576,0,4.0,0.0
1790693720.459,3.34,15314.2,13747.4,1566.9,89.77,302917,0,18.0,0.0
1790693721.460,3.35,15314.2,13744.4,1569.9,89.75,0,125753176,0.0,965.4
1790693722.460,3.28,15314.2,13738.5,1575.8,89.71,8187,8187,2.0,2.0
1790693723.461,15.25,15314.2,13788.9,1525.3,90.04,646813,450313,68.0,8.0
1790693724.461,23.92,15314.2,13843.2,1471.0,90.39,98249,0,6.0,0.0
1790693725.462,23.06,15314.2,13822.1,1492.1,90.26,116493143,208909944,1317.1,1960.7
1790693726.463,11.25,15314.2,13832.8,1481.5,90.33,3372843,196713685,107.9,2284.5
1790693727.463,10.87,15314.2,13818.9,1495.4,90.24,16375,292713102,4.0,2854.4
1790693728.464,11.05,15314.2,13788.3,1525.9,90.04,18412960,0,147.9,0.0
1790693729.465,10.92,15314.2,13771.7,1542.5,89.93,25528067,250695770,283.8,2544.5
1790693730.465,21.50,15314.2,13717.2,1597.1,89.57,77671893,251887158,1482.1,2600.5
1790693731.466,36.96,15314.2,13718.8,1595.5,89.58,445478778,799057401,7319.3,6590.9
1790693732.468,95.93,15314.2,13723.2,1591.1,89.61,103390904,32684,1086.2,2.0
1790693733.470,57.78,15314.2,13763.5,1550.7,89.87,79958274,244336259,1039.3,2587.8
1790693734.471,21.46,15314.2,13680.1,1634.1,89.33,36129030,224137433,387.5,1847.6
1790693735.472,19.47,15314.2,13750.0,1564.3,89.79,147366,1334480,20.0,32.0
1790693736.473,21.04,15314.2,13742.7,1571.5,89.74,75584630,0,759.4,0.0
1790693737.473,7.33,15314.2,13706.8,1607.5,89.50,14024731,98247,283.8,4.0
1790693738.474,3.10,15314.2,13708.5,1605.8,89.51,0,0,0.0,0.0
1790693739.475,3.28,15314.2,13704.8,1609.4,89.49,0,62977083,0.0,541.7
1790693740.475,3.34,15314.2,13707.9,1606.4,89.51,16374,0,4.0,0.0
1790693741.476,8.79,15314.2,13721.3,1592.9,89.60,270179,589481,6.0,26.0
1790693742.476,17.53,15314.2,13770.9,1543.3,89.92,106441,352073,26.0,28.0
1790693743.477,21.38,15314.2,13868.4,1445.9,90.56,7318049,777645,273.8,83.9
1790693744.478,16.01,15314.2,13799.3,1515.0,90.11,9011677,227968406,227.8,2891.5
1790693745.479,16.27,15314.2,13769.8,1544.5,89.91,31393185,147036345,441.7,1289.1
1790693746.479,10.68,15314.2,13762.6,1551.6,89.87,1424455,263213156,30.0,2694.2
1790693747.480,21.34,15314.2,13796.7,1517.5,90.09,58524618,54144890,765.5,527.6
1790693748.481,10.80,15314.2,13767.8,1546.4,89.90,22458234,249857060,237.9,2538.6
1790693749.481,11.46,15314.2,13758.5,1555.7,89.84,118934775,472636171,3941.7,4533.3
1790693750.485,50.38,15314.2,13751.1,1563.1,89.79,252159775,626910028,8592.8,4948.0
1790693751.486,97.37,15314.2,13730.1,1584.1,89.66,76273536,0,783.2,0.0
1790693752.487,40.96,15314.2,13779.1,1535.1,89.98,55648209,132343433,629.1,1202.2
1790693753.489,22.17,15314.2,13724.0,1590.3,89.62,8647670,124593539,133.8,1006.7
1790693754.489,28.12,15314.2,13784.8,1529.5,90.01,1571870,65495,32.0,2.0
1790693755.490,25.16,15314.2,13746.4,1567.8,89.76,101058560,130383881,1087.3,1077.3
1790693756.490,9.25,15314.2,13616.3,1698.0,88.91,10904696,98241,131.9,4.0
1790693757.491,3.16,15314.2,13618.1,1696.1,88.92,221031,466622,12.0,24.0
1790693758.492,4.90,15314.2,13624.3,1690.0,88.96,0,0,0.0,0.0
1790693759.492,11.25,15314.2,13644.6,1669.7,89.10,0,0,0.0,0.0
1790693760.493,6.70,15314.2,13638.5,1675.7,89.06,130990,0,12.0,0.0
1790693761.494,15.38,15314.2,13694.1,1620.1,89.42,65504,65504,16.0,2.0
1790693762.494,19.62,15314.2,13772.5,1541.8,89.93,9178599,1097174,335.8,74.0
1790693763.495,21.64,15314.2,13757.2,1557.0,89.83,54855914,177291038,1851.0,2080.8
1790693764.514,16.72,15314.2,13761.2,1553.0,89.86,9563110,261265761,131.5,2576.1
1790693765.515,14.97,15314.2,13714.7,1599.6,89.56,319301,265928826,14.0,2772.4
1790693766.515,10.73,15314.2,13698.8,1615.4,89.45,13320622,2628101,115.9,42.0
1790693767.516,11.25,15314.2,13714.2,1600.0,89.55,13197795,267591021,143.9,2758.4
1790693768.516,11.19,15314.2,13619.5,1694.8,88.93,100654733,794160439,2920.3,6816.1
1790693769.519,80.11,15314.2,13580.1,1734.1,88.68,37233731,242705740,1125.3,1917.4
1790693770.521,88.49,15314.2,13624.9,1689.4,88.97,58185277,0,959.7,0.0
1790693771.522,17.67,15314.2,13660.0,1654.3,89.20,9287050,274217553,109.9,2451.1
1790693772.525,27.46,15314.2,13563.0,1751.2,88.56,19796370,186978429,325.3,1758.0
1790693773.525,25.23,15314.2,13694.7,1619.6,89.42,122806,65497,14.0,2.0
1790693774.526,22.39,15314.2,13725.2,1589.0,89.62,9373759,98240,229.9,4.0
1790693775.527,23.89,15314.2,13781.2,1533.1,89.99,18213508,311062,523.6,30.0
1790693776.527,23.81,15314.2,13806.0,1508.3,90.15,85917967,1227750,1552.7,58.0
1790693777.528,29.71,15314.2,13845.5,1468.7,90.41,32036315,106433,535.7,4.0
1790693778.529,13.25,15314.2,13824.3,1489.9,90.27,18927219,0,251.8,0.0
1790693779.529,9.85,15314.2,13811.6,1502.6,90.19,10405703,0,139.9,0.0
1790693780.530,10.73,15314.2,13808.3,1505.9,90.17,20305137,0,235.9,0.0
1790693781.530,12.71,15314.2,13799.9,1514.3,90.11,18471305,556759,259.9,8.0
1790693782.531,9.99,15314.2,13792.1,1522.2,90.06,10897265,8187,185.9,2.0
1790693783.532,25.10,15314.2,13784.8,1529.5,90.01,20583038,0,207.9,0.0
1790693784.532,11.15,15314.2,13775.8,1538.5,89.95,11159186,0,105.9,0.0
1790693785.533,15.12,15314.2,13851.8,1462.5,90.45,18316198,524022,685.7,99.9
1790693786.533,11.54,15314.2,13789.8,1524.5,90.05,15408377,144832191,293.8,1143.3
1790693787.534,10.42,15314.2,13695.9,1618.4,89.43,1809324,646772,46.0,16.0
1790693788.535,6.34,15314.2,13702.0,1612.3,89.47,0,458427,0.0,24.0
1790693789.535,9.61,15314.2,13716.7,1597.6,89.57,130972,0,16.0,0.0
1790693790.536,3.22,15314.2,13715.0,1599.2,89.56,237441,0,22.0,0.0
1790693791.536,3.41,15314.2,13708.5,1605.7,89.51,4609290,142519587,133.9,1095.3
1790693792.537,4.76,15314.2,13721.7,1592.5,89.60,147367,40935,36.0,2.0
1790693793.538,21.10,15314.2,13789.1,1525.2,90.04,8188,270206,2.0,6.0
1790693794.538,31.07,15314.2,13996.2,1318.0,91.39,9127704,0,333.8,0.0
1790693795.539,16.40,15314.2,13871.6,1442.7,90.58,22112958,396027445,543.7,4171.4
1790693796.539,10.79,15314.2,13864.9,1449.3,90.54,8310165,207361120,89.9,2170.8
1790693797.540,10.50,15314.2,13884.8,1429.5,90.67,6476220,1146234,54.0,30.0
1790693798.541,10.86,15314.2,13876.0,1438.3,90.61,13198056,198363832,119.9,2038.8
1790693799.541,11.12,15314.2,13874.5,1439.7,90.60,14089577,202059763,141.9,2190.6
1790693800.542,18.05,15314.2,13884.0,1430.3,90.66,282636837,730834249,10493.8,6266.3
1790693801.543,52.84,15314.2,13832.1,1482.2,90.32,299263264,387834455,8554.4,3120.5
1790693802.546,95.68,15314.2,13825.9,1488.3,90.28,237251267,939269,2277.2,27.9
1790693803.547,43.39,15314.2,13955.7,1358.6,91.13,104477654,146761550,1023.3,1207.2
1790693804.547,20.10,15314.2,13764.7,1549.5,89.88,8881502,164033558,201.8,1321.0
1790693805.548,23.61,15314.2,13850.8,1463.4,90.44,0,2513614,0.0,24.0
1790693806.549,34.50,15314.2,13911.9,1402.3,90.84,327446,79471245,52.0,637.5
1790693807.549,28.38,15314.2,13983.7,1330.6,91.31,253727,2529081,2.0,299.7
1790693808.550,29.41,15314.2,14013.6,1300.6,91.51,4608752,8186,71.9,2.0
1790693809.551,14.96,15314.2,13894.6,1419.7,90.73,1154282,6401765,60.0,83.9
1790693810.551,11.55,15314.2,13897.4,1416.8,90.75,0,663182,0.0,8.0
1790693811.552,14.46,15314.2,13904.4,1409.8,90.79,0,0,0.0,0.0
1790693812.553,16.03,15314.2,13905.8,1408.5,90.80,0,0,0.0,0.0
1790693813.553,10.30,15314.2,13896.4,1417.8,90.74,0,32749,0.0,2.0
1790693814.554,14.93,15314.2,13903.7,1410.5,90.79,229247,0,10.0,0.0
1790693815.554,10.60,15314.2,13891.6,1422.6,90.71,24562,646802,6.0,28.0
1790693816.555,10.54,15314.2,13892.0,1422.3,90.71,466623,245591,40.0,26.0
1790693817.556,15.04,15314.2,13910.0,1404.2,90.83,1170653,0,54.0,0.0
1790693818.556,15.90,15314.2,13886.4,1427.8,90.68,0,150892496,0.0,1175.3
1790693819.557,11.97,15314.2,13896.1,1418.2,90.74,0,188293,0.0,18.0
1790693820.558,7.89,15314.2,13740.8,1573.4,89.73,65494,40934,16.0,2.0
1790693821.558,3.03,15314.2,13743.5,1570.7,89.74,0,8187,0.0,2.0
1790693822.559,4.30,15314.2,13814.1,1500.1,90.20,114624,0,6.0,0.0
1790693823.559,16.05,15314.2,13844.1,1470.2,90.40,0,0,0.0,0.0
1790693824.560,3.85,15314.2,13844.4,1469.9,90.40,0,148659672,0.0,1153.3
1790693825.561,7.85,15314.2,13841.4,1472.8,90.38,73686,433930,18.0,12.0
1790693826.561,19.34,15314.2,13908.2,1406.0,90.82,0,0,0.0,0.0
1790693827.561,20.15,15314.2,13800.1,1514.1,90.11,24907789,140628297,603.7,1321.3
1790693828.562,13.76,15314.2,13784.4,1529.8,90.01,10676325,306837912,153.9,3238.2
1790693829.563,15.57,15314.2,13795.6,1518.6,90.08,24397106,0,781.5,0.0
1790693830.563,10.94,15314.2,13806.7,1507.5,90.16,17258865,247707280,151.9,2456.6
1790693831.564,11.64,15314.2,13790.1,1524.2,90.05,21989672,236753285,209.9,2718.3
1790693832.565,11.36,15314.2,13779.8,1534.5,89.98,2389896,0,81.9,0.0
1790693833.566,25.69,15314.2,13747.9,1566.3,89.77,651554864,952566453,7593.6,8045.1
1790693834.568,95.71,15314.2,13774.5,1539.7,89.95,202322263,89946,2018.3,16.0
1790693835.570,64.64,15314.2,13788.9,1525.3,90.04,241675970,163005407,2213.0,6908.4
1790693836.571,27.63,15314.2,13786.5,1527.7,90.02,7946791,207508632,85.9,9618.8
1790693837.586,19.47,15314.2,13714.1,1600.2,89.55,8514095,21789626,419.7,370.4
1790693838.587,30.07,15314.2,13778.2,1536.0,89.97,5165509,0,101.9,0.0
1790693839.587,12.10,15314.2,13644.6,1669.7,89.10,127623457,186597119,1287.1,1704.8
1790693840.588,3.22,15314.2,13650.8,1663.4,89.14,0,556732,0.0,8.0
1790693841.589,6.21,15314.2,13654.0,1660.3,89.16,0,0,0.0,0.0
1790693842.589,8.19,15314.2,13663.3,1650.9,89.22,0,8186,0.0,2.0
1790693843.590,3.41,15314.2,13671.6,1642.6,89.27,0,0,0.0,0.0
1790693844.590,7.66,15314.2,13658.0,1656.2,89.19,131003,65501,32.0,2.0
1790693845.591,20.56,15314.2,13774.2,1540.1,89.94,14558441,196514,817.6,4.0
1790693846.591,20.14,15314.2,13791.2,1523.0,90.05,34959778,271007868,625.6,2834.4
1790693847.592,17.59,15314.2,13770.0,1544.3,89.92,34011074,260833421,701.4,2811.8
1790693848.593,14.96,15314.2,13791.1,1523.1,90.05,81854,0,8.0,0.0
1790693849.594,12.34,15314.2,13765.4,1548.8,89.89,7852112,259103333,121.9,2624.7
1790693850.594,14.51,15314.2,13757.2,1557.1,89.83,2112323,259864827,32.0,2598.5
1790693851.595,10.68,15314.2,13712.1,1602.2,89.54,83595038,293696141,1449.2,2880.4
1790693852.596,30.18,15314.2,13700.3,1613.9,89.46,708132407,896792076,12810.3,7353.0
1790693853.598,97.18,15314.2,13725.7,1588.5,89.63,408964890,784852,3729.5,77.8
1790693854.600,56.03,15314.2,13730.8,1583.5,89.66,213793099,555880,1918.9,99.8
1790693855.601,19.08,15314.2,13762.3,1551.9,89.87,59310800,282475255,479.6,2226.2
1790693856.601,23.12,15314.2,13776.1,1538.1,89.96,507669,106447,52.0,4.0
1790693857.602,26.23,15314.2,13788.3,1525.9,90.04,24563,0,4.0,0.0
1790693858.603,26.36,15314.2,13814.6,1499.7,90.21,8186,0,2.0,0.0
1790693859.603,15.72,15314.2,13810.4,1503.8,90.18,8187,859592,2.0,26.0
1790693860.604,14.20,15314.2,13809.9,1504.3,90.18,695882,417529,44.0,46.0
1790693861.604,12.82,15314.2,13796.7,1517.5,90.09,0,0,0.0,0.0
1790693862.605,25.28,15314.2,13812.2,1502.0,90.19,8187,237434,2.0,22.0
1790693863.606,19.35,15314.2,13683.9,1630.3,89.35,728514,425648,58.0,36.0
1790693864.606,19.80,15314.2,13748.9,1565.4,89.78,188307,2505302,46.0,32.0
1790693865.607,20.61,15314.2,13780.9,1533.4,89.99,36326225,0,495.6,0.0
1790693866.608,18.58,15314.2,13741.5,1572.7,89.73,466631,106425,32.0,4.0
1790693867.608,20.63,15314.2,13848.5,1465.7,90.43,0,65499,0.0,2.0
1790693868.609,14.90,15314.2,13787.9,1526.3,90.03,81867,171921,20.0,6.0
1790693869.610,19.65,15314.2,13874.6,1439.6,90.60,253800,0,24.0,0.0
1790693870.610,22.37,15314.2,13824.8,1489.4,90.27,163743,1383629,26.0,16.0
1790693871.611,16.63,15314.2,13911.0,1403.3,90.84,0,65501,0.0,2.0
1790693872.611,24.14,15314.2,13975.8,1338.5,91.26,4601225,0,70.0,0.0
1790693873.612,19.21,15314.2,13932.2,1382.1,90.98,73689,171941,18.0,6.0
1790693874.613,22.19,15314.2,13953.6,1360.7,91.11,1686077,2201722,109.9,18.0
1790693875.616,35.73,15314.2,13887.0,1427.3,90.68,2271068,1315259,41.9,12.0
1790693876.616,34.35,15314.2,13875.7,1438.6,90.61,875800,0,89.9,0.0
1790693877.621,39.99,15314.2,13805.9,1508.4,90.15,187625,106049,37.8,4.0
1790693878.621,3.22,15314.2,13805.4,1508.9,90.15,8187,5141235,2.0,64.0
1790693879.622,3.40,15314.2,13806.4,1507.8,90.15,0,0,0.0,0.0
1790693880.622,3.34,15314.2,13808.5,1505.8,90.17,0,42817628,0.0,823.5
1790693881.623,3.22,15314.2,13805.7,1508.5,90.15,0,0,0.0,0.0
1790693882.624,8.34,15314.2,13822.3,1491.9,90.26,65500,65500,16.0,2.0
1790693883.624,26.82,15314.2,13909.2,1405.0,90.83,0,190023663,0.0,1487.2
1790693884.625,21.89,15314.2,13938.2,1376.0,91.01,25315239,3888984,611.7,381.8
1790693885.625,13.64,15314.2,13811.5,1502.8,90.19,4322589,494035935,95.9,4932.8
1790693886.626,10.73,15314.2,13796.2,1518.0,90.09,8588864,40938,94.0,2.0
1790693887.626,11.10,15314.2,13799.8,1514.4,90.11,10725408,251637732,97.9,2474.6
1790693888.627,16.46,15314.2,13811.4,1502.8,90.19,24463523,259118486,225.9,2606.5
1790693889.628,15.65,15314.2,13811.9,1502.3,90.19,589422,73678,16.0,14.0
1790693890.628,9.90,15314.2,13758.1,1556.2,89.84,570522638,1076822492,12481.6,9457.6
1790693891.630,95.29,15314.2,13758.7,1555.5,89.84,301499821,0,2796.4,0.0
1790693892.632,70.96,15314.2,13781.5,1532.7,89.99,237739277,1568481,2156.0,37.9
1790693893.633,18.43,15314.2,13808.0,1506.2,90.16,8758100,300140918,81.9,2408.0
1790693894.634,19.53,15314.2,13784.3,1530.0,90.01,245621,147373,60.0,6.0
1790693895.634,30.57,15314.2,13864.9,1449.3,90.54,294750,0,24.0,0.0
1790693896.635,32.23,15314.2,13878.5,1435.7,90.63,163735,171922,26.0,6.0
1790693897.636,28.94,15314.2,13917.8,1396.4,90.88,8185,368329,2.0,6.0
1790693898.639,33.71,15314.2,13933.6,1380.7,90.98,457288,0,25.9,0.0
1790693899.640,24.67,15314.2,13904.3,1409.9,90.79,0,0,0.0,0.0
1790693900.640,22.47,15314.2,13901.8,1412.4,90.78,0,0,0.0,0.0
1790693901.641,18.27,15314.2,13903.0,1411.2,90.79,180067,0,24.0,0.0
1790693902.642,24.04,15314.2,13901.7,1412.5,90.78,0,523995,0.0,8.0
1790693903.643,26.49,15314.2,13905.5,1408.8,90.80,491201,0,56.0,0.0
1790693904.644,20.52,15314.2,13824.7,1489.5,90.27,2871866,171821,229.7,6.0
1790693905.644,32.31,15314.2,13963.5,1350.7,91.18,40545695,581212,497.6,22.0
1790693906.645,25.57,15314.2,13984.7,1329.5,91.32,2194231,507621,86.0,78.0
1790693907.646,29.26,15314.2,13935.5,1378.7,91.00,818680,171923,66.0,6.0
1790693908.646,27.27,15314.2,13976.2,1338.0,91.26,5502408,145723746,211.9,1151.5
1790693909.660,28.66,15314.2,13915.6,1398.7,90.87,25485771,135264415,528.5,1139.9
1790693910.661,22.95,15314.2,13884.3,1430.0,90.66,3700963,1416519,117.9,16.0
1790693911.661,22.24,15314.2,13930.6,1383.7,90.96,41500897,86890713,483.7,713.6
1790693912.662,19.81,15314.2,13822.0,1492.2,90.26,3021047,106433,255.8,4.0
1790693913.662,22.85,15314.2,13888.9,1425.3,90.69,859718,0,18.0,0.0
1790693914.663,15.67,15314.2,13803.5,1510.8,90.13,34790925,171908,291.8,6.0
1790693915.664,20.38,15314.2,13866.8,1447.5,90.55,32745,0,8.0,0.0
1790693916.665,35.22,15314.2,13958.0,1356.3,91.14,25956756,160340884,495.6,1698.7
1790693917.666,26.32,15314.2,13899.4,1414.9,90.76,5179040,0,145.8,0.0
1790693918.668,61.14,15314.2,13858.9,1455.3,90.50,751970,40868,79.8,2.0
1790693919.669,3.54,15314.2,13864.0,1450.3,90.53,0,0,0.0,0.0
1790693920.669,3.28,15314.2,13863.4,1450.9,90.53,16374,0,4.0,0.0
1790693921.670,13.15,15314.2,13883.4,1430.8,90.66,352052,2660857,16.0,62.0
1790693922.670,4.54,15314.2,13885.3,1428.9,90.67,0,4257295,0.0,54.0
1790693923.671,9.45,15314.2,13903.4,1410.9,90.79,163721,2439447,38.0,287.8
1790693924.672,17.99,15314.2,13988.1,1326.2,91.34,515833,33479998,6.0,297.8
1790693925.672,20.80,15314.2,14019.7,1294.6,91.55,24361555,231721282,691.5,2116.5
1790693926.673,16.53,15314.2,13979.7,1334.6,91.29,18233412,229289040,517.7,2478.6
1790693927.674,15.82,15314.2,14030.6,1283.6,91.62,27234798,214260173,641.5,2212.4
1790693928.674,14.46,15314.2,14020.0,1294.3,91.55,32189701,213473712,387.7,2120.6
1790693929.675,10.44,15314.2,13999.2,1315.0,91.41,40110393,270186,493.7,18.0
1790693930.675,11.11,15314.2,14007.9,1306.3,91.47,19396082,222256671,343.8,2546.6
1790693931.676,9.42,15314.2,13958.8,1355.4,91.15,476709065,799994900,10685.4,6859.8
1790693932.677,82.67,15314.2,13965.6,1348.6,91.19,308358609,150852753,3919.9,1190.7
1790693933.689,91.21,15314.2,14011.6,1302.7,91.49,243608437,173141314,2374.7,1560.8
1790693934.690,19.23,15314.2,14039.4,1274.8,91.68,22164843,224169395,211.8,1766.5
1790693935.691,26.49,15314.2,13960.8,1353.4,91.16,12844780,4707297,179.9,99.9
1790693936.692,26.07,15314.2,14041.1,1273.1,91.69,245620,0,32.0,0.0
1790693937.692,23.79,15314.2,14051.2,1263.0,91.75,368390,171915,28.0,6.0
1790693938.693,27.68,15314.2,14061.8,1252.5,91.82,270176,0,4.0,0.0
1790693939.694,34.69,15314.2,14103.1,1211.2,92.09,0,86986762,0.0,735.5
1790693940.694,39.84,15314.2,14073.4,1240.9,91.90,16370,0,4.0,0.0
1790693941.695,30.43,15314.2,14054.5,1259.7,91.77,0,638523,0.0,8.0
1790693942.696,18.39,15314.2,14031.4,1282.8,91.62,8186,196461,2.0,22.0
1790693943.697,25.79,15314.2,14025.4,1288.9,91.58,0,0,0.0,0.0
1790693944.697,17.64,15314.2,14025.2,1289.0,91.58,188293,0,22.0,0.0
1790693945.698,21.09,15314.2,13853.5,1460.7,90.46,777766,114618,56.0,6.0
1790693946.699,28.59,15314.2,13916.9,1397.3,90.88,0,65488,0.0,2.0
1790693947.699,30.27,15314.2,13952.3,1362.0,91.11,2865350,499390,66.0,6.0
1790693948.700,32.02,15314.2,14036.1,1278.2,91.65,34832071,0,415.7,0.0
1790693949.701,27.28,15314.2,13969.7,1344.5,91.22,605763,140414132,40.0,1101.2
1790693950.701,27.20,15314.2,13984.2,1330.1,91.31,695821,4486000,36.0,349.7
1790693951.702,24.48,15314.2,13918.6,1395.6,90.89,90057,106431,20.0,4.0
1790693952.703,22.93,15314.2,13895.1,1419.2,90.73,0,1449230,0.0,34.0
1790693953.703,21.21,15314.2,13924.7,1389.6,90.93,835166,0,38.0,0.0
1790693954.704,19.09,15314.2,13885.1,1429.1,90.67,3241841,5411254,42.0,66.0
1790693955.704,18.98,15314.2,13916.1,1398.2,90.87,5190420,0,72.0,0.0
1790693956.705,15.42,15314.2,13905.2,1409.0,90.80,933315,171926,36.0,6.0
1790693957.705,24.05,15314.2,13906.8,1407.4,90.81,8188,0,2.0,0.0
1790693958.706,47.09,15314.2,13865.3,1449.0,90.54,3356685,168988614,137.9,2504.5
1790693959.708,20.44,15314.2,13869.8,1444.4,90.57,662269,83208836,22.0,648.7
1790693960.711,56.81,15314.2,13763.3,1550.9,89.87,400137,151015000,65.8,1279.9
1790693961.712,4.55,15314.2,13754.7,1559.6,89.82,0,0,0.0,0.0
1790693962.712,3.28,15314.2,13755.7,1558.5,89.82,0,8187,0.0,2.0
1790693963.713,10.69,15314.2,13797.2,1517.0,90.09,8188,1629375,2.0,16.0
1790693964.713,4.23,15314.2,13797.8,1516.4,90.10,957872,32748,38.0,2.0
1790693965.714,7.77,15314.2,13886.0,1428.2,90.67,42464902,12828707,511.7,123.9
1790693966.715,17.08,15314.2,13951.8,1362.5,91.10,0,65491,0.0,2.0
1790693967.715,18.29,15314.2,13944.3,1370.0,91.05,23095167,225155363,589.6,2194.6
1790693968.716,17.23,15314.2,13881.4,1432.8,90.64,11639281,178346197,207.8,2074.3
1790693969.717,16.27,15314.2,13880.3,1433.9,90.64,3634323,253976950,91.9,2508.0
1790693970.718,13.91,15314.2,13823.0,1491.2,90.26,18527007,0,195.9,0.0
1790693971.718,10.67,15314.2,13824.5,1489.8,90.27,21451461,260078495,219.9,2680.6
1790693972.719,10.75,15314.2,13791.7,1522.6,90.06,36580898,264654774,963.4,2670.5
1790693973.720,22.73,15314.2,13832.9,1481.3,90.33,431594269,788787584,11605.4,6574.9
1790693974.724,97.12,15314.2,13850.4,1463.8,90.44,59931967,32629,551.7,2.0
1790693975.729,66.05,15314.2,13858.6,1455.6,90.50,64731188,255647429,869.8,2362.6
1790693976.730,19.75,15314.2,13875.4,1438.9,90.60,286473,214396310,4.0,2018.3
1790693977.730,19.31,15314.2,13843.0,1471.2,90.39,7843405,106435,409.8,4.0
1790693978.731,26.80,15314.2,13874.6,1439.7,90.60,221045,2243198,10.0,20.0
1790693979.732,26.01,15314.2,13920.9,1393.3,90.90,278228,0,24.0,0.0
1790693980.733,17.59,15314.2,13929.4,1384.8,90.96,2357539,0,69.9,0.0
1790693981.733,12.94,15314.2,13933.0,1381.3,90.98,0,63803200,0.0,553.7
1790693982.734,19.64,15314.2,13918.9,1395.3,90.89,0,0,0.0,0.0
1790693983.735,11.05,15314.2,13929.4,1384.8,90.96,8187,769574,2.0,30.0
1790693984.735,14.30,15314.2,13813.0,1501.3,90.20,3978665,352022,145.9,30.0
1790693985.736,16.91,15314.2,13886.6,1427.7,90.68,1203382,65490,48.0,2.0
1790693986.737,22.41,15314.2,13944.2,1370.0,91.05,23284186,0,411.8,0.0
1790693987.737,28.39,15314.2,13845.1,1469.1,90.41,8285346,106432,373.8,4.0
1790693988.738,19.76,15314.2,13927.1,1387.2,90.94,32752,1711287,8.0,20.0
1790693989.738,20.54,15314.2,13906.5,1407.7,90.81,15187766,1686620,447.8,257.9
1790693990.739,17.08,15314.2,13986.0,1328.2,91.33,8188,65500,2.0,2.0
1790693991.740,19.81,15314.2,14004.2,1310.0,91.45,24625379,0,305.8,0.0
1790693992.740,22.50,15314.2,14071.2,1243.1,91.88,15678761,171934,475.7,6.0
1790693993.741,26.51,15314.2,14049.9,1264.3,91.74,49123,1752042,8.0,62.0
1790693994.741,22.78,15314.2,14016.9,1297.3,91.53,134626269,483060,1477.2,12.0
1790693995.742,20.97,15314.2,14003.9,1310.4,91.44,22703869,73687,473.7,6.0
1790693996.742,41.69,15314.2,13985.4,1328.8,91.32,10120122,0,183.9,0.0
1790693997.743,26.03,15314.2,14086.5,1227.7,91.98,10133148,753029,363.7,109.9
1790693998.744,63.69,15314.2,14027.4,1286.9,91.60,425681,189788305,22.0,1490.9
1790693999.745,4.67,15314.2,13868.8,1445.4,90.56,319300,1580127,22.0,16.0
1790694000.745,3.28,15314.2,13863.1,1451.1,90.52,180119,0,10.0,0.0
1790694001.746,3.80,15314.2,13771.0,1543.3,89.92,28828993,0,1291.3,0.0
1790694002.746,3.92,15314.2,13777.5,1536.8,89.96,9333433,0,567.7,0.0
1790694003.747,10.46,15314.2,13802.3,1511.9,90.13,163744,0,10.0,0.0
1790694004.747,16.27,15314.2,13866.0,1448.2,90.54,2554355,392978,173.9,24.0
1790694005.748,23.98,15314.2,13913.5,1400.8,90.85,15144545,8186,549.6,2.0
1790694006.749,18.52,15314.2,13886.0,1428.2,90.67,25929301,238022308,995.4,2370.7
1790694007.749,11.58,15314.2,13900.9,1413.3,90.77,11904107,190416584,457.7,2256.7
1790694008.750,16.65,15314.2,13905.2,1409.0,90.80,9390819,235368152,151.9,2634.5
1790694009.751,22.32,15314.2,13897.1,1417.1,90.75,17030584,241022449,215.8,2657.4
1790694010.751,10.93,15314.2,13867.8,1446.5,90.55,14113990,251988749,147.9,2640.3
1790694011.752,9.85,15314.2,13818.7,1495.6,90.23,332881878,550376713,8612.7,4695.1
1790694012.755,74.43,15314.2,13803.2,1511.1,90.13,259119420,240706003,4750.8,1958.5
1790694013.756,94.81,15314.2,13821.1,1493.1,90.25,205863990,0,2123.5,0.0
1790694014.757,21.02,15314.2,13825.1,1489.2,90.28,425548,300919888,26.0,3478.4
1790694015.758,21.59,15314.2,13801.1,1513.2,90.12,4379718,16028949,141.9,155.9
1790694016.758,26.70,15314.2,13857.8,1456.4,90.49,0,0,0.0,0.0
1790694017.759,33.74,15314.2,13855.1,1459.1,90.47,597694,129863245,28.0,1045.4
1790694018.760,22.22,15314.2,13904.5,1409.8,90.79,270110,0,6.0,0.0
1790694019.760,13.59,15314.2,13897.8,1416.5,90.75,16374,736822,4.0,10.0
1790694020.761,16.03,15314.2,13904.7,1409.6,90.80,122797,0,20.0,0.0
1790694021.762,22.55,15314.2,13906.5,1407.7,90.81,16374,16374,4.0,4.0
1790694022.762,17.45,15314.2,13968.2,1346.0,91.21,40868516,1964833,733.5,52.0
1790694023.763,21.28,15314.2,13867.3,1446.9,90.55,31561250,32478205,413.8,301.8
1790694024.763,20.96,15314.2,13952.5,1361.8,91.11,49125,0,8.0,0.0
1790694025.764,25.22,15314.2,13997.7,1316.5,91.40,46088907,1539026,651.5,50.0
1790694026.767,20.07,15314.2,13946.1,1368.1,91.07,253111,171462,25.9,6.0
1790694027.768,24.25,15314.2,14002.8,1311.4,91.44,46777459,46982121,551.6,429.7
1790694028.769,16.23,15314.2,13945.8,1368.4,91.06,573171,171951,52.0,6.0
1790694029.769,19.32,15314.2,14026.3,1287.9,91.59,409378,8188,14.0,2.0
1790694030.770,23.15,15314.2,13861.4,1452.8,90.51,2636422,3111306,86.0,121.9
1790694031.770,19.66,15314.2,13954.0,1360.3,91.12,0,65505,0.0,2.0
1790694032.771,23.24,15314.2,13990.5,1323.8,91.36,5190334,116209441,72.0,927.4
1790694033.771,22.66,15314.2,13978.1,1336.1,91.28,253817,114627,38.0,8.0
1790694034.772,27.46,15314.2,13998.4,1315.8,91.41,4420974,0,175.9,0.0
1790694035.773,32.61,15314.2,14011.3,1303.0,91.49,3200159,1988846,67.9,141.9
1790694036.774,46.56,15314.2,13985.5,1328.8,91.32,30007462,8181,1460.0,2.0
1790694037.778,37.40,15314.2,13892.6,1421.6,90.72,23483210,685403,1147.4,111.6
1790694038.779,13.61,15314.2,13969.8,1344.5,91.22,27574037,556720,1055.4,113.9
1790694039.779,18.04,15314.2,14043.6,1270.7,91.70,45998353,0,1325.1,0.0
1790694040.780,5.52,15314.2,14033.5,1280.7,91.64,1694694,4560119,93.9,455.7
1790694041.781,10.16,15314.2,14069.1,1245.1,91.87,36576932,6958459,1263.1,87.9
1790694042.781,14.89,15314.2,14069.8,1244.4,91.87,46923552,51073978,763.5,601.6
1790694043.782,24.43,15314.2,14184.0,1130.2,92.62,2398910,189374676,173.9,1487.2
1790694044.783,22.89,15314.2,14130.4,1183.8,92.27,26887342,207427162,717.6,2078.8
1790694045.783,10.82,15314.2,14069.5,1244.7,91.87,15358723,179965586,203.9,2122.7
1790694046.784,9.77,15314.2,14002.0,1312.2,91.43,19983351,221576965,179.9,2324.5
1790694047.784,10.09,15314.2,13974.8,1339.5,91.25,44102219,224448939,411.7,2236.6
1790694048.785,9.96,15314.2,13997.4,1316.9,91.40,21778336,6361567,195.9,95.9
1790694049.786,17.43,15314.2,13966.1,1348.2,91.20,70396399,347151915,1828.8,3825.5
1790694050.791,22.64,15314.2,14009.8,1304.4,91.48,601678051,880072728,17057.5,7047.4
1790694051.792,95.21,15314.2,14032.6,1281.6,91.63,350557130,1219429,4971.2,253.8
1790694052.793,86.40,15314.2,14045.8,1268.4,91.72,336422594,2561490,3096.8,22.0
1790694053.794,21.01,15314.2,14104.2,1210.0,92.10,8610634,230097107,83.9,1878.4
1790694054.794,27.64,15314.2,14153.4,1160.8,92.42,15777723,6165348,629.7,265.9
1790694055.795,33.20,15314.2,14158.3,1155.9,92.45,5721344,126475255,219.8,1201.0
1790694056.796,25.86,15314.2,14246.2,1068.1,93.03,3471461,1850354,301.8,177.9
1790694057.796,25.59,15314.2,14269.8,1044.5,93.18,15596233,0,901.4,0.0
1790694058.797,40.51,15314.2,14295.2,1019.1,93.35,14005446,83279607,255.8,699.4
1790694059.799,32.74,15314.2,14288.5,1025.8,93.30,1520225,0,53.9,0.0
1790694060.800,27.34,15314.2,14274.8,1039.4,93.21,17847101,630379,263.8,12.0
1790694061.801,17.14,15314.2,14239.8,1074.4,92.98,4698556,548438,161.9,34.0
1790694062.801,24.38,15314.2,14218.9,1095.3,92.85,10224517,0,187.9,0.0
1790694063.802,26.70,15314.2,14209.7,1104.5,92.79,21837674,0,631.5,0.0
1790694064.803,19.39,15314.2,14114.9,1199.4,92.17,17553311,1154392,649.6,18.0
1790694065.803,27.95,15314.2,14044.8,1269.4,91.71,50173398,8188,1917.0,2.0
1790694066.804,25.00,15314.2,14069.6,1244.6,91.87,61943500,581283,1401.2,22.0
1790694067.805,26.17,15314.2,14029.7,1284.6,91.61,7409029,2226802,295.8,54.0
1790694068.805,24.75,15314.2,14004.5,1309.8,91.45,65786853,110034980,1928.7,1037.3
1790694069.806,34.50,15314.2,14062.6,1251.7,91.83,31862844,134172701,1017.3,1043.3
1790694070.807,22.78,15314.2,13987.6,1326.7,91.34,32415643,212884,1287.3,8.0
1790694071.807,21.41,15314.2,13941.8,1372.5,91.04,941525,2202350,34.0,18.0
1790694072.808,19.72,15314.2,13890.8,1423.4,90.71,57691776,5034829,571.6,553.6
1790694073.808,20.45,15314.2,13900.5,1413.7,90.77,2030432,73685,40.0,4.0
1790694074.809,34.86,15314.2,13980.6,1333.7,91.29,68484733,59897536,1722.8,509.6
1790694075.811,18.39,15314.2,14066.3,1248.0,91.85,335158,833807,41.9,18.0
1790694076.812,25.49,15314.2,14114.9,1199.3,92.17,18380886,34321904,225.9,305.8
1790694077.813,31.39,15314.2,14085.3,1229.0,91.97,5795470,703970,161.9,95.9
1790694078.814,45.63,15314.2,14158.4,1155.8,92.45,327224,932589,18.0,28.0
1790694079.818,32.33,15314.2,13957.5,1356.7,91.14,7694922,6201634,227.1,87.7
1790694080.818,9.10,15314.2,13916.4,1397.9,90.87,196501,49125,4.0,2.0
1790694081.819,7.53,15314.2,13841.5,1472.7,90.38,1432783,184288585,84.0,1439.2
1790694082.820,20.63,15314.2,13933.7,1380.5,90.99,56077777,55766689,1083.3,571.6
1790694083.820,13.38,15314.2,13903.6,1410.6,90.79,45281278,33123857,619.6,315.8
1790694084.821,10.76,15314.2,13899.3,1415.0,90.76,5886657,1596520,235.9,24.0
1790694085.821,26.94,15314.2,13970.8,1343.5,91.23,10479499,0,193.9,0.0
1790694086.822,20.91,15314.2,14049.6,1264.7,91.74,29121468,133531388,693.6,1309.2
1790694087.823,14.63,15314.2,14055.9,1258.4,91.78,16570763,158895930,291.8,2250.7
1790694088.823,13.91,15314.2,14059.0,1255.2,91.80,39461458,224316284,375.8,2282.6
1790694089.824,27.67,15314.2,14103.7,1210.5,92.10,27969028,276267843,473.7,2876.5
1790694090.824,13.55,15314.2,14108.9,1205.3,92.13,22189068,168260272,225.9,2312.8
1790694091.825,20.49,15314.2,14078.5,1235.7,91.93,84219920,353741673,1001.2,3842.9
1790694092.826,38.40,15314.2,14061.1,1253.2,91.82,998016323,893868371,9198.3,7160.0
1790694093.830,97.06,15314.2,14037.1,1277.2,91.66,568443276,0,4929.1,0.0
1790694094.831,54.01,15314.2,14034.2,1280.0,91.64,276655363,2790779,2349.7,24.0
1790694095.832,20.12,15314.2,13929.4,1384.8,90.96,66582723,201188858,703.5,1580.8
1790694096.832,39.95,15314.2,14014.8,1299.5,91.51,79966574,86418265,1339.3,905.5
1790694097.833,29.75,15314.2,14088.8,1225.5,92.00,1727294,720388,145.9,24.0
1790694098.834,32.52,15314.2,14151.8,1162.4,92.41,4985772,65495,177.9,2.0
1790694099.835,44.57,15314.2,14202.7,1111.6,92.74,37602804,36956174,571.5,381.7
1790694100.835,31.58,15314.2,14322.3,991.9,93.52,2210002,88121790,117.9,745.4
1790694101.836,19.44,15314.2,14363.6,950.7,93.79,19130209,0,279.8,0.0
1790694102.837,18.84,15314.2,14359.1,955.1,93.76,18116556,180101,265.8,2.0
1790694103.838,42.52,15314.2,14236.6,1077.7,92.96,25803521,1399874,577.6,115.9
1790694104.838,28.47,15314.2,14205.9,1108.4,92.76,32905088,548418,515.6,48.0
1790694105.839,27.47,15314.2,14303.6,1010.6,93.40,112877648,491164,2166.4,103.9
1790694106.842,20.88,15314.2,14289.4,1024.9,93.31,11520397,825220,303.2,31.9
1790694107.842,34.01,15314.2,14226.3,1088.0,92.90,19719634,0,427.7,0.0
1790694108.843,44.01,15314.2,14230.0,1084.2,92.92,101590420,2202081,2188.4,327.8
1790694109.844,43.28,15314.2,14104.5,1209.8,92.10,11106042,114580,259.8,4.0
1790694110.845,26.06,15314.2,14141.0,1173.2,92.34,3454265,325544019,133.9,3271.4
1790694111.846,27.05,15314.2,14143.0,1171.3,92.35,21032451,39011144,539.7,367.8
1790694112.848,24.38,15314.2,14008.9,1305.3,91.48,22487168,1863713,983.9,20.0
1790694113.848,19.96,15314.2,14060.1,1254.2,91.81,17356554,376604,1001.4,8.0
1790694114.849,18.32,15314.2,14020.1,1294.1,91.55,8276967,2030354,211.9,24.0
1790694115.850,24.25,15314.2,14079.0,1235.3,91.93,2251345,0,193.9,0.0
1790694116.850,17.94,15314.2,13980.3,1333.9,91.29,6500363,212858,123.9,8.0
1790694117.851,18.30,15314.2,14078.4,1235.8,91.93,204679,65497,34.0,2.0
1790694118.851,33.75,15314.2,14071.2,1243.0,91.88,25398177,0,329.8,0.0
1790694119.852,21.99,15314.2,14010.1,1304.1,91.48,630306,152247433,97.9,1418.9
1790694120.853,64.08,15314.2,13797.9,1516.3,90.10,117255290,49126,1469.2,2.0
1790694121.853,7.97,15314.2,13820.5,1493.8,90.25,1227930,69157013,48.0,569.6
1790694122.854,4.10,15314.2,13818.4,1495.9,90.23,360232,0,14.0,0.0
1790694123.854,4.41,15314.2,13825.2,1489.1,90.28,16375,548572,4.0,105.9
1790694124.855,4.22,15314.2,13822.4,1491.9,90.26,409351,0,10.0,0.0
1790694125.856,6.94,15314.2,13808.8,1505.5,90.17,106432,916956,24.0,12.0
1790694126.856,20.80,15314.2,13872.5,1441.8,90.59,1293576,65498,34.0,2.0
1790694127.857,34.40,15314.2,14011.8,1302.4,91.50,37211759,278311,923.3,16.0
1790694128.858,32.17,15314.2,14054.2,1260.0,91.77,42521298,413424248,907.4,4573.0
1790694129.858,21.50,15314.2,14031.6,1282.7,91.62,36413664,56372412,755.5,527.6
1790694130.859,14.05,15314.2,14028.7,1285.6,91.61,38764462,238816920,393.7,2386.5
1790694131.860,12.78,15314.2,13995.7,1318.5,91.39,52989162,240932028,579.7,2550.6
1790694132.860,20.69,15314.2,14055.8,1258.4,91.78,38316672,0,347.8,0.0
1790694133.861,14.80,15314.2,14035.0,1279.3,91.65,226157126,581955074,5532.6,5660.5
1790694134.861,51.40,15314.2,14065.1,1249.2,91.84,370380941,519882599,8405.3,4133.7
1790694135.864,97.19,15314.2,13985.1,1329.1,91.32,240296232,2475765,2463.6,21.9
1790694136.866,37.83,15314.2,14025.4,1288.8,91.58,63673734,279909342,590.8,2433.2
1790694137.867,21.34,15314.2,13978.4,1335.8,91.28,6580380,4239598,263.8,441.6
1790694138.868,26.91,15314.2,14048.9,1265.3,91.74,9242113,573027,331.8,46.0
1790694139.868,26.70,15314.2,14062.1,1252.2,91.82,7180619,129922540,103.9,1215.4
1790694140.869,23.27,15314.2,14057.9,1256.4,91.80,16287398,409231,289.7,26.0
1790694141.870,12.65,15314.2,14059.3,1255.0,91.81,8121426,0,169.9,0.0
1790694142.870,12.39,15314.2,14061.0,1253.2,91.82,14401062,98245,241.9,14.0
1790694143.871,12.21,15314.2,14056.7,1257.6,91.79,10774468,0,169.9,0.0
1790694144.873,19.12,15314.2,14069.5,1244.7,91.87,14303089,57212,205.5,6.0
1790694145.874,15.90,15314.2,13975.6,1338.7,91.26,9831220,180089,369.7,6.0
1790694146.874,21.19,15314.2,14073.7,1240.6,91.90,49123,564913,6.0,8.0
1790694147.875,26.30,15314.2,14103.4,1210.9,92.09,63895635,212876,1095.4,8.0
1790694148.876,20.77,15314.2,14087.1,1227.2,91.99,670828,2388803,61.9,24.0
1790694149.877,24.50,15314.2,14163.7,1150.5,92.49,62397982,0,1003.5,0.0
1790694150.877,23.45,15314.2,14189.1,1125.2,92.65,8040145,180125,185.9,6.0
1790694151.878,20.25,15314.2,14219.8,1094.5,92.85,43747619,1400120,637.7,14.0
1790694152.878,18.84,15314.2,14145.0,1169.3,92.36,18619206,38990615,287.9,361.8
1790694153.879,22.36,15314.2,14229.5,1084.7,92.92,32748,0,8.0,0.0
1790694154.879,22.09,15314.2,14183.0,1131.3,92.61,37475235,180130,493.7,6.0
1790694155.880,21.37,15314.2,14221.0,1093.2,92.86,3004874,0,99.9,0.0
1790694156.881,41.51,15314.2,14234.6,1079.6,92.95,28920354,1735876,619.7,125.9
1790694157.882,18.01,15314.2,14198.3,1115.9,92.71,867146,1047120,30.0,22.0
1790694158.884,61.95,15314.2,14219.2,1095.0,92.85,188014,191790857,33.9,1644.5
1790694159.885,8.28,15314.2,14247.2,1067.1,93.03,1539234,0,82.0,0.0
1790694160.885,10.17,15314.2,14232.5,1081.8,92.94,433935,0,20.0,0.0
1790694161.886,17.44,15314.2,14217.0,1097.3,92.83,15342868,0,295.8,0.0
1790694162.886,7.35,15314.2,14200.3,1113.9,92.73,3029076,0,143.9,0.0
1790694163.887,12.94,15314.2,13089.9,2224.3,85.48,7131194,1105294,481.7,14.0
1790694164.888,10.88,15314.2,9369.6,5944.7,61.18,3332293,147374,179.9,6.0
1790694165.888,9.81,15314.2,9426.3,5888.0,61.55,17735322,98257,757.6,4.0
1790694166.889,22.22,15314.2,9436.4,5877.8,61.62,14205645,18397743,605.7,1241.3
1790694167.889,39.16,15314.2,9579.5,5734.7,62.55,53550638,6926134,1906.8,105.9
1790694168.890,23.64,15314.2,9649.0,5665.2,63.01,33243526,1031696,1799.1,14.0
1790694169.890,19.04,15314.2,9694.4,5619.8,63.30,29866023,0,1519.1,0.0
1790694170.891,10.54,15314.2,9504.9,5809.3,62.07,3193319,1203636,137.9,90.0
1790694171.891,7.79,15314.2,9508.6,5805.6,62.09,221047,2898167,10.0,72.0
1790694172.892,19.97,15314.2,9509.5,5804.7,62.10,1285468,278382,62.0,24.0
1790694173.892,19.68,15314.2,9536.5,5777.7,62.27,941556,24562,76.0,2.0
1790694174.893,15.64,15314.2,9539.6,5774.6,62.29,769578,0,36.0,0.0
1790694175.894,13.25,15314.2,9522.8,5791.4,62.18,4158502,0,121.9,0.0
1790694176.894,5.05,15314.2,9516.3,5797.9,62.14,16374,40934,4.0,2.0
1790694177.895,9.98,15314.2,9507.7,5806.6,62.08,253790,835049,58.0,78.0
1790694178.896,14.19,15314.2,9492.1,5822.1,61.98,6901762,40936,179.9,6.0
1790694179.896,6.90,15314.2,9487.2,5827.0,61.95,5108967,401185,153.9,4.0
1790694180.897,10.88,15314.2,9474.5,5839.7,61.87,777814,0,36.0,0.0
1790694181.897,7.13,15314.2,9468.2,5846.1,61.83,65496,0,10.0,0.0
1790694182.898,6.63,15314.2,9469.1,5845.2,61.83,417551,900600,6.0,14.0
1790694183.898,9.75,15314.2,9474.0,5840.3,61.86,8188,1375593,2.0,40.0
1790694184.899,20.58,15314.2,9485.6,5828.7,61.94,867635,0,48.0,0.0
1790694185.900,9.45,15314.2,9460.9,5853.4,61.78,1162572,8187,48.0,2.0
1790694186.900,10.44,15314.2,9459.2,5855.0,61.77,73685,0,8.0,0.0
1790694187.901,11.77,15314.2,9447.9,5866.3,61.69,614061,270187,40.0,6.0
1790694188.901,6.29,15314.2,9430.7,5883.5,61.58,335710,171949,40.0,20.0
1790694189.902,17.65,15314.2,9443.7,5870.5,61.67,802365,728679,44.0,10.0
1790694190.903,9.20,15314.2,9446.8,5867.4,61.69,2014243,180136,78.0,6.0
1790694191.903,6.12,15314.2,9443.7,5870.6,61.67,24561,859634,6.0,10.0
1790694192.904,8.91,15314.2,9443.2,5871.1,61.66,466673,8187,38.0,2.0
1790694193.904,13.07,15314.2,9449.9,5864.3,61.71,5059625,24561,313.8,4.0
1790694194.905,8.91,15314.2,9448.7,5865.5,61.70,638596,1989471,30.0,289.8
1790694195.905,14.58,15314.2,9465.6,5848.7,61.81,4494725,16374,82.0,4.0
1790694196.906,12.00,15314.2,9488.4,5825.8,61.96,40937,638620,10.0,8.0
1790694197.907,10.38,15314.2,9469.7,5844.5,61.84,155562,0,20.0,0.0
1790694198.907,6.06,15314.2,9483.4,5830.9,61.93,2521409,6385386,303.8,109.9
1790694199.908,5.01,15314.2,9473.1,5841.1,61.86,0,212855,0.0,12.0
1790694200.922,8.84,15314.2,9467.1,5847.1,61.82,16150,686362,2.0,51.3
1790694201.923,12.04,15314.2,9438.5,5875.7,61.63,1465410,0,46.0,0.0
1790694202.924,9.61,15314.2,9428.7,5885.5,61.57,2718134,8187,64.0,2.0
1790694203.924,8.59,15314.2,9442.8,5871.5,61.66,5715002,139191,313.8,12.0
1790694204.925,7.94,15314.2,9439.2,5875.0,61.64,2759100,785975,66.0,16.0
1790694205.925,6.91,15314.2,9498.0,5816.2,62.02,39102589,3160301,523.7,86.0
1790694206.926,10.87,15314.2,9503.7,5810.5,62.06,605852,270177,46.0,14.0
1790694207.927,10.70,15314.2,9518.5,5795.7,62.15,2529834,0,50.0,0.0
1790694208.927,5.55,15314.2,9515.0,5799.3,62.13,483037,532159,44.0,14.0
1790694209.928,4.93,15314.2,9505.5,5808.8,62.07,33379851,40937,1111.4,2.0
1790694210.928,5.12,15314.2,9528.5,5785.8,62.22,7704328,40937,295.8,2.0
1790694211.929,6.23,15314.2,9525.4,5788.8,62.20,11511162,376610,255.8,6.0
1790694212.929,14.10,15314.2,9534.8,5779.5,62.26,40934,0,10.0,0.0
1790694213.930,5.57,15314.2,9538.3,5776.0,62.28,0,180104,0.0,2.0
1790694214.931,4.70,15314.2,9531.4,5782.8,62.24,32750,73687,6.0,14.0
1790694215.931,4.40,15314.2,9475.7,5838.6,61.87,0,32749,0.0,2.0
1790694216.932,4.09,15314.2,9470.0,5844.2,61.84,16374,0,4.0,0.0
1790694217.932,9.18,15314.2,9466.1,5848.1,61.81,8187,245618,2.0,4.0
1790694218.933,7.43,15314.2,9474.0,5840.2,61.86,0,294748,0.0,8.0
1790694219.934,4.28,15314.2,9468.2,5846.0,61.83,0,204683,0.0,22.0
1790694220.934,11.97,15314.2,9445.4,5868.8,61.68,139178,0,24.0,0.0
1790694221.935,4.28,15314.2,9432.1,5882.2,61.59,0,0,0.0,0.0
1790694222.935,4.03,15314.2,9429.1,5885.1,61.57,212852,966020,4.0,14.0
1790694223.936,15.55,15314.2,9445.7,5868.6,61.68,679485,0,54.0,0.0
1790694224.937,4.40,15314.2,9442.1,5872.1,61.66,352027,155547,10.0,4.0
1790694225.937,4.11,15314.2,9434.6,5879.6,61.61,16374,573098,4.0,46.0
1790694226.938,6.90,15314.2,9430.3,5883.9,61.58,16375,8187,4.0,2.0
1790694227.938,3.98,15314.2,9418.9,5895.4,61.50,491252,1179006,38.0,245.9
1790694282.229,5.91,15314.2,9590.8,5723.5,62.63,0,0,0.0,0.0
1790694283.230,8.39,15314.2,9596.6,5717.6,62.66,0,0,0.0,0.0
1790694284.231,5.04,15314.2,9624.6,5689.6,62.85,278384,0,20.0,0.0
1790694285.231,21.80,15314.2,9676.5,5637.7,63.19,155554,98244,6.0,6.0
1790694286.232,32.28,15314.2,9810.6,5503.7,64.06,4323043,24563,255.9,4.0
1790694287.232,26.20,15314.2,9888.4,5425.9,64.57,1719024,679424,50.0,10.0
1790694288.233,20.85,15314.2,9918.6,5395.7,64.77,11659179,73689,499.7,4.0
1790694289.234,21.70,15314.2,9989.3,5325.0,65.23,28133391,0,1325.3,0.0
1790694290.234,29.46,15314.2,10060.1,5254.2,65.69,32265156,11347248,1587.0,157.9
1790694291.235,34.41,15314.2,10102.8,5211.5,65.97,26247432,900567,1411.1,175.9
1790694292.235,36.59,15314.2,10137.3,5176.9,66.20,5828643,581227,419.7,12.0
1790694293.236,20.63,15314.2,10174.3,5140.0,66.44,8333092,10183072,457.7,87.9
1790694294.237,15.72,15314.2,10249.3,5064.9,66.93,90420364,8187,2738.2,2.0
1790694295.237,12.60,15314.2,10306.0,5008.2,67.30,16350454,712313,775.6,10.0
1790694296.238,20.71,15314.2,10395.1,4919.1,67.88,27862390,900636,833.6,60.0
1790694297.238,25.99,15314.2,10452.8,4861.4,68.26,4994499,73689,241.9,4.0
1790694298.239,32.11,15314.2,10549.2,4765.0,68.89,14761768,1571969,895.5,309.8
1790694299.240,23.42,15314.2,10506.2,4808.0,68.60,19927199,73683,1223.3,2.0
1790694300.240,16.76,15314.2,10477.3,4836.9,68.42,13769893,0,607.6,0.0
1790694301.241,21.49,15314.2,10485.5,4828.7,68.47,12223962,614064,601.7,16.0
1790694302.241,32.90,15314.2,10494.6,4819.6,68.53,10365509,0,469.7,0.0
1790694303.242,26.33,15314.2,10530.8,4783.4,68.76,9546910,0,451.8,0.0
1790694304.242,20.71,15314.2,10569.2,4745.1,69.02,54539982,3635453,1111.5,52.0
1790694305.243,25.68,15314.2,10600.0,4714.3,69.22,50075101,0,543.6,0.0
1790694306.244,22.03,15314.2,10640.8,4673.5,69.48,28030375,4248763,431.7,101.9
1790694307.244,15.07,15314.2,10649.6,4664.7,69.54,52271075,0,447.7,0.0
1790694308.245,34.72,15314.2,10666.1,4648.1,69.65,27219911,0,375.7,0.0
1790694309.246,26.75,15314.2,10637.3,4677.0,69.46,40140426,900560,399.8,12.0
1790694310.246,26.56,15314.2,10652.7,4661.5,69.56,40758465,452665367,421.7,3573.4
1790694311.247,40.64,15314.2,10712.0,4602.2,69.95,7442619,370788161,247.9,2938.5
1790694312.249,91.29,15314.2,11279.2,4035.0,73.65,417050,2665852,29.9,161.7
1790694313.252,94.66,15314.2,12509.7,2804.6,81.69,261417,571851,10.0,41.9
1790694314.254,46.99,15314.2,12519.9,2794.3,81.75,245105,155886578,18.0,3006.0
1790694315.256,33.51,15314.2,12520.2,2794.0,81.76,5678068,172305627,343.6,3285.8
1790694316.256,24.87,15314.2,12456.8,2857.5,81.34,26175788,920950535,1073.4,7597.9
1790694317.257,29.76,15314.2,12548.6,2765.7,81.94,720496,130999,60.0,2.0
1790694318.257,28.00,15314.2,12596.4,2717.8,82.25,3225692,1047941,219.9,70.0
1790694319.258,20.65,15314.2,12539.3,2774.9,81.88,376556,1268830,26.0,16.0
1790694320.259,6.62,15314.2,12481.1,2833.2,81.50,1481861,0,40.0,0.0
1790694321.259,9.72,15314.2,12500.3,2814.0,81.63,49119,0,10.0,0.0
1790694322.260,2.77,15314.2,12492.8,2821.5,81.58,0,16376,0.0,4.0
1790694323.260,3.46,15314.2,12481.9,2832.3,81.51,0,0,0.0,0.0
1790694324.261,6.30,15314.2,12475.7,2838.6,81.46,49125,327499,12.0,6.0
1790694325.261,20.28,15314.2,12583.7,2730.5,82.17,2644738,0,137.9,0.0
1790694326.262,36.59,15314.2,12745.1,2569.1,83.22,131001,0,22.0,0.0
1790694327.262,19.02,15314.2,12715.1,2599.2,83.03,0,0,0.0,0.0
1790694328.263,14.02,15314.2,12720.5,2593.7,83.06,8187,416810697,2.0,3290.0
1790694329.264,12.44,15314.2,12710.3,2604.0,83.00,16375,1236276,4.0,12.0
1790694330.264,11.86,15314.2,12684.8,2629.5,82.83,8187,246220303,2.0,2034.7
1790694331.265,14.45,15314.2,12657.9,2656.3,82.65,8187,233761826,2.0,1952.7
1790694332.268,74.52,15314.2,12648.7,2665.5,82.59,73502,597507547,17.9,4835.1
1790694333.272,81.55,15314.2,12679.6,2634.6,82.80,146848,80268574,6.0,764.8
1790694334.273,36.63,15314.2,12598.6,2715.7,82.27,4861557,222101111,215.8,2180.0
1790694335.274,27.90,15314.2,12652.4,2661.9,82.62,1129787,65495,46.0,2.0
1790694336.274,28.90,15314.2,12685.9,2628.3,82.84,5739028,7720261,387.8,143.9
1790694337.275,29.75,15314.2,12732.5,2581.7,83.14,311089,110526776,32.0,885.4
1790694338.275,29.51,15314.2,12780.6,2533.7,83.46,0,0,0.0,0.0
1790694339.279,29.99,15314.2,12763.8,2550.5,83.35,359119,73456,25.9,4.0
1790694340.280,20.84,15314.2,12786.3,2527.9,83.49,0,0,0.0,0.0
1790694341.280,12.07,15314.2,12781.0,2533.3,83.46,933309,1211665,18.0,30.0
1790694342.281,12.82,15314.2,12776.2,2538.0,83.43,1858560,548562,20.0,38.0
1790694343.282,11.40,15314.2,12776.0,2538.2,83.43,278356,2808123,8.0,419.7
1790694344.282,13.29,15314.2,12741.3,2572.9,83.20,26802881,229224,423.7,12.0
1790694345.283,19.79,15314.2,12744.2,2570.1,83.22,0,155552,0.0,6.0
1790694346.284,19.65,15314.2,12759.2,2555.0,83.32,540359,1162590,12.0,99.9
1790694347.284,14.99,15314.2,12718.3,2595.9,83.05,16374,328512937,4.0,2676.4
1790694348.285,12.71,15314.2,12701.0,2613.2,82.94,106438,32750,14.0,2.0
1790694349.285,15.59,15314.2,12599.1,2715.2,82.27,2398598,8186,68.0,2.0
1790694350.286,5.05,15314.2,12606.5,2707.8,82.32,663136,0,38.0,0.0
1790694351.287,4.36,15314.2,12609.0,2705.2,82.34,8188,40938,2.0,2.0
1790694352.287,12.50,15314.2,12632.6,2681.7,82.49,8188,346539911,2.0,2722.6
1790694353.288,6.05,15314.2,12633.5,2680.7,82.50,24559,0,6.0,0.0
1790694354.288,7.09,15314.2,12636.6,2677.6,82.52,106436,0,26.0,0.0
1790694355.289,19.08,15314.2,12673.9,2640.3,82.76,139189,65501,26.0,2.0
1790694356.289,25.03,15314.2,12725.6,2588.6,83.10,40396454,0,591.7,0.0
1790694357.290,20.17,15314.2,12763.8,2550.4,83.35,14604604,133864624,155.9,1061.3
1790694358.291,19.42,15314.2,12750.6,2563.6,83.26,12992501,236296514,133.9,1896.8
1790694359.291,12.00,15314.2,12711.4,2602.9,83.00,0,0,0.0,0.0
1790694360.292,12.82,15314.2,12721.3,2593.0,83.07,8186,404124348,2.0,3297.8
1790694361.293,11.75,15314.2,12713.8,2600.5,83.02,0,0,0.0,0.0
1790694362.294,44.63,15314.2,12672.3,2641.9,82.75,389491896,667985639,3234.6,5406.2
1790694363.299,95.73,15314.2,12688.7,2625.5,82.86,34209117,6248724,300.3,85.5
1790694364.301,45.39,15314.2,12664.5,2649.8,82.70,124833732,181864122,1090.4,1889.2
1790694365.302,34.35,15314.2,12575.1,2739.2,82.11,10681407,117765372,115.8,1505.6
1790694366.303,26.36,15314.2,12633.3,2680.9,82.49,0,65500,0.0,2.0
1790694367.303,29.37,15314.2,12656.3,2657.9,82.64,2014126,179101659,86.0,1519.2
1790694368.304,29.07,15314.2,12737.4,2576.9,83.17,8187,90058,2.0,4.0
1790694369.305,32.99,15314.2,12756.9,2557.3,83.30,40936,16374,10.0,4.0
1790694370.305,21.05,15314.2,12688.8,2625.5,82.86,65496,81870,16.0,8.0
1790694371.306,22.16,15314.2,12693.7,2620.6,82.89,0,2210079,0.0,18.0
1790694372.307,13.54,15314.2,12670.5,2643.8,82.74,1039695,483008,62.0,6.0
1790694373.307,17.68,15314.2,12665.2,2649.0,82.70,49119,114612,6.0,16.0
1790694374.308,16.57,15314.2,12656.5,2657.7,82.65,13460193,1334557,799.6,18.0
1790694375.308,11.61,15314.2,12646.9,2667.3,82.58,24559,212845,6.0,10.0
1790694376.309,16.88,15314.2,12644.9,2669.3,82.57,8187,777757,2.0,80.0
1790694377.310,14.39,15314.2,12665.3,2649.0,82.70,630433,343873,34.0,28.0
1790694378.310,15.31,15314.2,12650.5,2663.7,82.61,114629,115406367,2.0,951.5
1790694379.311,14.19,15314.2,12657.6,2656.6,82.65,311154,0,10.0,0.0
1790694380.311,17.28,15314.2,12528.5,2785.8,81.81,3446718,108993234,66.0,839.5
1790694381.312,3.80,15314.2,12527.4,2786.8,81.80,0,0,0.0,0.0
1790694382.312,7.93,15314.2,12563.2,2751.0,82.04,13116957,892477,763.6,30.0
1790694383.313,12.14,15314.2,12714.7,2599.5,83.03,638512,184840904,18.0,1460.9
1790694384.314,5.61,15314.2,12700.1,2614.2,82.93,0,998685,0.0,12.0
1790694385.314,13.56,15314.2,12752.7,2561.6,83.27,5518354,100452061,115.9,811.6
1790694386.315,21.41,15314.2,12701.9,2612.4,82.94,376598,171925,18.0,4.0
1790694387.315,26.76,15314.2,12731.3,2583.0,83.13,4159526,0,74.0,0.0
1790694388.316,22.73,15314.2,12730.1,2584.2,83.13,1318114,137165735,42.0,1083.3
1790694389.317,19.94,15314.2,12706.9,2607.3,82.97,10486506,506585855,115.9,4003.2
1790694390.317,14.92,15314.2,12696.7,2617.6,82.91,22507755,0,239.9,0.0
1790694391.318,15.03,15314.2,12700.6,2613.7,82.93,34707815,0,305.8,0.0
1790694392.318,17.06,15314.2,12656.4,2657.9,82.64,140473214,482523075,1676.1,3975.8
1790694393.320,56.19,15314.2,12783.7,2530.5,83.48,523210158,663505606,5205.4,5360.1
1790694394.321,91.33,15314.2,12639.0,2675.3,82.53,392893190,1308690,3604.4,12.0
1790694395.323,26.34,15314.2,12643.6,2670.7,82.56,6126928,110284703,69.9,892.7
1790694396.324,32.05,15314.2,12740.0,2574.2,83.19,29268842,121135030,343.7,1003.1
1790694397.324,25.55,15314.2,12656.0,2658.3,82.64,0,0,0.0,0.0
1790694398.325,29.26,15314.2,12609.6,2704.6,82.34,11445938,229336306,225.9,2122.8
1790694399.325,11.63,15314.2,12601.6,2712.6,82.29,0,0,0.0,0.0
1790694400.326,9.69,15314.2,12541.9,2772.4,81.90,0,474862,0.0,12.0
1790694401.327,8.77,15314.2,12590.1,2724.2,82.21,0,29686929,0.0,243.9
1790694402.327,8.12,15314.2,12542.9,2771.3,81.90,728698,646821,70.0,22.0
1790694403.328,5.27,15314.2,12538.3,2775.9,81.87,540399,0,68.0,0.0
1790694404.328,20.86,15314.2,12623.8,2690.5,82.43,65500,2554493,10.0,54.0
1790694405.329,24.11,15314.2,12686.5,2627.7,82.84,0,974118,0.0,16.0
1790694406.330,14.44,15314.2,12690.3,2624.0,82.87,924980,452569050,71.9,3607.2
1790694407.330,23.31,15314.2,12513.7,2800.5,81.71,9890286,0,113.9,0.0
1790694408.331,12.02,15314.2,12543.6,2770.6,81.91,17783255,0,163.9,0.0
1790694409.331,14.22,15314.2,12532.3,2782.0,81.83,30088914,478049388,289.8,3995.8
1790694410.332,13.39,15314.2,12564.5,2749.7,82.04,2898350,8187,60.0,2.0
1790694411.333,48.93,15314.2,12555.7,2758.5,81.99,16368,733733665,4.0,5980.0
1790694412.337,89.82,15314.2,12563.5,2750.8,82.04,938130,2512558,23.9,77.7
1790694413.338,17.19,15314.2,12588.4,2725.9,82.20,531853,182090044,6.0,1580.1
1790694414.340,47.17,15314.2,12438.9,2875.4,81.22,2118378,601316707,313.5,10587.3
1790694415.340,29.71,15314.2,12522.5,2791.8,81.77,131008,1744040,32.0,38.0
1790694416.341,33.74,15314.2,12524.8,2789.5,81.79,106441,352075,26.0,26.0
1790694417.342,23.64,15314.2,12441.3,2872.9,81.24,622188,73680,36.0,4.0
1790694418.342,9.17,15314.2,12417.1,2897.2,81.08,532204,0,52.0,0.0
1790694419.343,12.44,15314.2,12424.4,2889.8,81.13,1105262,0,91.9,0.0
1790694420.350,16.83,15314.2,12426.9,2887.4,81.15,227767,0,41.7,0.0
1790694421.350,7.74,15314.2,12430.3,2884.0,81.17,0,499373,0.0,6.0
1790694422.351,23.12,15314.2,12475.3,2838.9,81.46,8490195,65498,143.9,2.0
1790694423.352,26.75,15314.2,12568.7,2745.6,82.07,253797,0,24.0,0.0
1790694424.352,15.50,15314.2,12580.2,2734.1,82.15,8187,0,2.0,0.0
1790694425.353,17.84,15314.2,12516.6,2797.6,81.73,16374,457721795,4.0,3589.9
1790694426.353,15.16,15314.2,12536.8,2777.5,81.86,24562,1244491,6.0,12.0
1790694427.354,12.88,15314.2,12512.7,2801.6,81.71,163741,46551676,40.0,4705.2
1790694428.355,14.51,15314.2,12498.3,2815.9,81.61,384793,488040904,78.0,6124.3
1790694429.358,35.05,15314.2,12432.2,2882.0,81.18,2751464,756219942,635.9,6370.6
1790694430.359,95.35,15314.2,12432.8,2881.4,81.18,400866,0,57.9,0.0
1790694431.367,34.00,15314.2,12473.8,2840.5,81.45,2129769,124859756,87.3,1000.2
1790694432.368,27.37,15314.2,12359.0,2955.3,80.70,7978549,77199618,293.7,609.3
1790694433.369,28.75,15314.2,12456.6,2857.6,81.34,32746,1408075,6.0,16.0
1790694434.369,32.32,15314.2,12488.0,2826.2,81.55,261994,73686,36.0,4.0
1790694435.370,29.46,15314.2,12559.4,2754.8,82.01,49122,277359620,8.0,2196.7
1790694436.371,25.51,15314.2,12601.3,2712.9,82.28,4633817,0,72.0,0.0
1790694437.371,13.82,15314.2,12482.0,2832.3,81.51,73684,106972835,18.0,899.5
1790694438.372,17.32,15314.2,12498.4,2815.8,81.61,5140588,130970,153.9,2.0
1790694439.373,9.83,15314.2,12495.3,2818.9,81.59,0,0,0.0,0.0
1790694440.373,10.00,15314.2,12489.6,2824.7,81.56,0,425721,0.0,6.0
1790694441.374,9.39,15314.2,12484.0,2830.2,81.52,1105256,0,24.0,0.0
1790694442.374,10.18,15314.2,12469.8,2844.4,81.43,0,8187,0.0,2.0
1790694443.375,18.09,15314.2,12419.7,2894.5,81.10,433904,745005,26.0,79.9
1790694444.376,19.94,15314.2,12437.4,2876.8,81.21,286568,6967686,10.0,115.9
1790694445.376,15.21,15314.2,12442.4,2871.8,81.25,10308306,1907733,119.9,293.8
1790694446.377,13.73,15314.2,12435.2,2879.0,81.20,1170536,4461134,52.0,107.9
1790694447.377,8.60,15314.2,12363.4,2950.9,80.73,933325,8187,44.0,2.0
1790694448.378,5.02,15314.2,12357.5,2956.7,80.69,597714,134150050,30.0,1051.5
1790694449.379,16.69,15314.2,12456.5,2857.7,81.34,171931,0,38.0,0.0
1790694450.379,7.34,15314.2,12458.0,2856.3,81.35,2226824,129761618,185.9,1037.3
1790694451.380,3.74,15314.2,12458.2,2856.0,81.35,0,515848,0.0,6.0
1790694452.380,19.26,15314.2,12473.2,2841.0,81.45,130995,65498,32.0,2.0
1790694453.381,23.71,15314.2,12469.9,2844.3,81.43,14929003,136243520,249.8,1196.9
1790694454.382,23.43,15314.2,12521.0,2793.2,81.76,7254039,0,201.9,0.0
1790694455.382,16.69,15314.2,12528.7,2785.5,81.81,9512681,423240627,191.9,3425.7
1790694456.383,11.10,15314.2,12488.1,2826.2,81.55,25658459,0,299.8,0.0
1790694457.384,11.02,15314.2,12466.5,2847.7,81.40,36988836,0,449.7,0.0
1790694458.384,13.10,15314.2,12456.5,2857.8,81.34,24191101,459835584,469.7,3769.5
1790694459.386,26.16,15314.2,12428.1,2886.1,81.15,7018624,676528259,467.3,5404.2
1790694460.391,97.81,15314.2,12457.2,2857.1,81.34,1670151,1042826,77.6,105.4
1790694461.395,37.79,15314.2,12480.3,2834.0,81.49,383497,127239523,13.9,1029.9
1790694462.396,30.73,15314.2,12451.7,2862.5,81.31,523883,133189051,67.9,1083.2
1790694463.396,26.01,15314.2,12453.9,2860.3,81.32,0,1481991,0.0,16.0
1790694464.397,42.21,15314.2,12504.8,2809.4,81.65,245615,268350450,52.0,2110.8
1790694465.398,30.81,15314.2,12584.4,2729.9,82.17,8187,65498,2.0,2.0
1790694466.398,26.98,15314.2,12602.8,2711.5,82.29,32745,417499,8.0,18.0
1790694467.399,21.80,15314.2,12483.9,2830.3,81.52,523867,589350,60.0,28.0
1790694468.400,20.01,15314.2,12483.8,2830.4,81.52,0,237415,0.0,26.0
1790694469.400,14.26,15314.2,12459.5,2854.8,81.36,0,0,0.0,0.0
1790694470.401,18.04,15314.2,12467.0,2847.2,81.41,147345,0,14.0,0.0
1790694471.402,13.83,15314.2,12417.5,2896.7,81.08,0,0,0.0,0.0
1790694472.402,15.22,15314.2,12415.7,2898.6,81.07,8186,80538228,2.0,689.5
1790694473.403,27.24,15314.2,12412.7,2901.5,81.05,8187,392976,2.0,6.0
1790694474.404,19.99,15314.2,12428.2,2886.0,81.15,589501,483063,46.0,54.0
1790694475.404,16.59,15314.2,12437.3,2876.9,81.21,0,5395565,0.0,76.0
1790694476.406,14.44,15314.2,12436.9,2877.3,81.21,16348,2329536,2.0,319.3
1790694477.407,12.21,15314.2,12309.8,3004.4,80.38,319307,8187,18.0,2.0
1790694478.407,7.46,15314.2,12314.2,3000.1,80.41,0,0,0.0,0.0
1790694479.408,17.43,15314.2,12326.1,2988.2,80.49,0,0,0.0,0.0
1790694480.409,5.95,15314.2,12321.8,2992.4,80.46,0,81871,0.0,14.0
1790694481.409,5.70,15314.2,12319.9,2994.3,80.45,0,6828236,0.0,139.9
1790694482.410,9.46,15314.2,12339.8,2974.4,80.58,57311,384803,14.0,12.0
1790694483.410,28.11,15314.2,12426.3,2888.0,81.14,0,142490404,0.0,1127.3
1790694484.411,29.69,15314.2,12482.0,2832.2,81.51,4494845,0,221.9,0.0
1790694485.411,20.28,15314.2,12508.3,2805.9,81.68,1015290,280408355,60.0,2262.8
1790694486.412,15.21,15314.2,12453.3,2860.9,81.32,2415135,0,91.9,0.0
1790694487.413,9.85,15314.2,12441.6,2872.7,81.24,1096991,410675762,72.0,3467.7
1790694488.413,11.70,15314.2,12424.0,2890.2,81.13,581239,142509909,8.0,1093.3
1790694489.414,13.86,15314.2,12424.9,2889.3,81.13,6910119,163747,217.9,2.0
1790694490.415,68.63,15314.2,12451.7,2862.6,81.31,654711,799729433,85.9,6441.6
1790694491.419,94.40,15314.2,12466.1,2848.2,81.40,6373819,0,59.8,0.0
1790694492.421,35.51,15314.2,12418.4,2895.9,81.09,1177496,255696560,20.0,2162.0
1790694493.421,27.85,15314.2,12387.7,2926.5,80.89,483034,73683,40.0,4.0
1790694494.422,33.22,15314.2,12458.4,2855.8,81.35,1899500,0,82.0,0.0
1790694495.422,22.44,15314.2,12369.0,2945.3,80.77,1637587,269170195,58.0,2140.9
1790694496.423,4.68,15314.2,12372.2,2942.0,80.79,81873,16375,14.0,4.0
1790694497.423,3.53,15314.2,12376.2,2938.0,80.82,0,507605,0.0,22.0
1790694498.424,17.02,15314.2,12384.5,2929.8,80.87,13590237,352036,631.6,6.0
1790694499.425,7.14,15314.2,12390.3,2923.9,80.91,7262062,671352,591.7,22.0
1790694500.425,11.29,15314.2,12407.5,2906.7,81.02,294732,170764388,50.0,1345.2
1790694501.426,20.06,15314.2,12504.2,2810.1,81.65,8187,65499,2.0,4.0
1790694502.426,21.04,15314.2,12529.9,2784.3,81.82,507574,8187,28.0,2.0
1790694503.427,16.30,15314.2,12532.6,2781.7,81.84,147321,69167300,14.0,587.5
1790694504.428,17.01,15314.2,12582.2,2732.0,82.16,319269,530395107,24.0,4265.1
1790694505.429,15.61,15314.2,12614.7,2699.6,82.37,29719699,0,311.8,0.0
1790694506.429,11.69,15314.2,12589.4,2724.9,82.21,49122,6958939,6.0,113.9
1790694507.430,12.14,15314.2,12555.6,2758.6,81.99,66455804,531761053,589.7,4757.2
1790694508.431,70.04,15314.2,12584.8,2729.4,82.18,80273434,588551819,707.3,4775.1
1790694509.434,72.66,15314.2,12660.0,2654.3,82.67,120631025,0,1050.6,0.0
1790694510.435,21.33,15314.2,12596.5,2717.8,82.25,5105967,281482803,45.9,2257.4
1790694511.436,23.24,15314.2,12536.9,2777.4,81.86,5092485,73685,56.0,4.0
1790694512.436,26.45,15314.2,12600.4,2713.8,82.28,3299740,0,475.8,0.0
1790694513.437,36.62,15314.2,12668.4,2645.8,82.72,122813,293818954,10.0,2312.7
1790694514.438,20.50,15314.2,12684.8,2629.4,82.83,73680,180106,4.0,2.0
1790694515.438,20.59,15314.2,12621.8,2692.4,82.42,319290,777758,14.0,10.0
1790694516.439,20.00,15314.2,12627.4,2686.9,82.45,8187,3937980,2.0,109.9
1790694517.439,19.48,15314.2,12631.4,2682.9,82.48,0,0,0.0,0.0
1790694518.440,17.03,15314.2,12620.0,2694.2,82.41,8187,0,2.0,0.0
1790694519.441,16.08,15314.2,12621.7,2692.5,82.42,949609,0,38.0,0.0
1790694520.441,20.86,15314.2,12579.7,2734.5,82.14,1195186,736758,107.9,14.0
1790694521.442,25.98,15314.2,12633.7,2680.6,82.50,1088860,3274767,64.0,72.0
1790694522.443,36.61,15314.2,12602.4,2711.9,82.29,29577230,0,513.5,0.0
1790694523.444,46.41,15314.2,12558.3,2755.9,82.00,507526,73673,54.0,4.0
1790694524.444,21.12,15314.2,12637.8,2676.5,82.52,0,65501,0.0,2.0
1790694525.445,31.25,15314.2,12555.0,2759.2,81.98,122820,1449271,26.0,18.0
1790694526.445,20.63,15314.2,12661.3,2653.0,82.68,24563,245633,4.0,6.0
1790694527.446,32.94,15314.2,12729.8,2584.4,83.12,49126,0,10.0,0.0
1790694528.447,45.55,15314.2,12751.7,2562.6,83.27,573018,1391614,40.0,30.0
1790694529.447,19.50,15314.2,12719.3,2594.9,83.06,65493,163733,16.0,8.0
1790694530.448,27.65,15314.2,12748.4,2565.8,83.25,0,343856,0.0,18.0
1790694531.454,18.05,15314.2,12678.0,2636.2,82.79,81382,406909,17.9,21.9
1790694532.455,24.14,15314.2,12764.9,2549.3,83.35,810466,8187,77.9,2.0
1790694533.456,43.26,15314.2,12788.3,2526.0,83.51,2873458,1424449,54.0,14.0
1790694534.457,17.23,15314.2,12819.9,2494.4,83.71,253741,1432406,20.0,63.9
1790694535.458,84.87,15314.2,12843.2,2471.0,83.86,654566,1620052,49.9,16.0
1790694536.460,45.68,15314.2,12736.1,2578.2,83.16,65428,31503623,16.0,295.5
1790694537.460,6.02,15314.2,12751.6,2562.7,83.27,5485382,7450295,80.0,127.9
1790694538.461,6.57,15314.2,12730.6,2583.7,83.13,0,0,0.0,0.0
1790694539.461,14.64,15314.2,12672.2,2642.0,82.75,0,191811969,0.0,1774.9
1790694540.462,12.71,15314.2,12680.4,2633.9,82.80,0,0,0.0,0.0
1790694541.463,12.33,15314.2,12673.9,2640.3,82.76,122803,65495,30.0,2.0
1790694542.464,25.48,15314.2,12784.7,2529.5,83.48,8187,515753,2.0,8.0
1790694543.464,31.95,15314.2,12845.5,2468.8,83.88,5460723,1236236,475.7,14.0
1790694544.465,20.35,15314.2,12889.5,2424.8,84.17,679493,0,42.0,0.0
1790694545.466,17.35,15314.2,12838.8,2475.5,83.84,40932,468232184,8.0,3659.5
1790694546.466,11.22,15314.2,12808.6,2505.6,83.64,4641928,0,103.9,0.0
1790694547.467,12.33,15314.2,12805.6,2508.7,83.62,221060,49124,20.0,8.0
1790694548.467,22.53,15314.2,12665.1,2649.1,82.70,8350926,437694965,161.9,3629.9
1790694549.468,49.31,15314.2,12652.1,2662.2,82.62,292746220,762082905,2303.6,6165.6
1790694550.474,94.20,15314.2,12635.9,2678.3,82.51,57034054,0,533.0,0.0
1790694551.475,37.70,15314.2,12628.6,2685.7,82.46,78859323,170850956,1264.5,1384.3
1790694552.476,34.21,15314.2,12573.8,2740.4,82.11,18235077,3543891,389.6,97.9
1790694553.477,27.93,15314.2,12638.1,2676.1,82.53,1932197,1162593,62.0,12.0
1790694554.477,26.45,15314.2,12668.1,2646.2,82.72,57310,139180,14.0,6.0
1790694555.478,28.65,15314.2,12765.1,2549.1,83.35,0,0,0.0,0.0
1790694556.479,39.62,15314.2,12786.0,2528.3,83.49,393007,94084317,26.0,751.6
1790694557.479,37.19,15314.2,12798.6,2515.6,83.57,8186,180087,2.0,2.0
1790694558.480,27.98,15314.2,12811.1,2503.2,83.65,0,0,0.0,0.0
1790694559.482,30.84,15314.2,12823.2,2491.0,83.73,514938,523112,18.0,20.0
1790694560.483,27.16,15314.2,12823.2,2491.0,83.73,32743,0,8.0,0.0
1790694561.484,25.98,15314.2,12774.9,2539.4,83.42,8185,646624,2.0,40.0
1790694562.485,25.25,15314.2,12786.1,2528.2,83.49,8185,2259195,2.0,48.0
1790694563.485,34.98,15314.2,12721.1,2593.2,83.07,188297,73682,22.0,4.0
1790694564.486,29.84,15314.2,12799.2,2515.0,83.58,483035,1072503,34.0,72.0
1790694565.486,43.05,15314.2,12921.1,2393.1,84.37,38519583,5763610,963.4,511.7
1790694566.487,29.13,15314.2,12837.4,2476.9,83.83,10046702,1981501,835.6,22.0
1790694567.487,32.51,15314.2,12857.1,2457.1,83.96,10127994,321614971,427.8,2712.5
1790694568.504,31.28,15314.2,12910.8,2403.4,84.31,6688711,0,692.5,0.0
1790694569.505,29.84,15314.2,12723.4,2590.8,83.08,7580005,139158,729.4,6.0
1790694570.505,22.84,15314.2,12793.7,2520.5,83.54,0,0,0.0,0.0
1790694571.506,25.77,15314.2,12722.3,2592.0,83.07,589442,73680,85.9,4.0
1790694572.506,17.89,15314.2,12810.1,2504.1,83.65,16374,1342629,4.0,16.0
1790694573.507,23.19,15314.2,12826.2,2488.0,83.75,499410,2447926,36.0,333.8
1790694574.508,22.14,15314.2,12822.8,2491.4,83.73,728626,147363,24.0,6.0
1790694575.508,26.65,15314.2,12848.4,2465.8,83.90,401178,0,14.0,0.0
1790694576.509,32.12,15314.2,12902.7,2411.6,84.25,2439036,0,46.0,0.0
1790694577.510,41.33,15314.2,13033.9,2280.3,85.11,32747,3348335,8.0,56.0
1790694578.510,38.37,15314.2,12917.6,2396.7,84.35,785960,81871,44.0,4.0
1790694579.511,4.03,15314.2,12906.8,2407.4,84.28,1023425,1555607,32.0,32.0
1790694580.512,3.65,15314.2,12899.7,2414.5,84.23,8187,189735107,2.0,1485.1
1790694581.512,3.09,15314.2,12890.5,2423.8,84.17,8188,0,2.0,0.0
1790694582.513,3.41,15314.2,12888.5,2425.8,84.16,630432,0,22.0,0.0
1790694583.513,9.43,15314.2,12878.9,2435.3,84.10,384798,851469,40.0,22.0
1790694584.514,26.10,15314.2,13007.0,2307.3,84.93,8188,0,2.0,0.0
1790694585.514,24.41,15314.2,12988.6,2325.7,84.81,622298,0,78.0,0.0
1790694586.515,12.30,15314.2,12930.6,2383.7,84.43,6091455,40937,121.9,2.0
1790694587.516,11.17,15314.2,12931.0,2383.2,84.44,638340,459121836,99.9,3678.3
1790694588.516,13.35,15314.2,12917.0,2397.2,84.35,4257459,8654104,131.9,195.9
1790694589.517,13.97,15314.2,12922.4,2391.9,84.38,245599,465124297,24.0,3859.5
1790694590.518,18.42,15314.2,12897.1,2417.2,84.22,2226270,1129505,56.0,42.0
1790694591.519,40.69,15314.2,12876.0,2438.2,84.08,650794944,710737984,6201.1,5773.5
1790694592.523,94.00,15314.2,12854.4,2459.8,83.94,172261745,8161,1470.4,2.0
1790694593.527,35.02,15314.2,12913.4,2400.8,84.32,51582544,234970840,441.9,2080.0
1790694594.528,30.92,15314.2,12853.4,2460.9,83.93,10322756,75640176,217.8,635.5
1790694595.529,39.80,15314.2,12961.2,2353.0,84.63,13279914,720489,269.8,72.0
1790694596.529,33.57,15314.2,13020.5,2293.7,85.02,319297,167753891,28.0,1311.2
1790694597.530,32.73,15314.2,13053.0,2261.2,85.23,7442479,892442,80.0,48.0
1790694598.530,34.89,15314.2,13074.1,2240.1,85.37,10258813,1039800,97.9,16.0
1790694599.532,42.55,15314.2,13088.0,2226.2,85.46,8132134,0,193.7,0.0
1790694600.532,22.42,15314.2,13074.2,2240.1,85.37,16576544,0,423.7,0.0
1790694601.533,22.83,15314.2,13056.6,2257.7,85.26,14151417,0,415.6,0.0
1790694602.534,31.69,15314.2,13076.4,2237.8,85.39,27751289,515732,757.5,6.0
1790694603.535,22.96,15314.2,13082.8,2231.5,85.43,20293506,32745,819.4,2.0
1790694604.535,20.86,15314.2,13068.8,2245.4,85.34,17584451,0,393.7,0.0
1790694605.536,24.19,15314.2,12884.5,2429.8,84.13,19804356,81870,587.6,4.0
1790694606.537,24.98,15314.2,12956.8,2357.4,84.61,19215221,65497,351.8,2.0
1790694607.537,30.82,15314.2,12988.6,2325.7,84.81,6443460,523992,101.9,6.0
1790694608.538,33.36,15314.2,12894.7,2419.5,84.20,270142,1981040,26.0,361.7
1790694609.538,26.93,15314.2,12947.2,2367.0,84.54,237431,167741234,4.0,1319.2
1790694610.555,27.65,15314.2,12953.0,2361.3,84.58,28258684,17982066,499.8,165.3
1790694611.555,15.75,15314.2,12858.6,2455.7,83.96,65497,1301750,16.0,18.0
1790694612.556,21.71,15314.2,12969.6,2344.6,84.69,1727563,7049438,131.9,125.9
1790694613.557,20.01,15314.2,12904.9,2409.3,84.27,31781673,33525490,407.7,319.8
1790694614.557,24.42,15314.2,12954.5,2359.8,84.59,0,138105462,0.0,1067.3
1790694615.558,16.01,15314.2,12906.3,2408.0,84.28,311130,81876,38.0,4.0
1790694616.558,19.87,15314.2,13031.7,2282.5,85.10,1833900,65496,85.9,2.0
1790694617.559,58.09,15314.2,13165.0,2149.3,85.97,22415886,0,1043.4,0.0
1790694618.560,30.07,15314.2,13012.2,2302.0,84.97,27573032,6923949,1009.1,139.9
1790694619.561,59.94,15314.2,13074.6,2239.6,85.38,10071047,3820617,431.4,81.9
1790694620.564,41.26,15314.2,13085.0,2229.3,85.44,5398532,81672,787.6,4.0
1790694621.565,6.46,15314.2,13088.8,2225.4,85.47,2849195,5952198,169.9,141.9
1790694622.565,4.49,15314.2,13051.9,2262.3,85.23,327514,190498286,70.0,1529.2
1790694623.566,4.68,15314.2,13021.7,2292.6,85.03,4158885,55645548,189.9,535.7
1790694624.567,3.09,15314.2,13022.7,2291.6,85.04,81868,0,18.0,0.0
1790694625.567,11.88,15314.2,13059.3,2254.9,85.28,122806,65496,28.0,2.0
1790694626.568,23.19,15314.2,13117.4,2196.8,85.66,188318,5068220,4.0,163.9
1790694627.568,18.49,15314.2,13262.4,2051.8,86.60,433926,1154408,76.0,86.0
1790694628.569,14.50,15314.2,13068.9,2245.4,85.34,8652524,402493814,131.9,3169.6
1790694629.570,11.04,15314.2,13079.6,2234.6,85.41,19966621,36879716,323.8,315.8
1790694630.570,10.61,15314.2,13036.4,2277.9,85.13,27599564,27051012,445.7,245.9
1790694631.571,16.36,15314.2,12983.9,2330.3,84.78,532200,434815660,28.0,3676.1
1790694632.571,12.83,15314.2,13017.0,2297.2,85.00,2570891,326429481,60.0,4427.6
1790694633.573,72.32,15314.2,12976.7,2337.5,84.74,155372,519254297,10.0,4102.7
1790694634.576,73.45,15314.2,13018.7,2295.6,85.01,10051071,100502548,621.9,829.3
1790694635.578,20.65,15314.2,12917.5,2396.8,84.35,589193,151700792,20.0,1228.7
1790694636.580,23.36,15314.2,12998.0,2316.2,84.88,16347,1487618,4.0,16.0
1790694637.580,38.21,15314.2,13009.2,2305.0,84.95,81863,0,8.0,0.0
1790694638.581,25.82,15314.2,12989.0,2325.3,84.82,695865,0,40.0,0.0
1790694639.582,11.21,15314.2,12985.5,2328.7,84.79,343848,8187,20.0,2.0
1790694640.584,13.20,15314.2,12977.9,2336.3,84.74,376013,8174,25.9,2.0
1790694641.585,14.58,15314.2,12971.2,2343.1,84.70,57307,6516601,4.0,861.4
1790694642.585,15.90,15314.2,12971.5,2342.8,84.70,32748,0,4.0,0.0
1790694643.586,17.92,15314.2,12953.5,2360.8,84.58,483060,982496,14.0,14.0
1790694644.586,15.19,15314.2,12913.6,2400.6,84.32,65498,147371,16.0,6.0
1790694645.587,25.43,15314.2,12957.5,2356.8,84.61,16375,769636,4.0,10.0
1790694646.588,23.34,15314.2,12932.2,2382.1,84.45,73667,2308223,18.0,26.0
1790694647.588,16.67,15314.2,12995.4,2318.9,84.86,245620,65499,6.0,2.0
1790694648.589,20.01,15314.2,13040.0,2274.2,85.15,16376,0,2.0,0.0
1790694649.589,18.37,15314.2,13024.7,2289.5,85.05,294712,671288,18.0,22.0
1790694650.590,21.86,15314.2,13012.9,2301.4,84.97,73681,1383568,18.0,14.0
1790694651.591,15.93,15314.2,12941.3,2372.9,84.50,73683,61222175,18.0,557.7
1790694652.591,18.13,15314.2,12973.3,2340.9,84.71,8188,8188,2.0,2.0
1790694653.592,13.25,15314.2,12910.3,2403.9,84.30,720466,147368,56.0,6.0
1790694654.593,25.31,15314.2,12997.3,2317.0,84.87,40933,9971323,10.0,141.9
1790694655.593,35.82,15314.2,13025.1,2289.1,85.05,40938,0,6.0,0.0
1790694656.594,12.56,15314.2,13056.8,2257.4,85.26,16374,1907537,4.0,20.0
1790694657.594,65.09,15314.2,13009.8,2304.5,84.95,57311,3242143,14.0,101.9
1790694658.595,2.71,15314.2,12998.2,2316.0,84.88,16374,0,4.0,0.0
1790694659.595,7.42,15314.2,12989.5,2324.8,84.82,24561,194065830,6.0,1547.1
1790694660.596,6.00,15314.2,12966.9,2347.3,84.67,466662,0,10.0,0.0
1790694661.597,2.52,15314.2,12944.6,2369.6,84.53,0,0,0.0,0.0
1790694662.597,3.54,15314.2,12936.9,2377.4,84.48,180133,1252742,42.0,34.0
1790694663.598,16.62,15314.2,12983.4,2330.8,84.78,0,65503,0.0,2.0
1790694664.598,18.66,15314.2,12992.5,2321.8,84.84,835132,32750,22.0,6.0
1790694665.599,21.47,15314.2,13041.0,2273.2,85.16,24562,0,6.0,0.0
1790694666.599,11.88,15314.2,13036.0,2278.3,85.12,16374,429157478,4.0,3405.9
1790694667.600,9.79,15314.2,13014.8,2299.5,84.98,81869,1375395,4.0,14.0
1790694668.601,12.49,15314.2,12976.2,2338.0,84.73,8187,431329892,2.0,3601.8
1790694669.601,11.22,15314.2,12942.0,2372.3,84.51,8186,52873339,2.0,477.6
1790694670.603,72.48,15314.2,12916.8,2397.4,84.35,106327,747717350,12.0,6022.4
1790694671.605,74.59,15314.2,12905.6,2408.6,84.27,351521,1487832,6.0,16.0
1790694672.606,21.46,15314.2,12793.4,2520.8,83.54,49111,312256488,4.0,2853.6
1790694673.606,24.32,15314.2,12904.4,2409.9,84.26,122818,81879,24.0,4.0
1790694674.607,27.48,15314.2,12944.4,2369.8,84.53,0,0,0.0,0.0
1790694675.608,33.50,15314.2,12886.9,2427.4,84.15,1579846,0,40.0,0.0
1790694676.608,14.61,15314.2,12907.8,2406.5,84.29,40931,613968,2.0,8.0
1790694677.609,16.95,15314.2,12927.4,2386.8,84.41,22299090,81862,755.5,4.0
1790694678.610,29.96,15314.2,12956.8,2357.4,84.61,6769335,0,375.7,0.0
1790694679.610,15.73,15314.2,12960.2,2354.1,84.63,2939054,0,159.9,0.0
1790694680.611,16.21,15314.2,12963.4,2350.8,84.65,5582644,130971,77.9,2.0
1790694681.612,16.44,15314.2,12845.0,2469.3,83.88,2562503,147364,139.9,6.0
1790694682.613,23.59,15314.2,12963.0,2351.2,84.65,245572,769459,12.0,26.0
1790694683.613,24.58,15314.2,12985.8,2328.5,84.80,0,3012885,0.0,54.0
1790694684.614,25.74,15314.2,12936.3,2377.9,84.47,139196,147384,32.0,6.0
1790694685.614,26.67,15314.2,13157.3,2156.9,85.92,60152850,8596773,2274.7,981.4
1790694686.615,22.24,15314.2,12932.8,2381.5,84.45,13050966,147376,945.5,6.0
1790694687.616,24.86,15314.2,13043.6,2270.7,85.17,3978062,0,153.9,0.0
1790694688.616,21.97,15314.2,12956.4,2357.9,84.60,630427,81874,40.0,4.0
1790694689.617,25.59,15314.2,13036.6,2277.6,85.13,2071291,65495,28.0,2.0
1790694690.617,21.53,15314.2,13009.7,2304.5,84.95,6131853,1882946,111.9,38.0
1790694691.618,17.94,15314.2,13087.1,2227.1,85.46,4232069,3364372,143.9,85.9
1790694692.619,33.86,15314.2,13121.2,2193.1,85.68,16375,0,4.0,0.0
1790694693.620,30.71,15314.2,13188.9,2125.4,86.12,2160323,1554778,30.0,34.0
1790694694.623,54.49,15314.2,13118.1,2196.1,85.66,2188727,14218562,91.7,1760.6
1790694695.624,23.00,15314.2,13012.9,2301.3,84.97,98176,81813,16.0,4.0
1790694696.631,2.45,15314.2,12982.4,2331.8,84.77,24415,1424199,4.0,53.6
1790694697.631,2.84,15314.2,12965.1,2349.2,84.66,859653,990647,38.0,40.0
1790694698.632,10.17,15314.2,12969.6,2344.6,84.69,24564,0,6.0,0.0
1790694699.632,6.76,15314.2,12946.8,2367.5,84.54,1612913,442118,38.0,18.0
1790694700.633,11.23,15314.2,12970.5,2343.7,84.70,4895623,3872290,243.8,105.9
1790694701.634,24.15,15314.2,13034.7,2279.6,85.11,442059,196241396,20.0,1600.9
1790694702.634,15.21,15314.2,13059.1,2255.1,85.27,0,0,0.0,0.0
1790694703.635,14.90,15314.2,13068.6,2245.7,85.34,728677,430001175,82.0,3432.1
1790694704.636,20.92,15314.2,13063.2,2251.0,85.30,2799541,0,349.7,0.0
1790694705.636,11.45,15314.2,13083.3,2230.9,85.43,3479078,2062888,309.8,54.0
1790694706.637,10.33,15314.2,13029.8,2284.4,85.08,0,433971250,0.0,3639.5
1790694707.639,25.97,15314.2,12991.3,2323.0,84.83,36686519,706644838,652.9,6015.7
1790694708.640,96.68,15314.2,12991.6,2322.6,84.83,98208,0,4.0,0.0
1790694709.641,36.52,15314.2,12996.7,2317.5,84.87,442002,212635809,12.0,1928.4
1790694710.642,22.21,15314.2,12932.1,2382.2,84.44,245497,84450854,51.9,781.2
1790694711.642,25.55,15314.2,12989.0,2325.3,84.82,40935,5084093,10.0,89.9
1790694712.643,20.74,15314.2,13019.3,2295.0,85.01,28663654,167765476,871.5,1319.2
1790694713.644,32.52,15314.2,13104.8,2209.5,85.57,1628931,1023198,54.0,26.0
1790694714.644,33.84,15314.2,13130.6,2183.6,85.74,0,0,0.0,0.0
1790694715.645,38.84,15314.2,13131.2,2183.1,85.74,0,19797101,0.0,193.8
1790694716.646,37.07,15314.2,13143.6,2170.7,85.83,229221,589425,16.0,10.0
1790694717.647,39.28,15314.2,13113.0,2201.2,85.63,409289,0,40.0,0.0
1790694718.648,31.75,15314.2,13091.6,2222.7,85.49,0,0,0.0,0.0
1790694719.648,36.64,15314.2,13058.4,2255.8,85.27,360206,2210353,28.0,18.0
1790694720.649,30.96,15314.2,13030.6,2283.7,85.09,18550604,401138,547.6,4.0
1790694721.650,27.51,15314.2,13047.5,2266.7,85.20,253768,499350,6.0,18.0
1790694722.650,39.00,15314.2,13002.0,2312.2,84.90,1146172,147365,111.9,6.0
1790694723.651,32.57,15314.2,13068.0,2246.3,85.33,24555,867622,6.0,147.9
1790694724.652,38.27,15314.2,13109.1,2205.2,85.60,4894508,138429445,317.7,1666.5
1790694725.654,40.12,15314.2,13080.4,2233.9,85.41,7113740,1798877,297.4,29.9
1790694726.655,35.80,15314.2,13113.8,2200.4,85.63,842534,0,39.9,0.0
1790694727.656,33.38,15314.2,13125.5,2188.8,85.71,5853777,81871,315.8,4.0
1790694728.657,21.23,15314.2,13096.5,2217.8,85.52,237431,65498,14.0,2.0
1790694729.657,26.95,15314.2,13112.9,2201.4,85.63,3536811,197381914,48.0,1621.0
1790694730.658,17.86,15314.2,13084.0,2230.2,85.44,327439,147348,36.0,6.0
1790694731.658,21.12,15314.2,13134.7,2179.5,85.77,6246793,0,93.9,0.0
1790694732.659,16.74,15314.2,13045.8,2268.5,85.19,9028085,147330,121.9,6.0
1790694733.660,33.05,15314.2,13097.1,2217.1,85.52,14205002,0,215.9,0.0
1790694734.661,36.19,15314.2,13110.1,2204.1,85.61,12820465,239429960,153.9,1994.7
1790694735.661,18.03,15314.2,13173.0,2141.3,86.02,1694548,0,40.0,0.0
1790694736.662,56.93,15314.2,13108.7,2205.5,85.60,1735692,16374,52.0,2.0
1790694737.662,3.67,15314.2,13094.3,2220.0,85.50,1301783,0,32.0,0.0
1790694738.663,5.32,15314.2,13079.7,2234.6,85.41,671416,1596660,22.0,18.0
1790694739.664,8.62,15314.2,13059.1,2255.1,85.27,0,867800,0.0,10.0
1790694740.664,2.78,15314.2,13051.6,2262.6,85.23,0,163739,0.0,2.0
1790694741.665,4.45,15314.2,13056.1,2258.1,85.25,98245,212865,24.0,8.0
1790694742.665,17.96,15314.2,13101.8,2212.4,85.55,2767102,654935,62.0,52.0
1790694743.666,21.50,15314.2,13091.0,2223.3,85.48,25725206,0,385.8,0.0
1790694744.667,19.15,15314.2,13116.8,2197.4,85.65,2366011,352150883,101.9,2770.3
1790694745.667,15.84,15314.2,13149.1,2165.2,85.86,35100534,16375,579.7,4.0
1790694746.668,14.07,15314.2,13083.1,2231.1,85.43,20263750,394074671,291.8,3310.1
1790694747.668,11.53,15314.2,13092.6,2221.6,85.49,10945567,16373,165.9,4.0
1790694748.669,12.53,15314.2,13078.6,2235.6,85.40,4044815,425901020,54.0,3494.2
1790694749.670,41.30,15314.2,13040.4,2273.8,85.15,73647,662181110,12.0,5308.1
1790694750.673,95.97,15314.2,13060.0,2254.3,85.28,3928032,0,133.6,0.0
1790694751.675,42.48,15314.2,13095.4,2218.8,85.51,76572302,273515706,742.3,2991.0
1790694752.676,31.76,15314.2,13071.2,2243.1,85.35,20369476,35771386,569.4,327.7
1790694753.677,32.79,15314.2,13183.9,2130.4,86.09,5281324,0,251.9,0.0
1790694754.677,41.25,15314.2,13197.3,2117.0,86.18,1694785,144957348,169.9,1207.3
1790694755.678,39.96,15314.2,13265.1,2049.2,86.62,622113,4649479,30.0,119.9
1790694756.679,37.80,15314.2,13299.3,2014.9,86.84,49107,0,12.0,0.0
1790694757.680,48.25,15314.2,13269.7,2044.6,86.65,32735,7488098,4.0,241.8
1790694758.681,31.70,15314.2,13297.7,2016.6,86.83,1514352,0,22.0,0.0
1790694759.682,36.24,15314.2,13312.2,2002.1,86.93,221026,736753,24.0,8.0
1790694760.682,28.27,15314.2,13331.4,1982.9,87.05,91106992,6631024,1417.0,125.9
1790694761.683,24.28,15314.2,13329.2,1985.0,87.04,540243,32742,14.0,6.0
1790694762.684,27.21,15314.2,13326.2,1988.1,87.02,392957,957832,16.0,10.0
1790694763.684,35.53,15314.2,13225.4,2088.8,86.36,2447651,81861,68.0,4.0
1790694764.685,37.46,15314.2,13293.4,2020.8,86.80,24376527,65484,277.8,2.0
1790694765.686,35.00,15314.2,13313.7,2000.5,86.94,46404292,65485,561.6,8.0
1790694766.687,35.52,15314.2,13227.4,2086.8,86.37,33578742,1645375,441.7,42.0
1790694767.687,30.75,15314.2,13206.4,2107.8,86.24,29553687,777729,797.5,77.9
1790694768.689,38.70,15314.2,13272.6,2041.6,86.67,12002906,168597058,465.4,1316.4
1790694769.690,36.05,15314.2,13219.2,2095.0,86.32,9788880,81847,237.8,4.0
1790694770.690,26.14,15314.2,13306.3,2008.0,86.89,49122,65495,12.0,2.0
1790694771.691,28.33,15314.2,13323.5,1990.8,87.00,3045776,933383,38.0,38.0
1790694772.691,20.55,15314.2,13274.2,2040.0,86.68,11486023,155548,209.9,8.0
1790694773.692,25.05,15314.2,13299.8,2014.5,86.85,4731852,134227418,81.9,1069.3
1790694774.693,17.70,15314.2,13176.1,2138.2,86.04,2750751,147362,72.0,6.0
1790694775.693,35.61,15314.2,13273.1,2041.1,86.67,32743,924992,8.0,69.9
1790694776.694,39.82,15314.2,13254.4,2059.8,86.55,7972532,892203,71.9,10.0
1790694777.695,37.81,15314.2,13238.8,2075.4,86.45,1915289,0,38.0,0.0
1790694778.697,58.47,15314.2,13367.2,1947.0,87.29,0,0,0.0,0.0
1790694779.702,17.58,15314.2,13332.8,1981.4,87.06,203651,81460,47.7,4.0
1790694780.703,11.33,15314.2,13318.5,1995.8,86.97,0,192170427,0.0,1517.2
1790694781.703,8.42,15314.2,13319.7,1994.5,86.98,0,1473827,0.0,14.0
1790694782.704,4.74,15314.2,13312.5,2001.8,86.93,24561,0,6.0,0.0
1790694783.705,8.73,15314.2,13256.2,2058.0,86.56,139183,8187,2.0,2.0
1790694784.705,18.00,15314.2,13285.4,2028.8,86.75,65499,523990,16.0,12.0
1790694785.706,28.52,15314.2,13312.2,2002.0,86.93,14500209,3217720,219.9,435.8
1790694786.706,29.61,15314.2,13317.2,1997.1,86.96,7646555,2341451,209.9,38.0
1790694787.707,19.14,15314.2,13320.6,1993.6,86.98,6795339,347970471,319.8,2776.4
1790694788.707,17.40,15314.2,13278.7,2035.6,86.71,7818465,3029143,175.9,50.0
1790694789.708,16.45,15314.2,13272.3,2041.9,86.67,10249989,379413316,135.9,3244.0
1790694790.709,14.72,15314.2,13272.3,2042.0,86.67,843192,0,58.0,0.0
1790694791.709,18.28,15314.2,13209.3,2105.0,86.25,81073017,423230294,713.6,3662.0
1790694792.713,57.48,15314.2,13250.1,2064.1,86.52,606530266,526702815,5293.3,4177.2
1790694793.714,95.23,15314.2,13270.5,2043.7,86.65,353714138,397069320,2944.3,3383.8
1790694794.715,49.90,15314.2,13249.5,2064.7,86.52,189741635,2069968,1899.6,22.0
1790694795.716,31.67,15314.2,13257.4,2056.8,86.57,43566600,346019660,969.3,4684.6
1790694796.717,29.69,15314.2,13341.1,1973.1,87.12,4018585,597468,741.3,10.0
1790694797.718,35.08,15314.2,13413.4,1900.9,87.59,19919515,81872,1711.0,4.0
1790694798.718,24.10,15314.2,13401.4,1912.9,87.51,12818361,0,313.7,0.0
1790694799.719,9.54,15314.2,13389.0,1925.3,87.43,10364509,0,253.8,0.0
1790694800.720,9.76,15314.2,13379.9,1934.3,87.37,3225745,0,123.9,0.0
1790694801.720,9.48,15314.2,13349.6,1964.7,87.17,6729585,802311,323.8,10.0
1790694802.721,9.58,15314.2,13343.0,1971.3,87.13,11622362,8185,253.8,2.0
1790694803.722,21.83,15314.2,13211.2,2103.0,86.27,1465320,16372,87.9,2.0
1790694804.723,25.83,15314.2,13288.6,2025.6,86.77,16372,65490,4.0,2.0
1790694805.725,21.21,15314.2,13375.5,1938.8,87.34,62166249,2810882,833.9,63.8
1790694806.726,19.72,15314.2,13261.7,2052.6,86.60,7630474,1105273,147.9,28.0
1790694807.726,20.72,15314.2,13371.8,1942.5,87.32,2505424,0,107.9,0.0
1790694808.727,12.97,15314.2,13347.1,1967.1,87.15,73674,785859,18.0,36.0
1790694809.728,21.29,15314.2,13399.0,1915.3,87.49,12215570,0,403.8,0.0
1790694810.728,20.14,15314.2,13365.1,1949.2,87.27,15734614,147359,509.7,6.0
1790694811.729,18.29,15314.2,13443.1,1871.1,87.78,16373,0,4.0,0.0
1790694812.730,13.42,15314.2,13341.1,1973.2,87.12,36576288,1367108,817.4,20.0
1790694813.730,20.76,15314.2,13339.9,1974.4,87.11,0,0,0.0,0.0
1790694814.731,34.59,15314.2,13396.9,1917.3,87.48,9849354,0,109.9,0.0
1790694815.731,14.65,15314.2,13430.6,1883.6,87.70,0,2210354,0.0,18.0
1790694816.732,65.74,15314.2,13424.3,1890.0,87.66,4339059,163738,173.9,8.0
1790694817.733,5.83,15314.2,13423.8,1890.4,87.66,81872,0,6.0,0.0
1790694818.733,9.55,15314.2,13474.3,1839.9,87.99,2095935,1375457,32.0,14.0
1790694819.734,22.35,15314.2,13489.0,1825.3,88.08,2595299,0,46.0,0.0
1790694820.735,12.08,15314.2,13477.4,1836.9,88.01,1588112,32745,79.9,2.0
1790694821.735,10.11,15314.2,13503.0,1811.2,88.17,1170548,189473273,87.9,1492.8
1790694822.736,20.41,15314.2,13462.1,1852.2,87.91,40929,1367020,4.0,16.0
1790694823.737,34.16,15314.2,13638.8,1675.4,89.06,49499493,0,871.5,0.0
1790694824.737,18.18,15314.2,13602.1,1712.1,88.82,30265785,285932671,491.7,2322.5
1790694825.738,23.68,15314.2,13637.6,1676.7,89.05,19923757,2643950,205.8,101.9
1790694826.739,15.44,15314.2,13635.7,1678.5,89.04,19035499,335237648,243.9,3378.1
1790694827.739,13.77,15314.2,13611.8,1702.5,88.88,14671798,5772108,183.9,329.8
1790694828.741,19.07,15314.2,13535.6,1778.6,88.39,19814169,342652696,183.6,4176.9
1790694829.742,17.92,15314.2,13465.4,1848.8,87.93,21072309,746393472,261.7,6297.4
1790694830.745,96.10,15314.2,13491.7,1822.6,88.10,3825217,2198682,65.9,20.0
1790694831.747,48.97,15314.2,13522.2,1792.0,88.30,1013954,170540530,39.9,1896.5
1790694832.747,30.66,15314.2,13480.8,1833.5,88.03,5836307,157162822,465.6,4206.7
1790694833.748,24.92,15314.2,13512.6,1801.6,88.24,548570,4904376,14.0,171.9
1790694834.748,23.88,15314.2,13439.2,1875.1,87.76,6378291,81878,129.9,4.0
1790694835.749,6.73,15314.2,13443.3,1871.0,87.78,90052,135160142,22.0,1069.3
1790694836.750,4.67,15314.2,13434.2,1880.1,87.72,245573,245573,10.0,18.0
1790694837.750,9.73,15314.2,13432.4,1881.8,87.71,0,0,0.0,0.0
1790694838.751,12.15,15314.2,13438.6,1875.6,87.75,16429017,0,581.6,0.0
1790694839.752,7.65,15314.2,13431.9,1882.4,87.71,3201323,1768506,86.0,253.9
1790694840.752,28.41,15314.2,13480.5,1833.7,88.03,655030,147382,66.0,6.0
1790694841.753,25.78,15314.2,13530.5,1783.7,88.35,26608185,8187,347.8,2.0
1790694842.753,20.50,15314.2,13526.0,1788.2,88.32,37578854,286892857,491.7,2464.5
1790694843.754,24.82,15314.2,13531.4,1782.9,88.36,34761377,331379243,567.6,3293.9
1790694844.755,16.77,15314.2,13506.7,1807.6,88.20,37865719,2087732,367.8,18.0
1790694845.755,12.96,15314.2,13507.7,1806.5,88.20,35433020,338734103,383.8,3170.0
1790694846.756,13.09,15314.2,13523.6,1790.7,88.31,53476835,2545736,459.6,28.0
1790694847.757,13.20,15314.2,13438.8,1875.4,87.75,146810497,534231408,2548.0,4976.2
1790694848.758,56.70,15314.2,13438.1,1876.1,87.75,349499983,569844044,4179.3,4510.9
1790694849.760,94.24,15314.2,13458.6,1855.7,87.88,229164685,0,2057.2,0.0
1790694850.761,31.43,15314.2,13453.3,1860.9,87.85,62776987,461114643,771.1,4151.2
1790694851.762,25.13,15314.2,13436.9,1877.4,87.74,24805833,2685252,389.7,28.0
1790694852.763,28.07,15314.2,13498.3,1816.0,88.14,98245,0,10.0,0.0
1790694853.763,27.68,15314.2,13488.7,1825.5,88.08,253772,147351,40.0,6.0
1790694854.764,30.50,15314.2,13605.6,1708.7,88.84,8185,0,2.0,0.0
1790694855.765,25.72,15314.2,13547.3,1766.9,88.46,507619,118078754,28.0,1009.4
1790694856.765,18.12,15314.2,13543.3,1771.0,88.44,0,0,0.0,0.0
1790694857.766,17.70,15314.2,13537.7,1776.5,88.40,0,0,0.0,0.0
1790694858.767,12.48,15314.2,13529.0,1785.2,88.34,0,0,0.0,0.0
1790694859.767,11.95,15314.2,13528.3,1785.9,88.34,3389654,98251,115.9,4.0
1790694860.774,12.35,15314.2,13526.3,1788.0,88.32,23689535,24983467,323.8,226.5
1790694861.774,20.77,15314.2,13474.4,1839.8,87.99,0,0,0.0,0.0
1790694862.775,22.42,15314.2,13480.4,1833.8,88.03,90055,8187,8.0,2.0
1790694863.776,12.65,15314.2,13507.9,1806.4,88.20,188309,0,6.0,0.0
1790694864.776,13.13,15314.2,13508.9,1805.4,88.21,0,0,0.0,0.0
1790694865.777,14.26,15314.2,13505.3,1808.9,88.19,6115748,168162605,91.9,1315.2
1790694866.777,10.71,15314.2,13349.5,1964.7,87.17,720422,16373,52.0,2.0
1790694867.778,10.77,15314.2,13404.9,1909.4,87.53,0,311129,0.0,18.0
1790694868.778,9.32,15314.2,13382.5,1931.7,87.39,0,0,0.0,0.0
1790694869.779,3.85,15314.2,13389.2,1925.1,87.43,196499,0,18.0,0.0
1790694870.779,4.80,15314.2,13389.5,1924.8,87.43,933377,335688,48.0,24.0
1790694871.780,10.03,15314.2,13410.5,1903.8,87.57,810495,132511769,79.9,1029.3
1790694872.781,22.17,15314.2,13557.6,1756.6,88.53,5575712,0,257.9,0.0
1790694873.781,32.68,15314.2,13566.3,1747.9,88.59,14606529,76193025,403.8,1321.3
1790694874.782,17.39,15314.2,13546.1,1768.2,88.45,73969352,344576356,2020.5,3291.6
1790694875.782,11.54,15314.2,13511.5,1802.7,88.23,11830780,1350920,161.9,22.0
1790694876.783,12.28,15314.2,13494.6,1819.6,88.12,4961643,354544602,157.9,3276.2
1790694877.784,13.77,15314.2,13427.4,1886.9,87.68,66970882,2578952,1986.8,24.0
1790694878.784,16.39,15314.2,13510.3,1804.0,88.22,49287520,3315855,1577.1,145.9
1790694879.785,26.90,15314.2,13491.8,1822.5,88.10,217495400,1099796557,6549.0,9362.9
1790694880.789,94.04,15314.2,13485.1,1829.1,88.06,2610326,3515783,99.6,33.9
1790694881.790,58.14,15314.2,13488.1,1826.1,88.08,77892214,129122016,1007.0,1048.9
1790694882.791,21.56,15314.2,13470.4,1843.8,87.96,11867015,133098801,417.6,1093.0
1790694883.792,24.71,15314.2,13543.0,1771.2,88.43,450290,65497,28.0,2.0
1790694884.792,30.12,15314.2,13544.3,1769.9,88.44,3585971,90059,155.9,4.0
1790694885.793,32.03,15314.2,13597.4,1716.9,88.79,73683,218035642,6.0,1730.9
1790694886.794,28.57,15314.2,13603.6,1710.7,88.83,8151800,0,173.8,0.0
1790694887.794,14.77,15314.2,13457.2,1857.0,87.87,1834003,679564,86.0,12.0
1790694888.795,10.48,15314.2,13458.6,1855.7,87.88,0,0,0.0,0.0
1790694889.795,17.65,15314.2,13498.8,1815.4,88.15,20172819,5419808,569.7,115.9
1790694890.796,20.57,15314.2,13514.7,1799.5,88.25,32403780,32420154,431.7,295.8
1790694891.797,14.47,15314.2,13529.9,1784.3,88.35,998797,0,46.0,0.0
1790694892.797,13.48,15314.2,13535.1,1779.1,88.38,2218647,8187,91.9,2.0
1790694893.798,10.82,15314.2,13557.2,1757.0,88.53,24559,0,6.0,0.0
1790694894.799,13.86,15314.2,13567.8,1746.4,88.60,34195018,581242,559.6,12.0
1790694895.799,15.45,15314.2,13641.2,1673.1,89.07,786049,777861,56.0,74.0
1790694896.800,19.02,15314.2,13656.6,1657.7,89.18,8185,311042,2.0,6.0
1790694897.801,18.25,15314.2,13634.8,1679.4,89.03,6017816,167680091,365.8,1347.3
1790694898.801,6.76,15314.2,13582.0,1732.3,88.69,90036,441995,22.0,26.0
1790694899.802,5.51,15314.2,13571.1,1743.1,88.62,262000,0,28.0,0.0
1790694900.803,8.68,15314.2,13566.9,1747.3,88.59,32749,270183,8.0,24.0
1790694901.803,14.40,15314.2,13418.2,1896.1,87.62,42018783,605883,1893.0,113.9
1790694902.804,10.93,15314.2,13453.5,1860.7,87.85,16389669,167662552,619.6,1285.2
1790694903.805,17.04,15314.2,13544.0,1770.3,88.44,188240,892094,28.0,65.9
1790694904.805,25.19,15314.2,13677.6,1636.6,89.31,117707880,7073771,3064.2,125.9
1790694905.806,34.31,15314.2,13588.5,1725.7,88.73,68829804,271415778,3180.6,2898.9
1790694906.807,19.47,15314.2,13583.0,1731.2,88.70,58282963,2234726,4009.0,48.0
1790694907.808,21.55,15314.2,13560.6,1753.6,88.55,43121079,342119543,2564.4,3232.0
1790694908.808,19.67,15314.2,13540.9,1773.4,88.42,61123000,0,3839.6,0.0
1790694909.809,14.64,15314.2,13514.1,1800.2,88.25,75603128,114625,3338.2,6.0
1790694910.809,13.86,15314.2,13477.4,1836.9,88.01,75885349,350019025,889.5,3306.0
1790694911.811,38.62,15314.2,13480.7,1833.6,88.03,567207170,771687910,6084.1,6429.4
1790694912.814,95.80,15314.2,13503.1,1811.2,88.17,91641046,2663604,1292.6,27.9
1790694913.817,39.77,15314.2,13527.3,1787.0,88.33,38298327,149903128,586.0,1387.3
1790694914.819,25.36,15314.2,13442.9,1871.3,87.78,4270577,374329995,93.9,3541.3
1790694915.837,28.33,15314.2,13500.3,1813.9,88.16,56317,64362,3.9,2.0
1790694916.838,24.59,15314.2,13545.7,1768.5,88.45,7974464,515802,207.9,70.0
1790694917.838,8.30,15314.2,13430.2,1884.0,87.70,622288,3086877,88.0,30.0
1790694918.839,6.47,15314.2,13432.1,1882.2,87.71,12002647,0,487.7,0.0
1790694919.839,6.60,15314.2,13436.6,1877.6,87.74,343824,107363029,22.0,897.4
1790694920.840,10.97,15314.2,13459.6,1854.7,87.89,40932,835013,8.0,10.0
1790694921.841,5.89,15314.2,13448.8,1865.4,87.82,4879612,0,115.9,0.0
1790694922.841,19.79,15314.2,13501.8,1812.4,88.17,139179,204674,34.0,6.0
1790694923.842,25.69,15314.2,13486.9,1827.3,88.07,56121281,33659671,671.5,297.8
1790694924.843,20.74,15314.2,13513.2,1801.0,88.24,28920974,301529604,455.7,2536.1
1790694925.843,19.75,15314.2,13494.8,1819.4,88.12,27572913,712246,545.6,131.9
1790694926.844,17.93,15314.2,13514.4,1799.9,88.25,4592994,345825436,76.0,3304.0
1790694927.845,15.99,15314.2,13546.0,1768.2,88.45,16504617,2660714,207.9,76.0
1790694928.845,15.34,15314.2,13591.2,1723.1,88.75,42882398,333930915,589.6,3068.0
1790694929.846,12.71,15314.2,13538.5,1775.8,88.40,155228167,175417653,1367.2,1752.0
1790694930.847,46.20,15314.2,13513.1,1801.2,88.24,618741769,576008972,6559.0,4556.1
1790694931.851,95.98,15314.2,13579.5,1734.8,88.67,215293389,522082,2306.3,109.5
1790694932.852,41.41,15314.2,13599.6,1714.7,88.80,164622341,507209693,1558.8,10553.9
1790694933.854,32.05,15314.2,13481.6,1832.6,88.03,68533539,216028567,672.4,2055.1
1790694934.855,27.05,15314.2,13600.7,1713.6,88.81,8686568,622223,553.7,12.0
1790694935.855,21.67,15314.2,13481.2,1833.0,88.03,51793351,90061,645.6,4.0
1790694936.856,15.64,15314.2,13559.4,1754.8,88.54,55215402,0,2754.0,0.0
1790694937.857,9.26,15314.2,13578.5,1735.7,88.67,1219907,0,115.9,0.0
1790694938.857,9.85,15314.2,13577.6,1736.7,88.66,736851,1481890,48.0,14.0
1790694939.858,12.28,15314.2,13551.9,1762.4,88.49,32674859,1891228,1119.3,131.9
1790694940.858,12.56,15314.2,13597.9,1716.3,88.79,12411893,900599,549.7,193.9
1790694941.859,25.05,15314.2,13615.7,1698.5,88.91,982513,98251,72.0,4.0
1790694942.860,19.52,15314.2,13644.5,1669.8,89.10,24833044,0,329.8,0.0
1790694943.860,30.35,15314.2,13749.3,1565.0,89.78,45378114,321805574,1465.0,3105.9
1790694944.861,43.41,15314.2,13975.8,1338.4,91.26,21402542,228446554,715.3,2973.3
1790694945.862,25.14,15314.2,14081.5,1232.7,91.95,23267413,91260327,801.5,1433.1
1790694946.863,16.93,15314.2,14068.9,1245.3,91.87,30124924,224877113,559.4,2153.9
1790694947.863,19.37,15314.2,14137.5,1176.8,92.32,33965019,458434,383.7,91.9
1790694948.864,17.70,15314.2,14093.2,1221.0,92.03,99634715,216594358,1219.3,2320.7
1790694949.865,33.50,15314.2,14078.1,1236.2,91.93,863060283,1059616590,10120.6,8823.8
1790694950.874,95.94,15314.2,14129.5,1184.7,92.26,446348628,365214,3635.9,7.9
1790694951.876,65.77,15314.2,14174.9,1139.4,92.56,310213422,1914443,2586.6,75.9
1790694952.877,33.55,15314.2,13979.0,1335.3,91.28,73511682,160494777,763.3,1368.7
1790694953.878,31.94,15314.2,14088.0,1226.3,91.99,7598335,65432,259.6,2.0
1790694954.879,34.35,15314.2,14126.8,1187.4,92.25,9201650,20024231,421.7,171.9
1790694955.880,28.17,15314.2,14189.2,1125.0,92.65,14831499,179885133,281.8,2218.1
1790694956.880,27.49,15314.2,14255.9,1058.4,93.09,25962570,0,527.7,0.0
1790694957.881,22.78,15314.2,14177.3,1136.9,92.58,82885061,24561,1079.3,2.0
1790694958.881,14.13,15314.2,14172.7,1141.6,92.55,14007432,0,227.9,0.0
1790694959.882,16.18,15314.2,14150.2,1164.1,92.40,6401873,1391712,127.9,34.0
1790694960.883,16.51,15314.2,14141.6,1172.6,92.34,12827845,1154260,215.8,111.9
1790694961.883,14.60,15314.2,14171.5,1142.8,92.54,6991806,319298,93.9,38.0
1790694962.884,12.75,15314.2,14163.1,1151.1,92.48,13484161,0,179.9,0.0
1790694963.885,28.46,15314.2,14133.7,1180.5,92.29,11715305,597636,261.8,26.0
1790694964.885,16.72,15314.2,14126.5,1187.8,92.24,137015129,810450,1670.8,10.0
1790694965.886,13.31,15314.2,14136.8,1177.4,92.31,876049,88824796,18.0,1061.4
1790694966.888,26.35,15314.2,14081.5,1232.8,91.95,8342977,141119702,105.7,1147.1
1790694967.889,12.91,15314.2,14096.7,1217.6,92.05,23297391,998693,1269.1,93.9
1790694968.890,24.73,15314.2,14107.3,1206.9,92.12,53484233,92074433,1245.4,1063.5
1790694969.904,13.64,15314.2,14020.6,1293.7,91.55,27217675,516894,810.4,39.4
1790694970.904,5.00,15314.2,14039.1,1275.2,91.67,127924300,1383629,1629.0,32.0
1790694971.905,11.02,15314.2,14040.9,1273.4,91.69,393011,8188,22.0,2.0
1790694972.906,3.99,15314.2,14040.3,1273.9,91.68,90051,0,16.0,0.0
1790694973.906,19.07,15314.2,14031.9,1282.4,91.63,8498395,876039,353.8,52.0
1790694974.907,21.25,15314.2,14088.7,1225.6,92.00,27909613,0,411.8,0.0
1790694975.908,21.85,15314.2,14083.5,1230.8,91.96,51771458,216523379,967.2,2436.0
1790694976.908,22.45,15314.2,14113.5,1200.8,92.16,40420785,209677192,1263.3,2168.8
1790694977.909,21.38,15314.2,14177.7,1136.6,92.58,48474885,198311556,647.5,2066.4
1790694978.910,13.44,15314.2,14104.2,1210.1,92.10,47564584,257020672,685.6,3173.9
1790694979.911,15.95,15314.2,14139.7,1174.6,92.33,40760301,3355768,539.5,153.9
1790694980.911,10.51,15314.2,14066.0,1248.3,91.85,111870941,490663460,2162.8,4741.3
1790694981.912,41.54,15314.2,14009.4,1304.8,91.48,589146757,586944354,10414.1,4691.3
1790694982.917,94.85,15314.2,14029.1,1285.2,91.61,163859041,3195818,1584.3,137.3
1790694983.919,43.17,15314.2,14093.4,1220.8,92.03,56810053,267357769,600.4,9487.1
1790694984.920,28.67,15314.2,14012.6,1301.6,91.50,3143200,111542683,149.9,2222.2
1790694985.921,25.84,15314.2,14013.9,1300.3,91.51,48795817,3250325,1864.9,84.0
1790694986.921,27.31,15314.2,14055.0,1259.3,91.78,21864813,161968244,671.5,1413.0
1790694987.922,30.59,15314.2,14129.1,1185.1,92.26,1048040,65503,22.0,2.0
1790694988.922,26.47,15314.2,14105.2,1209.1,92.11,11618515,0,403.8,0.0
1790694989.924,26.91,15314.2,14061.0,1253.2,91.82,16426319,2714553,1131.8,207.6
1790694990.925,17.92,15314.2,14007.2,1307.0,91.47,32976981,1449088,829.5,60.0
1790694991.925,9.79,15314.2,14023.9,1290.3,91.57,262001,0,2.0,0.0
1790694992.926,11.99,15314.2,14018.6,1295.7,91.54,11715252,0,163.9,0.0
1790694993.927,13.90,15314.2,14042.9,1271.4,91.70,818715,0,40.0,0.0
1790694994.927,12.87,15314.2,14054.7,1259.6,91.78,229238,663153,14.0,32.0
1790694995.928,17.13,15314.2,14077.5,1236.8,91.92,139184,0,22.0,0.0
1790694996.928,13.30,15314.2,14066.8,1247.5,91.85,0,933300,0.0,10.0
1790694997.929,19.83,15314.2,14094.7,1219.5,92.04,687840,86160172,68.0,719.7
1790694998.929,17.74,15314.2,14100.2,1214.0,92.07,6435509,60236690,507.7,483.7
1790694999.930,15.63,15314.2,13948.4,1365.9,91.08,1007047,1653849,113.9,109.9
1790695000.931,10.75,15314.2,13999.2,1315.1,91.41,6148347,3856021,197.9,131.9
1790695001.931,3.24,15314.2,13994.9,1319.4,91.38,0,114621,0.0,6.0
1790695002.932,10.30,15314.2,14062.5,1251.7,91.83,0,0,0.0,0.0
1790695003.932,5.36,15314.2,14000.0,1314.3,91.42,1555401,142826731,56.0,1151.2
1790695004.933,5.20,15314.2,14014.7,1299.5,91.51,491230,0,44.0,0.0
1790695005.934,17.03,15314.2,14079.7,1234.5,91.94,212873,548558,22.0,42.0
1790695006.934,17.58,15314.2,14036.5,1277.7,91.66,45942943,154013648,695.5,2150.6
1790695007.936,18.85,15314.2,14168.7,1145.5,92.52,44367905,255908322,1053.7,2618.2
1790695008.937,18.75,15314.2,14071.0,1243.2,91.88,113987578,233417166,1928.0,2309.6
1790695009.938,11.20,15314.2,14038.4,1275.9,91.67,38256799,0,335.8,0.0
1790695010.939,12.99,15314.2,14059.9,1254.4,91.81,62600988,242937026,1247.3,2636.5
1790695011.939,12.94,15314.2,14036.3,1277.9,91.66,40729836,231672942,425.7,2420.5
1790695012.940,17.76,15314.2,14150.3,1163.9,92.40,783112988,951527025,11203.7,8457.2
1790695013.941,94.20,15314.2,14191.0,1123.3,92.67,394931900,2832285,4312.7,28.0
1790695014.942,84.66,15314.2,14229.3,1084.9,92.92,423160369,3845425,4776.0,585.3
1790695015.943,39.57,15314.2,14209.0,1105.2,92.78,83953722,278863827,2301.4,2635.0
1790695016.944,34.31,15314.2,14247.8,1066.4,93.04,35429447,605632,1896.2,117.9
1790695017.945,35.14,15314.2,14305.1,1009.2,93.41,37671346,589382,2314.3,117.9
1790695018.946,40.18,15314.2,14299.4,1014.8,93.37,161541917,243646513,2928.4,2650.7
1790695019.965,6.15,15314.2,14300.1,1014.1,93.38,85244382,1197456,2162.2,80.4
1790695020.966,4.95,15314.2,14303.2,1011.1,93.40,2161293,0,85.9,0.0
1790695021.967,16.27,15314.2,14300.7,1013.5,93.38,761346,204663,56.0,20.0
1790695022.967,4.00,15314.2,14299.2,1015.0,93.37,8187,0,2.0,0.0
1790695023.968,7.43,15314.2,14307.7,1006.6,93.43,17168759,1506462,479.7,247.9
1790695024.968,16.47,15314.2,14364.2,950.0,93.80,49895686,65501,2438.7,2.0
1790695025.969,22.41,15314.2,14332.1,982.1,93.59,60031069,1441008,1487.2,215.9
1790695026.969,23.87,15314.2,14302.7,1011.5,93.39,55412489,351690816,1149.4,3618.0
1790695027.970,28.14,15314.2,14299.3,1015.0,93.37,89364215,217819134,1788.8,2718.2
1790695028.971,19.82,15314.2,14307.4,1006.8,93.43,45784372,186649916,721.6,2258.8
1790695029.971,20.25,15314.2,14293.8,1020.5,93.34,62215586,223465220,667.6,2334.7
1790695030.972,10.96,15314.2,14285.2,1029.0,93.28,59865135,27705637,601.7,272.8
1790695031.972,10.60,15314.2,14277.5,1036.8,93.23,224984320,543660943,3013.9,5263.3
1790695032.973,51.86,15314.2,14270.0,1044.3,93.18,723798404,598717657,8155.9,4760.5
1790695033.977,93.89,15314.2,14261.3,1053.0,93.12,484580564,153526274,4945.3,1739.4
1790695034.978,47.51,15314.2,14291.8,1022.5,93.32,179954156,198063316,2147.7,1704.1
1790695035.979,23.08,15314.2,14209.0,1105.3,92.78,65826389,90027,1418.7,4.0
1790695036.980,22.89,15314.2,14297.7,1016.5,93.36,30906850,0,2144.8,0.0
1790695037.980,30.32,15314.2,14363.4,950.8,93.79,5467363,1546903,373.7,54.0
1790695038.981,23.43,15314.2,14346.3,968.0,93.68,5746130,0,205.8,0.0
1790695039.982,9.38,15314.2,14350.8,963.5,93.71,32745,0,8.0,0.0
1790695040.983,17.34,15314.2,14355.2,959.1,93.74,360188,115211088,26.0,969.3
1790695041.983,13.52,15314.2,14339.8,974.5,93.64,278341,8186,14.0,2.0
1790695042.984,10.74,15314.2,14342.8,971.4,93.66,26061410,1391907,793.6,38.0
1790695043.985,10.38,15314.2,14242.3,1071.9,93.00,4183273,221034,165.9,6.0
1790695044.985,18.72,15314.2,14315.1,999.1,93.48,3094914,65501,301.8,2.0
1790695045.986,21.10,15314.2,14351.5,962.7,93.71,41360523,0,1203.3,0.0
1790695046.987,33.42,15314.2,14257.0,1057.2,93.10,14790242,1636994,365.7,20.0
1790695047.987,19.10,15314.2,14355.6,958.7,93.74,10552295,65491,443.7,2.0
1790695048.988,31.51,15314.2,14430.4,883.8,94.23,129440298,2202507,5747.0,60.0
1790695049.988,30.92,15314.2,14346.1,968.1,93.68,101168740,744971,2384.4,30.0
1790695050.989,23.06,15314.2,14460.7,853.5,94.43,46109531,1154376,1385.2,87.9
1790695051.990,29.36,15314.2,14441.9,872.3,94.30,102092355,2488660,1495.0,56.0
1790695052.991,27.10,15314.2,14367.9,946.3,93.82,61335963,11386404,1964.5,319.8
1790695053.991,27.52,15314.2,14418.5,895.7,94.15,10012008,0,483.7,0.0
1790695054.992,17.95,15314.2,14233.0,1081.2,92.94,76271474,8939406,1397.0,273.8
1790695055.992,32.72,15314.2,14371.9,942.4,93.85,40243531,507650,1745.1,22.0
1790695056.993,49.49,15314.2,14363.8,950.5,93.79,55836896,1244276,1375.0,109.9
1790695057.995,41.99,15314.2,14331.3,983.0,93.58,26274202,149197890,529.1,1433.5
1790695058.998,49.27,15314.2,14265.5,1048.8,93.15,2352891,4231937,235.4,125.7
1790695059.999,36.07,15314.2,14164.0,1150.2,92.49,5400204,10014924,267.7,159.8
1790695060.999,2.59,15314.2,14166.8,1147.4,92.51,6017694,0,50.0,0.0
1790695062.000,4.60,15314.2,14135.3,1178.9,92.30,98242,0,14.0,0.0
1790695063.001,3.21,15314.2,14132.5,1181.8,92.28,4396413,32748,183.9,2.0
1790695064.001,9.77,15314.2,13984.5,1329.8,91.32,1375275,1440764,64.0,14.0
1790695065.002,9.80,15314.2,13967.1,1347.1,91.20,622254,5780417,60.0,781.6
1790695066.002,18.55,15314.2,14057.3,1256.9,91.79,20100486,4748791,1099.4,129.9
1790695067.003,37.00,15314.2,14076.0,1238.3,91.91,78195762,228610643,771.5,2138.7
1790695068.004,13.37,15314.2,14078.2,1236.1,91.93,71578745,195961349,1735.1,2194.9
1790695069.004,24.58,15314.2,14114.3,1199.9,92.16,30154227,247857427,485.7,2336.7
1790695070.005,26.00,15314.2,14017.4,1296.8,91.53,39722733,2267298,387.7,34.0
1790695071.006,11.58,15314.2,14010.1,1304.2,91.48,39721569,237805469,363.8,2330.5
1790695072.006,10.60,15314.2,13983.9,1330.4,91.31,51221477,254388268,449.7,2610.2
1790695073.007,10.13,15314.2,13947.6,1366.6,91.08,303046061,815946772,5970.3,7025.6
1790695074.008,90.63,15314.2,13957.4,1356.9,91.14,68803068,0,971.1,0.0
1790695075.011,61.30,15314.2,13982.0,1332.3,91.30,59280224,91385583,813.1,1126.0
1790695076.013,20.38,15314.2,13994.5,1319.7,91.38,1644554,436780322,43.9,4554.4
1790695077.015,25.99,15314.2,13886.1,1428.2,90.67,6639437,114473,251.5,6.0
1790695078.015,23.40,15314.2,13977.5,1336.7,91.27,31929981,2054981,1984.8,18.0
1790695079.016,24.04,15314.2,14010.7,1303.5,91.49,3004739,155559,247.9,6.0
1790695080.016,27.70,15314.2,14121.7,1192.5,92.21,335657,1178892,20.0,14.0
1790695081.017,32.10,15314.2,14112.8,1201.4,92.16,614084,0,38.0,0.0
1790695082.018,45.85,15314.2,14125.2,1189.0,92.24,409299,3200722,18.0,85.9
1790695083.018,26.05,15314.2,14152.4,1161.8,92.41,663137,2464249,22.0,38.0
1790695084.019,23.40,15314.2,14157.9,1156.4,92.45,4469274,0,101.9,0.0
1790695085.020,21.41,15314.2,14159.1,1155.1,92.46,4838027,507543,56.0,34.0
1790695086.020,22.09,15314.2,14153.2,1161.0,92.42,7023957,0,77.9,0.0
1790695087.021,21.90,15314.2,14153.8,1160.4,92.42,3929313,0,46.0,0.0
1790695088.022,28.76,15314.2,14082.7,1231.5,91.96,6933549,90046,127.9,4.0
1790695089.023,29.44,15314.2,14158.7,1155.5,92.45,4721313,65460,47.9,2.0
1790695090.024,35.68,15314.2,14221.0,1093.2,92.86,39459211,1244357,433.7,12.0
1790695091.024,33.79,15314.2,14187.9,1126.4,92.64,5534818,121372983,139.9,1005.5
1790695092.025,22.93,15314.2,14313.9,1000.3,93.47,33037950,205858771,877.6,1629.2
1790695093.025,28.63,15314.2,14294.2,1020.0,93.34,39224829,0,1545.1,0.0
1790695094.026,29.45,15314.2,14139.4,1174.9,92.33,70522277,24558,815.4,2.0
1790695095.027,21.26,15314.2,14201.0,1113.2,92.73,1400007,1326322,147.9,14.0
1790695096.027,24.63,15314.2,14110.8,1203.4,92.14,52721791,90067,573.7,4.0
1790695097.028,26.37,15314.2,14114.2,1200.0,92.16,12797179,15449953,649.6,365.8
1790695098.028,37.35,15314.2,14182.8,1131.5,92.61,9382149,1555505,351.8,20.0
1790695099.029,24.03,15314.2,14158.1,1156.1,92.45,45073490,2096061,503.7,88.0
1790695100.030,26.64,15314.2,14188.2,1126.1,92.65,376517,0,42.0,0.0
1790695101.030,38.32,15314.2,14211.4,1102.9,92.80,24534613,0,331.8,0.0
1790695102.031,31.87,15314.2,14206.8,1107.5,92.77,2865323,293736511,253.8,3805.5
1790695103.032,56.09,15314.2,14203.1,1111.1,92.74,39093740,3241441,833.3,195.8
1790695104.038,31.57,15314.2,14087.9,1226.4,91.99,8630234,130218834,604.3,1963.9
1790695105.039,12.67,15314.2,13991.7,1322.5,91.36,876054,0,24.0,0.0
1790695106.039,10.98,15314.2,14007.3,1307.0,91.47,54408339,131006,1135.4,2.0
1790695107.040,5.73,15314.2,13987.2,1327.0,91.33,25266386,1416424,1137.4,121.9
1790695108.040,3.92,15314.2,13988.0,1326.3,91.34,4175524,0,107.9,0.0
1790695109.041,11.75,15314.2,14036.0,1278.3,91.65,605875,1121687,86.0,30.0
1790695110.041,22.34,15314.2,14119.0,1195.3,92.20,53186967,294710,1359.1,20.0
1790695111.043,24.98,15314.2,14081.2,1233.0,91.95,64085258,230083424,899.0,2125.5
1790695112.044,15.36,15314.2,14089.7,1224.6,92.00,24399516,209907839,551.3,2287.3
1790695113.045,15.31,15314.2,14101.0,1213.2,92.08,41429724,226737894,541.6,2486.2
1790695114.045,16.90,15314.2,14051.2,1263.0,91.75,35352204,925150,315.8,22.0
1790695115.046,22.05,15314.2,14027.5,1286.8,91.60,68036751,231791632,971.4,2306.7
1790695116.046,12.52,15314.2,14018.4,1295.9,91.54,80191867,246110026,965.4,2542.5
1790695117.048,32.56,15314.2,14014.7,1299.6,91.51,645424278,861805516,10086.5,7162.7
1790695118.050,95.04,15314.2,14015.4,1298.9,91.52,390191149,165066715,3879.8,1631.4
1790695119.052,43.12,15314.2,14076.5,1237.7,91.92,179879278,250429630,1792.5,1988.1
1790695120.053,18.48,15314.2,14011.0,1303.2,91.49,24543805,114614,341.8,6.0
1790695121.053,25.05,15314.2,14111.4,1202.8,92.15,22394068,425774,1333.3,14.0
1790695122.054,27.82,15314.2,14114.5,1199.8,92.17,2775625,1121713,223.9,16.0
1790695123.054,29.94,15314.2,14177.2,1137.0,92.58,1154470,65502,135.9,2.0
1790695124.056,34.01,15314.2,14243.3,1070.9,93.01,3939640,163471,245.4,2.0
1790695125.058,32.25,15314.2,14217.7,1096.6,92.84,6455638,62764514,249.7,547.3
1790695126.058,21.61,15314.2,14200.4,1113.9,92.73,2987786,0,48.0,0.0
1790695127.059,21.63,15314.2,14201.4,1112.9,92.73,834963,908637,16.0,34.0
1790695128.060,29.51,15314.2,14189.5,1124.8,92.66,125403493,654891,3583.4,69.9
1790695129.061,27.42,15314.2,14152.4,1161.8,92.41,183945566,753137,10868.4,159.9
1790695130.061,24.71,15314.2,14144.3,1170.0,92.36,175141969,24561,10465.5,2.0
1790695131.062,25.40,15314.2,14035.9,1278.3,91.65,179644979,90052,10972.7,4.0
1790695132.062,30.83,15314.2,14146.9,1167.3,92.38,179873386,73685,10781.7,4.0
1790695133.063,39.62,15314.2,14145.6,1168.7,92.37,255174475,3462907,12435.7,30.0
1790695134.067,41.14,15314.2,14200.4,1113.9,92.73,232248184,3158451,10813.4,43.8
1790695135.068,31.94,15314.2,14130.3,1184.0,92.27,167274656,270216054,10466.9,2120.2
1790695136.068,30.99,15314.2,14226.1,1088.2,92.89,188327691,949620,10802.6,48.0
1790695137.069,26.14,15314.2,14007.4,1306.8,91.47,264713738,90050,12037.7,4.0
1790695138.070,21.91,15314.2,14078.8,1235.4,91.93,132425328,3446956,8327.5,185.9
1790695139.070,23.13,15314.2,14134.5,1179.7,92.30,109567106,0,1792.9,0.0
1790695140.071,21.02,15314.2,14113.2,1201.0,92.16,1653691,155545,74.0,6.0
1790695141.071,18.90,15314.2,14144.6,1169.7,92.36,5133781,1326431,88.0,26.0
1790695142.072,19.14,15314.2,14042.5,1271.8,91.70,79734190,155539,793.4,6.0
1790695143.073,20.36,15314.2,14115.0,1199.3,92.17,1432839,409382,28.0,8.0
1790695144.073,34.97,15314.2,14147.9,1166.3,92.38,37836099,98876592,487.8,1837.1
1790695145.074,17.26,15314.2,14260.0,1054.3,93.12,49120,1817430,6.0,64.0
1790695146.074,62.42,15314.2,14154.2,1160.1,92.42,745020,24561,105.9,2.0
1790695147.075,8.32,15314.2,14166.0,1148.3,92.50,253807,0,8.0,0.0
1790695148.076,4.22,15314.2,14162.6,1151.7,92.48,499424,1793016,8.0,18.0
1790695149.076,3.66,15314.2,14163.4,1150.8,92.49,8187,180588741,2.0,1423.1
1790695150.077,4.24,15314.2,14173.8,1140.5,92.55,327460,0,8.0,0.0
1790695151.077,7.17,15314.2,14183.7,1130.6,92.62,2832693,392975,227.9,10.0
1790695152.078,22.51,15314.2,14262.6,1051.7,93.13,8431358,65486,555.6,2.0
1790695153.079,26.73,15314.2,14207.9,1106.4,92.78,46421734,0,1055.4,0.0
1790695154.080,20.83,15314.2,14115.7,1198.5,92.17,58939526,236887780,555.6,2134.4
1790695155.080,13.60,15314.2,14142.4,1171.8,92.35,39448515,178959359,343.8,2030.9
1790695156.081,12.58,15314.2,14077.5,1236.7,91.92,59632522,242583101,529.7,2612.7
1790695157.081,21.17,15314.2,14082.6,1231.7,91.96,39396741,236282200,349.8,2302.6
1790695158.082,17.87,15314.2,14081.6,1232.6,91.95,39421735,2243314,335.8,20.0
1790695159.082,15.82,15314.2,14036.8,1277.5,91.66,89998798,238962607,1271.1,2548.2
1790695160.084,30.39,15314.2,14094.6,1219.6,92.04,709259322,866475309,10566.8,7245.6
1790695161.086,94.40,15314.2,14128.2,1186.0,92.26,447399025,183136479,4148.8,1903.8
1790695162.090,49.61,15314.2,14138.1,1176.1,92.32,191723683,181197485,2067.9,1432.4
1790695163.091,30.72,15314.2,13986.0,1328.2,91.33,33894764,54881524,405.7,437.6
1790695164.092,30.03,15314.2,14099.2,1215.1,92.07,28452280,65483,1320.9,2.0
1790695165.092,26.60,15314.2,14130.4,1183.8,92.27,8972560,130986,835.5,2.0
1790695166.093,27.23,15314.2,14139.9,1174.4,92.33,2078903,720250,36.0,18.0
1790695167.094,15.01,15314.2,14150.7,1163.6,92.40,0,8187,0.0,2.0
1790695168.094,14.73,15314.2,14153.2,1161.1,92.42,417517,76151837,24.0,669.6
1790695169.095,23.71,15314.2,14162.5,1151.8,92.48,990514,630327,58.0,20.0
1790695170.096,18.85,15314.2,14106.6,1207.6,92.11,26151474,0,747.4,0.0
1790695171.097,20.15,15314.2,14124.5,1189.7,92.23,2030291,0,97.9,0.0
1790695172.098,20.26,15314.2,14071.9,1242.4,91.89,933108,474739,97.9,16.0
1790695173.098,20.53,15314.2,14163.2,1151.0,92.48,6386307,638631,703.6,44.0
1790695174.099,29.25,15314.2,14236.0,1078.2,92.96,45203019,1506222,705.5,103.9
1790695175.100,26.33,15314.2,14106.3,1207.9,92.11,752905,155491,89.9,6.0
1790695176.100,19.65,15314.2,14216.7,1097.6,92.83,7531838,1228017,605.6,24.0
1790695177.101,16.81,15314.2,14179.3,1134.9,92.59,785695,90028,79.9,4.0
1790695178.102,18.91,15314.2,14244.1,1070.2,93.01,5337710,638560,571.6,22.0
1790695179.103,23.01,15314.2,14258.7,1055.6,93.11,2685514,0,245.9,0.0
1790695180.103,18.80,15314.2,14172.9,1141.3,92.55,966164,1793135,70.0,50.0
1790695181.104,24.94,15314.2,14247.1,1067.2,93.03,3659869,0,391.8,0.0
1790695182.104,18.33,15314.2,14178.7,1135.5,92.59,5985454,90068,107.9,4.0
1790695183.105,18.39,15314.2,14246.7,1067.5,93.03,5247564,65492,583.6,2.0
1790695184.105,30.55,15314.2,14235.1,1079.1,92.95,6950330,1342584,299.8,16.0
1790695185.106,17.50,15314.2,14211.0,1103.2,92.80,188282,0,8.0,0.0
1790695186.107,64.64,15314.2,14388.4,925.8,93.95,22293475,206224877,863.5,2084.8
1790695187.107,6.65,15314.2,14421.3,892.9,94.17,38735988,368446,979.5,64.0
1790695188.108,13.41,15314.2,14345.5,968.7,93.67,14901723,0,579.7,0.0
1790695189.108,6.78,15314.2,14321.5,992.8,93.52,9218493,630394,221.9,20.0
1790695190.109,3.92,15314.2,14294.0,1020.2,93.34,892417,0,20.0,0.0
1790695191.110,4.42,15314.2,14275.0,1039.2,93.21,7663201,736846,317.8,58.0
1790695192.110,16.30,15314.2,14346.7,967.5,93.68,5805061,212880,341.8,10.0
1790695193.111,32.24,15314.2,14421.3,892.9,94.17,56116219,0,1363.2,0.0
1790695194.112,52.32,15314.2,14404.7,909.6,94.06,61595219,327913110,657.4,3456.8
1790695195.112,22.74,15314.2,14467.5,846.7,94.47,75577070,156377645,1281.3,1876.9
1790695196.113,12.30,15314.2,14465.9,848.3,94.46,61816923,156945070,737.5,1800.8
1790695197.113,12.03,15314.2,14439.8,874.4,94.29,69543436,159407900,821.5,1753.0
1790695198.114,12.66,15314.2,14422.8,891.4,94.18,40235410,156692976,357.7,1684.8
1790695199.115,24.61,15314.2,14379.2,935.0,93.89,43978453,163691208,505.7,1700.9
1790695200.116,26.16,15314.2,14424.6,889.6,94.19,921991449,903967889,10180.8,7546.2
1790695201.118,93.58,15314.2,14394.8,919.5,94.00,542825588,144083890,4338.2,1613.5
1790695202.127,55.99,15314.2,14429.1,885.2,94.22,286776014,174423406,2425.2,1397.5
1790695203.128,25.29,15314.2,14418.9,895.3,94.15,90751633,32733,1308.6,2.0
1790695204.128,20.69,15314.2,14440.0,874.2,94.29,55473190,163734,2002.7,6.0
1790695205.129,26.49,15314.2,14441.6,872.7,94.30,19069934,0,1253.4,0.0
1790695206.130,30.93,15314.2,14439.3,875.0,94.29,368382,3290883,28.0,50.0
1790695207.130,12.56,15314.2,14360.5,953.7,93.77,9314765,409260,579.5,34.0
1790695208.131,10.25,15314.2,14358.3,955.9,93.76,1727336,134126430,70.0,1083.3
1790695209.142,10.51,15314.2,14361.7,952.5,93.78,6412648,0,150.4,0.0
1790695210.142,11.46,15314.2,14363.2,951.1,93.79,237407,0,16.0,0.0
1790695211.143,20.64,15314.2,14377.0,937.2,93.88,1604684,0,44.0,0.0
1790695212.144,16.55,15314.2,14270.2,1044.0,93.18,4117236,270117,159.9,10.0
1790695213.144,18.53,15314.2,14347.1,967.2,93.68,5878533,4069124,623.6,58.0
1790695214.145,20.19,15314.2,14400.9,913.3,94.04,63087909,1285503,907.5,32.0
1790695215.145,23.85,15314.2,14355.3,959.0,93.74,3225570,163735,129.9,6.0
1790695216.146,21.77,15314.2,14418.3,896.0,94.15,1883023,0,199.9,0.0
1790695217.147,23.44,15314.2,14321.8,992.4,93.52,11492414,2398346,445.6,24.0
1790695218.147,18.54,15314.2,14424.3,889.9,94.19,1661906,1465425,58.0,16.0
1790695219.148,22.92,15314.2,14410.8,903.5,94.10,12787477,0,707.5,0.0
1790695220.149,19.41,15314.2,14417.0,897.3,94.14,98252,163754,24.0,6.0
1790695221.149,16.40,15314.2,14422.1,892.1,94.17,49534933,116460312,1477.2,919.5
1790695222.150,17.05,15314.2,14357.3,956.9,93.75,25120233,106442,935.5,6.0
1790695223.150,23.87,15314.2,14444.8,869.5,94.32,5084483,1408263,505.7,14.0
1790695224.151,30.37,15314.2,14437.8,876.4,94.28,16047776,0,547.7,0.0
1790695225.151,19.61,15314.2,14399.4,914.8,94.03,2930504,128811221,143.9,1153.1
1790695226.152,57.72,15314.2,14293.5,1020.7,93.33,10766658,32750,243.9,2.0
1790695227.153,4.22,15314.2,14312.5,1001.8,93.46,6172825,0,231.9,0.0
1790695228.153,3.23,15314.2,14310.2,1004.1,93.44,0,1072347,0.0,28.0
1790695229.154,12.32,15314.2,14325.9,988.3,93.55,319297,0,20.0,0.0
1790695230.155,4.18,15314.2,14320.0,994.3,93.51,3037474,0,123.9,0.0
1790695231.161,6.77,15314.2,14306.0,1008.2,93.42,349940,0,21.9,0.0
1790695232.162,19.49,15314.2,14420.0,894.3,94.16,8188,2947594,2.0,121.9
1790695233.162,24.31,15314.2,14466.9,847.4,94.47,77659616,175106635,697.6,1874.8
1790695234.163,19.12,15314.2,14362.9,951.4,93.79,142302095,306379692,3535.5,3603.5
1790695235.164,14.66,15314.2,14349.2,965.0,93.70,80147131,182676516,1105.3,1798.8
1790695236.164,11.99,15314.2,14308.9,1005.4,93.43,39626879,186696638,351.8,2060.8
1790695237.165,10.89,15314.2,14318.4,995.8,93.50,40249781,190965399,387.8,1958.9
1790695238.165,15.13,15314.2,14307.7,1006.5,93.43,60628716,187208047,521.7,1962.9
1790695239.166,11.94,15314.2,14297.2,1017.1,93.36,743876439,826658542,6839.4,7077.3
1790695240.168,88.94,15314.2,14326.0,988.3,93.55,465580175,102600712,3977.8,810.7
1790695241.169,71.13,15314.2,14344.4,969.8,93.67,369946352,110822014,3106.0,954.2
1790695242.170,22.13,15314.2,14261.4,1052.8,93.13,9478214,161383378,357.7,1414.8
1790695243.171,19.83,15314.2,14331.5,982.7,93.58,5125030,65496,389.8,2.0
1790695244.171,20.41,15314.2,14373.9,940.4,93.86,6075341,2325333,523.7,259.9
1790695245.172,22.97,15314.2,14506.4,807.8,94.73,2889863,163732,213.9,6.0
1790695246.173,26.84,15314.2,14529.2,785.0,94.87,212844,523923,38.0,113.9
1790695247.174,37.72,15314.2,14520.0,794.3,94.81,900341,46318474,48.0,419.6
1790695248.175,28.77,15314.2,14532.1,782.1,94.89,4321263,0,131.9,0.0
1790695249.176,21.00,15314.2,14526.5,787.8,94.86,9077059,0,195.8,0.0
1790695250.176,19.63,15314.2,14302.1,1012.2,93.39,8260104,319271,227.8,20.0
1790695251.177,17.22,15314.2,14297.5,1016.7,93.36,6425706,0,145.9,0.0
1790695252.178,22.17,15314.2,14298.6,1015.6,93.37,2079422,8187,44.0,2.0
1790695253.178,23.67,15314.2,14198.0,1116.3,92.71,17716632,679520,583.6,127.9
1790695254.179,25.11,15314.2,14273.5,1040.7,93.20,8252255,892357,555.6,52.0
1790695255.179,30.74,15314.2,14341.6,972.6,93.65,54092715,0,1031.4,0.0
1790695256.180,26.42,15314.2,14264.6,1049.6,93.15,1948639,260724568,133.9,2658.6
1790695257.182,25.18,15314.2,14277.4,1036.8,93.23,22724489,65394,856.1,2.0
1790695258.183,20.20,15314.2,14055.0,1259.2,91.78,50921882,6114555,1027.2,93.9
1790695259.184,20.50,15314.2,14118.6,1195.7,92.19,9382176,1866611,383.8,38.0
1790695260.184,22.78,15314.2,14160.3,1154.0,92.46,2554288,0,195.9,0.0
1790695261.185,20.81,15314.2,14104.5,1209.8,92.10,36431651,134297710,1005.4,1035.4
1790695262.185,20.80,15314.2,14163.5,1150.8,92.49,36622341,40118370,641.6,433.8
1790695263.186,15.77,15314.2,14045.7,1268.6,91.72,6746547,163751,121.9,6.0
1790695264.186,19.20,15314.2,14156.0,1158.3,92.44,24563,0,4.0,0.0
1790695265.187,42.49,15314.2,14158.1,1156.1,92.45,6655577,0,191.9,0.0
1790695266.188,17.93,15314.2,14153.4,1160.8,92.42,2685246,156333683,42.0,1407.1
1790695267.189,57.90,15314.2,14052.9,1261.3,91.76,16372,1710917,4.0,28.0
1790695268.189,3.91,15314.2,14017.5,1296.7,91.53,5215630,32751,229.9,2.0
1790695269.190,2.58,15314.2,14006.9,1307.4,91.46,0,0,0.0,0.0
1790695270.190,7.74,15314.2,14007.5,1306.8,91.47,15080700,2235088,253.8,18.0
1790695271.191,6.13,15314.2,14011.6,1302.7,91.49,163757,40939,34.0,2.0
1790695272.191,2.33,15314.2,13997.4,1316.8,91.40,564957,0,8.0,0.0
1790695273.192,14.68,15314.2,14043.5,1270.8,91.70,311118,162788465,44.0,1793.0
1790695274.192,18.04,15314.2,14125.9,1188.3,92.24,39455255,0,343.8,0.0
1790695275.193,14.77,15314.2,14107.3,1207.0,92.12,80577310,243901507,743.6,2186.7
1790695276.194,17.32,15314.2,14090.3,1224.0,92.01,39070780,179920453,327.8,1992.9
1790695277.194,20.95,15314.2,14001.6,1312.6,91.43,44056467,306569814,443.7,2883.8
1790695278.195,9.87,15314.2,14016.0,1298.3,91.52,60833834,1980865,539.6,18.0
1790695279.196,10.67,15314.2,14002.6,1311.6,91.44,39460386,250655321,341.8,2440.5
1790695280.196,9.45,15314.2,13994.4,1319.9,91.38,290492192,563627391,4037.7,5019.1
1790695281.197,61.31,15314.2,13996.5,1317.8,91.40,397936110,461173607,5236.9,3683.8
1790695282.199,91.42,15314.2,14024.7,1289.5,91.58,216633536,8175,2351.1,2.0
1790695283.200,24.51,15314.2,14038.9,1275.4,91.67,51261532,443126195,651.4,3956.5
1790695284.202,24.64,15314.2,14056.6,1257.6,91.79,2206784,10976706,145.7,109.7
1790695285.203,28.57,15314.2,14133.1,1181.1,92.29,113356431,12829868,2128.8,217.9
1790695286.204,25.55,15314.2,14188.9,1125.4,92.65,23333662,294638,373.7,8.0
1790695287.204,28.40,15314.2,14252.2,1062.0,93.07,26225940,47704363,513.6,795.4
1790695288.205,32.99,15314.2,14257.1,1057.2,93.10,17560544,0,231.9,0.0
1790695289.206,30.92,15314.2,14286.3,1027.9,93.29,35230700,0,591.5,0.0
1790695290.207,26.65,15314.2,14249.7,1064.5,93.05,46310984,728469,1205.0,8.0
1790695291.207,22.76,15314.2,14268.1,1046.1,93.17,37338608,401138,465.7,44.0
1790695292.208,22.84,15314.2,14278.6,1035.6,93.24,55062857,8187,1129.3,4.0
1790695293.209,23.49,15314.2,14264.6,1049.6,93.15,46194767,0,619.6,0.0
1790695294.209,26.93,15314.2,14274.0,1040.2,93.21,30935670,0,341.8,0.0
1790695295.210,29.52,15314.2,14223.4,1090.9,92.88,34180699,98220,349.7,4.0
1790695296.211,31.47,15314.2,14301.7,1012.5,93.39,20764900,515644,245.8,6.0
1790695297.212,28.79,15314.2,14443.6,870.6,94.31,92239282,123809908,1363.2,1451.2
1790695298.213,30.34,15314.2,14290.7,1023.5,93.32,46237760,160567557,781.3,1756.5
1790695299.213,33.97,15314.2,14364.9,949.4,93.80,61028858,158344260,997.4,1501.2
1790695300.220,27.05,15314.2,14314.3,999.9,93.47,105883956,9593267,1531.6,141.0
1790695301.221,24.09,15314.2,14285.7,1028.5,93.28,103280423,98222,2757.7,4.0
1790695302.221,24.04,15314.2,14320.0,994.3,93.51,58008275,0,1171.4,0.0
1790695303.222,23.56,15314.2,14159.7,1154.6,92.46,20589832,2537912,569.6,50.0
1790695304.223,24.01,15314.2,14269.6,1044.6,93.18,10226247,532191,403.8,107.9
1790695305.223,20.64,15314.2,14092.5,1221.7,92.02,87468569,1179020,847.5,34.0
1790695306.224,18.86,15314.2,14145.7,1168.5,92.37,2808390,65502,80.0,2.0
1790695307.224,42.25,15314.2,14217.4,1096.9,92.84,79485529,0,1782.9,0.0
1790695308.225,24.79,15314.2,14238.1,1076.1,92.97,5598023,1514085,143.9,16.0
1790695309.228,64.59,15314.2,14271.6,1042.6,93.19,334952,148285678,8.0,1160.8
1790695310.230,10.84,15314.2,14237.8,1076.4,92.97,86018744,1332547,1506.9,45.9
1790695311.231,2.40,15314.2,14227.7,1086.6,92.90,8187,736806,2.0,62.0
1790695312.231,2.71,15314.2,14223.0,1091.2,92.87,294764,409395,18.0,42.0
1790695313.232,13.97,15314.2,14225.3,1088.9,92.89,7145565,0,379.7,0.0
1790695314.233,4.67,15314.2,14215.2,1099.1,92.82,1424193,15314172,48.0,131.9
1790695315.233,13.64,15314.2,14284.0,1030.3,93.27,15252212,794130,403.7,50.0
1790695316.234,18.16,15314.2,14321.0,993.3,93.51,41060149,0,497.7,0.0
1790695317.235,14.72,15314.2,14289.7,1024.6,93.31,110126133,437999247,2508.5,5125.0
1790695318.235,12.87,15314.2,14297.7,1016.6,93.36,39471131,151375595,341.8,1719.0
1790695319.236,15.91,15314.2,14306.1,1008.1,93.42,39676476,154089125,343.7,1668.7
1790695320.236,13.64,15314.2,14312.0,1002.2,93.46,61828586,177650753,535.7,1976.8
1790695321.237,18.33,15314.2,14335.8,978.4,93.61,46490146,175400225,459.7,1960.6
1790695322.238,13.09,15314.2,14265.8,1048.4,93.15,442981787,505209967,6358.0,5286.7
1790695323.238,61.86,15314.2,14279.6,1034.6,93.24,721644654,675362919,6354.2,5370.8
1790695324.243,90.88,15314.2,14311.4,1002.8,93.45,545800974,0,4693.6,0.0
1790695325.244,15.43,15314.2,14276.6,1037.7,93.22,5760639,198954784,57.9,1576.2
1790695326.246,26.08,15314.2,14170.2,1144.1,92.53,62318697,32722,701.0,2.0
1790695327.246,26.11,15314.2,14297.8,1016.4,93.36,36792699,2628050,1501.1,26.0
1790695328.247,32.95,15314.2,14320.6,993.7,93.51,3847942,73684,193.9,2.0
1790695329.248,22.00,15314.2,14299.1,1015.1,93.37,335619,491150,18.0,38.0
1790695330.248,15.30,15314.2,14294.9,1019.4,93.34,24560,0,4.0,0.0
1790695331.249,17.42,15314.2,14260.5,1053.8,93.12,12591449,108983982,645.6,895.4
1790695332.265,15.79,15314.2,14283.0,1031.2,93.27,282063,0,7.9,0.0
1790695333.266,13.51,15314.2,14275.3,1039.0,93.22,15543045,163697,447.6,2.0
1790695334.267,17.07,15314.2,14207.1,1107.1,92.77,3692103,1432634,187.9,18.0
1790695335.268,15.90,15314.2,14061.4,1252.9,91.82,16914598,4412860,685.6,95.9
1790695336.268,20.32,15314.2,14140.4,1173.8,92.33,818730,2890117,97.9,34.0
1790695337.269,23.68,15314.2,14160.8,1153.5,92.47,66540607,0,1352.4,0.0
1790695338.270,30.50,15314.2,14087.9,1226.3,91.99,2153137,163737,87.9,6.0
1790695339.270,20.79,15314.2,14152.1,1162.2,92.41,0,0,0.0,0.0
1790695340.271,14.64,15314.2,14095.3,1218.9,92.04,4363303,1940155,115.9,34.0
1790695341.272,19.81,15314.2,14167.2,1147.0,92.51,0,0,0.0,0.0
1790695342.272,18.54,15314.2,14057.2,1257.1,91.79,5328981,171903,349.7,8.0
1790695343.273,18.16,15314.2,14116.3,1197.9,92.18,1072500,523970,56.0,121.9
1790695344.274,15.82,15314.2,14034.2,1280.0,91.64,31931853,98252,1183.4,4.0
1790695345.274,17.89,15314.2,14136.9,1177.3,92.31,30487128,1449039,403.7,30.0
1790695346.275,37.61,15314.2,14185.2,1129.0,92.63,56918432,32855821,1013.4,299.8
1790695347.275,20.67,15314.2,14141.8,1172.5,92.34,8621070,0,315.8,0.0
1790695348.276,56.21,15314.2,14041.3,1273.0,91.69,1375422,98244,46.0,4.0
1790695349.277,3.59,15314.2,14054.7,1259.5,91.78,450277,189926935,30.0,1491.1
1790695350.277,3.40,15314.2,14058.5,1255.8,91.80,286549,0,28.0,0.0
1790695351.278,10.30,15314.2,14073.4,1240.9,91.90,40936,1547363,6.0,14.0
1790695352.278,4.79,15314.2,14069.4,1244.8,91.87,0,122806,0.0,4.0
1790695353.279,7.32,15314.2,14093.1,1221.1,92.03,573119,2570849,78.0,68.0
1790695354.280,22.14,15314.2,14188.7,1125.6,92.65,14721014,10414421,557.7,253.9
1790695355.280,26.89,15314.2,14261.6,1052.6,93.13,44803475,0,463.7,0.0
1790695356.281,18.71,15314.2,14179.0,1135.2,92.59,99336551,379982363,1111.3,3887.4
1790695357.282,15.69,15314.2,14215.1,1099.1,92.82,56313955,152219566,525.6,1845.5
1790695358.282,9.26,15314.2,14133.1,1181.1,92.29,39797724,70008297,349.8,882.5
1790695359.283,9.46,15314.2,14139.5,1174.7,92.33,59160088,229648555,511.7,2248.7
1790695360.284,9.90,15314.2,14141.7,1172.5,92.34,39331609,223569577,347.8,2476.6
1790695361.284,9.87,15314.2,14112.9,1201.3,92.16,418043256,531752135,3769.7,4705.1
1790695362.285,66.10,15314.2,14113.2,1201.1,92.16,630832858,444228896,5298.8,3524.6
1790695363.287,93.17,15314.2,14147.5,1166.8,92.38,510805629,142516553,5007.7,1357.7
1790695364.288,22.37,15314.2,14178.8,1135.4,92.59,50668822,217898030,435.6,1714.4
1790695365.288,20.61,15314.2,14093.8,1220.4,92.03,18871986,98249,191.9,4.0
1790695366.289,25.93,15314.2,14193.9,1120.4,92.68,0,0,0.0,0.0
1790695367.290,18.35,15314.2,14041.0,1273.2,91.69,7589084,98241,133.9,4.0
1790695368.290,3.66,15314.2,14050.4,1263.8,91.75,483051,450302,28.0,8.0
1790695369.291,8.94,15314.2,14049.2,1265.1,91.74,1293623,93468350,16.0,785.6
1790695370.291,13.64,15314.2,14056.9,1257.3,91.79,1678467,0,84.0,0.0
1790695371.292,4.76,15314.2,14055.8,1258.5,91.78,6074484,0,227.9,0.0
1790695372.293,7.32,15314.2,14073.8,1240.4,91.90,81872,8187,20.0,2.0
1790695373.293,21.03,15314.2,14065.5,1248.8,91.85,9824092,9390195,235.8,93.9
1790695374.294,19.17,15314.2,14118.7,1195.5,92.19,79300445,153524876,713.6,2024.8
1790695375.294,19.30,15314.2,14111.4,1202.8,92.15,107453781,348889098,1305.3,4505.6
1790695376.295,16.85,15314.2,14098.2,1216.0,92.06,39628636,1072372,377.7,56.0
1790695377.296,10.70,15314.2,14106.7,1207.5,92.12,59258926,176646945,537.7,2192.7
1790695378.296,12.07,15314.2,14088.3,1225.9,91.99,39987362,307151081,391.8,3468.1
1790695379.297,11.17,15314.2,14052.1,1262.2,91.76,70157772,0,849.5,0.0
1790695380.297,9.68,15314.2,14062.2,1252.1,91.82,870267249,1055416210,7659.7,9078.9
1790695381.298,92.70,15314.2,14087.9,1226.3,91.99,649221642,2276046,5458.8,20.0
1790695382.299,73.30,15314.2,14045.6,1268.7,91.72,357300560,82153765,2978.3,689.1
1790695383.300,23.61,15314.2,14120.9,1193.4,92.21,8749438,165257157,105.9,1378.8
1790695384.318,27.65,15314.2,14038.7,1275.5,91.67,7831249,25457596,499.1,224.0
1790695385.319,24.30,15314.2,14094.0,1220.3,92.03,1178959,294740,105.9,8.0
1790695386.319,23.53,15314.2,14125.4,1188.8,92.24,3225420,6573636,145.9,295.8
1790695387.320,31.07,15314.2,14164.4,1149.9,92.49,1236153,0,22.0,0.0
1790695388.321,20.10,15314.2,14153.8,1160.5,92.42,9896198,98225,205.8,4.0
1790695389.321,16.46,15314.2,14156.7,1157.6,92.44,261945,0,14.0,0.0
1790695390.324,11.16,15314.2,14141.4,1172.8,92.34,24522,604881,4.0,22.0
1790695391.324,10.87,15314.2,14119.3,1194.9,92.20,540349,145763243,22.0,1177.3
1790695392.325,11.76,15314.2,14113.0,1201.2,92.16,597680,810553,50.0,26.0
1790695393.326,10.96,15314.2,14032.9,1281.3,91.63,360150,70695749,20.0,907.2
1790695394.326,20.27,15314.2,14079.5,1234.7,91.94,8187,0,2.0,0.0
1790695395.327,18.42,15314.2,14097.5,1216.7,92.05,4969784,15695349,143.9,227.9
1790695396.327,11.98,15314.2,14097.8,1216.4,92.06,65494,0,2.0,0.0
1790695397.328,11.25,15314.2,14103.3,1211.0,92.09,908769,150880221,26.0,1173.3
1790695398.329,11.43,15314.2,14082.6,1231.6,91.96,21530633,0,361.8,0.0
1790695399.329,7.03,15314.2,14054.5,1259.8,91.77,4862789,777719,85.9,34.0
1790695400.330,16.33,15314.2,14075.4,1238.8,91.91,212865,0,8.0,0.0
1790695401.331,3.98,15314.2,14061.9,1252.3,91.82,1621079,605858,44.0,24.0
1790695402.331,3.39,15314.2,14049.9,1264.4,91.74,0,75461315,0.0,581.7
1790695403.332,3.21,15314.2,13920.0,1394.3,90.90,5420066,0,171.9,0.0
1790695404.332,14.68,15314.2,14043.6,1270.6,91.70,9767160,98245,413.8,4.0
1790695405.333,22.45,15314.2,14201.9,1112.4,92.74,53227080,0,663.6,0.0
1790695406.334,21.50,15314.2,14017.0,1297.3,91.53,79082897,345505736,945.3,3863.1
1790695407.334,11.42,15314.2,13953.2,1361.0,91.11,34001418,73275388,525.7,571.7
1790695408.335,10.94,15314.2,13941.8,1372.5,91.04,30407623,261060172,685.6,2484.6
1790695409.335,10.42,15314.2,14015.9,1298.3,91.52,53270113,277828156,1193.2,3050.0
1790695410.336,10.54,15314.2,13913.4,1400.8,90.85,42782108,0,825.4,0.0
1790695411.337,15.27,15314.2,13929.9,1384.3,90.96,356972407,891501765,7853.4,8033.3
1790695412.338,78.27,15314.2,13923.6,1390.7,90.92,168474491,259781283,3026.4,2055.6
1790695413.340,69.36,15314.2,13970.7,1343.5,91.23,139538066,195747371,1279.5,1992.1
1790695414.342,16.74,15314.2,13986.0,1328.2,91.33,9217924,157579104,125.7,1338.7
1790695415.360,20.87,15314.2,14006.6,1307.6,91.46,724362,1810906,110.0,37.3
1790695416.361,22.82,15314.2,14048.3,1265.9,91.73,335649,0,54.0,0.0
1790695417.362,29.94,15314.2,14070.1,1244.1,91.88,302868,163712,36.0,6.0
1790695418.362,27.16,15314.2,14113.0,1201.3,92.16,335657,0,10.0,0.0
1790695419.363,17.82,15314.2,14143.9,1170.4,92.36,3209407,80669097,62.0,683.6
1790695420.363,10.91,15314.2,14130.0,1184.2,92.27,3675904,638576,58.0,22.0
1790695421.364,9.01,15314.2,14131.3,1182.9,92.28,3757434,0,32.0,0.0
1790695422.365,12.68,15314.2,14112.2,1202.0,92.15,37047764,40928,561.6,10.0
1790695423.366,18.95,15314.2,14123.3,1191.0,92.22,8259920,0,107.9,0.0
1790695424.366,14.33,15314.2,14128.6,1185.7,92.26,7434683,13493785,76.0,131.9
1790695425.367,13.40,15314.2,14095.0,1219.3,92.04,19706220,704086,261.8,8.0
1790695426.367,9.67,15314.2,14087.4,1226.8,91.99,4413097,32750,48.0,2.0
1790695427.368,12.55,15314.2,13999.4,1314.9,91.41,769633,83840824,20.0,663.6
1790695428.368,16.05,15314.2,14048.6,1265.7,91.74,352056,0,22.0,0.0
1790695429.369,10.25,15314.2,13953.2,1361.1,91.11,180096,83859427,36.0,645.5
1790695430.370,3.02,15314.2,13988.4,1325.9,91.34,286552,20770897,10.0,173.9
1790695431.370,4.97,15314.2,13973.3,1340.9,91.24,0,0,0.0,0.0
1790695432.371,2.46,15314.2,13968.0,1346.3,91.21,302932,8187,6.0,2.0
1790695433.371,3.34,15314.2,13944.5,1369.7,91.06,16374,0,2.0,0.0
1790695434.372,15.60,15314.2,13986.1,1328.2,91.33,130982,32746,26.0,2.0
1790695435.373,19.29,15314.2,14057.5,1256.8,91.79,8186,9463391,2.0,119.9
1790695436.373,20.00,15314.2,14055.4,1258.8,91.78,70342588,100335011,667.7,1109.4
1790695437.374,11.47,15314.2,13897.0,1417.2,90.75,31754366,400093550,311.8,5332.2
1790695438.375,9.99,15314.2,13897.1,1417.1,90.75,28894178,138911484,367.8,1681.1
1790695439.375,14.40,15314.2,13921.5,1392.8,90.91,24938241,234170576,225.9,2386.6
1790695440.376,15.18,15314.2,13974.0,1340.2,91.25,34084898,230570455,291.8,2652.6
1790695441.376,10.41,15314.2,13895.9,1418.3,90.74,14859995,0,141.9,0.0
1790695442.377,19.35,15314.2,13894.8,1419.5,90.73,529627197,1036101113,8634.9,8782.8
1790695443.380,94.29,15314.2,13879.6,1434.6,90.63,83774538,2376756,729.8,21.9
1790695444.383,43.76,15314.2,13897.2,1417.0,90.75,84181438,296219355,1024.8,2903.0
1790695445.394,24.45,15314.2,13857.0,1457.3,90.48,3736449,2245112,87.1,19.8
1790695446.394,25.71,15314.2,13943.3,1370.9,91.05,0,802325,0.0,28.0
1790695447.395,21.49,15314.2,13830.9,1483.3,90.31,311057,98228,30.0,4.0
1790695448.396,6.31,15314.2,13838.9,1475.3,90.37,6287960,0,165.9,0.0
1790695449.396,5.28,15314.2,13837.0,1477.2,90.35,16873152,204131573,189.9,1631.0
1790695450.397,8.40,15314.2,13837.9,1476.3,90.36,14974810,23350551,159.9,231.9
1790695451.397,11.55,15314.2,13839.5,1474.8,90.37,0,360234,0.0,26.0
1790695452.398,4.72,15314.2,13841.4,1472.9,90.38,2210528,32749,103.9,2.0
1790695453.398,17.78,15314.2,13859.5,1454.7,90.50,8900443,540413,217.9,10.0
1790695454.399,22.72,15314.2,14004.4,1309.8,91.45,37984590,0,437.7,0.0
1790695455.400,18.49,15314.2,13912.1,1402.2,90.84,56109949,189319912,687.5,1682.9
1790695456.401,22.04,15314.2,13989.9,1324.3,91.35,23846643,258318169,339.8,2730.1
1790695457.401,16.38,15314.2,14014.3,1300.0,91.51,27149195,252603777,267.8,2624.5
1790695458.402,13.29,15314.2,13957.8,1356.4,91.14,38411945,2537874,567.6,34.0
1790695459.402,15.21,15314.2,13991.4,1322.9,91.36,24684079,255813840,247.9,2568.5
1790695460.403,13.53,15314.2,13976.2,1338.0,91.26,531265131,667227478,4459.6,5874.8
1790695461.404,76.91,15314.2,14092.2,1222.1,92.02,681508490,496249768,5801.5,4452.6
1790695462.408,93.10,15314.2,14134.4,1179.8,92.30,473086728,8156,3886.9,2.0
1790695463.409,18.72,15314.2,14170.0,1144.3,92.53,35270184,201113697,325.7,1582.3
1790695464.410,19.44,15314.2,14047.6,1266.6,91.73,32766658,98251,307.8,4.0
1790695465.410,25.87,15314.2,14173.4,1140.8,92.55,1293553,0,70.0,0.0
1790695466.411,21.52,15314.2,14055.8,1258.4,91.78,458494,908802,72.0,14.0
1790695467.411,4.61,15314.2,14043.4,1270.8,91.70,24563,0,6.0,0.0
1790695468.412,4.17,15314.2,14037.4,1276.8,91.66,24562,65580926,2.0,521.7
1790695469.413,10.43,15314.2,14063.6,1250.7,91.83,327492,0,24.0,0.0
1790695470.413,11.36,15314.2,14045.1,1269.1,91.71,1899240,704029,91.9,52.0
1790695471.414,15.44,15314.2,14092.3,1221.9,92.02,21688916,0,511.7,0.0
1790695472.414,27.71,15314.2,14182.8,1131.4,92.61,9849565,728688,773.6,76.0
1790695473.415,25.99,15314.2,14203.4,1110.9,92.75,68034450,0,947.3,0.0
1790695474.416,23.30,15314.2,14123.4,1190.8,92.22,25286628,347300250,497.6,3697.3
1790695475.417,23.61,15314.2,14146.4,1167.9,92.37,18934061,172845959,305.8,1878.6
1790695476.417,19.55,15314.2,14119.6,1194.7,92.20,23088829,176002193,255.8,2260.0
1790695477.418,15.65,15314.2,14143.1,1171.1,92.35,48025349,167147208,467.7,1888.9
1790695478.419,17.52,15314.2,14176.0,1138.2,92.57,40714713,169318517,417.8,1926.9
1790695479.419,18.27,15314.2,14112.6,1201.7,92.15,107575257,444962566,3011.9,4085.1
1790695480.422,53.80,15314.2,14317.8,996.5,93.49,273171289,607036414,6848.4,5025.1
1790695481.424,96.06,15314.2,14198.2,1116.1,92.71,384977682,0,3596.5,0.0
1790695482.425,45.19,15314.2,14224.3,1090.0,92.88,130175754,327169987,1504.3,3162.3
1790695483.426,26.99,15314.2,14096.6,1217.6,92.05,74048462,261858,3070.6,26.0
1790695484.427,27.12,15314.2,14200.5,1113.7,92.73,32463687,0,2214.8,0.0
1790695485.427,24.55,15314.2,14235.9,1078.3,92.96,21836173,163751,457.8,6.0
1790695486.428,29.04,15314.2,14378.5,935.8,93.89,13548647,0,429.7,0.0
1790695487.429,19.11,15314.2,14335.7,978.6,93.61,126887004,109653819,1790.9,903.4
1790695488.429,21.55,15314.2,14338.9,975.3,93.63,4699234,0,76.0,0.0
1790695489.430,15.79,15314.2,14329.9,984.4,93.57,12649107,0,137.9,0.0
1790695490.431,14.28,15314.2,14295.8,1018.4,93.35,18540253,0,361.7,0.0
1790695491.431,13.77,15314.2,14345.0,969.3,93.67,18896247,163746,275.8,2.0
1790695492.432,14.45,15314.2,14332.4,981.8,93.59,12534663,11601318,183.9,101.9
1790695493.432,14.51,15314.2,14334.1,980.2,93.60,22883693,0,287.8,0.0
1790695494.433,21.47,15314.2,14384.2,930.1,93.93,40737935,1228033,795.5,16.0
1790695495.434,13.47,15314.2,14384.0,930.2,93.93,16799398,0,217.9,0.0
1790695496.434,16.82,15314.2,14405.6,908.6,94.07,8482527,108995565,369.8,855.6
1790695497.437,18.28,15314.2,14366.4,947.9,93.81,24371443,523062,480.9,95.8
1790695498.437,20.08,15314.2,14265.4,1048.8,93.15,17843470,123201796,637.5,1025.1
1790695499.438,15.38,15314.2,14285.6,1028.6,93.28,14245345,745015,453.7,8.0
1790695500.439,13.68,15314.2,14300.7,1013.5,93.38,19106981,13826774,341.8,129.9
1790695501.439,4.46,15314.2,14303.8,1010.5,93.40,3029327,933360,91.9,82.0
1790695502.440,6.65,15314.2,14320.7,993.6,93.51,12510280,0,327.8,0.0
1790695503.441,11.59,15314.2,14281.8,1032.4,93.26,965922,65486,89.9,2.0
1790695504.441,28.68,15314.2,14437.7,876.5,94.28,11699133,916937,879.5,10.0
1790695505.442,31.15,15314.2,14333.1,981.2,93.59,77784332,206611561,695.6,3204.4
1790695506.442,18.75,15314.2,14159.1,1155.2,92.46,59617657,293921106,549.7,3160.1
1790695507.443,15.56,15314.2,14161.4,1152.8,92.47,39152217,128313163,333.8,1607.1
1790695508.443,11.57,15314.2,14174.4,1139.8,92.56,59088389,222050186,507.7,2398.6
1790695509.444,11.93,15314.2,14154.8,1159.4,92.43,39559957,218545838,351.8,2334.6
1790695510.445,15.98,15314.2,14155.4,1158.9,92.43,40075580,112227999,379.8,1197.3
1790695511.446,21.42,15314.2,14137.2,1177.0,92.31,618214021,887166001,15622.0,7538.4
1790695512.448,95.55,15314.2,14153.6,1160.6,92.42,336391277,202521529,3055.9,2149.7
1790695513.450,57.92,15314.2,14198.8,1115.4,92.72,209564208,179626464,2351.9,2046.7
1790695514.451,19.20,15314.2,14115.1,1199.1,92.17,17925078,81850,287.8,4.0
1790695515.452,24.57,15314.2,14182.5,1131.7,92.61,3937872,65495,375.8,2.0
1790695516.453,23.36,15314.2,14203.8,1110.4,92.75,21243375,1170637,265.8,16.0
1790695517.453,32.21,15314.2,14298.3,1015.9,93.37,46738576,184375454,639.6,1676.9
1790695518.454,29.28,15314.2,14297.0,1017.3,93.36,56282025,14473690,1634.9,207.9
1790695519.455,19.96,15314.2,14373.7,940.6,93.86,99974925,40936,1563.1,2.0
1790695520.455,11.52,15314.2,14383.0,931.3,93.92,10839995,0,109.9,0.0
1790695521.456,13.30,15314.2,14369.4,944.9,93.83,21401249,0,195.9,0.0
1790695522.456,17.39,15314.2,14348.5,965.8,93.69,10471656,769613,99.9,32.0
1790695523.457,16.19,15314.2,14340.0,974.2,93.64,21163781,0,231.9,0.0
1790695524.457,11.46,15314.2,14342.4,971.9,93.65,22547796,0,263.8,0.0
1790695525.458,15.85,15314.2,14330.5,983.7,93.58,18641531,0,221.9,0.0
1790695526.459,13.00,15314.2,14316.8,997.4,93.49,24438717,0,525.7,0.0
1790695527.459,15.53,15314.2,14317.1,997.2,93.49,8269391,196598637,193.9,1835.0
1790695528.480,18.77,15314.2,14315.9,998.4,93.48,14287948,0,150.9,0.0
1790695529.480,13.70,15314.2,14147.4,1166.9,92.38,49413053,46621494,727.5,419.7
1790695530.481,5.42,15314.2,14140.5,1173.7,92.34,98244,0,6.0,0.0
1790695531.482,5.17,15314.2,14136.9,1177.3,92.31,335661,0,20.0,0.0
1790695532.482,4.94,15314.2,14129.2,1185.1,92.26,36979706,1178897,935.4,56.0
1790695533.483,13.15,15314.2,14130.9,1183.3,92.27,278390,122786253,4.0,1315.3
1790695534.483,20.08,15314.2,14155.9,1158.4,92.44,24014437,65501,1095.4,2.0
1790695535.484,20.51,15314.2,14241.4,1072.9,92.99,8162742,0,729.6,0.0
1790695536.485,20.83,15314.2,14200.0,1114.2,92.72,108348786,225850810,1593.1,2200.7
1790695537.485,17.20,15314.2,14167.8,1146.4,92.51,116567522,289478468,1487.1,3350.0
1790695538.487,11.63,15314.2,14193.4,1120.9,92.68,66611484,197848122,688.5,2384.8
1790695539.488,20.27,15314.2,14192.9,1121.3,92.68,38345410,221656770,331.8,2126.6
1790695540.489,14.57,15314.2,14160.6,1153.7,92.47,39419518,216418475,335.8,2600.4
1790695541.489,11.49,15314.2,14155.4,1158.9,92.43,143279846,246773379,2950.0,2436.4
1790695542.493,26.28,15314.2,14165.8,1148.4,92.50,683473099,872242015,14001.6,6955.0
1790695543.496,95.62,15314.2,14157.9,1156.4,92.45,463228815,2457079,4280.8,35.9
1790695544.499,51.81,15314.2,14233.1,1081.2,92.94,189313344,318969156,1726.3,2654.3
1790695545.500,26.37,15314.2,14095.6,1218.7,92.04,59966139,18587049,547.3,175.8
1790695546.501,28.76,15314.2,14181.2,1133.0,92.60,5215143,65496,523.7,2.0
1790695547.501,22.88,15314.2,14071.5,1242.8,91.88,8866670,139181,267.8,6.0
1790695548.502,7.50,15314.2,14064.3,1250.0,91.84,0,0,0.0,0.0
1790695549.502,4.51,15314.2,14061.3,1253.0,91.82,0,0,0.0,0.0
1790695550.505,6.66,15314.2,14070.1,1244.1,91.88,400498,106965613,23.9,913.9
1790695551.505,15.89,15314.2,14081.6,1232.7,91.95,0,0,0.0,0.0
1790695552.506,4.40,15314.2,14075.4,1238.9,91.91,114619,8187,28.0,2.0
1790695553.506,16.54,15314.2,14156.7,1157.6,92.44,1645799,65504,131.9,2.0
1790695554.507,20.06,15314.2,14186.2,1128.0,92.63,42035890,6967772,627.7,167.9
1790695555.507,19.33,15314.2,14214.2,1100.1,92.82,161084555,465414508,2094.7,6555.9
1790695556.508,19.32,15314.2,14212.8,1101.5,92.81,42703377,1923944,775.5,36.0
1790695557.509,15.95,15314.2,14147.4,1166.9,92.38,40776664,226567949,383.7,2268.5
1790695558.509,11.97,15314.2,14190.1,1124.1,92.66,58833262,228504918,505.7,2370.6
1790695559.510,11.21,15314.2,14131.2,1183.0,92.28,39448092,0,335.8,0.0
1790695560.511,11.24,15314.2,14122.9,1191.3,92.22,334076594,736887433,5018.7,6739.5
1790695561.512,68.44,15314.2,14117.0,1197.2,92.18,364162331,316038864,4493.0,2611.1
1790695562.515,87.41,15314.2,14150.0,1164.2,92.40,263769387,226167351,2278.1,2242.2
1790695563.516,22.87,15314.2,14188.6,1125.7,92.65,14500981,156679333,365.6,1428.5
1790695564.517,20.40,15314.2,14119.4,1194.8,92.20,26180152,106423,315.8,4.0
1790695565.518,25.25,15314.2,14198.3,1115.9,92.71,7204904,933363,653.6,12.0
1790695566.518,29.16,15314.2,14181.7,1132.5,92.60,9897323,0,163.9,0.0
1790695567.519,18.70,15314.2,14231.4,1082.8,92.93,4346853,0,93.9,0.0
1790695568.520,13.48,15314.2,14190.8,1123.4,92.66,2800003,108987254,54.0,877.5
1790695569.520,26.39,15314.2,14189.8,1124.4,92.66,4379727,0,275.8,0.0
1790695570.521,19.59,15314.2,14207.7,1106.6,92.77,13303084,4862789,227.8,241.8
1790695571.522,13.70,15314.2,14206.6,1107.6,92.77,4756512,0,83.9,0.0
1790695572.522,12.09,15314.2,14066.6,1247.7,91.85,957830,106426,66.0,4.0
1790695573.523,23.78,15314.2,14152.2,1162.0,92.41,548556,42271582,46.0,361.8
1790695574.523,22.75,15314.2,14191.1,1123.2,92.67,96173435,0,1449.1,0.0
1790695575.524,27.92,15314.2,14167.7,1146.6,92.51,12967539,171918,257.8,6.0
1790695576.525,20.25,15314.2,14276.5,1037.8,93.22,57308,0,2.0,0.0
1790695577.525,19.03,15314.2,14081.5,1232.8,91.95,12951308,171920,385.7,6.0
1790695578.526,24.45,15314.2,14169.8,1144.4,92.53,7089968,0,161.9,0.0
1790695579.527,26.25,15314.2,14109.1,1205.1,92.13,6893631,1326328,207.9,16.0
1790695580.527,17.90,15314.2,14183.6,1130.6,92.62,2292379,2226883,52.0,48.0
1790695581.528,18.85,15314.2,14091.5,1222.8,92.02,47333317,106441,667.7,4.0
1790695582.528,19.94,15314.2,14180.6,1133.7,92.60,27520662,73694,1317.4,4.0
1790695583.529,34.92,15314.2,14211.1,1103.2,92.80,1858495,2284230,54.0,415.8
1790695584.530,27.88,15314.2,14290.6,1023.6,93.32,777567,4845473,32.0,52.0
1790695585.531,54.20,15314.2,14241.5,1072.7,93.00,80699018,0,1144.7,0.0
1790695586.534,17.06,15314.2,14068.1,1246.2,91.86,81221208,16147909,1253.7,438.5
1790695587.535,2.95,15314.2,14062.6,1251.7,91.83,1571895,0,91.9,0.0
1790695588.535,3.14,15314.2,14056.2,1258.0,91.79,925125,0,38.0,0.0
1790695589.536,10.85,15314.2,14032.4,1281.8,91.63,40938,189894600,4.0,1485.2
1790695590.537,8.76,15314.2,14008.3,1306.0,91.47,2841166,0,62.0,0.0
1790695591.537,14.77,15314.2,14044.1,1270.2,91.71,3725290,687746,135.9,10.0
1790695592.538,21.13,15314.2,14149.9,1164.4,92.40,10251286,237450,195.9,6.0
1790695593.538,20.03,15314.2,14206.6,1107.6,92.77,14049306,225247376,163.9,2130.8
1790695594.539,14.71,15314.2,14243.4,1070.8,93.01,33475682,202041175,449.7,2218.6
1790695595.540,21.32,15314.2,14165.9,1148.3,92.50,36442590,235092356,361.7,2540.0
1790695596.540,18.60,15314.2,14185.7,1128.6,92.63,63874342,216950108,1630.8,2444.2
1790695597.541,17.83,15314.2,14179.0,1135.2,92.59,58825257,2529854,689.6,24.0
1790695598.541,14.66,15314.2,14153.7,1160.6,92.42,177907095,443163052,2582.5,4745.2
1790695599.543,41.75,15314.2,14127.5,1186.8,92.25,616799504,748423319,9286.9,5979.6
1790695600.545,97.18,15314.2,14113.9,1200.4,92.16,462641962,2453423,5007.5,143.8
1790695601.547,34.94,15314.2,14129.6,1184.6,92.26,86171201,140534021,1429.0,1131.6
1790695602.548,28.14,15314.2,14028.6,1285.7,91.60,13217459,107139168,465.6,877.2
1790695603.562,28.83,15314.2,14106.5,1207.7,92.11,5985274,64618,315.5,2.0
1790695604.563,38.85,15314.2,14199.9,1114.4,92.72,6335881,96798187,263.8,795.4
1790695605.563,33.76,15314.2,14273.4,1040.9,93.20,1784701,65494,87.9,2.0
1790695606.564,36.76,15314.2,14288.5,1025.8,93.30,1268940,1137953,52.0,12.0
1790695607.565,47.33,15314.2,14300.9,1013.4,93.38,6333070,63682542,205.8,555.3
1790695608.566,34.71,15314.2,14321.4,992.9,93.52,20224258,0,453.6,0.0
1790695609.567,35.84,15314.2,14323.0,991.3,93.53,59885577,1284782,2025.9,67.9
1790695610.568,40.51,15314.2,14387.6,926.6,93.95,99082461,18127335,2133.9,837.2
1790695611.569,39.04,15314.2,14341.5,972.7,93.65,18108425,1874697,687.5,73.9
1790695612.570,33.08,15314.2,14406.4,907.9,94.07,31897865,1866234,1017.2,155.9
1790695613.570,34.77,15314.2,14422.9,891.4,94.18,17695418,0,735.3,0.0
1790695614.571,42.57,15314.2,14563.4,750.8,95.10,38876502,19949892,1091.2,949.3
1790695615.572,45.67,15314.2,14613.7,700.5,95.43,102501822,891961,3660.0,30.0
1790695616.573,38.25,15314.2,14651.4,662.9,95.67,148177337,30493375,2172.4,897.4
1790695617.574,52.00,15314.2,14656.6,657.7,95.71,238944639,215773456,4957.9,2231.2
1790695618.575,40.54,15314.2,14703.3,611.0,96.01,77420076,184988412,2746.4,1454.1
1790695619.576,33.10,15314.2,14801.4,512.9,96.65,99118613,2906584,3342.2,135.9
1790695620.577,30.92,15314.2,14562.3,752.0,95.09,159359080,66702549,3530.0,1077.4
1790695621.578,21.55,15314.2,14691.3,622.9,95.93,66309285,65458,2716.8,2.0
1790695622.578,34.86,15314.2,14701.9,612.3,96.00,102110151,0,3314.0,0.0
1790695623.580,30.40,15314.2,14717.1,597.1,96.10,204733862,106292,5671.1,4.0
1790695624.581,22.43,15314.2,14685.2,629.0,95.89,106542370,65469,3890.0,2.0
1790695625.582,26.88,15314.2,14617.6,696.6,95.45,172943146,32378232,3697.6,259.8
1790695626.583,27.78,15314.2,14699.1,615.1,95.98,59602341,16633973,2410.2,627.5
1790695627.583,27.87,15314.2,14764.2,550.0,96.41,48356802,171913,2548.2,8.0
1790695628.584,33.29,15314.2,14819.9,494.4,96.77,89815300,100702499,1638.8,909.3
1790695629.585,31.48,15314.2,14785.2,529.1,96.55,90969429,145002732,1754.4,2911.3
1790695630.587,66.48,15314.2,14795.2,519.0,96.61,171227932,91306851,2825.6,726.4
1790695631.588,19.63,15314.2,14699.5,614.8,95.99,57754035,40925,2431.9,2.0
1790695632.589,11.98,15314.2,14703.6,610.7,96.01,11765441,3078501,437.8,111.9
1790695633.589,10.96,15314.2,14669.7,644.6,95.79,73400243,0,2858.4,0.0
1790695634.590,18.58,15314.2,14679.7,634.5,95.86,140377599,884217,4867.1,10.0
1790695635.590,11.78,15314.2,14686.3,627.9,95.90,45094024,10110951,1217.3,177.9
1790695636.591,17.78,15314.2,14693.8,620.5,95.95,90772807,106435,3352.1,4.0
1790695637.592,26.67,15314.2,14772.9,541.3,96.47,81006252,0,3315.1,0.0
1790695638.592,30.77,15314.2,14797.2,517.0,96.62,130901478,176898757,1912.9,2896.4
1790695639.595,27.01,15314.2,14831.6,482.6,96.85,202962876,367420674,5521.5,5288.0
1790695640.596,23.66,15314.2,14786.4,527.8,96.55,167032571,96272705,5521.3,1195.0
1790695641.596,19.32,15314.2,14708.1,606.1,96.04,112674689,182769922,2482.4,2506.4
1790695642.597,13.64,15314.2,14657.3,656.9,95.71,111518974,113483633,3081.8,1462.9
1790695643.597,16.29,15314.2,14686.9,627.4,95.90,131283224,202831966,3482.0,3196.2
1790695644.600,12.74,15314.2,14625.4,688.8,95.50,611375435,770946945,8670.2,6980.0
1790695645.601,77.83,15314.2,14681.7,632.5,95.87,919206707,367178835,11170.7,3346.8
1790695646.603,94.10,15314.2,14735.0,579.2,96.22,659493049,302685,6778.6,4.0
1790695647.604,34.93,15314.2,14733.0,581.2,96.20,129462894,226846486,2343.6,1838.1
1790695648.604,23.50,15314.2,14650.2,664.1,95.66,227705093,171902,7938.0,4.0
1790695649.605,30.68,15314.2,14696.8,617.5,95.97,127007884,91442729,6008.5,853.5
1790695650.618,26.58,15314.2,14729.9,584.4,96.18,42950229,2110318,1679.9,25.7
1790695651.619,35.82,15314.2,14841.0,473.3,96.91,205043233,0,4374.8,0.0
1790695652.620,29.00,15314.2,14809.8,504.5,96.71,63786319,0,1830.7,0.0
1790695653.621,48.48,15314.2,14911.2,403.0,97.37,296997461,0,7419.1,0.0
1790695654.622,27.94,15314.2,14874.1,440.1,97.13,228546022,892023,4887.0,79.9
1790695655.623,20.74,15314.2,14844.6,469.6,96.93,56555089,0,1353.2,0.0
1790695656.623,21.62,15314.2,14827.3,487.0,96.82,92797911,0,2742.3,0.0
1790695657.624,21.98,15314.2,14816.3,497.9,96.75,86810016,0,2286.5,0.0
1790695658.625,22.73,15314.2,14788.0,526.3,96.56,67286028,0,1343.1,0.0
1790695659.626,30.59,15314.2,14730.0,584.3,96.18,231281173,106411,7078.4,4.0
1790695660.626,30.32,15314.2,14789.7,524.6,96.57,123093517,523802,3970.3,10.0
1790695661.627,31.97,15314.2,14808.9,505.3,96.70,101259893,0,2753.7,0.0
1790695662.628,33.78,15314.2,14918.9,395.3,97.42,444627943,150907948,5753.7,2032.5
1790695663.629,39.35,15314.2,14904.7,409.6,97.33,415008098,213033506,10410.0,1846.6
1790695664.630,27.07,15314.2,14919.8,394.4,97.42,140439190,65465,4425.2,2.0
1790695665.631,45.14,15314.2,14946.9,367.4,97.60,468315968,72912693,15656.7,966.7
1790695666.632,31.42,15314.2,14749.4,564.8,96.31,561685188,37648929,13274.9,431.6
1790695667.633,15.35,15314.2,14866.9,447.4,97.08,109738422,1129299,4093.7,14.0
1790695668.634,18.67,15314.2,14820.2,494.1,96.77,151703213,32737,3352.8,2.0
1790695669.635,19.49,15314.2,14712.3,601.9,96.07,165717499,2341313,4594.9,125.9
1790695670.635,21.42,15314.2,14699.9,614.3,95.99,162326494,0,5688.6,0.0
1790695671.636,21.48,15314.2,14705.6,608.7,96.03,215471372,0,5370.7,0.0
1790695672.637,19.26,15314.2,14661.1,653.1,95.74,133049325,180128,3438.2,8.0
1790695673.637,19.94,15314.2,14740.4,573.8,96.25,136309276,0,4277.8,0.0
1790695674.638,31.35,15314.2,14737.0,577.3,96.23,198230188,179095463,5195.1,2267.8
1790695675.639,34.74,15314.2,14833.0,481.2,96.86,155983639,65346488,3578.8,579.5
1790695676.643,38.10,15314.2,14641.7,672.6,95.61,110666986,318032,3149.6,27.9
1790695677.644,10.29,15314.2,14552.3,762.0,95.02,99817582,0,3809.7,0.0
1790695678.645,5.73,15314.2,14541.4,772.9,94.95,50453290,0,1505.0,0.0
1790695679.645,4.73,15314.2,14536.2,778.0,94.92,36660954,0,1145.3,0.0
1790695680.646,8.68,15314.2,14525.1,789.1,94.85,44980391,41247035,1229.3,341.8
1790695681.647,7.71,15314.2,14527.5,786.8,94.86,79835519,106436,2602.5,4.0
1790695682.647,17.90,15314.2,14614.9,699.3,95.43,41675301,0,2254.8,0.0
1790695683.648,32.60,15314.2,14723.1,591.2,96.14,158227920,125835769,2873.9,1229.1
1790695684.649,16.10,15314.2,14721.2,593.1,96.13,129683298,275647608,1822.6,4198.7
1790695685.649,15.33,15314.2,14648.9,665.4,95.66,117055051,235690047,1646.8,3023.9
1790695686.650,18.85,15314.2,14656.5,657.7,95.71,123910793,198674808,2478.5,3276.0
1790695687.651,13.24,15314.2,14654.5,659.7,95.69,57427806,125431725,751.4,1448.9
1790695688.651,19.02,15314.2,14670.6,643.7,95.80,93732143,119370629,2472.6,1475.2
1790695689.652,20.41,15314.2,14645.1,669.1,95.63,407708980,499571838,5968.7,4947.2
1790695690.652,54.40,15314.2,14624.8,689.5,95.50,781132007,664681019,8704.6,5516.6
1790695691.658,94.36,15314.2,14686.4,627.8,95.90,667862110,17146391,7562.9,264.5
1790695692.659,36.33,15314.2,14734.2,580.1,96.21,200905858,319228270,2489.5,3076.9
1790695693.660,23.19,15314.2,14602.8,711.5,95.35,203039340,20021651,6360.3,209.7
1790695694.661,23.64,15314.2,14683.6,630.6,95.88,27736132,65493,1712.9,2.0
1790695695.662,29.64,15314.2,14666.4,647.8,95.77,60084098,0,2560.1,0.0
1790695696.663,28.64,15314.2,14634.1,680.2,95.56,115841117,1210683,2694.1,99.9
1790695697.664,19.46,15314.2,14634.4,679.9,95.56,68978036,368341,1694.6,22.0
1790695698.665,16.56,15314.2,14650.6,663.6,95.67,101428799,622162,2508.3,81.9
1790695699.665,17.81,15314.2,14645.2,669.0,95.63,17679293,2242651,241.8,18.0
1790695700.666,21.32,15314.2,14659.1,655.1,95.72,27169595,0,1007.3,0.0
1790695701.667,16.70,15314.2,14668.3,645.9,95.78,24584703,0,455.7,0.0
1790695702.668,15.15,15314.2,14606.0,708.3,95.38,77365133,180109,2684.3,8.0
1790695703.668,21.15,15314.2,14665.9,648.4,95.77,37106858,614081,2220.8,8.0
1790695704.669,22.72,15314.2,14726.9,587.4,96.16,154230945,1064283,2414.5,12.0
1790695705.669,29.49,15314.2,14631.5,682.8,95.54,334328146,1326212,8146.5,38.0
1790695706.670,22.62,15314.2,14641.5,672.8,95.61,113675787,97086815,4575.5,1196.8
1790695707.671,30.45,15314.2,14785.0,529.2,96.54,250500090,0,7125.0,0.0
1790695708.672,19.13,15314.2,14719.6,594.7,96.12,322562209,1448743,6202.7,75.9
1790695709.673,17.54,15314.2,14773.7,540.6,96.47,66061259,0,3201.9,0.0
1790695710.673,22.02,15314.2,14843.1,471.2,96.92,223150165,0,3981.6,0.0
1790695711.674,19.60,15314.2,14733.7,580.6,96.21,189342778,171907,6709.1,6.0
1790695712.675,31.71,15314.2,14745.4,568.8,96.29,176589911,81868,6807.7,4.0
1790695713.675,24.62,15314.2,14824.0,490.2,96.80,392932340,1391954,10311.9,14.0
1790695714.676,21.00,15314.2,14736.7,577.6,96.23,361004535,42642520,7674.2,959.1
1790695715.677,21.15,15314.2,14768.5,545.8,96.44,54557884,0,3083.2,0.0
1790695716.677,36.65,15314.2,14861.1,453.2,97.04,86439614,5321628,1954.8,189.9
1790695717.678,37.28,15314.2,14971.5,342.7,97.76,460989193,253348423,10525.6,4196.7
1790695718.680,46.56,15314.2,14964.5,349.7,97.72,332768802,72759186,6986.0,628.9
1790695719.686,42.70,15314.2,14933.5,380.8,97.51,482675177,570009,9009.8,51.7
1790695720.686,3.98,15314.2,14918.1,396.2,97.41,80482267,0,2040.9,0.0
1790695721.687,3.99,15314.2,14916.5,397.8,97.40,13467764,0,461.7,0.0
1790695722.688,4.24,15314.2,14902.3,411.9,97.31,36140635,1932304,907.5,18.0
1790695723.688,10.93,15314.2,14915.7,398.6,97.40,229971359,0,7163.8,0.0
1790695724.689,14.94,15314.2,14967.4,346.8,97.74,182548947,40938,5960.7,2.0
1790695725.690,18.11,15314.2,14998.2,316.1,97.94,85126285,65475,3265.0,2.0
1790695726.690,21.92,15314.2,15072.5,241.7,98.42,250111126,124106002,3805.2,2923.8
1790695727.695,31.69,15314.2,14839.0,475.2,96.90,333454985,354736395,6671.3,5627.8
1790695728.696,13.43,15314.2,14852.0,462.3,96.98,97483212,167194759,1488.7,2537.8
1790695729.696,23.03,15314.2,14851.3,462.9,96.98,204325867,116661736,6010.2,1824.8
1790695730.697,16.63,15314.2,14860.2,454.0,97.04,111683848,166269380,2511.8,2216.1
1790695731.698,12.80,15314.2,14865.0,449.3,97.07,127656764,176666747,2489.8,2531.7
1790695732.699,13.69,15314.2,14816.7,497.5,96.75,616793812,719021122,5769.8,6968.9
1790695733.706,68.86,15314.2,14937.4,376.8,97.54,1336227415,422324959,22588.2,3849.4
1790695734.715,94.07,15314.2,14952.2,362.1,97.64,736696618,495059,8369.3,111.0
1790695735.716,24.95,15314.2,14921.2,393.1,97.43,287927545,201747322,6810.9,1718.2
1790695736.718,27.41,15314.2,14822.4,491.9,96.79,434531651,70878671,12401.6,611.1
1790695737.719,21.95,15314.2,14868.5,445.7,97.09,156998645,1309004,5940.2,149.8
1790695738.720,26.32,15314.2,14921.1,393.2,97.43,72414456,622075,2699.8,52.0
1790695739.721,32.17,15314.2,14925.2,389.0,97.46,124466424,46123530,3254.7,809.2
1790695740.722,19.65,15314.2,14831.9,482.3,96.85,248851250,3975469,5168.4,193.7
1790695741.723,11.88,15314.2,14819.4,494.8,96.77,89169870,0,2348.3,0.0
1790695742.724,20.49,15314.2,14835.5,478.7,96.87,126763341,0,4338.7,0.0
1790695743.725,13.60,15314.2,14877.5,436.8,97.15,194363936,515576,5826.1,6.0
1790695744.726,14.23,15314.2,14944.9,369.4,97.59,84156361,0,1856.6,0.0
1790695745.727,11.01,15314.2,14756.0,558.3,96.35,257840434,106404,6066.7,4.0
1790695746.727,16.56,15314.2,14865.4,448.9,97.07,66317569,1285415,3522.0,14.0
1790695747.728,20.26,15314.2,14928.2,386.0,97.48,200617513,0,3971.8,0.0
1790695748.729,29.71,15314.2,14828.8,485.4,96.83,663750474,72310322,11500.8,887.3
1790695749.729,19.23,15314.2,14911.4,402.9,97.37,207780012,401183,7315.9,82.0
1790695750.730,18.32,15314.2,15004.5,309.8,97.98,123475225,3258613,3200.2,115.9
1790695751.731,17.27,15314.2,14849.7,464.6,96.97,263651958,4878200,5964.8,215.8
1790695752.731,19.27,15314.2,14910.1,404.1,97.36,70710353,0,3537.8,0.0
1790695753.732,40.95,15314.2,15085.6,228.7,98.51,948162020,135189769,26847.9,2362.2
1790695754.733,34.92,15314.2,15069.0,245.2,98.40,1321383346,4777632,30665.3,159.8
1790695755.736,29.81,15314.2,15103.9,210.3,98.63,1169217006,4606786,34649.4,327.0
1790695756.747,29.78,15314.2,15116.9,197.3,98.71,2451266769,10833361,65141.6,637.5
1790695757.762,30.72,15314.2,15137.0,177.2,98.84,2436138080,5601375,60060.7,342.9
1790695758.773,26.26,15314.2,15150.4,163.8,98.93,2253313685,5717971,53497.4,350.0
1790695759.786,28.38,15314.2,15037.1,277.2,98.19,2215977549,3274778,43290.8,193.5
1790695760.796,31.01,15314.2,15018.3,296.0,98.07,946710262,2522247,27765.7,237.6
1790695761.805,23.28,15314.2,15089.0,225.3,98.53,575250712,1575540,18031.1,208.2
1790695762.813,29.00,15314.2,15106.6,207.7,98.64,343791371,41778763,8261.3,374.8
1790695763.824,34.72,15314.2,14995.0,319.2,97.92,1601567771,220661889,34125.7,7640.7
1790695764.838,50.94,15314.2,15004.6,309.7,97.98,798539697,96263116,16571.5,1114.0
1790695765.858,63.62,15314.2,14874.0,440.3,97.13,1021899634,51839680,24008.1,849.2
1790695766.861,20.52,15314.2,14984.8,329.5,97.85,462859654,4068126,10247.1,470.7
1790695767.864,7.20,15314.2,14989.6,324.6,97.88,91973550,0,2536.8,0.0
1790695768.865,5.50,15314.2,15029.8,284.5,98.14,247385056,0,5058.7,0.0
1790695769.866,3.52,15314.2,14988.4,325.9,97.87,54365121,130961,1424.8,2.0
1790695770.866,6.16,15314.2,14993.7,320.5,97.91,209448596,532177,5478.9,32.0
1790695771.868,15.34,15314.2,15057.5,256.8,98.32,149730662,65452,5960.4,2.0
1790695772.872,29.92,15314.2,15124.7,189.5,98.76,1224118804,3613689,35646.4,444.1
1790695773.886,37.56,15314.2,15124.8,189.5,98.76,2716731272,139036206,58174.0,5413.5
1790695774.903,26.62,15314.2,15150.4,163.8,98.93,2443252209,322547289,53396.9,8047.4
1790695775.917,26.22,15314.2,15117.1,197.2,98.71,2052227614,139566825,43225.9,4604.6
1790695776.929,15.66,15314.2,15100.3,213.9,98.60,922900772,161596277,21058.2,3628.6
1790695777.961,19.24,15314.2,15129.0,185.2,98.79,887691848,147719821,20332.0,2871.4
1790695778.973,23.87,15314.2,15123.9,190.3,98.76,1148675976,131545086,28569.9,2958.6
1790695779.987,31.95,15314.2,15131.6,182.6,98.81,1423648003,129385072,36030.0,2922.4
1790695781.001,26.13,15314.2,15086.1,228.1,98.51,871133146,119233105,25926.3,2870.0
1790695782.014,9.49,15314.2,15101.2,213.0,98.61,933580962,691309555,12967.6,6470.0
1790695783.050,55.48,15314.2,15133.7,180.5,98.82,1298562627,320670804,20814.0,2692.0
1790695784.073,92.13,15314.2,15142.0,172.3,98.88,2389533065,2482815,45197.7,240.5
1790695785.094,50.98,15314.2,15164.7,149.5,99.02,2741455083,82136438,61032.3,1385.2
1790695786.125,27.47,15314.2,15152.9,161.3,98.95,2728930884,111802305,61728.5,2390.8
1790695787.155,36.50,15314.2,15156.8,157.5,98.97,3088381016,75558814,65887.1,1998.5
1790695788.196,39.25,15314.2,15157.2,157.0,98.97,3398713286,62982117,71006.6,1417.6
1790695789.218,40.23,15314.2,15084.5,229.8,98.50,3072073095,3927304,70406.3,651.6
1790695790.228,29.77,15314.2,15041.1,273.2,98.22,628840100,3561110,19408.3,594.1
1790695791.233,29.65,15314.2,15087.4,226.9,98.52,443218935,1427082,15136.9,254.8
1790695792.242,21.22,15314.2,15110.7,203.5,98.67,947967525,48697,22961.2,4.0
1790695793.254,29.27,15314.2,15118.6,195.7,98.72,1803548915,2509826,51670.7,320.2
1790695794.277,38.71,15314.2,15170.8,143.5,99.06,2787960841,4781840,67062.4,803.7
1790695795.365,38.10,15314.2,15167.6,146.6,99.04,3524321266,10614791,73808.2,615.7
1790695796.427,36.60,15314.2,15159.1,155.1,98.99,3651611125,2244848,74618.8,455.8
1790695797.492,36.05,15314.2,15151.8,162.5,98.94,3644844464,9972162,74569.3,507.2
1790695798.577,35.18,15314.2,15175.3,138.9,99.09,3520416963,2935722,73480.4,444.0
1790695799.614,32.52,15314.2,15173.3,141.0,99.08,3617980848,2226994,69722.7,391.4
1790695800.654,35.55,15314.2,15175.5,138.7,99.09,3831866100,1536402,71064.8,273.1
1790695801.783,32.23,15314.2,15198.0,116.3,99.24,3534737472,3244077,67246.5,567.0
1790695802.844,37.97,15314.2,15176.3,138.0,99.10,4143699430,1768221,76402.4,358.2
1790695804.059,43.98,15314.2,15166.5,147.8,99.04,3691110212,1888460,71311.2,375.4
1790695805.163,43.44,15314.2,15174.9,139.3,99.09,3870780138,1513206,71637.8,306.1
1790695806.246,43.56,15314.2,15169.1,145.2,99.05,4141577565,4506515,74900.1,710.7
1790695807.385,37.72,15314.2,15167.3,146.9,99.04,3745579105,6036986,75269.4,869.6
1790695808.561,34.94,15314.2,15164.1,150.1,99.02,3611413782,14669218,69987.7,574.8
1790695809.604,34.19,15314.2,15155.3,159.0,98.96,3740425625,71677744,75589.4,1292.0
1790695810.646,34.49,15314.2,15169.3,144.9,99.05,3779421377,84245528,76600.3,1307.1
1790695811.714,34.09,15314.2,15168.8,145.5,99.05,3625637664,85430907,75779.3,1525.0
1790695812.780,39.62,15314.2,15162.4,151.9,99.01,3608417383,17331318,76103.9,643.3
1790695813.819,40.45,15314.2,15147.5,166.8,98.91,3664979241,2066323,78805.7,398.6
1790695814.872,39.84,15314.2,15164.8,149.4,99.02,3745698766,31906263,78108.9,752.2
1790695815.931,33.05,15314.2,15165.6,148.6,99.03,3909680755,3186919,85008.3,672.3
1790695817.040,31.93,15314.2,15105.7,208.5,98.64,3563536892,1817590,73873.2,313.9
1790695818.087,48.91,15314.2,15134.5,179.7,98.83,3353654536,4624284,81983.5,701.1
1790695819.124,44.87,15314.2,15111.6,202.7,98.68,3534253494,2590151,80350.4,429.9
1790695820.144,42.95,15314.2,15122.3,192.0,98.75,2694642620,3725420,67074.6,568.5
1790695821.172,53.23,15314.2,15134.3,180.0,98.82,3438408126,2232562,77370.2,439.9
1790695822.191,36.99,15314.2,15140.3,173.9,98.86,3056263332,1896010,65628.8,296.2
1790695823.206,41.66,15314.2,15162.9,151.3,99.01,2791548554,1526299,63588.9,287.9
1790695824.229,33.33,15314.2,15158.5,155.7,98.98,3300182354,4180097,67252.4,590.4
1790695825.283,30.77,15314.2,15135.0,179.3,98.83,3208488123,1787255,65214.1,318.7
1790695826.315,31.34,15314.2,15155.6,158.6,98.96,3091178693,3920318,67001.5,780.8
1790695827.346,26.13,15314.2,15122.6,191.6,98.75,2013572996,2177910,46326.3,275.6
1790695828.357,14.44,15314.2,15017.5,296.7,98.06,610840549,40491,13809.1,2.0
1790695829.362,27.01,15314.2,15041.5,272.8,98.22,833421830,1581616,21353.0,171.2
1790695830.376,33.42,15314.2,15126.6,187.6,98.77,1428992257,3085940,42216.2,378.7
1790695831.389,25.63,15314.2,15143.5,170.7,98.89,1632922580,3172578,46167.0,436.7
1790695832.409,35.81,15314.2,15160.5,153.8,99.00,2279381462,68574860,49416.2,2193.4
1790695833.445,33.70,15314.2,15184.8,129.4,99.16,3868682494,110344605,69230.0,2659.8
1790695834.695,34.33,15314.2,15178.5,135.8,99.11,3723142469,996258,64975.2,204.8
1790695835.800,41.93,15314.2,15178.8,135.4,99.12,5298984469,4538433,97999.7,490.6
1790695838.263,39.18,15314.2,15173.3,141.0,99.08,4177240987,1559564,71377.4,354.8
1790695840.233,39.08,15314.2,15179.2,135.1,99.12,3555908369,2778284,62738.5,650.9
1790695842.052,36.41,15314.2,15181.9,132.3,99.14,3865372320,3598796,67758.7,679.6
1790695843.956,37.45,15314.2,15112.7,201.5,98.68,4906418237,1772295,86524.2,370.7
1790695845.771,36.80,15314.2,15101.0,213.2,98.61,2283081252,1308895,48692.4,265.6
1790695846.779,38.39,15314.2,15106.4,207.9,98.64,3187063786,4785607,73247.7,837.1
1790695847.797,30.86,15314.2,15143.9,170.4,98.89,1964937798,1803160,50040.2,229.9
1790695848.808,25.63,15314.2,15149.6,164.6,98.93,1229997666,543017,33529.0,114.8
1790695849.821,22.54,15314.2,15162.6,151.6,99.01,1329944281,2513141,33148.0,274.2
1790695850.851,27.86,15314.2,15159.0,155.2,98.99,2391846471,954356,51296.2,116.5
1790695851.904,32.09,15314.2,15125.4,188.9,98.77,2003776592,18871970,47087.2,3778.7
1790695852.935,42.12,15314.2,15115.0,199.3,98.70,3265351175,10183867,80152.0,2274.9
1790695853.982,45.03,15314.2,15140.4,173.9,98.86,3766352071,4864956,82848.2,1057.9
1790695855.063,40.90,15314.2,15154.9,159.4,98.96,3694438156,3600056,81376.9,545.9
1790695856.153,46.07,15314.2,15169.3,144.9,99.05,4186830973,12883528,84591.6,2855.4
1790695857.563,41.61,15314.2,15168.7,145.6,99.05,3900801234,3138224,73823.1,706.6
1790695858.887,43.50,15314.2,15182.3,131.9,99.14,3951677322,5610630,70808.9,1128.1
1790695860.535,42.48,15314.2,15174.9,139.3,99.09,4509377252,2221273,78306.4,473.2
1790695862.461,43.58,15314.2,15173.8,140.4,99.08,3964006932,1450734,70466.3,344.8
1790695864.228,39.30,15314.2,15169.4,144.8,99.05,3657035267,2559327,64921.2,490.1
1790695865.655,36.47,15314.2,15182.5,131.8,99.14,3825568665,4213592,66037.8,983.9
1790695867.158,38.13,15314.2,15175.5,138.7,99.09,4825148017,1744527,83837.7,413.9
1790695869.114,39.50,15314.2,15166.6,147.6,99.04,3843087297,1352191,64276.7,272.9
1790695870.761,39.60,15314.2,15170.8,143.5,99.06,3273867745,2337550,56585.2,545.2
1790695872.056,39.66,15314.2,15158.3,156.0,98.98,3670897912,4777928,65582.8,1030.5
1790695873.139,34.81,15314.2,15146.0,168.2,98.90,3970208184,2434486,75499.9,522.4
1790695874.248,35.73,15314.2,15150.3,164.0,98.93,3833879689,2164973,74277.7,485.3
1790695875.329,37.30,15314.2,15160.1,154.2,98.99,4027073622,2069980,77854.2,448.0
1790695876.426,32.43,15314.2,15162.7,151.5,99.01,4067166179,2186825,75969.5,488.3
1790695877.580,34.03,15314.2,15163.0,151.3,99.01,3980109950,2790212,73466.9,636.1
1790695878.745,34.99,15314.2,15168.0,146.2,99.05,4091356390,1630884,72561.3,314.1
1790695879.950,34.58,15314.2,15167.8,146.5,99.04,3917885368,1605161,68534.2,372.0
1790695881.107,33.56,15314.2,15171.7,142.6,99.07,4391265551,2046075,77324.3,439.0
1790695882.423,37.81,15314.2,15173.0,141.2,99.08,3859543998,1232691,66263.7,284.2
1790695883.716,36.57,15314.2,15181.3,133.0,99.13,4312214934,6706227,71882.6,1178.1
1790695885.387,37.05,15314.2,15172.8,141.4,99.08,3788387371,1270289,63836.9,255.0
1790695886.560,39.06,15314.2,15182.6,131.7,99.14,4027958578,1606178,65888.6,378.5
1790695887.739,38.83,15314.2,15178.2,136.1,99.11,4166225489,1758054,67423.7,405.5
1790695888.959,36.92,15314.2,15176.5,137.7,99.10,3872398688,4926485,64744.0,1135.6
1790695890.144,37.57,15314.2,15177.6,136.6,99.11,4488425326,2791971,73925.2,656.3
1790695891.636,40.61,15314.2,15182.8,131.5,99.14,4107520249,1263435,72353.7,291.0
1790695892.933,39.85,15314.2,15172.6,141.7,99.07,3837505800,1761471,65428.0,379.2
1790695894.228,37.52,15314.2,15175.2,139.0,99.09,4294279901,1366881,70571.4,316.7
1790695895.558,37.17,15314.2,15160.1,154.1,98.99,3834618866,4650132,61097.2,1093.2
1790695896.689,34.98,15314.2,15162.1,152.1,99.01,4091841848,1571857,71284.6,355.5
1790695897.841,33.02,15314.2,15165.8,148.5,99.03,3912730976,2887218,73033.1,513.9
1790695898.975,34.74,15314.2,15166.3,147.9,99.03,3940523530,2492674,67223.3,516.8
1790695900.057,34.09,15314.2,15167.0,147.2,99.04,4087215635,1877408,70893.9,438.0
1790695901.155,35.78,15314.2,15185.5,128.8,99.16,4649175488,1491497,72351.8,325.9
1790695902.490,39.69,15314.2,15182.6,131.7,99.14,5770276098,1626097,90032.0,371.5
1790695905.974,37.80,15314.2,15180.2,134.1,99.12,3987570166,1502736,62371.4,311.2
1790695907.820,38.29,15314.2,15179.7,134.6,99.12,4450154653,1353173,70509.6,304.4
1790695909.979,40.59,15314.2,15172.9,141.3,99.08,3100492170,1870619,49826.9,437.2
1790695911.191,39.72,15314.2,15175.7,138.6,99.10,4626698692,4908329,77483.3,1127.3
1790695912.799,42.44,15314.2,15170.8,143.5,99.06,4726469685,3169210,79527.8,743.9
1790695914.872,40.98,15314.2,15172.7,141.5,99.08,3465586978,2394338,57675.6,563.3
1790695916.487,45.05,15314.2,15164.1,150.1,99.02,4083402173,1927700,68342.9,427.3
1790695917.862,41.40,15314.2,15161.9,152.3,99.01,3840551932,5074663,66231.9,1127.0
1790695919.107,39.46,15314.2,15173.8,140.4,99.08,4090805189,3291146,69012.8,668.5
1790695920.446,37.56,15314.2,15172.6,141.6,99.08,3795243468,4789781,64979.0,1015.6
1790695921.657,35.87,15314.2,15165.2,149.0,99.03,4006754543,2483535,65160.0,558.4
1790695922.805,34.13,15314.2,15152.8,161.4,98.95,3973444879,1597436,66632.4,376.1
1790695923.896,30.02,15314.2,15148.0,166.3,98.91,4022793366,3380366,71244.1,764.8
1790695924.961,28.69,15314.2,15145.5,168.7,98.90,3738621672,3114666,72620.7,396.2
1790695926.003,32.34,15314.2,15148.4,165.8,98.92,4099126519,1815369,77031.4,408.7
1790695927.086,34.79,15314.2,15126.7,187.6,98.78,3864343030,1793464,75614.5,404.6
1790695928.141,35.83,15314.2,15139.8,174.4,98.86,3915054563,3200189,75302.2,677.0
1790695929.179,31.60,15314.2,15127.1,187.1,98.78,3837696357,1838287,78322.4,356.3
1790695930.214,30.71,15314.2,15160.3,154.0,98.99,3810883368,1257913,77429.8,256.9
1790695931.275,31.20,15314.2,15157.6,156.7,98.98,3845791325,2362911,73286.7,412.9
1790695932.348,30.44,15314.2,15149.2,165.0,98.92,3936627072,1046179,73746.8,229.3
1790695933.420,30.46,15314.2,15160.4,153.8,99.00,3894333995,2177334,71528.6,443.9
1790695934.474,29.95,15314.2,15157.1,157.1,98.97,4008208408,894084,76503.2,193.6
1790695935.583,33.41,15314.2,15152.1,162.2,98.94,3823991180,1389040,71938.8,304.8
1790695936.684,36.55,15314.2,15155.8,158.4,98.97,4041136958,1792461,74524.9,406.7
1790695937.745,36.08,15314.2,15152.7,161.6,98.95,4019893872,2085718,75882.5,430.0
1790695938.789,36.14,15314.2,15145.5,168.8,98.90,4104930118,2078742,76923.4,465.4
1790695939.873,35.76,15314.2,15149.2,165.0,98.92,3723091796,2184487,73446.2,428.1
1790695940.927,32.62,15314.2,15144.6,169.7,98.89,4072592905,1391364,74958.2,307.4
1790695942.020,31.83,15314.2,15154.9,159.3,98.96,3907033757,1797744,72062.3,358.4
1790695943.101,34.54,15314.2,15155.1,159.1,98.96,4057789740,2387722,76578.0,536.7
1790695944.242,34.55,15314.2,15159.1,155.1,98.99,3927412041,1162627,70369.8,266.3
1790695945.327,35.54,15314.2,15169.6,144.6,99.06,4436248587,1117452,80079.7,235.9
1790695946.598,39.77,15314.2,15158.4,155.9,98.98,3790838751,1541254,68319.7,324.3
1790695947.720,35.01,15314.2,15164.0,150.3,99.02,3954151033,1817249,73505.7,418.7
1790695948.847,39.84,15314.2,15165.4,148.8,99.03,4084590015,1911472,73530.4,417.0
1790695950.005,39.27,15314.2,15170.8,143.4,99.06,4208684787,1472072,73734.2,338.7
1790695951.193,39.20,15314.2,15164.1,150.2,99.02,4038656368,1034217,72870.7,232.3
1790695952.383,42.42,15314.2,15162.0,152.3,99.01,4182607998,1445136,76297.4,299.1
1790695953.663,39.36,15314.2,15171.9,142.4,99.07,4519753644,4161851,80037.9,822.2
1790695955.110,38.14,15314.2,15169.7,144.5,99.06,3409957355,3527447,59593.0,830.8
1790695956.191,38.94,15314.2,15163.9,150.3,99.02,4124153034,1493168,69252.1,320.1
1790695957.282,36.29,15314.2,15177.4,136.8,99.11,4051892920,2183176,69528.4,470.7
1790695958.417,34.77,15314.2,15172.3,141.9,99.07,4171706148,1934612,71028.3,426.5
1790695959.557,32.14,15314.2,15169.6,144.6,99.06,3946160182,3478880,69386.7,789.7
1790695960.712,35.49,15314.2,15174.8,139.4,99.09,4041367501,1198488,70623.8,273.6
1790695961.806,38.74,15314.2,15169.1,145.1,99.05,3984513499,1804491,68446.0,418.6
1790695962.891,32.66,15314.2,15164.7,149.6,99.02,4009440236,4039974,73360.2,422.2
1790695963.968,34.23,15314.2,15168.0,146.2,99.05,3983319041,2479049,74403.3,571.8
1790695965.055,28.93,15314.2,15150.6,163.6,98.93,3908272654,2162868,75740.3,423.2
1790695966.114,31.69,15314.2,15147.2,167.0,98.91,4122557166,1656301,78716.2,370.4
1790695967.225,38.12,15314.2,15144.5,169.7,98.89,3964986381,1518547,76096.9,327.5
1790695968.346,36.35,15314.2,15162.1,152.2,99.01,3984364914,1710563,73876.4,348.0
1790695969.417,33.74,15314.2,15158.9,155.4,98.99,4008596126,1330483,73795.9,293.1
1790695970.495,32.83,15314.2,15168.9,145.4,99.05,3919612365,1800409,70222.8,385.8
1790695971.554,43.88,15314.2,14878.8,435.5,97.16,3462470214,5299585,67149.6,908.5
1790695972.569,48.99,15314.2,14816.7,497.6,96.75,821318810,11541044,25404.1,1820.6
1790695973.581,36.73,15314.2,14850.1,464.1,96.97,1187601809,39830726,25155.9,1882.0
1790695974.586,19.07,15314.2,14579.5,734.7,95.20,327217666,2201400,8097.6,356.3
1790695975.587,18.17,15314.2,14604.7,709.5,95.37,211642554,1162466,4131.2,213.9
1790695976.587,21.21,15314.2,14577.6,736.6,95.19,151795781,171891,2793.7,6.0
1790695977.588,20.03,15314.2,14620.2,694.1,95.47,16309443,1408245,465.7,14.0
1790695978.589,35.99,15314.2,14580.1,734.1,95.21,91180319,96042614,2959.7,3393.4
1790695979.590,20.09,15314.2,14548.8,765.4,95.00,57587319,62136701,1518.2,683.2
1790695980.594,55.90,15314.2,14441.4,872.8,94.30,11731197,40790,428.2,2.0
1790695981.595,4.74,15314.2,14444.1,870.1,94.32,16004699,0,351.8,0.0
1790695982.595,4.24,15314.2,14445.7,868.5,94.33,12492182,1784597,313.8,16.0
1790695983.596,11.15,15314.2,14460.1,854.1,94.42,139496550,352037,4563.2,78.0
1790695984.597,11.78,15314.2,14420.3,893.9,94.16,39252620,0,825.4,0.0
1790695985.597,8.82,15314.2,14446.3,868.0,94.33,73618654,34885352,1617.0,285.8
1790695986.598,18.86,15314.2,14481.6,832.6,94.56,67562610,28312107,2508.6,267.9
1790695987.598,20.93,15314.2,14511.5,802.7,94.76,94426601,163692971,1827.0,2812.5
1790695988.599,16.91,15314.2,14466.9,847.4,94.47,116475632,320103329,2686.2,4099.2
1790695989.600,19.44,15314.2,14493.9,820.4,94.64,48581315,243446639,879.0,3258.3
1790695990.601,10.84,15314.2,14499.4,814.9,94.68,68678150,179452265,657.6,2104.6
1790695991.602,11.62,15314.2,14493.7,820.5,94.64,57143679,159201748,651.5,1796.6
1790695992.602,14.39,15314.2,14488.8,825.4,94.61,52727805,159444297,739.6,1925.0
1790695993.603,11.12,15314.2,14513.6,800.7,94.77,513417501,559848429,8011.5,5265.1
1790695994.604,63.43,15314.2,14620.8,693.4,95.47,704317422,377742209,9521.3,3140.5
1790695995.609,94.54,15314.2,14569.3,744.9,95.14,592473766,30067365,6119.2,801.7
1790695996.610,26.60,15314.2,14559.8,754.4,95.07,72863838,364482835,1724.0,25422.0
1790695997.611,23.59,15314.2,14487.8,826.5,94.60,154004736,21847488,4324.6,751.4
1790695998.612,24.09,15314.2,14577.1,737.1,95.19,48290430,0,2626.6,0.0
1790695999.613,23.13,15314.2,14613.3,700.9,95.42,29080876,145936397,511.6,1342.8
1790696000.613,27.61,15314.2,14650.6,663.6,95.67,64307086,2243175,863.4,18.0
1790696001.614,36.16,15314.2,14673.6,640.7,95.82,57421555,622278,1539.2,22.0
1790696002.620,52.57,15314.2,14667.5,646.8,95.78,40893288,8140,1677.2,2.0
1790696003.621,36.74,15314.2,14685.7,628.6,95.90,63566544,0,1592.3,0.0
1790696004.622,37.41,15314.2,14678.9,635.4,95.85,35846325,0,597.6,0.0
1790696005.623,38.15,15314.2,14665.7,648.6,95.77,85864129,0,1498.8,0.0
1790696006.624,40.22,15314.2,14663.4,650.8,95.75,43851339,376547,701.5,8.0
1790696007.624,38.51,15314.2,14671.4,642.9,95.80,25636318,0,417.7,0.0
1790696008.626,39.62,15314.2,14665.6,648.6,95.76,35361352,0,1293.5,0.0
1790696009.627,22.54,15314.2,14586.8,727.4,95.25,82320507,180079,2188.2,6.0
1790696010.628,30.97,15314.2,14666.9,647.3,95.77,114165174,532181,4151.7,86.0
1790696011.628,31.82,15314.2,14684.8,629.4,95.89,163673938,548500,2376.4,8.0
1790696012.629,29.02,15314.2,14633.6,680.6,95.56,130118344,156235317,3502.8,2036.2
1790696013.630,23.21,15314.2,14615.8,698.5,95.44,103272990,132621676,3845.4,1021.3
1790696014.631,34.27,15314.2,14683.8,630.4,95.88,78909170,123282279,3936.1,1136.9
1790696015.632,23.30,15314.2,14495.2,819.1,94.65,122929917,851066,2443.4,161.8
1790696016.633,17.29,15314.2,14572.1,742.2,95.15,70182411,1686408,2686.2,18.0
1790696017.633,19.07,15314.2,14573.8,740.4,95.17,91761133,0,2052.8,0.0
1790696018.634,24.35,15314.2,14529.7,784.6,94.88,6672665,180121,177.9,6.0
1790696019.634,22.98,15314.2,14591.6,722.7,95.28,11207764,352033,553.7,64.0
1790696020.635,25.10,15314.2,14491.6,822.6,94.63,153534482,64978308,2846.2,909.4
1790696021.636,19.67,15314.2,14618.2,696.0,95.46,54053307,1448953,1568.9,16.0
1790696022.637,30.34,15314.2,14574.7,739.6,95.17,55850167,0,919.3,0.0
1790696023.638,25.98,15314.2,14636.2,678.1,95.57,47419835,140712674,1232.8,1398.7
1790696024.638,62.13,15314.2,14547.8,766.4,95.00,82234644,0,1193.2,0.0
1790696025.639,13.04,15314.2,14472.5,841.8,94.50,16932244,49103,1009.0,2.0
1790696026.640,7.54,15314.2,14491.4,822.8,94.63,1719434,1629369,265.9,16.0
1790696027.640,5.24,15314.2,14490.3,823.9,94.62,12370488,0,277.8,0.0
1790696028.641,3.65,15314.2,14489.9,824.4,94.62,2554381,0,66.0,0.0
1790696029.642,3.79,15314.2,14490.3,823.9,94.62,687730,491236,36.0,8.0
1790696030.642,13.53,15314.2,14540.3,773.9,94.95,26010053,139179,975.4,6.0
1790696031.643,22.91,15314.2,14603.0,711.3,95.36,9874020,433933,753.6,26.0
1790696032.643,24.00,15314.2,14590.7,723.5,95.28,141410027,278660936,2742.4,3170.2
1790696033.644,18.56,15314.2,14582.4,731.8,95.22,186436535,284972087,4864.9,3517.7
1790696034.645,11.04,15314.2,14605.8,708.5,95.37,44318830,135444565,555.5,1602.5
1790696035.645,12.33,15314.2,14624.7,689.6,95.50,71831150,263146168,777.6,3270.3
1790696036.646,15.55,15314.2,14598.3,715.9,95.33,67089469,133393021,1093.3,1545.0
1790696037.647,20.05,15314.2,14620.4,693.8,95.47,66601824,126482888,1662.8,1634.8
1790696038.650,21.33,15314.2,14617.7,696.5,95.45,902952460,1015665335,14321.1,8676.8
1790696039.651,95.66,15314.2,14679.4,634.8,95.85,766799385,55015712,8884.5,951.0
1790696040.653,69.09,15314.2,14720.2,594.0,96.12,396253156,118210456,3493.0,966.1
1790696041.654,26.70,15314.2,14702.8,611.5,96.01,210043394,117557508,4852.0,947.2
1790696042.655,18.96,15314.2,14603.4,710.8,95.36,148100168,114591,5215.6,4.0
1790696043.655,34.22,15314.2,14730.9,583.3,96.19,58871378,605824,3521.8,139.9
1790696044.660,40.30,15314.2,14789.1,525.2,96.57,46586784,0,1890.6,0.0
1790696045.661,33.88,15314.2,14681.5,632.7,95.87,134063870,88268398,1374.6,1742.2
1790696046.662,26.58,15314.2,14716.8,597.4,96.10,53555961,0,1179.0,0.0
1790696047.663,28.26,15314.2,14725.8,588.4,96.16,46913835,0,1223.1,0.0
1790696048.663,21.67,15314.2,14736.1,578.1,96.23,27376673,0,423.7,0.0
1790696049.664,32.25,15314.2,14760.8,553.4,96.39,47636743,2177586,1928.7,141.9
1790696050.666,33.88,15314.2,14809.6,504.7,96.70,31382775,384412,762.8,22.0
1790696051.667,32.37,15314.2,14703.4,610.9,96.01,42072759,506999,1329.6,49.9
1790696052.669,26.50,15314.2,14737.6,576.7,96.23,175845185,65467,3682.1,2.0
1790696053.669,27.41,15314.2,14838.2,476.1,96.89,66897166,0,2302.6,0.0
1790696054.670,35.46,15314.2,14790.1,524.1,96.58,285007663,0,4091.1,0.0
1790696055.671,31.69,15314.2,14743.2,571.0,96.27,179370617,100204259,6053.5,1003.3
1790696056.671,28.08,15314.2,14788.9,525.3,96.57,41017205,2774862,2312.1,111.9
1790696057.672,34.79,15314.2,14826.1,488.2,96.81,187995119,0,4678.5,0.0
1790696058.673,27.70,15314.2,14761.5,552.8,96.39,223162657,180109,5174.7,6.0
1790696059.673,33.55,15314.2,14798.5,515.8,96.63,67447061,0,4055.2,0.0
1790696060.674,33.89,15314.2,14855.7,458.5,97.01,144363042,0,2116.6,0.0
1790696061.675,25.90,15314.2,14753.2,561.1,96.34,88131612,9413147,3629.0,329.7
1790696062.675,34.30,15314.2,14797.9,516.3,96.63,71308289,8188,3516.2,2.0
1790696063.676,24.60,15314.2,14679.4,634.8,95.85,255244716,1039543,6205.0,135.9
1790696064.677,28.57,15314.2,14807.2,507.1,96.69,101724428,1309827,4037.2,16.0
1790696065.679,29.71,15314.2,14927.3,386.9,97.47,196529444,63336232,7602.8,1230.9
1790696066.683,49.68,15314.2,15035.0,279.3,98.18,342814328,78330046,6581.1,1273.2
1790696067.685,40.64,15314.2,14841.9,472.4,96.92,460734486,115222482,11583.6,2512.6
1790696068.687,59.05,15314.2,14816.7,497.6,96.75,225044781,76494463,5782.4,622.6
1790696069.691,23.80,15314.2,14811.8,502.4,96.72,196606676,48968,3981.0,2.0
1790696070.691,7.00,15314.2,14816.6,497.6,96.75,15963184,2144797,411.7,22.0
1790696071.692,14.20,15314.2,14811.2,503.1,96.71,178081147,622232,3769.8,143.9
1790696072.693,18.11,15314.2,14833.1,481.1,96.86,88040001,0,2877.6,0.0
1790696073.694,24.71,15314.2,14876.1,438.2,97.14,193595414,50768800,7252.7,872.6
1790696074.696,24.36,15314.2,10216.8,5097.4,66.71,167988684,49041,3561.9,2.0
