timestamp,cpu_util_pct,mem_total_mb,mem_used_mb,mem_avail_mb,mem_used_pct,disk_read_bytes_sec,disk_write_bytes_sec,disk_read_iops,disk_write_iops
1788182362.713,10.78,15314.3,7111.0,8203.3,46.43,0,0,0.0,0.0
1788182363.713,16.56,15314.3,7109.3,8204.9,46.42,0,23634059,0.0,223.8
1788182364.714,18.34,15314.3,7111.0,8203.3,46.43,0,0,0.0,0.0
1788182365.714,24.47,15314.3,7203.4,8110.9,47.04,0,0,0.0,0.0
1788182366.715,28.34,15314.3,7261.0,8053.2,47.41,0,1072558,0.0,10.0
1788182367.716,33.70,15314.3,7354.3,7960.0,48.02,0,69890330,0.0,533.7
1788182368.716,25.21,15314.3,7425.5,7888.7,48.49,0,0,0.0,0.0
1788182369.717,31.01,15314.3,7457.9,7856.4,48.70,0,401218,0.0,6.0
1788182370.717,32.50,15314.3,7519.2,7795.1,49.10,32747,195310770,8.0,1668.9
1788182371.718,31.38,15314.3,7606.9,7707.3,49.67,8188,155568,2.0,36.0
1788182372.719,30.59,15314.3,7657.7,7656.5,50.00,0,0,0.0,0.0
1788182373.719,10.58,15314.3,7652.4,7661.9,49.97,0,24563,0.0,6.0
1788182374.720,16.84,15314.3,7496.0,7818.3,48.95,139179,212862,10.0,4.0
1788182375.721,18.80,15314.3,7503.5,7810.7,49.00,40926,0,6.0,0.0
1788182376.721,27.87,15314.3,7562.7,7751.6,49.38,0,0,0.0,0.0
1788182377.722,27.40,15314.3,7641.8,7672.5,49.90,0,221005,0.0,10.0
1788182378.723,25.53,15314.3,7683.2,7631.0,50.17,0,188192,0.0,24.0
1788182379.724,22.66,15314.3,7725.6,7588.7,50.45,0,0,0.0,0.0
1788182380.724,25.81,15314.3,7790.7,7523.6,50.87,0,2562875,0.0,32.0
1788182381.725,30.00,15314.3,7880.5,7433.8,51.46,0,71695273,0.0,551.7
1788182382.725,29.51,15314.3,7915.6,7398.7,51.69,0,69907603,0.0,533.7
1788182383.726,21.55,15314.3,8003.7,7310.6,52.26,65504,3651868,6.0,105.9
1788182384.726,19.28,15314.3,8140.4,7173.8,53.16,0,0,0.0,0.0
1788182385.727,17.19,15314.3,8186.9,7127.3,53.46,0,210857020,0.0,1611.1
1788182386.728,16.01,15314.3,8266.6,7047.6,53.98,0,597585,0.0,32.0
1788182387.728,9.87,15314.3,8361.8,6952.5,54.60,0,0,0.0,0.0
1788182388.729,15.84,15314.3,8443.6,6870.6,55.14,0,70962947,0.0,701.6
1788182389.730,40.04,15314.3,8548.2,6766.0,55.82,0,0,0.0,0.0
1788182390.731,89.24,15314.3,9742.9,5571.3,63.62,0,0,0.0,0.0
1788182391.732,76.13,15314.3,10142.1,5172.2,66.23,0,245539,0.0,4.0
1788182392.733,20.48,15314.3,10152.8,5161.5,66.30,0,0,0.0,0.0
1788182393.734,27.20,15314.3,10210.8,5103.5,66.67,0,20318650,0.0,163.9
1788182394.734,33.05,15314.3,10259.4,5054.9,66.99,0,226311644,0.0,1780.8
1788182395.735,44.82,15314.3,10448.3,4866.0,68.23,0,0,0.0,0.0
1788182396.736,10.08,15314.3,10392.5,4921.7,67.86,0,0,0.0,0.0
1788182397.736,1.38,15314.3,10390.7,4923.6,67.85,0,155564,0.0,4.0
1788182398.737,7.46,15314.3,10391.5,4922.7,67.86,0,0,0.0,0.0
1788182399.737,15.76,15314.3,10393.7,4920.6,67.87,40936,0,6.0,0.0
1788182400.738,2.01,15314.3,10344.7,4969.6,67.55,0,83413460,0.0,657.6
1788182401.738,16.93,15314.3,10355.1,4959.2,67.62,8187,141904981,2.0,1089.4
1788182402.739,23.94,15314.3,10499.7,4814.6,68.56,0,0,0.0,0.0
1788182403.740,32.32,15314.3,10807.7,4506.6,70.57,0,69959891,0.0,535.7
1788182404.740,12.68,15314.3,11038.1,4276.2,72.08,0,140993845,0.0,1081.3
1788182405.741,11.13,15314.3,11118.8,4195.5,72.60,0,1399957,0.0,34.0
1788182406.742,15.21,15314.3,11253.6,4060.7,73.48,0,69960113,0.0,535.6
1788182407.742,9.23,15314.3,11340.7,3973.6,74.05,0,0,0.0,0.0
1788182408.743,35.22,15314.3,11365.4,3948.9,74.21,253756,335613,18.0,12.0
1788182409.745,93.62,15314.3,11364.5,3949.8,74.21,0,0,0.0,0.0
1788182410.745,39.95,15314.3,11419.5,3894.7,74.57,0,0,0.0,0.0
1788182411.746,41.64,15314.3,11372.5,3941.7,74.26,0,218204789,0.0,1723.0
1788182412.747,42.88,15314.3,11433.6,3880.7,74.66,0,0,0.0,0.0
1788182413.748,52.24,15314.3,11470.8,3843.5,74.90,16371,3699735,4.0,61.9
1788182414.749,39.29,15314.3,11560.6,3753.7,75.49,621977,0,22.0,0.0
1788182415.750,39.71,15314.3,11574.4,3739.9,75.58,32738,0,8.0,0.0
1788182416.751,56.85,15314.3,11126.0,4188.2,72.65,319166,91510698,40.0,721.3
1788182417.751,26.34,15314.3,11028.0,4286.2,72.01,32741,0,8.0,0.0
1788182418.752,22.05,15314.3,11026.1,4288.1,72.00,0,106429,0.0,4.0
1788182419.753,24.09,15314.3,11035.7,4278.6,72.06,0,16375,0.0,2.0
1788182420.753,27.34,15314.3,11029.8,4284.5,72.02,0,0,0.0,0.0
1788182421.754,22.17,15314.3,11023.1,4291.1,71.98,0,458423,0.0,48.0
1788182422.755,41.31,15314.3,10981.9,4332.3,71.71,0,210934170,0.0,1616.5
1788182423.756,20.60,15314.3,10984.1,4330.2,71.72,0,0,0.0,0.0
1788182424.757,20.41,15314.3,10977.7,4336.5,71.68,32744,1023252,8.0,123.9
1788182425.758,21.52,15314.3,10985.2,4329.1,71.73,0,2111145,0.0,34.0
1788182426.758,23.96,15314.3,10989.2,4325.1,71.76,0,197639031,0.0,1545.3
1788182427.759,34.50,15314.3,11002.5,4311.7,71.85,0,140436225,0.0,1093.4
1788182428.760,28.52,15314.3,10892.3,4422.0,71.12,65488,212836,12.0,20.0
1788182429.760,17.25,15314.3,10915.0,4399.2,71.27,1088753,892286,46.0,77.9
1788182430.761,19.40,15314.3,10916.6,4397.6,71.28,204673,0,26.0,0.0
1788182431.762,13.85,15314.3,10909.3,4405.0,71.24,49115,0,12.0,0.0
1788182432.763,12.51,15314.3,10903.3,4411.0,71.20,1939780,572931,367.7,52.0
1788182433.763,21.18,15314.3,10900.8,4413.5,71.18,16370,180066,2.0,20.0
1788182434.764,30.53,15314.3,10950.7,4363.6,71.51,0,482936,0.0,32.0
1788182435.765,37.51,15314.3,11038.8,4275.5,72.08,0,0,0.0,0.0
1788182436.766,28.18,15314.3,11159.7,4154.6,72.87,0,103098887,0.0,835.4
1788182437.767,33.46,15314.3,11283.5,4030.7,73.68,351739,70241526,28.0,543.2
1788182438.773,31.14,15314.3,10920.9,4393.4,71.31,219872,366454,17.9,27.8
1788182439.775,46.97,15314.3,10984.9,4329.3,71.73,7487668,214354925,147.7,1714.3
1788182440.776,47.79,15314.3,11108.9,4205.3,72.54,85532591,1678233,4535.0,113.9
1788182441.777,36.72,15314.3,11227.9,4086.3,73.32,19569398,72114583,2439.8,629.4
1788182442.777,24.46,15314.3,11279.8,4034.4,73.66,663172,0,157.9,0.0
1788182443.780,98.12,15314.3,11285.3,4029.0,73.69,171653,0,27.9,0.0
1788182444.782,83.13,15314.3,11294.6,4019.7,73.75,0,3554511,0.0,67.8
1788182445.783,36.69,15314.3,11311.6,4002.7,73.86,220952,409171,44.0,40.0
1788182446.784,41.84,15314.3,11205.9,4108.4,73.17,270044,180029,28.0,20.0
1788182447.785,40.31,15314.3,11304.9,4009.3,73.82,24558,218045426,2.0,1746.7
1788182448.786,43.31,15314.3,11365.0,3949.3,74.21,0,712327,0.0,8.0
1788182449.786,49.25,15314.3,11456.5,3857.8,74.81,90061,24562,16.0,6.0
1788182450.787,44.23,15314.3,11477.2,3837.0,74.94,646627,0,20.0,0.0
1788182451.789,43.43,15314.3,11373.5,3940.8,74.27,139046,0,10.0,0.0
1788182452.789,26.04,15314.3,11373.7,3940.5,74.27,0,91758388,0.0,723.5
1788182453.790,27.17,15314.3,11373.1,3941.1,74.26,0,261955,0.0,8.0
1788182454.791,23.47,15314.3,11369.6,3944.7,74.24,0,2079106,0.0,253.8
1788182455.791,22.96,15314.3,11374.2,3940.1,74.27,0,483030,0.0,42.0
1788182456.792,29.61,15314.3,11360.4,3953.8,74.18,0,141381220,0.0,1101.4
1788182457.793,29.37,15314.3,11384.1,3930.2,74.34,0,433926,0.0,24.0
1788182458.793,27.20,15314.3,11400.5,3913.7,74.44,114619,70048566,12.0,535.7
1788182459.794,28.94,15314.3,11394.4,3919.8,74.40,0,540114,0.0,34.0
1788182460.795,30.39,15314.3,11389.7,3924.6,74.37,0,2299176,0.0,75.9
1788182461.796,33.03,15314.3,11372.0,3942.2,74.26,49122,219592842,12.0,1932.8
1788182462.806,28.14,15314.3,11386.3,3928.0,74.35,113579,0,9.9,0.0
1788182463.806,31.92,15314.3,11328.5,3985.8,73.97,8186,0,2.0,0.0
1788182464.807,15.39,15314.3,11355.0,3959.3,74.15,155529,0,4.0,0.0
1788182465.808,12.32,15314.3,11376.5,3937.8,74.29,0,0,0.0,0.0
1788182466.808,1.95,15314.3,11349.9,3964.3,74.11,0,917014,0.0,28.0
1788182467.809,4.35,15314.3,11350.1,3964.2,74.11,0,118444419,0.0,933.5
1788182468.809,22.82,15314.3,11418.6,3895.7,74.56,32749,0,6.0,0.0
1788182469.810,25.24,15314.3,11502.9,3811.4,75.11,8187,141199783,2.0,1081.4
1788182470.811,21.65,15314.3,11639.8,3674.4,76.01,0,515814,0.0,28.0
1788182471.811,18.33,15314.3,11720.8,3593.5,76.54,0,211312460,0.0,1617.1
1788182472.812,9.11,15314.3,11794.9,3519.4,77.02,0,0,0.0,0.0
1788182473.812,15.84,15314.3,11832.4,3481.9,77.26,0,71054136,0.0,545.7
1788182474.813,13.29,15314.3,11890.8,3423.5,77.65,343822,0,20.0,0.0
1788182475.814,14.12,15314.3,11497.0,3817.3,75.07,65495,0,2.0,0.0
1788182476.815,73.60,15314.3,11512.9,3801.3,75.18,0,0,0.0,0.0
1788182477.817,60.40,15314.3,11479.9,3834.3,74.96,163590,400796,8.0,6.0
1788182478.818,24.76,15314.3,11412.6,3901.7,74.52,0,367461950,0.0,2863.2
1788182479.818,31.33,15314.3,11478.0,3836.2,74.95,491215,0,20.0,0.0
1788182480.819,23.80,15314.3,11342.2,3972.1,74.06,0,70112474,0.0,535.7
1788182481.819,7.02,15314.3,11341.9,3972.4,74.06,171934,556738,12.0,30.0
1788182482.820,8.64,15314.3,11347.3,3967.0,74.10,0,0,0.0,0.0
1788182483.821,2.33,15314.3,11345.2,3969.1,74.08,90054,83406683,8.0,661.6
1788182484.821,4.61,15314.3,11332.8,3981.4,74.00,0,0,0.0,0.0
1788182485.822,25.76,15314.3,11357.1,3957.2,74.16,343831,175845094,10.0,1379.1
1788182486.822,23.35,15314.3,11479.4,3834.9,74.96,0,9210580,0.0,91.9
1788182487.823,25.67,15314.3,11630.9,3683.3,75.95,0,70130237,0.0,535.7
1788182488.823,9.15,15314.3,11722.3,3591.9,76.55,65500,245626,2.0,2.0
1788182489.824,15.62,15314.3,11664.5,3649.8,76.17,0,0,0.0,0.0
1788182490.824,18.99,15314.3,11713.3,3600.9,76.49,0,37433484,0.0,339.8
1788182491.825,8.98,15314.3,11788.4,3525.9,76.98,0,0,0.0,0.0
1788182492.826,25.27,15314.3,11898.0,3416.2,77.69,0,216579240,0.0,1688.1
1788182493.828,96.74,15314.3,11901.4,3412.8,77.71,335132,825568,22.0,33.9
1788182494.831,48.68,15314.3,11873.9,3440.3,77.54,645693,310586,10.0,8.0
1788182495.831,21.76,15314.3,11854.9,3459.4,77.41,0,564829,0.0,67.9
1788182496.832,30.09,15314.3,11922.6,3391.7,77.85,24561,0,6.0,0.0
1788182497.833,32.13,15314.3,11804.2,3510.1,77.08,90004,140667699,8.0,1096.7
1788182498.834,6.79,15314.3,11821.2,3493.1,77.19,16374,311866095,2.0,2670.4
1788182499.834,6.16,15314.3,11836.9,3477.3,77.29,8188,16376,2.0,2.0
1788182500.835,4.52,15314.3,11830.0,3484.3,77.25,0,0,0.0,0.0
1788182501.836,7.01,15314.3,11821.0,3493.3,77.19,65498,0,2.0,0.0
1788182502.836,11.60,15314.3,11851.6,3462.7,77.39,8188,360285,2.0,8.0
1788182503.837,24.37,15314.3,11983.7,3330.6,78.25,0,24562,0.0,6.0
1788182504.837,23.41,15314.3,11653.1,3661.2,76.09,0,24558,0.0,4.0
1788182505.838,11.39,15314.3,11738.0,3576.2,76.65,0,0,0.0,0.0
1788182506.838,12.63,15314.3,11810.1,3504.1,77.12,0,0,0.0,0.0
1788182507.839,20.65,15314.3,11866.2,3448.0,77.48,3414158,70829443,78.0,595.7
1788182508.840,17.15,15314.3,12050.9,3263.4,78.69,1375246,1776360,64.0,46.0
1788182509.841,34.34,15314.3,12057.7,3256.6,78.73,98155,212432969,16.0,1625.5
1788182510.842,96.62,15314.3,12070.3,3244.0,78.82,24548,0,6.0,0.0
1788182511.845,38.41,15314.3,11939.3,3375.0,77.96,0,70022473,0.0,534.5
1788182512.846,27.13,15314.3,11893.7,3420.6,77.66,24561,245612,6.0,2.0
1788182513.846,23.50,15314.3,11935.7,3378.6,77.94,73678,0,4.0,0.0
1788182514.847,28.83,15314.3,11998.1,3316.2,78.35,0,234649116,0.0,1858.8
1788182515.848,29.61,15314.3,11555.6,3758.6,75.46,16375,335682,4.0,6.0
1788182516.848,11.69,15314.3,11442.4,3871.8,74.72,8188,221071,2.0,30.0
1788182517.849,9.17,15314.3,11441.9,3872.3,74.71,0,1850286,0.0,18.0
1788182518.849,9.02,15314.3,11404.1,3910.2,74.47,0,417554,0.0,6.0
1788182519.850,14.48,15314.3,11401.6,3912.6,74.45,507632,75145918,111.9,591.7
1788182520.850,8.42,15314.3,11369.7,3944.6,74.24,0,867861,0.0,14.0
1788182521.851,20.81,15314.3,11393.8,3920.5,74.40,49123,141466091,12.0,1081.4
1788182522.852,9.92,15314.3,11404.9,3909.3,74.47,0,785972,0.0,18.0
1788182523.852,16.15,15314.3,11428.9,3885.4,74.63,261996,73915751,64.0,595.7
1788182524.853,16.77,15314.3,11400.2,3914.0,74.44,0,235279551,0.0,1852.9
1788182525.853,11.14,15314.3,11402.5,3911.7,74.46,0,0,0.0,0.0
1788182526.854,16.23,15314.3,11331.5,3982.8,73.99,49124,0,4.0,0.0
1788182527.855,7.64,15314.3,11325.7,3988.5,73.96,0,335602,0.0,20.0
1788182528.855,2.13,15314.3,11325.6,3988.7,73.95,8187,1105247,2.0,18.0
1788182529.856,2.39,15314.3,11316.2,3998.1,73.89,0,66057856,0.0,541.7
1788182530.856,2.89,15314.3,11312.1,4002.1,73.87,0,237428,0.0,4.0
1788182531.857,19.20,15314.3,11372.9,3941.4,74.26,0,141819288,0.0,1113.4
1788182532.858,20.89,15314.3,11461.5,3852.8,74.84,40938,0,4.0,0.0
1788182533.858,12.37,15314.3,11600.4,3713.8,75.75,0,16374,0.0,2.0
1788182534.859,13.32,15314.3,11460.5,3853.7,74.84,0,1776631,0.0,311.8
1788182535.859,16.64,15314.3,11261.3,4053.0,73.53,8186,70214036,2.0,537.6
1788182536.860,8.70,15314.3,11345.7,3968.6,74.09,0,368431,0.0,6.0
1788182537.861,8.55,15314.3,11435.0,3879.3,74.67,0,229261,0.0,24.0
1788182538.862,61.43,15314.3,11463.1,3851.2,74.85,0,4655916,0.0,55.9
1788182539.864,73.92,15314.3,11458.1,3856.2,74.82,2803947,572234,528.9,12.0
1788182540.865,22.90,15314.3,11362.6,3951.6,74.20,0,0,0.0,0.0
1788182541.865,25.19,15314.3,11449.1,3865.1,74.76,0,0,0.0,0.0
1788182542.866,31.63,15314.3,11554.6,3759.6,75.45,49126,0,10.0,0.0
1788182543.866,31.32,15314.3,11566.3,3747.9,75.53,0,0,0.0,0.0
1788182544.867,17.81,15314.3,11426.7,3887.6,74.61,0,139180,0.0,4.0
1788182545.868,12.03,15314.3,11443.1,3871.1,74.72,3995438,243631679,437.8,1922.9
1788182546.868,10.78,15314.3,11446.3,3868.0,74.74,597611,2095731,81.9,20.0
1788182547.869,12.03,15314.3,11446.6,3867.6,74.74,1113474,0,89.9,0.0
1788182548.869,10.79,15314.3,11445.2,3869.0,74.74,393000,0,24.0,0.0
1788182549.870,21.94,15314.3,11395.3,3918.9,74.41,11257883,141554573,553.7,1085.4
1788182550.871,27.86,15314.3,11592.3,3721.9,75.70,490350525,69363585,9727.4,589.6
1788182551.871,24.33,15314.3,11845.9,3468.3,77.35,368938812,70514964,4444.8,547.6
1788182552.872,21.42,15314.3,11956.6,3357.7,78.07,337757445,0,3419.9,0.0
1788182553.873,13.38,15314.3,11983.3,3330.9,78.25,78041982,2979576,765.4,34.0
1788182554.873,9.73,15314.3,11844.3,3470.0,77.34,311081,4346945,8.0,73.9
1788182555.874,7.81,15314.3,11869.6,3444.7,77.51,2489167,243258741,32.0,1901.1
1788182556.874,2.58,15314.3,11857.0,3457.3,77.42,4191954,261997,46.0,10.0
1788182557.875,2.32,15314.3,11852.3,3462.0,77.39,663160,0,14.0,0.0
1788182558.876,1.88,15314.3,11853.6,3460.7,77.40,0,0,0.0,0.0
1788182559.876,2.76,15314.3,11858.7,3455.6,77.44,2095699,663092,16.0,24.0
1788182560.877,22.81,15314.3,11903.3,3411.0,77.73,4199478,197932135,34.0,1526.9
1788182561.878,21.77,15314.3,12045.4,3268.8,78.66,3954229,70259203,32.0,537.7
1788182562.878,12.00,15314.3,12146.3,3168.0,79.31,523927,0,4.0,0.0
1788182563.879,12.65,15314.3,12265.4,3048.8,80.09,4280970,2414696,36.0,40.0
1788182564.880,9.58,15314.3,12290.8,3023.4,80.26,949652,302906,20.0,12.0
1788182565.881,14.32,15314.3,12419.4,2894.8,81.10,1072524,46642512,97.9,419.8
1788182566.881,25.99,15314.3,11974.1,3340.1,78.19,261988,45397667,2.0,405.8
1788182567.884,69.66,15314.3,11992.0,3322.3,78.31,522688,2882952,4.0,47.9
1788182568.885,68.59,15314.3,11989.3,3325.0,78.29,785534,0,6.0,0.0
1788182569.886,30.48,15314.3,11933.7,3380.5,77.93,523868,1399711,4.0,22.0
1788182570.887,23.65,15314.3,12001.6,3312.7,78.37,523934,1489937,4.0,245.8
1788182571.887,17.15,15314.3,11891.4,3422.8,77.65,270163,251808520,4.0,1986.7
1788182572.888,7.32,15314.3,11890.7,3423.6,77.64,523911,1121496,4.0,26.0
1788182573.889,9.60,15314.3,11954.8,3359.4,78.06,548548,401177,8.0,50.0
1788182574.889,5.53,15314.3,11946.7,3367.6,78.01,262001,26748641,2.0,245.9
1788182575.890,6.65,15314.3,11953.0,3361.2,78.05,524008,0,4.0,0.0
1788182576.890,18.07,15314.3,11925.3,3389.0,77.87,261990,200127585,2.0,1547.1
1788182577.891,24.25,15314.3,12059.2,3255.0,78.74,663174,70288302,6.0,539.7
1788182578.892,22.02,15314.3,12225.0,3089.3,79.83,523978,0,4.0,0.0
1788182579.892,9.68,15314.3,12317.5,2996.8,80.43,523895,0,4.0,0.0
1788182580.893,8.86,15314.3,12343.7,2970.5,80.60,523961,6377583,4.0,109.9
1788182581.893,9.68,15314.3,12341.3,2972.9,80.59,261993,8187,2.0,2.0
1788182582.894,9.63,15314.3,12464.1,2850.2,81.39,663080,70261932,6.0,537.6
1788182583.895,21.63,15314.3,12616.9,2697.3,82.39,663094,499367,6.0,36.0
1788182584.896,97.30,15314.3,12518.2,2796.0,81.74,785444,75108100,6.0,621.2
1788182585.899,44.67,15314.3,12578.6,2735.7,82.14,669983,7508713,12.0,385.0
1788182586.900,15.73,15314.3,12608.3,2705.9,82.33,1285199,259651069,40.0,2044.5
1788182587.900,19.84,15314.3,12515.6,2798.7,81.72,6410034,24560,91.9,6.0
1788182588.902,9.92,15314.3,12079.0,3235.3,78.87,5226938,842527,63.9,10.0
1788182589.902,2.20,15314.3,12067.0,3247.2,78.80,646812,0,16.0,0.0
1788182590.903,1.94,15314.3,12049.4,3264.9,78.68,1187193,0,10.0,0.0
1788182591.903,1.95,15314.3,12039.3,3275.0,78.61,785993,50639220,6.0,417.8
1788182592.904,6.73,15314.3,11981.3,3332.9,78.24,7548602,278365,58.0,22.0
1788182593.904,19.63,15314.3,12017.8,3296.5,78.47,3332348,143937768,26.0,1111.4
1788182594.905,25.70,15314.3,12104.0,3210.2,79.04,40494133,0,349.8,0.0
1788182595.906,14.19,15314.3,12248.6,3065.6,79.98,77717092,70300652,659.5,537.6
1788182596.906,9.02,15314.3,12323.1,2991.1,80.47,40708631,0,341.8,0.0
1788182597.907,9.02,15314.3,12399.0,2915.3,80.96,59097886,0,497.7,0.0
1788182598.907,8.57,15314.3,12459.2,2855.0,81.36,50206052,474878,425.8,6.0
1788182599.908,12.56,15314.3,12538.5,2775.8,81.87,49011721,1531105,403.8,149.9
1788182600.909,55.70,15314.3,12513.4,2800.9,81.71,11002189,150641580,83.9,1680.8
1788182601.911,89.35,15314.3,12541.9,2772.4,81.90,5754428,16348,43.9,2.0
1788182602.912,22.00,15314.3,12365.9,2948.3,80.75,3371500,355775129,40.0,3833.9
1788182603.913,24.84,15314.3,12439.1,2875.1,81.23,16955154,0,129.9,0.0
1788182604.913,26.79,15314.3,12540.9,2773.4,81.89,12706244,0,99.9,0.0
1788182605.914,39.50,15314.3,12119.2,3195.1,79.14,1833539,875842,14.0,48.0
1788182606.915,22.22,15314.3,11990.6,3323.7,78.30,433819,1023157,22.0,179.9
1788182607.915,10.80,15314.3,11990.6,3323.7,78.30,0,49884265,0.0,399.8
1788182608.916,8.12,15314.3,11984.9,3329.4,78.26,1833962,0,14.0,0.0
1788182609.917,8.67,15314.3,11986.1,3328.2,78.27,0,0,0.0,0.0
1788182610.917,11.34,15314.3,11979.4,3334.9,78.22,0,49123,0.0,4.0
1788182611.918,14.65,15314.3,12003.6,3310.7,78.38,8678403,141990137,68.0,1097.4
1788182612.918,9.99,15314.3,11995.6,3318.6,78.33,4453811,0,38.0,0.0
1788182613.919,10.91,15314.3,11996.8,3317.5,78.34,0,0,0.0,0.0
1788182614.920,11.53,15314.3,11994.4,3319.9,78.32,261924,72782079,2.0,565.5
1788182615.920,9.41,15314.3,12000.0,3314.2,78.36,0,4593766,0.0,72.0
1788182616.921,15.62,15314.3,11865.9,3448.3,77.48,3929837,0,30.0,0.0
1788182617.921,3.41,15314.3,11866.6,3447.7,77.49,5509980,137700387,46.0,1097.4
1788182618.922,2.15,15314.3,11867.8,3446.5,77.49,0,130740251,0.0,997.5
1788182619.922,8.78,15314.3,11862.6,3451.7,77.46,3299552,1760307,26.0,20.0
1788182620.923,2.21,15314.3,11850.7,3463.6,77.38,2415334,0,30.0,0.0
1788182621.923,5.21,15314.3,11864.1,3450.2,77.47,1113526,1088963,14.0,10.0
1788182622.924,23.05,15314.3,11940.9,3373.4,77.97,3225472,140717376,26.0,1077.3
1788182623.925,17.90,15314.3,12060.3,3253.9,78.75,0,31736980,0.0,255.8
1788182624.926,17.20,15314.3,12201.0,3113.3,79.67,4256350,212179054,40.0,1622.7
1788182625.926,13.10,15314.3,12020.6,3293.6,78.49,933428,417586,10.0,6.0
1788182626.927,11.62,15314.3,11880.9,3433.3,77.58,0,70397589,0.0,537.7
1788182627.927,14.38,15314.3,11953.1,3361.1,78.05,2095602,0,16.0,0.0
1788182628.928,8.86,15314.3,12031.2,3283.0,78.56,1833968,245621,14.0,16.0
1788182629.929,65.85,15314.3,12016.1,3298.2,78.46,3381081,0,26.0,0.0
1788182630.932,70.42,15314.3,12014.5,3299.8,78.45,23758078,0,185.3,0.0
1788182631.934,22.45,15314.3,11872.5,3441.8,77.53,11767177,14205715,95.9,1222.7
1788182632.934,30.58,15314.3,12009.5,3304.7,78.42,2848624,0,89.9,0.0
1788182633.935,34.97,15314.3,12017.1,3297.2,78.47,212856,268190301,30.0,2108.7
1788182634.935,24.87,15314.3,11963.8,3350.5,78.12,10463705,245627,97.9,10.0
1788182635.936,12.06,15314.3,11988.9,3325.3,78.29,523994,286559,4.0,6.0
1788182636.937,15.24,15314.3,11970.7,3343.6,78.17,1056160,142311438,10.0,1097.4
1788182637.937,8.93,15314.3,11966.5,3347.7,78.14,523947,8187,4.0,2.0
1788182638.938,14.35,15314.3,11962.7,3351.6,78.11,523895,41698781,4.0,333.7
1788182639.939,15.18,15314.3,11459.5,3854.8,74.83,1064280,70406213,12.0,537.7
1788182640.939,23.05,15314.3,11417.1,3897.2,74.55,794010,0,34.0,0.0
1788182641.940,22.64,15314.3,11490.9,3823.3,75.03,3872654,270185,80.0,4.0
1788182642.941,24.72,15314.3,11526.0,3788.2,75.26,39008950,908708,465.7,153.9
1788182643.941,46.83,15314.3,11454.6,3859.6,74.80,548595,0,34.0,0.0
1788182644.942,25.83,15314.3,11550.9,3763.4,75.43,1310008,0,10.0,0.0
1788182645.942,19.97,15314.3,11471.0,3843.3,74.90,573145,0,12.0,0.0
1788182646.943,20.98,15314.3,11557.6,3756.7,75.47,1072575,2939346,14.0,54.0
1788182647.943,35.26,15314.3,11586.2,3728.1,75.66,1113339,81863,48.0,4.0
1788182648.944,17.20,15314.3,11544.6,3769.6,75.38,384826,0,8.0,0.0
1788182649.944,21.26,15314.3,11540.9,3773.4,75.36,1350953,0,12.0,0.0
1788182650.945,17.62,15314.3,11491.2,3823.0,75.04,1162605,1449162,18.0,14.0
1788182651.946,31.05,15314.3,11542.2,3772.0,75.37,2889495,0,65.9,0.0
1788182652.947,18.77,15314.3,11595.4,3718.9,75.72,2586628,1964528,34.0,18.0
1788182653.948,45.37,15314.3,11625.5,3688.8,75.91,556476,180036,30.0,10.0
1788182654.951,77.53,15314.3,11499.0,3815.3,75.09,1020233,39911521,35.9,374.6
1788182655.952,1.88,15314.3,11491.3,3823.0,75.04,1047836,0,8.0,0.0
1788182656.953,1.82,15314.3,11483.6,3830.6,74.99,523953,0,4.0,0.0
1788182657.953,9.93,15314.3,11485.2,3829.1,75.00,1047982,0,8.0,0.0
1788182658.954,1.88,15314.3,11483.4,3830.9,74.98,523991,0,4.0,0.0
1788182659.954,5.35,15314.3,11479.3,3835.0,74.96,1047964,72415923,8.0,561.7
1788182660.955,18.18,15314.3,11561.4,3752.8,75.49,524006,70888207,4.0,561.7
1788182661.956,17.77,15314.3,11710.6,3603.7,76.47,1048010,0,8.0,0.0
1788182662.956,16.91,15314.3,11759.3,3555.0,76.79,548557,70436295,10.0,537.7
1788182663.957,10.40,15314.3,11841.7,3472.5,77.32,524010,0,4.0,0.0
1788182664.957,11.07,15314.3,11835.3,3478.9,77.28,1309903,499401,10.0,36.0
1788182665.958,9.17,15314.3,11928.8,3385.5,77.89,523973,0,4.0,0.0
1788182666.959,16.57,15314.3,11982.6,3331.6,78.25,1047776,16372,8.0,2.0
1788182667.961,95.63,15314.3,11986.7,3327.5,78.27,522946,0,4.0,0.0
1788182668.965,35.83,15314.3,11975.9,3338.4,78.20,1443718,897226,55.8,10.0
1788182669.967,17.56,15314.3,11862.6,3451.6,77.46,572676,0,14.0,0.0
1788182670.967,24.28,15314.3,11971.0,3343.2,78.17,524025,277061649,4.0,2178.9
1788182671.968,28.89,15314.3,12017.9,3296.3,78.48,1047987,278371,8.0,4.0
1788182672.969,32.44,15314.3,11918.8,3395.4,77.83,523959,785939,4.0,143.9
1788182673.969,27.90,15314.3,11581.3,3733.0,75.62,523911,13367924,4.0,119.9
1788182674.970,24.41,15314.3,11582.5,3731.7,75.63,540350,29408121,8.0,267.8
1788182675.971,17.42,15314.3,11581.9,3732.4,75.63,1047878,33482976,8.0,275.8
1788182676.971,18.60,15314.3,11537.5,3776.7,75.34,1309889,144914654,10.0,1143.3
1788182677.972,15.87,15314.3,11557.8,3756.4,75.47,532170,663165,6.0,26.0
1788182678.972,17.65,15314.3,11549.5,3764.8,75.42,523969,8187,4.0,2.0
1788182679.973,33.84,15314.3,11497.6,3816.6,75.08,540264,71232964,8.0,545.6
1788182680.974,33.59,15314.3,11551.8,3762.5,75.43,1047890,0,8.0,0.0
1788182681.974,32.70,15314.3,11623.9,3690.4,75.90,523942,0,4.0,0.0
1788182682.975,25.34,15314.3,11576.3,3737.9,75.59,1047912,0,8.0,0.0
1788182683.976,23.88,15314.3,11507.9,3806.3,75.15,785997,0,6.0,0.0
1788182684.976,21.73,15314.3,11558.0,3756.3,75.47,523937,286528,4.0,22.0
1788182685.977,25.73,15314.3,11522.8,3791.5,75.24,581199,300946322,8.0,2322.3
1788182686.978,18.00,15314.3,11452.5,3861.8,74.78,556698,0,6.0,0.0
1788182687.978,15.57,15314.3,11381.1,3933.2,74.32,523920,16373,4.0,2.0
1788182688.979,16.83,15314.3,11472.1,3842.2,74.91,523978,0,4.0,0.0
1788182689.980,31.90,15314.3,11597.5,3716.8,75.73,523965,73683,4.0,4.0
1788182690.980,19.43,15314.3,11623.3,3691.0,75.90,523827,0,4.0,0.0
1788182691.981,64.38,15314.3,11538.9,3775.4,75.35,532160,0,6.0,0.0
1788182692.982,5.46,15314.3,11540.5,3773.7,75.36,524006,1400079,4.0,24.0
1788182693.982,1.76,15314.3,11540.9,3773.4,75.36,523987,0,4.0,0.0
1788182694.983,6.81,15314.3,11544.5,3769.8,75.38,1309793,818621,10.0,40.0
1788182695.983,2.38,15314.3,11521.7,3792.6,75.24,532148,0,6.0,0.0
1788182696.984,2.38,15314.3,11528.0,3786.3,75.28,523985,0,4.0,0.0
1788182697.985,18.20,15314.3,11616.5,3697.8,75.85,523965,142027249,4.0,1085.3
1788182698.985,31.84,15314.3,11639.8,3674.5,76.01,523962,0,4.0,0.0
1788182699.986,13.60,15314.3,11765.9,3548.3,76.83,532158,581281,6.0,42.0
1788182700.986,13.21,15314.3,11823.5,3490.8,77.21,524019,70488678,4.0,539.7
1788182701.987,8.50,15314.3,11914.7,3399.5,77.80,1293668,0,28.0,0.0
1788182702.987,8.55,15314.3,11995.6,3318.7,78.33,524002,8188,4.0,2.0
1788182703.988,8.35,15314.3,12057.9,3256.4,78.74,523997,433935,4.0,22.0
1788182704.991,83.47,15314.3,12079.2,3235.0,78.88,751312,0,41.9,0.0
1788182705.993,67.75,15314.3,12076.0,3238.3,78.85,580720,239166613,10.0,1905.0
1788182706.994,19.40,15314.3,11942.5,3371.7,77.98,531867,40913,6.0,4.0
1788182707.994,25.44,15314.3,12037.8,3276.5,78.60,524027,293930232,4.0,2506.8
1788182708.995,26.01,15314.3,12125.9,3188.4,79.18,0,679518,0.0,22.0
1788182709.996,35.23,15314.3,12236.0,3078.2,79.90,1047935,0,8.0,0.0
1788182710.996,30.09,15314.3,11743.9,3570.3,76.69,523902,0,4.0,0.0
1788182711.997,18.17,15314.3,11752.0,3562.3,76.74,564867,270154,10.0,16.0
1788182712.998,22.31,15314.3,11753.2,3561.1,76.75,581252,0,10.0,0.0
1788182713.998,20.44,15314.3,11563.1,3751.2,75.51,523941,144460283,4.0,1223.2
1788182714.999,16.07,15314.3,11576.0,3738.2,75.59,523798,0,4.0,0.0
1788182716.000,15.93,15314.3,11576.5,3737.7,75.59,523981,859656,4.0,10.0
1788182717.001,25.17,15314.3,11548.0,3766.2,75.41,1064249,70518761,12.0,539.6
1788182718.001,29.73,15314.3,11617.5,3696.8,75.86,523983,0,4.0,0.0
1788182719.002,28.87,15314.3,11697.6,3616.7,76.38,523974,720465,4.0,54.0
1788182720.002,35.26,15314.3,11675.0,3639.3,76.24,785928,0,6.0,0.0
1788182721.003,25.56,15314.3,11699.9,3614.4,76.40,261968,0,2.0,0.0
1788182722.004,23.36,15314.3,11549.3,3765.0,75.42,1318136,0,12.0,0.0
1788182723.004,19.97,15314.3,11602.0,3712.2,75.76,524002,196501,4.0,24.0
1788182724.005,22.69,15314.3,11570.9,3743.4,75.56,1047660,276541197,8.0,2132.1
1788182725.006,19.81,15314.3,11589.7,3724.5,75.68,523871,1833550,4.0,14.0
1788182726.007,16.13,15314.3,11531.7,3782.6,75.30,523874,0,4.0,0.0
1788182727.007,26.04,15314.3,11584.9,3729.3,75.65,1047932,433909,8.0,6.0
1788182728.008,19.54,15314.3,11635.2,3679.1,75.98,523945,0,4.0,0.0
1788182729.009,56.52,15314.3,11641.7,3672.6,76.02,6635084,25010422,113.9,197.7
1788182730.011,23.17,15314.3,11507.3,3806.9,75.14,784820,0,6.0,0.0
1788182731.012,1.90,15314.3,11508.9,3805.4,75.15,802348,0,10.0,0.0
1788182732.013,2.84,15314.3,11518.4,3795.8,75.21,2021984,2971579,117.9,44.0
1788182733.013,2.08,15314.3,11518.8,3795.5,75.22,6288077,0,48.0,0.0
1788182734.014,3.16,15314.3,11516.9,3797.4,75.20,22917076,0,183.9,0.0
1788182735.014,17.92,15314.3,11565.8,3748.5,75.52,3299618,142464885,36.0,1111.4
1788182736.015,21.03,15314.3,11569.9,3744.3,75.55,523966,0,4.0,0.0
1788182737.015,16.48,15314.3,11727.1,3587.2,76.58,785965,72104138,6.0,561.7
1788182738.016,10.02,15314.3,11818.2,3496.0,77.17,302820,141048599,8.0,1079.0
1788182739.017,12.48,15314.3,11890.3,3424.0,77.64,30456653,33518693,343.8,367.8
1788182740.017,11.13,15314.3,11991.6,3322.7,78.30,4781497,73654702,40.0,575.7
1788182741.018,20.83,15314.3,12041.0,3273.2,78.63,22277053,302922,221.9,8.0
1788182742.019,31.88,15314.3,12085.5,3228.8,78.92,9966306,16365,77.9,2.0
1788182743.022,96.23,15314.3,12093.6,3220.6,78.97,784435,0,6.0,0.0
1788182744.023,27.89,15314.3,12087.6,3226.7,78.93,785611,2463218,6.0,307.7
1788182745.023,23.53,15314.3,12103.1,3211.1,79.03,1047971,268174039,8.0,2104.8
1788182746.024,30.73,15314.3,12108.8,3205.5,79.07,957946,114626,32.0,4.0
1788182747.025,27.44,15314.3,11623.3,3690.9,75.90,1047841,0,8.0,0.0
1788182748.025,10.58,15314.3,11596.9,3717.4,75.73,523869,0,4.0,0.0
1788182749.026,8.47,15314.3,11594.7,3719.5,75.71,785732,16369,6.0,2.0
1788182750.027,16.17,15314.3,11516.3,3797.9,75.20,6893590,183556151,72.0,1419.2
1788182751.028,16.99,15314.3,11498.1,3816.1,75.08,7605526,360219,60.0,6.0
1788182752.028,20.74,15314.3,11421.0,3893.2,74.58,5493449,70596140,42.0,541.7
1788182753.029,19.59,15314.3,11507.9,3806.3,75.15,4142730,0,34.0,0.0
1788182754.029,22.00,15314.3,11556.9,3757.3,75.47,6853206,0,66.0,0.0
1788182755.030,20.53,15314.3,11574.9,3739.3,75.58,1048006,0,8.0,0.0
1788182756.031,17.83,15314.3,11646.8,3667.4,76.05,4911473,0,42.0,0.0
1788182757.031,18.66,15314.3,11636.1,3678.1,75.98,21409472,302926,171.9,6.0
1788182758.032,21.20,15314.3,11693.9,3620.3,76.36,3929127,0,56.0,0.0
1788182759.033,22.36,15314.3,11648.7,3665.6,76.06,785795,24556,6.0,2.0
1788182760.034,18.19,15314.3,11597.4,3716.9,75.73,785649,114574,6.0,6.0
1788182761.035,18.28,15314.3,11666.9,3647.4,76.18,793802,0,8.0,0.0
1788182762.035,32.65,15314.3,11691.1,3623.2,76.34,859632,237422,68.0,20.0
1788182763.036,13.72,15314.3,11716.7,3597.5,76.51,785992,0,6.0,0.0
1788182764.036,57.58,15314.3,11659.2,3655.1,76.13,802364,3479640,10.0,30.0
1788182765.037,1.96,15314.3,11656.0,3658.2,76.11,1571974,0,12.0,0.0
1788182766.038,1.70,15314.3,11650.6,3663.7,76.08,0,0,0.0,0.0
1788182767.039,6.74,15314.3,11648.8,3665.4,76.07,785647,122757,6.0,4.0
1788182768.039,1.94,15314.3,11646.0,3668.3,76.05,785950,81870,6.0,16.0
1788182769.040,5.62,15314.3,11639.1,3675.2,76.00,15767232,4199683,129.9,54.0
1788182770.041,23.39,15314.3,11685.5,3628.8,76.30,1047543,146033974,8.0,1136.9
1788182771.041,24.21,15314.3,11910.7,3403.6,77.77,5248189,70617209,42.0,539.7
1788182772.042,14.46,15314.3,11954.5,3359.8,78.06,3053698,8187,24.0,2.0
1788182773.043,10.23,15314.3,11974.4,3339.8,78.19,4380072,0,76.0,0.0
1788182774.043,9.24,15314.3,12061.5,3252.7,78.76,11821832,442091,91.9,6.0
1788182775.044,10.11,15314.3,12179.6,3134.7,79.53,5796706,0,46.0,0.0
1788182776.044,13.53,15314.3,12159.9,3154.3,79.40,6975681,142338272,56.0,1089.4
1788182777.045,86.28,15314.3,12157.4,3156.9,79.39,2357943,0,18.0,0.0
1788182778.047,51.82,15314.3,12135.0,3179.3,79.24,0,70522261,0.0,542.7
1788182779.048,21.11,15314.3,12075.4,3238.9,78.85,7880235,0,211.8,0.0
1788182780.049,24.06,15314.3,12140.9,3173.4,79.28,7344114,687743,62.0,66.0
1788182781.050,30.61,15314.3,11743.7,3570.6,76.68,6656535,268152727,56.0,2104.9
1788182782.050,18.67,15314.3,11729.0,3585.2,76.59,7138789,0,68.0,0.0
1788182783.051,12.97,15314.3,11726.6,3587.6,76.57,5223649,0,46.0,0.0
1788182784.051,13.04,15314.3,11688.2,3626.1,76.32,4453783,1105259,34.0,10.0
1788182785.052,16.41,15314.3,11601.2,3713.0,75.75,785771,141528860,6.0,1085.1
1788182786.053,10.85,15314.3,11605.3,3708.9,75.78,4977662,112267570,38.0,875.5
1788182787.053,11.66,15314.3,11523.5,3790.8,75.25,4723914,0,38.0,0.0
1788182788.054,19.91,15314.3,11608.5,3705.8,75.80,12992257,0,103.9,0.0
1788182789.055,18.76,15314.3,11665.8,3648.5,76.18,6024850,0,46.0,0.0
1788182790.055,24.66,15314.3,11581.6,3732.7,75.63,15408725,311122,121.9,6.0
1788182791.056,19.63,15314.3,11659.6,3654.7,76.14,3504207,0,30.0,0.0
1788182792.057,16.50,15314.3,11658.0,3656.2,76.13,3773890,0,32.0,0.0
1788182793.057,24.95,15314.3,11706.3,3608.0,76.44,4576747,0,66.0,0.0
1788182794.058,20.97,15314.3,11691.6,3622.6,76.34,4322800,0,36.0,0.0
1788182795.058,21.82,15314.3,11769.3,3545.0,76.85,22826567,360247,243.9,18.0
1788182796.060,18.23,15314.3,11719.4,3594.9,76.53,17989606,0,153.7,0.0
1788182797.061,29.58,15314.3,11762.6,3551.7,76.81,55060325,0,587.5,0.0
1788182798.062,20.96,15314.3,11819.5,3494.8,77.18,2095757,368395,16.0,24.0
1788182799.062,57.23,15314.3,11827.0,3487.3,77.23,785951,0,6.0,0.0
1788182800.063,5.31,15314.3,11748.1,3566.2,76.71,9951291,3748101,75.9,61.9
1788182801.064,2.46,15314.3,11734.7,3579.6,76.63,8212515,3520819,64.0,40.0
1788182802.064,8.10,15314.3,11729.8,3584.4,76.59,15294047,0,133.9,0.0
1788182803.065,2.84,15314.3,11710.4,3603.9,76.47,11682912,3021019,105.9,36.0
1788182804.066,2.52,15314.3,11712.5,3601.7,76.48,4043987,98235,32.0,4.0
1788182805.066,23.47,15314.3,11706.6,3607.6,76.44,10274025,142592012,79.9,1107.3
1788182806.067,23.44,15314.3,11780.0,3534.3,76.92,8973954,70686263,70.0,539.7
1788182807.067,16.60,15314.3,11889.7,3424.6,77.64,17962216,0,141.9,0.0
1788182808.068,10.91,15314.3,11938.5,3375.8,77.96,10479881,0,80.0,0.0
1788182809.069,8.74,15314.3,12029.5,3284.8,78.55,9390768,0,84.0,0.0
1788182810.069,13.72,15314.3,12121.9,3192.4,79.15,12845246,1088858,109.9,139.9
1788182811.071,11.45,15314.3,12166.8,3147.5,79.45,48326428,212676,1268.1,16.0
1788182812.072,60.63,15314.3,12164.8,3149.5,79.43,9186044,621673,99.9,16.0
1788182813.073,89.41,15314.3,12263.1,3051.1,80.08,15199614,474732,201.8,14.0
1788182814.074,19.49,15314.3,12240.5,3073.8,79.93,3927859,327322,36.0,10.0
1788182815.075,22.87,15314.3,12204.6,3109.6,79.69,7115306,376644,66.0,22.0
1788182816.075,26.82,15314.3,12249.1,3065.2,79.98,16309524,0,189.9,0.0
1788182817.076,34.09,15314.3,12342.9,2971.4,80.60,16424142,259830577,169.9,2042.9
1788182818.076,33.46,15314.3,12010.6,3303.6,78.43,19404224,1833986,209.9,14.0
1788182819.077,23.26,15314.3,11987.8,3326.5,78.28,12098231,0,129.9,0.0
1788182820.078,28.78,15314.3,11968.9,3345.4,78.16,3143765,0,24.0,0.0
1788182821.078,20.81,15314.3,11870.2,3444.1,77.51,302935,72008535,8.0,553.7
1788182822.079,15.89,15314.3,11876.9,3437.4,77.55,4232592,121124170,44.0,953.4
1788182823.080,15.57,15314.3,11877.4,3436.8,77.56,2873245,0,34.0,0.0
1788182824.080,17.15,15314.3,11802.6,3511.7,77.07,1997577,0,22.0,0.0
1788182825.081,26.72,15314.3,11920.3,3393.9,77.84,262018,343898,2.0,32.0
1788182826.081,28.08,15314.3,11960.1,3354.2,78.10,261955,57303,2.0,12.0
1788182827.082,25.87,15314.3,11935.6,3378.7,77.94,3143726,70692902,24.0,539.7
1788182828.083,26.92,15314.3,12056.2,3258.1,78.73,2881158,409255,22.0,12.0
1788182829.084,23.30,15314.3,11969.0,3345.3,78.16,3135668,0,32.0,0.0
1788182830.084,22.77,15314.3,11903.3,3410.9,77.73,12192223,8188,127.9,2.0
1788182831.085,26.61,15314.3,11780.9,3533.4,76.93,2807727,2750426,26.0,40.0
1788182832.085,20.09,15314.3,11865.3,3448.9,77.48,3144079,301659629,24.0,2334.8
1788182833.086,14.08,15314.3,11750.3,3563.9,76.73,3413932,4355424,28.0,64.0
1788182834.086,21.90,15314.3,11836.1,3478.1,77.29,3594161,0,32.0,0.0
1788182835.087,30.45,15314.3,11929.6,3384.7,77.90,14396150,0,143.9,0.0
1788182836.088,30.41,15314.3,11944.2,3370.1,77.99,3716905,32748,34.0,2.0
1788182837.092,47.52,15314.3,11824.7,3489.6,77.21,1941938,0,21.9,0.0
1788182838.093,2.72,15314.3,11822.1,3492.2,77.20,10805364,1858195,119.9,28.0
1788182839.093,2.02,15314.3,11820.7,3493.5,77.19,2660777,0,26.0,0.0
1788182840.094,1.77,15314.3,11822.2,3492.1,77.20,524041,1834143,4.0,14.0
1788182841.094,2.21,15314.3,11822.8,3491.5,77.20,2947621,646839,28.0,135.9
1788182842.095,16.67,15314.3,11782.6,3531.7,76.94,6967913,142567927,66.0,1095.5
1788182843.095,19.33,15314.3,11913.8,3400.5,77.80,9087699,0,91.9,0.0
1788182844.096,18.98,15314.3,12082.6,3231.7,78.90,515779,71136598,6.0,545.7
1788182845.097,8.98,15314.3,12173.9,3140.4,79.49,8187,0,2.0,0.0
1788182846.097,8.79,15314.3,12260.5,3053.8,80.06,1571994,0,12.0,0.0
1788182847.098,9.29,15314.3,12335.1,2979.2,80.55,4715669,0,36.0,0.0
1788182848.098,15.31,15314.3,12398.7,2915.6,80.96,13099498,0,119.9,0.0
1788182849.099,21.42,15314.3,12468.2,2846.0,81.42,226440487,144187058,3333.9,1137.3
1788182850.100,96.05,15314.3,12420.9,2893.3,81.11,31514062,1121118,539.4,49.9
1788182851.103,69.50,15314.3,12426.4,2887.9,81.14,20872084,71479738,400.9,582.4
1788182852.104,26.64,15314.3,12409.4,2904.8,81.03,9372303,245563,95.9,14.0
1788182853.105,26.90,15314.3,12481.7,2832.5,81.50,7243972,260095424,83.9,2058.3
1788182854.105,29.79,15314.3,12534.8,2779.5,81.85,14348131,392875,151.9,22.0
1788182855.106,33.10,15314.3,12557.2,2757.1,82.00,6196971,425684,56.0,32.0
1788182856.107,28.86,15314.3,12030.6,3283.6,78.56,2414300,24552,24.0,4.0
1788182857.108,25.87,15314.3,11989.4,3324.9,78.29,8089027,286555,97.9,12.0
1788182858.109,17.36,15314.3,11990.6,3323.7,78.30,16428172,51429100,305.8,417.7
1788182859.109,26.81,15314.3,11977.5,3336.7,78.21,9914565,143020256,93.9,1107.3
1788182860.110,20.93,15314.3,12012.6,3301.6,78.44,15464445,286530,127.9,10.0
1788182861.110,19.97,15314.3,12024.2,3290.0,78.52,9128187,75661614,89.9,633.6
1788182862.111,19.91,15314.3,11958.2,3356.0,78.09,10495820,458476,91.9,12.0
1788182863.112,30.50,15314.3,12049.2,3265.0,78.68,10478977,875977,107.9,30.0
1788182864.112,25.63,15314.3,12100.5,3213.8,79.01,7032076,5558533,68.0,70.0
1788182865.113,31.95,15314.3,12008.4,3305.8,78.41,13288415,180126,135.9,12.0
1788182866.114,30.71,15314.3,12098.8,3215.4,79.00,3708514,286530,30.0,10.0
1788182867.114,25.45,15314.3,12006.2,3308.1,78.40,261930,0,2.0,0.0
1788182868.115,26.17,15314.3,12026.6,3287.7,78.53,335616,0,12.0,0.0
1788182869.116,24.18,15314.3,11929.4,3384.8,77.90,278370,259882811,4.0,2010.9
1788182870.116,20.65,15314.3,11974.8,3339.4,78.19,262007,0,2.0,0.0
1788182871.117,18.25,15314.3,11889.0,3425.3,77.63,2103819,1989214,18.0,18.0
1788182872.118,19.09,15314.3,11984.5,3329.7,78.26,6566361,188312,60.0,10.0
1788182873.118,29.11,15314.3,12061.7,3252.6,78.76,12133867,57312,131.9,2.0
1788182874.119,18.00,15314.3,12100.5,3213.8,79.01,18862130,40522892,201.8,315.7
1788182875.121,60.93,15314.3,12046.9,3267.3,78.66,6310343,0,59.9,0.0
1788182876.122,9.60,15314.3,12050.3,3263.9,78.69,10709289,0,97.9,0.0
1788182877.122,2.40,15314.3,12048.1,3266.1,78.67,3528766,1195359,50.0,237.9
1788182878.123,2.65,15314.3,12035.4,3278.8,78.59,2988443,0,32.0,0.0
1788182879.124,3.91,15314.3,12034.4,3279.9,78.58,15383687,6852659,135.9,101.9
1788182880.124,14.28,15314.3,11978.6,3335.7,78.22,10553721,142659451,117.9,1093.4
1788182881.125,18.19,15314.3,12083.7,3230.6,78.90,10937891,540345,101.9,26.0
1788182882.125,22.98,15314.3,12237.3,3077.0,79.91,6238478,70850122,52.0,547.7
1788182883.126,12.81,15314.3,12243.4,3070.9,79.95,3929789,8187,30.0,2.0
1788182884.127,8.79,15314.3,12316.5,2997.7,80.43,2357591,0,18.0,0.0
1788182885.127,8.97,15314.3,12403.8,2910.5,80.99,2636022,392947,26.0,20.0
1788182886.128,8.98,15314.3,12475.7,2838.6,81.46,1277307,0,16.0,0.0
1788182887.128,18.11,15314.3,12471.1,2843.2,81.43,1334557,142740306,16.0,1101.4
1788182888.129,79.62,15314.3,12488.9,2825.4,81.55,2619560,0,20.0,0.0
1788182889.132,71.85,15314.3,12548.9,2765.4,81.94,1911816,160445487,19.9,1537.9
1788182890.133,18.82,15314.3,12445.9,2868.4,81.27,2880691,0,22.0,0.0
1788182891.134,25.29,15314.3,12529.4,2784.9,81.82,1833425,0,14.0,0.0
1788182892.134,28.00,15314.3,12531.2,2783.1,81.83,13531910,417500,145.9,6.0
1788182893.135,22.85,15314.3,12028.8,3285.4,78.55,23634070,36191972,303.8,323.8
1788182894.136,11.03,15314.3,12024.2,3290.1,78.52,1506352,4559990,34.0,50.0
1788182895.136,21.86,15314.3,11917.7,3396.6,77.82,1833766,373326904,18.0,2910.0
1788182896.158,12.87,15314.3,11922.3,3392.0,77.85,9342719,0,105.7,0.0
1788182897.159,13.38,15314.3,11923.0,3391.3,77.86,1416354,0,16.0,0.0
1788182898.159,18.82,15314.3,11864.0,3450.3,77.47,3553264,70836043,42.0,541.7
1788182899.160,20.96,15314.3,11976.8,3337.4,78.21,2505487,573151,24.0,8.0
1788182900.160,15.94,15314.3,12041.1,3273.2,78.63,1834033,0,14.0,0.0
1788182901.161,21.29,15314.3,12004.5,3309.8,78.39,524022,0,4.0,0.0
1788182902.161,16.78,15314.3,11923.2,3391.1,77.86,2095979,0,16.0,0.0
1788182903.162,18.30,15314.3,12033.6,3280.7,78.58,3143956,212872,24.0,10.0
1788182904.162,24.23,15314.3,12082.2,3232.0,78.90,2357833,204673,18.0,10.0
1788182905.163,17.83,15314.3,11974.4,3339.8,78.19,1883086,0,16.0,0.0
1788182906.163,18.34,15314.3,11888.8,3425.5,77.63,14271109,294756,137.9,30.0
1788182907.164,18.87,15314.3,11972.7,3341.6,78.18,1891192,0,18.0,0.0
1788182908.165,32.70,15314.3,12036.2,3278.1,78.59,3889210,0,34.0,0.0
1788182909.165,18.57,15314.3,12085.2,3229.0,78.91,0,0,0.0,0.0
1788182910.166,64.77,15314.3,11977.4,3336.9,78.21,20100074,0,177.9,0.0
1788182911.166,3.15,15314.3,11943.7,3370.6,77.99,1833987,49125,14.0,4.0
1788182912.167,2.08,15314.3,11942.2,3372.0,77.98,1678348,0,16.0,0.0
1788182913.168,2.97,15314.3,11941.7,3372.6,77.98,10274515,0,89.9,0.0
1788182914.168,7.78,15314.3,11940.4,3373.8,77.97,3699614,0,34.0,0.0
1788182915.169,3.15,15314.3,11939.2,3375.0,77.96,1833931,0,14.0,0.0
1788182916.170,19.57,15314.3,12033.2,3281.1,78.57,1834005,143150668,14.0,1099.4
1788182917.170,19.92,15314.3,12163.5,3150.7,79.43,1571959,0,12.0,0.0
1788182918.171,11.69,15314.3,12267.4,3046.9,80.10,1833948,71221030,14.0,561.7
1788182919.171,13.33,15314.3,12362.2,2952.1,80.72,2095970,352057,16.0,6.0
1788182920.172,9.92,15314.3,12447.2,2867.0,81.28,1834008,2644574,14.0,42.0
1788182921.172,8.91,15314.3,12529.1,2785.2,81.81,2095958,0,16.0,0.0
1788182922.173,17.29,15314.3,12575.7,2738.6,82.12,3389672,0,28.0,0.0
1788182923.174,90.31,15314.3,12407.9,2906.3,81.02,360033,148849121,12.0,1184.6
1788182924.176,73.17,15314.3,12467.2,2847.1,81.41,0,0,0.0,0.0
1788182925.177,17.03,15314.3,12362.4,2951.8,80.73,261920,72134475,2.0,677.4
1788182926.178,23.23,15314.3,12461.4,2852.9,81.37,1834122,312988016,14.0,2466.8
1788182927.178,27.55,15314.3,11947.3,3367.0,78.01,2096007,0,16.0,0.0
1788182928.179,18.41,15314.3,11946.6,3367.7,78.01,2095717,0,16.0,0.0
1788182929.180,14.32,15314.3,11942.3,3371.9,77.98,3405895,352052,26.0,6.0
1788182930.180,11.76,15314.3,11943.2,3371.0,77.99,262000,0,2.0,0.0
1788182931.181,21.18,15314.3,11961.1,3353.2,78.10,261974,142873960,2.0,1093.3
1788182932.182,14.10,15314.3,11961.5,3352.8,78.11,3208363,0,26.0,0.0
1788182933.182,14.93,15314.3,11793.4,3520.8,77.01,3405634,70904322,26.0,541.6
1788182934.183,18.71,15314.3,11902.8,3411.4,77.72,1571870,0,12.0,0.0
1788182935.186,22.87,15314.3,11953.3,3361.0,78.05,8563819,375534,79.7,6.0
1788182936.187,21.44,15314.3,11865.1,3449.2,77.48,11347567,0,117.9,0.0
1788182937.188,23.22,15314.3,11992.0,3322.2,78.31,17808959,0,173.9,0.0
1788182938.188,15.22,15314.3,11964.7,3349.5,78.13,3143334,0,24.0,0.0
1788182939.189,21.26,15314.3,12041.8,3272.4,78.63,3667898,0,28.0,0.0
1788182940.190,17.96,15314.3,11975.9,3338.3,78.20,5386260,57301,42.0,4.0
1788182941.190,19.73,15314.3,12046.5,3267.7,78.66,2398785,0,22.0,0.0
1788182942.191,17.89,15314.3,11978.5,3335.8,78.22,1555690,0,18.0,0.0
1788182943.191,26.84,15314.3,12055.3,3259.0,78.72,1743882,0,18.0,0.0
1788182944.192,29.03,15314.3,12131.5,3182.8,79.22,11170293,0,111.9,0.0
1788182945.193,27.28,15314.3,12113.6,3200.6,79.10,3535549,73657,28.0,4.0
1788182946.195,46.78,15314.3,11988.8,3325.5,78.28,12300459,8178,105.8,2.0
1788182947.196,7.58,15314.3,11989.2,3325.1,78.29,11445400,188301,109.9,12.0
1788182948.196,6.33,15314.3,11997.5,3316.8,78.34,17961895,204671,201.9,12.0
1788182949.197,4.50,15314.3,11997.4,3316.9,78.34,17792193,442144,187.9,22.0
1788182950.197,4.81,15314.3,11996.4,3317.9,78.33,15359707,212874,153.9,12.0
1788182951.198,9.88,15314.3,12016.5,3297.8,78.47,15630311,3152263,143.9,56.0
1788182952.198,26.43,15314.3,12118.2,3196.0,79.13,17906542,262007,181.9,10.0
1788182953.199,26.14,15314.3,12265.8,3048.4,80.09,13919076,442135,171.9,22.0
1788182954.199,11.51,15314.3,12348.8,2965.4,80.64,20902176,188308,235.9,12.0
1788182955.200,9.99,15314.3,12435.9,2878.4,81.20,15114112,245625,131.9,10.0
1788182956.201,15.14,15314.3,12460.0,2854.2,81.36,24291712,143130337,377.8,1107.4
1788182957.201,10.87,15314.3,12568.4,2745.9,82.07,15717810,9897308,139.9,143.9
1788182958.203,18.61,15314.3,12618.2,2696.0,82.40,11986655,425175,113.8,22.0
1788182959.204,96.78,15314.3,12521.0,2793.3,81.76,19565866,71283252,207.8,563.4
1788182960.205,71.90,15314.3,12563.4,2750.8,82.04,22284268,638330,239.8,24.0
1788182961.206,18.19,15314.3,12227.9,3086.4,79.85,14536896,248829754,165.9,2507.9
1788182962.207,19.54,15314.3,12341.5,2972.8,80.59,2808528,0,26.0,0.0
1788182963.207,21.36,15314.3,12423.6,2890.7,81.12,8581492,0,80.0,0.0
1788182964.208,29.72,15314.3,12473.5,2840.8,81.45,13942559,0,149.9,0.0
1788182965.208,32.52,15314.3,11989.8,3324.5,78.29,15404809,0,167.9,0.0
1788182966.209,27.88,15314.3,11986.5,3327.8,78.27,19756425,0,217.8,0.0
1788182967.210,21.18,15314.3,11984.3,3330.0,78.26,8424597,57310,87.9,4.0
1788182968.211,30.06,15314.3,11995.0,3319.3,78.33,8619273,142836010,81.9,1093.1
1788182969.211,18.11,15314.3,11993.1,3321.1,78.31,5812772,433911,46.0,12.0
1788182970.212,24.37,15314.3,11954.4,3359.8,78.06,9603156,70889790,93.9,541.7
1788182971.213,21.44,15314.3,11817.6,3496.6,77.17,5239571,0,46.0,0.0
1788182972.213,27.00,15314.3,11890.1,3424.1,77.64,3143495,0,24.0,0.0
1788182973.214,31.04,15314.3,11941.1,3373.1,77.97,18093320,368416,221.9,10.0
1788182974.215,22.58,15314.3,11892.4,3421.8,77.66,1915622,0,18.0,0.0
1788182975.215,24.60,15314.3,12016.5,3297.7,78.47,2071526,0,22.0,0.0
1788182976.216,22.81,15314.3,11898.5,3415.7,77.70,523935,259839256,4.0,2048.6
1788182977.216,27.89,15314.3,11856.6,3457.7,77.42,262001,0,2.0,0.0
1788182978.217,18.86,15314.3,11784.5,3529.7,76.95,261996,221059,2.0,24.0
1788182979.218,17.97,15314.3,11849.8,3464.5,77.38,523941,0,4.0,0.0
1788182980.218,17.51,15314.3,11730.3,3583.9,76.60,262016,0,2.0,0.0
1788182981.219,19.18,15314.3,11830.3,3484.0,77.25,4191170,119653002,32.0,923.3
1788182982.219,26.38,15314.3,11909.6,3404.7,77.77,3889065,0,32.0,0.0
1788182983.220,24.80,15314.3,11888.8,3425.5,77.63,9006221,0,93.9,0.0
1788182984.221,53.47,15314.3,11927.6,3386.6,77.89,270068,0,4.0,0.0
1788182985.222,2.21,15314.3,11909.1,3405.2,77.76,327452,0,14.0,0.0
1788182986.223,2.02,15314.3,11890.3,3424.0,77.64,2880736,0,22.0,0.0
1788182987.223,2.21,15314.3,11879.5,3434.7,77.57,2619772,122802,26.0,4.0
1788182988.224,6.92,15314.3,11879.5,3434.7,77.57,0,0,0.0,0.0
1788182989.224,11.24,15314.3,11801.8,3512.5,77.06,8163029,175394600,72.0,2272.8
1788182990.225,18.63,15314.3,11938.4,3375.9,77.96,4945069,0,48.0,0.0
1788182991.226,21.91,15314.3,11980.3,3334.0,78.23,1325600,326866758,131.9,4920.4
1788182992.227,8.70,15314.3,12090.0,3224.2,78.95,450302,1146224,22.0,141.9
1788182993.227,16.57,15314.3,12229.9,3084.4,79.86,4249040,71153006,54.0,551.7
1788182994.228,14.14,15314.3,12315.5,2998.7,80.42,5616753,0,68.0,0.0
1788182995.228,9.55,15314.3,12392.3,2922.0,80.92,9890208,4871419,223.9,62.0
1788182996.229,10.34,15314.3,12465.6,2848.6,81.40,3642403,0,56.0,0.0
1788182997.231,96.24,15314.3,12452.6,2861.7,81.31,15522767,8174,159.7,2.0
1788182998.233,63.22,15314.3,12327.2,2987.1,80.49,6232791,293546440,125.8,6196.5
1788182999.234,27.67,15314.3,12208.4,3105.9,79.72,17666605,262789727,3174.4,8760.1
1788183000.235,22.16,15314.3,12275.2,3039.1,80.16,5444845,0,711.6,0.0
1788183001.235,23.25,15314.3,12138.3,3175.9,79.26,43508976,181648952,5905.7,2566.1
1788183002.236,8.11,15314.3,12100.2,3214.1,79.01,5763727,268275296,143.9,2108.7
1788183003.237,3.10,15314.3,12094.7,3219.6,78.98,17953229,0,235.8,0.0
1788183004.237,2.21,15314.3,12090.7,3223.5,78.95,2718384,393019,28.0,6.0
1788183005.238,8.92,15314.3,12111.4,3202.8,79.09,12756193,0,207.9,0.0
1788183006.238,2.34,15314.3,12103.6,3210.7,79.03,3479709,0,40.0,0.0
1788183007.239,20.20,15314.3,12192.7,3121.6,79.62,12837927,184446957,629.7,1427.2
1788183008.239,17.88,15314.3,12350.9,2963.4,80.65,16465589,0,2100.9,0.0
1788183009.240,15.51,15314.3,12372.0,2942.3,80.79,18936317,115689189,1173.3,2732.3
1788183010.240,14.22,15314.3,12478.6,2835.7,81.48,5395288,0,56.0,0.0
1788183011.241,13.86,15314.3,12538.2,2776.1,81.87,10120501,48580041,1131.5,3454.4
1788183012.241,9.80,15314.3,12595.2,2719.1,82.24,8825699,53674657,157.9,3292.0
1788183013.242,9.80,15314.3,12644.6,2669.7,82.57,532170,26190972,6.0,325.8
1788183014.243,62.51,15314.3,12641.6,2672.7,82.55,6221824,20441968,197.9,267.8
1788183015.244,87.80,15314.3,12342.9,2971.4,80.60,35102404,0,6516.3,0.0
1788183016.245,29.52,15314.3,12300.9,3013.4,80.32,1988963,0,199.8,0.0
1788183017.246,20.42,15314.3,12159.3,3155.0,79.40,368287,268161799,59.9,2110.0
1788183018.246,25.24,15314.3,12222.7,3091.6,79.81,2595349,0,539.7,0.0
1788183019.247,26.87,15314.3,12291.9,3022.4,80.26,40931,0,6.0,0.0
1788183020.248,22.89,15314.3,12304.3,3009.9,80.35,245588,49118,52.0,4.0
1788183021.250,15.75,15314.3,12219.8,3094.5,79.79,1004847,179729,81.8,10.0
1788183022.251,13.56,15314.3,12220.4,3093.8,79.80,8188,44820300,2.0,395.8
1788183023.252,10.82,15314.3,12212.7,3101.6,79.75,81867,0,12.0,0.0
1788183024.252,12.68,15314.3,11718.6,3595.7,76.52,24561,0,4.0,0.0
1788183025.253,8.33,15314.3,11717.4,3596.8,76.51,8188,2112377,2.0,34.0
1788183026.253,13.64,15314.3,11569.6,3744.6,75.55,73678,220781608,10.0,2094.6
1788183027.255,8.44,15314.3,11573.1,3741.2,75.57,1431551,40901,213.7,4.0
1788183028.256,12.39,15314.3,11577.9,3736.4,75.60,0,311063,0.0,67.9
1788183029.256,10.27,15314.3,11639.1,3675.2,76.00,0,0,0.0,0.0
1788183030.257,8.26,15314.3,11641.9,3672.4,76.02,40936,0,4.0,0.0
1788183031.257,11.43,15314.3,11544.9,3769.3,75.39,81869,152881727,16.0,1762.9
1788183032.258,1.26,15314.3,11538.3,3776.0,75.34,286546,16374,46.0,2.0
1788183033.259,5.67,15314.3,11534.9,3779.3,75.32,0,268279834,0.0,2076.8
1788183034.259,1.64,15314.3,11531.4,3782.9,75.30,24562,0,6.0,0.0
1788183035.260,1.51,15314.3,11517.6,3796.7,75.21,122813,507626,18.0,32.0
1788183036.260,4.81,15314.3,11511.9,3802.3,75.17,57312,212873,14.0,10.0
1788183037.261,16.84,15314.3,11649.7,3664.6,76.07,2726430,0,76.0,0.0
1788183038.261,18.64,15314.3,11754.3,3559.9,76.75,11003007,31437163,167.9,265.8
1788183039.262,14.33,15314.3,11816.3,3498.0,77.16,9481096,0,88.0,0.0
1788183040.263,9.60,15314.3,11892.6,3421.7,77.66,6410407,84047553,115.9,1373.2
1788183041.263,8.50,15314.3,11974.8,3339.5,78.19,9865035,0,969.4,0.0
1788183042.264,8.01,15314.3,12038.4,3275.8,78.61,3830790,0,60.0,0.0
1788183043.265,11.72,15314.3,11993.8,3320.4,78.32,3766213,109932495,56.0,2826.4
1788183044.266,91.66,15314.3,11993.6,3320.7,78.32,3198111,327173,293.5,6.0
1788183045.268,68.04,15314.3,12001.4,3312.8,78.37,294476,0,10.0,0.0
1788183046.268,26.69,15314.3,12069.8,3244.5,78.81,2185424,0,38.0,0.0
1788183047.269,22.40,15314.3,12041.3,3273.0,78.63,2930866,0,83.9,0.0
1788183048.270,24.24,15314.3,12059.9,3254.4,78.75,1981318,276590421,91.9,2176.7
1788183049.270,29.41,15314.3,12150.8,3163.4,79.34,1965017,65501,42.0,4.0
1788183050.271,23.38,15314.3,12063.1,3251.2,78.77,2489014,49133472,74.0,931.5
1788183051.271,12.19,15314.3,12066.0,3248.2,78.79,2177965,0,98.0,0.0
1788183052.272,13.46,15314.3,12062.5,3251.8,78.77,2676896,0,32.0,0.0
1788183053.273,8.71,15314.3,12060.8,3253.5,78.76,1915724,36587054,18.0,333.8
1788183054.273,8.73,15314.3,12061.2,3253.1,78.76,2595420,65500,213.9,4.0
1788183055.274,20.62,15314.3,11984.6,3329.7,78.26,4937116,215685639,351.8,2330.7
1788183056.274,10.75,15314.3,11478.4,3835.8,74.95,7049094,9259611,64.0,80.0
1788183057.275,16.28,15314.3,11473.5,3840.7,74.92,2628237,104777417,40.0,901.5
1788183058.275,11.02,15314.3,11489.4,3824.9,75.02,5460921,0,209.9,0.0
1788183059.276,12.19,15314.3,11509.0,3805.3,75.15,4134902,209610852,48.0,1749.1
1788183060.277,12.08,15314.3,11508.1,3806.2,75.15,2382393,0,76.0,0.0
1788183061.277,6.54,15314.3,11403.2,3911.0,74.46,3234198,0,147.9,0.0
1788183062.278,5.19,15314.3,11407.8,3906.5,74.49,483020,261977,46.0,4.0
1788183063.278,5.63,15314.3,11409.1,3905.1,74.50,1072472,0,72.0,0.0
1788183064.279,2.52,15314.3,11407.3,3906.9,74.49,1129932,573154,16.0,109.9
1788183065.279,5.69,15314.3,11403.8,3910.5,74.47,4372168,0,54.0,0.0
1788183066.280,12.83,15314.3,11477.5,3836.8,74.95,73691,0,18.0,0.0
1788183067.280,17.31,15314.3,11644.4,3669.9,76.04,114625,0,18.0,0.0
1788183068.281,17.39,15314.3,11783.9,3530.4,76.95,16371,2463771,4.0,40.0
1788183069.282,8.42,15314.3,11856.3,3458.0,77.42,139187,0,34.0,0.0
1788183070.282,8.12,15314.3,11937.5,3376.7,77.95,24562,0,6.0,0.0
1788183071.283,15.90,15314.3,11537.9,3776.3,75.34,72573918,156225511,2110.8,1561.1
1788183072.283,9.31,15314.3,11641.8,3672.4,76.02,28573383,0,5524.8,0.0
1788183073.286,54.28,15314.3,11669.5,3644.8,76.20,47713893,196084,9658.2,6.0
1788183074.288,88.46,15314.3,11673.0,3641.2,76.22,16356,104482756,4.0,846.6
1788183075.289,29.54,15314.3,11670.2,3644.0,76.20,29061954,71010331,5525.2,543.3
1788183076.290,19.21,15314.3,11634.8,3679.5,75.97,5820904,0,1115.3,0.0
1788183077.290,35.17,15314.3,11700.3,3614.0,76.40,132073871,319276,23862.2,6.0
1788183078.291,14.24,15314.3,11590.5,3723.7,75.68,982233,0,215.8,0.0
1788183079.292,4.36,15314.3,11683.7,3630.6,76.29,2104227,0,153.9,0.0
1788183080.292,4.67,15314.3,11679.9,3634.4,76.27,294747,0,26.0,0.0
1788183081.293,8.75,15314.3,11656.5,3657.7,76.12,1170592,0,30.0,0.0
1788183082.294,4.58,15314.3,11654.6,3659.7,76.10,270135,65487,54.0,4.0
1788183083.294,19.52,15314.3,11689.7,3624.6,76.33,65500,143224390,6.0,1097.4
1788183084.295,31.24,15314.3,11916.2,3398.0,77.81,15734929,75277143,465.7,643.6
1788183085.296,21.01,15314.3,12031.7,3282.5,78.57,70710808,303122343,693.6,2510.5
1788183086.296,14.90,15314.3,12051.3,3262.9,78.69,0,4110074,0.0,183.9
1788183087.297,19.91,15314.3,12175.8,3138.4,79.51,3782522,1007035,125.9,26.0
1788183088.298,30.75,15314.3,12373.1,2941.2,80.79,53940115,33485434,1029.1,1638.6
1788183089.301,16.32,15314.3,12425.6,2888.6,81.14,2718062,112158823,396.6,1785.5
1788183090.304,12.52,15314.3,12539.4,2774.8,81.88,2631718,71350623,109.7,546.7
1788183091.308,97.38,15314.3,12021.0,3293.3,78.50,65272,0,12.0,0.0
1788183092.310,51.42,15314.3,11990.6,3323.6,78.30,114376,84867283,27.9,1003.3
1788183093.311,32.57,15314.3,12066.4,3247.9,78.79,50918262,0,771.1,0.0
1788183094.312,26.52,15314.3,12084.3,3229.9,78.91,122808,1416382,22.0,28.0
1788183095.313,29.66,15314.3,12130.9,3183.4,79.21,12952222,285284550,211.9,2250.7
1788183096.313,11.33,15314.3,12023.2,3291.1,78.51,24561,0,4.0,0.0
1788183097.314,19.39,15314.3,12146.5,3167.8,79.32,2119971,1039522,189.8,99.9
1788183098.315,24.18,15314.3,12171.5,3142.7,79.48,1129904,13043021,117.9,707.6
1788183099.315,30.42,15314.3,12202.1,3112.2,79.68,3617842,1637032,107.9,329.7
1788183100.316,17.50,15314.3,12182.6,3131.6,79.55,605847,24438571,52.0,197.9
1788183101.317,37.27,15314.3,12188.6,3125.7,79.59,114617,228522400,2.0,2052.7
1788183102.317,30.63,15314.3,12252.1,3062.1,80.00,16374,0,4.0,0.0
1788183103.318,29.08,15314.3,12452.1,2862.2,81.31,687597,3675371,67.9,131.9
1788183104.319,22.46,15314.3,12493.4,2820.8,81.58,548485,11919317,83.9,751.5
1788183105.319,16.96,15314.3,12558.5,2755.7,82.01,28700268,24247061,5631.9,1293.1
1788183106.320,20.11,15314.3,12555.0,2759.3,81.98,491231,114170342,85.9,3977.7
1788183107.321,16.50,15314.3,12643.6,2670.7,82.56,65499,8097255,16.0,869.5
1788183108.321,18.85,15314.3,12719.3,2595.0,83.06,24563,102508215,6.0,3324.2
1788183109.322,68.70,15314.3,12776.8,2537.5,83.43,8185,36112143,2.0,1596.6
1788183110.324,96.01,15314.3,12403.9,2910.4,81.00,89973,842470,14.0,10.0
1788183111.328,46.24,15314.3,12375.0,2939.2,80.81,97871,0,4.0,0.0
1788183112.329,40.34,15314.3,12248.7,3065.6,79.98,171869,0,12.0,0.0
1788183113.330,32.77,15314.3,12341.8,2972.4,80.59,0,0,0.0,0.0
1788183114.330,29.31,15314.3,12344.2,2970.1,80.61,32740,6785394,8.0,99.9
1788183115.331,36.31,15314.3,12355.1,2959.2,80.68,57302,0,14.0,0.0
1788183116.332,31.25,15314.3,12366.6,2947.7,80.75,24561,310184532,2.0,2450.5
1788183117.332,26.93,15314.3,12335.7,2978.6,80.55,8187,8187,2.0,2.0
1788183118.333,22.38,15314.3,12221.3,3093.0,79.80,24558,0,4.0,0.0
1788183119.334,17.48,15314.3,12218.8,3095.4,79.79,40939,401203,4.0,8.0
1788183120.334,22.22,15314.3,11713.0,3601.3,76.48,32747,0,8.0,0.0
1788183121.335,17.09,15314.3,11693.6,3620.7,76.36,40929,1538920,8.0,48.0
1788183122.336,22.95,15314.3,11668.5,3645.7,76.19,32749,154550623,2.0,1341.2
1788183123.336,25.29,15314.3,11710.1,3604.1,76.47,106411,8185,12.0,2.0
1788183124.337,18.43,15314.3,11714.9,3599.3,76.50,24557,71141090,6.0,551.6
1788183125.338,19.26,15314.3,11681.5,3632.7,76.28,24557,8186,6.0,2.0
1788183126.339,23.70,15314.3,11724.6,3589.7,76.56,0,589473,0.0,14.0
1788183127.339,16.21,15314.3,11751.3,3563.0,76.73,8188,0,2.0,0.0
1788183128.340,23.77,15314.3,11676.9,3637.4,76.25,16376,0,4.0,0.0
1788183129.340,11.10,15314.3,11675.0,3639.2,76.24,0,319328,0.0,22.0
1788183130.341,9.95,15314.3,11675.5,3638.7,76.24,245604,40934,6.0,6.0
1788183131.341,9.52,15314.3,11645.3,3669.0,76.04,8187,293362862,2.0,2262.5
1788183132.342,9.27,15314.3,11626.5,3687.7,75.92,16374,1080692,4.0,24.0
1788183133.343,23.52,15314.3,11659.7,3654.5,76.14,24560,143928670,4.0,1121.3
1788183134.343,29.03,15314.3,11838.5,3475.8,77.30,32748,0,4.0,0.0
1788183135.344,30.75,15314.3,11945.2,3369.0,78.00,2914792,72714232,84.0,853.5
1788183136.344,21.00,15314.3,11994.1,3320.2,78.32,8187,6483855,2.0,56.0
1788183137.345,17.05,15314.3,12048.4,3265.8,78.67,0,8186,0.0,2.0
1788183138.346,17.41,15314.3,12116.1,3198.1,79.12,130976,0,26.0,0.0
1788183139.347,21.28,15314.3,12166.0,3148.2,79.44,0,311097,0.0,6.0
1788183140.347,26.95,15314.3,12122.6,3191.7,79.16,0,143364239,0.0,1099.3
1788183141.348,45.95,15314.3,12140.8,3173.4,79.28,0,0,0.0,0.0
1788183142.350,98.25,15314.3,12151.8,3162.5,79.35,16349,0,2.0,0.0
1788183143.351,47.13,15314.3,12080.3,3233.9,78.88,229149,77247875,20.0,593.4
1788183144.352,33.27,15314.3,11996.0,3318.2,78.33,32744,0,2.0,0.0
1788183145.353,38.39,15314.3,12094.0,3220.3,78.97,0,4943505,0.0,69.9
1788183146.354,33.83,15314.3,12110.3,3204.0,79.08,16375,270458739,2.0,2126.8
1788183147.354,38.92,15314.3,12274.0,3040.3,80.15,0,39231633,0.0,319.8
1788183148.355,40.24,15314.3,12258.9,3055.3,80.05,491188,0,75.9,0.0
1788183149.355,19.49,15314.3,12148.8,3165.4,79.33,24562,0,4.0,0.0
1788183150.356,16.92,15314.3,12136.5,3177.8,79.25,0,1661986,0.0,20.0
1788183151.357,29.50,15314.3,11663.2,3651.1,76.16,32748,0,8.0,0.0
1788183152.357,22.05,15314.3,11579.9,3734.3,75.62,8187,0,2.0,0.0
1788183153.358,22.80,15314.3,11581.8,3732.4,75.63,0,0,0.0,0.0
1788183154.359,21.36,15314.3,11517.0,3797.2,75.20,212849,160405971,46.0,1243.2
1788183155.359,16.16,15314.3,11494.4,3819.8,75.06,57304,392941,14.0,6.0
1788183156.360,22.28,15314.3,11492.6,3821.6,75.05,0,71172246,0.0,543.7
1788183157.361,24.57,15314.3,11480.9,3833.4,74.97,163705,24556,4.0,6.0
1788183158.361,20.88,15314.3,11520.7,3793.5,75.23,155551,0,10.0,0.0
1788183159.362,20.62,15314.3,11540.6,3773.6,75.36,8188,0,2.0,0.0
1788183160.363,15.76,15314.3,11440.4,3873.8,74.70,57307,368400,14.0,8.0
1788183161.363,10.03,15314.3,11434.4,3879.9,74.67,16375,0,4.0,0.0
1788183162.364,15.59,15314.3,11430.5,3883.7,74.64,0,299917475,0.0,2320.7
1788183163.364,10.57,15314.3,11425.8,3888.5,74.61,0,0,0.0,0.0
1788183164.365,10.74,15314.3,11466.0,3848.2,74.87,0,286557,0.0,30.0
1788183165.365,18.14,15314.3,11541.1,3773.1,75.36,32751,144269982,4.0,1121.4
1788183166.366,24.76,15314.3,11629.1,3685.1,75.94,0,384810,0.0,10.0
1788183167.366,29.69,15314.3,11711.2,3603.0,76.47,8187,376621,2.0,6.0
1788183168.367,30.75,15314.3,11810.0,3504.3,77.12,16370,71996719,4.0,555.5
1788183169.368,17.53,15314.3,11833.7,3480.6,77.27,8187,0,2.0,0.0
1788183170.369,20.64,15314.3,11874.6,3439.7,77.54,0,1833821,0.0,14.0
1788183171.369,17.53,15314.3,11936.2,3378.0,77.94,0,663166,0.0,131.9
1788183172.370,17.09,15314.3,12016.8,3297.4,78.47,0,0,0.0,0.0
1788183173.371,34.62,15314.3,12016.6,3297.7,78.47,57261,214490640,10.0,1639.6
1788183174.373,97.24,15314.3,12007.5,3306.7,78.41,0,1439372,0.0,28.0
1788183175.374,62.48,15314.3,11967.8,3346.5,78.15,7766869,0,85.9,0.0
1788183176.375,32.79,15314.3,11828.7,3485.6,77.24,0,8749936,0.0,241.8
1788183177.375,26.39,15314.3,11947.8,3366.4,78.02,0,0,0.0,0.0
1788183178.376,31.10,15314.3,11828.2,3486.0,77.24,24563,384096967,6.0,3024.4
1788183179.376,7.78,15314.3,11844.4,3469.8,77.34,49127,253820,12.0,4.0
1788183180.377,9.56,15314.3,11790.1,3524.2,76.99,0,74119552,0.0,583.7
1788183181.377,2.58,15314.3,11800.9,3513.3,77.06,65500,32750,8.0,6.0
1788183182.378,2.51,15314.3,11801.7,3512.5,77.06,65500,474879,2.0,28.0
1788183183.378,3.15,15314.3,11801.3,3513.0,77.06,0,8031888,0.0,72.0
1788183184.379,20.49,15314.3,11881.3,3433.0,77.58,0,0,0.0,0.0
1788183185.379,23.84,15314.3,12023.9,3290.3,78.51,16376,0,4.0,0.0
1788183186.380,11.68,15314.3,12115.2,3199.1,79.11,16372,8186,4.0,2.0
1788183187.381,9.48,15314.3,12198.2,3116.0,79.65,253797,0,4.0,0.0
1788183188.381,10.43,15314.3,12250.5,3063.8,79.99,0,5911473,0.0,74.0
1788183189.382,15.86,15314.3,12258.1,3056.2,80.04,0,244207071,0.0,2002.7
1788183190.383,7.96,15314.3,12361.1,2953.2,80.72,0,0,0.0,0.0
1788183191.384,80.86,15314.3,12366.0,2948.2,80.75,8183,0,2.0,0.0
1788183192.388,56.73,15314.3,12408.3,2906.0,81.02,252965,13790650,12.0,438.3
1788183193.388,15.12,15314.3,12376.7,2937.5,80.82,0,51226856,0.0,467.6
1788183194.389,24.00,15314.3,12322.4,2991.8,80.46,0,422530028,0.0,3496.3
1788183195.389,14.77,15314.3,11843.0,3471.2,77.33,114630,0,14.0,0.0
1788183196.390,1.25,15314.3,11833.1,3481.2,77.27,0,40925,0.0,2.0
1788183197.391,3.62,15314.3,11829.5,3484.8,77.25,0,450296,0.0,26.0
1788183198.391,3.81,15314.3,11813.2,3501.1,77.14,1825670,0,413.7,0.0
1788183199.392,1.19,15314.3,11802.2,3512.0,77.07,0,0,0.0,0.0
1788183200.393,5.24,15314.3,11802.5,3511.8,77.07,65482,0,16.0,0.0
1788183201.394,18.33,15314.3,11958.1,3356.1,78.09,40938,71207303,8.0,543.7
1788183202.394,12.16,15314.3,12086.5,3227.7,78.92,0,8187,0.0,2.0
1788183203.395,15.96,15314.3,12226.5,3087.8,79.84,0,71435806,0.0,547.6
1788183204.395,8.94,15314.3,12312.2,3002.0,80.40,0,0,0.0,0.0
1788183205.396,8.87,15314.3,12386.4,2927.8,80.88,0,278360,0.0,16.0
1788183206.397,8.87,15314.3,12471.5,2842.8,81.44,0,3422167,0.0,56.0
1788183207.397,24.42,15314.3,12548.4,2765.8,81.94,57290,540165,12.0,103.9
1788183208.400,99.38,15314.3,12461.9,2852.3,81.37,0,143225444,0.0,1094.8
1788183209.402,35.27,15314.3,12544.6,2769.6,81.91,0,4426262,0.0,211.7
1788183210.403,24.63,15314.3,12402.4,2911.9,80.99,24551,386386025,6.0,3364.5
1788183211.404,24.05,15314.3,12517.0,2797.3,81.73,8185,0,2.0,0.0
1788183212.404,37.23,15314.3,12178.5,3135.7,79.52,16375,786003,4.0,10.0
1788183213.405,30.53,15314.3,12241.3,3072.9,79.93,1367297,0,155.9,0.0
1788183214.405,15.27,15314.3,12160.9,3153.4,79.41,286522,0,52.0,0.0
1788183215.406,14.44,15314.3,12135.8,3178.5,79.25,0,0,0.0,0.0
1788183216.407,9.97,15314.3,12120.4,3193.8,79.14,0,0,0.0,0.0
1788183217.407,9.05,15314.3,12101.1,3213.1,79.02,16374,0,2.0,0.0
1788183218.408,9.75,15314.3,12084.6,3229.7,78.91,0,0,0.0,0.0
1788183219.409,11.42,15314.3,12081.9,3232.4,78.89,0,143670462,0.0,1100.9
1788183220.410,7.64,15314.3,12060.8,3253.5,78.76,0,0,0.0,0.0
1788183221.410,15.58,15314.3,12056.9,3257.3,78.73,0,71258707,0.0,543.7
1788183222.411,11.75,15314.3,12048.2,3266.1,78.67,0,0,0.0,0.0
1788183223.411,9.85,15314.3,12034.5,3279.7,78.58,0,0,0.0,0.0
1788183224.412,8.86,15314.3,11986.4,3327.8,78.27,32750,352065,8.0,6.0
1788183225.412,2.26,15314.3,11965.1,3349.1,78.13,0,0,0.0,0.0
1788183226.413,6.53,15314.3,11981.8,3332.4,78.24,0,316574994,0.0,2454.6
1788183227.413,3.40,15314.3,11968.9,3345.4,78.16,8188,720501,2.0,58.0
1788183228.414,2.51,15314.3,11963.6,3350.7,78.12,0,0,0.0,0.0
1788183229.415,9.08,15314.3,11990.1,3324.1,78.29,8186,143591172,2.0,1097.3
1788183230.415,18.54,15314.3,12090.9,3223.4,78.95,8188,0,2.0,0.0
1788183231.416,31.44,15314.3,11769.7,3544.6,76.85,57315,143663430,12.0,1101.4
1788183232.416,12.49,15314.3,11866.4,3447.9,77.49,163745,71270103,34.0,545.7
1788183233.417,7.21,15314.3,11905.2,3409.0,77.74,0,450245,0.0,6.0
1788183234.418,9.62,15314.3,11777.7,3536.6,76.91,0,71840644,0.0,553.7
1788183235.418,9.43,15314.3,11895.0,3419.3,77.67,8188,0,2.0,0.0
1788183236.419,17.62,15314.3,11971.0,3343.3,78.17,8187,0,2.0,0.0
1788183237.422,98.25,15314.3,11978.8,3335.4,78.22,0,2328690,0.0,57.9
1788183238.423,43.58,15314.3,11987.3,3327.0,78.28,57248,0,8.0,0.0
1788183239.424,24.68,15314.3,11928.8,3385.5,77.89,8185,145222686,2.0,1236.9
1788183240.425,22.90,15314.3,12018.7,3295.5,78.48,0,0,0.0,0.0
1788183241.425,25.83,15314.3,12011.6,3302.7,78.43,65489,74223651,10.0,591.6
1788183242.429,17.21,15314.3,12011.3,3303.0,78.43,16324,308792519,4.0,2433.1
1788183243.430,10.30,15314.3,12011.5,3302.7,78.43,0,777817,0.0,8.0
1788183244.430,15.08,15314.3,12003.2,3311.0,78.38,40938,0,10.0,0.0
1788183245.431,14.53,15314.3,11997.1,3317.2,78.34,0,0,0.0,0.0
1788183246.431,14.15,15314.3,12001.6,3312.7,78.37,8187,216485429,2.0,1781.0
1788183247.432,11.63,15314.3,11909.3,3405.0,77.77,65488,0,10.0,0.0
1788183248.433,18.57,15314.3,11976.2,3338.1,78.20,0,442015,0.0,6.0
1788183249.433,19.70,15314.3,11919.2,3395.1,77.83,73685,0,14.0,0.0
1788183250.434,21.74,15314.3,11977.4,3336.9,78.21,0,0,0.0,0.0
1788183251.435,15.02,15314.3,11850.6,3463.6,77.38,0,71648100,0.0,553.7
1788183252.435,17.85,15314.3,11943.4,3370.9,77.99,0,71307471,0.0,545.7
1788183253.436,17.84,15314.3,11826.9,3487.4,77.23,16374,0,4.0,0.0
1788183254.436,16.56,15314.3,11910.3,3404.0,77.77,0,352087,0.0,6.0
1788183255.437,13.72,15314.3,11896.0,3418.3,77.68,8187,0,2.0,0.0
1788183256.437,23.75,15314.3,12055.8,3258.5,78.72,4150807,0,689.6,0.0
1788183257.438,21.84,15314.3,12022.1,3292.1,78.50,1088792,1277080,189.9,48.0
1788183258.439,49.34,15314.3,11596.1,3718.2,75.72,49097,147292,6.0,6.0
1788183259.446,7.04,15314.3,11471.4,3842.8,74.91,0,0,0.0,0.0
1788183260.447,1.07,15314.3,11469.5,3844.8,74.89,0,0,0.0,0.0
1788183261.448,6.97,15314.3,11512.7,3801.6,75.18,0,71305568,0.0,545.6
1788183262.449,1.44,15314.3,11508.3,3806.0,75.15,0,171898,0.0,28.0
1788183263.449,3.51,15314.3,11501.6,3812.6,75.10,0,71616251,0.0,553.6
1788183264.450,15.62,15314.3,11566.1,3748.2,75.52,0,0,0.0,0.0
1788183265.451,22.35,15314.3,11710.2,3604.1,76.47,16374,0,2.0,0.0
1788183266.451,15.79,15314.3,11810.0,3504.2,77.12,0,0,0.0,0.0
1788183267.452,10.00,15314.3,11892.2,3422.0,77.65,0,0,0.0,0.0
1788183268.452,8.93,15314.3,11977.4,3336.8,78.21,0,212872,0.0,4.0
1788183269.453,10.77,15314.3,12058.5,3255.7,78.74,16375,143787205,4.0,1101.4
1788183270.454,11.29,15314.3,12129.9,3184.3,79.21,0,0,0.0,0.0
1788183271.459,65.57,15314.3,12093.0,3221.2,78.97,333995,0,33.8,0.0
1788183272.460,81.07,15314.3,12103.6,3210.7,79.03,335570,74431058,8.0,593.5
1788183273.461,18.84,15314.3,12091.2,3223.0,78.95,0,280909884,0.0,2299.4
1788183274.462,21.57,15314.3,12010.5,3303.8,78.43,24562,0,4.0,0.0
1788183275.462,25.34,15314.3,12066.8,3247.4,78.79,40934,0,10.0,0.0
1788183276.463,29.48,15314.3,12130.0,3184.2,79.21,0,0,0.0,0.0
1788183277.464,30.01,15314.3,12131.1,3183.1,79.21,24560,188296,6.0,10.0
1788183278.464,20.50,15314.3,12135.4,3178.8,79.24,32745,32728137,2.0,313.8
1788183279.465,21.35,15314.3,12144.8,3169.5,79.30,0,0,0.0,0.0
1788183280.467,17.87,15314.3,12148.4,3165.8,79.33,0,1111925,0.0,10.0
1788183281.468,16.42,15314.3,12152.4,3161.9,79.35,0,143635089,0.0,1107.2
1788183282.468,14.82,15314.3,12150.8,3163.4,79.34,0,810489,0.0,161.9
1788183283.469,19.20,15314.3,12046.7,3267.6,78.66,0,71334672,0.0,545.6
1788183284.470,28.85,15314.3,12152.3,3161.9,79.35,0,0,0.0,0.0
1788183285.471,26.88,15314.3,12249.5,3064.8,79.99,15658159,0,421.6,0.0
1788183286.471,31.09,15314.3,11724.6,3589.6,76.56,0,352073,0.0,6.0
1788183287.472,28.65,15314.3,11741.5,3572.7,76.67,0,0,0.0,0.0
1788183288.472,23.25,15314.3,11839.2,3475.0,77.31,0,1457328,0.0,24.0
1788183289.473,25.06,15314.3,11844.1,3470.2,77.34,24563,276334793,4.0,2128.9
1788183290.473,27.40,15314.3,11760.3,3553.9,76.79,122799,0,20.0,0.0
1788183291.474,19.32,15314.3,11817.0,3497.2,77.16,0,0,0.0,0.0
1788183292.474,17.40,15314.3,11700.5,3613.7,76.40,49126,40938,8.0,4.0
1788183293.475,22.63,15314.3,11741.0,3573.3,76.67,24561,0,6.0,0.0
1788183294.476,23.63,15314.3,11806.8,3507.5,77.10,0,802044,0.0,40.0
1788183295.477,39.96,15314.3,11807.3,3507.0,77.10,8183,0,2.0,0.0
1788183296.481,32.52,15314.3,11730.6,3583.7,76.60,40793,0,6.0,0.0
1788183297.482,2.14,15314.3,11705.3,3609.0,76.43,0,0,0.0,0.0
1788183298.482,2.39,15314.3,11684.4,3629.9,76.30,0,0,0.0,0.0
1788183299.483,2.33,15314.3,11656.3,3657.9,76.11,8186,0,2.0,0.0
1788183300.484,2.33,15314.3,11642.6,3671.7,76.02,0,40934,0.0,4.0
1788183301.484,13.59,15314.3,11533.5,3780.8,75.31,0,143816802,0.0,1101.4
1788183302.485,18.69,15314.3,11727.4,3586.8,76.58,221045,4445463,6.0,72.0
1788183303.486,19.02,15314.3,11873.5,3440.8,77.53,8187,0,2.0,0.0
1788183304.486,9.81,15314.3,11951.4,3362.9,78.04,32747,71371215,6.0,545.6
1788183305.487,10.57,15314.3,12041.1,3273.2,78.63,8187,581261,2.0,22.0
1788183306.488,10.26,15314.3,12119.4,3194.8,79.14,0,327494,0.0,6.0
1788183307.488,14.80,15314.3,12209.2,3105.0,79.72,0,0,0.0,0.0
1788183308.492,21.27,15314.3,12263.9,3050.3,80.08,0,8158,0.0,2.0
1788183309.493,96.30,15314.3,12184.0,3130.3,79.56,0,26885682,0.0,237.8
1788183310.494,48.43,15314.3,12110.7,3203.6,79.08,16372,1981046,4.0,169.9
1788183311.495,19.94,15314.3,12102.8,3211.4,79.03,8186,2979594,2.0,40.0
1788183312.495,26.07,15314.3,12113.5,3200.8,79.10,32751,1170862,2.0,12.0
1788183313.496,22.71,15314.3,12148.9,3165.3,79.33,24559,8186,6.0,2.0
1788183314.496,28.16,15314.3,12252.2,3062.0,80.01,360251,323808230,30.0,3170.3
1788183315.512,26.09,15314.3,12241.3,3072.9,79.93,40311,0,5.9,0.0
1788183316.513,20.92,15314.3,12234.7,3079.5,79.89,0,0,0.0,0.0
1788183317.514,27.10,15314.3,12224.1,3090.2,79.82,0,0,0.0,0.0
1788183318.514,30.54,15314.3,12229.0,3085.3,79.85,0,143875238,0.0,1101.3
1788183319.515,21.48,15314.3,12226.7,3087.5,79.84,0,401166,0.0,6.0
1788183320.516,20.05,15314.3,12230.2,3084.1,79.86,8187,335676,2.0,38.0
1788183321.516,14.82,15314.3,12040.9,3273.4,78.63,0,72400187,0.0,641.6
1788183322.519,23.07,15314.3,12184.1,3130.1,79.56,8166,0,2.0,0.0
1788183323.520,26.43,15314.3,11827.8,3486.4,77.23,0,0,0.0,0.0
1788183324.520,24.38,15314.3,11773.6,3540.6,76.88,0,0,0.0,0.0
1788183325.521,25.19,15314.3,11803.5,3510.8,77.08,8187,1833855,2.0,14.0
1788183326.522,19.33,15314.3,11769.7,3544.6,76.85,8186,71689781,2.0,551.6
1788183327.522,18.57,15314.3,11718.8,3595.4,76.52,24561,0,6.0,0.0
1788183328.523,26.76,15314.3,11657.6,3656.6,76.12,24558,71397004,4.0,545.6
1788183329.524,19.38,15314.3,11716.5,3597.7,76.51,0,0,0.0,0.0
1788183330.524,17.24,15314.3,11589.5,3724.7,75.68,8186,301883915,2.0,2334.4
1788183331.525,19.48,15314.3,11658.3,3655.9,76.13,1964705,352010,139.9,8.0
1788183332.526,27.23,15314.3,11813.3,3501.0,77.14,0,0,0.0,0.0
1788183333.528,37.37,15314.3,11799.8,3514.5,77.05,33880844,0,6325.5,0.0
1788183334.531,46.80,15314.3,11678.6,3635.6,76.26,40848,0,10.0,0.0
1788183335.531,2.39,15314.3,11652.2,3662.1,76.09,0,319251,0.0,30.0
1788183336.532,2.32,15314.3,11633.4,3680.8,75.96,0,0,0.0,0.0
1788183337.533,7.28,15314.3,11622.4,3691.9,75.89,0,0,0.0,0.0
1788183338.533,2.14,15314.3,11611.5,3702.8,75.82,0,0,0.0,0.0
1788183339.534,12.08,15314.3,11492.6,3821.6,75.05,0,215345227,0.0,1647.1
1788183340.534,17.84,15314.3,11665.9,3648.3,76.18,0,360264,0.0,6.0
1788183341.535,12.96,15314.3,11818.1,3496.2,77.17,24561,130990,4.0,6.0
1788183342.536,11.39,15314.3,11903.3,3411.0,77.73,0,0,0.0,0.0
1788183343.537,10.73,15314.3,11980.7,3333.6,78.23,0,0,0.0,0.0
1788183344.537,8.40,15314.3,12060.8,3253.5,78.76,0,71093924,0.0,543.6
1788183345.538,7.51,15314.3,12152.3,3161.9,79.35,0,7908332,0.0,95.9
1788183346.539,44.30,15314.3,12181.9,3132.4,79.55,8183,302774,2.0,6.0
1788183347.542,93.91,15314.3,12064.1,3250.2,78.78,0,70946585,0.0,542.3
1788183348.543,19.95,15314.3,12070.7,3243.5,78.82,49101,0,6.0,0.0
1788183349.544,20.68,15314.3,11972.7,3341.6,78.18,8186,0,2.0,0.0
1788183350.545,25.48,15314.3,12039.6,3274.6,78.62,24562,1375472,4.0,125.9
1788183351.546,25.96,15314.3,12042.8,3271.5,78.64,0,309372125,0.0,2434.1
1788183352.546,13.88,15314.3,11557.7,3756.5,75.47,16374,294725,4.0,24.0
1788183353.547,14.79,15314.3,11537.1,3777.1,75.34,0,0,0.0,0.0
1788183354.547,17.81,15314.3,11428.3,3885.9,74.63,0,143786723,0.0,1119.2
1788183355.548,9.28,15314.3,11527.4,3786.9,75.27,0,40936,0.0,4.0
1788183356.549,9.54,15314.3,11533.9,3780.3,75.31,65498,71155685,6.0,543.7
1788183357.549,18.15,15314.3,11535.0,3779.2,75.32,8188,0,2.0,0.0
1788183358.550,20.99,15314.3,11586.2,3728.1,75.66,0,0,0.0,0.0
1788183359.551,18.67,15314.3,11590.1,3724.2,75.68,8187,311117,2.0,6.0
1788183360.551,24.61,15314.3,11645.1,3669.1,76.04,0,0,0.0,0.0
1788183361.552,15.78,15314.3,11595.3,3719.0,75.72,1056158,8187,34.0,2.0
1788183362.553,20.37,15314.3,11666.9,3647.4,76.18,0,0,0.0,0.0
1788183363.553,19.02,15314.3,11634.4,3679.8,75.97,98244,0,20.0,0.0
1788183364.554,19.54,15314.3,11698.5,3615.7,76.39,0,49128,0.0,4.0
1788183365.554,16.47,15314.3,11619.4,3694.8,75.87,0,8187,0.0,2.0
1788183366.555,23.92,15314.3,11685.5,3628.7,76.31,0,0,0.0,0.0
1788183367.556,29.56,15314.3,11727.7,3586.6,76.58,0,0,0.0,0.0
1788183368.557,33.73,15314.3,11758.9,3555.3,76.78,0,0,0.0,0.0
1788183369.558,35.88,15314.3,11685.1,3629.1,76.30,24549,0,4.0,0.0
1788183370.559,2.45,15314.3,11675.3,3638.9,76.24,0,32749,0.0,4.0
1788183371.559,7.26,15314.3,11673.3,3640.9,76.23,0,0,0.0,0.0
1788183372.560,2.20,15314.3,11672.5,3641.7,76.22,0,0,0.0,0.0
1788183373.561,2.38,15314.3,11667.1,3647.1,76.18,0,0,0.0,0.0
1788183374.561,14.06,15314.3,11605.4,3708.9,75.78,1269054,143444052,46.0,1097.4
1788183375.562,21.39,15314.3,11739.9,3574.3,76.66,163751,0,12.0,0.0
1788183376.562,15.58,15314.3,11846.1,3468.2,77.35,229220,286525,14.0,6.0
1788183377.563,11.11,15314.3,11947.7,3366.6,78.02,98252,71683036,10.0,565.7
1788183378.563,10.54,15314.3,12031.5,3282.8,78.56,9087448,0,1113.3,0.0
1788183379.564,12.18,15314.3,12094.0,3220.3,78.97,1694719,0,153.9,0.0
1788183380.565,10.09,15314.3,12170.4,3143.8,79.47,433933,0,44.0,0.0
1788183381.565,52.61,15314.3,12252.3,3062.0,80.01,270155,3200927,12.0,56.0
1788183382.568,95.94,15314.3,12083.5,3230.8,78.90,220483,146792832,31.9,1148.4
1788183383.573,38.24,15314.3,12139.3,3175.0,79.27,505649,0,8.0,0.0
1788183384.574,24.40,15314.3,12021.6,3292.6,78.50,0,389728440,0.0,3199.1
1788183385.575,28.11,15314.3,12131.7,3182.6,79.22,16366,515536,4.0,20.0
1788183386.576,26.14,15314.3,12135.7,3178.6,79.24,163734,0,36.0,0.0
1788183387.576,11.39,15314.3,12111.3,3203.0,79.08,196477,0,28.0,0.0
1788183388.577,13.40,15314.3,11613.8,3700.4,75.84,139182,0,28.0,0.0
1788183389.577,20.92,15314.3,11674.2,3640.1,76.23,1301678,72869389,261.8,561.6
1788183390.578,8.15,15314.3,11576.6,3737.6,75.59,40932,71213632,2.0,543.6
1788183391.579,9.54,15314.3,11574.4,3739.8,75.58,24561,71234553,6.0,543.7
1788183392.579,17.26,15314.3,11552.7,3761.5,75.44,8187,0,2.0,0.0
1788183393.580,22.97,15314.3,11616.9,3697.4,75.86,0,0,0.0,0.0
1788183394.581,18.37,15314.3,11556.0,3758.3,75.46,40934,0,8.0,0.0
1788183395.582,23.72,15314.3,11647.0,3667.3,76.05,11770549,564790,165.9,16.0
1788183396.582,15.66,15314.3,11611.3,3703.0,75.82,0,0,0.0,0.0
1788183397.583,23.02,15314.3,11670.3,3643.9,76.21,131004,0,24.0,0.0
1788183398.583,20.69,15314.3,11620.4,3693.9,75.88,0,327486,0.0,20.0
1788183399.584,19.48,15314.3,11717.5,3596.8,76.51,0,0,0.0,0.0
1788183400.584,17.88,15314.3,11628.4,3685.9,75.93,0,0,0.0,0.0
1788183401.585,19.42,15314.3,11714.4,3599.9,76.49,0,0,0.0,0.0
1788183402.586,33.69,15314.3,11841.4,3472.8,77.32,761401,0,157.9,0.0
1788183403.587,21.99,15314.3,11899.2,3415.0,77.70,57253,32716,12.0,4.0
1788183404.590,48.74,15314.3,11790.8,3523.5,76.99,0,0,0.0,0.0
1788183405.590,2.07,15314.3,11786.1,3528.1,76.96,0,0,0.0,0.0
1788183406.591,2.20,15314.3,11776.1,3538.1,76.90,73686,0,8.0,0.0
1788183407.592,2.14,15314.3,11771.4,3542.9,76.87,0,0,0.0,0.0
1788183408.592,7.14,15314.3,11765.3,3548.9,76.83,0,0,0.0,0.0
1788183409.593,10.94,15314.3,11745.5,3568.8,76.70,0,143659088,0.0,1101.3
1788183410.593,18.60,15314.3,11858.5,3455.8,77.43,16374,0,4.0,0.0
1788183411.594,12.04,15314.3,11961.7,3352.6,78.11,0,0,0.0,0.0
1788183412.595,12.00,15314.3,12125.0,3189.2,79.17,163766,71524924,34.0,547.8
1788183413.595,14.17,15314.3,12207.7,3106.6,79.71,90060,564920,4.0,12.0
1788183414.596,9.94,15314.3,12295.7,3018.6,80.29,0,180116,0.0,10.0
1788183415.596,13.15,15314.3,12326.6,2987.6,80.49,32749,8080899,8.0,129.9
1788183416.597,39.33,15314.3,12367.4,2946.8,80.76,8187,0,2.0,0.0
1788183417.598,97.06,15314.3,12363.3,2951.0,80.73,49080,8180,4.0,2.0
1788183418.599,32.51,15314.3,12293.3,3020.9,80.27,106399,278429070,8.0,2525.7
1788183419.607,19.01,15314.3,12251.6,3062.7,80.00,284641,0,15.9,0.0
1788183420.607,23.76,15314.3,12332.9,2981.3,80.53,0,474914,0.0,20.0
1788183421.608,32.66,15314.3,12354.6,2959.7,80.67,16374,0,4.0,0.0
1788183422.608,31.96,15314.3,12304.6,3009.7,80.35,327446,245584,14.0,48.0
1788183423.609,29.72,15314.3,12090.0,3224.2,78.95,286410,2749538,22.0,32.0
1788183424.610,18.48,15314.3,12064.2,3250.0,78.78,294759,0,18.0,0.0
1788183425.611,18.86,15314.3,12044.0,3270.3,78.65,98240,474825,20.0,38.0
1788183426.611,32.51,15314.3,11842.8,3471.4,77.33,16373,143642208,4.0,1101.3
1788183427.612,17.36,15314.3,11869.9,3444.3,77.51,40931,0,10.0,0.0
1788183428.613,16.18,15314.3,11895.8,3418.5,77.68,16372,71285577,4.0,545.6
1788183429.613,24.14,15314.3,11866.5,3447.7,77.49,8187,0,2.0,0.0
1788183430.614,32.61,15314.3,11918.7,3395.6,77.83,0,360193,0.0,6.0
1788183431.615,28.07,15314.3,11868.9,3445.4,77.50,0,0,0.0,0.0
1788183432.615,25.37,15314.3,11902.6,3411.6,77.72,0,0,0.0,0.0
1788183433.616,27.17,15314.3,11944.0,3370.2,77.99,0,0,0.0,0.0
1788183434.616,24.86,15314.3,11952.0,3362.2,78.05,114621,306168826,18.0,2386.6
1788183435.617,22.92,15314.3,11874.0,3440.3,77.54,98248,0,10.0,0.0
1788183436.618,18.38,15314.3,11840.5,3473.8,77.32,0,65497,0.0,4.0
1788183437.618,20.70,15314.3,11760.2,3554.0,76.79,212854,1792887,30.0,34.0
1788183438.619,23.41,15314.3,11885.4,3428.9,77.61,0,704041,0.0,8.0
1788183439.619,30.69,15314.3,11891.8,3422.4,77.65,0,0,0.0,0.0
1788183440.620,17.12,15314.3,11849.1,3465.2,77.37,188279,2619533,30.0,32.0
1788183441.621,61.91,15314.3,11755.9,3558.3,76.76,8186,0,2.0,0.0
1788183442.622,3.45,15314.3,11766.1,3548.2,76.83,0,0,0.0,0.0
1788183443.622,7.26,15314.3,11750.4,3563.9,76.73,0,0,0.0,0.0
1788183444.623,2.20,15314.3,11735.0,3579.2,76.63,0,0,0.0,0.0
1788183445.623,4.59,15314.3,11725.5,3588.7,76.57,0,98258,0.0,4.0
1788183446.624,6.54,15314.3,11719.3,3594.9,76.53,3430774,11798914,62.0,123.9
1788183447.624,19.96,15314.3,11702.1,3612.1,76.41,11184120,181418550,169.9,1517.2
1788183448.625,20.44,15314.3,11860.8,3453.5,77.45,8188,0,2.0,0.0
1788183449.625,12.62,15314.3,11987.6,3326.6,78.28,8187,2914604,2.0,50.0
1788183450.626,10.18,15314.3,12082.5,3231.8,78.90,0,71327941,0.0,545.7
1788183451.627,10.19,15314.3,12162.0,3152.2,79.42,0,0,0.0,0.0
1788183452.627,9.31,15314.3,12246.6,3067.6,79.97,0,0,0.0,0.0
1788183453.628,9.38,15314.3,12305.7,3008.5,80.35,0,483042,0.0,22.0
1788183454.629,96.60,15314.3,12279.4,3034.8,80.18,0,1087892,0.0,187.7
1788183455.665,68.05,15314.3,12166.5,3147.8,79.45,197756,138919464,1.9,1064.1
1788183456.666,18.98,15314.3,12050.7,3263.6,78.69,8185,0,2.0,0.0
1788183457.666,29.13,15314.3,12160.2,3154.0,79.40,16376,419071225,4.0,3356.3
1788183458.668,26.28,15314.3,12207.2,3107.1,79.71,8173,0,2.0,0.0
1788183459.669,28.51,15314.3,12269.2,3045.0,80.12,32749,425739,8.0,6.0
1788183460.670,31.08,15314.3,11901.9,3412.3,77.72,0,0,0.0,0.0
1788183461.671,23.02,15314.3,11894.0,3420.3,77.67,8186,0,2.0,0.0
1788183462.671,16.21,15314.3,11889.4,3424.9,77.64,0,614042,0.0,8.0
1788183463.672,21.50,15314.3,11707.4,3606.8,76.45,8187,143841878,2.0,1101.4
1788183464.672,16.10,15314.3,11729.1,3585.2,76.59,0,0,0.0,0.0
1788183465.673,16.84,15314.3,11759.1,3555.2,76.79,0,71382956,0.0,545.7
1788183466.674,22.12,15314.3,11716.0,3598.2,76.50,8187,0,2.0,0.0
1788183467.674,32.14,15314.3,11790.3,3523.9,76.99,0,376621,0.0,6.0
1788183468.675,30.97,15314.3,11906.4,3407.8,77.75,0,0,0.0,0.0
1788183469.676,25.23,15314.3,11901.3,3413.0,77.71,49120,0,10.0,0.0
1788183470.676,25.10,15314.3,11909.8,3404.5,77.77,0,1833912,0.0,14.0
1788183471.677,25.00,15314.3,11864.4,3449.9,77.47,0,0,0.0,0.0
1788183472.677,25.10,15314.3,11790.7,3523.5,76.99,0,122804,0.0,4.0
1788183473.678,23.44,15314.3,11817.0,3497.2,77.16,8185,301652999,2.0,2327.9
1788183474.679,17.78,15314.3,11799.2,3515.1,77.05,0,0,0.0,0.0
1788183475.680,24.81,15314.3,11791.9,3522.4,77.00,0,0,0.0,0.0
1788183476.680,26.68,15314.3,11824.3,3489.9,77.21,0,0,0.0,0.0
1788183477.681,19.37,15314.3,11816.1,3498.2,77.16,0,98244,0.0,6.0
1788183478.681,65.35,15314.3,11691.5,3622.8,76.34,548516,0,62.0,0.0
1788183479.682,5.08,15314.3,11729.9,3584.4,76.59,2718279,524006,325.8,24.0
1788183480.683,2.33,15314.3,11720.6,3593.7,76.53,0,261992,0.0,28.0
1788183481.683,7.53,15314.3,11719.4,3594.9,76.53,0,0,0.0,0.0
1788183482.684,2.52,15314.3,11713.5,3600.8,76.49,24560,0,4.0,0.0
1788183483.684,2.52,15314.3,11707.0,3607.3,76.44,0,0,0.0,0.0
1788183484.685,19.26,15314.3,11785.5,3528.7,76.96,16375,143903338,4.0,1101.4
1788183485.686,15.83,15314.3,11951.8,3362.4,78.04,40937,785985,2.0,30.0
1788183486.686,15.59,15314.3,12032.4,3281.9,78.57,0,71410069,0.0,545.7
1788183487.687,10.01,15314.3,12110.2,3204.1,79.08,0,0,0.0,0.0
1788183488.687,9.29,15314.3,12178.8,3135.5,79.53,0,4879747,0.0,113.9
1788183489.688,8.88,15314.3,12260.6,3053.7,80.06,8188,1637503,2.0,38.0
1788183490.688,9.13,15314.3,12322.1,2992.2,80.46,0,0,0.0,0.0
1788183491.689,87.01,15314.3,12327.8,2986.5,80.50,0,143957323,0.0,1101.4
1788183492.691,69.53,15314.3,12321.6,2992.6,80.46,0,0,0.0,0.0
1788183493.692,19.84,15314.3,12263.7,3050.6,80.08,0,265991154,0.0,2295.4
1788183494.703,23.86,15314.3,12282.6,3031.6,80.20,8108,70750718,2.0,540.4
1788183495.703,24.52,15314.3,12327.8,2986.5,80.50,57306,0,6.0,0.0
1788183496.704,23.71,15314.3,12322.6,2991.7,80.46,81861,0,10.0,0.0
1788183497.705,13.13,15314.3,11850.9,3463.4,77.38,31116515,57305,429.7,14.0
1788183498.705,9.33,15314.3,11821.8,3492.5,77.19,65481,466551,4.0,6.0
1788183499.706,17.16,15314.3,11669.7,3644.6,76.20,351969,145821578,14.0,1119.1
1788183500.707,8.22,15314.3,11675.0,3639.3,76.24,0,0,0.0,0.0
1788183501.707,13.32,15314.3,11601.5,3712.7,75.76,204676,71464707,34.0,545.7
1788183502.708,18.45,15314.3,11673.3,3640.9,76.23,16375,0,2.0,0.0
1788183503.709,17.06,15314.3,11686.1,3628.1,76.31,0,0,0.0,0.0
1788183504.709,25.02,15314.3,11723.6,3590.7,76.55,8188,1121700,2.0,14.0
1788183505.710,20.46,15314.3,11796.5,3517.7,77.03,0,0,0.0,0.0
1788183506.710,16.01,15314.3,11751.4,3562.8,76.74,32752,0,6.0,0.0
1788183507.711,19.81,15314.3,11777.8,3536.4,76.91,32750,0,6.0,0.0
1788183508.711,24.11,15314.3,11707.2,3607.1,76.45,8187,261999,2.0,22.0
1788183509.712,17.04,15314.3,11739.3,3575.0,76.66,8187,0,2.0,0.0
1788183510.713,20.62,15314.3,11812.7,3501.6,77.14,0,0,0.0,0.0
1788183511.713,27.72,15314.3,11843.5,3470.8,77.34,24563,0,4.0,0.0
1788183512.714,20.21,15314.3,11867.8,3446.5,77.49,0,0,0.0,0.0
1788183513.714,57.46,15314.3,11791.1,3523.1,76.99,0,0,0.0,0.0
1788183514.715,3.08,15314.3,11743.9,3570.4,76.69,0,0,0.0,0.0
1788183515.715,2.26,15314.3,11725.6,3588.7,76.57,0,0,0.0,0.0
1788183516.716,7.14,15314.3,11715.4,3598.9,76.50,65500,40937,12.0,4.0
1788183517.717,2.07,15314.3,11706.3,3608.0,76.44,0,0,0.0,0.0
1788183518.717,2.77,15314.3,11696.2,3618.1,76.37,0,155563,0.0,20.0
1788183519.718,18.74,15314.3,11745.0,3569.3,76.69,8186,144055194,2.0,1101.2
1788183520.718,18.68,15314.3,11911.5,3402.8,77.78,8187,0,2.0,0.0
1788183521.719,20.04,15314.3,12047.4,3266.8,78.67,0,71492992,0.0,545.6
1788183522.720,9.97,15314.3,12123.3,3190.9,79.16,0,0,0.0,0.0
1788183523.720,8.87,15314.3,12195.0,3119.2,79.63,0,0,0.0,0.0
1788183524.721,8.86,15314.3,12272.2,3042.1,80.14,0,55083193,0.0,633.6
1788183525.721,8.93,15314.3,12352.1,2962.1,80.66,0,0,0.0,0.0
1788183526.722,84.75,15314.3,12344.7,2969.6,80.61,16369,72605210,2.0,555.5
1788183527.724,73.10,15314.3,12319.4,2994.8,80.44,8174,71395746,2.0,544.8
1788183528.725,16.49,15314.3,12373.8,2940.5,80.80,0,0,0.0,0.0
1788183529.726,22.99,15314.3,12254.0,3060.2,80.02,16376,108763355,4.0,841.6
1788183530.726,26.26,15314.3,12296.7,3017.5,80.30,0,309314704,0.0,2432.6
1788183531.727,20.83,15314.3,12297.3,3017.0,80.30,24562,0,6.0,0.0
1788183532.728,10.80,15314.3,12288.5,3025.8,80.24,0,0,0.0,0.0
1788183533.728,10.59,15314.3,12290.2,3024.1,80.25,0,0,0.0,0.0
1788183534.729,21.95,15314.3,12261.1,3053.2,80.06,65493,144584356,12.0,1111.3
1788183535.729,8.28,15314.3,12272.6,3041.6,80.14,0,0,0.0,0.0
1788183536.730,9.18,15314.3,12159.5,3154.8,79.40,8188,0,2.0,0.0
1788183537.730,21.60,15314.3,12292.1,3022.2,80.27,65503,71561722,10.0,547.7
1788183538.731,20.70,15314.3,12345.0,2969.3,80.61,0,0,0.0,0.0
1788183539.732,20.38,15314.3,12392.4,2921.8,80.92,57306,532127,6.0,38.0
1788183540.732,17.16,15314.3,12400.8,2913.5,80.98,0,0,0.0,0.0
1788183541.733,16.17,15314.3,12392.4,2921.8,80.92,0,0,0.0,0.0
1788183542.733,20.19,15314.3,12444.3,2870.0,81.26,73679,0,16.0,0.0
1788183543.734,19.50,15314.3,12490.4,2823.9,81.56,57313,0,14.0,0.0
1788183544.734,15.06,15314.3,12499.6,2814.7,81.62,8188,122815,2.0,6.0
1788183545.735,19.47,15314.3,12457.4,2856.9,81.35,19829951,40535958,243.9,351.8
1788183546.736,31.67,15314.3,12573.6,2740.6,82.10,4445741,14606264,62.0,343.8
1788183547.740,23.67,15314.3,12044.4,3269.8,78.65,383240,0,17.9,0.0
1788183548.741,61.89,15314.3,12154.3,3159.9,79.37,8186,0,2.0,0.0
1788183549.741,3.46,15314.3,12152.7,3161.6,79.36,0,745000,0.0,8.0
1788183550.742,2.39,15314.3,12135.4,3178.9,79.24,0,0,0.0,0.0
1788183551.743,2.45,15314.3,12119.7,3194.5,79.14,0,0,0.0,0.0
1788183552.743,7.15,15314.3,12107.3,3206.9,79.06,0,8187,0.0,2.0
1788183553.744,3.52,15314.3,12103.3,3211.0,79.03,8187,0,2.0,0.0
1788183554.744,19.84,15314.3,12071.8,3242.4,78.83,16374,145216610,4.0,1115.3
1788183555.745,16.86,15314.3,12297.8,3016.5,80.30,0,0,0.0,0.0
1788183556.746,8.51,15314.3,12313.1,3001.1,80.40,0,0,0.0,0.0
1788183557.746,18.36,15314.3,12343.8,2970.4,80.60,0,71591010,0.0,547.7
1788183558.747,9.95,15314.3,12420.2,2894.1,81.10,0,0,0.0,0.0
1788183559.747,9.17,15314.3,12502.9,2811.4,81.64,24564,335703,4.0,18.0
1788183560.748,11.14,15314.3,12567.2,2747.0,82.06,24563,0,6.0,0.0
1788183561.749,88.13,15314.3,12615.9,2698.4,82.38,0,237246,0.0,10.0
1788183562.750,75.10,15314.3,12584.2,2730.0,82.17,8182,144216413,2.0,1104.7
1788183563.751,19.17,15314.3,12548.8,2765.4,81.94,0,0,0.0,0.0
1788183564.752,20.92,15314.3,12572.7,2741.5,82.10,65501,0,8.0,0.0
1788183565.752,25.61,15314.3,12530.4,2783.8,81.82,8188,72084129,2.0,559.7
1788183566.753,30.00,15314.3,12657.1,2657.1,82.65,131005,0,10.0,0.0
1788183567.753,34.34,15314.3,12677.5,2636.7,82.78,35089370,347422420,409.7,2784.3
1788183568.754,27.43,15314.3,12689.8,2624.4,82.86,16372,0,4.0,0.0
1788183569.755,22.67,15314.3,12692.9,2621.3,82.88,0,0,0.0,0.0
1788183570.755,20.95,15314.3,12645.0,2669.2,82.57,0,144983188,0.0,1157.2
1788183571.756,14.79,15314.3,12656.2,2658.1,82.64,65495,0,8.0,0.0
1788183572.756,17.64,15314.3,12642.5,2671.8,82.55,0,72319072,0.0,599.7
1788183573.757,19.57,15314.3,12637.7,2676.6,82.52,237427,507602,4.0,36.0
1788183574.758,30.92,15314.3,12722.0,2592.2,83.07,32740,0,8.0,0.0
1788183575.759,25.32,15314.3,12764.0,2550.3,83.35,0,0,0.0,0.0
1788183576.759,30.02,15314.3,12753.2,2561.0,83.28,106435,120304495,18.0,1193.3
1788183577.760,30.10,15314.3,12771.2,2543.0,83.39,0,0,0.0,0.0
1788183578.761,32.08,15314.3,12211.4,3102.9,79.74,114591,220996,12.0,4.0
1788183579.761,23.97,15314.3,12203.2,3111.1,79.68,139185,0,4.0,0.0
1788183580.762,24.72,15314.3,12175.0,3139.2,79.50,0,0,0.0,0.0
1788183581.762,20.04,15314.3,12253.8,3060.5,80.02,81879,655029,10.0,8.0
1788183582.763,15.36,15314.3,12213.5,3100.7,79.75,0,0,0.0,0.0
1788183583.763,25.10,15314.3,12230.1,3084.2,79.86,0,0,0.0,0.0
1788183584.764,24.21,15314.3,12315.1,2999.2,80.42,0,245573,0.0,32.0
1788183585.765,39.91,15314.3,12308.5,3005.7,80.37,0,0,0.0,0.0
1788183586.774,29.15,15314.3,12268.0,3046.2,80.11,8121,0,2.0,0.0
1788183587.774,2.26,15314.3,12247.4,3066.9,79.97,0,0,0.0,0.0
1788183588.775,2.20,15314.3,12239.6,3074.7,79.92,8188,0,2.0,0.0
1788183589.775,2.26,15314.3,12231.8,3082.4,79.87,0,122816,0.0,20.0
1788183590.776,2.08,15314.3,12220.7,3093.5,79.80,0,0,0.0,0.0
1788183591.776,20.39,15314.3,12237.3,3077.0,79.91,0,144429158,0.0,1105.3
1788183592.777,17.02,15314.3,12368.9,2945.3,80.77,0,190932965,0.0,1491.1
1788183593.778,14.81,15314.3,12409.5,2904.8,81.03,8187,72812915,2.0,559.6
1788183594.778,16.22,15314.3,12341.6,2972.6,80.59,73676,145173957,18.0,1109.2
1788183595.779,10.10,15314.3,12405.4,2908.9,81.01,65500,71706454,6.0,547.7
1788183596.780,8.98,15314.3,12492.9,2821.3,81.58,0,523935,0.0,6.0
1788183597.780,14.13,15314.3,12569.6,2744.6,82.08,0,392965,0.0,26.0
1788183598.781,47.05,15314.3,12627.6,2686.7,82.46,16368,71730915,2.0,547.5
1788183599.839,96.21,15314.3,12639.2,2675.1,82.53,54202,67946061,11.3,519.9
1788183600.840,34.24,15314.3,12556.8,2757.5,81.99,19607178,96734746,2847.0,741.2
1788183601.841,18.41,15314.3,12568.5,2745.7,82.07,98248,120165339,6.0,923.5
1788183602.841,25.98,15314.3,12652.8,2661.5,82.62,16375,71846926,4.0,549.7
1788183603.842,13.09,15314.3,12539.3,2775.0,81.88,8188,310695820,2.0,2428.7
1788183604.842,3.14,15314.3,12564.7,2749.6,82.05,16375,532185,4.0,30.0
1788183605.843,2.20,15314.3,12567.1,2747.2,82.06,0,261989,0.0,6.0
1788183606.844,2.20,15314.3,12563.3,2750.9,82.04,0,0,0.0,0.0
1788183607.844,2.26,15314.3,12558.0,2756.3,82.00,0,3209515,0.0,50.0
1788183608.845,18.51,15314.3,12600.9,2713.3,82.28,433969,146247715,28.0,1191.4
1788183609.845,17.01,15314.3,12711.7,2602.6,83.01,0,0,0.0,0.0
1788183610.846,22.05,15314.3,12882.8,2431.5,84.12,0,72415802,0.0,587.7
1788183611.846,9.19,15314.3,12963.6,2350.6,84.65,0,2750872,0.0,38.0
1788183612.847,8.99,15314.3,13052.8,2261.5,85.23,0,1334544,0.0,175.9
1788183613.848,12.49,15314.3,13148.1,2166.2,85.86,0,0,0.0,0.0
1788183614.848,15.27,15314.3,13239.6,2074.7,86.45,0,0,0.0,0.0
1788183615.849,36.31,15314.3,13234.1,2080.2,86.42,0,145131254,0.0,1114.9
1788183616.851,97.06,15314.3,13269.9,2044.3,86.65,0,0,0.0,0.0
1788183617.853,25.37,15314.3,13275.1,2039.2,86.68,277893,376094874,6.0,3174.7
1788183618.854,18.00,15314.3,13275.0,2039.2,86.68,278240,14583034,6.0,137.9
1788183619.855,24.41,15314.3,13295.2,2019.1,86.82,8188,0,2.0,0.0
1788183620.855,26.66,15314.3,13371.3,1943.0,87.31,16374,384796,4.0,6.0
1788183621.856,27.78,15314.3,12785.1,2529.2,83.48,114625,0,18.0,0.0
1788183622.856,10.71,15314.3,12853.7,2460.5,83.93,0,143709406,0.0,1099.4
1788183623.857,7.69,15314.3,12842.4,2471.8,83.86,0,0,0.0,0.0
1788183624.857,8.52,15314.3,12815.1,2499.2,83.68,0,0,0.0,0.0
1788183625.858,7.01,15314.3,12804.4,2509.9,83.61,0,2824642,0.0,40.0
1788183626.859,15.73,15314.3,12649.3,2665.0,82.60,0,0,0.0,0.0
1788183627.860,7.25,15314.3,12632.5,2681.8,82.49,0,0,0.0,0.0
1788183628.860,9.27,15314.3,12633.3,2680.9,82.49,16375,71859586,4.0,549.7
1788183629.861,20.12,15314.3,12689.3,2625.0,82.86,4765321,143762026,179.9,1099.4
1788183630.861,9.32,15314.3,12668.4,2645.8,82.72,352074,466702,12.0,12.0
1788183631.862,9.35,15314.3,12667.8,2646.5,82.72,0,0,0.0,0.0
1788183632.862,4.35,15314.3,12509.0,2805.3,81.68,16374,0,4.0,0.0
1788183633.863,1.07,15314.3,12505.1,2809.2,81.66,0,300578346,0.0,2328.6
1788183634.864,0.50,15314.3,12500.8,2813.5,81.63,0,0,0.0,0.0
1788183635.865,0.63,15314.3,12483.3,2831.0,81.51,0,0,0.0,0.0
1788183636.865,0.56,15314.3,12479.5,2834.8,81.49,0,90049,0.0,4.0
1788183637.866,12.86,15314.3,12517.9,2796.4,81.74,0,0,0.0,0.0
1788183638.867,17.85,15314.3,12658.2,2656.1,82.66,8187,155554,2.0,20.0
1788183639.867,14.87,15314.3,12653.0,2661.2,82.62,0,0,0.0,0.0
1788183640.868,7.32,15314.3,12375.1,2939.2,80.81,0,0,0.0,0.0
1788183641.869,6.76,15314.3,12449.0,2865.3,81.29,0,0,0.0,0.0
1788183642.869,9.83,15314.3,12495.3,2819.0,81.59,0,335705,0.0,6.0
1788183643.870,11.37,15314.3,12573.1,2741.2,82.10,0,0,0.0,0.0
1788183644.871,59.39,15314.3,12604.9,2709.4,82.31,16368,0,2.0,0.0
1788183645.872,79.20,15314.3,12553.5,2760.7,81.97,0,0,0.0,0.0
1788183646.873,15.65,15314.3,12465.4,2848.9,81.40,24556,261934,6.0,10.0
1788183647.874,22.77,15314.3,12578.7,2735.6,82.14,221079,0,6.0,0.0
1788183648.874,20.47,15314.3,12604.7,2709.6,82.31,0,0,0.0,0.0
1788183649.875,31.01,15314.3,12716.9,2597.3,83.04,73669,314067403,16.0,2488.0
1788183650.876,24.32,15314.3,12612.3,2702.0,82.36,24560,8187,6.0,2.0
1788183651.876,8.29,15314.3,12632.4,2681.9,82.49,0,0,0.0,0.0
1788183652.877,6.64,15314.3,12627.8,2686.4,82.46,0,0,0.0,0.0
1788183653.878,8.33,15314.3,12626.7,2687.5,82.45,24555,0,4.0,0.0
1788183654.879,12.07,15314.3,12630.1,2684.2,82.47,0,130935,0.0,4.0
1788183655.879,7.08,15314.3,12650.7,2663.5,82.61,0,982443,0.0,155.9
1788183656.880,6.95,15314.3,12644.4,2669.8,82.57,900421,32743,62.0,6.0
1788183657.881,8.40,15314.3,12639.1,2675.1,82.53,4363119,1277010,229.8,163.9
1788183658.881,9.83,15314.3,12632.2,2682.0,82.49,0,0,0.0,0.0
1788183659.882,11.18,15314.3,12532.6,2781.7,81.84,8188,32751,2.0,2.0
1788183660.883,5.90,15314.3,12425.9,2888.4,81.14,8185,155519,2.0,18.0
1788183661.884,1.00,15314.3,12423.8,2890.5,81.13,16372,0,4.0,0.0
1788183662.884,0.75,15314.3,12419.1,2895.2,81.10,114615,221044,22.0,20.0
1788183663.885,1.19,15314.3,12410.2,2904.1,81.04,16369,0,4.0,0.0
1788183664.886,0.44,15314.3,12408.9,2905.4,81.03,0,8187,0.0,2.0
1788183665.886,11.10,15314.3,12474.1,2840.1,81.45,0,0,0.0,0.0
1788183666.887,16.80,15314.3,12599.9,2714.4,82.28,8188,409408,2.0,6.0
1788183667.888,10.94,15314.3,12703.1,2611.2,82.95,0,646654,0.0,8.0
1788183668.888,6.76,15314.3,12795.8,2518.5,83.55,0,0,0.0,0.0
1788183669.889,13.05,15314.3,12359.3,2955.0,80.70,8185,0,2.0,0.0
1788183670.890,10.79,15314.3,12432.5,2881.8,81.18,0,0,0.0,0.0
1788183671.891,10.61,15314.3,12525.4,2788.8,81.79,0,1833615,0.0,14.0
1788183672.892,61.80,15314.3,12530.3,2784.0,81.82,0,155467,0.0,4.0
1788183673.895,69.26,15314.3,12505.9,2808.4,81.66,0,0,0.0,0.0
1788183674.895,15.20,15314.3,12461.7,2852.5,81.37,16371,360306647,2.0,2791.8
1788183675.896,22.76,15314.3,12557.9,2756.4,82.00,8188,294760,2.0,30.0
1788183676.896,22.98,15314.3,12452.4,2861.9,81.31,8187,204682,2.0,10.0
1788183677.897,3.67,15314.3,12459.6,2854.7,81.36,237446,1473803,12.0,36.0
1788183678.898,0.63,15314.3,12455.1,2859.2,81.33,0,0,0.0,0.0
1788183679.899,1.13,15314.3,12442.0,2872.2,81.24,0,254844514,0.0,2036.6
1788183680.900,1.25,15314.3,12454.8,2859.4,81.33,0,327357,0.0,26.0
1788183681.900,4.19,15314.3,12463.6,2850.6,81.39,0,0,0.0,0.0
1788183682.901,17.51,15314.3,12555.3,2759.0,81.98,32747,646763,8.0,14.0
1788183683.901,14.53,15314.3,12675.0,2639.2,82.77,73679,0,10.0,0.0
1788183684.902,7.52,15314.3,12759.0,2555.3,83.31,0,163729,0.0,6.0
1788183685.903,6.88,15314.3,12850.7,2463.6,83.91,0,335572,0.0,50.0
1788183686.904,7.71,15314.3,12947.5,2366.7,84.55,16372,532092,4.0,103.9
1788183687.904,11.96,15314.3,13002.7,2311.6,84.91,0,0,0.0,0.0
1788183688.905,15.65,15314.3,13054.3,2259.9,85.24,0,0,0.0,0.0
1788183689.909,97.69,15314.3,13061.5,2252.8,85.29,0,0,0.0,0.0
1788183690.910,30.49,15314.3,13058.5,2255.7,85.27,261908,237354,2.0,6.0
1788183691.911,19.14,15314.3,13046.2,2268.1,85.19,712339,24563,42.0,4.0
1788183692.911,29.42,15314.3,12931.7,2382.5,84.44,0,0,0.0,0.0
1788183693.913,14.82,15314.3,12484.7,2829.5,81.52,32723,310871,4.0,20.0
1788183694.913,7.09,15314.3,12515.3,2798.9,81.72,2701784,196493,44.0,6.0
1788183695.914,1.00,15314.3,12503.8,2810.5,81.65,0,40936,0.0,2.0
1788183696.915,0.94,15314.3,12498.9,2815.4,81.62,0,8186,0.0,2.0
1788183697.916,0.81,15314.3,12477.6,2836.6,81.48,0,0,0.0,0.0
1788183698.916,9.73,15314.3,12498.3,2816.0,81.61,0,0,0.0,0.0
1788183699.917,17.09,15314.3,12625.0,2689.3,82.44,0,0,0.0,0.0
1788183700.918,11.76,15314.3,12770.8,2543.4,83.39,0,130983,0.0,4.0
1788183701.918,7.32,15314.3,12866.8,2447.4,84.02,0,605782,0.0,8.0
1788183702.919,7.20,15314.3,12931.7,2382.6,84.44,0,319283,0.0,36.0
1788183703.920,8.11,15314.3,13006.0,2308.2,84.93,0,343830,0.0,6.0
1788183704.920,10.54,15314.3,13095.3,2218.9,85.51,0,0,0.0,0.0
1788183705.921,55.97,15314.3,13120.5,2193.7,85.68,0,33098524,0.0,281.7
1788183706.924,75.83,15314.3,13099.8,2214.4,85.54,261281,277349360,2.0,2150.9
1788183707.925,14.16,15314.3,12984.8,2329.5,84.79,8185,224078916,2.0,1994.4
1788183708.926,19.91,15314.3,13093.8,2220.5,85.50,0,0,0.0,0.0
1788183709.926,22.88,15314.3,13120.1,2194.2,85.67,0,237453,0.0,4.0
1788183710.927,27.03,15314.3,13227.3,2087.0,86.37,262010,0,6.0,0.0
1788183711.927,28.09,15314.3,12613.8,2700.4,82.37,212875,0,18.0,0.0
1788183712.928,9.00,15314.3,12620.7,2693.6,82.41,0,93477018,0.0,785.5
1788183713.929,7.13,15314.3,12605.2,2709.0,82.31,0,0,0.0,0.0
1788183714.930,9.18,15314.3,12603.7,2710.5,82.30,0,147357,0.0,4.0
1788183715.930,13.16,15314.3,12624.3,2690.0,82.43,0,343840,0.0,6.0
1788183716.931,7.44,15314.3,12627.3,2686.9,82.45,32746,8187,6.0,2.0
1788183717.932,7.75,15314.3,12629.8,2684.5,82.47,57284,965653,12.0,32.0
1788183718.933,8.23,15314.3,12627.1,2687.2,82.45,16374,0,4.0,0.0
1788183719.933,10.23,15314.3,12628.0,2686.3,82.46,24564,0,4.0,0.0
1788183720.933,12.59,15314.3,12657.2,2657.1,82.65,0,368464,0.0,36.0
1788183721.934,5.44,15314.3,12528.2,2786.0,81.81,16374,0,4.0,0.0
1788183722.935,0.75,15314.3,12526.0,2788.3,81.79,0,0,0.0,0.0
1788183723.936,1.00,15314.3,12526.3,2787.9,81.80,8184,130944,2.0,16.0
1788183724.936,4.14,15314.3,12525.8,2788.4,81.79,163738,368410,16.0,36.0
1788183725.937,2.51,15314.3,12506.8,2807.5,81.67,0,0,0.0,0.0
1788183726.938,13.50,15314.3,12557.6,2756.7,82.00,24561,0,4.0,0.0
1788183727.938,17.71,15314.3,12690.4,2623.8,82.87,24562,0,6.0,0.0
1788183728.940,16.25,15314.3,12285.5,3028.8,80.22,16364,4123721,4.0,67.9
1788183729.940,7.07,15314.3,12361.7,2952.6,80.72,0,0,0.0,0.0
1788183730.941,6.93,15314.3,12446.3,2868.0,81.27,0,335614,0.0,36.0
1788183731.942,12.23,15314.3,12513.0,2801.3,81.71,0,0,0.0,0.0
1788183732.943,9.35,15314.3,12604.1,2710.1,82.30,8186,44325366,2.0,403.7
1788183733.944,62.06,15314.3,12613.9,2700.4,82.37,8179,300048728,2.0,2320.3
1788183734.945,70.70,15314.3,12608.0,2706.3,82.33,8185,0,2.0,0.0
1788183735.946,17.54,15314.3,12535.8,2778.5,81.86,0,843145,0.0,10.0
1788183736.946,23.36,15314.3,12637.0,2677.2,82.52,0,0,0.0,0.0
1788183737.947,26.96,15314.3,12719.6,2594.7,83.06,0,0,0.0,0.0
1788183738.947,29.99,15314.3,12781.9,2532.4,83.46,16374,2988327,4.0,52.0
1788183739.948,12.30,15314.3,12729.9,2584.4,83.12,73683,0,12.0,0.0
1788183740.949,7.24,15314.3,12725.7,2588.5,83.10,0,851465,0.0,129.9
1788183741.949,8.44,15314.3,12730.3,2584.0,83.13,0,0,0.0,0.0
1788183742.950,8.51,15314.3,12726.7,2587.5,83.10,0,0,0.0,0.0
1788183743.951,10.01,15314.3,12708.1,2606.1,82.98,0,49118,0.0,2.0
1788183744.952,6.82,15314.3,12706.2,2608.0,82.97,0,0,0.0,0.0
1788183745.953,12.48,15314.3,12708.9,2605.4,82.99,0,8184,0.0,2.0
1788183746.954,9.81,15314.3,12702.6,2611.7,82.95,0,40914089,0.0,399.7
1788183747.954,10.65,15314.3,12704.9,2609.4,82.96,0,352032271,0.0,2758.6
1788183748.955,10.02,15314.3,12689.7,2624.6,82.86,0,37298839,0.0,341.8
1788183749.955,5.22,15314.3,12562.6,2751.6,82.03,8188,0,2.0,0.0
1788183750.956,4.67,15314.3,12566.8,2747.5,82.06,0,523952,0.0,26.0
1788183751.957,2.38,15314.3,12555.4,2758.8,81.99,8184,671115,2.0,8.0
1788183752.958,0.75,15314.3,12551.7,2762.5,81.96,0,0,0.0,0.0
1788183753.959,0.88,15314.3,12547.2,2767.0,81.93,0,258452451,0.0,1982.2
1788183754.960,10.42,15314.3,12602.8,2711.4,82.29,0,229170,0.0,18.0
1788183755.960,16.41,15314.3,12747.5,2566.8,83.24,40936,0,10.0,0.0
1788183756.961,19.78,15314.3,12389.2,2925.1,80.90,0,0,0.0,0.0
1788183757.962,7.23,15314.3,12467.4,2846.9,81.41,0,0,0.0,0.0
1788183758.963,6.94,15314.3,12559.8,2754.4,82.01,0,2275844,0.0,54.0
1788183759.964,7.20,15314.3,12644.3,2669.9,82.57,16373,0,4.0,0.0
1788183760.964,7.12,15314.3,12709.2,2605.1,82.99,0,0,0.0,0.0
1788183761.965,75.66,15314.3,12703.7,2610.6,82.95,65487,0,14.0,0.0
1788183762.968,63.53,15314.3,12646.1,2668.1,82.58,0,0,0.0,0.0
1788183763.968,13.88,15314.3,12514.8,2799.5,81.72,90043,81857,4.0,4.0
1788183764.969,20.35,15314.3,12666.2,2648.1,82.71,0,0,0.0,0.0
1788183765.969,24.15,15314.3,12541.0,2773.2,81.89,8187,0,2.0,0.0
1788183766.970,4.08,15314.3,12511.8,2802.5,81.70,0,0,0.0,0.0
1788183767.971,3.95,15314.3,12482.5,2831.8,81.51,0,0,0.0,0.0
1788183768.971,5.36,15314.3,12484.8,2829.4,81.52,8187,316333210,2.0,2520.4
1788183769.972,1.25,15314.3,12482.5,2831.8,81.51,0,0,0.0,0.0
1788183770.973,4.03,15314.3,12513.2,2801.0,81.71,0,646706,0.0,121.9
1788183771.973,15.14,15314.3,12597.3,2717.0,82.26,0,0,0.0,0.0
1788183772.974,14.98,15314.3,12760.9,2553.3,83.33,0,0,0.0,0.0
1788183773.974,7.07,15314.3,12856.7,2457.5,83.95,0,106420,0.0,4.0
1788183774.975,7.18,15314.3,12936.8,2377.5,84.48,0,90041,0.0,2.0
1788183775.976,7.76,15314.3,12972.9,2341.3,84.71,24558,0,2.0,0.0
1788183776.977,7.50,15314.3,13045.5,2268.8,85.19,0,352018,0.0,38.0
1788183777.978,41.65,15314.3,13104.2,2210.1,85.57,0,0,0.0,0.0
1788183778.979,89.04,15314.3,13087.0,2227.3,85.46,253744,0,4.0,0.0
1788183779.980,14.87,15314.3,12807.0,2507.2,83.63,294687,0,10.0,0.0
1788183780.980,18.91,15314.3,12851.7,2462.5,83.92,0,229223,0.0,24.0
1788183781.981,21.69,15314.3,12787.0,2527.2,83.50,0,32753,0.0,6.0
1788183782.982,5.13,15314.3,12770.5,2543.8,83.39,16371,0,4.0,0.0
1788183783.982,0.82,15314.3,12765.8,2548.4,83.36,0,0,0.0,0.0
1788183784.983,0.63,15314.3,12761.7,2552.6,83.33,0,229223,0.0,20.0
1788183785.984,5.18,15314.3,12763.7,2550.5,83.35,0,0,0.0,0.0
1788183786.984,1.19,15314.3,12761.3,2552.9,83.33,0,8187,0.0,2.0
1788183787.985,15.01,15314.3,12862.2,2452.1,83.99,0,376630,0.0,6.0
1788183788.985,18.81,15314.3,12479.2,2835.0,81.49,0,0,0.0,0.0
1788183789.986,8.37,15314.3,12587.9,2726.3,82.20,8187,1080670,2.0,18.0
1788183790.987,7.39,15314.3,12675.7,2638.6,82.77,0,0,0.0,0.0
1788183791.987,11.82,15314.3,12761.9,2552.4,83.33,0,704073,0.0,8.0
1788183792.988,7.95,15314.3,12843.1,2471.2,83.86,8187,0,2.0,0.0
1788183793.989,20.72,15314.3,12888.0,2426.3,84.16,24557,0,4.0,0.0
1788183794.990,97.82,15314.3,12906.7,2407.5,84.28,16357,310857194,2.0,2433.9
1788183795.993,25.86,15314.3,12924.7,2389.6,84.40,0,0,0.0,0.0
1788183796.994,17.49,15314.3,12839.2,2475.1,83.84,270197,204695,4.0,8.0
1788183797.994,26.16,15314.3,12932.7,2381.6,84.45,0,171929,0.0,32.0
1788183798.995,28.19,15314.3,13022.9,2291.3,85.04,0,0,0.0,0.0
1788183799.996,24.07,15314.3,12454.2,2860.0,81.32,98248,4674953,12.0,80.0
1788183800.997,8.20,15314.3,12455.1,2859.2,81.33,8182,0,2.0,0.0
1788183801.998,6.94,15314.3,12452.7,2861.5,81.31,0,0,0.0,0.0
1788183802.998,8.27,15314.3,12446.0,2868.3,81.27,0,0,0.0,0.0
1788183803.999,10.90,15314.3,12442.3,2872.0,81.25,0,57312,0.0,4.0
1788183804.999,13.32,15314.3,12420.4,2893.8,81.10,0,0,0.0,0.0
1788183806.000,6.87,15314.3,12418.1,2896.2,81.09,0,196430,0.0,22.0
1788183807.001,7.57,15314.3,12408.1,2906.2,81.02,0,368429,0.0,74.0
1788183808.002,9.51,15314.3,12406.6,2907.6,81.01,8187,0,2.0,0.0
1788183809.002,8.61,15314.3,12423.1,2891.1,81.12,0,0,0.0,0.0
1788183810.003,9.83,15314.3,12427.7,2886.5,81.15,0,356385048,0.0,2850.4
1788183811.003,8.32,15314.3,12309.5,3004.8,80.38,8187,0,2.0,0.0
1788183812.004,1.07,15314.3,12311.1,3003.1,80.39,8187,8187,2.0,2.0
1788183813.005,1.13,15314.3,12311.0,3003.2,80.39,0,703889,0.0,8.0
1788183814.005,0.75,15314.3,12309.6,3004.6,80.38,0,0,0.0,0.0
1788183815.006,1.00,15314.3,12305.2,3009.1,80.35,0,258547398,0.0,1978.7
1788183816.007,13.25,15314.3,12354.8,2959.5,80.67,0,0,0.0,0.0
1788183817.007,15.68,15314.3,12411.5,2902.7,81.05,0,196462,0.0,18.0
1788183818.008,15.08,15314.3,12051.3,3263.0,78.69,0,221032,0.0,26.0
1788183819.009,6.88,15314.3,12145.6,3168.7,79.31,0,0,0.0,0.0
1788183820.010,6.88,15314.3,12236.5,3077.7,79.90,0,0,0.0,0.0
1788183821.011,10.29,15314.3,12318.2,2996.0,80.44,0,0,0.0,0.0
1788183822.011,8.55,15314.3,12404.1,2910.2,81.00,0,270167,0.0,36.0
1788183823.012,70.38,15314.3,12401.6,2912.6,80.98,24551,0,6.0,0.0
1788183824.014,64.33,15314.3,12386.4,2927.9,80.88,0,0,0.0,0.0
1788183825.015,14.40,15314.3,12328.8,2985.4,80.51,0,0,0.0,0.0
1788183826.015,22.76,15314.3,12419.4,2894.8,81.10,24562,310868540,6.0,2450.6
1788183827.016,27.13,15314.3,12429.3,2884.9,81.16,0,0,0.0,0.0
1788183828.017,14.50,15314.3,12423.7,2890.5,81.13,0,65498,0.0,4.0
1788183829.017,9.02,15314.3,12420.8,2893.5,81.11,0,638613,0.0,8.0
1788183830.018,9.08,15314.3,12419.6,2894.6,81.10,0,0,0.0,0.0
1788183831.018,8.06,15314.3,12415.8,2898.5,81.07,0,0,0.0,0.0
1788183832.019,12.60,15314.3,12430.5,2883.8,81.17,0,0,0.0,0.0
1788183833.020,21.18,15314.3,12407.2,2907.0,81.02,0,0,0.0,0.0
1788183834.020,14.81,15314.3,12463.8,2850.5,81.39,122815,352069,12.0,36.0
1788183835.021,20.99,15314.3,12435.5,2878.7,81.20,270172,335668,30.0,14.0
1788183836.021,14.51,15314.3,12362.5,2951.8,80.73,0,0,0.0,0.0
1788183837.022,16.34,15314.3,12468.1,2846.2,81.41,0,0,0.0,0.0
1788183838.023,21.75,15314.3,12402.3,2912.0,80.99,0,0,0.0,0.0
1788183839.023,16.95,15314.3,12492.8,2821.4,81.58,8188,0,2.0,0.0
1788183840.024,13.33,15314.3,12423.3,2890.9,81.12,0,0,0.0,0.0
1788183841.024,19.60,15314.3,12470.2,2844.0,81.43,0,5975786,0.0,89.9
1788183842.025,26.21,15314.3,12548.6,2765.6,81.94,49118,0,4.0,0.0
1788183843.026,49.53,15314.3,12059.3,3254.9,78.75,0,368179,0.0,73.9
1788183844.029,7.82,15314.3,11981.4,3332.9,78.24,24501,0,6.0,0.0
1788183845.030,0.75,15314.3,11979.1,3335.2,78.22,32736,0,4.0,0.0
1788183846.031,6.01,15314.3,11954.4,3359.8,78.06,8185,90040,2.0,6.0
1788183847.032,0.82,15314.3,11953.0,3361.3,78.05,0,0,0.0,0.0
1788183848.033,0.69,15314.3,11948.7,3365.6,78.02,0,32737,0.0,4.0
1788183849.034,15.93,15314.3,11999.1,3315.2,78.35,16373,3446620,4.0,40.0
1788183850.034,15.82,15314.3,12115.5,3198.7,79.11,8187,409348,2.0,6.0
1788183851.035,13.09,15314.3,12260.6,3053.6,80.06,0,24560,0.0,2.0
1788183852.036,9.94,15314.3,12331.9,2982.3,80.53,0,1833558,0.0,14.0
1788183853.036,6.94,15314.3,12424.5,2889.7,81.13,0,261951,0.0,18.0
1788183854.037,9.05,15314.3,12490.1,2824.1,81.56,8182,46016984,2.0,427.5
1788183855.038,7.37,15314.3,12560.0,2754.3,82.01,0,0,0.0,0.0
1788183856.039,95.69,15314.3,12526.5,2787.8,81.80,0,0,0.0,0.0
1788183857.041,47.24,15314.3,12459.4,2854.8,81.36,32697,115345847,8.0,1031.8
1788183858.042,15.37,15314.3,12385.0,2929.3,80.87,0,531861,0.0,30.0
1788183859.043,20.17,15314.3,12511.4,2802.8,81.70,0,0,0.0,0.0
1788183860.044,22.47,15314.3,12554.9,2759.4,81.98,0,0,0.0,0.0
1788183861.044,25.66,15314.3,12657.2,2657.0,82.65,32748,0,8.0,0.0
1788183862.045,26.14,15314.3,12165.1,3149.2,79.44,0,0,0.0,0.0
1788183863.046,22.40,15314.3,12131.8,3182.5,79.22,0,199350790,0.0,1590.7
1788183864.047,23.96,15314.3,12127.8,3186.4,79.19,0,38005889,0.0,353.7
1788183865.047,19.66,15314.3,12121.9,3192.4,79.15,0,40794446,0.0,373.8
1788183866.048,14.03,15314.3,12114.6,3199.6,79.11,0,0,0.0,0.0
1788183867.049,14.05,15314.3,12107.4,3206.9,79.06,0,49118,0.0,4.0
1788183868.049,26.22,15314.3,12062.2,3252.1,78.76,8186,0,2.0,0.0
1788183869.050,28.16,15314.3,12100.5,3213.7,79.01,0,458458,0.0,24.0
1788183870.051,26.75,15314.3,12077.2,3237.1,78.86,0,0,0.0,0.0
1788183871.051,22.60,15314.3,12155.6,3158.6,79.37,57316,0,10.0,0.0
1788183872.052,20.10,15314.3,12148.9,3165.3,79.33,0,2922793,0.0,48.0
1788183873.052,18.38,15314.3,12115.6,3198.7,79.11,0,0,0.0,0.0
1788183874.053,18.80,15314.3,12081.3,3232.9,78.89,0,0,0.0,0.0
1788183875.053,18.12,15314.3,12108.6,3205.7,79.07,0,57318,0.0,4.0
1788183876.054,16.36,15314.3,12029.0,3285.2,78.55,0,0,0.0,0.0
1788183877.055,20.93,15314.3,12077.1,3237.2,78.86,302912,753185,16.0,123.9
1788183878.055,17.29,15314.3,12104.6,3209.7,79.04,0,0,0.0,0.0
1788183879.056,56.51,15314.3,12006.1,3308.2,78.40,8183,0,2.0,0.0
1788183880.057,1.44,15314.3,12020.4,3293.9,78.49,0,155554,0.0,4.0
1788183881.058,0.63,15314.3,12014.5,3299.8,78.45,0,662943,0.0,10.0
1788183882.059,1.25,15314.3,11998.2,3316.0,78.35,0,2496728,0.0,22.0
1788183883.060,5.82,15314.3,11988.0,3326.3,78.28,0,0,0.0,0.0
1788183884.061,3.83,15314.3,11985.3,3329.0,78.26,0,286328,0.0,20.0
1788183885.061,15.15,15314.3,12121.1,3193.2,79.15,0,0,0.0,0.0
1788183886.062,14.30,15314.3,12231.2,3083.1,79.87,0,16376,0.0,2.0
1788183887.063,7.75,15314.3,12317.0,2997.3,80.43,0,753129,0.0,8.0
1788183888.063,8.32,15314.3,12378.6,2935.7,80.83,8187,303508592,2.0,2350.5
1788183889.064,12.44,15314.3,12478.2,2836.0,81.48,16373,0,4.0,0.0
1788183890.065,9.96,15314.3,12467.6,2846.7,81.41,0,122789,0.0,4.0
1788183891.066,35.75,15314.3,12492.4,2821.8,81.57,0,0,0.0,0.0
1788183892.067,96.93,15314.3,12494.9,2819.3,81.59,0,0,0.0,0.0
1788183893.068,19.18,15314.3,12397.0,2917.3,80.95,0,0,0.0,0.0
1788183894.079,29.42,15314.3,12484.6,2829.6,81.52,8098,0,2.0,0.0
1788183895.080,23.59,15314.3,12561.4,2752.9,82.02,114620,40936,20.0,4.0
1788183896.081,28.80,15314.3,12649.2,2665.0,82.60,0,794121,0.0,40.0
1788183897.081,26.51,15314.3,12141.4,3172.9,79.28,65485,0,4.0,0.0
1788183898.082,18.56,15314.3,12192.4,3121.9,79.61,0,0,0.0,0.0
1788183899.083,16.04,15314.3,12173.2,3141.0,79.49,0,0,0.0,0.0
1788183900.084,14.32,15314.3,12167.5,3146.8,79.45,8186,622162,2.0,8.0
1788183901.084,16.45,15314.3,12154.2,3160.1,79.36,0,0,0.0,0.0
1788183902.085,13.86,15314.3,12141.2,3173.1,79.28,57311,3184872,4.0,74.0
1788183903.085,23.07,15314.3,12087.0,3227.3,78.93,65500,0,14.0,0.0
1788183904.086,21.70,15314.3,12231.6,3082.6,79.87,8187,0,2.0,0.0
1788183905.086,23.01,15314.3,12199.8,3114.5,79.66,0,0,0.0,0.0
1788183906.087,25.92,15314.3,12231.3,3082.9,79.87,0,0,0.0,0.0
1788183907.087,20.59,15314.3,12205.5,3108.8,79.70,0,204685,0.0,4.0
1788183908.088,24.18,15314.3,12142.3,3171.9,79.29,327480,32748,60.0,4.0
1788183909.089,16.50,15314.3,12193.3,3121.0,79.62,0,0,0.0,0.0
1788183910.089,18.43,15314.3,12137.8,3176.4,79.26,0,0,0.0,0.0
1788183911.090,16.21,15314.3,12155.4,3158.9,79.37,0,491257,0.0,101.9
1788183912.090,25.61,15314.3,12116.1,3198.1,79.12,16373,73681,4.0,4.0
1788183913.091,32.42,15314.3,12152.6,3161.6,79.35,0,1875018,0.0,18.0
1788183914.093,31.58,15314.3,12104.3,3210.0,79.04,8173,368437164,2.0,2897.2
1788183915.094,0.69,15314.3,12078.0,3236.3,78.87,0,0,0.0,0.0
1788183916.095,1.82,15314.3,12057.8,3256.5,78.74,0,0,0.0,0.0
1788183917.095,5.77,15314.3,12058.4,3255.9,78.74,0,679317,0.0,10.0
1788183918.096,0.69,15314.3,12053.0,3261.3,78.70,0,0,0.0,0.0
1788183919.097,10.28,15314.3,12075.3,3239.0,78.85,32746,244989076,2.0,1880.7
1788183920.097,18.16,15314.3,12173.2,3141.0,79.49,8187,0,2.0,0.0
1788183921.098,10.34,15314.3,12252.9,3061.3,80.01,0,0,0.0,0.0
1788183922.098,11.10,15314.3,12325.3,2989.0,80.48,98245,122807,2.0,6.0
1788183923.099,7.96,15314.3,12417.5,2896.8,81.08,0,745107,0.0,52.0
1788183924.100,8.43,15314.3,12496.1,2818.2,81.60,8185,0,2.0,0.0
1788183925.101,7.00,15314.3,12597.3,2716.9,82.26,0,1833657,0.0,14.0
1788183926.102,76.95,15314.3,12570.6,2743.7,82.08,0,8179,0.0,2.0
1788183927.105,62.03,15314.3,12574.8,2739.5,82.11,0,0,0.0,0.0
1788183928.106,16.17,15314.3,12471.0,2843.2,81.43,261896,180053,2.0,4.0
1788183929.107,20.44,15314.3,12591.8,2722.4,82.22,0,0,0.0,0.0
1788183930.107,23.53,15314.3,12594.4,2719.8,82.24,0,0,0.0,0.0
1788183931.108,15.84,15314.3,12107.6,3206.6,79.06,49126,0,4.0,0.0
1788183932.109,7.37,15314.3,12110.7,3203.6,79.08,0,0,0.0,0.0
1788183933.110,11.91,15314.3,12109.8,3204.4,79.08,0,5468629,0.0,89.9
1788183934.111,17.13,15314.3,12109.0,3205.3,79.07,65494,614002,4.0,8.0
1788183935.111,8.58,15314.3,12092.1,3222.2,78.96,65490,0,4.0,0.0
1788183936.112,16.93,15314.3,12052.5,3261.8,78.70,114620,0,26.0,0.0
1788183937.113,17.32,15314.3,12137.3,3177.0,79.25,0,8188,0.0,2.0
1788183938.113,17.96,15314.3,12044.6,3269.7,78.65,0,458490,0.0,30.0
1788183939.114,22.16,15314.3,12071.6,3242.7,78.83,0,0,0.0,0.0
1788183940.114,15.15,15314.3,12017.4,3296.8,78.47,0,0,0.0,0.0
1788183941.115,18.76,15314.3,12103.1,3211.2,79.03,0,0,0.0,0.0
1788183942.115,19.12,15314.3,12080.9,3233.4,78.89,49123,0,4.0,0.0
1788183943.116,14.91,15314.3,11968.6,3345.7,78.15,0,3013039,0.0,103.9
1788183944.117,18.48,15314.3,12089.5,3224.7,78.94,8188,32996877,2.0,303.8
1788183945.117,28.67,15314.3,12057.7,3256.6,78.73,32748,327082388,6.0,2590.4
1788183946.119,34.57,15314.3,12124.9,3189.3,79.17,0,327208,0.0,18.0
1788183947.122,25.41,15314.3,12058.5,3255.7,78.74,8160,0,2.0,0.0
1788183948.123,0.81,15314.3,12072.5,3241.8,78.83,0,0,0.0,0.0
1788183949.124,0.63,15314.3,12060.7,3253.5,78.75,0,0,0.0,0.0
1788183950.125,5.44,15314.3,12059.2,3255.1,78.74,0,0,0.0,0.0
1788183951.125,0.56,15314.3,12047.8,3266.4,78.67,0,0,0.0,0.0
1788183952.126,10.93,15314.3,12082.2,3232.0,78.90,8186,57301,2.0,4.0
1788183953.127,15.63,15314.3,12223.2,3091.1,79.82,0,32750,0.0,4.0
1788183954.128,13.37,15314.3,12242.0,3072.2,79.94,24554,0,6.0,0.0
1788183955.128,11.51,15314.3,12296.2,3018.1,80.29,0,0,0.0,0.0
1788183956.129,7.77,15314.3,12386.2,2928.1,80.88,0,655039,0.0,8.0
1788183957.130,7.07,15314.3,12472.6,2841.7,81.44,0,0,0.0,0.0
1788183958.130,7.00,15314.3,12552.0,2762.3,81.96,0,0,0.0,0.0
1788183959.135,78.70,15314.3,12548.8,2765.5,81.94,16304,0,4.0,0.0
1788183960.136,61.48,15314.3,12562.6,2751.7,82.03,24554,43100424,4.0,393.6
1788183961.137,18.77,15314.3,12450.9,2863.4,81.30,32740,332945390,8.0,2639.7
1788183962.137,20.32,15314.3,12560.9,2753.3,82.02,221077,0,38.0,0.0
1788183963.138,23.70,15314.3,12564.9,2749.3,82.05,196520,0,30.0,0.0
1788183964.138,16.50,15314.3,12086.3,3228.0,78.92,16374,3037315,4.0,48.0
1788183965.139,7.68,15314.3,12081.3,3232.9,78.89,16373,0,4.0,0.0
1788183966.140,8.20,15314.3,12076.0,3238.2,78.85,0,1293488,0.0,28.0
1788183967.140,12.32,15314.3,12071.4,3242.9,78.82,0,0,0.0,0.0
1788183968.141,7.14,15314.3,12062.3,3251.9,78.77,0,0,0.0,0.0
1788183969.142,16.09,15314.3,12038.1,3276.2,78.61,0,327508,0.0,32.0
1788183970.142,15.57,15314.3,12100.4,3213.8,79.01,0,0,0.0,0.0
1788183971.143,29.11,15314.3,12031.5,3282.7,78.56,0,0,0.0,0.0
1788183972.143,17.53,15314.3,12056.9,3257.4,78.73,0,0,0.0,0.0
1788183973.144,16.99,15314.3,12036.0,3278.2,78.59,0,0,0.0,0.0
1788183974.144,18.35,15314.3,11984.2,3330.1,78.26,8188,2685582,2.0,137.9
1788183975.145,16.61,15314.3,12088.2,3226.1,78.93,8188,0,2.0,0.0
1788183976.145,12.43,15314.3,12134.6,3179.6,79.24,0,0,0.0,0.0
1788183977.146,21.24,15314.3,12176.9,3137.3,79.51,32747,9586718,6.0,101.9
1788183978.147,29.21,15314.3,12215.8,3098.4,79.77,0,180120,0.0,20.0
1788183979.147,43.28,15314.3,12213.7,3100.5,79.75,0,24563,0.0,2.0
1788183980.152,17.77,15314.3,12143.9,3170.3,79.30,0,0,0.0,0.0
1788183981.153,0.56,15314.3,12132.2,3182.1,79.22,0,0,0.0,0.0
1788183982.153,1.13,15314.3,12105.3,3208.9,79.05,0,0,0.0,0.0
1788183983.154,4.59,15314.3,12090.1,3224.2,78.95,0,73685,0.0,4.0
1788183984.155,1.63,15314.3,12081.1,3233.2,78.89,0,16372,0.0,2.0
1788183985.155,11.68,15314.3,12129.8,3184.4,79.21,0,745015,0.0,16.0
1788183986.156,18.90,15314.3,12227.7,3086.5,79.85,0,327506,0.0,6.0
1788183987.156,9.94,15314.3,12331.5,2982.8,80.52,0,0,0.0,0.0
1788183988.157,7.33,15314.3,12395.4,2918.8,80.94,0,0,0.0,0.0
1788183989.158,14.53,15314.3,12383.1,2931.2,80.86,8187,8187,2.0,2.0
1788183990.159,7.12,15314.3,12453.4,2860.9,81.32,0,0,0.0,0.0
1788183991.159,11.77,15314.3,12508.0,2806.2,81.68,0,122796,0.0,4.0
1788183992.160,81.69,15314.3,12538.7,2775.6,81.88,0,0,0.0,0.0
1788183993.163,58.54,15314.3,12569.2,2745.0,82.08,24497,0,4.0,0.0
1788183994.164,22.88,15314.3,12526.9,2787.3,81.80,10371243,3749036,1233.0,64.0
1788183995.165,28.76,15314.3,12685.6,2628.7,82.84,3282870,826858,197.9,42.0
1788183996.165,19.64,15314.3,12742.9,2571.3,83.21,0,0,0.0,0.0
1788183997.166,24.79,15314.3,12829.1,2485.2,83.77,221075,0,6.0,0.0
1788183998.166,27.98,15314.3,12876.3,2437.9,84.08,0,311804716,0.0,2446.7
1788183999.179,20.60,15314.3,12531.1,2783.1,81.83,24266,0,3.9,0.0
1788184000.180,16.03,15314.3,12508.9,2805.3,81.68,564854,81863,71.9,6.0
1788184001.181,15.38,15314.3,12502.3,2812.0,81.64,180106,0,34.0,0.0
1788184002.181,13.86,15314.3,12488.4,2825.9,81.55,16373,0,4.0,0.0
1788184003.182,14.30,15314.3,12476.4,2837.9,81.47,1907674,0,205.9,0.0
1788184004.182,21.32,15314.3,12373.7,2940.6,80.80,270139,0,30.0,0.0
1788184005.183,24.37,15314.3,12398.8,2915.4,80.96,0,491247,0.0,101.9
1788184006.184,22.97,15314.3,12382.4,2931.9,80.86,0,270162,0.0,6.0
1788184007.184,25.40,15314.3,12435.3,2878.9,81.20,0,564941,0.0,32.0
1788184008.185,20.41,15314.3,12298.9,3015.4,80.31,16374,270781068,4.0,2110.7
1788184009.185,18.10,15314.3,12352.6,2961.7,80.66,8188,0,2.0,0.0
1788184010.186,17.93,15314.3,12302.4,3011.9,80.33,0,3217613,0.0,28.0
1788184011.187,15.54,15314.3,12229.6,3084.6,79.86,0,0,0.0,0.0
1788184012.187,15.80,15314.3,12277.2,3037.1,80.17,0,646691,0.0,8.0
1788184013.188,21.80,15314.3,12461.3,2852.9,81.37,0,245631,0.0,2.0
1788184014.189,30.42,15314.3,12326.1,2988.2,80.49,0,0,0.0,0.0
1788184015.191,33.15,15314.3,12203.9,3110.3,79.69,8175,0,2.0,0.0
1788184016.191,0.81,15314.3,12215.8,3098.4,79.77,0,0,0.0,0.0
1788184017.192,4.81,15314.3,12211.8,3102.5,79.74,0,8185,0.0,2.0
1788184018.193,0.50,15314.3,12203.5,3110.8,79.69,0,0,0.0,0.0
1788184019.194,0.69,15314.3,12198.0,3116.3,79.65,0,212844,0.0,4.0
1788184020.194,10.18,15314.3,12252.0,3062.2,80.00,0,16374,0.0,2.0
1788184021.195,15.30,15314.3,12434.8,2879.5,81.20,0,24563,0.0,6.0
1788184022.196,17.69,15314.3,12483.7,2830.6,81.52,712157,736714,30.0,42.0
1788184023.196,14.20,15314.3,13446.3,1867.9,87.80,302946,8188,68.0,2.0
1788184024.197,14.18,15314.3,13812.9,1501.4,90.20,16374,15260446,4.0,1187.3
1788184025.197,13.60,15314.3,13895.0,1419.2,90.73,409325,9701014,95.9,373.7
1788184026.198,12.84,15314.3,12836.4,2477.8,83.82,2439648,0,54.0,0.0
1788184027.199,68.25,15314.3,12869.8,2444.4,84.04,949666,818678,93.9,16.0
1788184028.200,79.39,15314.3,12729.5,2584.7,83.12,769325,0,28.0,0.0
1788184029.201,12.91,15314.3,12724.7,2589.6,83.09,196380,0,8.0,0.0
1788184030.201,20.45,15314.3,12695.0,2619.3,82.90,9415756,20591848,273.9,205.9
1788184031.202,21.35,15314.3,12716.6,2597.7,83.04,949683,1580076,153.9,32.0
1788184032.202,28.17,15314.3,12822.7,2491.6,83.73,0,458492,0.0,8.0
1788184033.203,20.79,15314.3,12826.3,2487.9,83.75,65499,319308,10.0,6.0
1788184034.204,21.13,15314.3,12317.0,2997.2,80.43,0,343866380,0.0,2698.1
1788184035.204,18.00,15314.3,12317.0,2997.2,80.43,8187,10970438,2.0,87.9
1788184036.205,13.62,15314.3,12303.7,3010.6,80.34,0,990605,0.0,187.9
1788184037.206,13.85,15314.3,12295.0,3019.2,80.28,0,0,0.0,0.0
1788184038.206,13.54,15314.3,12173.8,3140.5,79.49,0,81866,0.0,4.0
1788184039.207,22.62,15314.3,12276.6,3037.7,80.16,0,90060,0.0,16.0
1788184040.207,24.32,15314.3,12305.6,3008.7,80.35,65499,0,6.0,0.0
1788184041.208,28.51,15314.3,12275.2,3039.1,80.16,16375,0,4.0,0.0
1788184042.209,28.74,15314.3,12402.7,2911.6,80.99,130990,0,2.0,0.0
1788184043.209,25.57,15314.3,12484.3,2829.9,81.52,0,0,0.0,0.0
1788184044.210,17.58,15314.3,12351.4,2962.8,80.65,24561,57310,6.0,4.0
1788184045.210,18.52,15314.3,12320.9,2993.3,80.45,0,0,0.0,0.0
1788184046.211,12.63,15314.3,12224.6,3089.7,79.82,0,1834136,0.0,14.0
1788184047.211,17.81,15314.3,12328.8,2985.4,80.51,253807,8187,22.0,2.0
1788184048.212,24.31,15314.3,12403.3,2911.0,80.99,0,0,0.0,0.0
1788184049.213,26.08,15314.3,12389.7,2924.6,80.90,0,0,0.0,0.0
1788184050.220,33.33,15314.3,12303.6,3010.7,80.34,146394,463581,33.8,27.8
1788184051.221,0.63,15314.3,12283.5,3030.8,80.21,171916,0,42.0,0.0
1788184052.222,0.56,15314.3,12261.9,3052.4,80.07,0,0,0.0,0.0
1788184053.223,7.36,15314.3,12222.8,3091.5,79.81,1604040,0,169.8,0.0
1788184054.224,0.31,15314.3,12205.8,3108.4,79.70,0,0,0.0,0.0
1788184055.225,9.48,15314.3,12206.7,3107.6,79.71,32744,0,8.0,0.0
1788184056.225,15.20,15314.3,12331.5,2982.8,80.52,0,3193199,0.0,42.0
1788184057.226,11.03,15314.3,12453.6,2860.6,81.32,0,106425,0.0,4.0
1788184058.227,14.00,15314.3,12459.7,2854.5,81.36,8184,0,2.0,0.0
1788184059.227,7.54,15314.3,12546.1,2768.2,81.92,0,0,0.0,0.0
1788184060.228,6.95,15314.3,12606.1,2708.2,82.32,0,303486739,0.0,2350.4
1788184061.229,6.51,15314.3,12693.9,2620.3,82.89,0,4444556,0.0,77.9
1788184062.230,78.22,15314.3,12675.6,2638.6,82.77,0,0,0.0,0.0
1788184063.231,63.53,15314.3,12644.5,2669.8,82.57,8186,0,2.0,0.0
1788184064.231,14.54,15314.3,12570.2,2744.1,82.08,8186,0,2.0,0.0
1788184065.232,21.86,15314.3,12662.8,2651.4,82.69,0,343893,0.0,6.0
1788184066.232,20.24,15314.3,12660.8,2653.5,82.67,0,2505435,0.0,22.0
1788184067.233,11.43,15314.3,12656.0,2658.2,82.64,8187,0,2.0,0.0
1788184068.234,7.30,15314.3,12655.5,2658.8,82.64,0,0,0.0,0.0
1788184069.235,8.74,15314.3,12654.0,2660.3,82.63,0,392955,0.0,79.9
1788184070.235,10.47,15314.3,12652.9,2661.4,82.62,16374,343847,4.0,20.0
1788184071.236,8.45,15314.3,12647.8,2666.4,82.59,0,0,0.0,0.0
1788184072.237,18.72,15314.3,12616.4,2697.9,82.38,8187,0,2.0,0.0
1788184073.237,16.08,15314.3,12671.8,2642.4,82.75,0,2079651,0.0,16.0
1788184074.238,18.06,15314.3,12655.5,2658.7,82.64,0,0,0.0,0.0
1788184075.238,17.38,15314.3,12694.6,2619.6,82.89,16375,171940,4.0,4.0
1788184076.239,17.63,15314.3,12695.4,2618.9,82.90,5746785,0,52.0,0.0
1788184077.240,17.54,15314.3,12761.5,2552.7,83.33,163751,442128,16.0,42.0
1788184078.240,15.55,15314.3,12731.4,2582.9,83.13,0,0,0.0,0.0
1788184079.241,12.29,15314.3,12696.3,2617.9,82.91,16375,0,4.0,0.0
1788184080.241,19.13,15314.3,12695.2,2619.0,82.90,8188,270188,2.0,26.0
1788184081.242,25.19,15314.3,12906.8,2407.5,84.28,0,245595,0.0,10.0
1788184082.243,46.55,15314.3,12493.5,2820.8,81.58,0,0,0.0,0.0
1788184083.245,9.95,15314.3,12373.2,2941.1,80.80,24531,711404,4.0,6.0
1788184084.245,0.44,15314.3,12362.3,2952.0,80.72,0,0,0.0,0.0
1788184085.246,4.81,15314.3,12359.6,2954.6,80.71,65490,0,12.0,0.0
1788184086.247,0.81,15314.3,12349.7,2964.5,80.64,0,313824573,0.0,2454.4
1788184087.247,0.44,15314.3,12337.0,2977.2,80.56,49112,180077,12.0,8.0
1788184088.248,13.13,15314.3,12398.0,2916.2,80.96,0,8187,0.0,2.0
1788184089.249,15.08,15314.3,12486.4,2827.9,81.53,0,0,0.0,0.0
1788184090.249,15.62,15314.3,12609.5,2704.8,82.34,0,0,0.0,0.0
1788184091.250,7.28,15314.3,12700.9,2613.3,82.94,8187,0,2.0,0.0
1788184092.251,9.10,15314.3,12690.1,2624.2,82.86,0,5875089,0.0,107.9
1788184093.252,6.51,15314.3,12761.5,2552.8,83.33,0,0,0.0,0.0
1788184094.254,12.93,15314.3,12819.2,2495.1,83.71,0,0,0.0,0.0
1788184095.255,96.81,15314.3,12800.6,2513.7,83.59,32728,0,8.0,0.0
1788184096.257,47.56,15314.3,12733.7,2580.6,83.15,376220,0,51.9,0.0
1788184097.258,14.62,15314.3,12742.0,2572.3,83.20,0,90017,0.0,6.0
1788184098.259,22.15,15314.3,12735.1,2579.2,83.16,0,0,0.0,0.0
1788184099.259,21.63,15314.3,12741.4,2572.8,83.20,0,0,0.0,0.0
1788184100.260,16.39,15314.3,12258.0,3056.2,80.04,16374,499419,4.0,95.9
1788184101.260,6.70,15314.3,12256.3,3057.9,80.03,0,0,0.0,0.0
1788184102.261,9.75,15314.3,12247.9,3066.4,79.98,0,40929,0.0,4.0
1788184103.262,8.67,15314.3,12244.2,3070.1,79.95,24560,0,6.0,0.0
1788184104.262,6.88,15314.3,12238.2,3076.1,79.91,0,0,0.0,0.0
1788184105.263,15.55,15314.3,12188.4,3125.8,79.59,0,0,0.0,0.0
1788184106.264,14.90,15314.3,12282.2,3032.1,80.20,0,188311,0.0,20.0
1788184107.264,17.25,15314.3,12270.7,3043.6,80.13,0,0,0.0,0.0
1788184108.265,20.37,15314.3,12267.7,3046.6,80.11,81876,0,8.0,0.0
1788184109.265,20.29,15314.3,12248.6,3065.7,79.98,0,0,0.0,0.0
1788184110.266,17.80,15314.3,12216.8,3097.4,79.77,0,0,0.0,0.0
1788184111.267,15.58,15314.3,12292.9,3021.4,80.27,0,73684,0.0,4.0
1788184112.267,14.97,15314.3,12315.3,2999.0,80.42,352081,313221140,30.0,2454.8
1788184113.268,21.76,15314.3,12371.1,2943.2,80.78,8188,0,2.0,0.0
1788184114.268,18.79,15314.3,12489.1,2825.1,81.55,0,0,0.0,0.0
1788184115.269,53.98,15314.3,12536.9,2777.4,81.86,8187,0,2.0,0.0
1788184116.269,2.51,15314.3,12453.0,2861.2,81.32,0,130999,0.0,4.0
1788184117.270,0.44,15314.3,12431.1,2883.1,81.17,0,1015145,0.0,20.0
1788184118.271,5.37,15314.3,12389.8,2924.4,80.90,49121,163737,12.0,20.0
1788184119.272,0.56,15314.3,12320.6,2993.6,80.45,0,0,0.0,0.0
1788184120.273,0.31,15314.3,12297.4,3016.8,80.30,0,0,0.0,0.0
1788184121.274,17.08,15314.3,12299.3,3015.0,80.31,0,0,0.0,0.0
1788184122.274,17.66,15314.3,12406.2,2908.0,81.01,0,16375,0.0,2.0
1788184123.275,12.55,15314.3,12539.4,2774.9,81.88,0,0,0.0,0.0
1788184124.275,7.33,15314.3,12643.5,2670.8,82.56,0,49123,0.0,4.0
1788184125.276,6.69,15314.3,12724.5,2589.7,83.09,0,327433,0.0,6.0
1788184126.277,6.94,15314.3,12741.2,2573.1,83.20,0,0,0.0,0.0
1788184127.278,16.27,15314.3,12690.5,2623.8,82.87,65448,4458613,4.0,75.9
1788184128.281,97.25,15314.3,12752.1,2562.2,83.27,0,0,0.0,0.0
1788184129.282,33.07,15314.3,12762.9,2551.3,83.34,8184,0,2.0,0.0
1788184130.283,16.15,15314.3,12712.1,2602.2,83.01,0,0,0.0,0.0
1788184131.284,22.23,15314.3,12808.5,2505.8,83.64,0,114629,0.0,4.0
1788184132.285,23.43,15314.3,12857.5,2456.8,83.96,0,0,0.0,0.0
1788184133.285,25.90,15314.3,12887.4,2426.9,84.15,8187,278369,2.0,56.0
1788184134.286,29.84,15314.3,12412.8,2901.5,81.05,0,0,0.0,0.0
1788184135.287,22.56,15314.3,12435.7,2878.5,81.20,0,0,0.0,0.0
1788184136.287,15.16,15314.3,12431.9,2882.3,81.18,564863,0,129.9,0.0
1788184137.288,21.46,15314.3,12420.5,2893.8,81.10,0,180104,0.0,20.0
1788184138.289,14.50,15314.3,12415.0,2899.2,81.07,0,310891926,0.0,2436.2
1788184139.289,15.14,15314.3,12286.1,3028.2,80.23,0,0,0.0,0.0
1788184140.290,23.96,15314.3,12437.5,2876.8,81.21,0,0,0.0,0.0
1788184141.290,30.22,15314.3,12494.0,2820.3,81.58,0,0,0.0,0.0
1788184142.291,23.45,15314.3,12429.7,2884.5,81.16,0,0,0.0,0.0
1788184143.292,23.08,15314.3,12473.6,2840.7,81.45,0,229242,0.0,2.0
1788184144.292,26.80,15314.3,12464.7,2849.6,81.39,0,0,0.0,0.0
1788184145.293,18.73,15314.3,12405.4,2908.8,81.01,0,73688,0.0,4.0
1788184146.293,16.73,15314.3,12405.4,2908.8,81.01,65494,0,8.0,0.0
1788184147.294,18.40,15314.3,12229.3,3085.0,79.86,0,0,0.0,0.0
1788184148.295,15.71,15314.3,12318.1,2996.1,80.44,0,8188,0.0,2.0
1788184149.295,23.82,15314.3,12421.8,2892.4,81.11,0,0,0.0,0.0
1788184150.296,33.56,15314.3,12470.6,2843.7,81.43,0,0,0.0,0.0
1788184151.301,26.92,15314.3,12338.3,2975.9,80.57,0,24467,0.0,4.0
1788184152.302,4.99,15314.3,12317.8,2996.4,80.43,0,0,0.0,0.0
1788184153.303,0.75,15314.3,12305.6,3008.6,80.35,0,16370,0.0,2.0
1788184154.304,3.01,15314.3,12283.7,3030.6,80.21,0,0,0.0,0.0
1788184155.305,0.63,15314.3,12264.5,3049.8,80.09,0,0,0.0,0.0
1788184156.306,6.27,15314.3,6729.0,8585.2,43.94,2144589,49113,265.8,4.0
1788184157.306,6.08,15314.3,6721.4,8592.8,43.89,114615,0,28.0,0.0
1788184158.307,10.94,15314.3,6759.6,8554.7,44.14,3970443,0,235.8,0.0
1788184159.308,13.45,15314.3,6825.4,8488.8,44.57,15331754,0,881.3,0.0
1788184160.308,15.93,15314.3,6924.0,8390.3,45.21,35892642,0,2026.8,0.0
1788184161.309,10.66,15314.3,6988.2,8326.0,45.63,37716031,0,2008.7,0.0
1788184162.309,15.88,15314.3,7033.9,8280.3,45.93,33117232,303777944,1771.0,2404.6
1788184163.310,18.37,15314.3,7091.0,8223.2,46.30,7163904,3152118,357.8,139.9
1788184164.311,15.58,15314.3,7179.8,8134.4,46.88,9078947,0,501.7,0.0
1788184165.311,0.38,15314.3,7179.3,8135.0,46.88,65496,0,16.0,0.0
1788184166.312,1.00,15314.3,7185.2,8129.0,46.92,1219848,0,87.9,0.0
1788184167.312,12.54,15314.3,7213.8,8100.5,47.11,20846007,0,765.6,0.0
1788184168.313,17.99,15314.3,7347.8,7966.4,47.98,0,122822,0.0,24.0
1788184169.314,15.60,15314.3,7376.9,7937.4,48.17,19280411,65496,1511.1,16.0
1788184170.314,10.58,15314.3,7409.6,7904.7,48.38,6885732,0,257.9,0.0
1788184171.315,24.07,15314.3,7555.9,7758.4,49.34,15245747,0,747.6,0.0
1788184172.315,24.78,15314.3,7605.3,7708.9,49.66,12486355,0,569.7,0.0
1788184173.316,16.09,15314.3,7675.5,7638.8,50.12,16604378,0,797.6,0.0
1788184174.316,22.51,15314.3,7835.8,7478.4,51.17,155549,114615,20.0,6.0
1788184175.317,9.61,15314.3,7909.8,7404.4,51.65,32748,0,8.0,0.0
1788184176.318,9.40,15314.3,8003.6,7310.7,52.26,65482,0,6.0,0.0
1788184177.318,12.44,15314.3,8088.3,7226.0,52.82,0,0,0.0,0.0
1788184178.319,8.52,15314.3,8172.2,7142.1,53.36,8187,212855,2.0,20.0
1788184179.320,51.02,15314.3,8271.3,7043.0,54.01,2104023,24561,151.9,6.0
1788184180.322,92.20,15314.3,9601.1,5713.1,62.69,196103,0,10.0,0.0
1788184181.323,79.66,15314.3,9744.8,5569.5,63.63,605579,613762,28.0,8.0
1788184182.324,26.71,15314.3,9775.9,5538.4,63.84,409224,0,30.0,0.0
1788184183.325,22.50,15314.3,9811.4,5502.9,64.07,0,0,0.0,0.0
1788184184.325,36.01,15314.3,9987.1,5327.2,65.21,851465,0,56.0,0.0
1788184185.326,27.83,15314.3,9934.6,5379.6,64.87,73692,0,12.0,0.0
1788184186.327,4.08,15314.3,9933.1,5381.2,64.86,32741,139149,8.0,4.0
1788184187.327,1.45,15314.3,9925.9,5388.4,64.81,16373,0,4.0,0.0
1788184188.328,0.44,15314.3,9917.2,5397.0,64.76,32741,0,8.0,0.0
1788184189.329,0.31,15314.3,9909.4,5404.8,64.71,8183,16367,2.0,4.0
1788184190.330,3.53,15314.3,9927.4,5386.9,64.82,0,310081780,0.0,2446.5
1788184191.330,16.00,15314.3,10097.6,5216.6,65.94,16375,0,4.0,0.0
1788184192.331,26.99,15314.3,10463.9,4850.4,68.33,32747,163734,8.0,4.0
1788184193.332,6.64,15314.3,10747.3,4567.0,70.18,40933,0,6.0,0.0
1788184194.333,6.82,15314.3,10849.5,4464.8,70.85,16363,4115321,4.0,67.9
1788184195.334,7.51,15314.3,11008.6,4305.6,71.88,0,0,0.0,0.0
1788184196.334,6.95,15314.3,11094.4,4219.9,72.44,16374,0,4.0,0.0
1788184197.335,44.21,15314.3,11147.5,4166.8,72.79,40935,114617,10.0,4.0
1788184198.336,94.49,15314.3,11139.1,4175.1,72.74,114543,0,6.0,0.0
1788184199.337,25.45,15314.3,11078.0,4236.3,72.34,163695,0,4.0,0.0
1788184200.338,23.48,15314.3,11156.4,4157.9,72.85,32752,0,8.0,0.0
1788184201.338,26.14,15314.3,11194.3,4120.0,73.10,409387,0,34.0,0.0
1788184202.339,29.45,15314.3,11311.8,4002.4,73.86,8188,196501,2.0,24.0
1788184203.339,28.29,15314.3,10704.7,4609.6,69.90,278377,0,68.0,0.0
1788184204.340,9.03,15314.3,10724.5,4589.8,70.03,32747,1187081,8.0,12.0
1788184205.340,10.87,15314.3,10724.2,4590.1,70.03,941528,253803,8.0,56.0
1788184206.341,6.88,15314.3,10719.6,4594.6,70.00,0,0,0.0,0.0
1788184207.342,6.88,15314.3,10712.4,4601.9,69.95,0,0,0.0,0.0
1788184208.342,6.57,15314.3,10707.2,4607.1,69.92,0,0,0.0,0.0
1788184209.343,7.25,15314.3,10702.1,4612.2,69.88,8187,8187,2.0,2.0
1788184210.344,11.39,15314.3,10695.1,4619.1,69.84,0,204661,0.0,4.0
1788184211.344,9.01,15314.3,10709.3,4605.0,69.93,270153,0,4.0,0.0
1788184212.345,7.86,15314.3,10699.9,4614.4,69.87,8188,0,2.0,0.0
1788184213.346,10.71,15314.3,10563.6,4750.6,68.98,8185,0,2.0,0.0
1788184214.346,0.38,15314.3,10560.6,4753.7,68.96,49120,0,12.0,0.0
1788184215.347,1.26,15314.3,10556.4,4757.8,68.93,0,24560,0.0,4.0
1788184216.348,4.59,15314.3,10559.4,4754.9,68.95,0,427781800,0.0,3351.3
1788184217.349,0.44,15314.3,10557.3,4757.0,68.94,0,1325718,0.0,26.0
1788184218.350,3.51,15314.3,10580.2,4734.1,69.09,0,0,0.0,0.0
1788184219.350,15.60,15314.3,10729.2,4585.1,70.06,0,0,0.0,0.0
1788184220.351,13.97,15314.3,10858.9,4455.4,70.91,32740,0,8.0,0.0
1788184221.352,11.64,15314.3,10950.5,4363.7,71.51,24560,182281560,6.0,1425.1
1788184222.352,9.46,15314.3,10607.1,4707.1,69.26,24560,0,6.0,0.0
1788184223.353,6.77,15314.3,10681.2,4633.1,69.75,8187,0,2.0,0.0
1788184224.354,6.88,15314.3,10765.8,4548.5,70.30,16363,0,4.0,0.0
1788184225.355,57.77,15314.3,10781.9,4532.3,70.40,16370,4763649,4.0,61.9
1788184226.358,75.90,15314.3,10765.6,4548.6,70.30,32662,122484,8.0,4.0
1788184227.359,14.45,15314.3,10787.1,4527.2,70.44,24554,0,6.0,0.0
1788184228.360,16.56,15314.3,10779.6,4534.7,70.39,106442,3086825,26.0,40.0
1788184229.360,16.28,15314.3,10821.1,4493.2,70.66,40937,0,10.0,0.0
1788184230.361,26.73,15314.3,10913.7,4400.6,71.26,8187,0,2.0,0.0
1788184231.362,13.36,15314.3,10785.3,4528.9,70.43,188289,0,46.0,0.0
1788184232.363,9.31,15314.3,10782.9,4531.3,70.41,327252,0,26.0,0.0
1788184233.364,11.72,15314.3,10784.2,4530.1,70.42,8187,0,2.0,0.0
1788184234.364,7.77,15314.3,10779.7,4534.6,70.39,8187,761398,2.0,70.0
1788184235.365,6.76,15314.3,10767.0,4547.2,70.31,16375,0,4.0,0.0
1788184236.365,7.19,15314.3,10751.9,4562.3,70.21,122786,0,26.0,0.0
1788184237.366,6.75,15314.3,10746.1,4568.1,70.17,73681,0,18.0,0.0
1788184238.367,9.40,15314.3,10748.6,4565.7,70.19,24559,188282,6.0,20.0
1788184239.367,6.85,15314.3,10737.4,4576.8,70.11,8188,0,2.0,0.0
1788184240.368,7.47,15314.3,10727.4,4586.9,70.05,98249,8187,22.0,2.0
1788184241.369,8.31,15314.3,10595.4,4718.9,69.19,57293,507456,14.0,91.9
1788184242.369,0.25,15314.3,10594.8,4719.5,69.18,16373,0,4.0,0.0
1788184243.370,0.50,15314.3,10587.7,4726.6,69.14,0,57296,0.0,4.0
1788184244.371,5.90,15314.3,10586.6,4727.7,69.13,139148,0,10.0,0.0
1788184245.372,0.38,15314.3,10583.9,4730.4,69.11,16369,0,4.0,0.0
1788184246.373,6.56,15314.3,10610.7,4703.6,69.29,8185,0,2.0,0.0
1788184247.373,16.76,15314.3,10754.1,4560.2,70.22,16376,0,4.0,0.0
1788184248.374,10.64,15314.3,10873.1,4441.2,71.00,8186,0,2.0,0.0
1788184249.375,14.09,15314.3,10443.7,4870.5,68.20,0,32747,0.0,4.0
1788184250.375,8.11,15314.3,10529.6,4784.7,68.76,8188,0,2.0,0.0
1788184251.376,6.63,15314.3,10627.5,4686.8,69.40,0,0,0.0,0.0
1788184252.377,7.32,15314.3,10719.8,4594.4,70.00,0,608988328,0.0,4735.4
1788184253.378,82.36,15314.3,10719.1,4595.1,69.99,16361,0,4.0,0.0
1788184254.379,54.15,15314.3,10737.2,4577.0,70.11,16371,0,4.0,0.0
1788184255.380,18.06,15314.3,10757.9,4556.3,70.25,8185,4199084,2.0,71.9
1788184256.380,25.39,15314.3,10823.7,4490.5,70.68,0,0,0.0,0.0
1788184257.381,12.44,15314.3,10691.2,4623.1,69.81,0,0,0.0,0.0
1788184258.382,1.07,15314.3,10692.2,4622.1,69.82,90040,0,22.0,0.0
1788184259.383,0.50,15314.3,10685.4,4628.9,69.77,90032,0,16.0,0.0
1788184260.383,3.62,15314.3,10684.9,4629.4,69.77,24555,98220,6.0,4.0
1788184261.384,2.34,15314.3,10683.7,4630.6,69.76,16374,1932118,4.0,18.0
1788184262.385,8.72,15314.3,10771.1,4543.2,70.33,40930,0,10.0,0.0
1788184263.385,21.02,15314.3,10849.1,4465.2,70.84,8187,1940433,2.0,28.0
1788184264.386,9.78,15314.3,10965.5,4348.8,71.60,49119,8187,12.0,2.0
1788184265.387,6.75,15314.3,11027.1,4287.1,72.01,16373,0,4.0,0.0
1788184266.388,11.27,15314.3,11136.7,4177.5,72.72,16368,106392,4.0,6.0
1788184267.388,6.69,15314.3,11225.6,4088.7,73.30,8187,0,2.0,0.0
1788184268.389,6.88,15314.3,11304.4,4009.9,73.82,8187,0,2.0,0.0
1788184269.390,88.54,15314.3,11313.9,4000.3,73.88,24543,0,6.0,0.0
1788184270.392,46.52,15314.3,11362.7,3951.6,74.20,16347,0,4.0,0.0
1788184271.393,20.53,15314.3,11307.2,4007.1,73.83,0,24556,0.0,4.0
1788184272.394,24.16,15314.3,11363.6,3950.7,74.20,0,0,0.0,0.0
1788184273.394,13.17,15314.3,10711.7,4602.6,69.95,0,0,0.0,0.0
1788184274.395,0.56,15314.3,10710.6,4603.6,69.94,122818,155569,30.0,36.0
1788184275.396,0.31,15314.3,10702.3,4612.0,69.88,0,0,0.0,0.0
1788184276.396,0.88,15314.3,10620.0,4694.3,69.35,0,0,0.0,0.0
1788184277.397,0.44,15314.3,10549.8,4764.4,68.89,0,32740,0.0,4.0
1788184278.398,9.28,15314.3,10613.1,4701.2,69.30,0,0,0.0,0.0
1788184279.398,16.55,15314.3,10732.9,4581.4,70.08,0,0,0.0,0.0
1788184280.399,8.83,15314.3,10853.3,4461.0,70.87,0,0,0.0,0.0
1788184281.400,6.63,15314.3,10939.5,4374.7,71.43,0,0,0.0,0.0
1788184282.400,11.26,15314.3,11021.8,4292.5,71.97,0,0,0.0,0.0
1788184283.401,7.25,15314.3,11093.0,4221.3,72.44,0,0,0.0,0.0
1788184284.402,10.22,15314.3,11175.2,4139.0,72.97,32740,619472664,8.0,4857.8
1788184285.403,96.81,15314.3,11173.8,4140.5,72.96,0,171770,0.0,20.0
1788184286.410,35.35,15314.3,11221.4,4092.9,73.27,8139,2726609,2.0,33.8
1788184287.410,20.73,15314.3,11181.1,4133.2,73.01,8188,0,2.0,0.0
1788184288.411,25.92,15314.3,11227.4,4086.9,73.31,0,0,0.0,0.0
1788184289.411,28.95,15314.3,11327.9,3986.4,73.97,0,0,0.0,0.0
1788184290.412,17.70,15314.3,10682.7,4631.6,69.76,0,0,0.0,0.0
1788184291.413,7.58,15314.3,10678.2,4636.1,69.73,0,0,0.0,0.0
1788184292.414,6.69,15314.3,10676.0,4638.3,69.71,0,40928,0.0,4.0
1788184293.415,12.56,15314.3,10703.7,4610.6,69.89,0,0,0.0,0.0
1788184294.415,6.95,15314.3,10690.9,4623.4,69.81,0,16374,0.0,4.0
1788184295.416,7.88,15314.3,10679.3,4635.0,69.73,32748,204675,8.0,6.0
1788184296.417,7.25,15314.3,10673.1,4641.2,69.69,32728,0,8.0,0.0
1788184297.418,6.64,15314.3,10672.4,4641.9,69.69,114570,0,4.0,0.0
1788184298.419,10.15,15314.3,10702.0,4612.3,69.88,8187,261968,2.0,20.0
1788184299.419,9.14,15314.3,10699.4,4614.8,69.87,0,16374,0.0,2.0
1788184300.420,9.55,15314.3,10575.5,4738.7,69.06,8186,90043,2.0,12.0
1788184301.421,3.38,15314.3,10572.0,4742.3,69.03,0,0,0.0,0.0
1788184302.422,0.38,15314.3,10570.2,4744.1,69.02,0,0,0.0,0.0
1788184303.423,0.44,15314.3,10565.1,4749.2,68.99,0,0,0.0,0.0
1788184304.424,5.05,15314.3,10570.4,4743.9,69.02,0,343696,0.0,6.0
1788184305.425,1.25,15314.3,10576.8,4737.4,69.07,0,0,0.0,0.0
1788184306.425,15.37,15314.3,10662.3,4652.0,69.62,0,0,0.0,0.0
1788184307.426,14.65,15314.3,10821.9,4492.3,70.67,0,0,0.0,0.0
1788184308.426,10.62,15314.3,10418.8,4895.4,68.03,0,286536,0.0,58.0
1788184309.427,9.17,15314.3,10511.0,4803.3,68.64,0,106428,0.0,4.0
1788184310.428,8.98,15314.3,10589.4,4724.9,69.15,0,0,0.0,0.0
1788184311.428,6.76,15314.3,10674.2,4640.1,69.70,0,65498,0.0,6.0
1788184312.429,38.72,15314.3,10715.2,4599.0,69.97,0,0,0.0,0.0
1788184313.430,91.35,15314.3,10709.5,4604.8,69.93,0,245599,0.0,2.0
1788184314.430,17.73,15314.3,10610.9,4703.4,69.29,261922,0,2.0,0.0
1788184315.431,25.93,15314.3,10732.9,4581.3,70.08,245623,918644958,2.0,7156.0
1788184316.431,19.34,15314.3,10761.0,4553.2,70.27,0,507661,0.0,8.0
1788184317.432,27.24,15314.3,10849.5,4464.8,70.85,24562,4306548,6.0,74.0
1788184318.433,18.28,15314.3,10766.8,4547.4,70.31,0,1833999,0.0,14.0
1788184319.433,7.57,15314.3,10766.6,4547.7,70.30,0,0,0.0,0.0
1788184320.434,7.20,15314.3,10766.2,4548.0,70.30,16374,0,4.0,0.0
1788184321.435,8.01,15314.3,10765.0,4549.3,70.29,409303,0,20.0,0.0
1788184322.436,13.84,15314.3,10766.7,4547.5,70.31,0,229160,0.0,4.0
1788184323.436,6.82,15314.3,10759.9,4554.3,70.26,0,204666,0.0,20.0
1788184324.437,7.33,15314.3,10757.6,4556.7,70.25,0,0,0.0,0.0
1788184325.438,7.61,15314.3,10750.4,4563.9,70.20,24554,319197,2.0,32.0
1788184326.438,9.38,15314.3,10766.8,4547.4,70.31,0,0,0.0,0.0
1788184327.439,10.88,15314.3,10761.2,4553.1,70.27,0,57314,0.0,8.0
1788184328.440,12.40,15314.3,11342.9,3971.4,74.07,261987,97409867,42.0,6336.2
1788184329.440,7.65,15314.3,11662.6,3651.7,76.15,491242,108253300,74.0,3895.8
1788184330.441,6.63,15314.3,11676.8,3637.5,76.25,130975,0,22.0,0.0
1788184331.442,4.07,15314.3,10504.7,4809.5,68.59,16368,1096668,4.0,26.0
1788184332.442,0.31,15314.3,10505.6,4808.6,68.60,0,0,0.0,0.0
1788184333.443,16.76,15314.3,10569.5,4744.8,69.02,2054917,0,319.8,0.0
1788184334.444,16.38,15314.3,10669.5,4644.7,69.67,39385710,0,425.7,0.0
1788184335.444,11.45,15314.3,10792.2,4522.0,70.47,6025192,16373,83.9,2.0
1788184336.445,6.82,15314.3,10859.1,4455.1,70.91,57307,0,14.0,0.0
1788184337.446,10.01,15314.3,10463.9,4850.3,68.33,21465212,0,233.8,0.0
1788184338.447,10.73,15314.3,10534.1,4780.1,68.79,6588151,57288,109.9,4.0
1788184339.447,7.33,15314.3,10616.1,4698.2,69.32,8621249,0,137.9,0.0
1788184340.448,76.24,15314.3,10603.6,4710.7,69.24,0,2283304,0.0,99.9
1788184341.453,59.21,15314.3,10575.6,4738.6,69.06,0,0,0.0,0.0
1788184342.454,17.05,15314.3,10631.5,4682.7,69.42,49114,24557,12.0,6.0
1788184343.454,25.05,15314.3,10661.6,4652.7,69.62,0,0,0.0,0.0
1788184344.455,12.44,15314.3,10606.8,4707.5,69.26,155564,122814,38.0,4.0
1788184345.455,1.32,15314.3,10585.1,4729.1,69.12,0,0,0.0,0.0
1788184346.456,0.82,15314.3,10568.1,4746.1,69.01,0,246706738,0.0,1910.8
1788184347.457,0.94,15314.3,10546.0,4768.2,68.86,8184,365607403,2.0,2875.2
1788184348.458,0.50,15314.3,10534.2,4780.1,68.79,49093,0,12.0,0.0
1788184349.459,10.85,15314.3,10550.9,4763.4,68.90,0,57313,0.0,4.0
1788184350.459,18.03,15314.3,10645.5,4668.8,69.51,196507,212883,34.0,20.0
1788184351.460,10.21,15314.3,10775.9,4538.3,70.37,40935,0,10.0,0.0
1788184352.461,6.81,15314.3,10868.1,4446.1,70.97,32726,0,4.0,0.0
1788184353.462,6.64,15314.3,10957.2,4357.0,71.55,24553,0,4.0,0.0
1788184354.463,7.00,15314.3,11036.6,4277.6,72.07,0,0,0.0,0.0
1788184355.464,11.92,15314.3,11098.8,4215.5,72.47,16373,155544,4.0,4.0
1788184356.465,86.62,15314.3,11098.7,4215.6,72.47,32716,204475,8.0,22.0
1788184357.466,45.08,15314.3,11141.6,4172.6,72.75,0,0,0.0,0.0
1788184358.467,17.85,15314.3,11094.5,4219.8,72.45,8185,0,2.0,0.0
1788184359.467,27.55,15314.3,10619.9,4694.4,69.35,8188,0,2.0,0.0
1788184360.468,9.97,15314.3,10480.7,4833.6,68.44,16374,0,4.0,0.0
1788184361.469,1.19,15314.3,10478.2,4836.0,68.42,81856,0,14.0,0.0
1788184362.470,0.44,15314.3,10473.3,4841.0,68.39,0,0,0.0,0.0
1788184363.471,0.31,15314.3,10467.2,4847.1,68.35,16368,0,4.0,0.0
1788184364.471,0.31,15314.3,10458.2,4856.0,68.29,0,0,0.0,0.0
1788184365.472,16.58,15314.3,10548.7,4765.6,68.88,212858,32747,20.0,4.0
1788184366.473,17.37,15314.3,10648.9,4665.4,69.54,0,0,0.0,0.0
1788184367.473,8.70,15314.3,10761.7,4552.6,70.27,0,0,0.0,0.0
1788184368.474,6.64,15314.3,10847.7,4466.5,70.83,0,0,0.0,0.0
1788184369.475,6.95,15314.3,10925.1,4389.1,71.34,0,16368,0.0,2.0
1788184370.476,7.25,15314.3,11020.4,4293.9,71.96,24550,1833057,4.0,14.0
1788184371.477,17.01,15314.3,11063.0,4251.3,72.24,65487,188274,16.0,4.0
1788184372.498,97.35,15314.3,11045.0,4269.3,72.12,0,0,0.0,0.0
1788184373.499,31.13,15314.3,11049.0,4265.2,72.15,8181,466563748,2.0,3976.5
1788184374.500,21.52,15314.3,11067.7,4246.6,72.27,32752,0,4.0,0.0
1788184375.500,28.70,15314.3,10696.3,4618.0,69.85,1105335,311131,171.9,62.0
1788184376.501,29.06,15314.3,10783.9,4530.3,70.42,40934,0,6.0,0.0
1788184377.501,14.10,15314.3,10656.2,4658.0,69.58,3913662,90063,56.0,4.0
1788184378.502,7.40,15314.3,10648.8,4665.5,69.54,0,163811237,0.0,1360.8
1788184379.503,11.16,15314.3,10643.2,4671.1,69.50,90054,0,20.0,0.0
1788184380.503,7.14,15314.3,10636.9,4677.3,69.46,0,171918,0.0,20.0
1788184381.504,9.02,15314.3,10581.4,4732.9,69.09,0,335664,0.0,36.0
1788184382.505,7.57,15314.3,10093.9,5220.3,65.91,0,0,0.0,0.0
1788184383.505,6.81,15314.3,10084.3,5229.9,65.85,0,114598,0.0,4.0
1788184384.506,12.92,15314.3,10090.5,5223.8,65.89,0,16370,0.0,4.0
1788184385.507,9.70,15314.3,10079.7,5234.5,65.82,0,0,0.0,0.0
1788184386.507,6.95,15314.3,10071.7,5242.6,65.77,0,81877,0.0,4.0
1788184387.508,5.11,15314.3,9972.1,5342.2,65.12,0,8184,0.0,2.0
1788184388.509,0.56,15314.3,9969.1,5345.1,65.10,0,8185,0.0,2.0
1788184389.510,0.38,15314.3,9965.4,5348.8,65.07,0,0,0.0,0.0
1788184390.511,4.93,15314.3,9976.0,5338.2,65.14,0,0,0.0,0.0
1788184391.511,0.31,15314.3,9974.3,5340.0,65.13,0,0,0.0,0.0
1788184392.512,9.86,15314.3,10026.7,5287.5,65.47,0,0,0.0,0.0
1788184393.513,15.06,15314.3,10210.4,5103.8,66.67,8187,0,2.0,0.0
1788184394.513,9.12,15314.3,10293.3,5021.0,67.21,564868,0,16.0,0.0
1788184395.514,11.86,15314.3,10366.3,4947.9,67.69,8187,139173,2.0,20.0
1788184396.515,12.02,15314.3,10438.3,4876.0,68.16,35287169,0,399.8,0.0
1788184397.515,6.65,15314.3,10529.6,4784.6,68.76,34048805,0,317.8,0.0
1788184398.516,8.81,15314.3,10616.7,4697.6,69.33,30254506,0,313.8,0.0
1788184399.517,90.90,15314.3,10614.7,4699.6,69.31,0,2135934,0.0,18.0
1788184400.520,39.23,15314.3,10562.4,4751.9,68.97,0,49010,0.0,4.0
1788184401.520,15.63,15314.3,10581.8,4732.5,69.10,0,0,0.0,0.0
1788184402.521,18.36,15314.3,10626.4,4687.9,69.39,605876,0,58.0,0.0
1788184403.522,17.51,15314.3,10625.5,4688.8,69.38,0,0,0.0,0.0
1788184404.522,11.39,15314.3,10620.3,4694.0,69.35,0,0,0.0,0.0
1788184405.523,8.38,15314.3,10613.3,4700.9,69.30,0,8187,0.0,2.0
1788184406.524,13.41,15314.3,10607.0,4707.3,69.26,0,40925,0.0,4.0
1788184407.524,8.21,15314.3,10598.5,4715.7,69.21,0,0,0.0,0.0
1788184408.525,7.07,15314.3,10592.7,4721.5,69.17,0,180112,0.0,34.0
1788184409.526,12.98,15314.3,10447.8,4866.4,68.22,966002,612093486,83.9,4772.8
1788184410.526,15.88,15314.3,10535.1,4779.2,68.79,106435,0,8.0,0.0
1788184411.527,22.94,15314.3,10111.7,5202.6,66.03,20271425,32749,343.8,4.0
1788184412.528,40.57,15314.3,10058.7,5255.5,65.68,155529,0,22.0,0.0
1788184413.528,21.45,15314.3,10135.4,5178.8,66.18,16375,0,4.0,0.0
1788184414.529,15.53,15314.3,10116.0,5198.2,66.06,8186,0,2.0,0.0
1788184415.529,24.30,15314.3,10114.2,5200.1,66.04,221061,0,6.0,0.0
1788184416.530,27.07,15314.3,10027.1,5287.2,65.48,1137959,0,58.0,0.0
1788184417.530,20.89,15314.3,10073.2,5241.0,65.78,65502,73690,4.0,4.0
1788184418.531,17.34,15314.3,9983.4,5330.9,65.19,24557,155528,6.0,20.0
1788184419.532,22.83,15314.3,10033.9,5280.4,65.52,2988509,335696,95.9,6.0
1788184420.532,22.80,15314.3,10112.0,5202.3,66.03,4166798,0,91.9,0.0
1788184421.534,29.88,15314.3,10152.6,5161.6,66.30,433465,0,30.0,0.0
1788184422.535,77.89,15314.3,10048.3,5265.9,65.61,253799,0,26.0,0.0
1788184423.536,0.50,15314.3,10046.0,5268.2,65.60,0,0,0.0,0.0
1788184424.537,0.44,15314.3,10046.7,5267.5,65.60,49111,0,8.0,0.0
1788184425.538,0.44,15314.3,10046.7,5267.6,65.60,0,106407,0.0,4.0
1788184426.538,4.93,15314.3,10051.0,5263.3,65.63,0,0,0.0,0.0
1788184427.539,2.20,15314.3,10067.1,5247.1,65.74,49110,0,6.0,0.0
1788184428.540,15.24,15314.3,10215.6,5098.6,66.71,0,0,0.0,0.0
1788184429.540,14.46,15314.3,10337.1,4977.2,67.50,0,24564,0.0,2.0
1788184430.541,6.69,15314.3,10430.6,4883.7,68.11,0,0,0.0,0.0
1788184431.542,9.44,15314.3,10430.0,4884.2,68.11,0,98225,0.0,4.0
1788184432.542,6.69,15314.3,10514.6,4799.7,68.66,0,0,0.0,0.0
1788184433.543,8.07,15314.3,10606.8,4707.5,69.26,0,0,0.0,0.0
1788184434.544,58.42,15314.3,10638.7,4675.5,69.47,0,0,0.0,0.0
1788184435.547,74.46,15314.3,10661.7,4652.5,69.62,32663,23762136,4.0,384.8
1788184436.548,18.10,15314.3,10575.4,4738.8,69.06,81856,30417750,8.0,329.7
1788184437.549,20.45,15314.3,10682.3,4632.0,69.75,0,270158,0.0,8.0
1788184438.549,27.35,15314.3,10734.1,4580.2,70.09,98253,20829726,22.0,269.9
1788184439.550,27.11,15314.3,10790.8,4523.5,70.46,785999,0,157.9,0.0
1788184440.551,22.98,15314.3,10333.5,4980.8,67.48,0,4180758,0.0,71.9
1788184441.552,17.95,15314.3,10324.9,4989.3,67.42,49120,312892346,2.0,2474.4
1788184442.553,15.14,15314.3,10312.2,5002.0,67.34,139168,360200,10.0,73.9
1788184443.553,15.63,15314.3,10300.5,5013.8,67.26,0,130987,0.0,4.0
1788184444.554,14.85,15314.3,10281.9,5032.4,67.14,8187,0,2.0,0.0
1788184445.554,16.05,15314.3,10276.1,5038.1,67.10,0,188289,0.0,24.0
1788184446.555,23.27,15314.3,10242.0,5072.2,66.88,8187,0,2.0,0.0
1788184447.556,26.69,15314.3,10281.1,5033.2,67.13,8188,0,2.0,0.0
1788184448.556,28.09,15314.3,10263.6,5050.6,67.02,81872,0,4.0,0.0
1788184449.557,23.29,15314.3,10456.4,4857.9,68.28,0,0,0.0,0.0
1788184450.557,19.95,15314.3,10214.3,5100.0,66.70,8187,1596508,2.0,127.9
1788184451.558,21.57,15314.3,10279.8,5034.5,67.13,81878,0,10.0,0.0
1788184452.558,17.32,15314.3,10220.9,5093.3,66.74,204686,32750,12.0,4.0
1788184453.559,14.88,15314.3,10257.3,5057.0,66.98,0,0,0.0,0.0
1788184454.560,14.12,15314.3,10218.5,5095.8,66.73,16371,0,2.0,0.0
1788184455.561,26.03,15314.3,10245.3,5068.9,66.90,0,0,0.0,0.0
1788184456.561,15.04,15314.3,10233.0,5081.2,66.82,0,0,0.0,0.0
1788184457.562,58.59,15314.3,10109.6,5204.6,66.01,0,32743,0.0,4.0
1788184458.563,0.63,15314.3,10102.0,5212.2,65.96,0,0,0.0,0.0
1788184459.563,0.38,15314.3,10094.2,5220.1,65.91,0,1694480,0.0,30.0
1788184460.564,0.50,15314.3,10084.5,5229.8,65.85,0,0,0.0,0.0
1788184461.565,0.38,15314.3,10079.0,5235.3,65.81,0,0,0.0,0.0
1788184462.565,2.01,15314.3,10081.4,5232.8,65.83,0,0,0.0,0.0
1788184463.566,14.85,15314.3,10169.6,5144.7,66.41,0,24562,0.0,4.0
1788184464.567,17.21,15314.3,10260.4,5053.9,67.00,0,0,0.0,0.0
1788184465.568,6.99,15314.3,10330.0,4984.3,67.45,0,0,0.0,0.0
1788184466.569,6.88,15314.3,10415.3,4899.0,68.01,0,0,0.0,0.0
1788184467.570,11.62,15314.3,10498.8,4815.5,68.56,8186,302780904,2.0,2344.4
1788184468.570,7.00,15314.3,10590.0,4724.3,69.15,0,0,0.0,0.0
1788184469.571,39.60,15314.3,10630.3,4684.0,69.41,0,32742,0.0,4.0
1788184470.573,89.77,15314.3,10622.7,4691.6,69.36,269757,3188035,4.0,39.9
1788184471.574,22.93,15314.3,10512.7,4801.6,68.65,1277033,44123121,203.9,761.5
1788184472.575,21.56,15314.3,10597.4,4716.9,69.20,16376,0,4.0,0.0
1788184473.575,24.47,15314.3,10651.9,4662.3,69.56,0,0,0.0,0.0
1788184474.576,30.88,15314.3,10370.7,4943.5,67.72,40935,31593886,10.0,625.6
1788184475.576,24.75,15314.3,10168.0,5146.2,66.40,0,114603,0.0,10.0
1788184476.577,15.66,15314.3,10162.2,5152.1,66.36,0,0,0.0,0.0
1788184477.578,30.26,15314.3,10146.1,5168.2,66.25,32745,16373,8.0,2.0
1788184478.578,22.06,15314.3,10129.9,5184.4,66.15,24558,221025,6.0,20.0
1788184479.579,15.76,15314.3,10118.9,5195.4,66.07,8186,0,2.0,0.0
1788184480.580,13.34,15314.3,10104.8,5209.4,65.98,73676,0,4.0,0.0
1788184481.580,19.89,15314.3,10062.4,5251.8,65.71,0,613999,0.0,8.0
1788184482.581,28.01,15314.3,10117.5,5196.8,66.07,0,0,0.0,0.0
1788184483.582,21.54,15314.3,10063.4,5250.9,65.71,0,0,0.0,0.0
1788184484.582,22.03,15314.3,10125.6,5188.6,66.12,16374,0,2.0,0.0
1788184485.583,23.60,15314.3,10190.9,5123.4,66.54,2431766,0,36.0,0.0
1788184486.583,18.94,15314.3,10224.4,5089.9,66.76,0,163758,0.0,4.0
1788184487.584,17.89,15314.3,10161.3,5153.0,66.35,49129,0,2.0,0.0
1788184488.584,14.60,15314.3,10238.8,5075.5,66.86,0,0,0.0,0.0
1788184489.585,20.72,15314.3,10104.5,5209.8,65.98,24561,0,6.0,0.0
1788184490.585,14.70,15314.3,10197.6,5116.7,66.59,0,0,0.0,0.0
1788184491.586,20.45,15314.3,10254.6,5059.7,66.96,851481,32749,40.0,4.0
1788184492.587,35.95,15314.3,10262.3,5051.9,67.01,0,0,0.0,0.0
1788184493.591,24.91,15314.3,10156.9,5157.4,66.32,32657,0,4.0,0.0
1788184494.592,0.50,15314.3,10154.2,5160.1,66.31,0,0,0.0,0.0
1788184495.592,5.13,15314.3,10152.5,5161.8,66.29,73667,0,10.0,0.0
1788184496.593,0.38,15314.3,10148.5,5165.7,66.27,8186,49117,2.0,4.0
1788184497.594,0.44,15314.3,10140.4,5173.9,66.22,24561,16374,6.0,2.0
1788184498.594,9.91,15314.3,10205.5,5108.8,66.64,0,604682917,0.0,4698.9
1788184499.595,14.79,15314.3,10320.0,4994.3,67.39,65498,7499543,10.0,70.0
1788184500.596,12.15,15314.3,10375.3,4939.0,67.75,0,0,0.0,0.0
1788184501.596,6.63,15314.3,10461.1,4853.1,68.31,81870,4175360,18.0,70.0
1788184502.597,11.59,15314.3,10532.2,4782.1,68.77,0,0,0.0,0.0
1788184503.598,7.22,15314.3,10539.2,4775.0,68.82,8187,84738066,2.0,1019.4
1788184504.599,7.57,15314.3,10605.7,4708.5,69.25,245595,33409130,12.0,453.7
1788184505.599,85.90,15314.3,10629.1,4685.2,69.41,8186,278328,2.0,20.0
1788184506.601,53.15,15314.3,10564.8,4749.5,68.99,8174,192138835,2.0,2123.3
1788184507.602,15.33,15314.3,10498.9,4815.3,68.56,687659,42708552,123.9,435.7
1788184508.603,23.02,15314.3,10544.5,4769.8,68.85,196513,0,44.0,0.0
1788184509.603,25.53,15314.3,10021.1,5293.1,65.44,8187,0,2.0,0.0
1788184510.604,9.27,15314.3,10013.7,5300.6,65.39,24560,0,6.0,0.0
1788184511.604,10.15,15314.3,10003.3,5311.0,65.32,24562,147374,4.0,4.0
1788184512.605,10.81,15314.3,9998.7,5315.6,65.29,0,0,0.0,0.0
1788184513.606,16.94,15314.3,9995.8,5318.4,65.27,8187,0,2.0,0.0
1788184514.606,6.88,15314.3,9994.6,5319.6,65.26,0,0,0.0,0.0
1788184515.607,16.26,15314.3,9950.8,5363.4,64.98,114617,0,6.0,0.0
1788184516.608,19.74,15314.3,10036.4,5277.8,65.54,8187,0,2.0,0.0
1788184517.608,13.67,15314.3,9958.2,5356.1,65.03,0,49123,0.0,4.0
1788184518.609,19.14,15314.3,10049.9,5264.4,65.62,0,0,0.0,0.0
1788184519.609,16.74,15314.3,9997.7,5316.6,65.28,2030383,0,421.7,0.0
1788184520.610,17.67,15314.3,10037.0,5277.2,65.54,81877,0,4.0,0.0
1788184521.610,19.23,15314.3,9991.6,5322.7,65.24,0,0,0.0,0.0
1788184522.611,14.89,15314.3,9909.4,5404.9,64.71,0,65500,0.0,4.0
1788184523.611,15.78,15314.3,10005.4,5308.9,65.33,40939,0,10.0,0.0
1788184524.612,29.51,15314.3,10065.6,5248.7,65.73,106439,1490147,6.0,86.0
1788184525.613,11.60,15314.3,10116.4,5197.9,66.06,0,1833701,0.0,14.0
1788184526.613,55.26,15314.3,10149.3,5165.0,66.27,0,0,0.0,0.0
1788184527.614,0.56,15314.3,10146.1,5168.2,66.25,0,0,0.0,0.0
1788184528.615,0.44,15314.3,10141.9,5172.3,66.23,24553,0,6.0,0.0
1788184529.615,2.86,15314.3,10140.3,5174.0,66.21,0,0,0.0,0.0
1788184530.616,2.34,15314.3,10142.8,5171.4,66.23,0,155528,0.0,4.0
1788184531.617,2.70,15314.3,10142.7,5171.6,66.23,0,0,0.0,0.0
1788184532.617,14.91,15314.3,10301.8,5012.5,67.27,8188,238227602,2.0,1883.0
1788184533.618,13.61,15314.3,10396.0,4918.2,67.88,0,0,0.0,0.0
1788184534.619,6.76,15314.3,10485.9,4828.4,68.47,0,0,0.0,0.0
1788184535.619,11.53,15314.3,10557.7,4756.5,68.94,0,0,0.0,0.0
1788184536.620,9.26,15314.3,10533.2,4781.1,68.78,24559,73677,4.0,4.0
1788184537.621,6.70,15314.3,10618.9,4695.4,69.34,0,2987580,0.0,44.0
1788184538.622,48.78,15314.3,10609.7,4704.6,69.28,0,37456190,0.0,569.3
1788184539.624,79.49,15314.3,10576.4,4737.8,69.06,8174,36007012,2.0,333.3
1788184540.625,18.61,15314.3,10493.6,4820.7,68.52,32743,76988051,8.0,837.4
1788184541.626,20.60,15314.3,10562.2,4752.1,68.97,0,0,0.0,0.0
1788184542.626,24.90,15314.3,10568.1,4746.1,69.01,0,1596575,0.0,101.9
1788184543.627,14.61,15314.3,10054.6,5259.7,65.66,16374,24561,4.0,2.0
1788184544.628,8.58,15314.3,10033.1,5281.2,65.51,0,98207,0.0,4.0
1788184545.629,10.13,15314.3,10024.3,5289.9,65.46,0,0,0.0,0.0
1788184546.630,8.88,15314.3,10011.7,5302.6,65.37,0,0,0.0,0.0
1788184547.631,9.91,15314.3,10004.4,5309.8,65.33,0,0,0.0,0.0
1788184548.632,15.23,15314.3,9891.5,5422.7,64.59,16364,0,4.0,0.0
1788184549.632,18.09,15314.3,9982.8,5331.5,65.19,0,0,0.0,0.0
1788184550.633,18.33,15314.3,9904.8,5409.5,64.68,8187,0,2.0,0.0
1788184551.634,15.14,15314.3,10002.4,5311.8,65.31,0,57313,0.0,10.0
1788184552.634,12.39,15314.3,9978.2,5336.0,65.16,0,0,0.0,0.0
1788184553.635,19.50,15314.3,10022.5,5291.8,65.45,0,0,0.0,0.0
1788184554.635,16.32,15314.3,10043.5,5270.8,65.58,65504,0,12.0,0.0
1788184555.636,15.77,15314.3,10087.0,5227.2,65.87,425736,0,66.0,0.0
1788184556.637,14.94,15314.3,10082.1,5232.2,65.83,8183,114566,2.0,6.0
1788184557.637,26.54,15314.3,10150.2,5164.0,66.28,24562,0,6.0,0.0
1788184558.638,10.53,15314.3,10172.7,5141.5,66.43,0,312545162,0.0,2466.4
1788184559.639,51.86,15314.3,10084.4,5229.9,65.85,0,0,0.0,0.0
1788184560.640,0.94,15314.3,10089.2,5225.1,65.88,8185,0,2.0,0.0
1788184561.641,2.94,15314.3,10089.3,5225.0,65.88,384774,0,74.0,0.0
1788184562.641,1.00,15314.3,10085.9,5228.3,65.86,311069,245581,28.0,20.0
1788184563.642,5.05,15314.3,10082.4,5231.8,65.84,8185,0,2.0,0.0
1788184564.643,4.47,15314.3,10068.5,5245.7,65.75,0,0,0.0,0.0
1788184565.643,16.48,15314.3,10221.1,5093.1,66.74,0,0,0.0,0.0
1788184566.644,11.24,15314.3,10355.9,4958.3,67.62,0,0,0.0,0.0
1788184567.644,9.15,15314.3,10353.8,4960.4,67.61,8187,8187,2.0,2.0
1788184568.646,6.63,15314.3,10447.5,4866.8,68.22,0,139110,0.0,4.0
1788184569.646,12.60,15314.3,10525.4,4788.8,68.73,1072318,0,225.8,0.0
1788184570.647,6.82,15314.3,10597.8,4716.5,69.20,0,0,0.0,0.0
1788184571.648,67.21,15314.3,10598.3,4716.0,69.21,0,163635,0.0,20.0
1788184572.652,66.33,15314.3,10563.4,4750.8,68.98,8165,63588305,2.0,1220.0
1788184573.652,16.47,15314.3,10534.5,4779.8,68.79,57301,4158415,12.0,67.9
1788184574.653,23.33,15314.3,10513.4,4800.9,68.65,8188,32752,2.0,4.0
1788184575.653,33.96,15314.3,10226.3,5087.9,66.78,286571,204694,14.0,42.0
1788184576.654,29.82,15314.3,10238.1,5076.2,66.85,0,114621,0.0,4.0
1788184577.655,33.42,15314.3,10226.2,5088.1,66.78,0,0,0.0,0.0
1788184578.655,34.11,15314.3,10207.4,5106.8,66.65,0,0,0.0,0.0
1788184579.656,22.32,15314.3,10198.6,5115.6,66.60,0,0,0.0,0.0
1788184580.657,34.34,15314.3,10190.5,5123.8,66.54,0,0,0.0,0.0
1788184581.657,18.52,15314.3,10181.8,5132.5,66.49,0,0,0.0,0.0
1788184582.658,19.05,15314.3,10184.6,5129.7,66.50,0,32746,0.0,4.0
1788184583.659,18.00,15314.3,10049.7,5264.6,65.62,0,0,0.0,0.0
1788184584.659,25.03,15314.3,10169.4,5144.8,66.41,605888,0,36.0,0.0
1788184585.660,25.33,15314.3,10248.3,5066.0,66.92,0,0,0.0,0.0
1788184586.660,22.76,15314.3,10243.1,5071.1,66.89,245610,0,30.0,0.0
1788184587.661,23.45,15314.3,10145.7,5168.6,66.25,0,32749,0.0,4.0
1788184588.661,20.03,15314.3,10128.7,5185.6,66.14,65500,16375,6.0,2.0
1788184589.662,18.70,15314.3,10058.7,5255.6,65.68,0,242942732,0.0,1913.0
1788184590.662,16.19,15314.3,10133.9,5180.4,66.17,0,368850529,0.0,2850.3
1788184591.663,12.37,15314.3,10119.7,5194.6,66.08,8187,0,2.0,0.0
1788184592.664,25.21,15314.3,10244.7,5069.6,66.90,155562,65500,28.0,4.0
1788184593.664,14.47,15314.3,10305.7,5008.6,67.29,0,1448951,0.0,30.0
1788184594.665,55.70,15314.3,10328.3,4985.9,67.44,32748,695885,8.0,16.0
1788184595.666,5.13,15314.3,10269.7,5044.6,67.06,4640625,8185,115.9,4.0
1788184596.667,0.31,15314.3,10262.6,5051.7,67.01,335633,0,46.0,0.0
1788184597.667,0.56,15314.3,10256.3,5058.0,66.97,90049,0,16.0,0.0
1788184598.668,5.25,15314.3,10251.3,5063.0,66.94,507393,343718,55.9,20.0
1788184599.669,0.38,15314.3,10242.2,5072.1,66.88,0,0,0.0,0.0
1788184600.670,13.74,15314.3,10250.2,5064.0,66.93,8187,0,2.0,0.0
1788184601.670,13.29,15314.3,10383.6,4930.6,67.80,0,0,0.0,0.0
1788184602.671,7.19,15314.3,10478.2,4836.1,68.42,130985,0,28.0,0.0
1788184603.671,11.02,15314.3,10561.5,4752.8,68.96,0,4372076,0.0,78.0
1788184604.672,11.75,15314.3,10563.5,4750.7,68.98,16653071,8187,2650.5,2.0
1788184605.673,7.82,15314.3,10642.4,4671.9,69.49,106428,0,20.0,0.0
1788184606.674,24.91,15314.3,10717.1,4597.1,69.98,16360,0,4.0,0.0
1788184607.676,96.30,15314.3,10668.3,4646.0,69.66,0,449584,0.0,93.8
1788184608.677,20.62,15314.3,10582.7,4731.6,69.10,0,16355500,0.0,709.5
1788184609.678,22.74,15314.3,10608.1,4706.1,69.27,0,16376,0.0,2.0
1788184610.678,22.97,15314.3,10728.6,4585.7,70.06,0,0,0.0,0.0
1788184611.679,30.69,15314.3,10745.5,4568.7,70.17,106430,1203478,12.0,24.0
1788184612.679,24.25,15314.3,10247.1,5067.1,66.91,0,245570,0.0,2.0
1788184613.680,16.01,15314.3,10241.9,5072.3,66.88,0,0,0.0,0.0
1788184614.681,18.62,15314.3,10236.6,5077.6,66.84,16374,0,4.0,0.0
1788184615.681,15.28,15314.3,10305.1,5009.1,67.29,16750389,9234818,239.9,81.9
1788184616.682,15.50,15314.3,10308.5,5005.8,67.31,33573156,347921370,353.8,2802.1
1788184617.683,22.13,15314.3,10313.8,5000.4,67.35,0,8186,0.0,2.0
1788184618.683,20.81,15314.3,10249.7,5064.6,66.93,8186,1833725,2.0,14.0
1788184619.684,23.60,15314.3,10298.4,5015.9,67.25,40939,0,8.0,0.0
1788184620.685,22.12,15314.3,10276.7,5037.5,67.11,16374,0,4.0,0.0
1788184621.685,23.09,15314.3,10352.2,4962.1,67.60,0,245637,0.0,4.0
1788184622.686,21.69,15314.3,10319.2,4995.0,67.38,8188,196514,2.0,20.0
1788184623.686,18.16,15314.3,10329.9,4984.3,67.45,0,0,0.0,0.0
1788184624.687,18.98,15314.3,10242.1,5072.1,66.88,0,16374,0.0,4.0
1788184625.687,16.32,15314.3,10313.7,5000.6,67.35,0,384821,0.0,38.0
1788184626.688,15.36,15314.3,10310.7,5003.5,67.33,0,0,0.0,0.0
1788184627.688,21.64,15314.3,10360.1,4954.2,67.65,0,0,0.0,0.0
1788184628.689,20.23,15314.3,10360.2,4954.1,67.65,0,0,0.0,0.0
1788184629.690,55.71,15314.3,10350.6,4963.7,67.59,0,1187188,0.0,28.0
1788184630.691,1.38,15314.3,10362.5,4951.8,67.67,0,98218,0.0,4.0
1788184631.691,0.44,15314.3,10344.8,4969.5,67.55,0,0,0.0,0.0
1788184632.692,0.31,15314.3,10329.5,4984.8,67.45,0,0,0.0,0.0
1788184633.693,3.82,15314.3,10315.0,4999.2,67.36,0,0,0.0,0.0
1788184634.693,2.71,15314.3,10305.4,5008.8,67.29,0,2865192,0.0,46.0
1788184635.694,13.86,15314.3,10331.3,4983.0,67.46,16376,0,4.0,0.0
1788184636.694,14.14,15314.3,10504.4,4809.9,68.59,0,73688,0.0,4.0
1788184637.695,6.88,15314.3,10586.7,4727.5,69.13,0,0,0.0,0.0
1788184638.696,9.56,15314.3,10604.5,4709.7,69.25,0,0,0.0,0.0
1788184639.696,11.29,15314.3,10694.6,4619.6,69.83,0,777736,0.0,131.9
1788184640.697,6.70,15314.3,10777.5,4536.7,70.38,0,1850331,0.0,16.0
1788184641.698,37.46,15314.3,10805.4,4508.9,70.56,8181,139075,2.0,2.0
1788184642.699,90.79,15314.3,10787.5,4526.8,70.44,40924,302811721,8.0,2345.9
1788184643.700,16.18,15314.3,10653.9,4660.4,69.57,0,0,0.0,0.0
1788184644.700,21.57,15314.3,10734.4,4579.9,70.09,0,0,0.0,0.0
1788184645.701,25.24,15314.3,10239.8,5074.5,66.86,0,16374,0.0,2.0
1788184646.702,14.32,15314.3,10235.4,5078.8,66.84,32734,0,8.0,0.0
1788184647.703,10.33,15314.3,10233.6,5080.7,66.82,0,0,0.0,0.0
1788184648.704,10.22,15314.3,10229.4,5084.8,66.80,0,0,0.0,0.0
1788184649.704,12.20,15314.3,10222.2,5092.1,66.75,0,16373,0.0,4.0
1788184650.705,12.23,15314.3,10192.0,5122.3,66.55,16367,270058,4.0,24.0
1788184651.706,9.21,15314.3,10071.4,5242.8,65.77,229249,0,16.0,0.0
1788184652.706,20.04,15314.3,10174.1,5140.2,66.44,8188,0,2.0,0.0
1788184653.707,15.03,15314.3,10127.1,5187.1,66.13,8186,0,2.0,0.0
1788184654.707,15.40,15314.3,10248.8,5065.4,66.92,0,0,0.0,0.0
1788184655.708,16.63,15314.3,10163.5,5150.7,66.37,24563,155563,6.0,4.0
1788184656.709,17.68,15314.3,10236.0,5078.3,66.84,0,180099,0.0,20.0
1788184657.709,15.19,15314.3,10194.5,5119.8,66.57,0,0,0.0,0.0
1788184658.710,17.68,15314.3,10201.0,5113.2,66.61,49127,0,12.0,0.0
1788184659.710,13.34,15314.3,10185.7,5128.5,66.51,0,0,0.0,0.0
1788184660.711,25.84,15314.3,10250.8,5063.4,66.94,0,0,0.0,0.0
1788184661.712,18.29,15314.3,10308.3,5005.9,67.31,0,0,0.0,0.0
1788184662.712,52.79,15314.3,10195.9,5118.4,66.58,0,24560,0.0,4.0
1788184663.713,1.00,15314.3,10187.5,5126.7,66.52,81865,0,6.0,0.0
1788184664.714,0.44,15314.3,10183.7,5130.6,66.50,0,0,0.0,0.0
1788184665.714,0.44,15314.3,10180.0,5134.3,66.47,0,5395043,0.0,89.9
1788184666.715,3.56,15314.3,10178.6,5135.7,66.46,0,0,0.0,0.0
1788184667.715,3.03,15314.3,10187.6,5126.7,66.52,0,0,0.0,0.0
1788184668.716,15.35,15314.3,10242.7,5071.6,66.88,0,312843724,0.0,2470.6
1788184669.717,15.80,15314.3,10407.3,4907.0,67.96,0,0,0.0,0.0
1788184670.718,6.89,15314.3,10484.8,4829.4,68.46,0,1833226,0.0,14.0
1788184671.718,6.69,15314.3,10570.5,4743.7,69.02,0,0,0.0,0.0
1788184672.719,13.77,15314.3,10617.0,4697.3,69.33,0,171919,0.0,36.0
1788184673.719,6.63,15314.3,10707.3,4607.0,69.92,0,0,0.0,0.0
1788184674.720,44.21,15314.3,10751.2,4563.0,70.20,0,122788,0.0,4.0
1788184675.722,89.74,15314.3,10801.4,4512.8,70.53,49084,0,6.0,0.0
1788184676.722,16.81,15314.3,10732.6,4581.7,70.08,16371,16371,2.0,2.0
1788184677.723,21.28,15314.3,10833.3,4480.9,70.74,0,0,0.0,0.0
1788184678.723,25.79,15314.3,10350.7,4963.6,67.59,0,0,0.0,0.0
1788184679.724,13.12,15314.3,10339.4,4974.9,67.51,180107,0,22.0,0.0
1788184680.725,8.89,15314.3,10318.1,4996.1,67.38,0,319264,0.0,24.0
1788184681.726,7.25,15314.3,10307.6,5006.7,67.31,40920,32736,6.0,6.0
1788184682.727,7.00,15314.3,10302.3,5011.9,67.27,16368,0,2.0,0.0
1788184683.728,14.61,15314.3,10291.2,5023.1,67.20,0,0,0.0,0.0
1788184684.728,10.59,15314.3,10174.3,5139.9,66.44,0,0,0.0,0.0
1788184685.729,18.29,15314.3,10230.2,5084.1,66.80,0,8188,0.0,2.0
1788184686.730,15.77,15314.3,10163.1,5151.1,66.36,139179,81870,30.0,6.0
1788184687.730,16.88,15314.3,10276.8,5037.5,67.11,0,0,0.0,0.0
1788184688.731,13.38,15314.3,10246.2,5068.1,66.91,0,0,0.0,0.0
1788184689.731,15.56,15314.3,10292.8,5021.4,67.21,0,0,0.0,0.0
1788184690.732,20.11,15314.3,10234.8,5079.5,66.83,0,0,0.0,0.0
1788184691.733,13.75,15314.3,10181.0,5133.3,66.48,0,65502,0.0,4.0
1788184692.733,15.61,15314.3,10253.7,5060.5,66.96,0,0,0.0,0.0
1788184693.734,27.74,15314.3,10348.2,4966.1,67.57,0,0,0.0,0.0
1788184694.735,14.33,15314.3,10356.1,4958.2,67.62,0,312227274,0.0,2462.0
1788184695.741,46.04,15314.3,10235.2,5079.0,66.83,0,0,0.0,0.0
1788184696.742,0.63,15314.3,10230.7,5083.5,66.81,0,0,0.0,0.0
1788184697.743,0.25,15314.3,10228.1,5086.2,66.79,0,32741,0.0,4.0
1788184698.744,0.38,15314.3,10222.4,5091.8,66.75,0,0,0.0,0.0
1788184699.744,0.44,15314.3,10218.1,5096.2,66.72,0,638568,0.0,18.0
1788184700.745,10.55,15314.3,10243.6,5070.7,66.89,8187,4429080,2.0,81.9
1788184701.746,16.66,15314.3,10374.2,4940.0,67.74,0,0,0.0,0.0
1788184702.746,10.46,15314.3,10478.1,4836.2,68.42,0,0,0.0,0.0
1788184703.747,17.05,15314.3,10514.9,4799.4,68.66,2816116,0,391.7,0.0
1788184704.747,30.85,15314.3,10551.3,4763.0,68.90,24561,0,6.0,0.0
1788184705.748,24.28,15314.3,10610.6,4703.6,69.29,16373,515758,4.0,79.9
1788184706.749,18.13,15314.3,10690.9,4623.3,69.81,90056,188298,14.0,2.0
1788184707.750,22.79,15314.3,10759.3,4555.0,70.26,0,0,0.0,0.0
1788184708.755,95.19,15314.3,10776.7,4537.6,70.37,0,0,0.0,0.0
1788184709.757,26.30,15314.3,10603.6,4710.6,69.24,269552,2540319,4.0,341.0
1788184710.758,20.93,15314.3,10756.2,4558.1,70.24,0,65509,0.0,4.0
1788184711.758,21.11,15314.3,10794.1,4520.1,70.48,106434,278367,26.0,28.0
1788184712.759,26.85,15314.3,10890.8,4423.5,71.12,0,16375,0.0,4.0
1788184713.759,28.37,15314.3,10408.0,4906.2,67.96,589518,0,101.9,0.0
1788184714.760,15.67,15314.3,10404.4,4909.9,67.94,20195267,0,301.8,0.0
1788184715.761,13.62,15314.3,10398.5,4915.8,67.90,0,0,0.0,0.0
1788184716.762,13.66,15314.3,10393.5,4920.7,67.87,0,65493,0.0,2.0
1788184717.762,19.11,15314.3,10396.8,4917.4,67.89,0,114607,0.0,6.0
1788184718.763,14.37,15314.3,10393.8,4920.5,67.87,221039,1375354,30.0,44.0
1788184719.764,16.55,15314.3,10285.0,5029.3,67.16,24559,368387,6.0,6.0
1788184720.764,25.14,15314.3,10392.6,4921.7,67.86,73689,310279730,16.0,2450.7
1788184721.765,24.74,15314.3,10395.5,4918.8,67.88,0,0,0.0,0.0
1788184722.765,21.19,15314.3,10464.8,4849.5,68.33,0,0,0.0,0.0
1788184723.766,21.94,15314.3,10490.5,4823.7,68.50,24558,401114,6.0,50.0
1788184724.767,23.94,15314.3,10387.7,4926.6,67.83,57304,0,12.0,0.0
1788184725.767,17.73,15314.3,10354.2,4960.1,67.61,32748,0,2.0,0.0
1788184726.768,16.72,15314.3,10357.9,4956.4,67.64,0,0,0.0,0.0
1788184727.768,12.07,15314.3,10318.1,4996.1,67.38,0,0,0.0,0.0
1788184728.769,22.29,15314.3,10366.5,4947.8,67.69,0,622267,0.0,8.0
1788184729.770,22.13,15314.3,10418.7,4895.5,68.03,0,0,0.0,0.0
1788184730.770,41.84,15314.3,10426.6,4887.7,68.08,736847,0,97.9,0.0
1788184731.771,16.32,15314.3,10333.8,4980.4,67.48,16374,2931004,4.0,48.0
1788184732.772,0.38,15314.3,10317.2,4997.1,67.37,0,0,0.0,0.0
1788184733.772,3.11,15314.3,10300.8,5013.5,67.26,0,1989442,0.0,18.0
1788184734.773,2.46,15314.3,10284.8,5029.5,67.16,0,0,0.0,0.0
1788184735.774,0.50,15314.3,10274.4,5039.9,67.09,24556,0,6.0,0.0
1788184736.775,11.55,15314.3,10285.3,5028.9,67.16,0,687527,0.0,87.9
1788184737.775,18.53,15314.3,10366.1,4948.1,67.69,0,0,0.0,0.0
1788184738.776,9.21,15314.3,10493.6,4820.7,68.52,0,0,0.0,0.0
1788184739.777,11.33,15314.3,10574.3,4739.9,69.05,0,0,0.0,0.0
1788184740.778,7.19,15314.3,10652.0,4662.3,69.56,0,0,0.0,0.0
1788184741.779,6.76,15314.3,10737.2,4577.1,70.11,0,0,0.0,0.0
1788184742.780,6.69,15314.3,10809.8,4504.5,70.59,0,90020,0.0,4.0
1788184743.781,86.05,15314.3,10799.8,4514.4,70.52,16362,179980,4.0,22.0
1788184744.783,43.21,15314.3,10724.1,4590.2,70.03,24523,1577620,6.0,185.6
1788184745.784,18.13,15314.3,10641.9,4672.3,69.49,0,0,0.0,0.0
1788184746.785,21.14,15314.3,10729.5,4584.8,70.06,0,0,0.0,0.0
1788184747.786,13.56,15314.3,10651.5,4662.7,69.55,0,8187,0.0,2.0
1788184748.786,0.75,15314.3,10650.7,4663.5,69.55,8186,16372,2.0,2.0
1788184749.787,0.44,15314.3,10641.3,4672.9,69.49,0,0,0.0,0.0
1788184750.788,4.15,15314.3,10638.8,4675.4,69.47,0,65494,0.0,4.0
1788184751.788,1.76,15314.3,10627.5,4686.8,69.40,0,611959111,0.0,4758.4
1788184752.789,9.38,15314.3,10678.7,4635.5,69.73,0,0,0.0,0.0
1788184753.792,16.33,15314.3,10817.4,4496.8,70.64,8166,16333,2.0,2.0
1788184754.796,10.99,15314.3,10963.8,4350.4,71.59,0,0,0.0,0.0
1788184755.796,6.70,15314.3,11020.2,4294.1,71.96,0,237436,0.0,2.0
1788184756.797,12.63,15314.3,11089.7,4224.6,72.41,0,57309,0.0,4.0
1788184757.797,10.57,15314.3,10690.4,4623.9,69.81,0,0,0.0,0.0
1788184758.798,6.76,15314.3,10774.8,4539.4,70.36,0,0,0.0,0.0
1788184759.799,80.71,15314.3,10767.5,4546.8,70.31,0,0,0.0,0.0
1788184760.801,47.33,15314.3,10739.1,4575.1,70.13,0,0,0.0,0.0
1788184761.803,19.49,15314.3,10656.0,4658.2,69.58,81764,24529,6.0,4.0
1788184762.803,20.45,15314.3,10783.3,4530.9,70.41,0,3848317,0.0,52.0
1788184763.804,19.58,15314.3,10804.2,4510.0,70.55,0,0,0.0,0.0
1788184764.804,23.42,15314.3,10872.3,4441.9,70.99,40942,0,8.0,0.0
1788184765.805,11.48,15314.3,10761.8,4552.5,70.27,0,0,0.0,0.0
1788184766.806,9.90,15314.3,10278.7,5035.6,67.12,0,0,0.0,0.0
1788184767.807,11.64,15314.3,10277.1,5037.1,67.11,8185,278278,2.0,55.9
1788184768.807,7.71,15314.3,10281.5,5032.8,67.14,0,0,0.0,0.0
1788184769.809,6.62,15314.3,10270.6,5043.6,67.07,0,0,0.0,0.0
1788184770.810,6.63,15314.3,10261.0,5053.2,67.00,0,0,0.0,0.0
1788184771.810,11.31,15314.3,10251.1,5063.2,66.94,0,0,0.0,0.0
1788184772.811,11.47,15314.3,10253.1,5061.1,66.95,0,32744,0.0,4.0
1788184773.812,10.66,15314.3,10258.3,5055.9,66.99,0,0,0.0,0.0
1788184774.812,7.92,15314.3,10226.4,5087.9,66.78,0,0,0.0,0.0
1788184775.813,6.05,15314.3,10197.5,5116.8,66.59,57308,0,14.0,0.0
1788184776.814,0.31,15314.3,10192.0,5122.2,66.55,0,0,0.0,0.0
1788184777.815,0.50,15314.3,10191.9,5122.4,66.55,0,65476,0.0,10.0
1788184778.815,7.11,15314.3,10176.2,5138.1,66.45,0,147372,0.0,20.0
1788184779.816,0.50,15314.3,10165.4,5148.9,66.38,0,0,0.0,0.0
1788184780.817,7.14,15314.3,10191.9,5122.4,66.55,90056,0,14.0,0.0
1788184781.817,16.12,15314.3,10251.3,5062.9,66.94,786011,614071,101.9,8.0
1788184782.818,10.95,15314.3,10377.4,4936.8,67.76,450248,609324196,105.9,4744.7
1788184783.819,6.70,15314.3,10467.2,4847.0,68.35,0,16371,0.0,2.0
1788184784.819,6.51,15314.3,10557.0,4757.3,68.94,0,0,0.0,0.0
1788184785.820,11.90,15314.3,10648.4,4665.9,69.53,0,0,0.0,0.0
1788184786.821,6.57,15314.3,10731.8,4582.5,70.08,0,0,0.0,0.0
1788184787.822,78.67,15314.3,10751.8,4562.4,70.21,0,139060,0.0,4.0
1788184788.823,48.05,15314.3,10744.3,4570.0,70.16,0,891834,0.0,163.8
1788184789.824,18.08,15314.3,10656.5,4657.8,69.59,0,0,0.0,0.0
1788184790.825,22.87,15314.3,10741.7,4572.6,70.14,0,0,0.0,0.0
1788184791.825,25.23,15314.3,10827.2,4487.0,70.70,6689145,1138055,1337.3,141.9
1788184792.826,22.73,15314.3,10812.4,4501.8,70.60,8188,24563,2.0,4.0
1788184793.826,10.70,15314.3,10818.0,4496.2,70.64,0,2619634,0.0,40.0
1788184794.827,10.26,15314.3,10294.6,5019.6,67.22,0,0,0.0,0.0
1788184795.828,6.83,15314.3,10284.3,5029.9,67.16,49105,0,6.0,0.0
1788184796.829,11.39,15314.3,10280.4,5033.9,67.13,0,0,0.0,0.0
1788184797.830,7.89,15314.3,10272.4,5041.9,67.08,0,0,0.0,0.0
1788184798.830,6.70,15314.3,10259.7,5054.6,66.99,0,49120,0.0,4.0
1788184799.831,6.95,15314.3,10252.6,5061.7,66.95,0,0,0.0,0.0
1788184800.832,10.30,15314.3,10266.1,5048.1,67.04,0,0,0.0,0.0
1788184801.832,10.43,15314.3,10257.5,5056.7,66.98,32754,0,6.0,0.0
1788184802.833,9.00,15314.3,10330.2,4984.1,67.45,81871,1833914,20.0,14.0
1788184803.833,3.47,15314.3,10184.2,5130.1,66.50,8185,163701,2.0,38.0
1788184804.834,0.81,15314.3,10180.7,5133.5,66.48,294727,0,26.0,0.0
1788184805.835,0.38,15314.3,10178.8,5135.5,66.47,106389,0,6.0,0.0
1788184806.836,0.31,15314.3,10174.7,5139.6,66.44,0,229165,0.0,4.0
1788184807.837,5.18,15314.3,10170.2,5144.0,66.41,0,0,0.0,0.0
1788184808.837,9.66,15314.3,10249.1,5065.2,66.92,0,8187,0.0,2.0
1788184809.838,15.20,15314.3,10347.8,4966.4,67.57,0,0,0.0,0.0
1788184810.839,9.18,15314.3,10452.8,4861.4,68.26,0,0,0.0,0.0
1788184811.839,6.57,15314.3,10539.1,4775.1,68.82,0,319295,0.0,40.0
1788184812.840,11.58,15314.3,10626.1,4688.2,69.39,0,0,0.0,0.0
1788184813.841,7.93,15314.3,10705.7,4608.6,69.91,0,8187,0.0,2.0
1788184814.841,7.50,15314.3,10773.4,4540.9,70.35,0,609134244,0.0,4737.4
1788184815.843,88.48,15314.3,10793.7,4520.5,70.48,0,0,0.0,0.0
1788184816.844,44.73,15314.3,10726.2,4588.1,70.04,0,3642518,0.0,473.6
1788184817.845,17.33,15314.3,10686.5,4627.8,69.78,262008,1686679,2.0,92.0
1788184818.845,22.74,15314.3,10748.5,4565.8,70.19,8188,425752,2.0,10.0
1788184819.846,8.25,15314.3,10673.1,4641.2,69.69,0,8187,0.0,2.0
1788184820.847,1.19,15314.3,10661.5,4652.8,69.62,8185,0,2.0,0.0
1788184821.847,0.38,15314.3,10658.1,4656.2,69.60,0,0,0.0,0.0
1788184822.849,0.63,15314.3,10640.3,4673.9,69.48,2028244,0,77.9,0.0
1788184823.850,3.50,15314.3,10641.2,4673.1,69.49,0,130965,0.0,4.0
1788184824.850,15.13,15314.3,10708.3,4605.9,69.92,8187,8187,2.0,2.0
1788184825.851,18.94,15314.3,10352.7,4961.5,67.60,8188,2096106,2.0,34.0
1788184826.852,9.32,15314.3,10438.4,4875.8,68.16,0,0,0.0,0.0
1788184827.853,6.51,15314.3,10513.8,4800.5,68.65,32736,0,2.0,0.0
1788184828.854,6.83,15314.3,10598.7,4715.5,69.21,0,2962838,0.0,54.0
1788184829.854,11.58,15314.3,10681.9,4632.3,69.75,0,0,0.0,0.0
1788184830.855,6.89,15314.3,10735.0,4579.3,70.10,0,85960,0.0,3.0
1788184831.856,94.49,15314.3,10725.5,4588.7,70.04,0,4090,0.0,1.0
1788184832.857,34.08,15314.3,10685.9,4628.3,69.78,0,3764547,0.0,51.9
1788184833.858,17.50,15314.3,10738.6,4575.6,70.12,0,0,0.0,0.0
1788184834.858,20.65,15314.3,10767.6,4546.6,70.31,24565,0,6.0,0.0
1788184835.859,9.87,15314.3,10664.1,4650.1,69.64,0,0,0.0,0.0
1788184836.859,0.56,15314.3,10682.7,4631.6,69.76,278360,0,20.0,0.0
1788184837.860,0.44,15314.3,10669.0,4645.3,69.67,40926,401070,10.0,56.0
1788184838.861,0.50,15314.3,10657.1,4657.1,69.59,0,147318,0.0,20.0
1788184839.862,0.44,15314.3,10645.5,4668.8,69.51,16373,8186,4.0,2.0
1788184840.863,11.41,15314.3,10666.3,4647.9,69.65,0,0,0.0,0.0
1788184841.863,15.81,15314.3,10780.4,4533.9,70.39,0,0,0.0,0.0
1788184842.864,10.51,15314.3,10918.0,4396.3,71.29,8186,0,2.0,0.0
1788184843.864,9.70,15314.3,10516.0,4798.3,68.67,24560,0,4.0,0.0
1788184844.865,7.57,15314.3,10608.4,4705.9,69.27,0,57307,0.0,4.0
1788184845.866,14.84,15314.3,10747.6,4566.6,70.18,41554920,664895100,1135.2,5290.5
1788184846.867,8.39,15314.3,10795.4,4518.9,70.49,0,0,0.0,0.0
1788184847.869,67.02,15314.3,10792.2,4522.1,70.47,8171,24512,2.0,4.0
1788184848.870,55.06,15314.3,10765.7,4548.5,70.30,0,0,0.0,0.0
1788184849.871,18.21,15314.3,10709.4,4604.8,69.93,0,1809085,0.0,311.8
1788184850.871,21.21,15314.3,10827.1,4487.2,70.70,0,0,0.0,0.0
1788184851.872,30.72,15314.3,10864.9,4449.4,70.95,65501,139190,2.0,4.0
1788184852.872,21.47,15314.3,10889.3,4425.0,71.11,720538,0,30.0,0.0
1788184853.873,10.11,15314.3,10811.7,4502.5,70.60,24563,16375,6.0,4.0
1788184854.874,6.69,15314.3,10803.5,4510.8,70.55,0,0,0.0,0.0
1788184855.874,6.70,15314.3,10801.1,4513.2,70.53,8186,16372,2.0,2.0
1788184856.875,12.27,15314.3,10299.5,5014.7,67.25,0,81871,0.0,4.0
1788184857.876,9.51,15314.3,10298.4,5015.9,67.25,0,0,0.0,0.0
1788184858.876,6.76,15314.3,10291.7,5022.5,67.20,0,0,0.0,0.0
1788184859.877,8.38,15314.3,10283.7,5030.5,67.15,1596241,0,189.9,0.0
1788184860.878,9.27,15314.3,10271.2,5043.0,67.07,0,188293,0.0,22.0
1788184861.878,8.82,15314.3,10269.9,5044.3,67.06,155564,736884,24.0,70.0
1788184862.879,13.58,15314.3,10208.1,5106.2,66.66,1350845,0,183.9,0.0
1788184863.880,0.88,15314.3,10206.6,5107.6,66.65,24556,0,6.0,0.0
1788184864.881,0.56,15314.3,10194.0,5120.2,66.57,0,4182564,0.0,71.9
1788184865.881,0.38,15314.3,10182.7,5131.6,66.49,0,0,0.0,0.0
1788184866.882,0.38,15314.3,10178.4,5135.9,66.46,0,81849,0.0,4.0
1788184867.883,3.16,15314.3,10174.2,5140.1,66.44,0,2791588,0.0,34.0
1788184868.884,16.03,15314.3,10242.3,5072.0,66.88,0,1334215,0.0,195.8
1788184869.884,15.54,15314.3,10338.6,4975.7,67.51,2038806,0,117.9,0.0
1788184870.885,8.40,15314.3,10430.8,4883.5,68.11,0,0,0.0,0.0
1788184871.886,9.45,15314.3,10511.8,4802.4,68.64,24552,264583553,6.0,2081.9
1788184872.886,6.89,15314.3,10590.1,4724.1,69.15,0,288168726,0.0,2216.7
1788184873.887,11.20,15314.3,10675.1,4639.2,69.71,0,122787,0.0,4.0
1788184874.888,13.45,15314.3,10737.5,4576.8,70.11,0,0,0.0,0.0
1788184875.889,94.32,15314.3,10736.5,4577.7,70.11,4287424,0,701.2,0.0
1788184876.890,24.42,15314.3,10748.3,4566.0,70.18,0,0,0.0,0.0
1788184877.890,21.47,15314.3,10737.8,4576.4,70.12,0,365573467,0.0,2872.5
1788184878.891,21.86,15314.3,10771.7,4542.6,70.34,0,1711147,0.0,103.9
1788184879.891,29.85,15314.3,10839.1,4475.2,70.78,0,1883053,0.0,149.9
1788184880.892,18.16,15314.3,10735.0,4579.2,70.10,327492,16375,42.0,2.0
1788184881.892,6.64,15314.3,10728.4,4585.8,70.06,0,360202,0.0,6.0
1788184882.893,7.94,15314.3,10718.6,4595.7,69.99,40932,0,8.0,0.0
1788184883.894,6.51,15314.3,10715.2,4599.0,69.97,24557,155529,6.0,8.0
1788184884.895,11.32,15314.3,10715.4,4598.9,69.97,0,0,0.0,0.0
1788184885.895,12.63,15314.3,10191.3,5123.0,66.55,0,0,0.0,0.0
1788184886.896,7.02,15314.3,10186.7,5127.5,66.52,0,0,0.0,0.0
1788184887.897,6.68,15314.3,10183.8,5130.5,66.50,0,0,0.0,0.0
1788184888.897,9.51,15314.3,10207.9,5106.4,66.66,24562,122810,2.0,4.0
1788184889.898,9.83,15314.3,10243.1,5071.2,66.89,0,0,0.0,0.0
1788184890.899,9.19,15314.3,10198.4,5115.9,66.59,0,0,0.0,0.0
1788184891.899,0.75,15314.3,10199.2,5115.1,66.60,0,32736,0.0,6.0
1788184892.901,1.13,15314.3,10192.5,5121.8,66.56,1325707,0,40.0,0.0
1788184893.901,0.50,15314.3,10184.5,5129.7,66.50,0,0,0.0,0.0
1788184894.902,1.50,15314.3,10204.1,5110.2,66.63,5853290,245593,105.9,6.0
1788184895.903,8.41,15314.3,10200.2,5114.1,66.61,0,3740767,0.0,62.0
1788184896.904,15.61,15314.3,10324.5,4989.7,67.42,188290,16373,42.0,4.0
1788184897.905,11.83,15314.3,10488.6,4825.7,68.49,0,278169,0.0,20.0
1788184898.906,7.83,15314.3,10612.3,4702.0,69.30,16372,163723,4.0,20.0
1788184899.906,6.63,15314.3,10701.2,4613.1,69.88,8186,0,2.0,0.0
1788184900.907,7.91,15314.3,10780.4,4533.8,70.39,8186,3798245,2.0,50.0
1788184901.908,15.03,15314.3,10830.5,4483.7,70.72,0,0,0.0,0.0
1788184902.909,50.88,15314.3,10873.6,4440.6,71.00,0,0,0.0,0.0
1788184903.910,72.76,15314.3,10824.8,4489.5,70.68,16361,328290468,4.0,2624.2
1788184904.911,18.61,15314.3,10825.0,4489.3,70.69,0,957761,0.0,127.9
1788184905.912,20.08,15314.3,10864.5,4449.7,70.94,0,0,0.0,0.0
1788184906.912,18.60,15314.3,10808.9,4505.3,70.58,8187,0,2.0,0.0
1788184907.913,3.47,15314.3,10807.5,4506.8,70.57,49115,0,8.0,0.0
1788184908.914,0.94,15314.3,10796.9,4517.4,70.50,32745,293046128,6.0,2304.4
1788184909.914,0.31,15314.3,10790.9,4523.4,70.46,0,0,0.0,0.0
1788184910.915,0.38,15314.3,10777.6,4536.7,70.38,49121,98242,6.0,4.0
1788184911.916,6.95,15314.3,10776.2,4538.1,70.37,0,0,0.0,0.0
1788184912.916,17.53,15314.3,10881.0,4433.3,71.05,450280,245607,26.0,2.0
1788184913.917,13.81,15314.3,11017.0,4297.2,71.94,0,0,0.0,0.0
1788184914.918,7.31,15314.3,11071.2,4243.1,72.29,16362,0,4.0,0.0
1788184915.919,7.02,15314.3,11149.4,4164.9,72.80,8187,4609159,2.0,139.9
1788184916.920,6.94,15314.3,11230.9,4083.4,73.34,49117,8186,10.0,2.0
1788184917.920,11.27,15314.3,11319.9,3994.3,73.92,0,1833630,0.0,14.0
1788184918.922,58.18,15314.3,11119.2,4195.1,72.61,0,597003,0.0,37.9
1788184919.923,65.61,15314.3,10811.3,4503.0,70.60,278190,0,6.0,0.0
1788184920.924,16.53,15314.3,10726.3,4587.9,70.04,8186,0,2.0,0.0
1788184921.925,21.34,15314.3,10815.4,4498.8,70.62,0,8187,0.0,2.0
1788184922.925,13.70,15314.3,10734.2,4580.1,70.09,0,0,0.0,0.0
1788184923.926,4.21,15314.3,10718.9,4595.3,69.99,16372,0,4.0,0.0
1788184924.927,0.69,15314.3,10718.4,4595.9,69.99,8185,130964,2.0,12.0
1788184925.928,0.44,15314.3,10716.6,4597.7,69.98,0,0,0.0,0.0
1788184926.928,0.88,15314.3,10711.6,4602.7,69.94,0,2864945,0.0,52.0
1788184927.929,5.93,15314.3,10735.6,4578.7,70.10,0,278349,0.0,26.0
1788184928.930,20.31,15314.3,10843.0,4471.2,70.80,0,0,0.0,0.0
1788184929.930,11.40,15314.3,10984.0,4330.3,71.72,0,0,0.0,0.0
1788184930.931,7.00,15314.3,11077.9,4236.3,72.34,0,0,0.0,0.0
1788184931.932,6.68,15314.3,11154.3,4160.0,72.84,32743,0,8.0,0.0
1788184932.933,7.01,15314.3,11246.1,4068.1,73.44,0,8184,0.0,2.0
1788184933.934,7.73,15314.3,11330.2,3984.1,73.98,0,32739,0.0,4.0
1788184934.935,68.92,15314.3,11318.3,3995.9,73.91,0,0,0.0,0.0
1788184935.936,57.92,15314.3,10795.0,4519.2,70.49,0,474372,0.0,95.8
1788184936.937,22.88,15314.3,10704.7,4609.6,69.90,0,3102382,0.0,26.0
1788184937.938,22.34,15314.3,10863.2,4451.1,70.93,24563,0,4.0,0.0
1788184938.938,22.09,15314.3,10945.1,4369.1,71.47,0,73685,0.0,8.0
1788184939.939,27.93,15314.3,10993.0,4321.3,71.78,0,499226146,0.0,3920.1
1788184940.939,12.88,15314.3,10976.2,4338.1,71.67,278346,122136631,10.0,969.4
1788184941.941,6.63,15314.3,10972.7,4341.6,71.65,0,0,0.0,0.0
1788184942.941,8.03,15314.3,10963.5,4350.8,71.59,0,0,0.0,0.0
1788184943.942,9.65,15314.3,10953.1,4361.2,71.52,40934,0,8.0,0.0
1788184944.943,6.69,15314.3,10938.9,4375.4,71.43,0,155551,0.0,4.0
1788184945.943,11.90,15314.3,10924.5,4389.7,71.34,65491,0,10.0,0.0
1788184946.944,6.69,15314.3,10915.8,4398.4,71.28,0,0,0.0,0.0
1788184947.945,8.07,15314.3,10867.5,4446.8,70.96,0,0,0.0,0.0
1788184948.945,8.56,15314.3,10826.3,4488.0,70.69,0,0,0.0,0.0
1788184949.946,11.83,15314.3,10307.0,5007.3,67.30,0,0,0.0,0.0
1788184950.946,5.21,15314.3,10202.1,5112.2,66.62,32754,245655,8.0,20.0
1788184951.947,2.28,15314.3,10201.4,5112.9,66.61,0,0,0.0,0.0
1788184952.947,0.38,15314.3,10198.8,5115.4,66.60,0,0,0.0,0.0
1788184953.948,0.50,15314.3,10183.6,5130.6,66.50,0,0,0.0,0.0
1788184954.949,1.57,15314.3,10065.7,5248.6,65.73,8185,0,2.0,0.0
1788184955.950,14.55,15314.3,10124.6,5189.7,66.11,0,1842052,0.0,28.0
1788184956.950,18.22,15314.3,10276.6,5037.7,67.10,8188,4724474,2.0,80.0
1788184957.951,8.08,15314.3,10441.2,4873.0,68.18,0,0,0.0,0.0
1788184958.951,6.69,15314.3,10535.7,4778.5,68.80,0,0,0.0,0.0
1788184959.953,6.51,15314.3,10622.2,4692.1,69.36,0,16363,0.0,4.0
1788184960.953,6.63,15314.3,10714.8,4599.4,69.97,0,65493,0.0,4.0
1788184961.954,25.28,15314.3,10768.6,4545.6,70.32,0,0,0.0,0.0
1788184962.958,95.09,15314.3,10774.1,4540.2,70.35,57110,0,6.0,0.0
1788184963.959,22.58,15314.3,10792.1,4522.1,70.47,17103672,0,501.5,0.0
1788184964.960,22.02,15314.3,10767.5,4546.7,70.31,0,0,0.0,0.0
1788184965.960,24.49,15314.3,10793.0,4521.2,70.48,0,135999687,0.0,1069.4
1788184966.961,14.20,15314.3,10793.2,4521.0,70.48,32750,442532226,8.0,3424.2
1788184967.962,6.82,15314.3,10793.0,4521.3,70.48,0,0,0.0,0.0
1788184968.963,9.11,15314.3,10795.5,4518.8,70.49,40920,0,4.0,0.0
1788184969.963,12.35,15314.3,10793.5,4520.7,70.48,0,335672,0.0,64.0
1788184970.964,7.01,15314.3,10794.9,4519.4,70.49,0,1833792,0.0,14.0
1788184971.964,11.05,15314.3,10734.8,4579.5,70.10,0,31223987,0.0,271.8
1788184972.965,16.04,15314.3,10805.1,4509.2,70.56,0,114627,0.0,4.0
1788184973.966,17.01,15314.3,10255.1,5059.2,66.96,0,0,0.0,0.0
1788184974.966,20.75,15314.3,10410.6,4903.6,67.98,0,0,0.0,0.0
1788184975.967,12.73,15314.3,10323.2,4991.1,67.41,49128,0,12.0,0.0
1788184976.967,16.16,15314.3,10378.3,4935.9,67.77,0,0,0.0,0.0
1788184977.968,20.96,15314.3,10287.8,5026.5,67.18,16374,0,4.0,0.0
1788184978.968,15.27,15314.3,10319.3,4995.0,67.38,49121,212858,6.0,24.0
1788184979.969,16.25,15314.3,10300.1,5014.1,67.26,0,0,0.0,0.0
1788184980.969,26.15,15314.3,10353.0,4961.3,67.60,0,163740,0.0,20.0
1788184981.970,12.84,15314.3,10410.1,4904.1,67.98,0,0,0.0,0.0
1788184982.971,47.83,15314.3,10357.7,4956.6,67.63,0,24545,0.0,2.0
1788184983.972,0.50,15314.3,10350.6,4963.7,67.59,491000,0,61.9,0.0
1788184984.973,0.44,15314.3,10334.7,4979.6,67.48,0,16368,0.0,4.0
1788184985.974,7.75,15314.3,10314.1,5000.2,67.35,0,0,0.0,0.0
1788184986.975,0.31,15314.3,10298.6,5015.6,67.25,0,57303,0.0,4.0
1788184987.975,5.54,15314.3,10301.2,5013.1,67.27,0,3184231,0.0,52.0
1788184988.976,22.77,15314.3,10355.1,4959.2,67.62,0,8187,0.0,2.0
1788184989.978,36.76,15314.3,10446.0,4868.3,68.21,0,0,0.0,0.0
1788184990.978,33.18,15314.3,10511.5,4802.8,68.64,0,0,0.0,0.0
1788184991.979,30.67,15314.3,10579.8,4734.4,69.08,0,0,0.0,0.0
1788184992.979,18.35,15314.3,10657.2,4657.1,69.59,0,0,0.0,0.0
1788184993.980,10.57,15314.3,10731.1,4583.2,70.07,0,106415,0.0,4.0
1788184994.981,8.81,15314.3,10813.5,4500.8,70.61,0,0,0.0,0.0
1788184995.982,71.11,15314.3,10806.9,4507.3,70.57,0,32729,0.0,4.0
1788184996.984,50.35,15314.3,10806.6,4507.7,70.57,0,0,0.0,0.0
1788184997.985,16.40,15314.3,10770.5,4543.7,70.33,0,293838808,0.0,2431.4
1788184998.986,18.69,15314.3,10742.8,4571.5,70.15,0,0,0.0,0.0
1788184999.987,24.92,15314.3,10817.2,4497.1,70.63,0,114618,0.0,4.0
1788185000.987,25.33,15314.3,10928.3,4385.9,71.36,8187,0,2.0,0.0
1788185001.988,24.95,15314.3,10455.6,4858.7,68.27,0,0,0.0,0.0
1788185002.988,16.95,15314.3,10450.1,4864.2,68.24,0,278314,0.0,58.0
1788185003.989,15.91,15314.3,10439.0,4875.3,68.17,0,20638594,0.0,197.9
1788185004.990,13.82,15314.3,10427.0,4887.3,68.09,8186,0,2.0,0.0
1788185005.990,14.26,15314.3,10420.2,4894.0,68.04,0,0,0.0,0.0
1788185006.991,14.82,15314.3,10416.6,4897.6,68.02,0,32748,0.0,4.0
1788185007.992,19.84,15314.3,10358.2,4956.1,67.64,0,0,0.0,0.0
1788185008.992,26.68,15314.3,10410.5,4903.7,67.98,0,0,0.0,0.0
1788185009.993,25.24,15314.3,10374.4,4939.9,67.74,0,0,0.0,0.0
1788185010.993,23.15,15314.3,10428.5,4885.8,68.10,0,245616,0.0,22.0
1788185011.994,21.60,15314.3,10394.6,4919.6,67.88,16375,0,4.0,0.0
1788185012.994,17.52,15314.3,10369.4,4944.8,67.71,73691,0,18.0,0.0
1788185013.995,15.94,15314.3,10357.9,4956.3,67.64,0,0,0.0,0.0
1788185014.996,15.98,15314.3,10335.8,4978.5,67.49,0,0,0.0,0.0
1788185015.996,15.03,15314.3,10340.8,4973.4,67.52,0,57313,0.0,4.0
1788185016.997,23.64,15314.3,10402.3,4911.9,67.93,0,0,0.0,0.0
1788185017.997,9.77,15314.3,10441.4,4872.9,68.18,0,155535,0.0,20.0
1788185018.998,53.02,15314.3,10352.8,4961.4,67.60,8188,4118449,2.0,66.0
1788185019.999,0.44,15314.3,10345.7,4968.6,67.56,0,0,0.0,0.0
1788185020.999,0.44,15314.3,10333.2,4981.0,67.47,0,0,0.0,0.0
1788185022.000,5.18,15314.3,10328.2,4986.0,67.44,0,0,0.0,0.0
1788185023.000,0.31,15314.3,10317.9,4996.4,67.37,0,0,0.0,0.0
1788185024.001,4.41,15314.3,10275.0,5039.2,67.09,0,0,0.0,0.0
1788185025.002,18.58,15314.3,10463.8,4850.5,68.33,0,32752,0.0,4.0
1788185026.002,12.27,15314.3,10557.6,4756.7,68.94,0,0,0.0,0.0
1788185027.003,11.01,15314.3,10643.1,4671.1,69.50,0,24560,0.0,4.0
1788185028.004,7.08,15314.3,10724.3,4590.0,70.03,0,0,0.0,0.0
1788185029.004,6.88,15314.3,10806.6,4507.7,70.57,0,0,0.0,0.0
1788185030.005,9.21,15314.3,10791.4,4522.8,70.47,0,302966473,0.0,2354.6
1788185031.007,55.31,15314.3,10819.4,4494.9,70.65,0,57218,0.0,4.0
1788185032.008,62.20,15314.3,10780.0,4534.2,70.39,0,0,0.0,0.0
1788185033.009,22.25,15314.3,10656.2,4658.0,69.58,261943,0,2.0,0.0
1788185034.010,22.52,15314.3,10840.7,4473.6,70.79,0,0,0.0,0.0
1788185035.010,22.25,15314.3,10930.9,4383.4,71.38,0,0,0.0,0.0
1788185036.011,30.25,15314.3,11023.8,4290.5,71.98,302908,0,24.0,0.0
1788185037.011,27.31,15314.3,10553.5,4760.8,68.91,0,98240,0.0,4.0
1788185038.012,16.76,15314.3,10550.5,4763.7,68.89,0,212853,0.0,42.0
1788185039.013,23.31,15314.3,10537.4,4776.8,68.81,0,892348,0.0,20.0
1788185040.013,17.75,15314.3,10531.5,4782.8,68.77,0,0,0.0,0.0
1788185041.014,13.28,15314.3,10520.1,4794.2,68.69,0,0,0.0,0.0
1788185042.014,13.77,15314.3,10514.0,4800.3,68.66,0,40934,0.0,4.0
1788185043.015,20.92,15314.3,10414.6,4899.6,68.01,8187,442103,2.0,50.0
1788185044.016,28.26,15314.3,10468.1,4846.2,68.36,0,122798,0.0,2.0
1788185045.016,21.93,15314.3,10461.5,4852.8,68.31,24561,0,6.0,0.0
1788185046.017,24.73,15314.3,10551.0,4763.2,68.90,16375,0,2.0,0.0
1788185047.017,22.84,15314.3,10562.9,4751.3,68.97,8187,0,2.0,0.0
1788185048.018,17.06,15314.3,10506.0,4808.2,68.60,0,0,0.0,0.0
1788185049.018,16.59,15314.3,10474.2,4840.0,68.40,8187,90061,2.0,6.0
1788185050.019,17.50,15314.3,10483.5,4830.8,68.46,0,335696,0.0,6.0
1788185051.020,16.72,15314.3,10587.6,4726.7,69.14,0,0,0.0,0.0
1788185052.020,28.31,15314.3,10665.7,4648.6,69.65,0,0,0.0,0.0
1788185053.021,20.28,15314.3,10663.6,4650.7,69.63,49931556,47115282,827.5,597.6
1788185054.021,48.37,15314.3,10564.9,4749.3,68.99,1948706,3168694,275.9,50.0
1788185055.022,0.69,15314.3,10565.8,4748.5,68.99,540345,417540,54.0,12.0
1788185056.022,1.25,15314.3,10562.1,4752.1,68.97,0,586794542,0.0,4561.3
1788185057.023,5.77,15314.3,10569.8,4744.4,69.02,712268,0,80.0,0.0
1788185058.024,2.01,15314.3,10571.9,4742.4,69.03,13213716,10053558,183.9,129.9
1788185059.024,6.94,15314.3,10585.4,4728.9,69.12,26266334,32186085,327.8,295.8
1788185060.025,17.08,15314.3,10720.2,4594.0,70.00,0,0,0.0,0.0
1788185061.025,11.26,15314.3,10894.0,4420.2,71.14,0,0,0.0,0.0
1788185062.026,11.27,15314.3,10975.6,4338.7,71.67,0,25706565,0.0,227.9
1788185063.027,10.30,15314.3,10971.2,4343.1,71.64,8188,843313,2.0,82.0
1788185064.027,6.95,15314.3,11041.0,4273.3,72.10,0,1563779,0.0,307.8
1788185065.028,7.13,15314.3,11121.2,4193.1,72.62,163753,0,40.0,0.0
1788185066.029,58.57,15314.3,11127.5,4186.8,72.66,892008,499197,213.8,93.9
1788185067.029,60.03,15314.3,11091.5,4222.7,72.43,0,0,0.0,0.0
1788185068.030,20.00,15314.3,11022.0,4292.2,71.97,0,98232,0.0,4.0
1788185069.031,20.39,15314.3,11122.5,4191.7,72.63,0,0,0.0,0.0
1788185070.031,24.87,15314.3,11136.9,4177.3,72.72,0,319324,0.0,6.0
1788185071.032,14.42,15314.3,10620.1,4694.1,69.35,270001,0,4.0,0.0
1788185072.033,10.82,15314.3,10617.4,4696.9,69.33,851432,802311,58.0,131.9
1788185073.034,12.93,15314.3,10607.6,4706.6,69.27,73672,286503,2.0,12.0
1788185074.034,14.69,15314.3,10608.4,4705.8,69.27,40500043,0,731.5,0.0
1788185075.035,17.42,15314.3,10633.1,4681.2,69.43,244510847,1719313,12344.8,95.9
1788185076.036,16.14,15314.3,10556.6,4757.7,68.93,211726269,0,10875.1,0.0
1788185077.036,27.08,15314.3,10675.8,4638.5,69.71,201649883,0,10398.7,0.0
1788185078.037,19.21,15314.3,10613.5,4700.8,69.30,202890984,8016073,10774.8,70.0
1788185079.037,22.29,15314.3,10654.3,4659.9,69.57,203066475,0,10602.6,0.0
1788185080.038,20.96,15314.3,10555.6,4758.7,68.93,201126677,32751,10558.7,8.0
1788185081.038,20.28,15314.3,10597.6,4716.6,69.20,207431003,5813603,10719.0,48.0
1788185082.039,39.76,15314.3,10539.2,4775.0,68.82,177439327,7098228,9342.4,185.9
1788185083.039,14.72,15314.3,10610.6,4703.7,69.29,0,147387,0.0,20.0
1788185084.040,11.82,15314.3,10591.3,4722.9,69.16,0,0,0.0,0.0
1788185085.040,23.39,15314.3,10633.9,4680.3,69.44,0,3299686,0.0,64.0
1788185086.041,37.13,15314.3,10725.0,4589.2,70.03,16372,0,2.0,0.0
1788185087.042,36.13,15314.3,10757.7,4556.5,70.25,0,179991,0.0,2.0
1788185088.045,24.69,15314.3,10664.4,4649.8,69.64,0,312167038,0.0,2460.3
1788185089.045,0.38,15314.3,10660.1,4654.1,69.61,0,0,0.0,0.0
1788185090.046,5.96,15314.3,10647.9,4666.4,69.53,24556,155519,6.0,4.0
1788185091.047,0.56,15314.3,10636.3,4678.0,69.45,16372,0,2.0,0.0
1788185092.047,0.44,15314.3,10620.1,4694.2,69.35,8187,687667,2.0,12.0
1788185093.048,10.36,15314.3,10652.3,4661.9,69.56,16374,1702866,2.0,30.0
1788185094.049,20.68,15314.3,10731.4,4582.8,70.07,0,16373,0.0,2.0
1788185095.049,14.61,15314.3,10876.4,4437.8,71.02,188291,0,6.0,0.0
1788185096.050,9.47,15314.3,10894.9,4419.3,71.14,16376,0,2.0,0.0
1788185097.050,6.76,15314.3,10950.2,4364.0,71.50,81874,0,6.0,0.0
1788185098.051,6.64,15314.3,11036.5,4277.7,72.07,0,163717,0.0,4.0
1788185099.052,7.19,15314.3,11131.1,4183.2,72.68,0,16374,0.0,2.0
1788185100.053,79.69,15314.3,11104.0,4210.2,72.51,0,294505,0.0,36.0
1788185101.054,49.36,15314.3,11129.7,4184.6,72.68,261812,0,2.0,0.0
1788185102.055,16.71,15314.3,11086.4,4227.8,72.39,270049,296972532,4.0,3504.3
1788185103.056,23.05,15314.3,11058.9,4255.4,72.21,16371,0,4.0,0.0
1788185104.057,25.02,15314.3,10625.5,4688.8,69.38,16375,0,4.0,0.0
1788185105.057,17.48,15314.3,10698.7,4615.5,69.86,163745,614042,16.0,12.0
1788185106.058,13.33,15314.3,10675.3,4638.9,69.71,351995,0,16.0,0.0
1788185107.059,13.58,15314.3,10661.3,4653.0,69.62,0,0,0.0,0.0
1788185108.059,13.20,15314.3,10660.8,4653.5,69.61,57306,0,2.0,0.0
1788185109.060,10.83,15314.3,10643.8,4670.5,69.50,8187,0,2.0,0.0
1788185110.061,10.80,15314.3,10526.9,4787.3,68.74,8187,0,2.0,0.0
1788185111.061,16.66,15314.3,10607.2,4707.1,69.26,0,114623,0.0,4.0
1788185112.062,15.16,15314.3,10575.5,4738.8,69.06,8186,630321,2.0,28.0
1788185113.063,17.17,15314.3,10611.6,4702.7,69.29,0,0,0.0,0.0
1788185114.063,17.95,15314.3,10568.5,4745.8,69.01,2423491,204687,321.8,22.0
1788185115.064,16.94,15314.3,10634.6,4679.6,69.44,16373,654918,4.0,8.0
1788185116.064,16.47,15314.3,10624.5,4689.7,69.38,1457457,0,239.9,0.0
1788185117.065,17.34,15314.3,10672.3,4642.0,69.69,0,0,0.0,0.0
1788185118.065,13.56,15314.3,10573.0,4741.3,69.04,0,0,0.0,0.0
1788185119.066,22.40,15314.3,10624.6,4689.7,69.38,0,0,0.0,0.0
1788185120.067,17.13,15314.3,10699.4,4614.8,69.87,0,114609,0.0,4.0
1788185121.068,54.55,15314.3,10930.7,4383.5,71.38,0,0,0.0,0.0
1788185122.069,3.70,15314.3,10930.9,4383.4,71.38,0,0,0.0,0.0
1788185123.070,0.31,15314.3,10921.5,4392.8,71.32,0,0,0.0,0.0
1788185124.070,5.31,15314.3,10940.7,4373.5,71.44,0,261977,0.0,36.0
1788185125.071,0.38,15314.3,10924.1,4390.2,71.33,0,0,0.0,0.0
1788185126.071,1.26,15314.3,10923.7,4390.5,71.33,0,0,0.0,0.0
1788185127.072,15.41,15314.3,11005.2,4309.0,71.86,0,376612,0.0,40.0
1788185128.073,35.88,15314.3,11195.2,4119.1,73.10,28395226,28599921,361.8,267.9
1788185129.073,28.46,15314.3,11277.7,4036.5,73.64,1588194,417515,56.0,12.0
1788185130.074,9.99,15314.3,11300.7,4013.5,73.79,0,0,0.0,0.0
1788185131.074,7.25,15314.3,11383.4,3930.9,74.33,0,0,0.0,0.0
1788185132.075,8.01,15314.3,11458.6,3855.6,74.82,1342613,139173,223.9,6.0
1788185133.076,7.20,15314.3,11422.4,3891.8,74.59,0,39429997,0.0,367.8
1788185134.078,74.61,15314.3,11501.3,3812.9,75.10,81717,0,10.0,0.0
1788185135.081,51.57,15314.3,11557.7,3756.6,75.47,522617,0,4.0,0.0
1788185136.082,16.21,15314.3,11509.3,3804.9,75.15,0,0,0.0,0.0
1788185137.083,20.24,15314.3,11495.0,3819.3,75.06,3234274,2767556,72.0,36.0
1788185138.083,21.35,15314.3,11507.6,3806.6,75.14,40936,1228086,6.0,189.9
1788185139.084,25.27,15314.3,11663.4,3650.8,76.16,278363,704095,4.0,8.0
1788185140.085,31.11,15314.3,11170.7,4143.5,72.94,106412,0,14.0,0.0
1788185141.086,17.99,15314.3,11182.5,4131.8,73.02,0,261935,0.0,22.0
1788185142.086,15.56,15314.3,11184.8,4129.5,73.04,0,114600,0.0,6.0
1788185143.087,13.61,15314.3,11184.3,4130.0,73.03,40932,0,8.0,0.0
1788185144.088,13.69,15314.3,11182.6,4131.7,73.02,0,0,0.0,0.0
1788185145.088,13.91,15314.3,11181.6,4132.6,73.01,40929,392922,4.0,6.0
1788185146.089,21.14,15314.3,11154.7,4159.5,72.84,8187,1154314,2.0,22.0
1788185147.090,27.42,15314.3,11211.7,4102.5,73.21,0,0,0.0,0.0
1788185148.090,25.05,15314.3,11138.5,4175.8,72.73,0,0,0.0,0.0
1788185149.091,24.42,15314.3,11231.7,4082.5,73.34,0,548275448,0.0,4284.0
1788185150.091,22.24,15314.3,11143.7,4170.5,72.77,8188,0,2.0,0.0
1788185151.092,24.65,15314.3,11047.0,4267.3,72.14,0,0,0.0,0.0
1788185152.092,15.93,15314.3,10983.0,4331.2,71.72,0,0,0.0,0.0
1788185153.093,17.57,15314.3,11030.5,4283.8,72.03,0,0,0.0,0.0
1788185154.095,14.48,15314.3,11008.8,4305.5,71.89,0,122635,0.0,4.0
1788185155.096,21.74,15314.3,11096.3,4217.9,72.46,0,810578,0.0,40.0
1788185156.096,11.09,15314.3,11139.7,4174.5,72.74,188307,0,20.0,0.0
1788185157.097,51.54,15314.3,11039.7,4274.6,72.09,8187,0,2.0,0.0
1788185158.097,2.63,15314.3,11055.8,4258.4,72.19,25809297,28355029,297.8,279.8
1788185159.098,0.44,15314.3,11049.7,4264.6,72.15,0,613893,0.0,10.0
1788185160.099,5.38,15314.3,11055.6,4258.7,72.19,8187,0,2.0,0.0
1788185161.099,0.56,15314.3,11053.1,4261.2,72.18,8187,0,2.0,0.0
1788185162.100,4.28,15314.3,11060.9,4253.4,72.23,65488,0,16.0,0.0
1788185163.101,16.12,15314.3,11185.0,4129.3,73.04,0,327518,0.0,6.0
1788185164.101,12.09,15314.3,11313.1,4001.2,73.87,0,3070115,0.0,64.0
1788185165.102,12.43,15314.3,11396.3,3918.0,74.42,0,66420311,0.0,541.5
1788185166.103,9.87,15314.3,11390.0,3924.2,74.38,0,0,0.0,0.0
1788185167.103,6.63,15314.3,11473.3,3840.9,74.92,0,0,0.0,0.0
1788185168.104,6.63,15314.3,11558.6,3755.7,75.48,0,319284,0.0,34.0
1788185169.106,47.78,15314.3,11585.9,3728.3,75.65,0,1520468,0.0,163.7
1788185170.107,69.39,15314.3,11616.9,3697.3,75.86,0,0,0.0,0.0
1788185171.108,18.62,15314.3,11461.4,3852.9,74.84,0,0,0.0,0.0
1788185172.109,23.07,15314.3,11569.3,3745.0,75.55,0,0,0.0,0.0
1788185173.109,21.48,15314.3,11614.9,3699.4,75.84,0,98251,0.0,4.0
1788185174.110,31.13,15314.3,11676.9,3637.3,76.25,41516926,45463121,509.7,409.8
1788185175.110,30.72,15314.3,11316.5,3997.7,73.90,417482,0,18.0,0.0
1788185176.111,15.36,15314.3,11292.0,4022.3,73.73,0,309455310,0.0,2438.0
1788185177.112,18.76,15314.3,11288.1,4026.2,73.71,0,0,0.0,0.0
1788185178.112,13.70,15314.3,11273.5,4040.7,73.61,8187,1833808,2.0,14.0
1788185179.113,13.99,15314.3,11257.3,4057.0,73.51,0,32748,0.0,2.0
1788185180.114,14.12,15314.3,11242.2,4072.1,73.41,0,0,0.0,0.0
1788185181.114,21.04,15314.3,11208.6,4105.7,73.19,8187,343841,2.0,6.0
1788185182.115,26.34,15314.3,11252.8,4061.5,73.48,0,0,0.0,0.0
1788185183.117,25.48,15314.3,11120.5,4193.7,72.62,0,613427,0.0,8.0
1788185184.117,23.75,15314.3,11214.3,4099.9,73.23,0,0,0.0,0.0
1788185185.118,19.83,15314.3,11157.9,4156.4,72.86,0,0,0.0,0.0
1788185186.118,17.56,15314.3,11056.0,4258.2,72.19,49129,319340,10.0,38.0
1788185187.119,19.77,15314.3,11042.4,4271.9,72.11,0,0,0.0,0.0
1788185188.119,12.88,15314.3,10968.0,4346.3,71.62,40937,0,10.0,0.0
1788185189.120,20.25,15314.3,11031.3,4282.9,72.03,0,0,0.0,0.0
1788185190.120,24.07,15314.3,11088.2,4226.1,72.40,0,40939,0.0,6.0
1788185191.121,18.47,15314.3,11121.2,4193.1,72.62,0,122782,0.0,4.0
1788185192.125,41.77,15314.3,11008.0,4306.2,71.88,8160,0,2.0,0.0
1788185193.126,1.19,15314.3,11019.9,4294.3,71.96,16366,0,4.0,0.0
1788185194.127,0.44,15314.3,11019.7,4294.6,71.96,8187,0,2.0,0.0
1788185195.128,7.30,15314.3,11064.6,4249.7,72.25,6634948,3640631,93.9,69.9
1788185196.129,1.32,15314.3,11065.1,4249.2,72.25,2725662,401073,50.0,6.0
1788185197.130,6.69,15314.3,11109.7,4204.6,72.54,949691,0,95.9,0.0
1788185198.130,16.35,15314.3,11253.3,4060.9,73.48,16375,1948629,4.0,30.0
1788185199.131,10.95,15314.3,11406.4,3907.8,74.48,0,0,0.0,0.0
1788185200.131,11.01,15314.3,11473.9,3840.4,74.92,0,16372,0.0,2.0
1788185201.132,6.90,15314.3,11565.8,3748.4,75.52,0,196504,0.0,8.0
1788185202.133,7.07,15314.3,11653.9,3660.4,76.10,0,302850055,0.0,2346.0
1788185203.134,6.57,15314.3,11672.7,3641.6,76.22,32742,0,8.0,0.0
1788185204.135,68.50,15314.3,11718.8,3595.4,76.52,0,0,0.0,0.0
1788185205.136,55.10,15314.3,11817.8,3496.4,77.17,0,61099701,0.0,699.4
1788185206.137,20.81,15314.3,11726.5,3587.7,76.57,16370,185496304,4.0,1540.7
1788185207.137,20.46,15314.3,11819.5,3494.7,77.18,0,0,0.0,0.0
1788185208.138,24.34,15314.3,11815.4,3498.8,77.15,81874,0,8.0,0.0
1788185209.139,9.49,15314.3,11817.7,3496.6,77.17,0,180114,0.0,4.0
1788185210.139,6.82,15314.3,11814.8,3499.4,77.15,16371,0,4.0,0.0
1788185211.140,9.13,15314.3,11811.2,3503.1,77.13,0,0,0.0,0.0
1788185212.141,11.77,15314.3,11799.5,3514.8,77.05,65493,0,4.0,0.0
1788185213.142,6.76,15314.3,11792.8,3521.5,77.01,16371,671198,4.0,8.0
1788185214.142,14.59,15314.3,11761.3,3553.0,76.80,90061,0,8.0,0.0
1788185215.143,16.20,15314.3,11400.5,3913.8,74.44,0,0,0.0,0.0
1788185216.144,16.50,15314.3,11444.2,3870.1,74.73,106417,0,8.0,0.0
1788185217.144,17.25,15314.3,11451.7,3862.6,74.78,0,8187,0.0,2.0
1788185218.145,18.21,15314.3,11411.0,3903.2,74.51,0,1833963,0.0,14.0
1788185219.145,18.31,15314.3,11368.2,3946.1,74.23,0,221058,0.0,4.0
1788185220.146,15.90,15314.3,11396.9,3917.4,74.42,0,0,0.0,0.0
1788185221.147,12.42,15314.3,11319.9,3994.3,73.92,8188,0,2.0,0.0
1788185222.147,19.46,15314.3,11368.7,3945.6,74.24,0,0,0.0,0.0
1788185223.151,23.74,15314.3,11440.3,3874.0,74.70,0,171445,0.0,15.9
1788185224.152,42.55,15314.3,11422.0,3892.2,74.58,0,0,0.0,0.0
1788185225.157,16.81,15314.3,11420.5,3893.8,74.57,0,611580,0.0,63.7
1788185226.158,0.44,15314.3,11402.8,3911.4,74.46,0,0,0.0,0.0
1788185227.158,5.31,15314.3,11377.9,3936.4,74.30,0,0,0.0,0.0
1788185228.159,0.38,15314.3,11353.3,3961.0,74.14,0,0,0.0,0.0
1788185229.160,0.25,15314.3,11323.3,3991.0,73.94,0,352019,0.0,6.0
1788185230.161,14.32,15314.3,11335.3,3978.9,74.02,0,0,0.0,0.0
1788185231.161,20.09,15314.3,11342.0,3972.2,74.06,0,0,0.0,0.0
1788185232.162,13.24,15314.3,11457.1,3857.2,74.81,0,0,0.0,0.0
1788185233.163,7.08,15314.3,11542.4,3771.9,75.37,0,0,0.0,0.0
1788185234.163,6.95,15314.3,11610.9,3703.3,75.82,0,0,0.0,0.0
1788185235.164,6.94,15314.3,11686.1,3628.1,76.31,0,98240,0.0,4.0
1788185236.164,6.64,15314.3,11731.4,3582.8,76.60,0,0,0.0,0.0
1788185237.165,92.56,15314.3,11754.9,3559.4,76.76,0,77188702,0.0,679.6
1788185238.169,29.42,15314.3,11776.7,3537.5,76.90,0,0,0.0,0.0
1788185239.170,19.86,15314.3,11641.7,3672.5,76.02,8184,73652,2.0,8.0
1788185240.171,20.51,15314.3,11723.0,3591.3,76.55,0,2284186,0.0,105.9
1788185241.172,23.77,15314.3,11213.7,4100.5,73.22,8188,0,2.0,0.0
1788185242.172,11.73,15314.3,11162.6,4151.6,72.89,0,16374,0.0,2.0
1788185243.173,6.63,15314.3,11156.5,4157.8,72.85,0,0,0.0,0.0
1788185244.174,11.19,15314.3,11147.0,4167.3,72.79,0,139146,0.0,4.0
1788185245.174,7.26,15314.3,11145.3,4169.0,72.78,0,343866,0.0,6.0
1788185246.175,6.82,15314.3,11137.0,4177.2,72.72,40934,0,4.0,0.0
1788185247.176,16.88,15314.3,11141.3,4173.0,72.75,8186,0,2.0,0.0
1788185248.176,17.28,15314.3,11197.3,4117.0,73.12,0,0,0.0,0.0
1788185249.177,16.94,15314.3,11168.4,4145.9,72.93,0,0,0.0,0.0
1788185250.178,18.48,15314.3,11183.8,4130.5,73.03,0,106397,0.0,4.0
1788185251.179,15.78,15314.3,11163.2,4151.0,72.89,0,0,0.0,0.0
1788185252.179,28.18,15314.3,11192.2,4122.1,73.08,335623,0,64.0,0.0
1788185253.180,15.71,15314.3,11171.5,4142.7,72.95,0,0,0.0,0.0
1788185254.181,13.68,15314.3,11060.9,4253.4,72.23,0,0,0.0,0.0
1788185255.181,19.52,15314.3,11126.5,4187.7,72.65,0,122819,0.0,4.0
1788185256.182,26.46,15314.3,11143.8,4170.5,72.77,106430,0,12.0,0.0
1788185257.183,24.89,15314.3,11219.6,4094.6,73.26,0,229074,0.0,22.0
1788185258.185,33.67,15314.3,11139.5,4174.8,72.74,16351,0,4.0,0.0
1788185259.186,0.56,15314.3,11124.0,4190.3,72.64,0,0,0.0,0.0
1788185260.187,0.63,15314.3,11092.9,4221.4,72.43,0,0,0.0,0.0
1788185261.188,5.13,15314.3,11093.0,4221.3,72.44,0,0,0.0,0.0
1788185262.188,0.50,15314.3,11084.3,4229.9,72.38,0,0,0.0,0.0
1788185263.189,11.89,15314.3,11125.6,4188.7,72.65,0,312647291,0.0,2464.6
1788185264.189,18.86,15314.3,11260.3,4053.9,73.53,49124,81874,8.0,4.0
1788185265.190,10.51,15314.3,11381.4,3932.9,74.32,0,0,0.0,0.0
1788185266.191,11.12,15314.3,11483.1,3831.1,74.98,0,0,0.0,0.0
1788185267.191,7.09,15314.3,11563.2,3751.1,75.51,0,4551918,0.0,70.0
1788185268.193,6.69,15314.3,11649.5,3664.8,76.07,0,0,0.0,0.0
1788185269.193,6.70,15314.3,11736.3,3578.0,76.64,0,90060,0.0,4.0
1788185270.194,78.73,15314.3,11779.5,3534.8,76.92,0,1832727,0.0,14.0
1788185271.196,42.09,15314.3,11746.7,3567.6,76.70,8181,0,2.0,0.0
1788185272.197,19.32,15314.3,11691.2,3623.0,76.34,0,283174336,0.0,2305.9
1788185273.197,20.56,15314.3,11761.8,3552.5,76.80,24565,0,6.0,0.0
1788185274.197,24.03,15314.3,11808.9,3505.4,77.11,8188,0,2.0,0.0
1788185275.198,23.39,15314.3,11875.2,3439.0,77.54,466681,0,28.0,0.0
1788185276.199,22.05,15314.3,11445.7,3868.6,74.74,442082,0,50.0,0.0
1788185277.199,16.84,15314.3,11433.9,3880.4,74.66,32747,0,8.0,0.0
1788185278.200,14.88,15314.3,11427.7,3886.5,74.62,335599,114595,14.0,4.0
1788185279.201,13.83,15314.3,11409.2,3905.0,74.50,32743,0,8.0,0.0
1788185280.202,14.21,15314.3,11373.6,3940.7,74.27,49121,204672,12.0,20.0
1788185281.202,14.97,15314.3,11283.1,4031.1,73.68,24562,0,6.0,0.0
1788185282.203,22.97,15314.3,11262.3,4052.0,73.54,0,0,0.0,0.0
1788185283.203,25.28,15314.3,11281.8,4032.5,73.67,8188,0,2.0,0.0
1788185284.204,29.26,15314.3,11169.0,4145.2,72.93,0,0,0.0,0.0
1788185285.204,21.12,15314.3,11203.1,4111.2,73.15,0,171953,0.0,20.0
1788185286.205,20.79,15314.3,11059.7,4254.6,72.22,0,0,0.0,0.0
1788185287.205,20.38,15314.3,11007.4,4306.8,71.88,49128,0,6.0,0.0
1788185288.206,15.63,15314.3,11124.0,4190.3,72.64,0,0,0.0,0.0
1788185289.206,12.44,15314.3,11047.5,4266.8,72.14,0,0,0.0,0.0
1788185290.207,25.16,15314.3,11022.9,4291.4,71.98,0,180129,0.0,22.0
1788185291.207,20.77,15314.3,11139.5,4174.7,72.74,0,0,0.0,0.0
1788185292.209,46.27,15314.3,11199.6,4114.7,73.13,0,0,0.0,0.0
1788185293.214,8.63,15314.3,11136.3,4177.9,72.72,8148,0,2.0,0.0
1788185294.215,0.81,15314.3,11119.0,4195.2,72.61,0,0,0.0,0.0
1788185295.216,5.06,15314.3,11121.0,4193.3,72.62,0,0,0.0,0.0
1788185296.217,0.44,15314.3,11114.2,4200.0,72.57,0,65486,0.0,4.0
1788185297.217,0.44,15314.3,11105.6,4208.7,72.52,0,0,0.0,0.0
1788185298.218,12.89,15314.3,11198.9,4115.4,73.13,0,0,0.0,0.0
1788185299.219,17.82,15314.3,11381.5,3932.8,74.32,0,0,0.0,0.0
1788185300.219,13.52,15314.3,11420.8,3893.4,74.58,0,0,0.0,0.0
1788185301.220,7.02,15314.3,11492.2,3822.1,75.04,0,0,0.0,0.0
1788185302.221,6.88,15314.3,11567.2,3747.0,75.53,37042755,728576,397.7,64.0
1788185303.221,7.20,15314.3,11660.0,3654.3,76.14,0,337776230,0.0,2785.5
1788185304.223,8.13,15314.3,11716.8,3597.5,76.51,8178,0,2.0,0.0
1788185305.225,95.80,15314.3,11645.0,3669.2,76.04,0,0,0.0,0.0
1788185306.226,30.87,15314.3,11629.5,3684.7,75.94,40923,0,4.0,0.0
1788185307.227,12.89,15314.3,11536.9,3777.4,75.33,180040,0,30.0,0.0
1788185308.228,20.04,15314.3,11610.1,3704.1,75.81,0,106444,0.0,6.0
1788185309.228,13.78,15314.3,11494.9,3819.3,75.06,8188,0,2.0,0.0
1788185310.229,2.08,15314.3,11496.3,3818.0,75.07,0,0,0.0,0.0
1788185311.230,0.44,15314.3,11496.9,3817.4,75.07,0,0,0.0,0.0
1788185312.231,3.24,15314.3,11500.5,3813.7,75.10,0,1833935,0.0,14.0
1788185313.231,1.90,15314.3,11501.2,3813.0,75.10,0,188257,0.0,10.0
1788185314.232,7.79,15314.3,11525.8,3788.4,75.26,16372,0,2.0,0.0
1788185315.233,14.85,15314.3,11735.1,3579.1,76.63,0,106438,0.0,6.0
1788185316.233,13.14,15314.3,11825.0,3489.3,77.22,16372,351901580,4.0,2844.0
1788185317.243,7.25,15314.3,11915.7,3398.6,77.81,8113,0,2.0,0.0
1788185318.244,11.52,15314.3,11975.4,3338.8,78.20,0,818603,0.0,10.0
1788185319.245,6.82,15314.3,12054.3,3259.9,78.71,0,0,0.0,0.0
1788185320.245,7.83,15314.3,12106.3,3208.0,79.05,0,0,0.0,0.0
1788185321.249,48.31,15314.3,11760.8,3553.4,76.80,0,0,0.0,0.0
1788185322.250,78.07,15314.3,11716.1,3598.1,76.50,261877,327347,2.0,38.0
1788185323.251,12.65,15314.3,11737.0,3577.3,76.64,0,0,0.0,0.0
1788185324.252,19.29,15314.3,11713.4,3600.8,76.49,0,0,0.0,0.0
1788185325.252,20.96,15314.3,11706.5,3607.8,76.44,0,0,0.0,0.0
1788185326.253,27.52,15314.3,11807.1,3507.1,77.10,0,0,0.0,0.0
1788185327.253,14.10,15314.3,11713.5,3600.8,76.49,16373,0,4.0,0.0
1788185328.254,6.63,15314.3,11707.3,3607.0,76.45,0,0,0.0,0.0
1788185329.255,12.32,15314.3,11698.5,3615.7,76.39,0,24557,0.0,4.0
1788185330.256,6.82,15314.3,11698.0,3616.3,76.39,0,0,0.0,0.0
1788185331.256,6.57,15314.3,11691.1,3623.2,76.34,0,0,0.0,0.0
1788185332.257,6.75,15314.3,11684.2,3630.1,76.30,0,0,0.0,0.0
1788185333.258,10.34,15314.3,11223.6,4090.7,73.29,0,0,0.0,0.0
1788185334.259,8.23,15314.3,11205.6,4108.6,73.17,0,24560,0.0,4.0
1788185335.260,10.72,15314.3,11191.1,4123.2,73.08,0,0,0.0,0.0
1788185336.260,8.20,15314.3,11204.2,4110.1,73.16,23376545,0,283.9,0.0
1788185337.261,5.35,15314.3,11075.8,4238.5,72.32,8187,0,2.0,0.0
1788185338.262,0.75,15314.3,11083.4,4230.8,72.37,0,0,0.0,0.0
1788185339.262,0.38,15314.3,11077.2,4237.1,72.33,0,49119,0.0,4.0
1788185340.263,4.87,15314.3,11078.1,4236.2,72.34,0,0,0.0,0.0
1788185341.264,0.94,15314.3,11069.8,4244.4,72.28,163718,0,22.0,0.0
1788185342.264,5.73,15314.3,11072.1,4242.1,72.30,0,561554157,0.0,4371.1
1788185343.265,17.31,15314.3,11172.6,4141.6,72.96,73686,0,14.0,0.0
1788185344.266,11.47,15314.3,11304.2,4010.1,73.81,0,0,0.0,0.0
1788185345.266,9.34,15314.3,11400.1,3914.1,74.44,16375,57311,4.0,4.0
1788185346.267,13.87,15314.3,11473.1,3841.2,74.92,8187,0,2.0,0.0
1788185347.268,6.69,15314.3,11564.7,3749.5,75.52,0,52566843,0.0,473.7
1788185348.268,6.69,15314.3,11646.9,3667.4,76.05,0,8187,0.0,2.0
1788185349.270,55.26,15314.3,11657.5,3656.8,76.12,0,711872,0.0,71.9
1788185350.271,68.23,15314.3,11669.6,3644.7,76.20,0,0,0.0,0.0
1788185351.272,17.95,15314.3,11715.2,3599.1,76.50,40927,298197029,8.0,2386.1
1788185352.273,19.81,15314.3,11762.7,3551.5,76.81,0,0,0.0,0.0
1788185353.273,22.91,15314.3,11821.0,3493.3,77.19,32752,0,8.0,0.0
1788185354.274,23.69,15314.3,11886.4,3427.9,77.62,458528,0,32.0,0.0
1788185355.274,12.92,15314.3,11744.9,3569.3,76.69,237430,392987,34.0,34.0
1788185356.275,6.96,15314.3,11747.3,3566.9,76.71,0,0,0.0,0.0
1788185357.276,10.92,15314.3,11746.2,3568.0,76.70,0,0,0.0,0.0
1788185358.276,10.76,15314.3,11253.4,4060.9,73.48,0,0,0.0,0.0
1788185359.277,6.63,15314.3,11249.2,4065.1,73.46,0,0,0.0,0.0
1788185360.278,7.51,15314.3,11242.5,4071.8,73.41,0,32746,0.0,4.0
1788185361.279,7.38,15314.3,11236.5,4077.8,73.37,0,0,0.0,0.0
1788185362.279,9.69,15314.3,11232.2,4082.0,73.34,261897,0,2.0,0.0
1788185363.280,10.57,15314.3,11212.6,4101.7,73.22,16377,0,4.0,0.0
1788185364.280,6.83,15314.3,11213.4,4100.9,73.22,0,0,0.0,0.0
1788185365.281,4.98,15314.3,11122.3,4192.0,72.63,8185,57297,2.0,4.0
1788185366.282,0.50,15314.3,11112.9,4201.3,72.57,0,90016,0.0,16.0
1788185367.283,0.38,15314.3,11098.3,4215.9,72.47,0,0,0.0,0.0
1788185368.284,4.93,15314.3,11089.2,4225.1,72.41,32739,0,8.0,0.0
1788185369.285,0.38,15314.3,11081.9,4232.4,72.36,0,0,0.0,0.0
1788185370.286,9.17,15314.3,11136.4,4177.9,72.72,0,614000,0.0,8.0
1788185371.286,15.26,15314.3,11251.1,4063.2,73.47,8187,0,2.0,0.0
1788185372.287,13.04,15314.3,11332.9,3981.3,74.00,0,0,0.0,0.0
1788185373.288,10.60,15314.3,11405.5,3908.7,74.48,0,630105,0.0,67.9
1788185374.289,7.53,15314.3,11490.8,3823.4,75.03,8188,0,2.0,0.0
1788185375.290,6.70,15314.3,11568.3,3745.9,75.54,0,0,0.0,0.0
1788185376.290,6.81,15314.3,11651.4,3662.8,76.08,16372,0,4.0,0.0
1788185377.297,79.24,15314.3,11649.4,3664.9,76.07,65080,0,13.9,0.0
1788185378.298,46.77,15314.3,11716.7,3597.5,76.51,0,0,0.0,0.0
1788185379.299,18.25,15314.3,11632.0,3682.3,75.96,261948,49115,2.0,4.0
1788185380.299,21.13,15314.3,11708.0,3606.3,76.45,0,0,0.0,0.0
1788185381.300,10.81,15314.3,11591.0,3723.2,75.69,0,630462,0.0,8.0
1788185382.301,2.57,15314.3,11603.1,3711.1,75.77,49117,629085709,10.0,4928.5
1788185383.302,0.44,15314.3,11595.5,3718.8,75.72,0,1833410,0.0,14.0
1788185384.302,3.24,15314.3,11582.4,3731.9,75.63,0,0,0.0,0.0
1788185385.303,2.27,15314.3,11574.0,3740.2,75.58,0,0,0.0,0.0
1788185386.303,7.44,15314.3,11616.6,3697.7,75.85,0,368362,0.0,38.0
1788185387.304,15.86,15314.3,11746.3,3567.9,76.70,0,16374,0.0,2.0
1788185388.305,10.41,15314.3,11858.1,3456.2,77.43,0,0,0.0,0.0
1788185389.306,6.75,15314.3,11918.7,3395.6,77.83,0,0,0.0,0.0
1788185390.306,11.58,15314.3,12003.5,3310.7,78.38,0,0,0.0,0.0
1788185391.307,6.76,15314.3,12095.2,3219.0,78.98,0,0,0.0,0.0
1788185392.308,6.70,15314.3,12173.6,3140.7,79.49,0,106413,0.0,6.0
1788185393.309,76.25,15314.3,12262.0,3052.3,80.07,376336,2683442,14.0,32.0
1788185394.313,47.42,15314.3,12351.1,2963.2,80.65,261269,0,2.0,0.0
1788185395.313,16.37,15314.3,12250.8,3063.4,80.00,270131,0,4.0,0.0
1788185396.314,21.72,15314.3,12296.9,3017.3,80.30,0,0,0.0,0.0
1788185397.315,16.10,15314.3,11754.8,3559.5,76.76,8188,24563,2.0,2.0
1788185398.315,1.07,15314.3,11747.4,3566.9,76.71,16375,163752,4.0,4.0
1788185399.316,0.56,15314.3,11713.4,3600.9,76.49,49114,1227856,10.0,30.0
1788185400.317,0.88,15314.3,11705.5,3608.8,76.44,8185,0,2.0,0.0
1788185401.317,5.06,15314.3,11702.9,3611.4,76.42,0,0,0.0,0.0
1788185402.318,8.71,15314.3,11708.9,3605.4,76.46,0,0,0.0,0.0
1788185403.318,16.60,15314.3,11786.2,3528.0,76.96,0,0,0.0,0.0
1788185404.319,11.56,15314.3,11933.9,3380.4,77.93,0,130985,0.0,4.0
1788185405.320,7.07,15314.3,12018.7,3295.5,78.48,0,0,0.0,0.0
1788185406.321,6.75,15314.3,12090.6,3223.7,78.95,0,0,0.0,0.0
1788185407.321,11.20,15314.3,12186.0,3128.2,79.57,0,16373,0.0,2.0
1788185408.322,6.81,15314.3,12288.5,3025.8,80.24,0,0,0.0,0.0
1788185409.323,67.90,15314.3,12277.2,3037.1,80.17,0,319177,0.0,22.0
1788185410.326,54.50,15314.3,11848.6,3465.6,77.37,0,0,0.0,0.0
1788185411.327,15.20,15314.3,11729.9,3584.4,76.59,0,9127291,0.0,79.9
1788185412.328,25.49,15314.3,11824.6,3489.7,77.21,0,34922968,0.0,317.9
1788185413.328,26.26,15314.3,11880.2,3434.1,77.58,0,2931260,0.0,48.0
1788185414.329,21.26,15314.3,11854.3,3460.0,77.41,0,622079881,0.0,4875.3
1788185415.329,10.31,15314.3,11852.5,3461.8,77.40,1236088,0,197.9,0.0
1788185416.330,6.82,15314.3,11847.6,3466.6,77.36,327438,0,24.0,0.0
1788185417.331,6.57,15314.3,11827.6,3486.6,77.23,0,671268,0.0,117.9
1788185418.332,18.30,15314.3,11407.4,3906.9,74.49,1702255,24552,293.7,4.0
1788185419.333,6.70,15314.3,11403.6,3910.6,74.46,32742,245564,8.0,4.0
1788185420.334,7.57,15314.3,11405.8,3908.4,74.48,278239,0,59.9,0.0
1788185421.334,6.70,15314.3,11393.7,3920.6,74.40,3708632,0,549.7,0.0
1788185422.335,9.63,15314.3,11368.4,3945.9,74.23,0,0,0.0,0.0
1788185423.335,10.69,15314.3,11345.0,3969.2,74.08,212882,425764,48.0,6.0
1788185424.336,8.28,15314.3,11298.0,4016.2,73.77,0,0,0.0,0.0
1788185425.337,4.85,15314.3,11153.7,4160.6,72.83,400998,0,75.9,0.0
1788185426.338,0.31,15314.3,11148.4,4165.9,72.80,32739,0,6.0,0.0
1788185427.339,0.63,15314.3,11140.6,4173.7,72.75,0,0,0.0,0.0
1788185428.340,0.38,15314.3,11133.8,4180.5,72.70,16369,1906943,4.0,18.0
1788185429.341,4.67,15314.3,11135.7,4178.5,72.71,0,196438,0.0,4.0
1788185430.341,8.64,15314.3,11195.2,4119.1,73.10,0,0,0.0,0.0
1788185431.342,15.78,15314.3,11306.3,4007.9,73.83,0,0,0.0,0.0
1788185432.343,10.34,15314.3,11415.5,3898.8,74.54,0,0,0.0,0.0
1788185433.343,6.63,15314.3,11497.0,3817.3,75.07,0,0,0.0,0.0
1788185434.344,6.57,15314.3,11585.7,3728.6,75.65,0,40934,0.0,4.0
1788185435.345,6.77,15314.3,11643.1,3671.1,76.03,0,491187,0.0,56.0
1788185436.345,9.64,15314.3,11716.4,3597.9,76.51,0,0,0.0,0.0
1788185437.346,77.18,15314.3,11718.6,3595.6,76.52,0,8184,0.0,2.0
1788185438.351,43.36,15314.3,11725.8,3588.5,76.57,0,32622,0.0,2.0
1788185439.351,19.52,15314.3,11690.0,3624.3,76.33,16372,41127339,4.0,371.7
1788185440.352,15.45,15314.3,11751.0,3563.3,76.73,0,562546197,0.0,4379.9
1788185441.353,20.63,15314.3,11842.0,3472.2,77.33,0,0,0.0,0.0
1788185442.353,17.82,15314.3,11761.8,3552.5,76.80,0,0,0.0,0.0
1788185443.354,8.38,15314.3,11775.5,3538.7,76.89,0,4085428,0.0,70.0
1788185444.354,6.94,15314.3,11774.2,3540.0,76.88,0,0,0.0,0.0
1788185445.355,12.75,15314.3,11777.1,3537.2,76.90,122787,49958102,22.0,409.7
1788185446.356,6.76,15314.3,11778.3,3535.9,76.91,65490,2005637,12.0,34.0
1788185447.356,10.94,15314.3,11260.3,4053.9,73.53,0,925125,0.0,8.0
1788185448.357,6.88,15314.3,11247.9,4066.4,73.45,0,237336,0.0,8.0
1788185449.358,6.70,15314.3,11243.4,4070.9,73.42,0,286548,0.0,34.0
1788185450.359,8.45,15314.3,11239.2,4075.1,73.39,49125,0,12.0,0.0
1788185451.359,7.37,15314.3,11260.0,4054.3,73.53,0,0,0.0,0.0
1788185452.360,7.35,15314.3,11142.6,4171.7,72.76,0,892073,0.0,153.9
1788185453.361,1.00,15314.3,11137.8,4176.5,72.73,24556,0,2.0,0.0
1788185454.362,0.44,15314.3,11128.8,4185.4,72.67,0,73663,0.0,4.0
1788185455.363,0.56,15314.3,11124.6,4189.6,72.64,98216,245540,24.0,24.0
1788185456.363,5.58,15314.3,11125.8,4188.4,72.65,139174,0,26.0,0.0
1788185457.364,2.70,15314.3,11122.4,4191.9,72.63,24563,0,6.0,0.0
1788185458.364,15.04,15314.3,11221.5,4092.7,73.28,0,16375,0.0,2.0
1788185459.365,15.00,15314.3,11357.2,3957.1,74.16,8188,1842281,2.0,16.0
1788185460.365,7.32,15314.3,11442.8,3871.5,74.72,32750,0,8.0,0.0
1788185461.366,10.24,15314.3,11535.5,3778.8,75.33,0,163738,0.0,4.0
1788185462.367,8.64,15314.3,11628.9,3685.4,75.94,597567,0,127.9,0.0
1788185463.368,6.87,15314.3,11705.3,3608.9,76.43,261951,212835,26.0,20.0
1788185464.368,36.28,15314.3,11745.4,3568.9,76.70,0,654962,0.0,8.0
1788185465.372,83.40,15314.3,11727.7,3586.5,76.58,0,0,0.0,0.0
1788185466.373,14.41,15314.3,11640.0,3674.3,76.01,0,569874038,0.0,4418.3
1788185467.374,21.61,15314.3,11734.6,3579.7,76.63,0,0,0.0,0.0
1788185468.374,22.49,15314.3,11717.4,3596.8,76.51,8187,0,2.0,0.0
1788185469.375,5.65,15314.3,11718.2,3596.1,76.52,0,2120670,0.0,46.0
1788185470.376,0.63,15314.3,11693.7,3620.6,76.36,0,0,0.0,0.0
1788185471.376,0.25,15314.3,11678.8,3635.5,76.26,0,0,0.0,0.0
1788185472.377,3.30,15314.3,11663.7,3650.5,76.16,0,40606606,0.0,327.8
1788185473.378,2.15,15314.3,11657.2,3657.1,76.12,0,0,0.0,0.0
1788185474.378,14.02,15314.3,11742.0,3572.3,76.67,0,3168739,0.0,68.0
1788185475.379,14.69,15314.3,11921.6,3392.6,77.85,8187,0,2.0,0.0
1788185476.379,7.32,15314.3,11992.7,3321.6,78.31,0,0,0.0,0.0
1788185477.380,6.69,15314.3,12021.1,3293.2,78.50,0,728528,0.0,34.0
1788185478.381,12.10,15314.3,12089.4,3224.9,78.94,0,0,0.0,0.0
1788185479.381,6.76,15314.3,12166.5,3147.8,79.45,0,0,0.0,0.0
1788185480.382,23.20,15314.3,12201.5,3112.7,79.67,8185,0,2.0,0.0
1788185481.385,95.38,15314.3,12213.2,3101.0,79.75,0,49006,0.0,4.0
1788185482.386,14.97,15314.3,11755.0,3559.2,76.76,0,0,0.0,0.0
1788185483.387,20.38,15314.3,11718.8,3595.5,76.52,0,0,0.0,0.0
1788185484.387,19.50,15314.3,11589.5,3724.8,75.68,8187,16374,2.0,2.0
1788185485.388,5.45,15314.3,11574.4,3739.9,75.58,40939,0,10.0,0.0
1788185486.389,0.44,15314.3,11571.3,3743.0,75.56,0,261963,0.0,24.0
1788185487.390,0.38,15314.3,11571.5,3742.8,75.56,0,0,0.0,0.0
1788185488.390,0.50,15314.3,11568.8,3745.5,75.54,0,376521,0.0,69.9
1788185489.391,6.28,15314.3,11588.0,3726.3,75.67,0,16367,0.0,2.0
1788185490.392,14.97,15314.3,11705.9,3608.4,76.44,0,0,0.0,0.0
1788185491.393,13.35,15314.3,11862.0,3452.3,77.46,0,57315,0.0,4.0
1788185492.393,6.95,15314.3,11940.8,3373.5,77.97,0,0,0.0,0.0
1788185493.394,7.32,15314.3,12048.1,3266.2,78.67,8187,0,2.0,0.0
1788185494.395,9.92,15314.3,12122.5,3191.7,79.16,0,232209238,0.0,1868.8
1788185495.395,13.45,15314.3,12251.2,3063.1,80.00,204644,82635273,8.0,665.5
1788185496.399,36.74,15314.3,12315.7,2998.5,80.42,8160,0,2.0,0.0
1788185497.403,88.58,15314.3,11922.4,3391.8,77.85,0,0,0.0,0.0
1788185498.404,13.29,15314.3,11893.9,3420.3,77.67,0,0,0.0,0.0
1788185499.405,21.38,15314.3,11843.0,3471.2,77.33,0,0,0.0,0.0
1788185500.405,23.30,15314.3,11848.3,3466.0,77.37,0,204694,0.0,4.0
1788185501.406,24.86,15314.3,11929.8,3384.4,77.90,0,0,0.0,0.0
1788185502.406,18.66,15314.3,11848.8,3465.5,77.37,8186,0,2.0,0.0
1788185503.407,6.57,15314.3,11845.5,3468.8,77.35,0,0,0.0,0.0
1788185504.408,6.95,15314.3,11846.0,3468.2,77.35,0,352022,0.0,6.0
1788185505.409,9.28,15314.3,11821.0,3493.2,77.19,0,253713,0.0,22.0
1788185506.409,10.33,15314.3,11820.0,3494.2,77.18,0,0,0.0,0.0
1788185507.410,6.69,15314.3,11810.8,3503.5,77.12,0,0,0.0,0.0
1788185508.411,6.63,15314.3,11809.2,3505.0,77.11,0,0,0.0,0.0
1788185509.411,10.12,15314.3,11659.2,3655.0,76.13,0,0,0.0,0.0
1788185510.412,9.83,15314.3,11298.9,4015.3,73.78,0,0,0.0,0.0
1788185511.413,11.68,15314.3,11278.9,4035.3,73.65,0,40927,0.0,4.0
1788185512.413,6.55,15314.3,11159.3,4155.0,72.87,16372,0,4.0,0.0
1788185513.414,1.00,15314.3,11169.7,4144.6,72.94,40934,245606,8.0,2.0
1788185514.415,0.38,15314.3,11162.7,4151.6,72.89,0,0,0.0,0.0
1788185515.415,0.69,15314.3,11171.6,4142.7,72.95,114612,0,24.0,0.0
1788185516.416,3.05,15314.3,11175.9,4138.3,72.98,0,106433,0.0,4.0
1788185517.417,5.77,15314.3,11181.4,4132.9,73.01,0,8187,0.0,2.0
1788185518.417,16.07,15314.3,11311.4,4002.9,73.86,0,0,0.0,0.0
1788185519.418,12.03,15314.3,11452.1,3862.1,74.78,0,1833809,0.0,14.0
1788185520.419,6.88,15314.3,11534.2,3780.0,75.32,8186,0,2.0,0.0
1788185521.419,7.38,15314.3,11620.4,3693.9,75.88,0,570206250,0.0,4421.2
1788185522.420,11.46,15314.3,11714.9,3599.4,76.50,8187,0,2.0,0.0
1788185523.421,6.77,15314.3,11810.3,3503.9,77.12,0,0,0.0,0.0
1788185524.421,57.38,15314.3,11821.1,3493.2,77.19,0,0,0.0,0.0
1788185525.426,66.69,15314.3,11784.9,3529.4,76.95,481288,505761,8.0,51.8
1788185526.426,14.39,15314.3,11715.2,3599.0,76.50,0,4886520,0.0,183.8
1788185527.427,21.65,15314.3,11834.8,3479.4,77.28,0,351361830,0.0,2746.5
1788185528.428,27.69,15314.3,11828.3,3485.9,77.24,0,0,0.0,0.0
1788185529.428,13.15,15314.3,11852.4,3461.9,77.39,0,0,0.0,0.0
1788185530.429,7.13,15314.3,11841.5,3472.8,77.32,40938,0,10.0,0.0
1788185531.429,6.75,15314.3,11839.6,3474.7,77.31,0,245603,0.0,10.0
1788185532.430,6.82,15314.3,11827.8,3486.5,77.23,16372,0,4.0,0.0
1788185533.431,11.52,15314.3,11826.4,3487.9,77.22,0,0,0.0,0.0
1788185534.432,12.56,15314.3,11806.0,3508.3,77.09,8186,0,2.0,0.0
1788185535.432,15.94,15314.3,11922.1,3392.1,77.85,0,188315,0.0,22.0
1788185536.433,19.54,15314.3,11440.0,3874.2,74.70,0,229221,0.0,2.0
1788185537.434,15.19,15314.3,11479.8,3834.5,74.96,0,417527,0.0,54.0
1788185538.434,15.91,15314.3,11406.8,3907.5,74.48,0,0,0.0,0.0
1788185539.435,20.54,15314.3,11470.8,3843.5,74.90,0,0,0.0,0.0
1788185540.435,17.20,15314.3,11543.8,3770.5,75.38,0,0,0.0,0.0
1788185541.436,13.93,15314.3,11561.6,3752.6,75.50,8188,13747301,2.0,119.9
1788185542.436,21.79,15314.3,11577.2,3737.0,75.60,0,14802310,0.0,143.9
1788185543.437,25.25,15314.3,11566.4,3747.8,75.53,0,0,0.0,0.0
1788185544.438,48.03,15314.3,11567.4,3746.9,75.53,0,0,0.0,0.0
1788185545.442,6.44,15314.3,11515.4,3798.8,75.19,32657,0,8.0,0.0
1788185546.442,0.25,15314.3,11497.0,3817.3,75.07,0,0,0.0,0.0
1788185547.443,5.13,15314.3,11482.1,3832.2,74.98,0,2152971,0.0,20.0
1788185548.444,0.50,15314.3,11460.9,3853.4,74.84,0,0,0.0,0.0
1788185549.445,0.50,15314.3,11435.8,3878.5,74.67,0,0,0.0,0.0
1788185550.445,14.15,15314.3,11465.7,3848.5,74.87,0,0,0.0,0.0
1788185551.446,15.79,15314.3,11602.1,3712.1,75.76,0,0,0.0,0.0
1788185552.447,14.95,15314.3,11694.2,3620.0,76.36,0,777767,0.0,12.0
1788185553.447,10.09,15314.3,11781.7,3532.6,76.93,0,0,0.0,0.0
1788185554.448,6.58,15314.3,11859.5,3454.8,77.44,8186,0,2.0,0.0
1788185555.449,6.75,15314.3,11956.2,3358.0,78.07,0,0,0.0,0.0
1788185556.449,12.38,15314.3,11990.8,3323.5,78.30,0,2955067,0.0,54.0
1788185557.451,95.38,15314.3,11967.3,3346.9,78.15,0,261654,0.0,24.0
1788185558.453,31.51,15314.3,11863.9,3450.3,77.47,261757,155393722,2.0,1376.0
1788185559.454,16.22,15314.3,11707.3,3606.9,76.45,261899,0,2.0,0.0
1788185560.454,20.33,15314.3,11809.1,3505.2,77.11,0,0,0.0,0.0
1788185561.455,23.14,15314.3,11844.6,3469.7,77.34,0,671387,0.0,113.9
1788185562.455,30.01,15314.3,11467.0,3847.3,74.88,0,155553,0.0,4.0
1788185563.456,29.58,15314.3,11551.2,3763.0,75.43,0,0,0.0,0.0
1788185564.457,37.44,15314.3,11559.2,3755.1,75.48,0,0,0.0,0.0
1788185565.457,32.57,15314.3,11551.2,3763.1,75.43,8187,0,2.0,0.0
1788185566.458,22.30,15314.3,11546.6,3767.6,75.40,0,0,0.0,0.0
1788185567.459,16.41,15314.3,11541.0,3773.3,75.36,0,16374,0.0,2.0
1788185568.459,15.41,15314.3,11534.4,3779.8,75.32,0,114615,0.0,4.0
1788185569.460,19.00,15314.3,11461.6,3852.7,74.84,8187,0,2.0,0.0
1788185570.461,28.32,15314.3,11489.1,3825.1,75.02,0,1833833,0.0,14.0
1788185571.461,24.25,15314.3,11428.8,3885.5,74.63,0,196487,0.0,16.0
1788185572.462,25.65,15314.3,11543.5,3770.8,75.38,0,794140,0.0,16.0
1788185573.462,25.98,15314.3,11409.9,3904.3,74.51,0,0,0.0,0.0
1788185574.463,19.62,15314.3,11362.4,3951.9,74.19,32750,0,8.0,0.0
1788185575.464,17.06,15314.3,11319.7,3994.5,73.92,57309,0,8.0,0.0
1788185576.464,15.42,15314.3,11391.9,3922.4,74.39,0,0,0.0,0.0
1788185577.465,14.36,15314.3,11377.6,3936.6,74.29,0,114611,0.0,4.0
1788185578.465,22.29,15314.3,11446.9,3867.4,74.75,49124,0,6.0,0.0
1788185579.466,16.56,15314.3,11433.9,3880.4,74.66,16374,462020197,2.0,3605.7
1788185580.467,58.88,15314.3,11300.9,4013.4,73.79,8187,188307,2.0,20.0
1788185581.468,4.25,15314.3,11336.9,3977.4,74.03,0,0,0.0,0.0
1788185582.469,0.38,15314.3,11321.3,3993.0,73.93,0,16372,0.0,4.0
1788185583.469,0.63,15314.3,11307.6,4006.7,73.84,0,0,0.0,0.0
1788185584.470,4.99,15314.3,11305.3,4008.9,73.82,8185,0,2.0,0.0
1788185585.471,3.83,15314.3,11324.3,3989.9,73.95,0,0,0.0,0.0
1788185586.471,15.15,15314.3,11407.3,3906.9,74.49,0,0,0.0,0.0
1788185587.472,17.09,15314.3,11561.2,3753.1,75.49,0,4748986,0.0,86.0
1788185588.472,7.14,15314.3,11594.4,3719.8,75.71,0,0,0.0,0.0
1788185589.473,7.95,15314.3,11690.3,3623.9,76.34,24561,0,6.0,0.0
1788185590.474,11.79,15314.3,11790.8,3523.5,76.99,0,212822,0.0,10.0
1788185591.475,6.82,15314.3,11874.7,3439.6,77.54,16372,0,4.0,0.0
1788185592.476,40.21,15314.3,11904.5,3409.8,77.73,0,359891,0.0,69.9
1788185593.478,86.10,15314.3,11853.3,3460.9,77.40,0,0,0.0,0.0
1788185594.479,12.87,15314.3,11840.8,3473.4,77.32,0,0,0.0,0.0
1788185595.479,21.45,15314.3,11816.8,3497.5,77.16,0,98262,0.0,4.0
1788185596.480,26.36,15314.3,11872.2,3442.1,77.52,16375,352067,2.0,6.0
1788185597.480,27.55,15314.3,11966.8,3347.4,78.14,8188,1743977,2.0,32.0
1788185598.481,27.09,15314.3,11572.0,3742.2,75.56,253749,0,2.0,0.0
1788185599.482,17.40,15314.3,11593.7,3720.6,75.71,0,392934,0.0,36.0
1788185600.482,14.10,15314.3,11587.8,3726.5,75.67,0,0,0.0,0.0
1788185601.483,18.32,15314.3,11581.2,3733.0,75.62,0,0,0.0,0.0
1788185602.484,13.97,15314.3,11568.7,3745.6,75.54,65485,1145994,4.0,32.0
1788185603.484,14.55,15314.3,11563.9,3750.3,75.51,8187,0,2.0,0.0
1788185604.485,22.46,15314.3,11518.9,3795.4,75.22,8188,0,2.0,0.0
1788185605.485,25.25,15314.3,11460.2,3854.0,74.83,0,312062790,0.0,2450.6
1788185606.486,21.98,15314.3,11414.5,3899.8,74.53,0,0,0.0,0.0
1788185607.486,24.36,15314.3,11504.9,3809.4,75.13,0,90070,0.0,4.0
1788185608.487,21.56,15314.3,11439.2,3875.1,74.70,0,0,0.0,0.0
1788185609.487,21.70,15314.3,11378.8,3935.4,74.30,40938,0,4.0,0.0
1788185610.488,18.91,15314.3,11329.9,3984.3,73.98,0,301543805,0.0,2338.0
1788185611.489,12.63,15314.3,11298.5,4015.8,73.78,0,0,0.0,0.0
1788185612.489,15.90,15314.3,11358.1,3956.2,74.17,0,0,0.0,0.0
1788185613.490,24.87,15314.3,11456.0,3858.3,74.81,0,90054,0.0,6.0
1788185614.491,34.13,15314.3,11464.6,3849.6,74.86,0,621826,0.0,8.0
1788185615.494,26.32,15314.3,11396.8,3917.4,74.42,0,3086380,0.0,37.9
1788185616.495,0.56,15314.3,11395.3,3919.0,74.41,0,0,0.0,0.0
1788185617.496,0.50,15314.3,11391.7,3922.6,74.39,0,0,0.0,0.0
1788185618.496,8.19,15314.3,11380.8,3933.5,74.31,0,2947412,0.0,52.0
1788185619.497,0.50,15314.3,11377.9,3936.4,74.30,0,270156,0.0,22.0
1788185620.498,9.96,15314.3,11434.9,3879.4,74.67,0,0,0.0,0.0
1788185621.498,17.87,15314.3,11480.9,3833.4,74.97,0,0,0.0,0.0
1788185622.499,10.24,15314.3,11560.3,3754.0,75.49,0,0,0.0,0.0
1788185623.499,6.64,15314.3,11645.7,3668.5,76.04,0,16373,0.0,2.0
1788185624.500,11.47,15314.3,11721.2,3593.1,76.54,0,0,0.0,0.0
1788185625.501,6.64,15314.3,11806.7,3507.6,77.10,0,73682,0.0,4.0
1788185626.502,6.75,15314.3,11883.8,3430.5,77.60,0,0,0.0,0.0
1788185627.503,80.04,15314.3,11947.8,3366.5,78.02,0,0,0.0,0.0
1788185628.505,47.77,15314.3,12049.8,3264.4,78.68,0,359635,0.0,71.8
1788185629.506,15.90,15314.3,11866.9,3447.4,77.49,0,0,0.0,0.0
1788185630.507,21.56,15314.3,11998.7,3315.6,78.35,0,57318,0.0,4.0
1788185631.507,25.70,15314.3,11558.8,3755.4,75.48,0,0,0.0,0.0
1788185632.508,12.49,15314.3,11597.8,3716.4,75.73,8187,0,2.0,0.0
1788185633.509,6.70,15314.3,11594.9,3719.4,75.71,0,400920,0.0,24.0
1788185634.510,12.52,15314.3,11584.6,3729.6,75.65,0,278338,0.0,24.0
1788185635.510,18.78,15314.3,11562.4,3751.8,75.50,0,0,0.0,0.0
1788185636.511,13.32,15314.3,11524.3,3790.0,75.25,0,0,0.0,0.0
1788185637.512,15.75,15314.3,11451.0,3863.2,74.77,0,0,0.0,0.0
1788185638.513,16.33,15314.3,11542.2,3772.0,75.37,0,16375,0.0,2.0
1788185639.513,16.38,15314.3,11561.8,3752.4,75.50,0,311124,0.0,40.0
1788185640.514,16.63,15314.3,11599.9,3714.3,75.75,0,0,0.0,0.0
1788185641.514,17.29,15314.3,11582.5,3731.7,75.63,0,313373174,0.0,2462.7
1788185642.515,18.34,15314.3,11627.3,3687.0,75.92,8187,0,2.0,0.0
1788185643.515,18.54,15314.3,11636.0,3678.2,75.98,0,0,0.0,0.0
1788185644.516,13.74,15314.3,11585.6,3728.6,75.65,8187,49124,2.0,4.0
1788185645.516,18.67,15314.3,11673.2,3641.1,76.22,0,0,0.0,0.0
1788185646.517,26.47,15314.3,11762.4,3551.8,76.81,0,0,0.0,0.0
1788185647.518,40.20,15314.3,11754.2,3560.1,76.75,0,0,0.0,0.0
1788185648.523,16.31,15314.3,11751.7,3562.5,76.74,0,2852969,0.0,45.8
1788185649.524,0.56,15314.3,11725.7,3588.6,76.57,0,0,0.0,0.0
1788185650.525,4.87,15314.3,11682.1,3632.1,76.28,0,73667,0.0,4.0
1788185651.525,0.44,15314.3,11660.0,3654.3,76.14,0,0,0.0,0.0
1788185652.527,0.50,15314.3,11632.6,3681.6,75.96,0,0,0.0,0.0
1788185653.527,11.67,15314.3,11680.3,3634.0,76.27,0,0,0.0,0.0
1788185654.528,16.60,15314.3,11783.2,3531.1,76.94,0,957981,0.0,44.0
1788185655.529,14.86,15314.3,11850.0,3464.3,77.38,0,0,0.0,0.0
1788185656.529,7.21,15314.3,11938.9,3375.3,77.96,0,0,0.0,0.0
1788185657.530,6.75,15314.3,12016.6,3297.6,78.47,0,0,0.0,0.0
1788185658.531,6.58,15314.3,12102.0,3212.3,79.02,0,0,0.0,0.0
1788185659.532,6.68,15314.3,12174.5,3139.7,79.50,0,24547,0.0,2.0
1788185660.535,86.69,15314.3,12119.5,3194.8,79.14,0,65334,0.0,4.0
1788185661.536,37.57,15314.3,12111.8,3202.5,79.09,0,0,0.0,0.0
1788185662.538,13.49,15314.3,12029.7,3284.6,78.55,8182,197151170,2.0,1749.9
1788185663.555,19.44,15314.3,12162.3,3151.9,79.42,8052,0,2.0,0.0
1788185664.556,25.34,15314.3,12132.7,3181.5,79.22,245607,2030350,16.0,32.0
1788185665.556,11.75,15314.3,12167.6,3146.7,79.45,360226,0,12.0,0.0
1788185666.557,6.76,15314.3,12156.9,3157.4,79.38,196462,0,12.0,0.0
1788185667.558,9.52,15314.3,12153.1,3161.2,79.36,130955,0,8.0,0.0
1788185668.559,8.96,15314.3,12154.4,3159.9,79.37,196449,0,12.0,0.0
1788185669.559,6.70,15314.3,12149.0,3165.2,79.33,122798,0,8.0,0.0
1788185670.560,13.12,15314.3,12140.5,3173.8,79.28,16370,736652,4.0,12.0
1788185671.561,19.75,15314.3,11694.6,3619.7,76.36,0,0,0.0,0.0
1788185672.562,18.27,15314.3,11577.7,3736.6,75.60,0,0,0.0,0.0
1788185673.562,20.21,15314.3,11607.7,3706.5,75.80,0,0,0.0,0.0
1788185674.563,14.99,15314.3,11671.5,3642.7,76.21,0,0,0.0,0.0
1788185675.563,18.10,15314.3,11682.7,3631.5,76.29,40937,131000,4.0,4.0
1788185676.564,16.15,15314.3,11754.4,3559.9,76.75,253753,0,4.0,0.0
1788185677.565,12.59,15314.3,11666.9,3647.3,76.18,0,0,0.0,0.0
1788185678.565,17.77,15314.3,11703.9,3610.3,76.42,0,0,0.0,0.0
1788185679.566,23.06,15314.3,11802.1,3512.2,77.07,0,0,0.0,0.0
1788185680.567,42.74,15314.3,11895.5,3418.8,77.68,0,0,0.0,0.0
1788185681.572,17.07,15314.3,11866.7,3447.6,77.49,16300,643863,2.0,11.9
1788185682.573,0.44,15314.3,11865.3,3449.0,77.48,0,139128,0.0,6.0
1788185683.574,5.90,15314.3,11836.8,3477.5,77.29,32740,0,8.0,0.0
1788185684.575,0.82,15314.3,11823.1,3491.1,77.20,0,212815,0.0,10.0
1788185685.576,0.69,15314.3,11800.3,3514.0,77.05,0,0,0.0,0.0
1788185686.576,11.95,15314.3,11858.4,3455.8,77.43,0,0,0.0,0.0
1788185687.577,15.68,15314.3,12021.5,3292.7,78.50,0,122858276,0.0,1009.5
1788185688.577,13.13,15314.3,12083.5,3230.7,78.90,0,0,0.0,0.0
1788185689.578,7.16,15314.3,12176.7,3137.6,79.51,0,0,0.0,0.0
1788185690.579,9.94,15314.3,12235.3,3079.0,79.89,0,0,0.0,0.0
1788185691.580,6.95,15314.3,12309.8,3004.4,80.38,0,32745,0.0,4.0
1788185692.580,6.95,15314.3,12315.5,2998.8,80.42,0,0,0.0,0.0
1788185693.581,86.48,15314.3,12371.1,2943.2,80.78,401028,2913589,6.0,52.0
1788185694.583,37.39,15314.3,12324.2,2990.1,80.48,0,212650,0.0,20.0
1788185695.584,13.80,15314.3,12192.2,3122.0,79.61,8183,327325,2.0,69.9
1788185696.584,23.81,15314.3,12294.1,3020.2,80.28,0,0,0.0,0.0
1788185697.585,22.30,15314.3,12298.2,3016.1,80.31,8188,0,2.0,0.0
1788185698.585,26.81,15314.3,12361.2,2953.1,80.72,319282,294722,14.0,6.0
1788185699.586,26.49,15314.3,11927.5,3386.8,77.88,286500,0,22.0,0.0
1788185700.587,20.01,15314.3,11970.5,3343.8,78.17,0,556647,0.0,42.0
1788185701.588,19.15,15314.3,11974.1,3340.2,78.19,16372,188275,4.0,22.0
1788185702.588,13.34,15314.3,11965.2,3349.1,78.13,0,0,0.0,0.0
1788185703.589,13.88,15314.3,11952.1,3362.2,78.05,65492,401139,4.0,6.0
1788185704.590,14.04,15314.3,11950.0,3364.3,78.03,0,0,0.0,0.0
1788185705.590,21.69,15314.3,11919.3,3395.0,77.83,261997,0,6.0,0.0
1788185706.591,27.40,15314.3,11955.0,3359.2,78.06,49113,0,12.0,0.0
1788185707.592,26.62,15314.3,12003.5,3310.8,78.38,0,0,0.0,0.0
1788185708.592,24.86,15314.3,11922.8,3391.4,77.85,0,496592851,0.0,3876.0
1788185709.593,20.57,15314.3,11876.2,3438.1,77.55,0,0,0.0,0.0
1788185710.593,18.62,15314.3,11826.0,3488.3,77.22,24565,0,4.0,0.0
1788185711.594,17.11,15314.3,11847.1,3467.2,77.36,0,352032,0.0,6.0
1788185712.595,14.62,15314.3,11718.6,3595.6,76.52,0,0,0.0,0.0
1788185713.595,16.78,15314.3,11748.5,3565.7,76.72,0,2538232,0.0,40.0
1788185714.596,22.09,15314.3,11940.8,3373.4,77.97,32751,0,8.0,0.0
1788185715.597,23.64,15314.3,11922.6,3391.7,77.85,0,0,0.0,0.0
1788185716.599,39.17,15314.3,11793.7,3520.6,77.01,8174,147135,2.0,4.0
1788185717.600,0.44,15314.3,11781.3,3533.0,76.93,0,0,0.0,0.0
1788185718.601,0.50,15314.3,11754.8,3559.5,76.76,0,120234237,0.0,955.1
1788185719.602,5.12,15314.3,11751.3,3563.0,76.73,8187,24561,2.0,6.0
1788185720.602,2.13,15314.3,11741.7,3572.5,76.67,8187,42080624,2.0,401.7
1788185721.603,8.08,15314.3,11778.2,3536.1,76.91,0,0,0.0,0.0
1788185722.604,15.07,15314.3,11887.9,3426.4,77.63,0,0,0.0,0.0
1788185723.605,11.02,15314.3,11995.7,3318.5,78.33,0,0,0.0,0.0
1788185724.605,7.57,15314.3,12081.4,3232.8,78.89,8187,2939110,2.0,50.0
1788185725.606,8.95,15314.3,12094.0,3220.2,78.97,0,2243175,0.0,38.0
1788185726.606,6.69,15314.3,12174.8,3139.5,79.50,0,0,0.0,0.0
1788185727.607,11.39,15314.3,12271.9,3042.3,80.13,8187,433931,2.0,6.0
1788185728.608,72.01,15314.3,12287.3,3026.9,80.23,0,8183,0.0,2.0
1788185729.613,51.61,15314.3,12337.5,2976.7,80.56,0,16313,0.0,2.0
1788185730.613,14.67,15314.3,12195.8,3118.5,79.64,0,271517446,0.0,2438.0
1788185731.621,20.92,15314.3,12306.2,3008.0,80.36,121968,0,9.9,0.0
1788185732.621,22.92,15314.3,12340.5,2973.8,80.58,40936,0,4.0,0.0
1788185733.622,26.81,15314.3,12432.7,2881.5,81.18,327485,237426,8.0,4.0
1788185734.623,22.84,15314.3,12516.3,2798.0,81.73,327457,253779,10.0,30.0
1788185735.623,14.26,15314.3,12494.6,2819.6,81.59,65490,0,4.0,0.0
1788185736.624,13.73,15314.3,12494.8,2819.4,81.59,65496,0,6.0,0.0
1788185737.625,13.70,15314.3,12492.7,2821.6,81.58,130991,0,8.0,0.0
1788185738.625,19.12,15314.3,12492.1,2822.2,81.57,65492,0,4.0,0.0
1788185739.626,14.55,15314.3,12372.7,2941.6,80.79,40935,0,10.0,0.0
1788185740.626,21.57,15314.3,12490.3,2823.9,81.56,8188,73690,2.0,4.0
1788185741.627,25.49,15314.3,12030.3,3284.0,78.56,8188,0,2.0,0.0
1788185742.628,22.67,15314.3,11931.6,3382.6,77.91,261953,0,2.0,0.0
1788185743.628,22.69,15314.3,11999.0,3315.3,78.35,0,0,0.0,0.0
1788185744.629,25.81,15314.3,11778.4,3535.9,76.91,8186,0,2.0,0.0
1788185745.630,24.13,15314.3,11887.6,3426.7,77.62,0,40938,0.0,4.0
1788185746.630,15.56,15314.3,11881.6,3432.7,77.59,0,0,0.0,0.0
1788185747.631,12.99,15314.3,11775.9,3538.4,76.89,0,0,0.0,0.0
1788185748.631,15.94,15314.3,11793.2,3521.0,77.01,0,0,0.0,0.0
1788185749.632,22.00,15314.3,11904.0,3410.2,77.73,0,0,0.0,0.0
1788185750.632,40.10,15314.3,11919.7,3394.5,77.83,0,0,0.0,0.0
1788185751.635,17.74,15314.3,11852.9,3461.4,77.40,8173,24519,2.0,4.0
1788185752.636,0.44,15314.3,11844.0,3470.3,77.34,0,0,0.0,0.0
1788185753.636,4.92,15314.3,11836.1,3478.1,77.29,0,0,0.0,0.0
1788185754.637,0.31,15314.3,11828.2,3486.1,77.24,0,0,0.0,0.0
1788185755.638,1.13,15314.3,11827.6,3486.6,77.23,0,348201467,0.0,2797.4
1788185756.639,10.94,15314.3,11862.9,3451.3,77.46,0,0,0.0,0.0
1788185757.639,15.08,15314.3,12023.6,3290.6,78.51,0,0,0.0,0.0
1788185758.640,13.42,15314.3,12119.1,3195.2,79.14,0,0,0.0,0.0
1788185759.640,7.07,15314.3,12203.0,3111.2,79.68,0,0,0.0,0.0
1788185760.641,9.71,15314.3,12205.9,3108.3,79.70,0,0,0.0,0.0
1788185761.642,6.88,15314.3,12290.7,3023.5,80.26,0,3322229,0.0,83.9
1788185762.643,8.01,15314.3,12372.4,2941.9,80.79,311081,0,70.0,0.0
1788185763.644,86.62,15314.3,12370.5,2943.8,80.78,8183,384598,2.0,81.9
1788185764.648,37.41,15314.3,12346.8,2967.5,80.62,261046,0,2.0,0.0
1788185765.649,14.80,15314.3,12220.5,3093.8,79.80,0,0,0.0,0.0
1788185766.650,19.99,15314.3,12283.6,3030.7,80.21,0,0,0.0,0.0
1788185767.650,23.05,15314.3,12295.6,3018.7,80.29,0,26849239,0.0,237.9
1788185768.651,16.04,15314.3,11892.9,3421.3,77.66,8187,18585117,2.0,181.9
1788185769.652,6.94,15314.3,11866.4,3447.9,77.49,0,0,0.0,0.0
1788185770.652,10.30,15314.3,11870.5,3443.7,77.51,0,0,0.0,0.0
1788185771.653,13.02,15314.3,11856.7,3457.6,77.42,0,312765703,0.0,2452.5
1788185772.654,6.57,15314.3,11846.4,3467.8,77.36,0,482843,0.0,8.0
1788185773.655,14.95,15314.3,11822.5,3491.8,77.20,0,990120,0.0,34.0
1788185774.656,14.75,15314.3,11865.4,3448.8,77.48,0,0,0.0,0.0
1788185775.656,16.80,15314.3,11805.6,3508.6,77.09,0,0,0.0,0.0
1788185776.657,20.70,15314.3,11840.0,3474.3,77.31,0,614093,0.0,8.0
1788185777.657,16.31,15314.3,11870.6,3443.6,77.51,0,0,0.0,0.0
1788185778.658,19.72,15314.3,11918.4,3395.9,77.83,221071,0,24.0,0.0
1788185779.659,15.65,15314.3,11868.4,3445.8,77.50,0,0,0.0,0.0
1788185780.659,12.38,15314.3,11856.7,3457.5,77.42,0,0,0.0,0.0
1788185781.660,17.87,15314.3,11891.8,3422.5,77.65,0,139189,0.0,4.0
1788185782.660,26.05,15314.3,11849.7,3464.5,77.38,0,8187,0.0,2.0
1788185783.663,27.84,15314.3,12031.0,3283.2,78.56,0,0,0.0,0.0
1788185784.664,30.68,15314.3,11936.1,3378.1,77.94,0,0,0.0,0.0
1788185785.665,0.25,15314.3,11935.3,3378.9,77.94,0,155550,0.0,20.0
1788185786.666,0.50,15314.3,11898.5,3415.7,77.70,0,0,0.0,0.0
1788185787.667,7.87,15314.3,11873.3,3441.0,77.53,0,0,0.0,0.0
1788185788.667,0.56,15314.3,11856.3,3457.9,77.42,24560,0,2.0,0.0
1788185789.668,10.32,15314.3,11886.0,3428.2,77.61,24559,0,6.0,0.0
1788185790.668,18.75,15314.3,12007.6,3306.6,78.41,0,229263,0.0,10.0
1788185791.669,10.85,15314.3,12121.4,3192.9,79.15,24562,0,4.0,0.0
1788185792.670,10.47,15314.3,12173.4,3140.8,79.49,0,2922718,0.0,46.0
1788185793.670,9.12,15314.3,12255.3,3059.0,80.03,171932,0,10.0,0.0
1788185794.671,7.83,15314.3,12355.2,2959.0,80.68,8187,245601,2.0,12.0
1788185795.672,6.95,15314.3,12452.4,2861.9,81.31,8183,0,2.0,0.0
1788185796.673,72.55,15314.3,12426.2,2888.0,81.14,6431051,27139689,85.9,237.7
1788185797.675,60.09,15314.3,12381.0,2933.3,80.85,16361,105716986,2.0,900.7
1788185798.677,19.96,15314.3,12303.1,3011.2,80.34,604703,145635325,85.8,1432.4
1788185799.679,20.12,15314.3,12371.7,2942.5,80.79,8175,637635,2.0,35.9
1788185800.680,24.25,15314.3,12366.6,2947.6,80.75,73685,0,8.0,0.0
1788185801.680,14.22,15314.3,11904.5,3409.8,77.73,392937,0,10.0,0.0
1788185802.681,7.13,15314.3,11903.0,3411.2,77.73,0,0,0.0,0.0
1788185803.682,13.04,15314.3,11889.7,3424.6,77.64,32744,0,2.0,0.0
1788185804.683,16.20,15314.3,11892.0,3422.3,77.65,564880,0,26.0,0.0
1788185805.683,12.23,15314.3,11893.7,3420.6,77.66,57307,556698,4.0,10.0
1788185806.684,13.21,15314.3,11903.1,3411.1,77.73,8187,0,2.0,0.0
1788185807.684,17.00,15314.3,11961.5,3352.7,78.11,65499,0,2.0,0.0
1788185808.685,18.23,15314.3,11852.9,3461.4,77.40,0,0,0.0,0.0
1788185809.686,19.66,15314.3,11881.9,3432.4,77.59,573099,0,34.0,0.0
1788185810.687,16.16,15314.3,11898.5,3415.8,77.70,0,130992,0.0,4.0
1788185811.687,17.64,15314.3,11976.2,3338.1,78.20,0,0,0.0,0.0
1788185812.688,16.88,15314.3,11974.5,3339.7,78.19,0,245640,0.0,2.0
1788185813.688,12.83,15314.3,11907.3,3407.0,77.75,0,0,0.0,0.0
1788185814.689,16.38,15314.3,11977.1,3337.2,78.21,0,687820,0.0,8.0
1788185815.689,28.49,15314.3,12058.8,3255.5,78.74,81879,0,20.0,0.0
1788185816.690,37.57,15314.3,12049.8,3264.5,78.68,0,0,0.0,0.0
1788185817.695,21.89,15314.3,11943.4,3370.9,77.99,0,791015,0.0,43.8
1788185818.695,0.38,15314.3,11942.3,3372.0,77.98,0,90057,0.0,16.0
1788185819.696,5.06,15314.3,11940.6,3373.6,77.97,32748,0,8.0,0.0
1788185820.697,0.82,15314.3,11929.3,3385.0,77.90,0,0,0.0,0.0
1788185821.698,0.56,15314.3,11923.1,3391.2,77.86,0,0,0.0,0.0
1788185822.698,13.43,15314.3,11970.5,3343.8,78.17,0,0,0.0,0.0
1788185823.699,18.73,15314.3,12068.6,3245.6,78.81,0,0,0.0,0.0
1788185824.699,14.14,15314.3,12160.0,3154.2,79.40,0,311123,0.0,26.0
1788185825.700,7.85,15314.3,12217.2,3097.1,79.78,0,360259,0.0,40.0
1788185826.701,6.81,15314.3,12309.0,3005.3,80.38,0,0,0.0,0.0
1788185827.702,6.63,15314.3,12387.1,2927.2,80.89,0,0,0.0,0.0
1788185828.703,6.76,15314.3,12465.6,2848.6,81.40,0,88458746,0.0,779.1
1788185829.704,84.99,15314.3,12518.4,2795.9,81.74,0,0,0.0,0.0
1788185830.709,38.28,15314.3,12497.6,2816.7,81.61,0,1125563,0.0,159.3
1788185831.710,13.86,15314.3,12344.5,2969.7,80.61,261870,0,2.0,0.0
1788185832.710,20.93,15314.3,12398.2,2916.1,80.96,0,1522877,0.0,30.0
1788185833.711,19.95,15314.3,12473.2,2841.1,81.45,122822,630488,8.0,8.0
1788185834.711,25.30,15314.3,12509.9,2804.4,81.69,466690,720504,12.0,20.0
1788185835.712,30.56,15314.3,12101.4,3212.9,79.02,49118,638532,4.0,36.0
1788185836.712,25.94,15314.3,12073.8,3240.5,78.84,0,0,0.0,0.0
1788185837.713,18.85,15314.3,12078.1,3236.1,78.87,0,0,0.0,0.0
1788185838.714,16.26,15314.3,12072.8,3241.5,78.83,65491,0,4.0,0.0
1788185839.714,13.53,15314.3,12066.8,3247.5,78.79,73675,466611,6.0,4.0
1788185840.715,13.73,15314.3,12056.5,3257.8,78.73,0,401151,0.0,6.0
1788185841.716,21.75,15314.3,11987.2,3327.1,78.27,171921,0,4.0,0.0
1788185842.716,28.04,15314.3,12027.4,3286.8,78.54,0,0,0.0,0.0
1788185843.717,22.50,15314.3,12030.2,3284.0,78.56,73686,0,4.0,0.0
1788185844.717,23.62,15314.3,12033.8,3280.5,78.58,0,0,0.0,0.0
1788185845.718,28.57,15314.3,11950.3,3363.9,78.03,0,1956929,0.0,18.0
1788185846.718,20.09,15314.3,11920.3,3394.0,77.84,40941,0,2.0,0.0
1788185847.719,16.53,15314.3,11835.6,3478.7,77.28,0,0,0.0,0.0
1788185848.719,16.99,15314.3,11888.5,3425.8,77.63,0,0,0.0,0.0
1788185849.720,15.97,15314.3,11835.9,3478.4,77.29,0,553304152,0.0,4287.7
1788185850.721,22.36,15314.3,11915.4,3398.9,77.81,0,180126,0.0,4.0
1788185851.721,12.77,15314.3,11991.0,3323.3,78.30,8186,613958,2.0,8.0
1788185852.722,52.89,15314.3,11867.9,3446.3,77.50,8184,0,2.0,0.0
1788185853.723,1.94,15314.3,11853.0,3461.2,77.40,0,0,0.0,0.0
1788185854.724,0.75,15314.3,11849.6,3464.7,77.38,0,8183,0.0,2.0
1788185855.725,0.88,15314.3,11807.3,3506.9,77.10,0,60004032,0.0,483.7
1788185856.726,5.06,15314.3,11808.1,3506.1,77.11,0,0,0.0,0.0
1788185857.727,2.89,15314.3,11355.1,3959.2,74.15,597637,0,60.0,0.0
