stage_id,task_id,launch_time,finish_time,duration_ms,executor_cpu_time_ms,jvm_gc_time_ms,deserialize_time_ms,serialize_time_ms,peak_memory_bytes,disk_spilled_bytes,memory_spilled_bytes
0,1,1788184172071,1788184173887,1816,1332.130193,21,63,0,0,0,0
0,0,1788184172054,1788184178607,6553,5891.1258,40,63,0,0,0,0
2,7,1788184178691,1788184181139,2448,1336.035948,140,7,3,0,0,0
2,11,1788184178691,1788184181253,2562,1273.230015,140,6,0,0,0,0
2,12,1788184178692,1788184181751,3059,1636.771142,156,4,0,0,0,0
2,15,1788184178693,1788184181767,3074,1620.711577,156,4,0,0,0,0
2,19,1788184181252,1788184181784,532,251.496662,16,1,0,0,0,0
2,17,1788184178693,1788184181793,3100,1549.927957,156,4,0,0,0,0
2,3,1788184178690,1788184181793,3103,1557.258291,156,9,0,0,0,0
2,4,1788184178690,1788184181802,3112,1565.026669,156,8,0,0,0,0
2,2,1788184178689,1788184181810,3121,1619.840742,156,11,0,0,0,0
2,9,1788184178691,1788184181818,3127,1611.005004,156,8,0,0,0,0
2,16,1788184178693,1788184181826,3133,1587.614279,156,6,0,0,0,0
2,5,1788184178690,1788184181836,3146,1559.856123,156,8,0,0,0,0
2,14,1788184178692,1788184181842,3150,1539.081478,156,6,0,0,0,0
2,13,1788184178692,1788184181850,3158,1579.317448,156,6,0,0,0,0
2,8,1788184178691,1788184181850,3159,1549.174757,156,7,0,0,0,0
2,10,1788184178691,1788184181850,3159,1562.517108,156,6,0,0,0,0
2,6,1788184178690,1788184181851,3161,1510.522493,156,9,0,0,0,0
2,18,1788184181137,1788184181936,799,659.619799,16,1,0,0,0,0
3,20,1788184183990,1788184184263,273,96.584877,0,23,5,0,0,0
4,22,1788184184526,1788184184688,162,145.552742,0,2,0,18377216,0,0
4,21,1788184184521,1788184184970,449,408.65922,0,2,0,18377216,0,0
6,23,1788184185022,1788184185029,7,2.975522,0,1,0,0,0,0
7,25,1788184191367,1788184192329,962,922.711689,18,2,0,0,0,0
7,24,1788184191367,1788184196904,5537,5471.017664,18,2,0,0,0,0
9,31,1788184196923,1788184198445,1522,846.596492,72,2,0,0,0,0
9,35,1788184196923,1788184198589,1666,857.84002,72,2,0,0,0,0
9,36,1788184196924,1788184199002,2078,1195.752718,72,2,0,0,0,0
9,40,1788184196924,1788184199010,2086,1210.434227,72,4,0,0,0,0
9,29,1788184196923,1788184199025,2102,1206.825937,72,2,0,0,0,0
9,41,1788184196924,1788184199050,2126,1217.096646,72,4,0,0,0,0
9,30,1788184196923,1788184199054,2131,1211.484598,72,1,0,0,0,0
9,37,1788184196924,1788184199054,2130,1224.229494,72,3,0,0,0,0
9,38,1788184196924,1788184199084,2160,1215.06836,72,2,0,0,0,0
9,43,1788184198589,1788184199087,498,233.571764,0,1,0,0,0,0
9,27,1788184196922,1788184199092,2170,1199.928162,72,2,0,0,0,0
9,39,1788184196924,1788184199099,2175,1202.872299,72,2,0,0,0,0
9,28,1788184196923,1788184199100,2177,1159.876092,72,2,0,0,0,0
9,26,1788184196922,1788184199110,2188,1171.961568,72,2,0,0,0,0
9,32,1788184196923,1788184199124,2201,1149.457297,72,2,0,0,0,0
9,34,1788184196923,1788184199124,2201,1173.695119,72,2,0,0,0,0
9,33,1788184196923,1788184199136,2213,1125.279446,72,2,0,0,0,0
9,42,1788184198445,1788184199212,767,607.497824,0,1,0,0,0,0
11,45,1788184202411,1788184202496,85,60.613221,0,1,1,0,0,0
12,47,1788184202650,1788184202731,81,69.083866,0,2,0,18377216,0,0
12,46,1788184202642,1788184202982,340,300.929348,0,2,0,18377216,0,0
14,48,1788184203007,1788184203011,4,1.558293,0,1,0,0,0,0
10,44,1788184200865,1788184212932,12067,10899.675787,76,1,0,0,0,0
15,50,1788184219380,1788184220149,769,760.505491,0,1,0,0,0,0
15,49,1788184219379,1788184224774,5395,5314.073459,17,1,0,0,0,0
17,60,1788184224788,1788184225843,1055,798.110829,49,2,0,0,0,0
17,56,1788184224787,1788184225851,1064,815.612227,49,2,0,0,0,0
17,68,1788184225850,1788184226552,702,323.061168,19,5,0,0,0,0
17,62,1788184224788,1788184226963,2175,1161.990324,68,1,0,0,0,0
17,51,1788184224786,1788184227016,2230,1162.780013,68,1,0,0,0,0
17,65,1788184224788,1788184227022,2234,1182.421218,68,2,0,0,0,0
17,61,1788184224788,1788184227054,2266,1192.454169,68,1,0,0,0,0
17,53,1788184224787,1788184227077,2290,1194.173763,68,3,0,0,0,0
17,54,1788184224787,1788184227084,2297,1204.621656,68,1,0,0,0,0
17,59,1788184224788,1788184227089,2301,1203.855787,68,2,0,0,0,0
17,64,1788184224788,1788184227090,2302,1186.690267,68,2,0,0,0,0
17,66,1788184224788,1788184227091,2303,1203.705309,68,1,0,0,0,0
17,52,1788184224787,1788184227096,2309,1190.120176,68,3,0,0,0,0
17,63,1788184224788,1788184227105,2317,1198.421282,68,3,0,0,0,0
17,58,1788184224788,1788184227110,2322,1187.680288,68,1,0,0,0,0
17,57,1788184224787,1788184227114,2327,1169.452797,68,2,0,0,0,0
17,55,1788184224787,1788184227140,2353,1203.754073,68,2,0,0,0,0
17,67,1788184225842,1788184227264,1422,701.318296,19,1,0,0,0,0
19,70,1788184230273,1788184230366,93,55.760217,16,1,0,0,0,0
20,72,1788184230453,1788184230511,58,49.835333,0,1,0,18377216,0,0
20,71,1788184230453,1788184230753,300,273.03874,0,1,0,18377216,0,0
22,73,1788184230770,1788184230774,4,1.228845,0,1,0,0,0,0
18,69,1788184228655,1788184240697,12042,10736.879316,68,1,0,0,0,0
23,75,1788184247146,1788184247911,765,757.333527,0,1,0,0,0,0
23,74,1788184247145,1788184252528,5383,5315.685919,15,1,0,0,0,0
25,81,1788184252541,1788184253612,1071,817.412501,49,2,0,0,0,0
25,85,1788184252542,1788184253744,1202,790.513684,49,2,0,0,0,0
25,93,1788184253741,1788184254309,568,259.151098,18,5,0,0,0,0
25,91,1788184252542,1788184254492,1950,1164.56708,67,2,0,0,0,0
25,80,1788184252541,1788184254512,1971,1175.95714,67,3,0,0,0,0
25,78,1788184252541,1788184254530,1989,1166.565248,67,4,0,0,0,0
25,89,1788184252542,1788184254532,1990,1194.696281,67,2,0,0,0,0
25,87,1788184252542,1788184254543,2001,1196.451177,67,3,0,0,0,0
25,77,1788184252541,1788184254544,2003,1187.273788,67,2,0,0,0,0
25,88,1788184252542,1788184254546,2004,1193.83264,67,2,0,0,0,0
25,79,1788184252541,1788184254548,2007,1200.35232,67,2,0,0,0,0
25,82,1788184252541,1788184254548,2007,1187.83332,67,1,0,0,0,0
25,90,1788184252542,1788184254550,2008,1204.714418,67,3,0,0,0,0
25,76,1788184252540,1788184254550,2010,1207.845284,67,1,0,0,0,0
25,84,1788184252541,1788184254558,2017,1198.172293,67,2,0,0,0,0
25,83,1788184252541,1788184254562,2021,1198.339765,67,3,0,0,0,0
25,86,1788184252542,1788184254563,2021,1198.552827,67,2,0,0,0,0
25,92,1788184253611,1788184254802,1191,699.144921,18,2,0,0,0,0
26,94,1788184256337,1788184256400,63,43.385074,0,1,1,0,0,0
27,96,1788184256484,1788184256539,55,48.432302,0,1,0,18377216,0,0
27,95,1788184256484,1788184256768,284,261.117818,0,1,0,18377216,0,0
29,97,1788184256784,1788184256788,4,1.402762,0,1,0,0,0,0
30,99,1788184263079,1788184263884,805,764.547687,15,1,0,0,0,0
30,98,1788184263078,1788184268474,5396,5303.958859,15,1,0,0,0,0
32,109,1788184268489,1788184269621,1132,801.952447,67,2,0,0,0,0
32,105,1788184268488,1788184269760,1272,822.803607,67,1,0,0,0,0
32,117,1788184269759,1788184270264,505,227.303825,0,1,0,0,0,0
32,106,1788184268488,1788184270420,1932,1148.43859,67,2,0,0,0,0
32,108,1788184268489,1788184270447,1958,1172.342213,67,2,0,0,0,0
32,104,1788184268488,1788184270449,1961,1177.807264,67,1,0,0,0,0
32,102,1788184268488,1788184270471,1983,1171.18548,67,2,0,0,0,0
32,114,1788184268489,1788184270478,1989,1183.249227,67,1,0,0,0,0
32,101,1788184268488,1788184270479,1991,1184.556292,67,2,0,0,0,0
32,112,1788184268489,1788184270479,1990,1190.817933,67,1,0,0,0,0
32,111,1788184268489,1788184270480,1991,1185.549857,67,3,0,0,0,0
32,115,1788184268489,1788184270484,1995,1184.552444,67,2,0,0,0,0
32,110,1788184268489,1788184270487,1998,1198.220734,67,1,0,0,0,0
32,113,1788184268489,1788184270488,1999,1185.755653,67,1,0,0,0,0
32,100,1788184268488,1788184270490,2002,1194.142893,67,1,0,0,0,0
32,103,1788184268488,1788184270494,2006,1217.329435,67,2,0,0,0,0
32,107,1788184268488,1788184270497,2009,1216.610647,67,1,0,0,0,0
32,116,1788184269620,1788184270555,935,646.980045,0,1,0,0,0,0
33,118,1788184272213,1788184272274,61,43.395777,0,1,1,0,0,0
34,120,1788184272349,1788184272424,75,51.358174,15,1,0,18377216,0,0
34,119,1788184272349,1788184272678,329,272.620466,15,1,0,18377216,0,0
36,121,1788184272695,1788184272698,3,1.149597,0,1,0,0,0,0
37,123,1788184278992,1788184279751,759,751.156285,0,1,0,0,0,0
37,122,1788184278992,1788184284360,5368,5301.026639,8,1,0,0,0,0
39,129,1788184284370,1788184285569,1199,811.450165,55,2,0,0,0,0
39,133,1788184284371,1788184285598,1227,809.610011,55,1,0,0,0,0
39,141,1788184285597,1788184286113,516,242.982486,0,1,0,0,0,0
39,132,1788184284371,1788184286225,1854,1132.974212,55,1,0,0,0,0
39,137,1788184284371,1788184286251,1880,1116.269299,55,1,0,0,0,0
39,126,1788184284370,1788184286282,1912,1169.412763,55,2,0,0,0,0
39,139,1788184284371,1788184286303,1932,1169.979107,55,1,0,0,0,0
39,136,1788184284371,1788184286303,1932,1178.059145,55,2,0,0,0,0
39,127,1788184284370,1788184286308,1938,1184.102925,55,1,0,0,0,0
39,125,1788184284370,1788184286323,1953,1167.990415,55,1,0,0,0,0
39,128,1788184284370,1788184286323,1953,1170.154036,55,1,0,0,0,0
39,130,1788184284370,1788184286324,1954,1139.826406,55,1,0,0,0,0
39,124,1788184284370,1788184286326,1956,1183.362842,55,1,0,0,0,0
39,134,1788184284371,1788184286330,1959,1169.393729,55,0,0,0,0,0
39,135,1788184284371,1788184286330,1959,1167.803947,55,3,0,0,0,0
39,131,1788184284370,1788184286332,1962,1181.321159,55,1,0,0,0,0
39,138,1788184284371,1788184286334,1963,1173.835891,55,0,0,0,0,0
39,140,1788184285569,1788184286398,829,615.51335,0,1,0,0,0,0
41,143,1788184289447,1788184289529,82,44.61075,15,1,1,0,0,0
42,145,1788184289647,1788184289705,58,48.839487,0,1,0,18377216,0,0
42,144,1788184289647,1788184289943,296,267.960483,0,1,0,18377216,0,0
44,146,1788184289958,1788184289961,3,1.217283,0,1,0,0,0,0
40,142,1788184287984,1788184300229,12245,10810.324854,77,1,0,0,0,0
45,148,1788184306667,1788184307441,774,766.601503,0,1,0,0,0,0
45,147,1788184306667,1788184312072,5405,5300.577653,22,1,0,0,0,0
47,154,1788184312084,1788184313229,1145,835.401327,64,3,0,0,0,0
47,158,1788184312085,1788184313393,1308,808.694503,64,1,0,0,0,0
47,166,1788184313392,1788184313878,486,219.719675,0,1,0,0,0,0
47,150,1788184312084,1788184313987,1903,1165.614932,64,1,0,0,0,0
47,149,1788184312084,1788184314011,1927,1165.484223,64,1,0,0,0,0
47,152,1788184312084,1788184314014,1930,1161.944394,64,1,0,0,0,0
47,151,1788184312084,1788184314015,1931,1174.561339,64,1,0,0,0,0
47,159,1788184312085,1788184314032,1947,1176.171014,64,2,0,0,0,0
47,162,1788184312085,1788184314033,1948,1168.906583,64,1,0,0,0,0
47,163,1788184312085,1788184314047,1962,1194.255937,64,2,0,0,0,0
47,160,1788184312085,1788184314048,1963,1197.369845,64,2,0,0,0,0
47,156,1788184312084,1788184314054,1970,1178.39768,64,1,0,0,0,0
47,157,1788184312085,1788184314060,1975,1186.649654,64,3,0,0,0,0
47,155,1788184312084,1788184314061,1977,1196.102733,64,2,0,0,0,0
47,161,1788184312085,1788184314061,1976,1163.314585,64,1,0,0,0,0
47,164,1788184312085,1788184314062,1977,1177.083113,64,2,0,0,0,0
47,153,1788184312084,1788184314064,1980,1176.48568,64,3,0,0,0,0
47,165,1788184313227,1788184314128,901,658.434027,0,1,0,0,0,0
49,168,1788184317615,1788184317676,61,42.820025,0,1,0,0,0,0
50,170,1788184317800,1788184317854,54,47.274627,0,1,0,18377216,0,0
50,169,1788184317800,1788184318088,288,262.773503,0,1,0,18377216,0,0
52,171,1788184318102,1788184318105,3,1.07711,0,0,0,0,0,0
48,167,1788184315768,1788184327683,11915,10760.616122,66,1,0,0,0,0
53,173,1788184334160,1788184334962,802,754.767182,16,1,0,0,0,0
53,172,1788184334160,1788184339661,5501,5336.026312,32,1,0,0,0,0
55,183,1788184339674,1788184340843,1169,813.458595,58,2,0,0,0,0
55,179,1788184339673,1788184341168,1495,813.670684,58,2,0,0,0,0
55,184,1788184339674,1788184341623,1949,1164.676957,77,1,0,0,0,0
55,174,1788184339672,1788184341633,1961,1178.607649,77,2,0,0,0,0
55,182,1788184339673,1788184341644,1971,1176.120968,77,2,0,0,0,0
55,176,1788184339673,1788184341650,1977,1179.860011,77,1,0,0,0,0
55,185,1788184339674,1788184341651,1977,1142.315842,77,0,0,0,0,0
55,180,1788184339673,1788184341652,1979,1180.864747,77,0,0,0,0,0
55,188,1788184339674,1788184341662,1988,1139.781075,77,0,0,0,0,0
55,178,1788184339673,1788184341668,1995,1188.34838,77,1,0,0,0,0
55,191,1788184341168,1788184341668,500,216.861325,19,0,0,0,0,0
55,186,1788184339674,1788184341668,1994,1165.465208,77,2,0,0,0,0
55,181,1788184339673,1788184341672,1999,1181.541257,77,2,0,0,0,0
55,189,1788184339674,1788184341692,2018,1154.224237,77,1,0,0,0,0
55,175,1788184339672,1788184341700,2028,1146.663317,77,2,0,0,0,0
55,177,1788184339673,1788184341702,2029,1127.972746,77,3,0,0,0,0
55,187,1788184339674,1788184341705,2031,1153.469871,77,0,0,0,0,0
55,190,1788184340842,1788184341760,918,641.657982,19,2,0,0,0,0
56,192,1788184343176,1788184343232,56,39.159435,0,1,0,0,0,0
57,194,1788184343304,1788184343392,88,50.588888,12,1,0,18377216,0,0
57,193,1788184343304,1788184343687,383,270.44895,12,1,0,18377216,0,0
59,195,1788184343704,1788184343707,3,1.047294,0,1,0,0,0,0
60,197,1788184350213,1788184350972,759,751.356061,0,1,0,0,0,0
60,196,1788184350213,1788184355573,5360,5294.315038,8,1,0,0,0,0
62,203,1788184355583,1788184356745,1162,827.257851,55,1,0,0,0,0
62,207,1788184355583,1788184356751,1168,821.081724,55,1,0,0,0,0
62,215,1788184356750,1788184357271,521,248.867444,0,1,0,0,0,0
62,199,1788184355583,1788184357425,1842,1131.877022,55,1,0,0,0,0
62,208,1788184355583,1788184357454,1871,1153.757299,55,1,0,0,0,0
62,204,1788184355583,1788184357459,1876,1143.077632,55,1,0,0,0,0
62,211,1788184355584,1788184357474,1890,1149.125104,55,1,0,0,0,0
62,202,1788184355583,1788184357482,1899,1171.051157,55,1,0,0,0,0
62,209,1788184355583,1788184357485,1902,1147.547062,55,1,0,0,0,0
62,198,1788184355583,1788184357492,1909,1170.069639,55,1,0,0,0,0
62,200,1788184355583,1788184357494,1911,1174.189361,55,1,0,0,0,0
62,206,1788184355583,1788184357494,1911,1125.725467,55,2,0,0,0,0
62,201,1788184355583,1788184357502,1919,1182.94032,55,1,0,0,0,0
62,213,1788184355584,1788184357502,1918,1179.254379,55,1,0,0,0,0
62,205,1788184355583,1788184357504,1921,1191.264704,55,1,0,0,0,0
62,210,1788184355583,1788184357504,1921,1166.259908,55,1,0,0,0,0
62,212,1788184355584,1788184357514,1930,1153.582883,55,1,0,0,0,0
62,214,1788184356744,1788184357577,833,625.949197,0,1,0,0,0,0
63,216,1788184359014,1788184359088,74,40.849968,0,1,1,0,0,0
64,218,1788184359202,1788184359257,55,47.220626,0,1,0,18377216,0,0
64,217,1788184359202,1788184359494,292,268.911951,0,1,0,18377216,0,0
66,219,1788184359507,1788184359509,2,0.987913,0,0,0,0,0,0
67,221,1788184366009,1788184366776,767,757.337582,0,1,0,0,0,0
67,220,1788184366008,1788184371389,5381,5326.935115,9,1,0,0,0,0
69,231,1788184371399,1788184372630,1231,756.48233,54,2,0,0,0,0
69,227,1788184371399,1788184372848,1449,833.002667,54,1,0,0,0,0
69,226,1788184371399,1788184373330,1931,1152.690459,54,1,0,0,0,0
69,239,1788184372847,1788184373334,487,205.921676,0,0,0,0,0,0
69,222,1788184371399,1788184373340,1941,1165.848759,54,1,0,0,0,0
69,225,1788184371399,1788184373355,1956,1178.426308,54,2,0,0,0,0
69,233,1788184371400,1788184373357,1957,1166.687414,54,1,0,0,0,0
69,223,1788184371399,1788184373360,1961,1171.002203,54,1,0,0,0,0
69,224,1788184371399,1788184373364,1965,1178.727767,54,1,0,0,0,0
69,229,1788184371399,1788184373366,1967,1176.228356,54,1,0,0,0,0
69,235,1788184371400,1788184373370,1970,1179.838954,54,1,0,0,0,0
69,230,1788184371399,1788184373381,1982,1165.830345,54,1,0,0,0,0
69,232,1788184371399,1788184373385,1986,1179.588423,54,1,0,0,0,0
69,237,1788184371400,1788184373387,1987,1182.777233,54,1,0,0,0,0
69,234,1788184371400,1788184373401,2001,1146.970565,54,3,0,0,0,0
69,228,1788184371399,1788184373401,2002,1145.783005,54,2,0,0,0,0
69,236,1788184371400,1788184373405,2005,1131.287319,54,1,0,0,0,0
69,238,1788184372629,1788184373468,839,614.240367,0,1,0,0,0,0
71,241,1788184376507,1788184376591,84,59.849031,0,1,1,0,0,0
72,243,1788184376663,1788184376717,54,45.910605,0,1,0,18377216,0,0
72,242,1788184376662,1788184376964,302,260.22974,14,1,0,18377216,0,0
74,244,1788184376977,1788184376980,3,0.919294,0,0,0,0,0,0
70,240,1788184374911,1788184386711,11800,10646.976486,55,1,0,0,0,0
75,246,1788184393099,1788184393861,762,753.242077,0,1,0,0,0,0
75,245,1788184393099,1788184398562,5463,5332.890698,14,1,0,0,0,0
77,252,1788184398572,1788184399602,1030,780.484769,62,2,0,0,0,0
77,256,1788184398572,1788184399747,1175,789.617019,62,2,0,0,0,0
77,264,1788184399746,1788184400263,517,244.293491,0,1,0,0,0,0
77,251,1788184398571,1788184400391,1820,1088.702586,62,1,0,0,0,0
77,247,1788184398571,1788184400439,1868,1119.250834,62,1,0,0,0,0
77,262,1788184398572,1788184400477,1905,1123.583213,62,2,0,0,0,0
77,250,1788184398571,1788184400483,1912,1131.39715,62,2,0,0,0,0
77,261,1788184398572,1788184400487,1915,1123.815092,62,1,0,0,0,0
77,248,1788184398571,1788184400497,1926,1146.53475,62,3,0,0,0,0
77,255,1788184398572,1788184400498,1926,1148.4684,62,2,0,0,0,0
77,254,1788184398572,1788184400500,1928,1161.836301,62,1,0,0,0,0
77,253,1788184398572,1788184400502,1930,1147.301059,62,3,0,0,0,0
77,257,1788184398572,1788184400508,1936,1154.05033,62,1,0,0,0,0
77,260,1788184398572,1788184400509,1937,1160.790353,62,1,0,0,0,0
77,259,1788184398572,1788184400511,1939,1161.804228,62,1,0,0,0,0
77,249,1788184398571,1788184400523,1952,1140.418783,62,3,0,0,0,0
77,258,1788184398572,1788184400525,1953,1141.156197,62,2,0,0,0,0
77,263,1788184399599,1788184400745,1146,684.794577,0,1,0,0,0,0
78,266,1788184402375,1788184403799,1424,1341.035931,52,2,0,8650736,0,0
78,265,1788184402375,1788184408974,6599,6372.394505,158,2,0,8650736,0,0
80,267,1788184409065,1788184409081,16,7.621236,0,6,0,8650736,0,0
82,268,1788184409092,1788184409107,15,5.275235,0,8,0,8650736,0,0
85,269,1788184409135,1788184409168,33,23.159089,0,2,0,8454128,0,0
87,272,1788184410625,1788184410668,43,29.329351,0,0,0,0,0,0
86,271,1788184410621,1788184410880,259,216.846392,9,1,0,0,0,0
88,273,1788184410776,1788184411020,244,183.042784,0,1,0,2097152,0,0
90,274,1788184411040,1788184411085,45,37.4328,0,0,0,0,0,0
86,270,1788184410621,1788184411581,960,887.543026,9,1,0,0,0,0
92,276,1788184411654,1788184411916,262,171.181632,0,10,0,34078688,0,0
92,284,1788184411655,1788184411916,261,176.882115,0,9,4,34078688,0,0
92,285,1788184411655,1788184411917,262,188.357378,0,9,7,34078688,0,0
92,282,1788184411654,1788184411918,264,180.360557,0,9,3,34078688,0,0
92,279,1788184411654,1788184411918,264,162.460992,0,9,7,34078688,0,0
92,280,1788184411654,1788184411919,265,156.003524,0,9,0,34078688,0,0
92,290,1788184411655,1788184411919,264,190.209862,0,6,7,34078688,0,0
92,275,1788184411654,1788184411919,265,180.77713,0,9,0,34078688,0,0
92,278,1788184411654,1788184411919,265,182.753911,0,9,7,34078688,0,0
92,288,1788184411655,1788184411925,270,110.49492,0,8,0,34078688,0,0
92,287,1788184411655,1788184411926,271,117.658763,0,9,0,34078688,0,0
92,281,1788184411654,1788184411976,322,165.450984,0,9,0,34078688,0,0
92,277,1788184411654,1788184411977,323,165.339095,0,9,0,34078688,0,0
92,283,1788184411655,1788184411979,324,156.954595,0,9,0,34078688,0,0
92,286,1788184411655,1788184411985,330,140.697231,0,8,0,34078688,0,0
92,289,1788184411655,1788184411985,330,147.380772,0,9,0,34078688,0,0
92,291,1788184411911,1788184411986,75,68.475185,0,4,0,34078688,0,0
93,293,1788184413355,1788184413443,88,79.683721,0,1,0,0,0,0
93,292,1788184413354,1788184413709,355,328.473034,0,1,0,0,0,0
95,294,1788184413727,1788184413731,4,2.059473,0,1,0,0,0,0
97,297,1788184415130,1788184415313,183,147.732939,27,1,0,0,0,0
96,295,1788184415113,1788184415573,460,402.80064,27,1,0,0,0,0
97,296,1788184415129,1788184415656,527,471.864301,27,1,0,0,0,0
99,298,1788184415671,1788184415679,8,6.268888,0,0,0,0,0,0
101,310,1788184415763,1788184415915,152,114.989005,0,5,0,3407872,0,0
101,304,1788184415762,1788184415918,156,116.52292,0,5,0,3407872,0,0
101,303,1788184415762,1788184415918,156,114.478111,0,4,0,3407872,0,0
101,306,1788184415762,1788184415920,158,121.36193,0,5,0,3407872,0,0
101,311,1788184415763,1788184415921,158,111.341364,0,3,0,3407872,0,0
101,308,1788184415762,1788184415924,162,103.333873,0,4,0,3407872,0,0
101,312,1788184415763,1788184415924,161,112.924998,0,3,0,3407872,0,0
101,300,1788184415762,1788184415926,164,117.748307,0,4,0,3407872,0,0
101,299,1788184415762,1788184415927,165,123.12066,0,3,0,3407872,0,0
101,309,1788184415762,1788184415927,165,110.041765,0,4,0,3407872,0,0
101,302,1788184415762,1788184415927,165,109.061059,0,3,0,3407872,0,0
101,301,1788184415762,1788184415928,166,105.041289,0,4,0,3407872,0,0
101,305,1788184415762,1788184415933,171,92.701514,0,4,0,3407872,0,0
101,307,1788184415762,1788184415933,171,91.547955,0,3,0,3407872,0,0
104,313,1788184415969,1788184415977,8,4.191892,0,2,0,8650736,0,0
107,314,1788184415983,1788184415990,7,3.649405,0,2,0,8650736,0,0
111,315,1788184416013,1788184416019,6,2.78978,0,2,0,8454128,0,0
112,316,1788184417434,1788184417596,162,68.731358,0,1,0,0,0,0
113,318,1788184417677,1788184417730,53,44.000505,0,1,0,18377216,0,0
113,317,1788184417677,1788184417960,283,256.686411,0,1,0,18377216,0,0
115,319,1788184417973,1788184417975,2,0.94395,0,0,0,0,0,0
116,320,1788184419398,1788184419469,71,38.301046,0,1,1,0,0,0
119,325,1788184419442,1788184419698,256,224.559468,13,1,0,0,0,0
118,323,1788184419431,1788184419820,389,346.472452,13,1,0,25165792,0,0
117,321,1788184419405,1788184420002,597,521.822162,23,1,0,0,0,0
119,324,1788184419442,1788184420457,1015,952.896459,25,1,0,0,0,0
118,322,1788184419431,1788184421108,1677,1614.283749,25,1,0,167771968,0,0
123,335,1788184421256,1788184421913,657,353.868703,15,22,0,43732832,0,0
123,342,1788184421910,1788184422280,370,273.173231,6,6,0,100421376,0,0
123,333,1788184421256,1788184422287,1031,785.512201,21,20,0,123490032,0,0
123,328,1788184421256,1788184422289,1033,799.991886,21,20,0,123490032,0,0
123,329,1788184421256,1788184422298,1042,733.911177,21,21,0,123490032,0,0
123,336,1788184421256,1788184422300,1044,709.820297,21,22,0,123490032,0,0
123,334,1788184421256,1788184422302,1046,750.335368,21,20,0,123490032,0,0
123,327,1788184421256,1788184422302,1046,832.445729,21,22,0,123490032,0,0
123,340,1788184421257,1788184422302,1045,750.033255,21,22,5,123490032,0,0
123,330,1788184421256,1788184422303,1047,804.989809,21,22,0,123490032,0,0
123,338,1788184421257,1788184422304,1047,757.573183,21,21,0,123490032,0,0
123,339,1788184421257,1788184422307,1050,705.25545,21,21,0,123490032,0,0
123,326,1788184421255,1788184422308,1053,805.419954,21,20,0,123490032,0,0
123,337,1788184421256,1788184422310,1054,737.144246,21,20,0,123490032,0,0
123,341,1788184421257,1788184422311,1054,742.638023,23,22,0,123490032,0,0
123,331,1788184421256,1788184422313,1057,760.897623,23,22,0,123490032,0,0
123,332,1788184421256,1788184422313,1057,681.313488,23,20,0,123490032,0,0
124,344,1788184428627,1788184429392,765,757.123684,0,1,0,0,0,0
124,343,1788184428627,1788184433966,5339,5273.191075,11,1,0,0,0,0
126,350,1788184433977,1788184435078,1101,779.970772,81,1,0,0,0,0
126,354,1788184433977,1788184435220,1243,774.661442,81,1,0,0,0,0
126,362,1788184435220,1788184435740,520,243.759178,0,1,0,0,0,0
126,348,1788184433977,1788184435890,1913,1093.308005,81,2,0,0,0,0
126,349,1788184433977,1788184435894,1917,1135.016248,81,1,0,0,0,0
126,357,1788184433977,1788184435900,1923,1131.195467,81,1,0,0,0,0
126,355,1788184433977,1788184435910,1933,1138.796574,81,1,0,0,0,0
126,346,1788184433977,1788184435920,1943,1132.605534,81,1,0,0,0,0
126,358,1788184433977,1788184435920,1943,1119.344612,81,1,0,0,0,0
126,353,1788184433977,1788184435931,1954,1150.335032,81,1,0,0,0,0
126,351,1788184433977,1788184435936,1959,1146.284487,81,2,0,0,0,0
126,347,1788184433977,1788184435936,1959,1136.268662,81,1,0,0,0,0
126,345,1788184433976,1788184435951,1975,1145.623002,81,2,0,0,0,0
126,360,1788184433977,1788184435951,1974,1153.567635,81,1,0,0,0,0
126,352,1788184433977,1788184435954,1977,1136.648501,81,1,0,0,0,0
126,356,1788184433977,1788184435956,1979,1117.271441,81,1,0,0,0,0
126,359,1788184433977,1788184435964,1987,1126.313115,81,1,0,0,0,0
126,361,1788184435074,1788184436147,1073,701.15383,0,1,0,0,0,0
128,365,1788184439188,1788184440324,1136,1057.34588,38,1,0,8650736,0,0
128,364,1788184439187,1788184445574,6387,6126.162525,140,1,0,8650736,0,0
130,366,1788184445610,1788184445620,10,5.859941,0,2,0,8650736,0,0
132,367,1788184445625,1788184445633,8,4.033085,0,2,0,8650736,0,0
135,368,1788184445650,1788184445655,5,1.719104,0,2,0,8454128,0,0
137,371,1788184447094,1788184447138,44,31.59687,0,1,0,0,0,0
136,370,1788184447090,1788184447305,215,199.48095,0,1,0,0,0,0
138,372,1788184447172,1788184447381,209,183.314136,0,1,0,2097152,0,0
140,373,1788184447396,1788184447448,52,21.307272,13,0,0,0,0,0
136,369,1788184447090,1788184448050,960,896.925837,23,1,0,0,0,0
142,387,1788184448080,1788184448124,44,38.118635,0,3,0,34078688,0,0
142,379,1788184448080,1788184448124,44,36.369876,0,4,0,34078688,0,0
142,374,1788184448079,1788184448124,45,37.762618,0,3,0,34078688,0,0
142,383,1788184448080,1788184448125,45,36.24489,0,5,0,34078688,0,0
142,376,1788184448079,1788184448125,46,37.048759,0,4,0,34078688,0,0
142,382,1788184448080,1788184448125,45,37.529651,0,4,0,34078688,0,0
142,388,1788184448080,1788184448125,45,38.588819,0,3,0,34078688,0,0
142,386,1788184448080,1788184448128,48,37.853698,0,4,0,34078688,0,0
142,377,1788184448080,1788184448128,48,38.907576,0,4,0,34078688,0,0
142,384,1788184448080,1788184448130,50,38.320396,0,4,0,34078688,0,0
142,385,1788184448080,1788184448131,51,38.646356,0,4,0,34078688,0,0
142,378,1788184448080,1788184448133,53,39.480187,0,3,0,34078688,0,0
142,381,1788184448080,1788184448135,55,37.503786,0,3,0,34078688,0,0
142,375,1788184448079,1788184448147,68,35.591065,0,3,0,34078688,0,0
142,380,1788184448080,1788184448149,69,37.125737,0,3,0,34078688,0,0
142,390,1788184448123,1788184448149,26,20.966205,0,3,0,34078688,0,0
142,389,1788184448122,1788184448157,35,29.332176,0,3,0,34078688,0,0
143,392,1788184449653,1788184449713,60,52.969558,0,1,0,0,0,0
143,391,1788184449653,1788184449987,334,303.396422,5,1,0,0,0,0
145,393,1788184449997,1788184449999,2,0.74688,0,0,0,0,0,0
127,363,1788184437633,1788184450309,12676,11201.331726,193,1,0,0,0,0
147,396,1788184451374,1788184451520,146,116.105549,8,1,0,0,0,0
146,394,1788184451369,1788184451807,438,388.495417,8,1,0,0,0,0
147,395,1788184451373,1788184451824,451,415.388708,8,1,0,0,0,0
149,397,1788184451838,1788184451845,7,5.931294,0,0,0,0,0,0
151,406,1788184451873,1788184451905,32,26.585588,0,2,0,3407872,0,0
151,408,1788184451873,1788184451905,32,24.156268,0,2,0,3407872,0,0
151,410,1788184451873,1788184451905,32,25.62949,0,2,0,3407872,0,0
151,409,1788184451873,1788184451907,34,26.860841,0,3,0,3407872,0,0
151,400,1788184451873,1788184451908,35,29.778903,0,2,0,3407872,0,0
151,402,1788184451873,1788184451908,35,28.460152,0,3,0,3407872,0,0
151,404,1788184451873,1788184451908,35,27.911797,0,3,0,3407872,0,0
151,399,1788184451873,1788184451908,35,29.81867,0,2,0,3407872,0,0
151,401,1788184451873,1788184451909,36,28.151383,0,3,0,3407872,0,0
151,411,1788184451873,1788184451909,36,27.888191,0,3,0,3407872,0,0
151,407,1788184451873,1788184451909,36,29.809278,0,3,0,3407872,0,0
151,403,1788184451873,1788184451909,36,28.992139,0,3,0,3407872,0,0
151,405,1788184451873,1788184451909,36,27.888397,0,3,0,3407872,0,0
151,398,1788184451873,1788184451910,37,30.609193,0,2,0,3407872,0,0
154,412,1788184451929,1788184451934,5,2.350729,0,1,0,8650736,0,0
157,413,1788184451940,1788184451947,7,3.392574,0,2,0,8650736,0,0
161,414,1788184451967,1788184451971,4,1.581506,0,1,0,8454128,0,0
162,415,1788184453270,1788184453325,55,39.033279,0,0,0,0,0,0
163,417,1788184453394,1788184453431,37,31.080151,0,1,0,18377216,0,0
163,416,1788184453394,1788184453645,251,241.265972,0,1,0,18377216,0,0
165,418,1788184453657,1788184453659,2,0.739909,0,1,0,0,0,0
167,420,1788184455046,1788184455111,65,43.431165,0,1,0,0,0,0
169,424,1788184455052,1788184455248,196,160.240363,23,1,0,0,0,0
168,422,1788184455049,1788184455313,264,228.206801,23,1,0,25165792,0,0
166,419,1788184455043,1788184455613,570,505.996725,30,1,0,0,0,0
169,423,1788184455052,1788184456025,973,910.595951,30,1,0,0,0,0
168,421,1788184455049,1788184456732,1683,1615.644838,35,1,0,167771968,0,0
173,434,1788184456789,1788184457002,213,151.731178,9,7,0,43732832,0,0
173,425,1788184456788,1788184457271,483,406.153844,22,7,0,123490032,0,0
173,429,1788184456788,1788184457304,516,405.328577,22,3,0,123490032,0,0
173,439,1788184456789,1788184457327,538,406.276672,22,8,0,123490032,0,0
173,437,1788184456789,1788184457330,541,414.62342,24,6,0,123490032,0,0
173,435,1788184456789,1788184457357,568,378.510768,24,4,0,123490032,0,0
173,431,1788184456788,1788184457359,571,380.706195,24,7,0,123490032,0,0
173,433,1788184456789,1788184457359,570,380.596345,24,5,0,123490032,0,0
173,430,1788184456788,1788184457364,576,404.622887,24,6,0,123490032,0,0
173,440,1788184456789,1788184457376,587,393.72591,24,5,0,123490032,0,0
173,428,1788184456788,1788184457385,597,369.96579,24,7,0,123490032,0,0
173,441,1788184456993,1788184457385,392,222.900555,15,18,0,100421376,0,0
173,436,1788184456789,1788184457387,598,390.442189,24,6,0,123490032,0,0
173,432,1788184456788,1788184457388,600,353.951264,24,8,0,123490032,0,0
173,427,1788184456788,1788184457400,612,373.882003,24,5,0,123490032,0,0
173,438,1788184456789,1788184457402,613,368.393886,24,7,0,123490032,0,0
173,426,1788184456788,1788184457404,616,375.075269,24,8,0,123490032,0,0
174,443,1788184463722,1788184464527,805,768.181091,11,1,0,0,0,0
174,442,1788184463722,1788184469207,5485,5375.101947,21,1,0,0,0,0
176,449,1788184469216,1788184470439,1223,785.480817,85,1,0,0,0,0
176,453,1788184469216,1788184470446,1230,780.985315,85,1,0,0,0,0
176,461,1788184470445,1788184470957,512,246.858618,0,1,0,0,0,0
176,448,1788184469216,1788184471102,1886,1129.291353,102,1,0,0,0,0
176,451,1788184469216,1788184471123,1907,1108.472127,102,1,0,0,0,0
176,446,1788184469216,1788184471140,1924,1123.023731,102,1,0,0,0,0
176,445,1788184469216,1788184471153,1937,1133.793388,102,1,0,0,0,0
176,459,1788184469217,1788184471172,1955,1138.324265,102,0,0,0,0,0
176,455,1788184469217,1788184471177,1960,1121.737284,102,1,0,0,0,0
176,456,1788184469217,1788184471183,1966,1155.575614,102,1,0,0,0,0
176,444,1788184469216,1788184471188,1972,1119.826566,102,2,0,0,0,0
176,450,1788184469216,1788184471198,1982,1151.417797,102,1,0,0,0,0
176,454,1788184469217,1788184471200,1983,1131.012665,102,0,0,0,0,0
176,458,1788184469217,1788184471200,1983,1154.105659,102,0,0,0,0,0
176,447,1788184469216,1788184471211,1995,1155.96579,102,1,0,0,0,0
176,452,1788184469216,1788184471213,1997,1115.679321,102,1,0,0,0,0
176,457,1788184469217,1788184471218,2001,1095.010948,102,0,0,0,0,0
176,460,1788184470439,1788184471279,840,627.209178,17,1,0,0,0,0
178,464,1788184474251,1788184475422,1171,1051.168736,58,1,0,8650736,0,0
178,463,1788184474251,1788184480854,6603,6204.752174,182,1,0,8650736,0,0
180,465,1788184480889,1788184480896,7,3.37959,0,2,0,8650736,0,0
182,466,1788184480900,1788184480907,7,3.73755,0,2,0,8650736,0,0
185,467,1788184480923,1788184480927,4,1.6317,0,1,0,8454128,0,0
187,470,1788184482332,1788184482360,28,18.66969,0,1,0,0,0,0
186,469,1788184482329,1788184482503,174,164.07375,0,2,0,0,0,0
188,471,1788184482385,1788184482593,208,182.064279,0,1,0,2097152,0,0
190,472,1788184482605,1788184482634,29,21.503201,0,0,0,0,0,0
186,468,1788184482328,1788184483206,878,849.273224,0,1,0,0,0,0
192,484,1788184483233,1788184483276,43,34.503138,0,4,0,34078688,0,0
192,478,1788184483233,1788184483278,45,37.517579,0,4,0,34078688,0,0
192,486,1788184483233,1788184483279,46,39.067898,0,3,0,34078688,0,0
192,482,1788184483233,1788184483280,47,37.841874,0,4,0,34078688,0,0
192,477,1788184483233,1788184483280,47,38.884164,0,3,0,34078688,0,0
192,485,1788184483233,1788184483280,47,39.604588,0,3,0,34078688,0,0
192,476,1788184483233,1788184483281,48,39.475595,0,3,0,34078688,0,0
192,480,1788184483233,1788184483285,52,38.11822,0,3,0,34078688,0,0
192,474,1788184483233,1788184483285,52,39.135674,0,3,0,34078688,0,0
192,487,1788184483233,1788184483287,54,38.831322,0,3,0,34078688,0,0
192,475,1788184483233,1788184483287,54,36.749706,0,3,0,34078688,0,0
192,473,1788184483232,1788184483297,65,34.064353,0,4,0,34078688,0,0
192,481,1788184483233,1788184483297,64,32.526778,0,3,0,34078688,0,0
192,483,1788184483233,1788184483299,66,37.888947,0,3,0,34078688,0,0
192,479,1788184483233,1788184483299,66,35.930508,0,3,0,34078688,0,0
192,489,1788184483277,1788184483303,26,20.611919,0,2,0,34078688,0,0
192,488,1788184483274,1788184483309,35,27.468491,0,4,0,34078688,0,0
193,491,1788184485095,1788184485156,61,53.888208,0,1,0,0,0,0
193,490,1788184485094,1788184485427,333,308.015618,0,1,0,0,0,0
195,492,1788184485437,1788184485439,2,0.695965,0,0,0,0,0,0
177,462,1788184472811,1788184486160,13349,11476.841273,211,1,0,0,0,0
197,495,1788184486804,1788184486870,66,60.610074,0,1,0,0,0,0
197,494,1788184486803,1788184487172,369,357.496264,0,1,0,0,0,0
196,493,1788184486799,1788184487176,377,355.582458,0,1,0,0,0,0
199,496,1788184487185,1788184487192,7,5.747431,0,0,0,0,0,0
201,499,1788184487221,1788184487246,25,18.326263,0,4,0,3407872,0,0
201,503,1788184487221,1788184487252,31,24.011429,0,4,0,3407872,0,0
201,507,1788184487221,1788184487252,31,24.335536,0,4,0,3407872,0,0
201,509,1788184487222,1788184487252,30,24.329762,0,2,0,3407872,0,0
201,501,1788184487221,1788184487253,32,24.12439,0,4,0,3407872,0,0
201,508,1788184487222,1788184487253,31,24.157631,0,4,0,3407872,0,0
201,505,1788184487221,1788184487253,32,24.649235,0,4,0,3407872,0,0
201,504,1788184487221,1788184487253,32,24.734983,0,4,0,3407872,0,0
201,510,1788184487222,1788184487253,31,24.276691,0,4,0,3407872,0,0
201,506,1788184487221,1788184487253,32,25.02012,0,2,0,3407872,0,0
201,500,1788184487221,1788184487253,32,25.705735,0,4,0,3407872,0,0
201,502,1788184487221,1788184487254,33,24.359178,0,2,0,3407872,0,0
201,498,1788184487221,1788184487254,33,25.990744,0,2,0,3407872,0,0
201,497,1788184487221,1788184487254,33,24.695789,0,4,0,3407872,0,0
204,511,1788184487275,1788184487282,7,3.442858,0,2,0,8650736,0,0
207,512,1788184487287,1788184487293,6,2.579809,0,2,0,8650736,0,0
211,513,1788184487306,1788184487310,4,1.336045,0,1,0,8454128,0,0
212,514,1788184488633,1788184488687,54,37.371615,0,1,0,0,0,0
213,516,1788184488792,1788184488832,40,30.992552,0,2,0,18377216,0,0
213,515,1788184488792,1788184489043,251,238.384684,0,2,0,18377216,0,0
215,517,1788184489056,1788184489058,2,0.788039,0,0,0,0,0,0
217,519,1788184490614,1788184490664,50,32.458929,0,1,0,0,0,0
219,523,1788184490619,1788184490746,127,121.319476,0,1,0,0,0,0
218,521,1788184490617,1788184490826,209,203.024251,0,1,0,25165792,0,0
216,518,1788184490610,1788184491129,519,474.349924,17,2,0,0,0,0
219,522,1788184490619,1788184491514,895,866.302958,20,1,0,0,0,0
218,520,1788184490616,1788184492231,1615,1563.398313,24,1,0,167771968,0,0
223,533,1788184492287,1788184492537,250,157.929022,9,4,0,43732832,0,0
223,532,1788184492287,1788184492771,484,412.625459,17,4,0,123490032,0,0
223,538,1788184492287,1788184492787,500,433.800312,19,5,0,123490032,0,0
223,530,1788184492287,1788184492816,529,420.452845,19,4,0,123490032,0,0
223,528,1788184492287,1788184492817,530,409.405265,19,4,0,123490032,0,0
223,534,1788184492287,1788184492818,531,420.321944,19,6,0,123490032,0,0
223,527,1788184492287,1788184492818,531,429.474473,19,3,0,123490032,0,0
223,526,1788184492287,1788184492820,533,439.054823,19,4,0,123490032,0,0
223,536,1788184492287,1788184492827,540,429.485735,19,4,0,123490032,0,0
223,535,1788184492287,1788184492827,540,415.124476,19,4,0,123490032,0,0
223,525,1788184492286,1788184492827,541,415.21972,19,5,0,123490032,0,0
223,531,1788184492287,1788184492828,541,410.109545,19,5,0,123490032,0,0
223,524,1788184492286,1788184492828,542,420.242942,19,6,0,123490032,0,0
223,537,1788184492287,1788184492830,543,426.61419,19,4,0,123490032,0,0
223,539,1788184492287,1788184492843,556,410.613159,19,5,0,123490032,0,0
223,540,1788184492536,1788184492857,321,239.833151,10,20,0,100421376,0,0
223,529,1788184492287,1788184492857,570,391.435474,19,4,0,123490032,0,0
224,542,1788184499169,1788184499940,771,760.834917,3,1,0,0,0,0
224,541,1788184499168,1788184504700,5532,5436.556403,16,1,0,0,0,0
226,552,1788184504709,1788184506023,1314,783.357416,93,1,0,0,0,0
226,548,1788184504709,1788184506197,1488,767.805151,93,1,0,0,0,0
226,558,1788184504709,1788184506602,1893,1081.560715,93,0,0,0,0,0
226,546,1788184504709,1788184506667,1958,1134.049044,93,1,0,0,0,0
226,544,1788184504708,1788184506678,1970,1125.868406,93,2,0,0,0,0
226,560,1788184506196,1788184506679,483,220.827788,0,0,0,0,0,0
226,556,1788184504709,1788184506688,1979,1138.457777,93,2,0,0,0,0
226,555,1788184504709,1788184506700,1991,1149.449011,93,1,0,0,0,0
226,547,1788184504709,1788184506711,2002,1128.255284,93,1,0,0,0,0
226,543,1788184504708,1788184506717,2009,1112.10653,93,1,0,0,0,0
226,553,1788184504709,1788184506721,2012,1150.617675,93,1,0,0,0,0
226,557,1788184504709,1788184506725,2016,1138.534557,93,0,0,0,0,0
226,554,1788184504709,1788184506731,2022,1133.907234,93,1,0,0,0,0
226,550,1788184504709,1788184506731,2022,1146.880922,93,1,0,0,0,0
226,545,1788184504708,1788184506738,2030,1100.820262,93,1,0,0,0,0
226,549,1788184504709,1788184506743,2034,1114.293549,93,0,0,0,0,0
226,551,1788184504709,1788184506752,2043,1092.316794,93,1,0,0,0,0
226,559,1788184506022,1788184506811,789,627.161637,0,1,0,0,0,0
227,562,1788184508480,1788184509605,1125,1040.774465,39,1,0,8650736,0,0
227,561,1788184508479,1788184514754,6275,6031.412538,89,1,0,8650736,0,0
229,563,1788184514792,1788184514799,7,3.629838,0,2,0,8650736,0,0
231,564,1788184514804,1788184514812,8,4.118725,0,2,0,8650736,0,0
234,565,1788184514843,1788184514849,6,2.109536,0,2,0,8454128,0,0
236,568,1788184516194,1788184516250,56,20.445816,0,1,0,0,0,0
235,567,1788184516188,1788184516372,184,154.918386,0,1,0,0,0,0
237,569,1788184516277,1788184516463,186,162.481115,0,1,0,2097152,0,0
239,570,1788184516475,1788184516504,29,21.465692,0,0,0,0,0,0
235,566,1788184516188,1788184517066,878,826.696934,0,1,0,0,0,0
241,574,1788184517094,1788184517136,42,35.189672,0,3,0,34078688,0,0
241,578,1788184517095,1788184517139,44,38.580953,0,3,0,34078688,0,0
241,580,1788184517095,1788184517139,44,37.981539,0,3,0,34078688,0,0
241,579,1788184517095,1788184517140,45,38.095543,0,3,0,34078688,0,0
241,584,1788184517095,1788184517140,45,38.630565,0,3,0,34078688,0,0
241,582,1788184517095,1788184517140,45,38.251517,0,2,0,34078688,0,0
241,573,1788184517094,1788184517140,46,39.105539,0,3,0,34078688,0,0
241,581,1788184517095,1788184517140,45,39.260228,0,3,0,34078688,0,0
241,586,1788184517095,1788184517140,45,39.341309,0,3,0,34078688,0,0
241,576,1788184517094,1788184517140,46,39.942578,0,2,0,34078688,0,0
241,572,1788184517094,1788184517141,47,39.521186,0,3,0,34078688,0,0
241,571,1788184517094,1788184517141,47,36.677715,0,8,0,34078688,0,0
241,585,1788184517095,1788184517150,55,31.748318,0,3,0,34078688,0,0
241,575,1788184517094,1788184517152,58,31.711708,0,3,0,34078688,0,0
241,577,1788184517094,1788184517152,58,29.738461,0,11,0,34078688,0,0
241,583,1788184517095,1788184517152,57,31.810915,0,3,0,34078688,0,0
241,587,1788184517135,1788184517158,23,17.170456,0,3,0,34078688,0,0
242,589,1788184518599,1788184518660,61,53.174576,0,1,0,0,0,0
242,588,1788184518598,1788184518939,341,311.124286,0,1,0,0,0,0
244,590,1788184518949,1788184518951,2,0.619763,0,0,0,0,0,0
246,593,1788184520243,1788184520335,92,84.860856,0,0,0,0,0,0
245,591,1788184520239,1788184520628,389,361.458899,0,1,0,0,0,0
246,592,1788184520243,1788184520706,463,425.901997,8,1,0,0,0,0
248,594,1788184520719,1788184520728,9,6.392481,0,1,0,0,0,0
250,605,1788184520761,1788184520785,24,19.135582,0,2,0,3407872,0,0
250,603,1788184520761,1788184520791,30,23.837692,0,2,0,3407872,0,0
250,608,1788184520761,1788184520791,30,23.542198,0,5,0,3407872,0,0
250,598,1788184520760,1788184520791,31,23.600845,0,2,0,3407872,0,0
250,604,1788184520761,1788184520791,30,23.641002,0,5,0,3407872,0,0
250,602,1788184520761,1788184520792,31,23.913906,0,2,0,3407872,0,0
250,597,1788184520760,1788184520792,32,24.359389,0,5,0,3407872,0,0
250,601,1788184520761,1788184520792,31,24.199993,0,2,0,3407872,0,0
250,595,1788184520760,1788184520792,32,25.436358,0,2,0,3407872,0,0
250,600,1788184520760,1788184520792,32,23.409458,0,3,0,3407872,0,0
250,607,1788184520761,1788184520792,31,23.790952,0,2,0,3407872,0,0
250,606,1788184520761,1788184520792,31,24.596234,0,2,0,3407872,0,0
250,599,1788184520760,1788184520793,33,22.773694,0,2,0,3407872,0,0
250,596,1788184520760,1788184520793,33,24.766035,0,2,0,3407872,0,0
253,609,1788184520811,1788184520817,6,2.855235,0,2,0,8650736,0,0
256,610,1788184520822,1788184520831,9,2.453351,4,6,0,8650736,0,0
260,611,1788184520847,1788184520851,4,1.250065,0,1,0,8454128,0,0
261,612,1788184522123,1788184522177,54,38.991356,0,0,0,0,0,0
262,614,1788184522246,1788184522301,55,46.290441,0,1,0,18377216,0,0
262,613,1788184522246,1788184522538,292,265.525484,0,1,0,18377216,0,0
264,615,1788184522549,1788184522551,2,0.620954,0,0,0,0,0,0
266,617,1788184524062,1788184524172,110,37.259767,0,1,0,0,0,0
268,621,1788184524071,1788184524326,255,205.166893,20,1,0,0,0,0
267,619,1788184524065,1788184524471,406,339.525839,20,1,0,25165792,0,0
265,616,1788184524054,1788184524686,632,521.883159,20,1,0,0,0,0
268,620,1788184524071,1788184525087,1016,921.777414,32,1,0,0,0,0
267,618,1788184524065,1788184525750,1685,1583.322235,37,1,0,167771968,0,0
272,631,1788184525800,1788184526025,225,147.216717,0,4,0,43732832,0,0
272,630,1788184525800,1788184526265,465,380.969605,12,6,0,123490032,0,0
272,632,1788184525800,1788184526287,487,394.738477,14,5,0,123490032,0,0
272,629,1788184525800,1788184526299,499,396.246469,14,4,0,123490032,0,0
272,624,1788184525800,1788184526305,505,395.790076,14,4,0,123490032,0,0
272,634,1788184525800,1788184526312,512,401.160163,14,5,0,123490032,0,0
272,628,1788184525800,1788184526317,517,399.209982,14,3,0,123490032,0,0
272,638,1788184526017,1788184526317,300,218.608721,14,8,0,100421376,0,0
272,626,1788184525800,1788184526317,517,406.862213,14,5,0,123490032,0,0
272,627,1788184525800,1788184526325,525,427.061347,14,6,0,123490032,0,0
272,635,1788184525801,1788184526325,524,409.173263,14,7,0,123490032,0,0
272,625,1788184525800,1788184526359,559,412.30076,14,7,0,123490032,0,0
272,622,1788184525800,1788184526359,559,403.029634,14,4,0,123490032,0,0
272,623,1788184525800,1788184526367,567,381.701509,16,4,0,123490032,0,0
272,633,1788184525800,1788184526371,571,358.458861,16,6,0,123490032,0,0
272,637,1788184525801,1788184526371,570,393.69358,16,4,0,123490032,0,0
272,636,1788184525801,1788184526372,571,382.021042,16,4,0,123490032,0,0
273,640,1788184532665,1788184533435,770,760.541273,0,1,0,0,0,0
273,639,1788184532665,1788184538143,5478,5388.365274,11,1,0,0,0,0
275,646,1788184538151,1788184539263,1112,760.516573,85,0,0,0,0,0
275,650,1788184538151,1788184539430,1279,756.829892,85,1,0,0,0,0
275,658,1788184539429,1788184539924,495,219.901329,0,0,0,0,0,0
275,647,1788184538151,1788184540041,1890,1099.009711,85,1,0,0,0,0
275,649,1788184538151,1788184540057,1906,1116.99154,85,1,0,0,0,0
275,643,1788184538151,1788184540058,1907,1100.561778,85,1,0,0,0,0
275,655,1788184538152,1788184540065,1913,1079.312252,85,0,0,0,0,0
275,644,1788184538151,1788184540088,1937,1049.237654,85,1,0,0,0,0
275,648,1788184538151,1788184540089,1938,1131.336896,85,1,0,0,0,0
275,645,1788184538151,1788184540093,1942,1126.008985,85,1,0,0,0,0
275,651,1788184538152,1788184540100,1948,1084.120338,85,1,0,0,0,0
275,654,1788184538152,1788184540102,1950,1127.905672,85,1,0,0,0,0
275,641,1788184538151,1788184540104,1953,1112.179433,85,1,0,0,0,0
275,642,1788184538151,1788184540106,1955,1109.075067,85,1,0,0,0,0
275,652,1788184538152,1788184540112,1960,1124.522493,85,0,0,0,0,0
275,656,1788184538152,1788184540115,1963,1123.249807,85,0,0,0,0,0
275,653,1788184538152,1788184540120,1968,1084.964903,85,1,0,0,0,0
275,657,1788184539262,1788184540181,919,670.101924,0,1,0,0,0,0
276,660,1788184541887,1788184542980,1093,1031.592071,30,1,0,8650736,0,0
276,659,1788184541887,1788184548082,6195,5997.503726,79,1,0,8650736,0,0
278,661,1788184548124,1788184548130,6,3.105946,0,2,0,8650736,0,0
280,662,1788184548134,1788184548143,9,4.256053,0,3,0,8650736,0,0
283,663,1788184548157,1788184548162,5,1.725907,0,2,0,8454128,0,0
285,666,1788184549505,1788184549532,27,19.018972,0,1,0,0,0,0
284,665,1788184549502,1788184549709,207,159.321313,22,1,0,0,0,0
286,667,1788184549556,1788184549782,226,164.696439,22,1,0,2097152,0,0
288,668,1788184549796,1788184549824,28,21.421157,0,0,0,0,0,0
284,664,1788184549501,1788184550393,892,816.050346,22,1,0,0,0,0
290,675,1788184550417,1788184550451,34,26.829391,0,4,0,34078688,0,0
290,670,1788184550417,1788184550462,45,38.307872,0,4,0,34078688,0,0
290,679,1788184550418,1788184550462,44,38.444447,0,4,0,34078688,0,0
290,672,1788184550417,1788184550462,45,38.202142,0,3,0,34078688,0,0
290,678,1788184550418,1788184550462,44,38.122613,0,3,0,34078688,0,0
290,671,1788184550417,1788184550463,46,38.193777,0,4,0,34078688,0,0
290,676,1788184550418,1788184550463,45,38.66962,0,3,0,34078688,0,0
290,680,1788184550418,1788184550463,45,38.639965,0,3,0,34078688,0,0
290,677,1788184550418,1788184550463,45,38.485344,0,3,0,34078688,0,0
290,684,1788184550418,1788184550463,45,38.786048,0,3,0,34078688,0,0
290,682,1788184550418,1788184550464,46,38.751603,0,3,0,34078688,0,0
290,673,1788184550417,1788184550464,47,38.705204,0,3,0,34078688,0,0
290,683,1788184550418,1788184550468,50,34.701588,0,3,0,34078688,0,0
290,681,1788184550418,1788184550470,52,36.084111,0,3,0,34078688,0,0
290,669,1788184550417,1788184550475,58,30.810279,0,3,0,34078688,0,0
290,674,1788184550417,1788184550476,59,33.752568,0,3,0,34078688,0,0
290,685,1788184550450,1788184550478,28,21.56598,0,3,0,34078688,0,0
291,687,1788184551747,1788184551807,60,53.309537,0,1,0,0,0,0
291,686,1788184551747,1788184552062,315,291.7247,0,1,0,0,0,0
293,688,1788184552072,1788184552073,1,0.543499,0,0,0,0,0,0
295,691,1788184553363,1788184553459,96,88.735416,0,1,0,0,0,0
294,689,1788184553358,1788184553737,379,357.259997,0,1,0,0,0,0
295,690,1788184553363,1788184553815,452,428.699666,0,1,0,0,0,0
297,692,1788184553826,1788184553833,7,5.675085,0,0,0,0,0,0
299,699,1788184553858,1788184553879,21,16.598294,0,2,0,3407872,0,0
299,693,1788184553858,1788184553881,23,18.898758,0,2,0,3407872,0,0
299,697,1788184553858,1788184553885,27,23.117279,0,2,0,3407872,0,0
299,701,1788184553858,1788184553885,27,23.209672,0,2,0,3407872,0,0
299,700,1788184553858,1788184553885,27,23.005175,0,2,0,3407872,0,0
299,702,1788184553858,1788184553886,28,23.77813,0,2,0,3407872,0,0
299,698,1788184553858,1788184553886,28,23.160758,0,2,0,3407872,0,0
299,706,1788184553858,1788184553886,28,23.251343,0,2,0,3407872,0,0
299,695,1788184553858,1788184553886,28,23.844582,0,2,0,3407872,0,0
299,696,1788184553858,1788184553887,29,23.97498,0,2,0,3407872,0,0
299,705,1788184553858,1788184553889,31,23.400219,0,2,0,3407872,0,0
299,694,1788184553858,1788184553890,32,24.110092,0,2,0,3407872,0,0
299,704,1788184553858,1788184553895,37,22.270281,0,2,0,3407872,0,0
299,703,1788184553858,1788184553896,38,21.731139,0,2,0,3407872,0,0
302,707,1788184553914,1788184553919,5,2.181561,0,1,0,8650736,0,0
305,708,1788184553923,1788184553928,5,2.251543,0,2,0,8650736,0,0
309,709,1788184553943,1788184553947,4,1.239285,0,1,0,8454128,0,0
310,710,1788184555225,1788184555283,58,40.487394,0,0,1,0,0,0
311,712,1788184555353,1788184555405,52,45.263561,0,1,0,18377216,0,0
311,711,1788184555353,1788184555648,295,260.52222,10,1,0,18377216,0,0
313,713,1788184555659,1788184555661,2,0.566283,0,0,0,0,0,0
315,715,1788184556982,1788184557045,63,45.229088,0,1,0,0,0,0
317,719,1788184556990,1788184557190,200,191.168904,0,1,0,0,0,0
316,717,1788184556985,1788184557280,295,285.645938,0,2,0,25165792,0,0
314,714,1788184556980,1788184557532,552,488.366256,20,1,0,0,0,0
317,718,1788184556989,1788184557970,981,917.921966,20,1,0,0,0,0
316,716,1788184556985,1788184558637,1652,1579.425702,27,2,0,167771968,0,0
321,729,1788184558686,1788184558915,229,167.596941,8,4,0,43732832,0,0
321,726,1788184558686,1788184559143,457,343.482706,21,3,0,123490032,0,0
321,734,1788184558687,1788184559166,479,390.813733,21,3,0,123490032,0,0
321,730,1788184558687,1788184559181,494,407.567155,21,3,0,123490032,0,0
321,724,1788184558686,1788184559184,498,409.459503,21,3,0,123490032,0,0
321,731,1788184558687,1788184559200,513,384.970851,23,6,0,123490032,0,0
321,725,1788184558686,1788184559210,524,391.696869,23,5,0,123490032,0,0
321,735,1788184558687,1788184559211,524,427.412418,23,5,0,123490032,0,0
321,723,1788184558686,1788184559214,528,425.27395,23,4,0,123490032,0,0
321,732,1788184558687,1788184559215,528,397.709605,23,4,0,123490032,0,0
321,720,1788184558686,1788184559216,530,424.213594,23,4,0,123490032,0,0
321,721,1788184558686,1788184559217,531,423.490956,23,3,0,123490032,0,0
321,722,1788184558686,1788184559225,539,393.059038,23,5,0,123490032,0,0
321,736,1788184558912,1788184559229,317,225.783365,15,12,0,100421376,0,0
321,733,1788184558687,1788184559231,544,416.66307,23,3,0,123490032,0,0
321,727,1788184558686,1788184559232,546,384.523345,23,4,0,123490032,0,0
321,728,1788184558686,1788184559235,549,401.329191,23,4,0,123490032,0,0
322,738,1788184565539,1788184566308,769,758.479877,4,1,0,0,0,0
322,737,1788184565539,1788184570968,5429,5341.297243,13,1,0,0,0,0
324,744,1788184570977,1788184572041,1064,783.817019,80,1,0,0,0,0
324,748,1788184570977,1788184572534,1557,763.005377,85,1,0,0,0,0
324,746,1788184570977,1788184572912,1935,1117.83445,85,1,0,0,0,0
324,753,1788184570977,1788184572929,1952,1114.808646,85,1,0,0,0,0
324,754,1788184570977,1788184572935,1958,1123.033392,85,0,0,0,0,0
324,743,1788184570977,1788184572940,1963,1135.109327,85,1,0,0,0,0
324,752,1788184570977,1788184572956,1979,1118.96951,85,1,0,0,0,0
324,740,1788184570976,1788184572974,1998,1144.83867,85,1,0,0,0,0
324,739,1788184570976,1788184572974,1998,1149.284553,85,1,0,0,0,0
324,741,1788184570976,1788184572975,1999,1142.618915,85,1,0,0,0,0
324,745,1788184570977,1788184572978,2001,1139.483679,85,1,0,0,0,0
324,750,1788184570977,1788184572982,2005,1117.227113,85,1,0,0,0,0
324,747,1788184570977,1788184572982,2005,1131.525905,85,1,0,0,0,0
324,751,1788184570977,1788184572984,2007,1134.675802,85,1,0,0,0,0
324,749,1788184570977,1788184572988,2011,1134.132164,85,1,0,0,0,0
324,756,1788184572534,1788184572989,455,207.36024,0,0,0,0,0,0
324,742,1788184570976,1788184572990,2014,1119.196883,85,1,0,0,0,0
324,755,1788184572040,1788184573050,1010,697.629879,5,1,0,0,0,0
326,759,1788184576126,1788184577353,1227,1077.758885,61,2,0,8650736,0,0
326,758,1788184576126,1788184583197,7071,6343.138126,286,2,0,8650736,0,0
328,760,1788184583229,1788184583235,6,3.213538,0,1,0,8650736,0,0
330,761,1788184583239,1788184583245,6,3.393025,0,2,0,8650736,0,0
333,762,1788184583261,1788184583265,4,1.464617,0,2,0,8454128,0,0
335,765,1788184584629,1788184584655,26,16.842108,0,1,0,0,0,0
334,764,1788184584625,1788184584822,197,156.845598,30,1,0,0,0,0
336,766,1788184584679,1788184584926,247,176.006452,30,1,0,2097152,0,0
338,767,1788184584940,1788184584968,28,21.355195,0,0,0,0,0,0
334,763,1788184584625,1788184585551,926,846.180798,30,1,0,0,0,0
340,777,1788184585577,1788184585620,43,36.792761,0,2,0,34078688,0,0
340,773,1788184585577,1788184585620,43,36.996081,0,3,0,34078688,0,0
340,768,1788184585577,1788184585621,44,36.608624,0,3,0,34078688,0,0
340,775,1788184585577,1788184585621,44,35.183712,0,5,0,34078688,0,0
340,774,1788184585577,1788184585621,44,36.465775,0,3,0,34078688,0,0
340,779,1788184585577,1788184585621,44,36.418687,0,3,0,34078688,0,0
340,781,1788184585577,1788184585621,44,37.707416,0,2,0,34078688,0,0
340,776,1788184585577,1788184585622,45,37.042276,0,3,0,34078688,0,0
340,778,1788184585577,1788184585622,45,37.535702,0,3,0,34078688,0,0
340,782,1788184585577,1788184585622,45,36.675698,0,2,0,34078688,0,0
340,772,1788184585577,1788184585622,45,38.520019,0,3,0,34078688,0,0
340,780,1788184585577,1788184585622,45,37.093783,0,5,0,34078688,0,0
340,770,1788184585577,1788184585622,45,36.223883,0,3,0,34078688,0,0
340,771,1788184585577,1788184585635,58,31.197069,0,3,0,34078688,0,0
340,769,1788184585577,1788184585635,58,30.450901,0,3,0,34078688,0,0
340,784,1788184585619,1788184585639,20,16.087463,0,3,0,34078688,0,0
340,783,1788184585619,1788184585651,32,27.887657,0,3,0,34078688,0,0
341,786,1788184587145,1788184587205,60,53.426715,0,1,0,0,0,0
341,785,1788184587144,1788184587474,330,299.316335,7,1,0,0,0,0
343,787,1788184587484,1788184587485,1,0.526448,0,0,0,0,0,0
325,757,1788184574581,1788184588077,13496,11509.62396,360,1,0,0,0,0
345,790,1788184588867,1788184588933,66,61.695475,0,1,0,0,0,0
345,789,1788184588867,1788184589230,363,355.19344,0,1,0,0,0,0
344,788,1788184588863,1788184589238,375,353.915649,0,0,0,0,0,0
347,791,1788184589241,1788184589248,7,5.843641,0,0,0,0,0,0
349,799,1788184589274,1788184589297,23,19.693248,0,2,0,3407872,0,0
349,802,1788184589274,1788184589300,26,22.137872,0,2,0,3407872,0,0
349,797,1788184589274,1788184589302,28,23.643106,0,2,0,3407872,0,0
349,796,1788184589274,1788184589302,28,23.734051,0,2,0,3407872,0,0
349,800,1788184589274,1788184589302,28,23.791865,0,1,0,3407872,0,0
349,805,1788184589274,1788184589302,28,23.72775,0,1,0,3407872,0,0
349,803,1788184589274,1788184589302,28,23.957043,0,1,0,3407872,0,0
349,804,1788184589274,1788184589302,28,24.063411,0,2,0,3407872,0,0
349,801,1788184589274,1788184589302,28,23.939905,0,2,0,3407872,0,0
349,798,1788184589274,1788184589302,28,23.961692,0,2,0,3407872,0,0
349,793,1788184589274,1788184589302,28,24.746417,0,2,0,3407872,0,0
349,795,1788184589274,1788184589303,29,24.973484,0,2,0,3407872,0,0
349,794,1788184589274,1788184589303,29,24.752828,0,2,0,3407872,0,0
349,792,1788184589274,1788184589303,29,25.086194,0,2,0,3407872,0,0
352,806,1788184589322,1788184589329,7,2.667633,0,2,0,8650736,0,0
355,807,1788184589334,1788184589340,6,2.455445,0,2,0,8650736,0,0
359,808,1788184589355,1788184589358,3,1.15686,0,1,0,8454128,0,0
360,809,1788184590656,1788184590710,54,37.847818,0,0,1,0,0,0
361,811,1788184590773,1788184590808,35,29.094321,0,1,0,18377216,0,0
361,810,1788184590773,1788184591024,251,241.693659,0,1,0,18377216,0,0
363,812,1788184591035,1788184591037,2,0.555582,0,0,0,0,0,0
365,814,1788184592385,1788184592433,48,31.869819,0,0,0,0,0,0
367,818,1788184592390,1788184592592,202,139.773304,32,1,0,0,0,0
366,816,1788184592387,1788184592680,293,228.175052,32,1,0,25165792,0,0
364,813,1788184592383,1788184592961,578,483.65242,36,1,0,0,0,0
367,817,1788184592390,1788184593357,967,893.681397,39,1,0,0,0,0
366,815,1788184592387,1788184594078,1691,1594.762179,44,1,0,167771968,0,0
371,828,1788184594126,1788184594341,215,185.455426,7,3,0,43732832,0,0
371,821,1788184594126,1788184594615,489,433.138046,12,3,0,123490032,0,0
371,833,1788184594126,1788184594618,492,438.113332,12,3,0,123490032,0,0
371,829,1788184594126,1788184594624,498,444.075767,12,6,0,123490032,0,0
371,830,1788184594126,1788184594625,499,450.712932,12,3,0,123490032,0,0
371,819,1788184594125,1788184594625,500,450.586648,12,3,0,123490032,0,0
371,823,1788184594126,1788184594625,499,426.100096,12,3,0,123490032,0,0
371,825,1788184594126,1788184594627,501,454.909278,12,3,0,123490032,0,0
371,834,1788184594126,1788184594628,502,457.753934,12,3,0,123490032,0,0
371,826,1788184594126,1788184594637,511,443.959844,12,3,0,123490032,0,0
371,822,1788184594126,1788184594637,511,470.464357,12,3,0,123490032,0,0
371,820,1788184594126,1788184594641,515,450.507209,15,3,0,123490032,0,0
371,831,1788184594126,1788184594655,529,455.043746,15,3,0,123490032,0,0
371,832,1788184594126,1788184594657,531,447.792371,15,3,0,123490032,0,0
371,824,1788184594126,1788184594661,535,432.75629,15,3,0,123490032,0,0
371,827,1788184594126,1788184594661,535,406.461784,15,3,0,123490032,0,0
371,835,1788184594338,1788184594663,325,223.041172,8,4,0,100421376,0,0
372,837,1788184600992,1788184601754,762,755.088287,0,1,0,0,0,0
372,836,1788184600992,1788184606458,5466,5397.24936,11,1,0,0,0,0
374,843,1788184606466,1788184607597,1131,774.157816,88,1,0,0,0,0
374,847,1788184606466,1788184607840,1374,765.607566,88,0,0,0,0,0
374,848,1788184606466,1788184608324,1858,1104.161894,88,0,0,0,0,0
374,855,1788184607839,1788184608329,490,210.633235,0,0,0,0,0,0
374,841,1788184606466,1788184608386,1920,1121.800285,88,1,0,0,0,0
374,851,1788184606467,1788184608396,1929,1106.385067,88,0,0,0,0,0
374,839,1788184606466,1788184608398,1932,1115.312585,88,0,0,0,0,0
374,840,1788184606466,1788184608404,1938,1121.657026,88,1,0,0,0,0
374,852,1788184606467,1788184608406,1939,1114.417018,88,0,0,0,0,0
374,842,1788184606466,1788184608413,1947,1145.299047,88,1,0,0,0,0
374,849,1788184606466,1788184608414,1948,1152.565416,88,0,0,0,0,0
374,844,1788184606466,1788184608419,1953,1109.15283,88,1,0,0,0,0
374,845,1788184606466,1788184608422,1956,1099.448539,88,0,0,0,0,0
374,853,1788184606467,1788184608426,1959,1138.564824,88,0,0,0,0,0
374,850,1788184606466,1788184608429,1963,1071.489428,88,0,0,0,0,0
374,838,1788184606466,1788184608430,1964,1102.359626,88,1,0,0,0,0
374,846,1788184606466,1788184608433,1967,1115.477132,88,1,0,0,0,0
374,854,1788184607596,1788184608494,898,650.623972,0,1,0,0,0,0
376,858,1788184611479,1788184612573,1094,1023.993697,33,1,0,8650736,0,0
376,857,1788184611479,1788184617916,6437,6162.335666,140,1,0,8650736,0,0
378,859,1788184617946,1788184617951,5,2.914756,0,1,0,8650736,0,0
380,860,1788184617955,1788184617961,6,3.310649,0,2,0,8650736,0,0
383,861,1788184617974,1788184617977,3,1.278368,0,1,0,8454128,0,0
385,864,1788184619350,1788184619377,27,18.333292,0,1,0,0,0,0
384,863,1788184619347,1788184619506,159,152.613986,0,1,0,0,0,0
386,865,1788184619399,1788184619580,181,160.508693,0,1,0,2097152,0,0
388,866,1788184619592,1788184619619,27,21.03255,0,0,0,0,0,0
384,862,1788184619347,1788184620225,878,830.65239,21,1,0,0,0,0
390,877,1788184620250,1788184620292,42,31.918287,0,3,0,34078688,0,0
390,869,1788184620250,1788184620292,42,36.258727,0,2,0,34078688,0,0
390,873,1788184620250,1788184620292,42,36.604333,0,2,0,34078688,0,0
390,868,1788184620250,1788184620292,42,36.490162,0,2,0,34078688,0,0
390,867,1788184620250,1788184620293,43,36.840368,0,2,0,34078688,0,0
390,875,1788184620250,1788184620293,43,36.941869,0,2,0,34078688,0,0
390,878,1788184620250,1788184620293,43,36.757052,0,2,0,34078688,0,0
390,871,1788184620250,1788184620293,43,33.67922,0,3,0,34078688,0,0
390,880,1788184620250,1788184620294,44,36.823227,0,2,0,34078688,0,0
390,881,1788184620251,1788184620296,45,36.254357,0,3,0,34078688,0,0
390,876,1788184620250,1788184620297,47,37.314428,0,3,0,34078688,0,0
390,872,1788184620250,1788184620297,47,36.129957,0,3,0,34078688,0,0
390,874,1788184620250,1788184620298,48,36.734499,0,5,0,34078688,0,0
390,879,1788184620250,1788184620307,57,33.063345,0,3,0,34078688,0,0
390,870,1788184620250,1788184620311,61,35.846544,0,5,0,34078688,0,0
390,883,1788184620291,1788184620311,20,16.316393,0,2,0,34078688,0,0
390,882,1788184620291,1788184620319,28,23.845116,0,2,0,34078688,0,0
391,885,1788184621792,1788184621853,61,54.686229,0,1,0,0,0,0
391,884,1788184621791,1788184622133,342,317.58493,0,1,0,0,0,0
393,886,1788184622142,1788184622144,2,0.507162,0,0,0,0,0,0
375,856,1788184610093,1788184622906,12813,11317.4715,195,0,0,0,0,0
395,889,1788184623708,1788184623780,72,60.269451,7,1,0,0,0,0
395,888,1788184623708,1788184624083,375,359.346228,7,1,0,0,0,0
394,887,1788184623705,1788184624085,380,351.676606,7,0,0,0,0,0
397,890,1788184624097,1788184624105,8,6.108097,0,0,0,0,0,0
399,903,1788184624132,1788184624162,30,19.015507,8,1,0,3407872,0,0
399,896,1788184624132,1788184624168,36,24.291563,8,2,0,3407872,0,0
399,899,1788184624132,1788184624168,36,24.251445,8,2,0,3407872,0,0
399,898,1788184624132,1788184624168,36,23.96681,8,1,0,3407872,0,0
399,895,1788184624132,1788184624168,36,23.963555,8,1,0,3407872,0,0
399,902,1788184624132,1788184624168,36,24.214188,8,2,0,3407872,0,0
399,900,1788184624132,1788184624169,37,24.120229,8,2,0,3407872,0,0
399,904,1788184624132,1788184624169,37,24.136782,8,2,0,3407872,0,0
399,893,1788184624132,1788184624169,37,24.506813,8,2,0,3407872,0,0
399,892,1788184624131,1788184624169,38,25.464844,8,1,0,3407872,0,0
399,894,1788184624132,1788184624170,38,25.509299,8,1,0,3407872,0,0
399,901,1788184624132,1788184624173,41,23.913462,8,1,0,3407872,0,0
399,897,1788184624132,1788184624176,44,21.948396,8,3,0,3407872,0,0
399,891,1788184624131,1788184624177,46,21.514703,8,2,0,3407872,0,0
402,905,1788184624214,1788184624218,4,2.226587,0,1,0,8650736,0,0
405,906,1788184624223,1788184624228,5,2.264057,0,1,0,8650736,0,0
409,907,1788184624244,1788184624247,3,1.252349,0,1,0,8454128,0,0
410,908,1788184625537,1788184625591,54,37.948946,0,0,1,0,0,0
411,910,1788184625654,1788184625689,35,29.272227,0,1,0,18377216,0,0
411,909,1788184625654,1788184625904,250,240.828061,0,1,0,18377216,0,0
413,911,1788184625914,1788184625916,2,0.566683,0,0,0,0,0,0
415,913,1788184627312,1788184627364,52,35.760019,0,0,0,0,0,0
417,917,1788184627316,1788184627453,137,132.275642,0,0,0,0,0,0
416,915,1788184627314,1788184627549,235,205.045357,23,1,0,25165792,0,0
414,912,1788184627307,1788184627833,526,471.26657,23,2,0,0,0,0
417,916,1788184627316,1788184628234,918,882.819048,27,0,0,0,0,0
416,914,1788184627314,1788184628959,1645,1586.909774,30,1,0,167771968,0,0
421,927,1788184629007,1788184629222,215,182.77572,9,6,0,43732832,0,0
421,925,1788184629007,1788184629492,485,432.290967,15,4,0,123490032,0,0
421,926,1788184629007,1788184629494,487,414.399673,15,9,0,123490032,0,0
421,930,1788184629007,1788184629517,510,457.528693,17,3,0,123490032,0,0
421,921,1788184629006,1788184629525,519,463.366114,17,6,0,123490032,0,0
421,932,1788184629007,1788184629526,519,448.86909,17,6,0,123490032,0,0
421,928,1788184629007,1788184629526,519,466.35567,17,3,0,123490032,0,0
421,934,1788184629218,1788184629527,309,241.310023,8,6,0,100421376,0,0
421,923,1788184629007,1788184629527,520,460.577607,17,4,0,123490032,0,0
421,931,1788184629007,1788184629527,520,450.754084,17,3,0,123490032,0,0
421,933,1788184629007,1788184629531,524,460.267321,17,3,0,123490032,0,0
421,929,1788184629007,1788184629532,525,456.045141,17,3,0,123490032,0,0
421,922,1788184629007,1788184629546,539,435.253405,17,3,0,123490032,0,0
421,920,1788184629006,1788184629546,540,450.271437,17,3,0,123490032,0,0
421,919,1788184629006,1788184629548,542,454.955384,17,3,0,123490032,0,0
421,918,1788184629006,1788184629553,547,461.983394,17,3,0,123490032,0,0
421,924,1788184629007,1788184629555,548,432.75229,17,3,0,123490032,0,0
422,936,1788184635893,1788184636670,777,770.501149,0,1,0,0,0,0
422,935,1788184635893,1788184641340,5447,5381.332978,11,1,0,0,0,0
424,946,1788184641352,1788184642495,1143,759.623245,90,1,0,0,0,0
424,942,1788184641352,1788184642499,1147,749.387829,90,1,0,0,0,0
424,954,1788184642498,1788184643056,558,275.849983,0,1,0,0,0,0
424,947,1788184641352,1788184643238,1886,1108.569603,90,1,0,0,0,0
424,951,1788184641353,1788184643274,1921,1100.118553,90,1,0,0,0,0
424,949,1788184641352,1788184643293,1941,1122.609972,90,1,0,0,0,0
424,943,1788184641352,1788184643299,1947,1118.76384,90,0,0,0,0,0
424,952,1788184641353,1788184643311,1958,1135.582668,90,0,0,0,0,0
424,944,1788184641352,1788184643314,1962,1133.68886,90,1,0,0,0,0
424,941,1788184641352,1788184643315,1963,1135.983489,90,1,0,0,0,0
424,939,1788184641352,1788184643315,1963,1132.757064,90,0,0,0,0,0
424,938,1788184641352,1788184643328,1976,1122.332161,90,0,0,0,0,0
424,937,1788184641352,1788184643334,1982,1104.239218,90,1,0,0,0,0
424,948,1788184641352,1788184643340,1988,1140.393487,90,1,0,0,0,0
424,950,1788184641352,1788184643343,1991,1121.845735,90,1,0,0,0,0
424,940,1788184641352,1788184643347,1995,1079.369192,90,1,0,0,0,0
424,945,1788184641352,1788184643349,1997,1067.759642,90,1,0,0,0,0
424,953,1788184642494,1788184643404,910,649.613898,0,1,0,0,0,0
425,956,1788184644942,1788184646009,1067,1011.996154,27,1,0,8650736,0,0
425,955,1788184644942,1788184651214,6272,6074.469953,72,1,0,8650736,0,0
427,957,1788184651243,1788184651249,6,2.941467,0,1,0,8650736,0,0
429,958,1788184651253,1788184651259,6,3.142174,0,2,0,8650736,0,0
432,959,1788184651272,1788184651275,3,1.207404,0,1,0,8454128,0,0
434,962,1788184652590,1788184652615,25,16.22804,0,0,0,0,0,0
433,961,1788184652587,1788184652779,192,157.328775,11,1,0,0,0,0
435,963,1788184652647,1788184652850,203,163.130449,0,1,0,2097152,0,0
437,964,1788184652863,1788184652894,31,20.770026,0,0,0,0,0,0
433,960,1788184652587,1788184653470,883,828.087193,11,1,0,0,0,0
439,972,1788184653495,1788184653526,31,26.874997,0,2,0,34078688,0,0
439,978,1788184653495,1788184653537,42,36.905501,0,2,0,34078688,0,0
439,977,1788184653495,1788184653537,42,37.235731,0,2,0,34078688,0,0
439,968,1788184653494,1788184653537,43,36.35065,0,2,0,34078688,0,0
439,980,1788184653495,1788184653537,42,37.224659,0,2,0,34078688,0,0
439,969,1788184653494,1788184653537,43,37.911629,0,2,0,34078688,0,0
439,974,1788184653495,1788184653537,42,37.511717,0,2,0,34078688,0,0
439,970,1788184653494,1788184653537,43,36.229602,0,2,0,34078688,0,0
439,965,1788184653494,1788184653537,43,38.447342,0,2,0,34078688,0,0
439,976,1788184653495,1788184653538,43,37.545833,0,3,0,34078688,0,0
439,973,1788184653495,1788184653538,43,37.277328,0,4,0,34078688,0,0
439,979,1788184653495,1788184653538,43,37.850264,0,4,0,34078688,0,0
439,981,1788184653525,1788184653547,22,17.539177,0,2,0,34078688,0,0
439,971,1788184653494,1788184653549,55,31.669852,0,2,0,34078688,0,0
439,975,1788184653495,1788184653554,59,35.588209,0,2,0,34078688,0,0
439,967,1788184653494,1788184653555,61,36.107785,0,2,0,34078688,0,0
439,966,1788184653494,1788184653555,61,34.539324,0,2,0,34078688,0,0
440,983,1788184654825,1788184654885,60,52.748952,0,1,0,0,0,0
440,982,1788184654824,1788184655145,321,295.21484,0,1,0,0,0,0
442,984,1788184655153,1788184655155,2,0.51724,0,0,0,0,0,0
444,987,1788184656689,1788184656779,90,83.49633,0,0,0,0,0,0
443,985,1788184656685,1788184657053,368,347.171326,0,1,0,0,0,0
444,986,1788184656689,1788184657127,438,415.423476,0,0,0,0,0,0
446,988,1788184657138,1788184657145,7,5.621044,0,0,0,0,0,0
448,1001,1788184657170,1788184657190,20,17.410617,0,1,0,3407872,0,0
448,990,1788184657169,1788184657193,24,20.809724,0,2,0,3407872,0,0
448,996,1788184657169,1788184657196,27,22.852893,0,1,0,3407872,0,0
448,1000,1788184657170,1788184657196,26,23.004165,0,2,0,3407872,0,0
448,993,1788184657169,1788184657198,29,23.158879,0,1,0,3407872,0,0
448,997,1788184657170,1788184657198,28,23.194505,0,1,0,3407872,0,0
448,1002,1788184657170,1788184657198,28,23.099337,0,1,0,3407872,0,0
448,994,1788184657169,1788184657198,29,23.300631,0,2,0,3407872,0,0
448,995,1788184657169,1788184657198,29,23.806493,0,1,0,3407872,0,0
448,998,1788184657170,1788184657199,29,23.634353,0,2,0,3407872,0,0
448,991,1788184657169,1788184657199,30,24.304246,0,1,0,3407872,0,0
448,992,1788184657169,1788184657199,30,24.698343,0,2,0,3407872,0,0
448,989,1788184657169,1788184657199,30,24.683316,0,2,0,3407872,0,0
448,999,1788184657170,1788184657199,29,23.769734,0,2,0,3407872,0,0
451,1003,1788184657215,1788184657219,4,1.745444,0,1,0,8650736,0,0
454,1004,1788184657222,1788184657227,5,2.124415,0,1,0,8650736,0,0
458,1005,1788184657242,1788184657245,3,1.123567,0,1,0,8454128,0,0
459,1006,1788184658530,1788184658585,55,38.847527,0,0,0,0,0,0
460,1008,1788184658653,1788184658711,58,44.716926,6,1,0,18377216,0,0
460,1007,1788184658653,1788184658943,290,255.502013,10,1,0,18377216,0,0
462,1009,1788184658953,1788184658955,2,0.588143,0,0,0,0,0,0
464,1011,1788184660270,1788184660326,56,38.691773,0,1,0,0,0,0
466,1015,1788184660275,1788184660459,184,176.487126,0,0,0,0,0,0
465,1013,1788184660273,1788184660587,314,306.528385,0,1,0,25165792,0,0
463,1010,1788184660264,1788184660835,571,498.590015,19,1,0,0,0,0
466,1014,1788184660274,1788184661332,1058,930.823668,19,0,0,0,0,0
465,1012,1788184660272,1788184661994,1722,1596.719937,27,1,0,167771968,0,0
470,1025,1788184662038,1788184662268,230,167.569857,8,6,0,43732832,0,0
470,1020,1788184662038,1788184662503,465,398.992309,12,3,0,123490032,0,0
470,1021,1788184662038,1788184662503,465,411.065754,12,3,0,123490032,0,0
470,1019,1788184662038,1788184662538,500,434.620515,12,4,0,123490032,0,0
470,1030,1788184662038,1788184662540,502,434.319806,12,3,0,123490032,0,0
470,1026,1788184662038,1788184662544,506,417.275593,12,3,0,123490032,0,0
470,1029,1788184662038,1788184662544,506,437.343638,12,3,0,123490032,0,0
470,1023,1788184662038,1788184662552,514,423.697022,15,2,0,123490032,0,0
470,1031,1788184662038,1788184662553,515,432.88164,15,5,0,123490032,0,0
470,1027,1788184662038,1788184662553,515,418.749371,15,6,0,123490032,0,0
470,1016,1788184662037,1788184662555,518,433.295151,15,3,0,123490032,0,0
470,1017,1788184662037,1788184662559,522,447.512297,15,3,0,123490032,0,0
470,1028,1788184662038,1788184662564,526,394.398752,15,2,0,123490032,0,0
470,1018,1788184662038,1788184662566,528,407.988431,15,6,0,123490032,0,0
470,1022,1788184662038,1788184662566,528,403.287353,15,2,0,123490032,0,0
470,1032,1788184662266,1788184662571,305,220.163,7,12,0,100421376,0,0
470,1024,1788184662038,1788184662580,542,362.752735,17,3,0,123490032,0,0
471,1034,1788184668859,1788184669646,787,761.635393,0,1,0,0,0,0
471,1033,1788184668858,1788184674287,5429,5332.204778,11,1,0,0,0,0
473,1044,1788184674296,1788184675584,1288,776.759303,108,0,0,0,0,0
473,1040,1788184674295,1788184675585,1290,756.581176,108,1,0,0,0,0
473,1052,1788184675584,1788184676138,554,251.922787,0,0,0,0,0,0
473,1049,1788184674296,1788184676226,1930,1094.750195,108,0,0,0,0,0
473,1035,1788184674295,1788184676238,1943,1082.91732,108,0,0,0,0,0
473,1039,1788184674295,1788184676278,1983,1132.426109,108,0,0,0,0,0
473,1048,1788184674296,1788184676285,1989,1127.750641,108,0,0,0,0,0
473,1036,1788184674295,1788184676303,2008,1142.167416,108,0,0,0,0,0
473,1043,1788184674296,1788184676317,2021,1115.944928,108,1,0,0,0,0
473,1045,1788184674296,1788184676324,2028,1132.969755,108,1,0,0,0,0
473,1050,1788184674296,1788184676326,2030,1111.458823,108,0,0,0,0,0
473,1042,1788184674295,1788184676331,2036,1128.70236,108,1,0,0,0,0
473,1046,1788184674296,1788184676332,2036,1101.098368,108,1,0,0,0,0
473,1041,1788184674295,1788184676332,2037,1116.468119,108,0,0,0,0,0
473,1037,1788184674295,1788184676334,2039,1097.769936,108,0,0,0,0,0
473,1038,1788184674295,1788184676346,2051,1132.045596,108,1,0,0,0,0
473,1047,1788184674296,1788184676355,2059,1088.219145,108,0,0,0,0,0
473,1051,1788184675584,1788184676411,827,637.10299,0,0,0,0,0,0
474,1054,1788184677932,1788184679017,1085,1023.525664,31,1,0,8650736,0,0
474,1053,1788184677932,1788184684113,6181,6030.734659,64,1,0,8650736,0,0
476,1055,1788184684142,1788184684148,6,2.901503,0,1,0,8650736,0,0
478,1056,1788184684152,1788184684158,6,3.158834,0,2,0,8650736,0,0
481,1057,1788184684170,1788184684173,3,1.195102,0,1,0,8454128,0,0
483,1060,1788184685476,1788184685502,26,17.857074,0,0,0,0,0,0
482,1059,1788184685473,1788184685639,166,150.985684,7,1,0,0,0,0
484,1061,1788184685531,1788184685709,178,158.412616,0,0,0,2097152,0,0
486,1062,1788184685720,1788184685747,27,20.563931,0,0,0,0,0,0
482,1058,1788184685473,1788184686354,881,822.945027,15,1,0,0,0,0
488,1078,1788184686382,1788184686417,35,27.096636,0,3,0,34078688,0,0
488,1074,1788184686382,1788184686422,40,34.602941,0,3,0,34078688,0,0
488,1075,1788184686382,1788184686423,41,35.436274,0,2,0,34078688,0,0
488,1068,1788184686382,1788184686423,41,36.160396,0,3,0,34078688,0,0
488,1073,1788184686382,1788184686425,43,37.531004,0,3,0,34078688,0,0
488,1071,1788184686382,1788184686425,43,37.209882,0,2,0,34078688,0,0
488,1077,1788184686382,1788184686425,43,37.424859,0,2,0,34078688,0,0
488,1069,1788184686382,1788184686425,43,37.111788,0,3,0,34078688,0,0
488,1065,1788184686381,1788184686425,44,36.024258,0,3,0,34078688,0,0
488,1064,1788184686381,1788184686425,44,36.854345,0,3,0,34078688,0,0
488,1072,1788184686382,1788184686426,44,37.597827,0,3,0,34078688,0,0
488,1067,1788184686382,1788184686426,44,36.203814,0,3,0,34078688,0,0
488,1076,1788184686382,1788184686427,45,36.41596,0,2,0,34078688,0,0
488,1063,1788184686381,1788184686429,48,35.826478,0,3,0,34078688,0,0
488,1066,1788184686382,1788184686437,55,30.52825,0,3,0,34078688,0,0
488,1079,1788184686416,1788184686437,21,17.133867,0,2,0,34078688,0,0
488,1070,1788184686382,1788184686438,56,31.27524,0,3,0,34078688,0,0
489,1081,1788184687707,1788184687765,58,51.538719,0,1,0,0,0,0
489,1080,1788184687706,1788184688027,321,294.797095,0,1,0,0,0,0
491,1082,1788184688036,1788184688038,2,0.559229,0,0,0,0,0,0
493,1085,1788184689312,1788184689402,90,82.976756,0,0,0,0,0,0
492,1083,1788184689308,1788184689675,367,346.174797,0,1,0,0,0,0
493,1084,1788184689312,1788184689749,437,411.503069,0,0,0,0,0,0
495,1086,1788184689760,1788184689767,7,5.657261,0,0,0,0,0,0
497,1100,1788184689800,1788184689826,26,22.100483,0,2,0,3407872,0,0
497,1094,1788184689800,1788184689828,28,23.156592,0,3,0,3407872,0,0
497,1099,1788184689800,1788184689828,28,23.153679,0,3,0,3407872,0,0
497,1098,1788184689800,1788184689828,28,22.413569,0,2,0,3407872,0,0
497,1096,1788184689800,1788184689828,28,23.224939,0,3,0,3407872,0,0
497,1091,1788184689800,1788184689828,28,23.907893,0,3,0,3407872,0,0
497,1087,1788184689800,1788184689828,28,23.888677,0,1,0,3407872,0,0
497,1089,1788184689800,1788184689829,29,24.217471,0,3,0,3407872,0,0
497,1090,1788184689800,1788184689829,29,25.269868,0,2,0,3407872,0,0
497,1097,1788184689800,1788184689832,32,22.406607,0,6,0,3407872,0,0
497,1088,1788184689800,1788184689836,36,22.29657,0,3,0,3407872,0,0
497,1092,1788184689800,1788184689845,45,22.32807,0,10,0,3407872,0,0
497,1095,1788184689800,1788184689846,46,18.723709,0,14,0,3407872,0,0
497,1093,1788184689800,1788184689849,49,22.402276,0,3,0,3407872,0,0
500,1101,1788184689865,1788184689868,3,1.81776,0,1,0,8650736,0,0
503,1102,1788184689872,1788184689876,4,2.008097,0,1,0,8650736,0,0
507,1103,1788184689888,1788184689891,3,1.022178,0,1,0,8454128,0,0
508,1104,1788184691202,1788184691258,56,39.169185,0,1,1,0,0,0
509,1106,1788184691322,1788184691372,50,44.290317,0,0,0,18377216,0,0
509,1105,1788184691321,1788184691598,277,253.388183,0,1,0,18377216,0,0
511,1107,1788184691608,1788184691610,2,0.533851,0,0,0,0,0,0
513,1109,1788184692936,1788184693016,80,33.851511,27,1,0,0,0,0
515,1113,1788184692941,1788184693159,218,180.73755,27,1,0,0,0,0
514,1111,1788184692938,1788184693280,342,304.112256,27,1,0,25165792,0,0
512,1108,1788184692933,1788184693493,560,493.282262,37,1,0,0,0,0
515,1112,1788184692941,1788184693942,1001,919.701762,37,1,0,0,0,0
514,1110,1788184692938,1788184694632,1694,1604.450422,43,1,0,167771968,0,0
519,1123,1788184694675,1788184694872,197,168.111372,0,3,0,43732832,0,0
519,1121,1788184694675,1788184695079,404,381.718812,9,3,0,123490032,0,0
519,1116,1788184694675,1788184695128,453,427.433154,9,6,0,123490032,0,0
519,1125,1788184694675,1788184695128,453,416.450348,9,3,0,123490032,0,0
519,1120,1788184694675,1788184695135,460,378.107344,9,3,0,123490032,0,0
519,1130,1788184694870,1788184695135,265,231.423243,9,27,0,100421376,0,0
519,1124,1788184694675,1788184695148,473,427.427374,16,3,0,123490032,0,0
519,1127,1788184694676,1788184695154,478,429.568836,16,3,0,123490032,0,0
519,1126,1788184694675,1788184695188,513,417.910452,16,5,0,123490032,0,0
519,1128,1788184694676,1788184695195,519,414.036234,16,5,0,123490032,0,0
519,1115,1788184694675,1788184695196,521,423.264185,16,5,0,123490032,0,0
519,1118,1788184694675,1788184695196,521,396.916937,16,3,0,123490032,0,0
519,1122,1788184694675,1788184695198,523,384.619451,16,3,0,123490032,0,0
519,1114,1788184694675,1788184695202,527,407.008901,16,2,0,123490032,0,0
519,1119,1788184694675,1788184695206,531,407.403101,16,3,0,123490032,0,0
519,1117,1788184694675,1788184695209,534,397.591418,16,3,0,123490032,0,0
519,1129,1788184694676,1788184695220,544,404.832066,16,3,0,123490032,0,0
520,1132,1788184701530,1788184702294,764,757.145261,0,1,0,0,0,0
520,1131,1788184701530,1788184707585,6055,5584.856677,116,1,0,0,0,0
522,1138,1788184707593,1788184708785,1192,789.952046,58,0,0,0,0,0
522,1142,1788184707593,1788184708838,1245,802.510195,82,0,0,0,0,0
522,1150,1788184708834,1788184709359,525,236.642555,0,1,0,0,0,0
522,1137,1788184707593,1788184709454,1861,1101.311667,82,0,0,0,0,0
522,1147,1788184707593,1788184709484,1891,1122.7268,82,0,0,0,0,0
522,1135,1788184707593,1788184709531,1938,1138.55121,82,0,0,0,0,0
522,1134,1788184707593,1788184709533,1940,1126.816907,82,1,0,0,0,0
522,1144,1788184707593,1788184709535,1942,1101.18461,82,0,0,0,0,0
522,1145,1788184707593,1788184709543,1950,1141.495723,82,0,0,0,0,0
522,1146,1788184707593,1788184709557,1964,1117.709507,82,0,0,0,0,0
522,1136,1788184707593,1788184709561,1968,1129.391125,82,0,0,0,0,0
522,1140,1788184707593,1788184709561,1968,1120.772774,82,0,0,0,0,0
522,1148,1788184707593,1788184709567,1974,1144.698182,82,0,0,0,0,0
522,1139,1788184707593,1788184709575,1982,1146.584489,82,0,0,0,0,0
522,1133,1788184707593,1788184709575,1982,1109.925328,82,1,0,0,0,0
522,1141,1788184707593,1788184709584,1991,1155.534083,82,0,0,0,0,0
522,1143,1788184707593,1788184709584,1991,1144.563877,82,1,0,0,0,0
522,1149,1788184708784,1788184709648,864,634.612909,24,1,0,0,0,0
524,1153,1788184712886,1788184713991,1105,1029.275287,47,1,0,8650736,0,0
524,1152,1788184712885,1788184719219,6334,6126.493499,140,1,0,8650736,0,0
526,1154,1788184719251,1788184719256,5,2.91129,0,1,0,8650736,0,0
528,1155,1788184719260,1788184719266,6,3.163252,0,2,0,8650736,0,0
531,1156,1788184719280,1788184719284,4,1.500905,0,2,0,8454128,0,0
533,1159,1788184720662,1788184720687,25,16.134366,0,0,0,0,0,0
532,1158,1788184720660,1788184720825,165,157.401968,0,1,0,0,0,0
534,1160,1788184720710,1788184720891,181,159.679795,0,1,0,2097152,0,0
536,1161,1788184720902,1788184720930,28,20.830882,0,0,0,0,0,0
532,1157,1788184720660,1788184721536,876,841.835565,0,1,0,0,0,0
538,1175,1788184721578,1788184721621,43,36.127982,0,3,0,34078688,0,0
538,1176,1788184721578,1788184721622,44,38.527895,0,2,0,34078688,0,0
538,1174,1788184721578,1788184721623,45,38.602735,0,3,0,34078688,0,0
538,1162,1788184721578,1788184721626,48,38.07815,0,3,0,34078688,0,0
538,1166,1788184721578,1788184721626,48,39.236443,0,3,0,34078688,0,0
538,1164,1788184721578,1788184721627,49,38.571365,0,4,0,34078688,0,0
538,1170,1788184721578,1788184721628,50,39.162606,0,4,0,34078688,0,0
538,1168,1788184721578,1788184721628,50,38.603072,0,6,0,34078688,0,0
538,1163,1788184721578,1788184721631,53,39.141238,0,6,0,34078688,0,0
538,1171,1788184721578,1788184721633,55,36.847262,0,8,0,34078688,0,0
538,1167,1788184721578,1788184721652,74,37.142568,0,6,0,34078688,0,0
538,1165,1788184721578,1788184721652,74,37.968838,0,10,0,34078688,0,0
538,1173,1788184721578,1788184721652,74,34.986652,0,3,0,34078688,0,0
538,1172,1788184721578,1788184721653,75,37.658854,0,2,0,34078688,0,0
538,1169,1788184721578,1788184721654,76,34.811574,0,8,0,34078688,0,0
538,1178,1788184721621,1788184721655,34,20.402369,0,2,0,34078688,0,0
538,1177,1788184721619,1788184721665,46,30.124372,0,3,0,34078688,0,0
539,1180,1788184723301,1788184723359,58,51.415994,0,1,0,0,0,0
539,1179,1788184723301,1788184723625,324,301.392485,0,1,0,0,0,0
541,1181,1788184723636,1788184723638,2,0.665639,0,0,0,0,0,0
523,1151,1788184711043,1788184723983,12940,11394.411684,171,1,0,0,0,0
543,1184,1788184724986,1788184725050,64,59.163909,0,1,0,0,0,0
542,1182,1788184724982,1788184725353,371,348.491361,0,1,0,0,0,0
543,1183,1788184724985,1788184725361,376,367.139364,0,1,0,0,0,0
545,1185,1788184725371,1788184725378,7,5.604011,0,0,0,0,0,0
547,1194,1788184725402,1788184725422,20,17.25309,0,2,0,3407872,0,0
547,1193,1788184725402,1788184725429,27,23.028673,0,2,0,3407872,0,0
547,1198,1788184725402,1788184725429,27,22.754488,0,2,0,3407872,0,0
547,1197,1788184725402,1788184725429,27,23.470111,0,1,0,3407872,0,0
547,1199,1788184725402,1788184725429,27,23.528656,0,1,0,3407872,0,0
547,1196,1788184725402,1788184725429,27,23.515633,0,2,0,3407872,0,0
547,1191,1788184725402,1788184725429,27,23.453159,0,2,0,3407872,0,0
547,1190,1788184725402,1788184725429,27,23.394777,0,2,0,3407872,0,0
547,1188,1788184725402,1788184725429,27,24.183367,0,2,0,3407872,0,0
547,1192,1788184725402,1788184725429,27,23.491844,0,1,0,3407872,0,0
547,1187,1788184725402,1788184725430,28,24.382794,0,2,0,3407872,0,0
547,1195,1788184725402,1788184725430,28,23.362562,0,2,0,3407872,0,0
547,1186,1788184725402,1788184725430,28,24.813883,0,2,0,3407872,0,0
547,1189,1788184725402,1788184725430,28,24.316312,0,2,0,3407872,0,0
550,1200,1788184725451,1788184725456,5,2.098335,0,1,0,8650736,0,0
553,1201,1788184725462,1788184725468,6,2.57521,0,2,0,8650736,0,0
557,1202,1788184725507,1788184725510,3,1.041243,0,1,0,8454128,0,0
558,1203,1788184726837,1788184726890,53,37.127333,0,1,1,0,0,0
559,1205,1788184726953,1788184726987,34,29.566185,0,1,0,18377216,0,0
559,1204,1788184726953,1788184727202,249,241.082382,0,1,0,18377216,0,0
561,1206,1788184727213,1788184727214,1,0.57556,0,0,0,0,0,0
563,1208,1788184728685,1788184728756,71,41.239063,0,1,0,0,0,0
565,1212,1788184728690,1788184728844,154,125.25387,20,0,0,0,0,0
564,1210,1788184728687,1788184728936,249,211.873976,26,1,0,25165792,0,0
562,1207,1788184728679,1788184729231,552,484.300252,32,3,0,0,0,0
565,1211,1788184728690,1788184729625,935,886.019009,34,0,0,0,0,0
564,1209,1788184728687,1788184730334,1647,1576.917127,38,1,0,167771968,0,0
569,1222,1788184730384,1788184730580,196,170.257361,9,6,0,43732832,0,0
569,1229,1788184730578,1788184730878,300,251.565634,12,11,0,100421376,0,0
569,1226,1788184730384,1788184730878,494,427.728371,21,2,0,123490032,0,0
569,1223,1788184730384,1788184730878,494,446.759121,21,3,0,123490032,0,0
569,1219,1788184730384,1788184730882,498,429.817095,21,5,0,123490032,0,0
569,1215,1788184730384,1788184730885,501,445.933427,21,3,0,123490032,0,0
569,1218,1788184730384,1788184730889,505,447.267127,21,3,0,123490032,0,0
569,1227,1788184730385,1788184730889,504,440.911677,21,3,0,123490032,0,0
569,1220,1788184730384,1788184730895,511,420.700815,21,2,0,123490032,0,0
569,1214,1788184730384,1788184730905,521,437.620687,21,3,0,123490032,0,0
569,1217,1788184730384,1788184730907,523,407.029093,21,3,0,123490032,0,0
569,1216,1788184730384,1788184730907,523,453.222403,21,3,0,123490032,0,0
569,1213,1788184730384,1788184730912,528,446.086482,21,5,0,123490032,0,0
569,1228,1788184730385,1788184730912,527,438.920171,21,3,0,123490032,0,0
569,1225,1788184730384,1788184730912,528,442.71808,21,3,0,123490032,0,0
569,1221,1788184730384,1788184730913,529,412.7282,21,3,0,123490032,0,0
569,1224,1788184730384,1788184730925,541,436.206165,21,3,0,123490032,0,0
570,1231,1788184737261,1788184738109,848,801.100316,16,1,0,0,0,0
570,1230,1788184737261,1788184742885,5624,5525.102767,22,1,0,0,0,0
572,1237,1788184742894,1788184744587,1693,930.766578,84,0,0,0,0,0
572,1245,1788184742894,1788184744593,1699,958.498251,84,0,0,0,0,0
572,1233,1788184742894,1788184744714,1820,982.131465,84,0,0,0,0,0
572,1232,1788184742894,1788184744783,1889,1027.590514,84,0,0,0,0,0
572,1236,1788184742894,1788184744804,1910,1040.80512,84,0,0,0,0,0
572,1239,1788184742894,1788184744828,1934,1041.411992,84,0,0,0,0,0
572,1235,1788184742894,1788184744831,1937,1052.137152,84,0,0,0,0,0
572,1243,1788184742894,1788184744844,1950,1037.297765,84,0,0,0,0,0
572,1246,1788184742894,1788184744937,2043,1094.729665,84,0,0,0,0,0
572,1247,1788184742894,1788184744944,2050,1106.292591,84,0,0,0,0,0
572,1234,1788184742894,1788184744969,2075,1120.427514,84,0,0,0,0,0
572,1242,1788184742894,1788184744969,2075,1109.588803,84,0,0,0,0,0
572,1244,1788184742894,1788184744969,2075,1124.492563,84,0,0,0,0,0
572,1240,1788184742894,1788184744974,2080,1094.297267,84,1,0,0,0,0
572,1241,1788184742894,1788184744996,2102,1092.209473,84,0,0,0,0,0
572,1238,1788184742894,1788184745010,2116,1085.037141,84,1,0,0,0,0
572,1249,1788184744593,1788184745238,645,399.374988,0,0,0,0,0,0
572,1248,1788184744587,1788184745286,699,536.700069,0,0,0,0,0,0
573,1250,1788184746686,1788184746742,56,41.041321,0,1,0,0,0,0
574,1252,1788184746810,1788184746867,57,49.667174,0,1,0,18377216,0,0
574,1251,1788184746810,1788184747095,285,262.322936,0,1,0,18377216,0,0
576,1253,1788184747105,1788184747107,2,0.497082,0,0,0,0,0,0
577,1255,1788184753386,1788184754208,822,784.927274,30,1,0,0,0,0
577,1254,1788184753385,1788184758970,5585,5473.31046,34,1,0,0,0,0
579,1269,1788184758978,1788184760628,1650,942.130088,84,0,0,0,0,0
579,1261,1788184758978,1788184760634,1656,954.924476,84,0,0,0,0,0
579,1257,1788184758977,1788184760636,1659,950.988395,84,1,0,0,0,0
579,1260,1788184758978,1788184760754,1776,1042.475552,84,0,0,0,0,0
579,1259,1788184758977,1788184760813,1836,1042.046448,103,0,0,0,0,0
579,1267,1788184758978,1788184760820,1842,1039.998764,103,0,0,0,0,0
579,1263,1788184758978,1788184760867,1889,1011.649221,103,1,0,0,0,0
579,1268,1788184758978,1788184760901,1923,1103.269725,103,1,0,0,0,0
579,1270,1788184758978,1788184760905,1927,1096.942955,103,1,0,0,0,0
579,1256,1788184758977,1788184760905,1928,1015.947887,103,0,0,0,0,0
579,1262,1788184758978,1788184760907,1929,1081.998534,103,0,0,0,0,0
579,1265,1788184758978,1788184760910,1932,1113.853896,103,0,0,0,0,0
579,1264,1788184758978,1788184760915,1937,1114.705178,103,0,0,0,0,0
579,1258,1788184758977,1788184760915,1938,1098.765053,103,0,0,0,0,0
579,1271,1788184758978,1788184760921,1943,1095.427391,103,0,0,0,0,0
579,1266,1788184758978,1788184760923,1945,1107.060798,103,0,0,0,0,0
579,1273,1788184760633,1788184761125,492,413.428955,19,0,0,0,0,0
579,1272,1788184760628,1788184761279,651,549.645642,19,0,0,0,0,0
581,1275,1788184764754,1788184764812,58,40.350832,0,0,0,0,0,0
582,1277,1788184764882,1788184764937,55,48.62353,0,1,0,18377216,0,0
582,1276,1788184764882,1788184765162,280,256.535397,0,1,0,18377216,0,0
584,1278,1788184765173,1788184765175,2,0.588743,0,0,0,0,0,0
580,1274,1788184762932,1788184775164,12232,10701.443446,94,1,0,0,0,0
585,1280,1788184781553,1788184782346,793,786.411914,0,1,0,0,0,0
585,1279,1788184781553,1788184786998,5445,5408.540749,0,1,0,0,0,0
587,1294,1788184787005,1788184788687,1682,946.788077,87,0,0,0,0,0
587,1286,1788184787005,1788184788690,1685,926.826752,87,1,0,0,0,0
587,1282,1788184787004,1788184788778,1774,949.782601,87,0,0,0,0,0
587,1288,1788184787005,1788184788831,1826,1024.379875,87,0,0,0,0,0
587,1292,1788184787005,1788184788834,1829,987.596675,87,0,0,0,0,0
587,1285,1788184787004,1788184788838,1834,1035.890687,87,1,0,0,0,0
587,1281,1788184787004,1788184788855,1851,1022.889048,87,1,0,0,0,0
587,1284,1788184787004,1788184788857,1853,1034.984309,87,0,0,0,0,0
587,1290,1788184787005,1788184788897,1892,1078.423765,87,0,0,0,0,0
587,1289,1788184787005,1788184788902,1897,1101.23191,87,0,0,0,0,0
587,1291,1788184787005,1788184788903,1898,1080.595822,87,0,0,0,0,0
587,1293,1788184787005,1788184788921,1916,1102.597071,87,1,0,0,0,0
587,1287,1788184787005,1788184788921,1916,1085.610846,87,0,0,0,0,0
587,1296,1788184787005,1788184788922,1917,1102.201116,87,0,0,0,0,0
587,1295,1788184787005,1788184788926,1921,1091.44297,87,0,0,0,0,0
587,1283,1788184787004,1788184788931,1927,1068.694875,87,1,0,0,0,0
587,1298,1788184788690,1788184789132,442,395.106401,0,0,0,0,0,0
587,1297,1788184788687,1788184789285,598,533.074376,0,0,0,0,0,0
589,1300,1788184792289,1788184792345,56,38.922275,0,0,1,0,0,0
590,1302,1788184792421,1788184792476,55,49.113509,0,1,0,18377216,0,0
590,1301,1788184792421,1788184792706,285,259.696096,0,1,0,18377216,0,0
592,1303,1788184792716,1788184792718,2,0.77273,0,0,0,0,0,0
588,1299,1788184790816,1788184803027,12211,10729.171375,76,1,0,0,0,0
593,1305,1788184809397,1788184810183,786,779.611833,0,1,0,0,0,0
593,1304,1788184809396,1788184814909,5513,5430.30015,24,1,0,0,0,0
595,1311,1788184814916,1788184816464,1548,935.49641,94,0,0,0,0,0
595,1307,1788184814916,1788184816545,1629,961.668335,94,0,0,0,0,0
595,1306,1788184814916,1788184816642,1726,1019.376992,94,1,0,0,0,0
595,1317,1788184814916,1788184816650,1734,1022.144291,94,0,0,0,0,0
595,1319,1788184814917,1788184816711,1794,938.788617,94,0,0,0,0,0
595,1310,1788184814916,1788184816719,1803,1003.569284,94,0,0,0,0,0
595,1313,1788184814916,1788184816755,1839,982.147133,94,1,0,0,0,0
595,1315,1788184814916,1788184816764,1848,1078.897875,94,1,0,0,0,0
595,1309,1788184814916,1788184816802,1886,1015.776406,94,0,0,0,0,0
595,1312,1788184814916,1788184816815,1899,1107.158047,94,0,0,0,0,0
595,1320,1788184814917,1788184816821,1904,1091.898638,94,0,0,0,0,0
595,1316,1788184814916,1788184816835,1919,1090.781277,94,0,0,0,0,0
595,1318,1788184814916,1788184816837,1921,1112.096231,94,0,0,0,0,0
595,1321,1788184814917,1788184816837,1920,1052.726924,94,0,0,0,0,0
595,1314,1788184814916,1788184816839,1923,1067.040356,94,0,0,0,0,0
595,1308,1788184814916,1788184816847,1931,1068.277636,94,0,0,0,0,0
595,1323,1788184816545,1788184817001,456,402.041636,0,0,0,0,0,0
595,1322,1788184816463,1788184817062,599,526.924282,0,0,0,0,0,0
596,1324,1788184818589,1788184818641,52,37.259303,0,1,0,0,0,0
597,1326,1788184818707,1788184818761,54,48.610881,0,0,0,18377216,0,0
597,1325,1788184818707,1788184818989,282,255.296626,5,1,0,18377216,0,0
599,1327,1788184818999,1788184819001,2,0.514485,0,0,0,0,0,0
600,1329,1788184825326,1788184826172,846,806.342236,15,1,0,0,0,0
600,1328,1788184825326,1788184830859,5533,5435.211865,23,1,0,0,0,0
602,1335,1788184830867,1788184832448,1581,940.1002,84,1,0,0,0,0
602,1343,1788184830867,1788184832558,1691,936.987459,84,1,0,0,0,0
602,1331,1788184830867,1788184832559,1692,940.068163,84,1,0,0,0,0
602,1330,1788184830867,1788184832682,1815,1004.854458,84,1,0,0,0,0
602,1337,1788184830867,1788184832685,1818,1013.169065,84,1,0,0,0,0
602,1333,1788184830867,1788184832688,1821,1024.220076,84,1,0,0,0,0
602,1334,1788184830867,1788184832709,1842,1006.071968,84,1,0,0,0,0
602,1344,1788184830868,1788184832743,1875,1072.10856,84,1,0,0,0,0
602,1345,1788184830868,1788184832744,1876,1061.612546,84,1,0,0,0,0
602,1336,1788184830867,1788184832753,1886,1069.765141,84,1,0,0,0,0
602,1338,1788184830867,1788184832754,1887,1103.597122,84,1,0,0,0,0
602,1340,1788184830867,1788184832754,1887,1094.84776,84,0,0,0,0,0
602,1341,1788184830867,1788184832755,1888,1039.670377,84,1,0,0,0,0
602,1339,1788184830867,1788184832762,1895,1091.097376,84,1,0,0,0,0
602,1342,1788184830867,1788184832768,1901,1073.999202,84,0,0,0,0,0
602,1332,1788184830867,1788184832769,1902,1085.981891,84,1,0,0,0,0
602,1347,1788184832557,1788184833006,449,392.433294,0,0,0,0,0,0
602,1346,1788184832447,1788184833060,613,538.998534,0,0,0,0,0,0
603,1348,1788184834443,1788184834494,51,36.637427,0,0,0,0,0,0
604,1350,1788184834566,1788184834671,105,52.568626,0,1,0,18377216,0,0
604,1349,1788184834566,1788184834998,432,263.176448,0,1,0,18377216,0,0
606,1351,1788184835008,1788184835021,13,0.510007,0,0,0,0,0,0
607,1353,1788184841597,1788184842391,794,774.055796,14,1,0,0,0,0
607,1352,1788184841597,1788184847183,5586,5492.513761,20,1,0,0,0,0
609,1359,1788184847191,1788184848787,1596,936.329486,93,1,0,0,0,0
609,1355,1788184847191,1788184848845,1654,948.674384,93,0,0,0,0,0
609,1367,1788184847192,1788184848857,1665,922.587458,93,0,0,0,0,0
609,1357,1788184847191,1788184848912,1721,999.796686,93,0,0,0,0,0
609,1354,1788184847191,1788184848915,1724,1018.55781,93,1,0,0,0,0
609,1361,1788184847191,1788184848948,1757,1032.121029,93,0,0,0,0,0
609,1358,1788184847191,1788184849020,1829,988.38308,93,0,0,0,0,0
609,1365,1788184847191,1788184849025,1834,977.94314,93,0,0,0,0,0
609,1362,1788184847191,1788184849041,1850,1089.544825,93,1,0,0,0,0
609,1366,1788184847192,1788184849055,1863,1075.746677,93,1,0,0,0,0
609,1360,1788184847191,1788184849055,1864,1078.581452,93,0,0,0,0,0
609,1364,1788184847191,1788184849059,1868,1077.065842,93,1,0,0,0,0
609,1363,1788184847191,1788184849061,1870,1076.70809,93,0,0,0,0,0
609,1356,1788184847191,1788184849061,1870,1080.68521,93,0,0,0,0,0
609,1368,1788184847192,1788184849068,1876,1063.727928,93,0,0,0,0,0
609,1369,1788184847192,1788184849068,1876,1057.465474,93,1,0,0,0,0
609,1371,1788184848845,1788184849282,437,388.930413,0,0,0,0,0,0
609,1370,1788184848787,1788184849374,587,521.748711,0,0,0,0,0,0
611,1373,1788184852594,1788184852647,53,37.011349,0,0,0,0,0,0
612,1375,1788184852713,1788184852768,55,48.897527,0,1,0,18377216,0,0
612,1374,1788184852713,1788184852992,279,255.538587,0,1,0,18377216,0,0
614,1376,1788184853002,1788184853004,2,0.534162,0,0,0,0,0,0
610,1372,1788184850743,1788184862670,11927,10701.272582,73,0,0,0,0,0
615,1378,1788184869271,1788184870069,798,788.759131,0,1,0,0,0,0
615,1377,1788184869271,1788184874800,5529,5443.371899,18,1,0,0,0,0
617,1380,1788184874807,1788184876444,1637,916.012477,89,0,0,0,0,0
617,1392,1788184874807,1788184876485,1678,923.655418,89,0,0,0,0,0
617,1384,1788184874807,1788184876491,1684,923.340989,89,0,0,0,0,0
617,1383,1788184874807,1788184876552,1745,1010.926623,89,1,0,0,0,0
617,1386,1788184874807,1788184876555,1748,963.529387,89,1,0,0,0,0
617,1379,1788184874807,1788184876581,1774,998.503025,89,1,0,0,0,0
617,1382,1788184874807,1788184876605,1798,990.376175,89,0,0,0,0,0
617,1390,1788184874807,1788184876616,1809,979.7731,89,0,0,0,0,0
617,1389,1788184874807,1788184876656,1849,1060.139327,89,1,0,0,0,0
617,1387,1788184874807,1788184876677,1870,1054.421009,89,0,0,0,0,0
617,1385,1788184874807,1788184876681,1874,1071.838483,89,0,0,0,0,0
617,1391,1788184874807,1788184876684,1877,1093.697747,89,0,0,0,0,0
617,1381,1788184874807,1788184876686,1879,1062.821324,89,0,0,0,0,0
617,1388,1788184874807,1788184876686,1879,1084.059974,89,0,0,0,0,0
617,1393,1788184874807,1788184876687,1880,1052.411559,89,0,0,0,0,0
617,1394,1788184874807,1788184876689,1882,1065.642265,89,1,0,0,0,0
617,1396,1788184876485,1788184876928,443,395.991076,0,0,0,0,0,0
617,1395,1788184876444,1788184877022,578,517.455062,0,0,0,0,0,0
619,1398,1788184880217,1788184880271,54,37.910269,0,0,1,0,0,0
620,1400,1788184880340,1788184880396,56,49.646897,0,1,0,18377216,0,0
620,1399,1788184880340,1788184880624,284,260.24727,0,1,0,18377216,0,0
622,1401,1788184880634,1788184880636,2,0.605667,0,0,0,0,0,0
618,1397,1788184878387,1788184890418,12031,10811.233966,85,1,0,0,0,0
623,1403,1788184896865,1788184897648,783,775.96832,0,1,0,0,0,0
623,1402,1788184896865,1788184902409,5544,5437.677374,31,1,0,0,0,0
625,1405,1788184902415,1788184903988,1573,927.058647,67,0,0,0,0,0
625,1417,1788184902416,1788184903995,1579,918.322636,67,0,0,0,0,0
625,1409,1788184902415,1788184904061,1646,922.648114,67,0,0,0,0,0
625,1415,1788184902416,1788184904147,1731,1009.062343,67,0,0,0,0,0
625,1404,1788184902415,1788184904161,1746,992.017544,67,0,0,0,0,0
625,1411,1788184902415,1788184904185,1770,1007.908076,67,0,0,0,0,0
625,1407,1788184902415,1788184904212,1797,1014.543742,67,1,0,0,0,0
625,1408,1788184902415,1788184904219,1804,1026.379399,67,0,0,0,0,0
625,1406,1788184902415,1788184904247,1832,1082.434699,67,0,0,0,0,0
625,1413,1788184902416,1788184904254,1838,1092.111649,67,0,0,0,0,0
625,1412,1788184902415,1788184904258,1843,1066.827155,67,0,0,0,0,0
625,1414,1788184902416,1788184904258,1842,1087.028829,67,0,0,0,0,0
625,1416,1788184902416,1788184904263,1847,1072.745382,67,0,0,0,0,0
625,1410,1788184902415,1788184904265,1850,1108.67125,67,0,0,0,0,0
625,1418,1788184902416,1788184904269,1853,1082.910956,67,1,0,0,0,0
625,1419,1788184902416,1788184904269,1853,1100.813868,67,1,0,0,0,0
625,1421,1788184903995,1788184904439,444,396.484477,0,0,0,0,0,0
625,1420,1788184903988,1788184904579,591,526.978567,0,0,0,0,0,0
626,1422,1788184905923,1788184905976,53,38.066947,0,0,1,0,0,0
627,1424,1788184906044,1788184906099,55,48.854927,0,1,0,18377216,0,0
627,1423,1788184906044,1788184906326,282,260.1941,0,1,0,18377216,0,0
629,1425,1788184906337,1788184906339,2,0.55409,0,0,0,0,0,0
630,1427,1788184912815,1788184913632,817,777.90025,31,1,0,0,0,0
630,1426,1788184912815,1788184918337,5522,5434.150612,31,1,0,0,0,0
632,1433,1788184918343,1788184920085,1742,941.19162,103,1,0,0,0,0
632,1441,1788184918344,1788184920085,1741,946.211494,103,1,0,0,0,0
632,1429,1788184918343,1788184920131,1788,929.702639,103,1,0,0,0,0
632,1428,1788184918343,1788184920140,1797,998.636626,103,0,0,0,0,0
632,1439,1788184918344,1788184920140,1796,983.060196,103,1,0,0,0,0
632,1435,1788184918344,1788184920168,1824,1020.378898,103,1,0,0,0,0
632,1432,1788184918343,1788184920203,1860,981.661322,103,1,0,0,0,0
632,1431,1788184918343,1788184920224,1881,1009.516474,103,1,0,0,0,0
632,1438,1788184918344,1788184920243,1899,1064.541854,103,0,0,0,0,0
632,1430,1788184918343,1788184920249,1906,1064.245435,103,1,0,0,0,0
632,1440,1788184918344,1788184920267,1923,1096.222949,110,1,0,0,0,0
632,1436,1788184918344,1788184920267,1923,1066.246436,110,1,0,0,0,0
632,1434,1788184918344,1788184920268,1924,1078.094338,110,0,0,0,0,0
632,1442,1788184918344,1788184920277,1933,1072.00172,110,1,0,0,0,0
632,1437,1788184918344,1788184920281,1937,1070.773017,110,0,0,0,0,0
632,1443,1788184918344,1788184920283,1939,1015.520024,110,0,0,0,0,0
632,1445,1788184920085,1788184920525,440,384.583615,7,0,0,0,0,0
632,1444,1788184920085,1788184920684,599,529.637084,7,0,0,0,0,0
633,1446,1788184922013,1788184922068,55,40.721487,0,0,1,0,0,0
634,1448,1788184922135,1788184922191,56,48.320127,0,0,0,18377216,0,0
634,1447,1788184922135,1788184922408,273,252.558443,0,1,0,18377216,0,0
636,1449,1788184922418,1788184922419,1,0.559379,0,0,0,0,0,0
637,1451,1788184928816,1788184929616,800,781.985115,10,1,0,0,0,0
637,1450,1788184928815,1788184934278,5463,5408.518967,18,1,0,0,0,0
639,1465,1788184934284,1788184935960,1676,915.916842,67,0,0,0,0,0
639,1457,1788184934284,1788184936002,1718,926.922268,67,0,0,0,0,0
639,1459,1788184934284,1788184936007,1723,1000.272008,67,0,0,0,0,0
639,1453,1788184934284,1788184936079,1795,932.97317,96,1,0,0,0,0
639,1456,1788184934284,1788184936120,1836,1011.057941,96,0,0,0,0,0
639,1463,1788184934284,1788184936133,1849,1022.69713,96,0,0,0,0,0
639,1455,1788184934284,1788184936138,1854,1018.168717,96,0,0,0,0,0
639,1452,1788184934284,1788184936196,1912,995.982024,96,1,0,0,0,0
639,1454,1788184934284,1788184936199,1915,1056.389837,96,1,0,0,0,0
639,1460,1788184934284,1788184936203,1919,1088.071204,96,0,0,0,0,0
639,1462,1788184934284,1788184936205,1921,1061.910227,96,1,0,0,0,0
639,1458,1788184934284,1788184936206,1922,1067.140494,96,1,0,0,0,0
639,1466,1788184934284,1788184936215,1931,1020.491779,96,1,0,0,0,0
639,1467,1788184934284,1788184936234,1950,1069.008158,96,1,0,0,0,0
639,1461,1788184934284,1788184936235,1951,998.150396,96,1,0,0,0,0
639,1464,1788184934284,1788184936236,1952,1034.331519,96,1,0,0,0,0
639,1469,1788184936002,1788184936475,473,394.862894,29,0,0,0,0,0
639,1468,1788184935960,1788184936579,619,525.826493,29,0,0,0,0,0
641,1471,1788184939526,1788184939581,55,39.462882,0,0,1,0,0,0
642,1473,1788184939650,1788184939725,75,52.604118,0,1,0,18377216,0,0
642,1472,1788184939650,1788184940138,488,285.37553,20,1,0,18377216,0,0
644,1474,1788184940152,1788184940154,2,0.602902,0,0,0,0,0,0
640,1470,1788184937941,1788184949862,11921,10762.317009,62,1,0,0,0,0
645,1476,1788184956306,1788184957130,824,795.251122,0,1,0,0,0,0
645,1475,1788184956305,1788184961754,5449,5385.780266,7,1,0,0,0,0
647,1482,1788184961762,1788184963223,1461,910.849637,80,1,0,0,0,0
647,1478,1788184961762,1788184963492,1730,911.982097,80,1,0,0,0,0
647,1481,1788184961762,1788184963570,1808,942.29367,80,1,0,0,0,0
647,1477,1788184961761,1788184963574,1813,988.607938,80,1,0,0,0,0
647,1490,1788184961762,1788184963638,1876,905.694265,80,1,0,0,0,0
647,1491,1788184961762,1788184963647,1885,1064.412685,80,1,0,0,0,0
647,1484,1788184961762,1788184963648,1886,1000.867609,80,0,0,0,0,0
647,1483,1788184961762,1788184963653,1891,1051.694281,80,1,0,0,0,0
647,1489,1788184961762,1788184963675,1913,1090.748847,80,1,0,0,0,0
647,1486,1788184961762,1788184963681,1919,1075.643066,80,1,0,0,0,0
647,1492,1788184961762,1788184963691,1929,1083.125548,80,1,0,0,0,0
647,1480,1788184961762,1788184963692,1930,947.444974,80,2,0,0,0,0
647,1488,1788184961762,1788184963700,1938,950.161573,80,0,0,0,0,0
647,1479,1788184961762,1788184963708,1946,1019.627212,80,0,0,0,0,0
647,1485,1788184961762,1788184963710,1948,1021.37414,80,1,0,0,0,0
647,1487,1788184961762,1788184963715,1953,1024.444107,80,1,0,0,0,0
647,1493,1788184963222,1788184963829,607,542.797299,0,0,0,0,0,0
647,1494,1788184963492,1788184963944,452,403.209792,0,0,0,0,0,0
648,1496,1788184965300,1788184966478,1178,1122.670335,26,1,0,8650736,0,0
648,1495,1788184965300,1788184971272,5972,5855.817359,54,1,0,8650736,0,0
650,1497,1788184971298,1788184971304,6,2.736363,0,1,0,8650736,0,0
652,1498,1788184971307,1788184971313,6,3.090347,0,2,0,8650736,0,0
655,1499,1788184971325,1788184971329,4,1.15192,0,1,0,8454128,0,0
657,1502,1788184972647,1788184972670,23,14.914756,0,0,0,0,0,0
656,1501,1788184972645,1788184972817,172,165.57605,0,1,0,0,0,0
658,1503,1788184972689,1788184972864,175,154.621335,0,1,0,2097152,0,0
660,1504,1788184972874,1788184972901,27,20.440688,0,0,0,0,0,0
656,1500,1788184972645,1788184973471,826,800.622178,0,1,0,0,0,0
662,1519,1788184973493,1788184973548,55,38.123515,9,2,0,34078688,0,0
662,1508,1788184973493,1788184973548,55,37.280945,9,2,0,34078688,0,0
662,1520,1788184973493,1788184973550,57,38.103697,9,3,0,34078688,0,0
662,1516,1788184973493,1788184973550,57,38.506461,9,3,0,34078688,0,0
662,1510,1788184973493,1788184973550,57,37.767997,9,4,0,34078688,0,0
662,1517,1788184973493,1788184973551,58,37.58848,9,3,0,34078688,0,0
662,1515,1788184973493,1788184973551,58,37.67827,9,3,0,34078688,0,0
662,1513,1788184973493,1788184973551,58,34.648959,9,2,0,34078688,0,0
662,1507,1788184973492,1788184973552,60,38.756739,9,3,0,34078688,0,0
662,1511,1788184973493,1788184973552,59,38.494362,9,3,0,34078688,0,0
662,1514,1788184973493,1788184973552,59,41.411553,9,3,0,34078688,0,0
662,1506,1788184973492,1788184973558,66,34.853642,9,3,0,34078688,0,0
662,1512,1788184973493,1788184973558,65,33.123358,9,2,0,34078688,0,0
662,1505,1788184973492,1788184973560,68,38.986406,9,3,0,34078688,0,0
662,1509,1788184973493,1788184973561,68,36.002197,9,3,0,34078688,0,0
662,1518,1788184973493,1788184973561,68,37.876882,9,2,0,34078688,0,0
662,1521,1788184973547,1788184973589,42,19.807552,0,2,0,34078688,0,0
663,1523,1788184975057,1788184975118,61,55.280558,0,1,0,0,0,0
663,1522,1788184975057,1788184975370,313,289.177734,0,1,0,0,0,0
665,1524,1788184975379,1788184975381,2,0.519555,0,0,0,0,0,0
667,1527,1788184976656,1788184976751,95,88.81825,0,0,0,0,0,0
666,1525,1788184976652,1788184977017,365,343.454012,0,0,0,0,0,0
667,1526,1788184976656,1788184977083,427,404.331585,0,0,0,0,0,0
669,1528,1788184977094,1788184977101,7,5.642774,0,0,0,0,0,0
671,1539,1788184977126,1788184977164,38,23.521427,7,2,0,3407872,0,0
671,1542,1788184977126,1788184977164,38,25.160559,7,1,0,3407872,0,0
671,1538,1788184977126,1788184977164,38,24.008481,7,2,0,3407872,0,0
671,1536,1788184977126,1788184977164,38,24.434341,7,2,0,3407872,0,0
671,1534,1788184977126,1788184977164,38,24.491505,7,2,0,3407872,0,0
671,1530,1788184977126,1788184977164,38,25.21165,7,1,0,3407872,0,0
671,1535,1788184977126,1788184977164,38,24.292743,7,1,0,3407872,0,0
671,1540,1788184977126,1788184977165,39,24.291242,7,2,0,3407872,0,0
671,1533,1788184977126,1788184977166,40,23.477155,7,2,0,3407872,0,0
671,1541,1788184977126,1788184977166,40,23.63057,7,1,0,3407872,0,0
671,1532,1788184977126,1788184977166,40,24.846852,7,1,0,3407872,0,0
671,1529,1788184977126,1788184977166,40,24.946948,7,1,0,3407872,0,0
671,1537,1788184977126,1788184977172,46,21.389279,7,2,0,3407872,0,0
671,1531,1788184977126,1788184977172,46,22.62291,7,2,0,3407872,0,0
674,1543,1788184977193,1788184977208,15,2.384322,0,2,0,8650736,0,0
677,1544,1788184977212,1788184977218,6,3.031346,0,2,0,8650736,0,0
681,1545,1788184977233,1788184977240,7,3.440022,0,2,0,8454128,0,0
682,1546,1788184978526,1788184978578,52,37.196463,0,0,1,0,0,0
683,1548,1788184978665,1788184978725,60,52.788803,0,1,0,18377216,0,0
683,1547,1788184978665,1788184978945,280,254.615421,0,1,0,18377216,0,0
685,1549,1788184978954,1788184978956,2,0.496101,0,0,0,0,0,0
687,1551,1788184980270,1788184980322,52,35.816763,0,0,0,0,0,0
689,1555,1788184980274,1788184980517,243,211.872583,13,1,0,0,0,0
688,1553,1788184980272,1788184980635,363,330.089643,13,1,0,25165792,0,0
686,1550,1788184980266,1788184980837,571,512.080144,22,2,0,0,0,0
689,1554,1788184980274,1788184981234,960,900.125688,22,1,0,0,0,0
688,1552,1788184980272,1788184981883,1611,1549.834975,26,1,0,159383376,0,0
693,1565,1788184981924,1788184982094,170,131.890296,7,6,0,43732832,0,0
693,1557,1788184981924,1788184982420,496,385.181816,14,3,0,123490032,0,0
693,1561,1788184981924,1788184982428,504,372.024785,14,5,0,123490032,0,0
693,1558,1788184981924,1788184982455,531,377.539755,20,10,0,123490032,0,0
693,1569,1788184981925,1788184982459,534,391.9239,20,6,0,123490032,0,0
693,1571,1788184981925,1788184982460,535,388.297887,20,2,0,123490032,0,0
693,1563,1788184981924,1788184982460,536,344.424848,20,2,0,123490032,0,0
693,1568,1788184981925,1788184982463,538,376.220285,20,3,0,123490032,0,0
693,1559,1788184981924,1788184982464,540,397.157913,20,6,0,123490032,0,0
693,1556,1788184981924,1788184982466,542,385.076924,20,6,0,123490032,0,0
693,1564,1788184981924,1788184982467,543,343.44323,20,2,0,123490032,0,0
693,1572,1788184982091,1788184982470,379,237.663227,13,9,0,100421376,0,0
693,1566,1788184981924,1788184982470,546,355.057705,20,2,0,123490032,0,0
693,1570,1788184981925,1788184982475,550,349.841833,20,6,0,123490032,0,0
693,1562,1788184981924,1788184982475,551,351.628208,20,2,0,123490032,0,0
693,1567,1788184981924,1788184982476,552,361.174494,20,2,0,123490032,0,0
693,1560,1788184981924,1788184982477,553,349.393065,20,7,0,123490032,0,0
694,1574,1788184988748,1788184989895,1147,869.66808,104,1,0,0,0,0
694,1573,1788184988748,1788184995255,6507,5717.433611,233,1,0,0,0,0
696,1588,1788184995264,1788184997410,2146,886.629056,82,0,0,0,0,0
696,1580,1788184995264,1788184997410,2146,898.262637,82,1,0,0,0,0
696,1579,1788184995264,1788184997488,2224,963.122758,82,1,0,0,0,0
696,1576,1788184995264,1788184997488,2224,915.993774,82,0,0,0,0,0
696,1582,1788184995264,1788184997538,2274,982.841291,82,1,0,0,0,0
696,1575,1788184995264,1788184997549,2285,985.023131,82,1,0,0,0,0
696,1578,1788184995264,1788184997566,2302,987.549494,82,0,0,0,0,0
696,1586,1788184995264,1788184997582,2318,984.210068,82,0,0,0,0,0
696,1585,1788184995264,1788184997616,2352,1056.914561,82,1,0,0,0,0
696,1577,1788184995264,1788184997619,2355,1065.987526,82,0,0,0,0,0
696,1590,1788184995264,1788184997620,2356,1067.056321,82,0,0,0,0,0
696,1587,1788184995264,1788184997621,2357,1064.532527,82,0,0,0,0,0
696,1583,1788184995264,1788184997623,2359,1047.929805,82,1,0,0,0,0
696,1581,1788184995264,1788184997625,2361,1038.808488,82,0,0,0,0,0
696,1584,1788184995264,1788184997625,2361,1047.887298,82,1,0,0,0,0
696,1589,1788184995264,1788184997629,2365,1043.32015,82,0,0,0,0,0
696,1592,1788184997410,1788184997861,451,402.227114,0,0,0,0,0,0
696,1591,1788184997410,1788184998007,597,530.408566,0,0,0,0,0,0
698,1595,1788185001006,1788185002174,1168,1116.375951,24,1,0,8650736,0,0
698,1594,1788185001006,1788185007169,6163,5983.544826,114,1,0,8650736,0,0
700,1596,1788185007199,1788185007204,5,2.65577,0,1,0,8650736,0,0
702,1597,1788185007207,1788185007213,6,2.990259,0,1,0,8650736,0,0
705,1598,1788185007226,1788185007230,4,1.126644,0,1,0,8454128,0,0
707,1601,1788185008749,1788185008797,48,20.035362,18,0,0,0,0,0
706,1600,1788185008747,1788185008941,194,167.694307,18,1,0,0,0,0
708,1602,1788185008819,1788185009006,187,166.854586,0,1,0,2097152,0,0
710,1603,1788185009017,1788185009044,27,20.981193,0,0,0,0,0,0
706,1599,1788185008747,1788185009628,881,826.657186,18,1,0,0,0,0
712,1612,1788185009659,1788185009718,59,30.770785,19,2,0,34078688,0,0
712,1617,1788185009660,1788185009723,63,36.070194,19,3,0,34078688,0,0
712,1608,1788185009659,1788185009723,64,37.578222,19,3,0,34078688,0,0
712,1604,1788185009659,1788185009724,65,36.16926,19,3,0,34078688,0,0
712,1618,1788185009660,1788185009725,65,36.45214,19,3,0,34078688,0,0
712,1606,1788185009659,1788185009726,67,37.919094,19,3,0,34078688,0,0
712,1609,1788185009659,1788185009726,67,36.756023,19,3,0,34078688,0,0
712,1614,1788185009659,1788185009726,67,38.297145,19,3,0,34078688,0,0
712,1610,1788185009659,1788185009726,67,38.253655,19,3,0,34078688,0,0
712,1615,1788185009660,1788185009727,67,35.937635,19,3,0,34078688,0,0
712,1611,1788185009659,1788185009727,68,37.022891,19,3,0,34078688,0,0
712,1613,1788185009659,1788185009730,71,38.535946,19,3,0,34078688,0,0
712,1605,1788185009659,1788185009733,74,37.184604,19,30,0,34078688,0,0
712,1616,1788185009660,1788185009738,78,36.104329,19,3,0,34078688,0,0
712,1607,1788185009659,1788185009743,84,38.165205,19,3,0,34078688,0,0
712,1620,1788185009722,1788185009745,23,18.450986,0,3,0,34078688,0,0
712,1619,1788185009715,1788185009752,37,31.743219,0,2,0,34078688,0,0
713,1622,1788185011196,1788185011258,62,56.392065,0,1,0,0,0,0
713,1621,1788185011195,1788185011513,318,294.390272,0,1,0,0,0,0
715,1623,1788185011522,1788185011524,2,0.560993,0,0,0,0,0,0
697,1593,1788184999372,1788185011954,12582,11196.475248,179,0,0,0,0,0
717,1626,1788185012889,1788185012951,62,58.882598,0,0,0,0,0,0
717,1625,1788185012888,1788185013250,362,355.467627,0,0,0,0,0,0
716,1624,1788185012885,1788185013254,369,348.505191,0,0,0,0,0,0
719,1627,1788185013261,1788185013268,7,5.607218,0,0,0,0,0,0
721,1633,1788185013294,1788185013313,19,16.499157,0,1,0,3407872,0,0
721,1634,1788185013294,1788185013313,19,16.699872,0,1,0,3407872,0,0
721,1637,1788185013294,1788185013319,25,21.431086,0,2,0,3407872,0,0
721,1638,1788185013294,1788185013319,25,21.556283,0,2,0,3407872,0,0
721,1635,1788185013294,1788185013321,27,23.114863,0,1,0,3407872,0,0
721,1628,1788185013294,1788185013321,27,23.973665,0,2,0,3407872,0,0
721,1640,1788185013294,1788185013321,27,22.950507,0,1,0,3407872,0,0
721,1639,1788185013294,1788185013322,28,23.07077,0,2,0,3407872,0,0
721,1636,1788185013294,1788185013322,28,22.701482,0,1,0,3407872,0,0
721,1629,1788185013294,1788185013322,28,24.236409,0,2,0,3407872,0,0
721,1630,1788185013294,1788185013322,28,23.640558,0,1,0,3407872,0,0
721,1631,1788185013294,1788185013322,28,24.063818,0,1,0,3407872,0,0
721,1632,1788185013294,1788185013322,28,23.044751,0,2,0,3407872,0,0
721,1641,1788185013294,1788185013322,28,23.278862,0,1,0,3407872,0,0
724,1642,1788185013337,1788185013341,4,1.605041,0,1,0,8650736,0,0
727,1643,1788185013345,1788185013349,4,1.925482,0,1,0,8650736,0,0
731,1644,1788185013364,1788185013367,3,0.972354,0,1,0,8454128,0,0
732,1645,1788185014662,1788185014716,54,38.191475,0,0,1,0,0,0
733,1647,1788185014793,1788185014826,33,30.019508,0,1,0,18377216,0,0
733,1646,1788185014793,1788185015040,247,239.134533,0,1,0,18377216,0,0
735,1648,1788185015050,1788185015051,1,0.523201,0,0,0,0,0,0
737,1650,1788185016363,1788185016413,50,32.03132,0,0,0,0,0,0
739,1654,1788185016366,1788185016501,135,129.646686,0,1,0,0,0,0
738,1652,1788185016364,1788185016571,207,201.386724,0,1,0,25165792,0,0
736,1649,1788185016360,1788185016880,520,478.78367,17,1,0,0,0,0
739,1653,1788185016366,1788185017291,925,882.237717,17,1,0,0,0,0
738,1651,1788185016364,1788185017978,1614,1562.661447,24,1,0,167771968,0,0
743,1664,1788185018023,1788185018238,215,160.049914,10,3,0,43732832,0,0
743,1657,1788185018022,1788185018486,464,405.734802,10,3,0,123490032,0,0
743,1667,1788185018023,1788185018504,481,423.563477,10,3,0,123490032,0,0
743,1661,1788185018022,1788185018529,507,408.16383,17,3,0,123490032,0,0
743,1663,1788185018022,1788185018548,526,413.705031,21,4,0,123490032,0,0
743,1656,1788185018022,1788185018559,537,420.222149,21,5,0,123490032,0,0
743,1670,1788185018023,1788185018559,536,432.989264,21,3,0,123490032,0,0
743,1668,1788185018023,1788185018560,537,447.928578,21,5,0,123490032,0,0
743,1655,1788185018022,1788185018564,542,431.7755,21,2,0,123490032,0,0
743,1665,1788185018023,1788185018565,542,427.880934,21,3,0,123490032,0,0
743,1666,1788185018023,1788185018565,542,417.845957,21,3,0,123490032,0,0
743,1671,1788185018236,1788185018566,330,217.656844,11,12,0,100421376,0,0
743,1659,1788185018022,1788185018566,544,392.294408,21,3,0,123490032,0,0
743,1660,1788185018022,1788185018568,546,433.354696,21,3,0,123490032,0,0
743,1662,1788185018022,1788185018574,552,395.975867,21,4,0,123490032,0,0
743,1658,1788185018022,1788185018581,559,418.478507,21,3,0,123490032,0,0
743,1669,1788185018023,1788185018591,568,372.8922,21,6,0,123490032,0,0
744,1673,1788185024926,1788185025733,807,780.999802,0,1,0,0,0,0
744,1672,1788185024925,1788185030455,5530,5428.960414,13,1,0,0,0,0
746,1675,1788185030464,1788185031973,1509,910.99155,89,0,0,0,0,0
746,1679,1788185030464,1788185031975,1511,905.727462,89,1,0,0,0,0
746,1687,1788185030464,1788185032077,1613,917.080326,89,0,0,0,0,0
746,1678,1788185030464,1788185032125,1661,965.170241,89,1,0,0,0,0
746,1674,1788185030463,1788185032136,1673,958.559239,89,0,0,0,0,0
746,1685,1788185030464,1788185032153,1689,985.220382,89,0,0,0,0,0
746,1681,1788185030464,1788185032182,1718,980.27045,89,0,0,0,0,0
746,1676,1788185030464,1788185032293,1829,1009.856898,89,0,0,0,0,0
746,1684,1788185030464,1788185032353,1889,1043.561124,89,0,0,0,0,0
746,1677,1788185030464,1788185032354,1890,983.325665,89,0,0,0,0,0
746,1682,1788185030464,1788185032382,1918,1048.685196,89,0,0,0,0,0
746,1689,1788185030464,1788185032392,1928,1009.440642,89,0,0,0,0,0
746,1686,1788185030464,1788185032408,1944,1006.286585,89,0,0,0,0,0
746,1683,1788185030464,1788185032415,1951,995.129696,89,0,0,0,0,0
746,1688,1788185030464,1788185032449,1985,1041.950414,89,0,0,0,0,0
746,1680,1788185030464,1788185032454,1990,1019.322688,89,1,0,0,0,0
746,1691,1788185031974,1788185032680,706,402.153374,0,0,0,0,0,0
746,1690,1788185031972,1788185032738,766,538.941547,0,0,0,0,0,0
748,1694,1788185035740,1788185036981,1241,1151.807599,39,1,0,8650736,0,0
748,1693,1788185035740,1788185042021,6281,6003.036356,132,1,0,8650736,0,0
750,1695,1788185042049,1788185042055,6,2.792148,0,2,0,8650736,0,0
752,1696,1788185042058,1788185042064,6,3.024683,0,2,0,8650736,0,0
755,1697,1788185042076,1788185042080,4,1.277786,0,1,0,8454128,0,0
757,1700,1788185043430,1788185043538,108,21.170402,0,0,0,0,0,0
756,1699,1788185043427,1788185043664,237,178.549996,0,1,0,0,0,0
758,1701,1788185043566,1788185043876,310,169.607671,0,1,0,2097152,0,0
760,1702,1788185043887,1788185043915,28,21.222205,0,0,0,0,0,0
756,1698,1788185043426,1788185044400,974,854.225775,0,1,0,0,0,0
762,1705,1788185044422,1788185044460,38,27.349647,0,3,0,34078688,0,0
762,1708,1788185044423,1788185044462,39,34.653617,0,2,0,34078688,0,0
762,1714,1788185044423,1788185044463,40,35.690793,0,2,0,34078688,0,0
762,1709,1788185044423,1788185044463,40,34.721023,0,3,0,34078688,0,0
762,1711,1788185044423,1788185044463,40,35.812411,0,3,0,34078688,0,0
762,1710,1788185044423,1788185044466,43,36.416544,0,3,0,34078688,0,0
762,1706,1788185044422,1788185044466,44,36.670069,0,2,0,34078688,0,0
762,1715,1788185044423,1788185044467,44,36.41985,0,3,0,34078688,0,0
762,1712,1788185044423,1788185044467,44,35.769807,0,3,0,34078688,0,0
762,1704,1788185044422,1788185044467,45,36.472999,0,4,0,34078688,0,0
762,1707,1788185044422,1788185044467,45,35.603828,0,2,0,34078688,0,0
762,1703,1788185044422,1788185044467,45,36.43109,0,3,0,34078688,0,0
762,1716,1788185044423,1788185044467,44,36.3879,0,4,0,34078688,0,0
762,1713,1788185044423,1788185044468,45,36.475073,0,3,0,34078688,0,0
762,1717,1788185044423,1788185044468,45,36.220805,0,3,0,34078688,0,0
762,1718,1788185044458,1788185044489,31,24.521504,0,3,0,34078688,0,0
762,1719,1788185044462,1788185044489,27,21.109062,0,3,0,34078688,0,0
763,1721,1788185045943,1788185046005,62,55.780135,0,1,0,0,0,0
763,1720,1788185045943,1788185046291,348,297.408504,27,1,0,0,0,0
765,1722,1788185046300,1788185046301,1,0.533932,0,0,0,0,0,0
747,1692,1788185034117,1788185046988,12871,11379.959616,194,0,0,0,0,0
767,1725,1788185047684,1788185047747,63,59.02962,0,0,0,0,0,0
767,1724,1788185047684,1788185048049,365,358.199063,0,0,0,0,0,0
766,1723,1788185047682,1788185048051,369,349.332757,0,1,0,0,0,0
769,1726,1788185048059,1788185048067,8,5.898343,0,0,0,0,0,0
771,1739,1788185048097,1788185048119,22,17.350814,0,2,0,3407872,0,0
771,1736,1788185048097,1788185048120,23,18.284094,0,3,0,3407872,0,0
771,1738,1788185048097,1788185048125,28,23.547518,0,2,0,3407872,0,0
771,1740,1788185048097,1788185048125,28,23.306793,0,3,0,3407872,0,0
771,1731,1788185048097,1788185048125,28,23.523089,0,3,0,3407872,0,0
771,1735,1788185048097,1788185048126,29,23.675876,0,2,0,3407872,0,0
771,1733,1788185048097,1788185048126,29,23.605688,0,2,0,3407872,0,0
771,1734,1788185048097,1788185048126,29,23.335447,0,2,0,3407872,0,0
771,1729,1788185048097,1788185048126,29,24.513055,0,3,0,3407872,0,0
771,1732,1788185048097,1788185048126,29,23.145579,0,3,0,3407872,0,0
771,1737,1788185048097,1788185048126,29,23.679883,0,2,0,3407872,0,0
771,1728,1788185048097,1788185048126,29,24.172477,0,2,0,3407872,0,0
771,1727,1788185048096,1788185048126,30,24.568041,0,2,0,3407872,0,0
771,1730,1788185048097,1788185048127,30,24.186716,0,3,0,3407872,0,0
774,1741,1788185048142,1788185048145,3,1.627443,0,1,0,8650736,0,0
777,1742,1788185048148,1788185048153,5,1.870049,0,1,0,8650736,0,0
781,1743,1788185048166,1788185048169,3,0.939632,0,1,0,8454128,0,0
782,1744,1788185049461,1788185049515,54,38.17097,0,0,1,0,0,0
783,1746,1788185049579,1788185049615,36,31.826613,0,0,0,18377216,0,0
783,1745,1788185049579,1788185049833,254,244.405539,0,0,0,18377216,0,0
785,1747,1788185049843,1788185049845,2,0.561714,0,0,0,0,0,0
787,1749,1788185051190,1788185051248,58,40.131103,0,0,0,0,0,0
789,1753,1788185051196,1788185051400,204,145.29594,34,0,0,0,0,0
788,1751,1788185051192,1788185051474,282,221.994571,34,1,0,25165792,0,0
786,1748,1788185051184,1788185051803,619,535.104277,34,1,0,0,0,0
789,1752,1788185051195,1788185052175,980,904.72823,48,0,0,0,0,0
788,1750,1788185051192,1788185052879,1687,1605.673145,52,1,0,167771968,0,0
793,1763,1788185052927,1788185053154,227,142.862809,0,3,1,43732832,0,0
793,1754,1788185052926,1788185053416,490,412.667613,12,3,0,123490032,0,0
793,1762,1788185052927,1788185053418,491,387.567091,12,5,0,123490032,0,0
793,1770,1788185053147,1788185053434,287,224.33731,12,8,0,100421376,0,0
793,1757,1788185052926,1788185053441,515,423.294291,16,6,0,123490032,0,0
793,1764,1788185052927,1788185053449,522,404.66433,16,3,0,123490032,0,0
793,1760,1788185052927,1788185053457,530,411.451365,16,3,0,123490032,0,0
793,1758,1788185052926,1788185053458,532,379.76643,16,6,0,123490032,0,0
793,1761,1788185052927,1788185053460,533,387.698865,16,3,0,123490032,0,0
793,1766,1788185052927,1788185053460,533,410.73552,16,3,0,123490032,0,0
793,1756,1788185052926,1788185053485,559,401.09278,16,3,0,123490032,0,0
793,1765,1788185052927,1788185053485,558,376.519844,16,3,0,123490032,0,0
793,1755,1788185052926,1788185053489,563,404.459341,16,5,0,123490032,0,0
793,1767,1788185052927,1788185053492,565,392.118693,16,6,0,123490032,0,0
793,1759,1788185052927,1788185053498,571,378.55388,16,6,0,123490032,0,0
793,1769,1788185052927,1788185053512,585,382.548354,16,6,0,123490032,0,0
793,1768,1788185052927,1788185053513,586,356.851361,16,3,0,123490032,0,0
794,1772,1788185059841,1788185060638,797,790.658699,0,1,0,0,0,0
794,1771,1788185059840,1788185065444,5604,5510.944944,13,1,0,0,0,0
796,1774,1788185065452,1788185067081,1629,899.665026,90,0,0,0,0,0
796,1778,1788185065452,1788185067082,1630,915.100093,90,0,0,0,0,0
796,1786,1788185065452,1788185067117,1665,893.732344,90,0,0,0,0,0
796,1780,1788185065452,1788185067159,1707,964.744233,90,1,0,0,0,0
796,1777,1788185065452,1788185067183,1731,990.120389,90,0,0,0,0,0
796,1784,1788185065452,1788185067214,1762,965.961875,90,0,0,0,0,0
796,1776,1788185065452,1788185067271,1819,977.121319,90,0,0,0,0,0
796,1783,1788185065452,1788185067288,1836,1008.799629,90,0,0,0,0,0
796,1788,1788185065452,1788185067339,1887,1038.080382,90,0,0,0,0,0
796,1773,1788185065452,1788185067345,1893,976.826041,90,0,0,0,0,0
796,1785,1788185065452,1788185067405,1953,1068.584988,90,0,0,0,0,0
796,1781,1788185065452,1788185067412,1960,1036.086611,90,0,0,0,0,0
796,1779,1788185065452,1788185067422,1970,1034.284089,90,0,0,0,0,0
796,1787,1788185065452,1788185067425,1973,1011.834375,90,1,0,0,0,0
796,1782,1788185065452,1788185067427,1975,1037.102254,90,1,0,0,0,0
796,1775,1788185065452,1788185067446,1994,1047.096646,90,0,0,0,0,0
796,1790,1788185067082,1788185067729,647,394.252117,0,0,0,0,0,0
796,1789,1788185067080,1788185067784,704,549.038156,0,0,0,0,0,0
797,1792,1788185069164,1788185070329,1165,1109.367372,29,1,0,8650736,0,0
797,1791,1788185069164,1788185075360,6196,5962.50211,79,1,0,8650736,0,0
799,1793,1788185075395,1788185075401,6,3.438589,0,2,0,8650736,0,0
801,1794,1788185075405,1788185075412,7,3.645609,0,2,0,8650736,0,0
804,1795,1788185075426,1788185075431,5,1.356835,0,2,0,8454128,0,0
806,1798,1788185076785,1788185076836,51,22.740392,0,1,0,0,0,0
805,1797,1788185076783,1788185077033,250,191.880478,19,1,0,0,0,0
807,1799,1788185076879,1788185077125,246,191.130235,11,1,0,2097152,0,0
809,1800,1788185077136,1788185077163,27,20.922753,0,0,0,0,0,0
805,1796,1788185076783,1788185077720,937,850.848727,19,1,0,0,0,0
811,1814,1788185077745,1788185077779,34,29.605197,0,2,0,34078688,0,0
811,1803,1788185077744,1788185077779,35,28.770914,0,4,0,34078688,0,0
811,1812,1788185077745,1788185077779,34,28.678609,0,4,0,34078688,0,0
811,1808,1788185077745,1788185077785,40,34.405933,0,4,0,34078688,0,0
811,1804,1788185077744,1788185077785,41,35.461041,0,2,0,34078688,0,0
811,1816,1788185077745,1788185077786,41,35.661477,0,4,0,34078688,0,0
811,1801,1788185077744,1788185077786,42,36.028126,0,4,0,34078688,0,0
811,1807,1788185077745,1788185077787,42,36.463231,0,4,0,34078688,0,0
811,1802,1788185077744,1788185077788,44,36.056027,0,2,0,34078688,0,0
811,1813,1788185077745,1788185077788,43,36.912374,0,4,0,34078688,0,0
811,1805,1788185077745,1788185077788,43,36.689165,0,4,0,34078688,0,0
811,1815,1788185077745,1788185077792,47,30.966564,0,2,0,34078688,0,0
811,1806,1788185077745,1788185077794,49,33.285729,0,4,0,34078688,0,0
811,1810,1788185077745,1788185077798,53,31.483631,0,4,0,34078688,0,0
811,1817,1788185077778,1788185077799,21,17.163162,0,2,0,34078688,0,0
811,1811,1788185077745,1788185077801,56,29.21111,0,4,0,34078688,0,0
811,1809,1788185077745,1788185077802,57,29.015734,0,2,0,34078688,0,0
812,1819,1788185079342,1788185079409,67,60.977015,0,1,0,0,0,0
812,1818,1788185079341,1788185079665,324,299.289845,0,1,0,0,0,0
814,1820,1788185079674,1788185079675,1,0.520857,0,0,0,0,0,0
816,1823,1788185081015,1788185081145,130,97.762248,12,1,0,0,0,0
815,1821,1788185081011,1788185081535,524,402.25834,43,1,0,0,0,0
816,1822,1788185081015,1788185081597,582,443.103533,55,1,0,0,0,0
818,1824,1788185081630,1788185081638,8,5.946843,0,0,0,0,0,0
820,1831,1788185081674,1788185081704,30,24.174204,0,2,0,3407872,0,0
820,1836,1788185081675,1788185081704,29,24.190453,0,1,0,3407872,0,0
820,1837,1788185081675,1788185081704,29,23.505421,0,2,0,3407872,0,0
820,1835,1788185081675,1788185081704,29,22.867823,0,4,0,3407872,0,0
820,1830,1788185081674,1788185081704,30,23.942205,0,2,0,3407872,0,0
820,1832,1788185081674,1788185081704,30,23.489096,0,3,0,3407872,0,0
820,1838,1788185081675,1788185081705,30,23.26822,0,3,0,3407872,0,0
820,1827,1788185081674,1788185081706,32,24.191034,0,3,0,3407872,0,0
820,1826,1788185081674,1788185081706,32,24.6319,0,3,0,3407872,0,0
820,1833,1788185081674,1788185081713,39,23.063879,0,3,0,3407872,0,0
820,1828,1788185081674,1788185081713,39,20.768333,0,3,0,3407872,0,0
820,1829,1788185081674,1788185081715,41,23.109194,0,3,0,3407872,0,0
820,1825,1788185081674,1788185081715,41,23.199114,0,4,0,3407872,0,0
820,1834,1788185081675,1788185081715,40,23.236923,0,3,0,3407872,0,0
823,1839,1788185081741,1788185081747,6,2.355859,0,2,0,8650736,0,0
826,1840,1788185081751,1788185081757,6,2.71949,0,2,0,8650736,0,0
830,1841,1788185081781,1788185081785,4,1.278568,0,1,0,8454128,0,0
831,1842,1788185083138,1788185083190,52,36.600356,0,0,0,0,0,0
832,1844,1788185083252,1788185083308,56,49.977256,0,1,0,18377216,0,0
832,1843,1788185083251,1788185083527,276,251.490545,0,1,0,18377216,0,0
834,1845,1788185083536,1788185083538,2,0.48511,0,0,0,0,0,0
836,1847,1788185084864,1788185084946,82,51.567517,0,1,3,0,0,0
838,1851,1788185084868,1788185085129,261,203.102447,28,1,0,0,0,0
837,1849,1788185084866,1788185085342,476,373.343977,53,1,0,25165792,0,0
835,1846,1788185084859,1788185085590,731,554.210968,76,1,0,0,0,0
838,1850,1788185084868,1788185086075,1207,994.794679,84,1,0,0,0,0
837,1848,1788185084865,1788185086690,1825,1605.946769,91,1,0,159383376,0,0
842,1861,1788185086738,1788185086937,199,188.366907,0,3,0,43732832,0,0
842,1859,1788185086738,1788185087193,455,418.148984,9,3,0,123490032,0,0
842,1858,1788185086738,1788185087225,487,443.797925,12,3,0,123490032,0,0
842,1856,1788185086737,1788185087252,515,431.868037,12,3,0,123490032,0,0
842,1865,1788185086738,1788185087263,525,450.61609,12,3,0,123490032,0,0
842,1863,1788185086738,1788185087268,530,443.922223,12,3,0,123490032,0,0
842,1864,1788185086738,1788185087270,532,438.626951,12,3,0,123490032,0,0
842,1855,1788185086737,1788185087272,535,445.843432,12,3,0,123490032,0,0
842,1866,1788185086738,1788185087273,535,467.652557,12,3,0,123490032,0,0
842,1862,1788185086738,1788185087277,539,435.670545,12,3,0,123490032,0,0
842,1852,1788185086737,1788185087278,541,460.783894,12,3,0,123490032,0,0
842,1860,1788185086738,1788185087278,540,428.005019,12,3,0,123490032,0,0
842,1867,1788185086738,1788185087279,541,410.33553,12,3,0,123490032,0,0
842,1854,1788185086737,1788185087280,543,424.897764,12,3,0,123490032,0,0
842,1853,1788185086737,1788185087284,547,447.523158,12,3,0,123490032,0,0
842,1857,1788185086738,1788185087287,549,417.655478,12,3,0,123490032,0,0
842,1868,1788185086935,1788185087293,358,212.017004,12,5,0,100421376,0,0
843,1870,1788185093603,1788185094439,836,792.663623,7,1,0,0,0,0
843,1869,1788185093602,1788185099203,5601,5478.658794,23,1,0,0,0,0
845,1872,1788185099211,1788185101451,2240,896.080536,112,1,0,0,0,0
845,1884,1788185099212,1788185101478,2266,925.747742,112,1,0,0,0,0
845,1876,1788185099211,1788185101480,2269,918.971133,112,0,0,0,0,0
845,1875,1788185099211,1788185101562,2351,983.120838,112,0,0,0,0,0
845,1874,1788185099211,1788185101583,2372,957.227904,112,0,0,0,0,0
845,1882,1788185099211,1788185101585,2374,994.968357,112,0,0,0,0,0
845,1877,1788185099211,1788185101603,2392,1047.925858,112,1,0,0,0,0
845,1878,1788185099211,1788185101604,2393,963.945038,112,1,0,0,0,0
845,1881,1788185099211,1788185101625,2414,1074.573495,112,0,0,0,0,0
845,1883,1788185099212,1788185101633,2421,1073.353262,112,0,0,0,0,0
845,1871,1788185099211,1788185101634,2423,986.490138,112,0,0,0,0,0
845,1879,1788185099211,1788185101637,2426,1059.043559,112,0,0,0,0,0
845,1880,1788185099211,1788185101640,2429,1058.810276,112,0,0,0,0,0
845,1886,1788185099212,1788185101642,2430,1009.85475,112,0,0,0,0,0
845,1873,1788185099211,1788185101648,2437,1035.928678,112,1,0,0,0,0
845,1885,1788185099212,1788185101649,2437,1058.830738,112,1,0,0,0,0
845,1888,1788185101478,1788185101915,437,385.3558,0,0,0,0,0,0
845,1887,1788185101451,1788185102055,604,530.13075,0,0,0,0,0,0
846,1890,1788185103457,1788185104651,1194,1123.570154,32,1,0,8650736,0,0
846,1889,1788185103457,1788185109695,6238,5986.288475,77,1,0,8650736,0,0
848,1891,1788185109727,1788185109733,6,3.054941,0,1,0,8650736,0,0
850,1892,1788185109737,1788185109743,6,3.407802,0,2,0,8650736,0,0
853,1893,1788185109758,1788185109761,3,1.277206,0,1,0,8454128,0,0
855,1896,1788185111077,1788185111100,23,15.28922,0,0,0,0,0,0
854,1895,1788185111074,1788185111242,168,161.776793,0,0,0,0,0,0
856,1897,1788185111119,1788185111296,177,155.971233,0,1,0,2097152,0,0
858,1898,1788185111306,1788185111332,26,20.753016,0,0,0,0,0,0
854,1894,1788185111074,1788185111907,833,804.803822,0,0,0,0,0,0
860,1901,1788185111927,1788185111957,30,24.438236,0,3,0,34078688,0,0
860,1910,1788185111927,1788185111967,40,34.644911,0,3,0,34078688,0,0
860,1903,1788185111927,1788185111967,40,34.819057,0,3,0,34078688,0,0
860,1906,1788185111927,1788185111968,41,36.732105,0,2,0,34078688,0,0
860,1905,1788185111927,1788185111968,41,36.724221,0,2,0,34078688,0,0
860,1909,1788185111927,1788185111969,42,36.865002,0,2,0,34078688,0,0
860,1913,1788185111927,1788185111969,42,37.394095,0,2,0,34078688,0,0
860,1900,1788185111927,1788185111969,42,36.927533,0,3,0,34078688,0,0
860,1904,1788185111927,1788185111969,42,36.940606,0,3,0,34078688,0,0
860,1911,1788185111927,1788185111969,42,37.207076,0,3,0,34078688,0,0
860,1912,1788185111927,1788185111969,42,37.268401,0,3,0,34078688,0,0
860,1907,1788185111927,1788185111969,42,37.176348,0,3,0,34078688,0,0
860,1914,1788185111927,1788185111970,43,35.605413,0,3,0,34078688,0,0
860,1908,1788185111927,1788185111970,43,36.033024,0,3,0,34078688,0,0
860,1915,1788185111956,1788185111980,24,19.577631,0,2,0,34078688,0,0
860,1902,1788185111927,1788185111981,54,29.464653,0,4,0,34078688,0,0
860,1899,1788185111927,1788185111981,54,31.023711,0,3,0,34078688,0,0
861,1917,1788185113478,1788185113538,60,54.052218,0,1,0,0,0,0
861,1916,1788185113478,1788185113791,313,290.990246,0,1,0,0,0,0
863,1918,1788185113801,1788185113802,1,0.523301,0,0,0,0,0,0
865,1921,1788185115114,1788185115209,95,89.28811,0,0,0,0,0,0
864,1919,1788185115111,1788185115479,368,346.490391,0,1,0,0,0,0
865,1920,1788185115114,1788185115544,430,407.234349,0,0,0,0,0,0
867,1922,1788185115553,1788185115560,7,5.698888,0,0,0,0,0,0
869,1930,1788185115586,1788185115609,23,19.481098,0,2,0,3407872,0,0
869,1931,1788185115586,1788185115615,29,24.710668,0,2,0,3407872,0,0
869,1932,1788185115586,1788185115615,29,25.332926,0,2,0,3407872,0,0
869,1933,1788185115586,1788185115615,29,25.178045,0,2,0,3407872,0,0
869,1934,1788185115586,1788185115615,29,25.094482,0,2,0,3407872,0,0
869,1928,1788185115586,1788185115615,29,24.995364,0,2,0,3407872,0,0
869,1925,1788185115586,1788185115615,29,26.079996,0,2,0,3407872,0,0
869,1929,1788185115586,1788185115616,30,25.600558,0,2,0,3407872,0,0
869,1927,1788185115586,1788185115616,30,25.05382,0,2,0,3407872,0,0
869,1935,1788185115586,1788185115616,30,25.211036,0,2,0,3407872,0,0
869,1936,1788185115586,1788185115616,30,25.372349,0,1,0,3407872,0,0
869,1924,1788185115586,1788185115616,30,26.101344,0,2,0,3407872,0,0
869,1923,1788185115586,1788185115616,30,26.042241,0,2,0,3407872,0,0
869,1926,1788185115586,1788185115616,30,26.016559,0,2,0,3407872,0,0
872,1937,1788185115639,1788185115643,4,1.715208,0,1,0,8650736,0,0
875,1938,1788185115648,1788185115654,6,2.573428,0,2,0,8650736,0,0
879,1939,1788185115671,1788185115674,3,1.126543,0,1,0,8454128,0,0
880,1940,1788185116968,1788185117024,56,40.02703,0,0,1,0,0,0
881,1942,1788185117086,1788185117141,55,48.578204,0,0,0,18377216,0,0
881,1941,1788185117086,1788185117375,289,252.003479,13,1,0,18377216,0,0
883,1943,1788185117385,1788185117387,2,0.511399,0,0,0,0,0,0
885,1945,1788185118714,1788185118774,60,44.309491,0,0,0,0,0,0
887,1949,1788185118718,1788185118915,197,188.145117,0,1,0,0,0,0
886,1947,1788185118716,1788185119038,322,314.487268,0,1,0,25165792,0,0
884,1944,1788185118711,1788185119266,555,489.355919,21,1,0,0,0,0
887,1948,1788185118718,1788185119697,979,914.880236,21,1,0,0,0,0
886,1946,1788185118716,1788185120339,1623,1550.022637,29,1,0,159383376,0,0
891,1959,1788185120383,1788185120578,195,168.299567,0,3,0,43732832,0,0
891,1957,1788185120383,1788185120875,492,421.370706,9,3,0,123490032,0,0
891,1955,1788185120383,1788185120878,495,459.472354,9,3,0,123490032,0,0
891,1952,1788185120382,1788185120882,500,401.68897,9,3,0,123490032,0,0
891,1966,1788185120569,1788185120884,315,237.197657,9,9,0,100421376,0,0
891,1960,1788185120383,1788185120893,510,462.510328,9,3,0,123490032,0,0
891,1956,1788185120383,1788185120893,510,464.43899,12,3,0,123490032,0,0
891,1958,1788185120383,1788185120894,511,447.332596,12,4,0,123490032,0,0
891,1954,1788185120383,1788185120898,515,440.30074,12,3,0,123490032,0,0
891,1962,1788185120383,1788185120918,535,470.068351,12,3,0,123490032,0,0
891,1964,1788185120383,1788185120919,536,445.291076,12,3,0,123490032,0,0
891,1963,1788185120383,1788185120922,539,442.715678,12,3,0,123490032,0,0
891,1950,1788185120382,1788185120922,540,456.957013,12,3,0,123490032,0,0
891,1961,1788185120383,1788185120924,541,434.661974,12,3,0,123490032,0,0
891,1953,1788185120382,1788185120924,542,458.628697,12,4,0,123490032,0,0
891,1965,1788185120383,1788185120937,554,440.847565,12,3,0,123490032,0,0
891,1951,1788185120382,1788185120953,571,434.442458,12,3,0,123490032,0,0
892,1968,1788185127233,1788185128303,1070,867.511424,77,1,0,0,0,0
892,1967,1788185127233,1788185133293,6060,5716.225643,109,1,0,0,0,0
894,1970,1788185133301,1788185135484,2183,889.087319,89,1,0,0,0,0
894,1974,1788185133301,1788185135516,2215,926.441986,89,1,0,0,0,0
894,1982,1788185133301,1788185135552,2251,932.563749,89,0,0,0,0,0
894,1973,1788185133301,1788185135563,2262,987.032565,89,0,0,0,0,0
894,1980,1788185133301,1788185135580,2279,981.979516,89,0,0,0,0,0
894,1972,1788185133301,1788185135580,2279,985.029173,89,0,0,0,0,0
894,1969,1788185133301,1788185135588,2287,983.86854,89,0,0,0,0,0
894,1976,1788185133301,1788185135601,2300,956.203904,89,0,0,0,0,0
894,1983,1788185133301,1788185135642,2341,1028.499933,89,0,0,0,0,0
894,1977,1788185133301,1788185135647,2346,1079.395355,89,1,0,0,0,0
894,1981,1788185133301,1788185135649,2348,1074.598992,89,1,0,0,0,0
894,1979,1788185133301,1788185135655,2354,1045.562018,89,0,0,0,0,0
894,1971,1788185133301,1788185135663,2362,1028.119046,89,0,0,0,0,0
894,1984,1788185133301,1788185135665,2364,1034.219988,89,0,0,0,0,0
894,1978,1788185133301,1788185135666,2365,1046.894214,89,1,0,0,0,0
894,1975,1788185133301,1788185135669,2368,1044.384374,89,1,0,0,0,0
894,1986,1788185135516,1788185135960,444,396.229985,0,0,0,0,0,0
894,1985,1788185135484,1788185136075,591,524.33527,0,0,0,0,0,0
896,1989,1788185139035,1788185140303,1268,1148.966486,68,1,0,8650736,0,0
896,1988,1788185139035,1788185145262,6227,6012.017238,141,1,0,8650736,0,0
898,1990,1788185145291,1788185145297,6,2.691248,0,1,0,8650736,0,0
900,1991,1788185145300,1788185145306,6,2.978307,0,2,0,8650736,0,0
903,1992,1788185145320,1788185145323,3,1.16228,0,1,0,8454128,0,0
905,1995,1788185146845,1788185146873,28,16.130538,0,0,0,0,0,0
904,1994,1788185146842,1788185147029,187,178.167043,0,1,0,0,0,0
906,1996,1788185146894,1788185147081,187,165.035955,0,1,0,2097152,0,0
908,1997,1788185147091,1788185147118,27,21.040534,0,0,0,0,0,0
904,1993,1788185146842,1788185147730,888,829.198956,22,1,0,0,0,0
910,2008,1788185147754,1788185147790,36,31.478502,0,2,0,34078688,0,0
910,2006,1788185147754,1788185147791,37,31.847554,0,2,0,34078688,0,0
910,2010,1788185147754,1788185147794,40,35.119282,0,2,0,34078688,0,0
910,2011,1788185147754,1788185147795,41,36.692492,0,2,0,34078688,0,0
910,2002,1788185147754,1788185147795,41,36.745321,0,2,0,34078688,0,0
910,2004,1788185147754,1788185147796,42,36.402837,0,2,0,34078688,0,0
910,2003,1788185147754,1788185147796,42,36.553831,0,3,0,34078688,0,0
910,1999,1788185147753,1788185147796,43,36.929315,0,2,0,34078688,0,0
910,2009,1788185147754,1788185147796,42,35.176689,0,2,0,34078688,0,0
910,2007,1788185147754,1788185147796,42,35.387693,0,2,0,34078688,0,0
910,2001,1788185147754,1788185147796,42,34.794613,0,3,0,34078688,0,0
910,1998,1788185147753,1788185147797,44,36.545496,0,5,0,34078688,0,0
910,2000,1788185147753,1788185147797,44,36.291959,0,2,0,34078688,0,0
910,2005,1788185147754,1788185147803,49,35.478594,0,2,0,34078688,0,0
910,2012,1788185147754,1788185147806,52,32.573575,0,2,0,34078688,0,0
910,2014,1788185147790,1788185147811,21,17.442736,0,2,0,34078688,0,0
910,2013,1788185147789,1788185147823,34,28.920725,0,2,0,34078688,0,0
911,2016,1788185149252,1788185149313,61,55.526145,0,1,0,0,0,0
911,2015,1788185149251,1788185149571,320,297.531749,0,1,0,0,0,0
913,2017,1788185149580,1788185149582,2,0.534943,0,0,0,0,0,0
895,1987,1788185137439,1788185150274,12835,11465.491809,175,0,0,0,0,0
915,2020,1788185150998,1788185151077,79,63.839789,0,1,0,0,0,0
914,2018,1788185150994,1788185151380,386,355.219804,0,1,0,0,0,0
915,2019,1788185150998,1788185151386,388,366.544289,0,1,0,0,0,0
917,2021,1788185151395,1788185151402,7,5.628367,0,0,0,0,0,0
919,2029,1788185151427,1788185151449,22,16.635522,0,1,0,3407872,0,0
919,2023,1788185151427,1788185151450,23,18.181491,0,1,0,3407872,0,0
919,2033,1788185151428,1788185151455,27,22.60536,0,1,0,3407872,0,0
919,2035,1788185151428,1788185151456,28,22.888943,0,1,0,3407872,0,0
919,2032,1788185151428,1788185151456,28,23.049743,0,1,0,3407872,0,0
919,2034,1788185151428,1788185151456,28,23.300343,0,1,0,3407872,0,0
919,2027,1788185151427,1788185151456,29,22.950977,0,1,0,3407872,0,0
919,2030,1788185151427,1788185151456,29,23.271128,0,1,0,3407872,0,0
919,2031,1788185151427,1788185151456,29,23.17166,0,3,0,3407872,0,0
919,2026,1788185151427,1788185151456,29,23.156337,0,1,0,3407872,0,0
919,2025,1788185151427,1788185151456,29,24.241376,0,1,0,3407872,0,0
919,2024,1788185151427,1788185151457,30,24.20038,0,1,0,3407872,0,0
919,2022,1788185151427,1788185151457,30,24.291595,0,1,0,3407872,0,0
919,2028,1788185151427,1788185151457,30,23.313379,0,1,0,3407872,0,0
922,2036,1788185151475,1788185151479,4,1.913028,0,1,0,8650736,0,0
925,2037,1788185151483,1788185151489,6,2.459403,0,2,0,8650736,0,0
929,2038,1788185151510,1788185151514,4,1.468826,0,2,0,8454128,0,0
930,2039,1788185152835,1788185152902,67,39.954439,0,0,0,0,0,0
931,2041,1788185152969,1788185153002,33,29.720361,0,1,0,18377216,0,0
931,2040,1788185152968,1788185153215,247,238.59654,0,1,0,18377216,0,0
933,2042,1788185153225,1788185153227,2,0.554361,0,0,0,0,0,0
935,2044,1788185154544,1788185154596,52,33.786188,0,0,0,0,0,0
937,2048,1788185154550,1788185154676,126,120.739303,0,1,0,0,0,0
936,2046,1788185154547,1788185154756,209,202.085464,0,1,0,25165792,0,0
934,2043,1788185154542,1788185155074,532,487.165741,20,1,0,0,0,0
937,2047,1788185154550,1788185155459,909,883.063471,20,1,0,0,0,0
936,2045,1788185154547,1788185156163,1616,1583.469147,24,1,0,167771968,0,0
941,2058,1788185156204,1788185156391,187,142.213517,0,3,0,43732832,0,0
941,2052,1788185156204,1788185156679,475,419.391401,11,3,0,123490032,0,0
941,2057,1788185156204,1788185156689,485,400.344322,11,2,1,123490032,0,0
941,2064,1788185156205,1788185156700,495,430.195865,11,6,0,123490032,0,0
941,2055,1788185156204,1788185156701,497,414.741745,11,2,0,123490032,0,0
941,2065,1788185156388,1788185156701,313,265.928071,11,14,0,100421376,0,0
941,2051,1788185156204,1788185156707,503,422.572151,11,6,0,123490032,0,0
941,2056,1788185156204,1788185156708,504,387.921153,11,7,0,123490032,0,0
941,2062,1788185156205,1788185156709,504,409.815109,11,12,0,123490032,0,0
941,2063,1788185156205,1788185156712,507,413.928223,11,2,0,123490032,0,0
941,2050,1788185156204,1788185156713,509,424.016619,11,8,0,123490032,0,0
941,2049,1788185156204,1788185156718,514,443.157082,11,3,0,123490032,0,0
941,2054,1788185156204,1788185156729,525,402.292731,11,8,0,123490032,0,0
941,2053,1788185156204,1788185156732,528,375.833199,11,6,0,123490032,0,0
941,2061,1788185156205,1788185156732,527,385.252102,11,6,0,123490032,0,0
941,2060,1788185156205,1788185156734,529,398.954881,11,6,0,123490032,0,0
941,2059,1788185156204,1788185156740,536,377.587759,11,13,0,123490032,0,0
942,2067,1788185163029,1788185163817,788,781.360317,0,1,0,0,0,0
942,2066,1788185163029,1788185168639,5610,5523.601157,12,1,0,0,0,0
944,2073,1788185168648,1788185170222,1574,918.946102,94,0,0,0,0,0
944,2081,1788185168648,1788185170312,1664,909.456452,94,1,0,0,0,0
944,2069,1788185168647,1788185170387,1740,898.124934,94,1,0,0,0,0
944,2068,1788185168647,1788185170405,1758,965.367648,94,1,0,0,0,0
944,2071,1788185168647,1788185170435,1788,974.954947,94,1,0,0,0,0
944,2075,1788185168648,1788185170546,1898,974.786842,94,1,0,0,0,0
944,2072,1788185168648,1788185170567,1919,991.960428,94,1,0,0,0,0
944,2079,1788185168648,1788185170634,1986,988.943812,94,0,0,0,0,0
944,2077,1788185168648,1788185170665,2017,1044.445067,94,0,0,0,0,0
944,2070,1788185168647,1788185170668,2021,1051.815319,94,0,0,0,0,0
944,2076,1788185168648,1788185170672,2024,1041.238078,94,1,0,0,0,0
944,2082,1788185168648,1788185170676,2028,1046.884203,94,0,0,0,0,0
944,2080,1788185168648,1788185170687,2039,1072.601239,94,0,0,0,0,0
944,2083,1788185168648,1788185170714,2066,1054.258237,94,0,0,0,0,0
944,2074,1788185168648,1788185170718,2070,1018.248997,94,0,0,0,0,0
944,2078,1788185168648,1788185170727,2079,1034.285509,94,0,0,0,0,0
944,2085,1788185170312,1788185170948,636,408.071203,0,0,0,0,0,0
944,2084,1788185170221,1788185170975,754,539.397324,0,0,0,0,0,0
946,2088,1788185173973,1788185175223,1250,1150.923169,40,2,0,8650736,0,0
946,2087,1788185173973,1788185180196,6223,6023.479949,111,1,0,8650736,0,0
948,2089,1788185180232,1788185180237,5,3.074338,0,1,0,8650736,0,0
950,2090,1788185180241,1788185180247,6,2.986812,0,2,0,8650736,0,0
953,2091,1788185180259,1788185180263,4,1.180814,0,1,0,8454128,0,0
955,2094,1788185181619,1788185181646,27,17.167134,0,0,0,0,0,0
954,2093,1788185181616,1788185181838,222,184.228483,0,1,0,0,0,0
956,2095,1788185181672,1788185182042,370,188.773941,0,1,0,2097152,0,0
958,2096,1788185182053,1788185182081,28,21.73127,0,0,0,0,0,0
954,2092,1788185181615,1788185182633,1018,882.852885,20,1,0,0,0,0
960,2105,1788185182653,1788185182691,38,27.987625,0,2,0,34078688,0,0
960,2102,1788185182653,1788185182692,39,34.703191,0,2,0,34078688,0,0
960,2099,1788185182653,1788185182693,40,35.132126,0,2,0,34078688,0,0
960,2109,1788185182653,1788185182694,41,35.041154,0,3,0,34078688,0,0
960,2103,1788185182653,1788185182694,41,34.141987,0,4,0,34078688,0,0
960,2104,1788185182653,1788185182694,41,35.716931,0,2,0,34078688,0,0
960,2106,1788185182653,1788185182695,42,34.752844,0,2,0,34078688,0,0
960,2097,1788185182653,1788185182695,42,34.53772,0,2,0,34078688,0,0
960,2107,1788185182653,1788185182695,42,34.613863,0,2,0,34078688,0,0
960,2098,1788185182653,1788185182697,44,36.551807,0,2,0,34078688,0,0
960,2108,1788185182653,1788185182697,44,36.370766,0,2,0,34078688,0,0
960,2100,1788185182653,1788185182697,44,36.306056,0,2,0,34078688,0,0
960,2101,1788185182653,1788185182698,45,36.298132,0,2,0,34078688,0,0
960,2111,1788185182653,1788185182698,45,36.189094,0,2,0,34078688,0,0
960,2110,1788185182653,1788185182699,46,35.397882,0,2,0,34078688,0,0
960,2113,1788185182691,1788185182711,20,16.431348,0,2,0,34078688,0,0
960,2112,1788185182689,1788185182717,28,24.181114,0,2,0,34078688,0,0
961,2115,1788185184174,1788185184238,64,56.411923,0,1,0,0,0,0
961,2114,1788185184174,1788185184496,322,296.629227,0,1,0,0,0,0
963,2116,1788185184505,1788185184506,1,0.50663,0,0,0,0,0,0
945,2086,1788185172337,1788185185089,12752,11356.780581,165,1,0,0,0,0
965,2119,1788185185836,1788185185898,62,59.311957,0,0,0,0,0,0
965,2118,1788185185835,1788185186194,359,352.100394,0,0,0,0,0,0
964,2117,1788185185832,1788185186203,371,350.149815,0,1,0,0,0,0
967,2120,1788185186205,1788185186211,6,5.570859,0,0,0,0,0,0
969,2122,1788185186264,1788185186292,28,20.456748,0,5,0,3407872,0,0
969,2130,1788185186265,1788185186293,28,23.29935,0,3,0,3407872,0,0
969,2133,1788185186265,1788185186310,45,23.019358,15,2,0,3407872,0,0
969,2124,1788185186264,1788185186310,46,24.729845,15,2,0,3407872,0,0
969,2131,1788185186265,1788185186310,45,23.806633,15,2,0,3407872,0,0
969,2123,1788185186264,1788185186311,47,24.65403,15,4,0,3407872,0,0
969,2129,1788185186265,1788185186311,46,23.013804,15,3,0,3407872,0,0
969,2128,1788185186265,1788185186312,47,22.896482,15,6,0,3407872,0,0
969,2125,1788185186264,1788185186312,48,23.959989,15,2,0,3407872,0,0
969,2127,1788185186265,1788185186312,47,23.127919,15,4,0,3407872,0,0
969,2134,1788185186265,1788185186312,47,23.107442,15,6,0,3407872,0,0
969,2121,1788185186264,1788185186313,49,23.976892,15,3,0,3407872,0,0
969,2126,1788185186265,1788185186313,48,23.083337,15,2,0,3407872,0,0
969,2132,1788185186265,1788185186317,52,21.583019,15,4,0,3407872,0,0
972,2135,1788185186333,1788185186336,3,1.645326,0,1,0,8650736,0,0
975,2136,1788185186340,1788185186344,4,1.852455,0,1,0,8650736,0,0
979,2137,1788185186354,1788185186357,3,0.935575,0,1,0,8454128,0,0
980,2138,1788185187625,1788185187679,54,38.34037,0,0,0,0,0,0
981,2140,1788185187740,1788185187772,32,28.836458,0,0,0,18377216,0,0
981,2139,1788185187740,1788185187987,247,239.523316,0,0,0,18377216,0,0
983,2141,1788185187997,1788185187998,1,0.492414,0,0,0,0,0,0
985,2143,1788185189343,1788185189391,48,33.274027,0,0,0,0,0,0
987,2147,1788185189347,1788185189493,146,137.778535,0,1,0,0,0,0
986,2145,1788185189344,1788185189548,204,195.349189,0,1,0,25165792,0,0
984,2142,1788185189339,1788185189862,523,472.001253,18,2,0,0,0,0
987,2146,1788185189347,1788185190280,933,886.748385,18,1,0,0,0,0
986,2144,1788185189344,1788185190972,1628,1568.851016,29,1,0,167771968,0,0
991,2157,1788185191012,1788185191222,210,161.590345,0,3,0,43732832,0,0
991,2149,1788185191012,1788185191442,430,392.502069,10,3,0,123490032,0,0
991,2156,1788185191012,1788185191470,458,418.319129,10,3,0,123490032,0,0
991,2150,1788185191012,1788185191473,461,428.100444,10,3,0,123490032,0,0
991,2155,1788185191012,1788185191473,461,418.074448,10,3,0,123490032,0,0
991,2161,1788185191012,1788185191507,495,424.853427,10,3,0,123490032,0,0
991,2152,1788185191012,1788185191510,498,414.412909,10,3,0,123490032,0,0
991,2159,1788185191012,1788185191516,504,428.262822,10,3,0,123490032,0,0
991,2164,1788185191219,1788185191519,300,236.521527,10,4,0,100421376,0,0
991,2162,1788185191012,1788185191523,511,431.847902,10,3,0,123490032,0,0
991,2154,1788185191012,1788185191524,512,421.659915,10,3,0,123490032,0,0
991,2163,1788185191012,1788185191526,514,436.177124,10,3,0,123490032,0,0
991,2151,1788185191012,1788185191526,514,422.881653,10,3,0,123490032,0,0
991,2158,1788185191012,1788185191530,518,422.264125,10,3,0,123490032,0,0
991,2160,1788185191012,1788185191531,519,424.080305,10,4,0,123490032,0,0
991,2153,1788185191012,1788185191532,520,428.481252,10,2,0,123490032,0,0
991,2148,1788185191011,1788185191550,539,387.738484,10,5,0,123490032,0,0
992,2166,1788185197873,1788185198672,799,783.408808,7,1,0,0,0,0
992,2165,1788185197872,1788185203423,5551,5478.302095,12,1,0,0,0,0
994,2168,1788185203430,1788185204959,1529,901.145942,85,1,0,0,0,0
994,2172,1788185203430,1788185204963,1533,900.658461,85,0,0,0,0,0
994,2180,1788185203430,1788185205033,1603,893.416127,85,0,0,0,0,0
994,2174,1788185203430,1788185205146,1716,969.96334,85,0,0,0,0,0
994,2170,1788185203430,1788185205166,1736,960.67498,85,1,0,0,0,0
994,2167,1788185203430,1788185205198,1768,952.015715,85,0,0,0,0,0
994,2178,1788185203430,1788185205206,1776,971.503132,85,0,0,0,0,0
994,2171,1788185203430,1788185205221,1791,966.297032,85,1,0,0,0,0
994,2177,1788185203430,1788185205239,1809,1018.40466,85,1,0,0,0,0
994,2181,1788185203430,1788185205306,1876,1028.228001,85,0,0,0,0,0
994,2173,1788185203430,1788185205310,1880,1047.725383,85,1,0,0,0,0
994,2182,1788185203430,1788185205341,1911,1033.019934,85,0,0,0,0,0
994,2175,1788185203430,1788185205349,1919,1039.671437,85,0,0,0,0,0
994,2179,1788185203430,1788185205353,1923,1043.360513,85,0,0,0,0,0
994,2176,1788185203430,1788185205365,1935,1052.277093,85,0,0,0,0,0
994,2169,1788185203430,1788185205381,1951,1037.575124,85,0,0,0,0,0
994,2184,1788185204963,1788185205670,707,417.977027,0,0,0,0,0,0
994,2183,1788185204959,1788185205757,798,551.013564,0,0,0,0,0,0
995,2186,1788185207152,1788185208331,1179,1114.856941,35,1,0,8650736,0,0
995,2185,1788185207152,1788185213128,5976,5848.626541,56,1,0,8650736,0,0
997,2187,1788185213157,1788185213162,5,2.619954,0,1,0,8650736,0,0
999,2188,1788185213165,1788185213171,6,3.060942,0,1,0,8650736,0,0
1002,2189,1788185213183,1788185213187,4,1.242751,0,1,0,8454128,0,0
1004,2192,1788185214489,1788185214512,23,14.317799,0,0,0,0,0,0
1003,2191,1788185214487,1788185214656,169,161.979061,0,1,0,0,0,0
1005,2193,1788185214530,1788185214703,173,152.531533,0,1,0,2097152,0,0
1007,2194,1788185214713,1788185214740,27,20.509497,0,0,0,0,0,0
1003,2190,1788185214487,1788185215367,880,834.932547,9,1,0,0,0,0
1009,2199,1788185215391,1788185215421,30,25.200658,0,2,0,34078688,0,0
1009,2200,1788185215391,1788185215433,42,36.86805,0,2,0,34078688,0,0
1009,2204,1788185215391,1788185215433,42,37.736199,0,2,0,34078688,0,0
1009,2201,1788185215391,1788185215433,42,37.831739,0,2,0,34078688,0,0
1009,2197,1788185215390,1788185215434,44,38.172837,0,2,0,34078688,0,0
1009,2196,1788185215390,1788185215434,44,38.438707,0,2,0,34078688,0,0
1009,2210,1788185215391,1788185215434,43,38.007307,0,2,0,34078688,0,0
1009,2205,1788185215391,1788185215434,43,38.453665,0,2,0,34078688,0,0
1009,2198,1788185215390,1788185215434,44,38.546858,0,2,0,34078688,0,0
1009,2208,1788185215391,1788185215434,43,38.620718,0,2,0,34078688,0,0
1009,2203,1788185215391,1788185215434,43,38.540669,0,2,0,34078688,0,0
1009,2209,1788185215391,1788185215435,44,37.901309,0,4,0,34078688,0,0
1009,2206,1788185215391,1788185215435,44,36.727578,0,6,0,34078688,0,0
1009,2207,1788185215391,1788185215436,45,38.022264,0,2,0,34078688,0,0
1009,2211,1788185215420,1788185215440,20,16.381306,0,2,0,34078688,0,0
1009,2202,1788185215391,1788185215445,54,30.118359,0,2,0,34078688,0,0
1009,2195,1788185215390,1788185215446,56,32.389543,0,2,0,34078688,0,0
1010,2213,1788185216857,1788185216922,65,57.937898,0,1,0,0,0,0
1010,2212,1788185216857,1788185217179,322,298.671574,0,1,0,0,0,0
1012,2214,1788185217188,1788185217190,2,0.466605,0,0,0,0,0,0
1014,2217,1788185218510,1788185218606,96,89.99289,0,0,0,0,0,0
1013,2215,1788185218507,1788185218876,369,348.868995,0,1,0,0,0,0
1014,2216,1788185218510,1788185218939,429,405.665834,0,0,0,0,0,0
1016,2218,1788185218949,1788185218956,7,5.685384,0,0,0,0,0,0
1018,2224,1788185218980,1788185219003,23,19.233645,0,1,0,3407872,0,0
1018,2225,1788185218980,1788185219008,28,23.766875,0,2,0,3407872,0,0
1018,2227,1788185218980,1788185219008,28,23.136765,0,1,0,3407872,0,0
1018,2228,1788185218980,1788185219009,29,23.608802,0,1,0,3407872,0,0
1018,2231,1788185218981,1788185219009,28,23.252612,0,2,0,3407872,0,0
1018,2229,1788185218980,1788185219009,29,23.373258,0,1,0,3407872,0,0
1018,2222,1788185218980,1788185219009,29,24.242249,0,1,0,3407872,0,0
1018,2220,1788185218980,1788185219010,30,24.772627,0,1,0,3407872,0,0
1018,2223,1788185218980,1788185219010,30,23.753803,0,1,0,3407872,0,0
1018,2232,1788185218981,1788185219010,29,23.477323,0,2,0,3407872,0,0
1018,2219,1788185218980,1788185219010,30,24.757556,0,1,0,3407872,0,0
1018,2221,1788185218980,1788185219010,30,25.093299,0,1,0,3407872,0,0
1018,2230,1788185218980,1788185219010,30,24.23961,0,1,0,3407872,0,0
1018,2226,1788185218980,1788185219010,30,23.813628,0,1,0,3407872,0,0
1021,2233,1788185219029,1788185219033,4,1.828661,0,1,0,8650736,0,0
1024,2234,1788185219038,1788185219044,6,2.87356,0,2,0,8650736,0,0
1028,2235,1788185219062,1788185219066,4,1.194911,0,1,0,8454128,0,0
1029,2236,1788185220347,1788185220400,53,37.315184,0,0,1,0,0,0
1030,2238,1788185220462,1788185220516,54,48.045921,0,1,0,18377216,0,0
1030,2237,1788185220462,1788185220736,274,250.391178,0,1,0,18377216,0,0
1032,2239,1788185220745,1788185220747,2,0.47968,0,0,0,0,0,0
1034,2241,1788185222052,1788185222112,60,41.697484,0,0,0,0,0,0
1036,2245,1788185222058,1788185222282,224,188.505511,27,1,0,0,0,0
1035,2243,1788185222055,1788185222407,352,315.788682,27,1,0,25165792,0,0
1033,2240,1788185222047,1788185222582,535,479.071951,27,1,0,0,0,0
1036,2244,1788185222058,1788185223056,998,918.312993,36,1,0,0,0,0
1035,2242,1788185222054,1788185223712,1658,1577.303436,36,1,0,159383376,0,0
1040,2255,1788185223754,1788185223974,220,180.515091,10,3,0,43732832,0,0
1040,2250,1788185223754,1788185224260,506,450.001694,17,3,0,123490032,0,0
1040,2253,1788185223754,1788185224261,507,437.052137,17,3,0,123490032,0,0
1040,2261,1788185223755,1788185224266,511,456.185794,17,3,0,123490032,0,0
1040,2256,1788185223754,1788185224267,513,469.70211,17,3,0,123490032,0,0
1040,2251,1788185223754,1788185224268,514,466.395699,17,3,0,123490032,0,0
1040,2248,1788185223754,1788185224268,514,449.788681,17,3,0,123490032,0,0
1040,2262,1788185223972,1788185224271,299,259.388245,7,3,0,100421376,0,0
1040,2254,1788185223754,1788185224272,518,461.501418,17,3,0,123490032,0,0
1040,2249,1788185223754,1788185224272,518,460.994627,17,3,0,123490032,0,0
1040,2252,1788185223754,1788185224275,521,466.724031,17,3,0,123490032,0,0
1040,2258,1788185223754,1788185224279,525,470.896213,17,5,0,123490032,0,0
1040,2257,1788185223754,1788185224282,528,466.806983,17,4,0,123490032,0,0
1040,2259,1788185223755,1788185224283,528,476.209011,17,4,0,123490032,0,0
1040,2260,1788185223755,1788185224283,528,464.529678,17,5,0,123490032,0,0
1040,2246,1788185223754,1788185224288,534,480.916041,17,3,0,123490032,0,0
1040,2247,1788185223754,1788185224288,534,464.992089,17,4,0,123490032,0,0
1041,2264,1788185230600,1788185231440,840,795.140131,7,1,0,0,0,0
1041,2263,1788185230599,1788185236190,5591,5484.271415,17,1,0,0,0,0
1043,2278,1788185236198,1788185238224,2026,905.522704,89,0,0,0,0,0
1043,2266,1788185236198,1788185238236,2038,905.471222,89,1,0,0,0,0
1043,2270,1788185236198,1788185238283,2085,899.241507,89,0,0,0,0,0
1043,2268,1788185236198,1788185238439,2241,981.434789,89,0,0,0,0,0
1043,2276,1788185236198,1788185238457,2259,982.067814,89,0,0,0,0,0
1043,2272,1788185236198,1788185238501,2303,986.94808,89,0,0,0,0,0
1043,2265,1788185236198,1788185238501,2303,984.601284,89,0,0,0,0,0
1043,2269,1788185236198,1788185238508,2310,967.506559,89,0,0,0,0,0
1043,2280,1788185236199,1788185238534,2335,1027.33198,89,0,0,0,0,0
1043,2271,1788185236198,1788185238535,2337,1055.583267,89,0,0,0,0,0
1043,2273,1788185236198,1788185238546,2348,1066.755305,89,0,0,0,0,0
1043,2274,1788185236198,1788185238548,2350,1059.802023,89,0,0,0,0,0
1043,2267,1788185236198,1788185238549,2351,1063.310592,89,0,0,0,0,0
1043,2275,1788185236198,1788185238550,2352,1042.917124,89,0,0,0,0,0
1043,2279,1788185236199,1788185238554,2355,1053.590149,89,0,0,0,0,0
1043,2277,1788185236198,1788185238554,2356,1038.338488,89,0,0,0,0,0
1043,2282,1788185238236,1788185238683,447,396.82344,0,0,0,0,0,0
1043,2281,1788185238223,1788185238806,583,518.102453,0,0,0,0,0,0
1044,2284,1788185240240,1788185241437,1197,1134.664038,32,1,0,8650736,0,0
1044,2283,1788185240240,1788185246225,5985,5853.402369,56,1,0,8650736,0,0
1046,2285,1788185246253,1788185246258,5,2.640663,0,1,0,8650736,0,0
1048,2286,1788185246262,1788185246267,5,2.923925,0,2,0,8650736,0,0
1051,2287,1788185246278,1788185246282,4,1.075618,0,1,0,8454128,0,0
1053,2290,1788185247607,1788185247631,24,15.489339,0,0,0,0,0,0
1052,2289,1788185247604,1788185247771,167,160.825967,0,0,0,0,0,0
1054,2291,1788185247649,1788185247831,182,160.445239,0,1,0,2097152,0,0
1056,2292,1788185247841,1788185247868,27,21.217286,0,0,0,0,0,0
1052,2288,1788185247603,1788185248464,861,807.664073,10,0,0,0,0,0
1058,2300,1788185248487,1788185248519,32,27.183866,0,3,0,34078688,0,0
1058,2294,1788185248486,1788185248519,33,24.833818,0,3,0,34078688,0,0
1058,2306,1788185248487,1788185248524,37,32.355517,0,3,0,34078688,0,0
1058,2299,1788185248487,1788185248525,38,33.491627,0,3,0,34078688,0,0
1058,2301,1788185248487,1788185248526,39,34.626387,0,3,0,34078688,0,0
1058,2302,1788185248487,1788185248527,40,35.563053,0,3,0,34078688,0,0
1058,2304,1788185248487,1788185248527,40,35.739984,0,3,0,34078688,0,0
1058,2295,1788185248487,1788185248527,40,36.109746,0,3,0,34078688,0,0
1058,2307,1788185248487,1788185248528,41,36.571884,0,3,0,34078688,0,0
1058,2305,1788185248487,1788185248528,41,36.603645,0,3,0,34078688,0,0
1058,2296,1788185248487,1788185248529,42,35.238293,0,3,0,34078688,0,0
1058,2303,1788185248487,1788185248531,44,35.477502,0,3,0,34078688,0,0
1058,2293,1788185248486,1788185248536,50,31.047052,0,3,0,34078688,0,0
1058,2297,1788185248487,1788185248537,50,30.438663,0,3,0,34078688,0,0
1058,2308,1788185248487,1788185248538,51,30.162442,0,3,0,34078688,0,0
1058,2298,1788185248487,1788185248539,52,29.702431,0,3,0,34078688,0,0
1058,2309,1788185248518,1788185248540,22,18.613172,0,2,0,34078688,0,0
1059,2311,1788185249940,1788185250002,62,56.062014,0,1,0,0,0,0
1059,2310,1788185249940,1788185250255,315,290.98721,0,1,0,0,0,0
1061,2312,1788185250265,1788185250266,1,0.502392,0,0,0,0,0,0
1063,2315,1788185251602,1788185251700,98,91.465133,0,1,0,0,0,0
1062,2313,1788185251598,1788185251981,383,355.39561,0,1,0,0,0,0
1063,2314,1788185251602,1788185252033,431,408.840295,0,1,0,0,0,0
1065,2316,1788185252043,1788185252050,7,5.57704,0,0,0,0,0,0
1067,2317,1788185252072,1788185252094,22,18.561074,0,1,0,3407872,0,0
1067,2323,1788185252072,1788185252099,27,22.94682,0,1,0,3407872,0,0
1067,2327,1788185252072,1788185252099,27,23.470651,0,1,0,3407872,0,0
1067,2325,1788185252072,1788185252099,27,23.593872,0,1,0,3407872,0,0
1067,2328,1788185252072,1788185252099,27,23.573925,0,1,0,3407872,0,0
1067,2321,1788185252072,1788185252099,27,23.02571,0,2,0,3407872,0,0
1067,2326,1788185252072,1788185252102,30,23.129585,0,1,0,3407872,0,0
1067,2324,1788185252072,1788185252102,30,23.444853,0,2,0,3407872,0,0
1067,2329,1788185252072,1788185252102,30,23.088629,0,1,0,3407872,0,0
1067,2320,1788185252072,1788185252104,32,28.336447,0,2,0,3407872,0,0
1067,2322,1788185252072,1788185252104,32,23.443701,0,1,0,3407872,0,0
1067,2330,1788185252072,1788185252104,32,23.386855,0,2,0,3407872,0,0
1067,2319,1788185252072,1788185252104,32,24.579392,0,1,0,3407872,0,0
1067,2318,1788185252072,1788185252104,32,24.521592,0,2,0,3407872,0,0
1070,2331,1788185252125,1788185252129,4,1.794245,0,2,0,8650736,0,0
1073,2332,1788185252134,1788185252140,6,2.573378,0,2,0,8650736,0,0
1077,2333,1788185252154,1788185252159,5,1.582328,0,2,0,8454128,0,0
1078,2334,1788185253431,1788185253485,54,37.608753,0,0,1,0,0,0
1079,2336,1788185253548,1788185253603,55,48.836457,0,1,0,18377216,0,0
1079,2335,1788185253548,1788185253829,281,257.026705,0,1,0,18377216,0,0
1081,2337,1788185253838,1788185253840,2,0.55445,0,0,0,0,0,0
1083,2339,1788185255301,1788185255357,56,32.421178,0,0,0,0,0,0
1085,2343,1788185255305,1788185255549,244,201.506721,26,1,0,0,0,0
1084,2341,1788185255302,1788185255669,367,330.88944,26,1,0,25165792,0,0
1082,2338,1788185255298,1788185255830,532,479.621354,26,1,0,0,0,0
1085,2342,1788185255305,1788185256305,1000,911.617467,36,1,0,0,0,0
1084,2340,1788185255302,1788185256973,1671,1589.178861,36,1,0,159383376,0,0
1089,2353,1788185257014,1788185257220,206,174.681636,10,2,0,43732832,0,0
1089,2352,1788185257014,1788185257466,452,426.264802,10,2,0,123490032,0,0
1089,2356,1788185257014,1788185257497,483,430.677036,14,3,0,123490032,0,0
1089,2346,1788185257013,1788185257497,484,453.071304,14,2,0,123490032,0,0
1089,2351,1788185257014,1788185257499,485,430.352083,14,3,0,123490032,0,0
1089,2350,1788185257013,1788185257501,488,451.142313,14,3,0,123490032,0,0
1089,2360,1788185257212,1788185257501,289,258.949511,4,7,0,100421376,0,0
1089,2347,1788185257013,1788185257505,492,455.143479,14,3,0,123490032,0,0
1089,2348,1788185257013,1788185257505,492,410.10039,14,3,0,123490032,0,0
1089,2355,1788185257014,1788185257511,497,462.076341,14,3,0,123490032,0,0
1089,2358,1788185257014,1788185257514,500,457.727475,14,3,0,123490032,0,0
1089,2345,1788185257013,1788185257514,501,471.918922,14,3,0,123490032,0,0
1089,2357,1788185257014,1788185257518,504,424.264655,14,9,0,123490032,0,0
1089,2359,1788185257014,1788185257519,505,473.903845,14,2,0,123490032,0,0
1089,2344,1788185257013,1788185257520,507,448.702371,14,12,0,123490032,0,0
1089,2354,1788185257014,1788185257520,506,464.391073,14,3,0,123490032,0,0
1089,2349,1788185257013,1788185257523,510,467.048031,14,2,0,123490032,0,0
1090,2362,1788185263852,1788185264670,818,791.157396,0,1,0,0,0,0
1090,2361,1788185263852,1788185269380,5528,5471.069638,0,1,0,0,0,0
1092,2368,1788185269388,1788185270977,1589,911.895019,80,0,0,0,0,0
1092,2376,1788185269389,1788185270992,1603,884.597922,80,0,0,0,0,0
1092,2363,1788185269388,1788185271067,1679,938.348068,80,0,0,0,0,0
1092,2370,1788185269388,1788185271077,1689,968.020309,80,0,0,0,0,0
1092,2366,1788185269388,1788185271107,1719,980.244529,80,0,0,0,0,0
1092,2364,1788185269388,1788185271153,1765,900.077193,80,0,0,0,0,0
1092,2374,1788185269389,1788185271223,1834,965.165647,80,0,0,0,0,0
1092,2371,1788185269388,1788185271227,1839,1020.911294,80,0,0,0,0,0
1092,2378,1788185269389,1788185271229,1840,1035.273763,80,0,0,0,0,0
1092,2372,1788185269388,1788185271230,1842,1049.78777,80,1,0,0,0,0
1092,2373,1788185269389,1788185271231,1842,1056.133466,80,0,0,0,0,0
1092,2367,1788185269388,1788185271232,1844,987.117009,80,0,0,0,0,0
1092,2369,1788185269388,1788185271239,1851,1018.29518,80,0,0,0,0,0
1092,2375,1788185269389,1788185271244,1855,1060.416082,80,0,0,0,0,0
1092,2377,1788185269389,1788185271246,1857,1004.161963,80,0,0,0,0,0
1092,2365,1788185269388,1788185271246,1858,1049.209769,80,0,0,0,0,0
1092,2380,1788185270992,1788185271682,690,407.377132,0,0,0,0,0,0
1092,2379,1788185270977,1788185271730,753,540.888313,0,0,0,0,0,0
1094,2383,1788185274707,1788185275915,1208,1133.580944,41,1,0,8650736,0,0
1094,2382,1788185274707,1788185280861,6154,5956.980743,115,1,0,8650736,0,0
1096,2384,1788185280895,1788185280900,5,2.62846,0,1,0,8650736,0,0
1098,2385,1788185280903,1788185280909,6,2.930597,0,1,0,8650736,0,0
1101,2386,1788185280922,1788185280925,3,1.127364,0,1,0,8454128,0,0
1103,2389,1788185282279,1788185282303,24,15.953099,0,0,0,0,0,0
1102,2388,1788185282276,1788185282457,181,173.836833,0,1,0,0,0,0
1104,2390,1788185282326,1788185282668,342,176.076533,21,1,0,2097152,0,0
1106,2391,1788185282681,1788185282710,29,22.535618,0,0,0,0,0,0
1102,2387,1788185282276,1788185283241,965,841.980663,21,1,0,0,0,0
1108,2398,1788185283267,1788185283325,58,35.175317,18,2,0,34078688,0,0
1108,2401,1788185283267,1788185283327,60,37.147384,18,2,0,34078688,0,0
1108,2399,1788185283267,1788185283327,60,37.072744,18,2,0,34078688,0,0
1108,2397,1788185283267,1788185283333,66,37.275945,18,4,0,34078688,0,0
1108,2405,1788185283267,1788185283333,66,36.166259,18,4,0,34078688,0,0
1108,2392,1788185283267,1788185283333,66,41.224752,18,4,0,34078688,0,0
1108,2403,1788185283267,1788185283334,67,39.375283,18,4,0,34078688,0,0
1108,2404,1788185283267,1788185283334,67,36.91532,18,2,0,34078688,0,0
1108,2395,1788185283267,1788185283334,67,37.861022,18,4,0,34078688,0,0
1108,2406,1788185283267,1788185283334,67,37.795909,18,4,0,34078688,0,0
1108,2402,1788185283267,1788185283334,67,38.100229,18,4,0,34078688,0,0
1108,2393,1788185283267,1788185283347,80,33.280252,18,4,0,34078688,0,0
1108,2400,1788185283267,1788185283347,80,31.060436,18,33,0,34078688,0,0
1108,2396,1788185283267,1788185283351,84,33.531785,18,4,0,34078688,0,0
1108,2394,1788185283267,1788185283352,85,36.100309,18,2,0,34078688,0,0
1108,2408,1788185283326,1788185283355,29,24.840292,0,2,0,34078688,0,0
1108,2407,1788185283324,1788185283355,31,26.106115,0,2,0,34078688,0,0
1109,2410,1788185284853,1788185284916,63,55.979827,0,1,0,0,0,0
1109,2409,1788185284853,1788185285168,315,292.108662,0,1,0,0,0,0
1111,2411,1788185285177,1788185285179,2,0.512391,0,0,0,0,0,0
1093,2381,1788185273086,1788185285721,12635,11272.273764,181,1,0,0,0,0
1113,2414,1788185286513,1788185286577,64,59.358119,0,0,0,0,0,0
1113,2413,1788185286513,1788185286874,361,353.993598,0,0,0,0,0,0
1112,2412,1788185286510,1788185286878,368,347.218766,0,1,0,0,0,0
1115,2415,1788185286884,1788185286891,7,5.605564,0,0,0,0,0,0
1117,2427,1788185286925,1788185286950,25,18.380685,0,2,0,3407872,0,0
1117,2423,1788185286925,1788185286956,31,23.954511,0,2,0,3407872,0,0
1117,2428,1788185286925,1788185286956,31,23.475634,0,6,0,3407872,0,0
1117,2422,1788185286925,1788185286957,32,24.369656,0,2,0,3407872,0,0
1117,2426,1788185286925,1788185286957,32,24.164765,0,2,0,3407872,0,0
1117,2420,1788185286925,1788185286957,32,24.342488,0,2,0,3407872,0,0
1117,2421,1788185286925,1788185286957,32,24.130799,0,2,0,3407872,0,0
1117,2425,1788185286925,1788185286957,32,24.098733,0,2,0,3407872,0,0
1117,2416,1788185286925,1788185286957,32,24.710151,0,2,0,3407872,0,0
1117,2418,1788185286925,1788185286957,32,25.059124,0,2,0,3407872,0,0
1117,2424,1788185286925,1788185286957,32,24.40348,0,2,0,3407872,0,0
1117,2429,1788185286925,1788185286958,33,23.220279,0,5,0,3407872,0,0
1117,2417,1788185286925,1788185286958,33,25.465693,0,2,0,3407872,0,0
1117,2419,1788185286925,1788185286960,35,24.717412,0,2,0,3407872,0,0
1120,2430,1788185286976,1788185286980,4,1.678187,0,1,0,8650736,0,0
1123,2431,1788185286983,1788185286988,5,1.922797,0,1,0,8650736,0,0
1127,2432,1788185287003,1788185287006,3,0.948749,0,1,0,8454128,0,0
1128,2433,1788185288327,1788185288379,52,36.394076,0,0,0,0,0,0
1129,2435,1788185288439,1788185288473,34,29.989524,0,0,0,18377216,0,0
1129,2434,1788185288439,1788185288691,252,243.799804,0,0,0,18377216,0,0
1131,2436,1788185288700,1788185288702,2,0.489027,0,0,0,0,0,0
1133,2438,1788185290063,1788185290156,93,34.6727,40,1,0,0,0,0
1135,2442,1788185290066,1788185290248,182,134.669784,40,0,0,0,0,0
1134,2440,1788185290065,1788185290325,260,212.463963,40,1,0,25165792,0,0
1132,2437,1788185290057,1788185290597,540,471.677932,40,4,0,0,0,0
1135,2441,1788185290066,1788185291034,968,910.631579,47,1,0,0,0,0
1134,2439,1788185290065,1788185291721,1656,1576.445086,52,1,0,167771968,0,0
1139,2452,1788185291770,1788185291980,210,175.424205,9,4,5,43732832,0,0
1139,2454,1788185291770,1788185292233,463,428.307174,9,3,0,123490032,0,0
1139,2450,1788185291770,1788185292233,463,426.301706,9,3,0,123490032,0,0
1139,2455,1788185291770,1788185292237,467,403.323134,9,3,0,123490032,0,0
1139,2453,1788185291770,1788185292238,468,424.139509,9,3,0,123490032,0,0
1139,2459,1788185291978,1788185292240,262,238.683697,0,5,0,100421376,0,0
1139,2451,1788185291770,1788185292254,484,442.14358,9,3,0,123490032,0,0
1139,2443,1788185291770,1788185292257,487,438.349761,9,3,0,123490032,0,0
1139,2457,1788185291770,1788185292264,494,434.033946,9,3,0,123490032,0,0
1139,2456,1788185291770,1788185292276,506,408.280546,9,3,0,123490032,0,0
1139,2447,1788185291770,1788185292276,506,433.699709,9,3,0,123490032,0,0
1139,2448,1788185291770,1788185292277,507,435.822469,9,3,0,123490032,0,0
1139,2458,1788185291770,1788185292282,512,408.098994,9,4,0,123490032,0,0
1139,2444,1788185291770,1788185292284,514,416.822532,9,3,0,123490032,0,0
1139,2449,1788185291770,1788185292284,514,379.318186,9,3,0,123490032,0,0
1139,2445,1788185291770,1788185292286,516,404.571974,9,3,0,123490032,0,0
1139,2446,1788185291770,1788185292288,518,404.018325,9,3,0,123490032,0,0
1140,2461,1788185298601,1788185299459,858,805.715937,20,1,0,0,0,0
1140,2460,1788185298601,1788185304197,5596,5500.244758,20,1,0,0,0,0
1142,2473,1788185304205,1788185306625,2420,956.650255,94,0,0,0,0,0
1142,2466,1788185304205,1788185306726,2521,1052.479145,94,1,0,0,0,0
1142,2475,1788185304206,1788185306751,2545,1018.161018,94,0,0,0,0,0
1142,2463,1788185304205,1788185306757,2552,1028.951865,94,0,0,0,0,0
1142,2474,1788185304205,1788185306763,2558,1065.151147,94,0,0,0,0,0
1142,2477,1788185304206,1788185306770,2564,1054.996554,94,0,0,0,0,0
1142,2465,1788185304205,1788185306770,2565,1033.579502,94,0,0,0,0,0
1142,2462,1788185304205,1788185306773,2568,1063.673513,94,0,0,0,0,0
1142,2467,1788185304205,1788185306784,2579,1068.450263,94,0,0,0,0,0
1142,2470,1788185304205,1788185306787,2582,1097.379638,94,0,0,0,0,0
1142,2471,1788185304205,1788185306791,2586,1017.934557,94,1,0,0,0,0
1142,2476,1788185304206,1788185306792,2586,1081.344356,94,0,0,0,0,0
1142,2469,1788185304205,1788185306795,2590,1084.816722,94,0,0,0,0,0
1142,2472,1788185304205,1788185306800,2595,1085.956668,94,0,0,0,0,0
1142,2468,1788185304205,1788185306801,2596,1086.078216,94,1,0,0,0,0
1142,2464,1788185304205,1788185306806,2601,1095.526329,94,1,0,0,0,0
1142,2478,1788185306625,1788185307113,488,434.326029,0,0,0,0,0,0
1143,2479,1788185308466,1788185308518,52,36.999686,0,0,1,0,0,0
1144,2481,1788185308580,1788185308638,58,51.738996,0,0,0,18377216,0,0
1144,2480,1788185308579,1788185308847,268,246.584592,0,1,0,18377216,0,0
1146,2482,1788185308856,1788185308858,2,0.508554,0,0,0,0,0,0
1147,2484,1788185315189,1788185315991,802,795.590587,0,1,0,0,0,0
1147,2483,1788185315188,1788185320820,5632,5517.712734,36,1,0,0,0,0
1149,2496,1788185320829,1788185322548,1719,909.204079,82,1,0,0,0,0
1149,2498,1788185320829,1788185322605,1776,1001.959207,82,1,0,0,0,0
1149,2489,1788185320829,1788185322746,1917,1073.842592,82,1,0,0,0,0
1149,2488,1788185320829,1788185322750,1921,1035.480685,82,2,0,0,0,0
1149,2485,1788185320829,1788185322750,1921,1067.425115,82,2,0,0,0,0
1149,2497,1788185320829,1788185322761,1932,1028.434373,82,1,0,0,0,0
1149,2490,1788185320829,1788185322762,1933,1075.560354,82,1,0,0,0,0
1149,2500,1788185320830,1788185322771,1941,1083.144113,82,1,0,0,0,0
1149,2486,1788185320829,1788185322777,1948,1040.671926,82,1,0,0,0,0
1149,2492,1788185320829,1788185322784,1955,1095.08439,82,1,0,0,0,0
1149,2499,1788185320829,1788185322785,1956,1099.50766,82,1,0,0,0,0
1149,2493,1788185320829,1788185322790,1961,1085.189077,82,0,0,0,0,0
1149,2495,1788185320829,1788185322798,1969,1107.039324,82,0,0,0,0,0
1149,2494,1788185320829,1788185322805,1976,1034.16281,82,1,0,0,0,0
1149,2487,1788185320829,1788185322808,1979,1089.350887,82,1,0,0,0,0
1149,2491,1788185320829,1788185322812,1983,1066.781361,82,2,0,0,0,0
1149,2501,1788185322547,1788185323270,723,435.226422,0,0,0,0,0,0
1151,2503,1788185326306,1788185326366,60,38.969034,0,1,1,0,0,0
1152,2505,1788185326435,1788185326494,59,52.32995,0,1,0,18377216,0,0
1152,2504,1788185326435,1788185326710,275,251.934795,0,1,0,18377216,0,0
1154,2506,1788185326719,1788185326721,2,0.528561,0,0,0,0,0,0
1150,2502,1788185324673,1788185336709,12036,10599.682981,52,0,0,0,0,0
1155,2508,1788185343120,1788185343916,796,789.587061,0,1,0,0,0,0
1155,2507,1788185343119,1788185348713,5594,5504.166408,31,1,0,0,0,0
1157,2520,1788185348720,1788185350468,1748,939.489744,75,0,0,0,0,0
1157,2512,1788185348720,1788185350584,1864,1022.84851,75,0,0,0,0,0
1157,2510,1788185348720,1788185350591,1871,1013.214753,75,0,0,0,0,0
1157,2521,1788185348720,1788185350598,1878,1022.973087,75,0,0,0,0,0
1157,2509,1788185348720,1788185350601,1881,1051.17408,75,0,0,0,0,0
1157,2522,1788185348720,1788185350611,1891,978.858815,75,0,0,0,0,0
1157,2518,1788185348720,1788185350648,1928,1069.547891,75,0,0,0,0,0
1157,2523,1788185348720,1788185350650,1930,1064.812268,75,0,0,0,0,0
1157,2524,1788185348720,1788185350655,1935,1070.669391,75,0,0,0,0,0
1157,2513,1788185348720,1788185350660,1940,1071.107833,75,0,0,0,0,0
1157,2511,1788185348720,1788185350670,1950,1093.006614,75,1,0,0,0,0
1157,2516,1788185348720,1788185350677,1957,1091.382006,75,0,0,0,0,0
1157,2514,1788185348720,1788185350677,1957,1023.196771,75,1,0,0,0,0
1157,2515,1788185348720,1788185350697,1977,1063.980611,75,1,0,0,0,0
1157,2519,1788185348720,1788185350708,1988,1051.20348,75,0,0,0,0,0
1157,2517,1788185348720,1788185350712,1992,1051.352901,75,1,0,0,0,0
1157,2525,1788185350467,1788185351094,627,440.454633,0,0,0,0,0,0
1159,2527,1788185354063,1788185354118,55,38.738801,0,0,1,0,0,0
1160,2529,1788185354186,1788185354247,61,52.710371,0,0,0,18377216,0,0
1160,2528,1788185354186,1788185354503,317,254.481209,34,1,0,18377216,0,0
1162,2530,1788185354513,1788185354515,2,0.536056,0,0,0,0,0,0
1158,2526,1788185352465,1788185364507,12042,10594.412468,76,1,0,0,0,0
1163,2532,1788185370880,1788185371672,792,786.071494,0,1,0,0,0,0
1163,2531,1788185370880,1788185376478,5598,5508.939555,22,1,0,0,0,0
1165,2544,1788185376484,1788185378234,1750,932.828498,95,1,0,0,0,0
1165,2534,1788185376484,1788185378273,1789,1018.197324,95,0,0,0,0,0
1165,2546,1788185376484,1788185378368,1884,991.678196,95,1,0,0,0,0
1165,2540,1788185376484,1788185378373,1889,1062.623438,95,1,0,0,0,0
1165,2542,1788185376484,1788185378378,1894,1047.975294,95,0,0,0,0,0
1165,2541,1788185376484,1788185378403,1919,1080.69202,95,1,0,0,0,0
1165,2537,1788185376484,1788185378410,1926,1068.365171,95,1,0,0,0,0
1165,2545,1788185376484,1788185378411,1927,992.586276,95,0,0,0,0,0
1165,2536,1788185376484,1788185378417,1933,1021.437424,95,1,0,0,0,0
1165,2535,1788185376484,1788185378434,1950,1078.648248,95,0,0,0,0,0
1165,2533,1788185376484,1788185378436,1952,1098.275196,95,0,0,0,0,0
1165,2538,1788185376484,1788185378494,2010,1014.752934,95,0,0,0,0,0
1165,2543,1788185376484,1788185378500,2016,1067.505801,95,0,0,0,0,0
1165,2547,1788185376484,1788185378501,2017,1048.39794,95,0,0,0,0,0
1165,2548,1788185376484,1788185378504,2020,1003.06039,95,0,0,0,0,0
1165,2539,1788185376484,1788185378511,2027,1056.815313,95,0,0,0,0,0
1165,2549,1788185378234,1788185378883,649,464.271229,0,0,0,0,0,0
1166,2550,1788185380278,1788185380330,52,38.700062,0,0,1,0,0,0
1167,2552,1788185380396,1788185380453,57,51.104215,0,0,0,18377216,0,0
1167,2551,1788185380396,1788185380663,267,247.672705,0,0,0,18377216,0,0
1169,2553,1788185380675,1788185380676,1,0.498395,0,0,0,0,0,0
1170,2555,1788185386978,1788185387777,799,792.475008,0,1,0,0,0,0
1170,2554,1788185386978,1788185392516,5538,5482.300194,0,1,0,0,0,0
1172,2569,1788185392522,1788185394244,1722,998.713039,84,1,0,0,0,0
1172,2567,1788185392522,1788185394264,1742,936.397265,84,1,0,0,0,0
1172,2557,1788185392522,1788185394353,1831,1027.811586,84,0,0,0,0,0
1172,2568,1788185392522,1788185394391,1869,1011.085201,84,0,0,0,0,0
1172,2561,1788185392522,1788185394426,1904,1054.757993,84,1,0,0,0,0
1172,2560,1788185392522,1788185394429,1907,1051.436789,84,0,0,0,0,0
1172,2571,1788185392522,1788185394459,1937,1024.463097,84,0,0,0,0,0
1172,2556,1788185392522,1788185394465,1943,1051.649825,84,0,0,0,0,0
1172,2559,1788185392522,1788185394466,1944,1013.566757,84,0,0,0,0,0
1172,2558,1788185392522,1788185394467,1945,1078.920694,84,0,0,0,0,0
1172,2563,1788185392522,1788185394478,1956,1077.834962,84,0,0,0,0,0
1172,2565,1788185392522,1788185394480,1958,1025.550305,84,1,0,0,0,0
1172,2562,1788185392522,1788185394480,1958,1070.504927,84,0,0,0,0,0
1172,2564,1788185392522,1788185394484,1962,1055.921467,84,1,0,0,0,0
1172,2566,1788185392522,1788185394487,1965,1072.165539,84,1,0,0,0,0
1172,2570,1788185392522,1788185394487,1965,1059.286495,84,0,0,0,0,0
1172,2572,1788185394244,1788185394741,497,442.725319,0,0,0,0,0,0
1173,2573,1788185396349,1788185396400,51,36.368422,0,0,1,0,0,0
1174,2575,1788185396468,1788185396526,58,51.371485,0,1,0,18377216,0,0
1174,2574,1788185396468,1788185396760,292,247.556018,22,1,0,18377216,0,0
1176,2576,1788185396770,1788185396772,2,0.672142,0,0,0,0,0,0
1177,2578,1788185403106,1788185403898,792,785.536951,0,1,0,0,0,0
1177,2577,1788185403106,1788185408635,5529,5473.200497,0,1,0,0,0,0
1179,2590,1788185408642,1788185410399,1757,942.979329,74,0,0,0,0,0
1179,2580,1788185408641,1788185410461,1820,1017.086138,74,1,0,0,0,0
1179,2592,1788185408642,1788185410469,1827,998.510217,74,1,0,0,0,0
1179,2582,1788185408641,1788185410479,1838,1025.975205,74,0,0,0,0,0
1179,2591,1788185408642,1788185410494,1852,1032.44437,74,0,0,0,0,0
1179,2588,1788185408642,1788185410532,1890,1044.097401,74,0,0,0,0,0
1179,2583,1788185408641,1788185410545,1904,1066.374845,74,1,0,0,0,0
1179,2594,1788185408642,1788185410551,1909,1064.994927,74,0,0,0,0,0
1179,2584,1788185408641,1788185410551,1910,1066.114205,74,1,0,0,0,0
1179,2579,1788185408641,1788185410557,1916,1058.297297,74,0,0,0,0,0
1179,2589,1788185408642,1788185410563,1921,1083.110564,74,0,0,0,0,0
1179,2587,1788185408642,1788185410564,1922,1052.376998,74,0,0,0,0,0
1179,2585,1788185408642,1788185410567,1925,1082.87755,74,0,0,0,0,0
1179,2586,1788185408642,1788185410571,1929,1071.18355,74,0,0,0,0,0
1179,2581,1788185408641,1788185410575,1934,1083.330421,74,1,0,0,0,0
1179,2593,1788185408642,1788185410575,1933,1090.17185,74,0,0,0,0,0
1179,2595,1788185410398,1788185410885,487,431.782552,0,0,0,0,0,0
1181,2597,1788185413811,1788185413868,57,39.310551,0,0,0,0,0,0
1182,2599,1788185413930,1788185413990,60,52.030482,0,1,0,18377216,0,0
1182,2598,1788185413930,1788185414212,282,255.234031,0,1,0,18377216,0,0
1184,2600,1788185414221,1788185414223,2,0.503294,0,0,0,0,0,0
1180,2596,1788185412394,1788185424645,12251,10777.919294,80,0,0,0,0,0
1185,2602,1788185431030,1788185431826,796,789.97723,0,1,0,0,0,0
1185,2601,1788185431030,1788185436529,5499,5466.0123,0,1,0,0,0,0
1187,2614,1788185436536,1788185438197,1661,925.447194,70,1,0,0,0,0
1187,2604,1788185436535,1788185438242,1707,1010.267101,70,0,0,0,0,0
1187,2616,1788185436536,1788185438272,1736,1001.679017,70,0,0,0,0,0
1187,2606,1788185436535,1788185438337,1802,1021.488948,70,0,0,0,0,0
1187,2607,1788185436535,1788185438371,1836,1027.127305,70,0,0,0,0,0
1187,2615,1788185436536,1788185438392,1856,1035.51245,70,0,0,0,0,0
1187,2609,1788185436536,1788185438402,1866,1070.640663,70,0,0,0,0,0
1187,2612,1788185436536,1788185438405,1869,1042.040697,70,0,0,0,0,0
1187,2608,1788185436536,1788185438406,1870,1047.005332,70,1,0,0,0,0
1187,2610,1788185436536,1788185438420,1884,1093.480471,70,0,0,0,0,0
1187,2618,1788185436536,1788185438422,1886,1058.05514,70,0,0,0,0,0
1187,2605,1788185436535,1788185438426,1891,1066.155166,70,0,0,0,0,0
1187,2613,1788185436536,1788185438426,1890,1075.950522,70,1,0,0,0,0
1187,2617,1788185436536,1788185438431,1895,1060.240571,70,1,0,0,0,0
1187,2603,1788185436535,1788185438437,1902,1018.406603,70,1,0,0,0,0
1187,2611,1788185436536,1788185438437,1901,1029.453699,70,0,0,0,0,0
1187,2619,1788185438196,1788185438734,538,445.510947,26,0,0,0,0,0
1189,2621,1788185441686,1788185441740,54,37.923024,0,0,1,0,0,0
1190,2623,1788185441807,1788185441867,60,52.281028,0,0,0,18377216,0,0
1190,2622,1788185441807,1788185442085,278,253.833855,0,0,0,18377216,0,0
1192,2624,1788185442094,1788185442096,2,0.544952,0,0,0,0,0,0
1188,2620,1788185440079,1788185452061,11982,10574.215607,38,1,0,0,0,0
1193,2626,1788185458476,1788185459286,810,784.90236,19,1,0,0,0,0
1193,2625,1788185458476,1788185464024,5548,5474.613717,19,1,0,0,0,0
1195,2638,1788185464031,1788185465715,1684,946.450418,87,1,0,0,0,0
1195,2639,1788185464031,1788185465788,1757,1005.008934,87,0,0,0,0,0
1195,2630,1788185464030,1788185465814,1784,1037.597816,87,0,0,0,0,0
1195,2628,1788185464030,1788185465845,1815,1016.627459,87,0,0,0,0,0
1195,2627,1788185464030,1788185465883,1853,1061.40573,87,0,0,0,0,0
1195,2640,1788185464031,1788185465889,1858,976.93643,87,0,0,0,0,0
1195,2642,1788185464031,1788185465889,1858,1062.252971,87,0,0,0,0,0
1195,2632,1788185464030,1788185465914,1884,1056.562254,87,0,0,0,0,0
1195,2636,1788185464031,1788185465922,1891,1047.241191,87,1,0,0,0,0
1195,2635,1788185464031,1788185465925,1894,1053.679155,87,1,0,0,0,0
1195,2641,1788185464031,1788185465927,1896,1086.994665,87,0,0,0,0,0
1195,2634,1788185464031,1788185465930,1899,1093.753991,87,0,0,0,0,0
1195,2629,1788185464030,1788185465932,1902,1071.065329,87,0,0,0,0,0
1195,2637,1788185464031,1788185465940,1909,1082.675205,87,1,0,0,0,0
1195,2633,1788185464030,1788185465941,1911,1050.061223,87,0,0,0,0,0
1195,2631,1788185464030,1788185465943,1913,1004.09568,87,0,0,0,0,0
1195,2643,1788185465715,1788185466204,489,434.650292,0,0,0,0,0,0
1196,2644,1788185467890,1788185467944,54,38.042659,0,1,1,0,0,0
1197,2646,1788185468009,1788185468069,60,53.184701,0,1,0,18377216,0,0
1197,2645,1788185468009,1788185468289,280,248.749393,10,1,0,18377216,0,0
1199,2647,1788185468310,1788185468312,2,0.599063,0,0,0,0,0,0
1200,2649,1788185474638,1788185475443,805,798.897683,0,1,0,0,0,0
1200,2648,1788185474637,1788185480194,5557,5498.753941,0,1,0,0,0,0
1202,2661,1788185480204,1788185481831,1627,934.783282,72,0,0,0,0,0
1202,2663,1788185480204,1788185481948,1744,1009.965896,72,0,0,0,0,0
1202,2653,1788185480204,1788185482022,1818,1026.912368,72,0,0,0,0,0
1202,2655,1788185480204,1788185482050,1846,1051.84596,72,0,0,0,0,0
1202,2651,1788185480204,1788185482057,1853,1043.171468,72,0,0,0,0,0
1202,2650,1788185480203,1788185482066,1863,1062.405268,72,1,0,0,0,0
1202,2662,1788185480204,1788185482072,1868,1020.505097,72,0,0,0,0,0
1202,2654,1788185480204,1788185482076,1872,1056.990275,72,0,0,0,0,0
1202,2659,1788185480204,1788185482081,1877,1058.642482,72,1,0,0,0,0
1202,2665,1788185480204,1788185482091,1887,1070.845645,72,0,0,0,0,0
1202,2657,1788185480204,1788185482091,1887,1076.395778,72,0,0,0,0,0
1202,2658,1788185480204,1788185482093,1889,1081.359239,72,0,0,0,0,0
1202,2656,1788185480204,1788185482096,1892,1099.835148,72,0,0,0,0,0
1202,2652,1788185480204,1788185482097,1893,1092.642136,72,0,0,0,0,0
1202,2660,1788185480204,1788185482098,1894,1098.179548,72,0,0,0,0,0
1202,2664,1788185480204,1788185482103,1899,1062.078814,72,0,0,0,0,0
1202,2666,1788185481830,1788185482321,491,439.309901,0,0,0,0,0,0
1203,2667,1788185483833,1788185483889,56,38.690378,0,0,0,0,0,0
1204,2669,1788185483951,1788185484013,62,55.119647,0,1,0,18377216,0,0
1204,2668,1788185483951,1788185484225,274,253.80919,0,1,0,18377216,0,0
1206,2670,1788185484234,1788185484235,1,0.478277,0,0,0,0,0,0
1207,2672,1788185490480,1788185491275,795,788.703046,0,1,0,0,0,0
1207,2671,1788185490480,1788185496081,5601,5502.673585,40,1,0,0,0,0
1209,2684,1788185496088,1788185497913,1825,920.299993,72,1,0,0,0,0
1209,2686,1788185496088,1788185497937,1849,984.658743,72,1,0,0,0,0
1209,2674,1788185496088,1788185497958,1870,1028.767329,72,0,0,0,0,0
1209,2682,1788185496088,1788185497974,1886,1067.02883,72,0,0,0,0,0
1209,2685,1788185496088,1788185497990,1902,1016.766346,72,0,0,0,0,0
1209,2679,1788185496088,1788185498021,1933,1080.733589,72,1,0,0,0,0
1209,2688,1788185496088,1788185498028,1940,1063.053435,72,1,0,0,0,0
1209,2683,1788185496088,1788185498035,1947,1096.15404,72,0,0,0,0,0
1209,2673,1788185496088,1788185498040,1952,1054.276558,72,0,0,0,0,0
1209,2677,1788185496088,1788185498044,1956,1026.597562,72,1,0,0,0,0
1209,2676,1788185496088,1788185498066,1978,988.472215,72,0,0,0,0,0
1209,2675,1788185496088,1788185498069,1981,1087.075929,72,0,0,0,0,0
1209,2681,1788185496088,1788185498070,1982,1066.089758,72,1,0,0,0,0
1209,2678,1788185496088,1788185498072,1984,1014.702072,72,0,0,0,0,0
1209,2680,1788185496088,1788185498073,1985,1061.859386,72,1,0,0,0,0
1209,2687,1788185496088,1788185498074,1986,1064.449319,72,0,0,0,0,0
1209,2689,1788185497912,1788185498393,481,426.552196,0,0,0,0,0,0
1211,2691,1788185501358,1788185501411,53,37.206561,0,0,1,0,0,0
1212,2693,1788185501475,1788185501534,59,52.728195,0,1,0,18377216,0,0
1212,2692,1788185501475,1788185501753,278,255.68872,0,1,0,18377216,0,0
1214,2694,1788185501763,1788185501765,2,0.527559,0,0,0,0,0,0
1210,2690,1788185499894,1788185511965,12071,10839.596095,68,1,0,0,0,0
1215,2696,1788185518344,1788185519139,795,788.780384,0,1,0,0,0,0
1215,2695,1788185518344,1788185523850,5506,5451.996243,0,1,0,0,0,0
1217,2710,1788185523857,1788185525654,1797,988.440522,127,1,0,0,0,0
1217,2708,1788185523857,1788185525663,1806,935.758082,127,1,0,0,0,0
1217,2698,1788185523857,1788185525677,1820,986.302383,127,1,0,0,0,0
1217,2701,1788185523857,1788185525698,1841,994.813589,127,1,0,0,0,0
1217,2709,1788185523857,1788185525731,1874,1036.413823,127,1,0,0,0,0
1217,2706,1788185523857,1788185525767,1910,1035.446989,127,0,0,0,0,0
1217,2702,1788185523857,1788185525777,1920,1053.665744,127,0,0,0,0,0
1217,2697,1788185523857,1788185525782,1925,1054.577133,127,0,0,0,0,0
1217,2705,1788185523857,1788185525800,1943,1084.03787,127,1,0,0,0,0
1217,2700,1788185523857,1788185525806,1949,1001.848982,127,0,0,0,0,0
1217,2699,1788185523857,1788185525810,1953,1077.713865,127,1,0,0,0,0
1217,2704,1788185523857,1788185525811,1954,1100.122962,127,0,0,0,0,0
1217,2707,1788185523857,1788185525813,1956,1080.605813,127,1,0,0,0,0
1217,2712,1788185523858,1788185525816,1958,1042.62738,127,1,0,0,0,0
1217,2703,1788185523857,1788185525820,1963,1072.699657,127,1,0,0,0,0
1217,2711,1788185523857,1788185525830,1973,985.021708,127,1,0,0,0,0
1217,2713,1788185525654,1788185526133,479,428.19212,0,0,0,0,0,0
1218,2715,1788185527666,1788185528948,1282,1232.561213,22,1,0,8650736,0,0
1218,2714,1788185527666,1788185533558,5892,5778.279963,43,1,0,8650736,0,0
1220,2716,1788185533584,1788185533589,5,2.582233,0,1,0,8650736,0,0
1222,2717,1788185533593,1788185533598,5,2.81566,0,1,0,8650736,0,0
1225,2718,1788185533609,1788185533612,3,1.062674,0,1,0,8454128,0,0
1227,2721,1788185534927,1788185534952,25,15.3141,0,0,0,0,0,0
1226,2720,1788185534924,1788185535112,188,176.222218,0,0,0,0,0,0
1228,2722,1788185534972,1788185535155,183,162.717303,0,0,0,2097152,0,0
1230,2723,1788185535165,1788185535192,27,20.792468,0,0,0,0,0,0
1226,2719,1788185534923,1788185535739,816,789.946496,0,0,0,0,0,0
1232,2734,1788185535760,1788185535814,54,37.656389,8,2,0,34078688,0,0
1232,2733,1788185535760,1788185535814,54,37.930092,8,3,0,34078688,0,0
1232,2728,1788185535760,1788185535814,54,35.477976,8,2,0,34078688,0,0
1232,2724,1788185535760,1788185535815,55,38.910363,8,3,0,34078688,0,0
1232,2726,1788185535760,1788185535815,55,39.42188,8,2,0,34078688,0,0
1232,2737,1788185535760,1788185535815,55,39.539773,8,2,0,34078688,0,0
1232,2731,1788185535760,1788185535815,55,38.805132,8,3,0,34078688,0,0
1232,2727,1788185535760,1788185535816,56,39.147346,8,3,0,34078688,0,0
1232,2732,1788185535760,1788185535816,56,38.633344,8,2,0,34078688,0,0
1232,2729,1788185535760,1788185535816,56,37.239917,8,2,0,34078688,0,0
1232,2730,1788185535760,1788185535819,59,39.056767,8,2,0,34078688,0,0
1232,2735,1788185535760,1788185535825,65,37.755067,8,2,0,34078688,0,0
1232,2739,1788185535760,1788185535826,66,36.35635,8,2,0,34078688,0,0
1232,2725,1788185535760,1788185535831,71,33.129537,8,3,0,34078688,0,0
1232,2736,1788185535760,1788185535831,71,40.117975,8,2,0,34078688,0,0
1232,2738,1788185535760,1788185535833,73,38.68659,8,2,0,34078688,0,0
1232,2740,1788185535812,1788185535843,31,21.934681,0,4,0,34078688,0,0
1233,2742,1788185537121,1788185537187,66,58.820743,0,1,0,0,0,0
1233,2741,1788185537121,1788185537425,304,281.931776,0,1,0,0,0,0
1235,2743,1788185537434,1788185537436,2,0.458089,0,0,0,0,0,0
1237,2746,1788185538726,1788185538829,103,95.869503,0,1,0,0,0,0
1236,2744,1788185538723,1788185539086,363,343.092142,0,1,0,0,0,0
1237,2745,1788185538726,1788185539147,421,398.444906,0,1,0,0,0,0
1239,2747,1788185539156,1788185539163,7,5.570337,0,0,0,0,0,0
1241,2761,1788185539190,1788185539212,22,18.036489,0,1,0,3407872,0,0
1241,2753,1788185539189,1788185539218,29,23.825911,0,2,0,3407872,0,0
1241,2760,1788185539190,1788185539218,28,23.779141,0,1,0,3407872,0,0
1241,2756,1788185539190,1788185539218,28,23.5028,0,2,0,3407872,0,0
1241,2752,1788185539189,1788185539218,29,24.031053,0,2,0,3407872,0,0
1241,2758,1788185539190,1788185539218,28,23.953388,0,1,0,3407872,0,0
1241,2754,1788185539189,1788185539218,29,23.479999,0,2,0,3407872,0,0
1241,2748,1788185539189,1788185539218,29,24.336214,0,2,0,3407872,0,0
1241,2750,1788185539189,1788185539218,29,24.574831,0,2,0,3407872,0,0
1241,2757,1788185539190,1788185539218,28,24.069295,0,2,0,3407872,0,0
1241,2759,1788185539190,1788185539218,28,24.170537,0,2,0,3407872,0,0
1241,2749,1788185539189,1788185539219,30,24.288092,0,3,0,3407872,0,0
1241,2751,1788185539189,1788185539219,30,24.805304,0,2,0,3407872,0,0
1241,2755,1788185539190,1788185539219,29,23.874001,0,2,0,3407872,0,0
1244,2762,1788185539240,1788185539247,7,2.701115,0,2,0,8650736,0,0
1247,2763,1788185539251,1788185539256,5,2.010551,0,2,0,8650736,0,0
1251,2764,1788185539269,1788185539272,3,1.046963,0,1,0,8454128,0,0
1252,2765,1788185540571,1788185540626,55,38.821497,0,0,1,0,0,0
1253,2767,1788185540690,1788185540747,57,50.57915,0,1,0,18377216,0,0
1253,2766,1788185540690,1788185540959,269,245.608401,0,1,0,18377216,0,0
1255,2768,1788185540968,1788185540969,1,0.47462,0,0,0,0,0,0
1257,2770,1788185542287,1788185542343,56,38.866797,0,0,0,0,0,0
1259,2774,1788185542292,1788185542537,245,207.925932,27,1,0,0,0,0
1258,2772,1788185542289,1788185542679,390,352.902807,27,1,0,33554384,0,0
1256,2769,1788185542283,1788185542819,536,479.947226,27,2,0,0,0,0
1259,2773,1788185542292,1788185543251,959,897.956347,37,1,0,0,0,0
1258,2771,1788185542289,1788185543936,1647,1560.933886,37,1,0,159383376,0,0
1263,2784,1788185543979,1788185544198,219,178.674624,8,3,0,43732832,0,0
1263,2779,1788185543979,1788185544422,443,401.353221,8,5,0,123490032,0,0
1263,2783,1788185543979,1788185544447,468,440.30137,8,3,0,123490032,0,0
1263,2782,1788185543979,1788185544461,482,442.847263,8,3,0,123490032,0,0
1263,2780,1788185543979,1788185544466,487,469.645642,8,2,0,123490032,0,0
1263,2791,1788185544197,1788185544477,280,255.255641,0,5,0,100421376,0,0
1263,2775,1788185543979,1788185544477,498,465.363188,8,3,0,123490032,0,0
1263,2781,1788185543979,1788185544477,498,464.025329,8,2,0,123490032,0,0
1263,2787,1788185543979,1788185544477,498,474.879056,8,2,0,123490032,0,0
1263,2785,1788185543979,1788185544478,499,462.369729,8,3,0,123490032,0,0
1263,2786,1788185543979,1788185544478,499,463.95427,8,3,0,123490032,0,0
1263,2788,1788185543979,1788185544480,501,467.535136,8,3,0,123490032,0,0
1263,2776,1788185543979,1788185544480,501,451.310697,8,3,0,123490032,0,0
1263,2790,1788185543979,1788185544488,509,440.50985,8,5,0,123490032,0,0
1263,2789,1788185543979,1788185544488,509,470.818684,8,2,0,123490032,0,0
1263,2777,1788185543979,1788185544490,511,437.360117,8,2,0,123490032,0,0
1263,2778,1788185543979,1788185544505,526,419.755347,8,4,0,123490032,0,0
1264,2793,1788185550799,1788185551649,850,804.190477,21,1,0,0,0,0
1264,2792,1788185550799,1788185556374,5575,5500.036176,21,1,0,0,0,0
1266,2805,1788185556382,1788185558579,2197,939.953015,117,0,0,0,0,0
1266,2795,1788185556382,1788185558637,2255,1016.068101,117,0,0,0,0,0
1266,2807,1788185556382,1788185558808,2426,980.79277,117,1,0,0,0,0
1266,2794,1788185556382,1788185558821,2439,1069.011444,117,0,0,0,0,0
1266,2806,1788185556382,1788185558853,2471,1010.022205,117,1,0,0,0,0
1266,2797,1788185556382,1788185558855,2473,1020.459438,117,0,0,0,0,0
1266,2799,1788185556382,1788185558857,2475,1065.930068,117,0,0,0,0,0
1266,2801,1788185556382,1788185558886,2504,1070.092531,117,1,0,0,0,0
1266,2808,1788185556382,1788185558891,2509,1061.471962,117,0,0,0,0,0
1266,2802,1788185556382,1788185558893,2511,1099.340461,117,0,0,0,0,0
1266,2809,1788185556382,1788185558894,2512,1065.647469,117,0,0,0,0,0
1266,2804,1788185556382,1788185558895,2513,1082.873977,117,0,0,0,0,0
1266,2803,1788185556382,1788185558903,2521,1013.984138,117,1,0,0,0,0
1266,2800,1788185556382,1788185558903,2521,1068.975384,117,0,0,0,0,0
1266,2798,1788185556382,1788185558904,2522,1009.938292,117,0,0,0,0,0
1266,2796,1788185556382,1788185558909,2527,1046.562353,117,1,0,0,0,0
1266,2810,1788185558579,1788185559074,495,439.915586,0,0,0,0,0,0
1268,2813,1788185562115,1788185563486,1371,1245.375254,54,1,0,8650736,0,0
1268,2812,1788185562115,1788185568789,6674,6111.191172,225,1,0,8650736,0,0
1270,2814,1788185568818,1788185568823,5,2.734469,0,1,0,8650736,0,0
1272,2815,1788185568826,1788185568832,6,2.860955,0,2,0,8650736,0,0
1275,2816,1788185568845,1788185568849,4,1.089493,0,1,0,8454128,0,0
1277,2819,1788185570349,1788185570376,27,18.343012,0,0,0,0,0,0
1276,2818,1788185570347,1788185570538,191,184.80627,0,1,0,0,0,0
1278,2820,1788185570395,1788185570577,182,159.645306,0,1,0,2097152,0,0
1280,2821,1788185570587,1788185570615,28,21.214891,0,0,0,0,0,0
1276,2817,1788185570346,1788185571205,859,814.061344,14,1,0,0,0,0
1282,2826,1788185571231,1788185571274,43,36.932632,0,2,0,34078688,0,0
1282,2824,1788185571231,1788185571274,43,36.043064,0,2,0,34078688,0,0
1282,2822,1788185571231,1788185571275,44,38.016314,0,2,0,34078688,0,0
1282,2833,1788185571232,1788185571275,43,37.476051,0,2,0,34078688,0,0
1282,2825,1788185571231,1788185571275,44,37.750947,0,2,0,34078688,0,0
1282,2829,1788185571231,1788185571275,44,36.444566,0,2,0,34078688,0,0
1282,2828,1788185571231,1788185571276,45,37.223438,0,3,0,34078688,0,0
1282,2823,1788185571231,1788185571276,45,38.820123,0,2,0,34078688,0,0
1282,2831,1788185571231,1788185571276,45,36.186884,0,2,0,34078688,0,0
1282,2832,1788185571231,1788185571276,45,37.644156,0,3,0,34078688,0,0
1282,2827,1788185571231,1788185571276,45,37.569895,0,3,0,34078688,0,0
1282,2835,1788185571232,1788185571276,44,38.253677,0,2,0,34078688,0,0
1282,2836,1788185571232,1788185571281,49,31.64971,0,2,0,34078688,0,0
1282,2834,1788185571232,1788185571284,52,38.890211,0,2,0,34078688,0,0
1282,2830,1788185571231,1788185571291,60,37.865311,0,2,0,34078688,0,0
1282,2838,1788185571273,1788185571297,24,20.486836,0,2,0,34078688,0,0
1282,2837,1788185571273,1788185571302,29,25.313438,0,2,0,34078688,0,0
1283,2840,1788185572794,1788185572867,73,66.954114,0,1,0,0,0,0
1283,2839,1788185572794,1788185573134,340,292.909864,16,1,0,0,0,0
1285,2841,1788185573142,1788185573144,2,0.531808,0,0,0,0,0,0
1267,2811,1788185560422,1788185573840,13418,11651.376378,284,0,0,0,0,0
1287,2844,1788185574506,1788185574575,69,61.434286,0,0,0,0,0,0
1287,2843,1788185574506,1788185574873,367,355.954585,0,0,0,0,0,0
1286,2842,1788185574503,1788185574876,373,349.001229,0,1,0,0,0,0
1289,2845,1788185574883,1788185574891,8,6.037664,0,0,0,0,0,0
1291,2859,1788185574920,1788185574941,21,18.04678,0,1,0,3407872,0,0
1291,2857,1788185574920,1788185574947,27,23.401472,0,1,0,3407872,0,0
1291,2855,1788185574920,1788185574947,27,23.017453,0,2,0,3407872,0,0
1291,2851,1788185574920,1788185574949,29,23.889137,0,2,0,3407872,0,0
1291,2853,1788185574920,1788185574949,29,23.374952,0,2,0,3407872,0,0
1291,2848,1788185574919,1788185574950,31,24.477971,0,2,0,3407872,0,0
1291,2856,1788185574920,1788185574950,30,23.59798,0,2,0,3407872,0,0
1291,2852,1788185574920,1788185574952,32,23.910644,0,1,0,3407872,0,0
1291,2849,1788185574919,1788185574952,33,24.508098,0,2,0,3407872,0,0
1291,2850,1788185574920,1788185574952,32,23.251088,0,2,0,3407872,0,0
1291,2847,1788185574919,1788185574952,33,25.181433,0,1,0,3407872,0,0
1291,2854,1788185574920,1788185574953,33,23.351702,0,2,0,3407872,0,0
1291,2858,1788185574920,1788185574954,34,21.291085,0,1,0,3407872,0,0
1291,2846,1788185574919,1788185574955,36,21.877413,0,1,0,3407872,0,0
1294,2860,1788185574971,1788185574975,4,1.659443,0,1,0,8650736,0,0
1297,2861,1788185574978,1788185574982,4,1.983911,0,1,0,8650736,0,0
1301,2862,1788185574995,1788185574998,3,0.935345,0,1,0,8454128,0,0
1302,2863,1788185576280,1788185576333,53,37.129711,0,0,0,0,0,0
1303,2865,1788185576394,1788185576428,34,30.794408,0,0,0,18377216,0,0
1303,2864,1788185576394,1788185576640,246,238.232473,0,0,0,18377216,0,0
1305,2866,1788185576650,1788185576651,1,0.458911,0,0,0,0,0,0
1307,2868,1788185577969,1788185578039,70,35.767477,15,0,17,0,0,0
1309,2872,1788185577974,1788185578140,166,131.163499,29,1,0,0,0,0
1308,2870,1788185577971,1788185578216,245,208.658518,29,1,0,25165792,0,0
1306,2867,1788185577965,1788185578495,530,466.385971,29,1,0,0,0,0
1309,2871,1788185577974,1788185578915,941,899.288073,33,1,0,0,0,0
1308,2869,1788185577971,1788185579635,1664,1597.650484,37,1,0,167771968,0,0
1313,2882,1788185579676,1788185579881,205,179.915724,9,2,0,43732832,0,0
1313,2875,1788185579675,1788185580079,404,376.987257,9,2,0,123490032,0,0
1313,2883,1788185579676,1788185580148,472,435.886519,9,2,0,123490032,0,0
1313,2881,1788185579676,1788185580152,476,440.853807,9,3,0,123490032,0,0
1313,2887,1788185579676,1788185580153,477,427.697848,9,2,0,123490032,0,0
1313,2888,1788185579676,1788185580160,484,454.907928,9,2,0,123490032,0,0
1313,2878,1788185579676,1788185580169,493,429.813197,9,3,0,123490032,0,0
1313,2884,1788185579676,1788185580173,497,420.456945,9,5,0,123490032,0,0
1313,2885,1788185579676,1788185580175,499,419.805168,9,3,0,123490032,0,0
1313,2876,1788185579676,1788185580176,500,454.976359,9,3,0,123490032,0,0
1313,2886,1788185579676,1788185580178,502,434.318629,9,3,0,123490032,0,0
1313,2880,1788185579676,1788185580185,509,426.184462,9,3,0,123490032,0,0
1313,2877,1788185579676,1788185580192,516,413.282036,9,3,0,123490032,0,0
1313,2879,1788185579676,1788185580209,533,444.177237,9,3,1,123490032,0,0
1313,2873,1788185579675,1788185580213,538,439.976815,9,2,0,123490032,0,0
1313,2874,1788185579675,1788185580213,538,446.971699,9,2,0,123490032,0,0
1313,2889,1788185579879,1788185580216,337,251.114393,0,12,0,100421376,0,0
1314,2891,1788185586505,1788185587349,844,797.13581,20,1,0,0,0,0
1314,2890,1788185586505,1788185592090,5585,5510.56129,20,1,0,0,0,0
1316,2903,1788185592098,1788185593920,1822,939.609408,104,0,0,0,0,0
1316,2895,1788185592098,1788185594014,1916,1059.71455,104,1,0,0,0,0
1316,2905,1788185592098,1788185594037,1939,977.115818,104,0,0,0,0,0
1316,2898,1788185592098,1788185594046,1948,1076.356896,104,2,0,0,0,0
1316,2897,1788185592098,1788185594054,1956,1062.370055,104,0,0,0,0,0
1316,2893,1788185592098,1788185594061,1963,1025.856853,104,0,0,0,0,0
1316,2904,1788185592098,1788185594074,1976,1041.013315,104,1,0,0,0,0
1316,2896,1788185592098,1788185594085,1987,1049.667541,104,0,0,0,0,0
1316,2901,1788185592098,1788185594093,1995,1040.489528,104,0,0,0,0,0
1316,2892,1788185592098,1788185594095,1997,1040.736516,104,1,0,0,0,0
1316,2899,1788185592098,1788185594095,1997,1087.853325,104,2,0,0,0,0
1316,2907,1788185592098,1788185594098,2000,1046.302547,104,1,0,0,0,0
1316,2900,1788185592098,1788185594099,2001,1093.373482,104,1,0,0,0,0
1316,2894,1788185592098,1788185594103,2005,1067.599575,104,0,0,0,0,0
1316,2906,1788185592098,1788185594106,2008,1087.713704,104,0,0,0,0,0
1316,2902,1788185592098,1788185594110,2012,1085.102248,104,0,0,0,0,0
1316,2908,1788185593919,1788185594413,494,440.394925,0,0,0,0,0,0
1318,2911,1788185597399,1788185598703,1304,1228.911859,37,2,0,8650736,0,0
1318,2910,1788185597399,1788185603472,6073,5892.566965,109,2,0,8650736,0,0
1320,2912,1788185603500,1788185603505,5,2.689845,0,1,0,8650736,0,0
1322,2913,1788185603509,1788185603514,5,2.90051,0,1,0,8650736,0,0
1325,2914,1788185603526,1788185603529,3,1.112307,0,1,0,8454128,0,0
1327,2917,1788185604898,1788185604923,25,16.594026,0,0,0,0,0,0
1326,2916,1788185604897,1788185605085,188,179.364774,0,1,0,0,0,0
1328,2918,1788185604944,1788185605130,186,164.727836,0,1,0,2097152,0,0
1330,2919,1788185605140,1788185605167,27,20.823136,0,0,0,0,0,0
1326,2915,1788185604897,1788185605773,876,820.263373,20,1,0,0,0,0
1332,2921,1788185605797,1788185605840,43,37.271157,0,2,0,34078688,0,0
1332,2934,1788185605798,1788185605840,42,36.907686,0,2,0,34078688,0,0
1332,2922,1788185605797,1788185605840,43,37.125505,0,3,0,34078688,0,0
1332,2920,1788185605797,1788185605841,44,37.129721,0,3,0,34078688,0,0
1332,2929,1788185605797,1788185605841,44,37.338173,0,3,0,34078688,0,0
1332,2926,1788185605797,1788185605841,44,37.685635,0,3,0,34078688,0,0
1332,2928,1788185605797,1788185605841,44,37.505938,0,3,0,34078688,0,0
1332,2930,1788185605798,1788185605841,43,37.604522,0,2,0,34078688,0,0
1332,2925,1788185605797,1788185605841,44,38.133824,0,2,0,34078688,0,0
1332,2924,1788185605797,1788185605842,45,35.288327,0,3,0,34078688,0,0
1332,2927,1788185605797,1788185605842,45,37.420766,0,2,0,34078688,0,0
1332,2932,1788185605798,1788185605842,44,39.827842,0,3,0,34078688,0,0
1332,2933,1788185605798,1788185605844,46,36.656842,0,7,0,34078688,0,0
1332,2923,1788185605797,1788185605860,63,34.892747,0,3,0,34078688,0,0
1332,2931,1788185605798,1788185605861,63,36.708073,0,3,0,34078688,0,0
1332,2936,1788185605839,1788185605863,24,16.508564,0,2,0,34078688,0,0
1332,2935,1788185605839,1788185605871,32,23.852058,0,2,0,34078688,0,0
1333,2938,1788185607320,1788185607392,72,65.225135,0,1,0,0,0,0
1333,2937,1788185607320,1788185607629,309,287.12845,0,1,0,0,0,0
1335,2939,1788185607638,1788185607640,2,0.522169,0,0,0,0,0,0
1317,2909,1788185595935,1788185608550,12615,11282.643714,167,1,0,0,0,0
1337,2942,1788185608996,1788185609061,65,60.909377,0,0,0,0,0,0
1337,2941,1788185608996,1788185609359,363,355.513847,0,0,0,0,0,0
1336,2940,1788185608992,1788185609369,377,354.52932,0,1,0,0,0,0
1339,2943,1788185609369,1788185609376,7,5.727082,0,0,0,0,0,0
1341,2956,1788185609399,1788185609450,51,23.896382,20,1,0,3407872,0,0
1341,2949,1788185609398,1788185609450,52,23.918196,20,1,0,3407872,0,0
1341,2953,1788185609399,1788185609450,51,23.413034,20,2,0,3407872,0,0
1341,2951,1788185609399,1788185609450,51,23.737181,20,2,0,3407872,0,0
1341,2952,1788185609399,1788185609450,51,23.66048,20,1,0,3407872,0,0
1341,2954,1788185609399,1788185609450,51,23.556161,20,1,0,3407872,0,0
1341,2945,1788185609398,1788185609450,52,24.455593,20,2,0,3407872,0,0
1341,2955,1788185609399,1788185609450,51,23.287478,20,1,0,3407872,0,0
1341,2957,1788185609399,1788185609451,52,23.564138,20,1,0,3407872,0,0
1341,2948,1788185609398,1788185609451,53,23.629159,20,2,0,3407872,0,0
1341,2947,1788185609398,1788185609451,53,24.645875,20,1,0,3407872,0,0
1341,2950,1788185609398,1788185609451,53,23.721912,20,2,0,3407872,0,0
1341,2946,1788185609398,1788185609451,53,24.395826,20,2,0,3407872,0,0
1341,2944,1788185609398,1788185609451,53,24.621943,20,2,0,3407872,0,0
1344,2958,1788185609469,1788185609475,6,2.677201,0,2,0,8650736,0,0
1347,2959,1788185609480,1788185609507,27,2.954201,0,2,0,8650736,0,0
1351,2960,1788185609523,1788185609527,4,1.28491,0,1,0,8454128,0,0
1352,2961,1788185610809,1788185610862,53,37.318603,0,0,0,0,0,0
1353,2963,1788185610922,1788185610956,34,29.882262,0,0,0,18377216,0,0
1353,2962,1788185610922,1788185611171,249,240.263895,0,0,0,18377216,0,0
1355,2964,1788185611180,1788185611182,2,0.579417,0,0,0,0,0,0
1357,2966,1788185612520,1788185612567,47,31.234996,0,0,0,0,0,0
1359,2970,1788185612526,1788185612657,131,126.212855,0,1,0,0,0,0
1358,2968,1788185612522,1788185612735,213,206.884107,0,1,0,25165792,0,0
1356,2965,1788185612516,1788185613034,518,473.518168,8,1,0,0,0,0
1359,2969,1788185612526,1788185613477,951,910.835697,15,1,0,0,0,0
1358,2967,1788185612522,1788185614147,1625,1583.536124,15,1,0,167771968,0,0
1363,2980,1788185614192,1788185614399,207,182.10785,6,3,0,43732832,0,0
1363,2976,1788185614192,1788185614689,497,441.596211,20,3,0,123490032,0,0
1363,2978,1788185614192,1788185614694,502,451.100157,20,2,0,123490032,0,0
1363,2984,1788185614192,1788185614705,513,464.344609,20,3,0,123490032,0,0
1363,2977,1788185614192,1788185614706,514,460.806803,20,2,0,123490032,0,0
1363,2979,1788185614192,1788185614706,514,442.133775,20,3,0,123490032,0,0
1363,2987,1788185614396,1788185614707,311,244.260099,14,6,0,100421376,0,0
1363,2982,1788185614192,1788185614711,519,460.549211,20,5,0,123490032,0,0
1363,2975,1788185614191,1788185614715,524,438.471035,20,2,0,123490032,0,0
1363,2981,1788185614192,1788185614715,523,444.421081,20,3,0,123490032,0,0
1363,2983,1788185614192,1788185614723,531,461.346642,20,3,0,123490032,0,0
1363,2973,1788185614191,1788185614724,533,470.182,20,3,0,123490032,0,0
1363,2974,1788185614191,1788185614724,533,459.56449,20,3,0,123490032,0,0
1363,2986,1788185614192,1788185614731,539,472.784916,20,3,0,123490032,0,0
1363,2972,1788185614191,1788185614737,546,469.77805,20,3,0,123490032,0,0
1363,2985,1788185614192,1788185614739,547,453.723924,20,3,0,123490032,0,0
1363,2971,1788185614191,1788185614739,548,465.935615,20,12,0,123490032,0,0
1364,2989,1788185621058,1788185621872,814,793.322966,0,1,0,0,0,0
1364,2988,1788185621058,1788185626660,5602,5531.379582,0,1,0,0,0,0
1366,3001,1788185626667,1788185628431,1764,925.702424,102,1,0,0,0,0
1366,3003,1788185626667,1788185628451,1784,978.256483,102,0,0,0,0,0
1366,2991,1788185626666,1788185628561,1895,1019.235362,102,0,0,0,0,0
1366,2993,1788185626666,1788185628591,1925,1022.722695,102,0,0,0,0,0
1366,2990,1788185626666,1788185628597,1931,1019.537924,102,1,0,0,0,0
1366,2999,1788185626666,1788185628637,1971,1054.790958,102,0,0,0,0,0
1366,3002,1788185626667,1788185628642,1975,1007.005294,102,0,0,0,0,0
1366,2998,1788185626666,1788185628645,1979,1091.774888,102,0,0,0,0,0
1366,2996,1788185626666,1788185628647,1981,1085.395946,102,0,0,0,0,0
1366,3004,1788185626667,1788185628648,1981,1069.138982,102,0,0,0,0,0
1366,2997,1788185626666,1788185628661,1995,1080.958939,102,1,0,0,0,0
1366,2995,1788185626666,1788185628672,2006,1045.209841,102,0,0,0,0,0
1366,3000,1788185626667,1788185628677,2010,1073.404546,102,0,0,0,0,0
1366,2994,1788185626666,1788185628677,2011,1042.83761,102,1,0,0,0,0
1366,3005,1788185626667,1788185628678,2011,1052.475187,102,0,0,0,0,0
1366,2992,1788185626666,1788185628679,2013,1056.700925,102,1,0,0,0,0
1366,3006,1788185628430,1788185628918,488,435.503149,0,0,0,0,0,0
1367,3008,1788185630524,1788185631803,1279,1212.090796,39,1,0,8650736,0,0
1367,3007,1788185630524,1788185636617,6093,5870.73278,77,1,0,8650736,0,0
1369,3009,1788185636647,1788185636653,6,2.92196,0,1,0,8650736,0,0
1371,3010,1788185636656,1788185636662,6,3.219549,0,2,0,8650736,0,0
1374,3011,1788185636676,1788185636680,4,1.169523,0,1,0,8454128,0,0
1376,3014,1788185637985,1788185638008,23,14.294803,0,0,0,0,0,0
1375,3013,1788185637982,1788185638169,187,176.881923,0,0,0,0,0,0
1377,3015,1788185638030,1788185638210,180,158.359265,0,0,0,2097152,0,0
1379,3016,1788185638221,1788185638248,27,20.945295,0,0,0,0,0,0
1375,3012,1788185637982,1788185638801,819,791.404228,0,0,0,0,0,0
1381,3022,1788185638824,1788185638853,29,24.535589,0,2,0,34078688,0,0
1381,3031,1788185638824,1788185638867,43,36.63842,0,2,0,34078688,0,0
1381,3028,1788185638824,1788185638867,43,37.967855,0,2,0,34078688,0,0
1381,3019,1788185638824,1788185638867,43,37.957666,0,2,0,34078688,0,0
1381,3027,1788185638824,1788185638867,43,38.315767,0,2,0,34078688,0,0
1381,3021,1788185638824,1788185638868,44,38.28533,0,2,0,34078688,0,0
1381,3018,1788185638824,1788185638868,44,38.837233,0,2,0,34078688,0,0
1381,3030,1788185638824,1788185638868,44,38.767624,0,2,0,34078688,0,0
1381,3026,1788185638824,1788185638868,44,38.230194,0,2,0,34078688,0,0
1381,3017,1788185638824,1788185638868,44,39.471483,0,2,0,34078688,0,0
1381,3024,1788185638824,1788185638868,44,37.255456,0,2,0,34078688,0,0
1381,3023,1788185638824,1788185638868,44,38.952842,0,2,0,34078688,0,0
1381,3033,1788185638852,1788185638873,21,17.420955,0,2,0,34078688,0,0
1381,3032,1788185638824,1788185638878,54,29.525489,0,2,0,34078688,0,0
1381,3029,1788185638824,1788185638879,55,30.920735,0,4,0,34078688,0,0
1381,3025,1788185638824,1788185638880,56,29.614696,0,10,0,34078688,0,0
1381,3020,1788185638824,1788185638880,56,30.319168,0,8,0,34078688,0,0
1382,3035,1788185640148,1788185640248,100,63.87524,0,1,0,0,0,0
1382,3034,1788185640148,1788185640597,449,295.968018,0,1,0,0,0,0
1384,3036,1788185640606,1788185640607,1,0.450706,0,0,0,0,0,0
1386,3039,1788185641902,1788185642002,100,94.589424,0,0,0,0,0,0
1385,3037,1788185641899,1788185642269,370,348.323856,0,1,0,0,0,0
1386,3038,1788185641902,1788185642328,426,402.379709,0,0,0,0,0,0
1388,3040,1788185642337,1788185642344,7,5.530724,0,0,0,0,0,0
1390,3050,1788185642369,1788185642392,23,20.769155,0,1,0,3407872,0,0
1390,3053,1788185642369,1788185642393,24,21.429884,0,2,0,3407872,0,0
1390,3049,1788185642369,1788185642395,26,22.703156,0,2,0,3407872,0,0
1390,3051,1788185642369,1788185642395,26,23.021663,0,2,0,3407872,0,0
1390,3052,1788185642369,1788185642396,27,22.937661,0,2,0,3407872,0,0
1390,3046,1788185642368,1788185642396,28,23.199202,0,2,0,3407872,0,0
1390,3054,1788185642369,1788185642396,27,23.568354,0,1,0,3407872,0,0
1390,3045,1788185642368,1788185642396,28,23.328255,0,2,0,3407872,0,0
1390,3042,1788185642368,1788185642397,29,24.988038,0,1,0,3407872,0,0
1390,3043,1788185642368,1788185642397,29,24.290882,0,2,0,3407872,0,0
1390,3041,1788185642368,1788185642397,29,24.53191,0,2,0,3407872,0,0
1390,3044,1788185642368,1788185642397,29,24.374327,0,2,0,3407872,0,0
1390,3047,1788185642369,1788185642397,28,23.048008,0,2,0,3407872,0,0
1390,3048,1788185642369,1788185642400,31,21.882242,0,1,0,3407872,0,0
1393,3055,1788185642416,1788185642420,4,1.681033,0,1,0,8650736,0,0
1396,3056,1788185642424,1788185642428,4,2.001284,0,1,0,8650736,0,0
1400,3057,1788185642445,1788185642448,3,1.103791,0,1,0,8454128,0,0
1401,3058,1788185643748,1788185643803,55,37.262078,0,0,0,0,0,0
1402,3060,1788185643867,1788185643923,56,50.526433,0,0,0,18377216,0,0
1402,3059,1788185643866,1788185644134,268,245.220215,0,0,0,18377216,0,0
1404,3061,1788185644143,1788185644145,2,0.477646,0,0,0,0,0,0
1406,3063,1788185645457,1788185645509,52,33.491436,0,0,0,0,0,0
1408,3067,1788185645462,1788185645713,251,212.814065,27,0,0,0,0,0
1407,3065,1788185645459,1788185645851,392,354.278984,27,1,0,33554384,0,0
1405,3062,1788185645453,1788185645995,542,485.977363,27,2,0,0,0,0
1408,3066,1788185645462,1788185646461,999,919.854778,36,1,0,0,0,0
1407,3064,1788185645459,1788185647113,1654,1573.585818,36,1,0,159383376,0,0
1412,3077,1788185647151,1788185647361,210,170.711063,10,3,0,43732832,0,0
1412,3075,1788185647151,1788185647626,475,430.977464,10,3,0,123490032,0,0
1412,3082,1788185647152,1788185647632,480,445.839688,10,3,0,123490032,0,0
1412,3081,1788185647152,1788185647634,482,453.789721,10,3,0,123490032,0,0
1412,3080,1788185647152,1788185647640,488,449.254139,10,3,0,123490032,0,0
1412,3076,1788185647151,1788185647642,491,436.356761,10,3,0,123490032,0,0
1412,3072,1788185647151,1788185647642,491,424.458351,10,5,0,123490032,0,0
1412,3084,1788185647352,1788185647643,291,269.59631,0,9,0,100421376,0,0
1412,3073,1788185647151,1788185647643,492,459.323245,10,3,0,123490032,0,0
1412,3071,1788185647151,1788185647646,495,457.971369,10,3,0,123490032,0,0
1412,3070,1788185647151,1788185647649,498,442.375561,10,3,0,123490032,0,0
1412,3074,1788185647151,1788185647655,504,415.282817,10,3,0,123490032,0,0
1412,3078,1788185647151,1788185647655,504,421.235247,10,3,0,123490032,0,0
1412,3069,1788185647151,1788185647655,504,450.578031,10,5,0,123490032,0,0
1412,3083,1788185647152,1788185647657,505,439.712855,10,3,0,123490032,0,0
1412,3079,1788185647151,1788185647661,510,415.43808,10,3,0,123490032,0,0
1412,3068,1788185647151,1788185647665,514,464.330552,10,3,0,123490032,0,0
1413,3086,1788185653939,1788185654785,846,798.45604,20,1,0,0,0,0
1413,3085,1788185653939,1788185659626,5687,5588.479794,20,1,0,0,0,0
1415,3098,1788185659634,1788185661930,2296,925.055209,90,0,0,0,0,0
1415,3088,1788185659634,1788185661961,2327,1021.488348,90,0,0,0,0,0
1415,3100,1788185659634,1788185662035,2401,976.70436,90,0,0,0,0,0
1415,3090,1788185659634,1788185662085,2451,1011.681315,90,0,0,0,0,0
1415,3102,1788185659634,1788185662086,2452,1016.71094,90,0,0,0,0,0
1415,3095,1788185659634,1788185662103,2469,1062.972064,90,0,0,0,0,0
1415,3092,1788185659634,1788185662110,2476,1054.106738,90,1,0,0,0,0
1415,3099,1788185659634,1788185662114,2480,1023.184437,90,0,0,0,0,0
1415,3096,1788185659634,1788185662117,2483,1055.683578,90,0,0,0,0,0
1415,3097,1788185659634,1788185662118,2484,1090.618556,90,1,0,0,0,0
1415,3087,1788185659634,1788185662122,2488,1052.303571,90,1,0,0,0,0
1415,3091,1788185659634,1788185662123,2489,1047.443575,90,1,0,0,0,0
1415,3093,1788185659634,1788185662126,2492,1066.290613,90,0,0,0,0,0
1415,3101,1788185659634,1788185662127,2493,1093.969091,90,0,0,0,0,0
1415,3094,1788185659634,1788185662133,2499,1049.243678,90,1,0,0,0,0
1415,3089,1788185659634,1788185662134,2500,1073.832181,90,0,0,0,0,0
1415,3103,1788185661930,1788185662426,496,440.824399,0,0,0,0,0,0
1416,3105,1788185663801,1788185665064,1263,1199.05573,36,1,0,8650736,0,0
1416,3104,1788185663801,1788185669679,5878,5770.70617,59,1,0,8650736,0,0
1418,3106,1788185669705,1788185669710,5,2.554451,0,1,0,8650736,0,0
1420,3107,1788185669714,1788185669719,5,2.767711,0,2,0,8650736,0,0
1423,3108,1788185669729,1788185669733,4,1.035682,0,1,0,8454128,0,0
1425,3111,1788185671065,1788185671089,24,16.226383,0,0,0,0,0,0
1424,3110,1788185671062,1788185671250,188,179.227365,0,1,0,0,0,0
1426,3112,1788185671110,1788185671298,188,164.819268,0,1,0,2097152,0,0
1428,3113,1788185671307,1788185671334,27,20.548662,0,0,0,0,0,0
1424,3109,1788185671061,1788185671911,850,802.581459,8,1,0,0,0,0
1430,3119,1788185671930,1788185671973,43,37.366545,0,3,0,34078688,0,0
1430,3127,1788185671930,1788185671974,44,37.80543,0,2,0,34078688,0,0
1430,3126,1788185671930,1788185671974,44,38.260483,0,3,0,34078688,0,0
1430,3129,1788185671930,1788185671974,44,38.839838,0,3,0,34078688,0,0
1430,3114,1788185671929,1788185671974,45,38.85689,0,3,0,34078688,0,0
1430,3115,1788185671930,1788185671974,44,39.190176,0,2,0,34078688,0,0
1430,3116,1788185671930,1788185671975,45,38.88361,0,2,0,34078688,0,0
1430,3124,1788185671930,1788185671975,45,38.332567,0,3,0,34078688,0,0
1430,3120,1788185671930,1788185671975,45,39.242299,0,2,0,34078688,0,0
1430,3125,1788185671930,1788185671975,45,38.240696,0,3,0,34078688,0,0
1430,3122,1788185671930,1788185671975,45,39.47157,0,3,0,34078688,0,0
1430,3123,1788185671930,1788185671980,50,35.478014,0,2,0,34078688,0,0
1430,3121,1788185671930,1788185671984,54,35.039311,0,2,0,34078688,0,0
1430,3128,1788185671930,1788185671984,54,33.743893,0,2,0,34078688,0,0
1430,3117,1788185671930,1788185671990,60,32.674464,0,3,0,34078688,0,0
1430,3118,1788185671930,1788185671993,63,30.839924,0,2,0,34078688,0,0
1430,3130,1788185671972,1788185671993,21,17.310257,0,2,0,34078688,0,0
1431,3132,1788185673398,1788185673464,66,59.910255,0,1,0,0,0,0
1431,3131,1788185673398,1788185673700,302,280.825203,0,1,0,0,0,0
1433,3133,1788185673709,1788185673710,1,0.426751,0,0,0,0,0,0
1435,3136,1788185674970,1788185675072,102,95.111657,0,1,0,0,0,0
1434,3134,1788185674967,1788185675344,377,356.639411,0,0,0,0,0,0
1435,3135,1788185674970,1788185675390,420,395.902416,0,1,0,0,0,0
1437,3137,1788185675399,1788185675406,7,5.598211,0,0,0,0,0,0
1439,3139,1788185675429,1788185675449,20,17.477481,0,1,0,3407872,0,0
1439,3151,1788185675429,1788185675451,22,18.131609,0,3,0,3407872,0,0
1439,3142,1788185675429,1788185675456,27,23.589754,0,1,0,3407872,0,0
1439,3143,1788185675429,1788185675456,27,23.562844,0,2,0,3407872,0,0
1439,3150,1788185675429,1788185675456,27,23.753013,0,1,0,3407872,0,0
1439,3148,1788185675429,1788185675456,27,23.269435,0,2,0,3407872,0,0
1439,3144,1788185675429,1788185675456,27,23.348442,0,2,0,3407872,0,0
1439,3146,1788185675429,1788185675456,27,23.647051,0,2,0,3407872,0,0
1439,3149,1788185675429,1788185675456,27,23.642726,0,2,0,3407872,0,0
1439,3147,1788185675429,1788185675457,28,23.668071,0,1,0,3407872,0,0
1439,3145,1788185675429,1788185675457,28,23.640081,0,2,0,3407872,0,0
1439,3141,1788185675429,1788185675457,28,24.598427,0,2,0,3407872,0,0
1439,3138,1788185675429,1788185675457,28,24.632632,0,2,0,3407872,0,0
1439,3140,1788185675429,1788185675457,28,23.780292,0,3,0,3407872,0,0
1442,3152,1788185675478,1788185675482,4,1.62037,0,1,0,8650736,0,0
1445,3153,1788185675485,1788185675490,5,1.909472,0,1,0,8650736,0,0
1449,3154,1788185675503,1788185675506,3,1.006989,0,1,0,8454128,0,0
1450,3155,1788185676820,1788185676872,52,36.883031,0,0,1,0,0,0
1451,3157,1788185676931,1788185676988,57,50.988577,0,0,0,18377216,0,0
1451,3156,1788185676931,1788185677197,266,243.814863,0,0,0,18377216,0,0
1453,3158,1788185677207,1788185677209,2,0.470904,0,0,0,0,0,0
1455,3160,1788185678518,1788185678564,46,30.893499,0,0,0,0,0,0
1457,3164,1788185678522,1788185678763,241,205.605814,27,1,0,0,0,0
1456,3162,1788185678519,1788185678900,381,345.734433,27,1,0,33554384,0,0
1454,3159,1788185678515,1788185679065,550,497.550295,27,1,0,0,0,0
1457,3163,1788185678522,1788185679475,953,896.750125,33,1,0,0,0,0
1456,3161,1788185678519,1788185680154,1635,1556.511713,37,1,0,159383376,0,0
1461,3174,1788185680198,1788185680397,199,171.922251,0,5,0,43732832,0,0
1461,3169,1788185680197,1788185680669,472,432.167497,10,5,0,123490032,0,0
1461,3171,1788185680198,1788185680685,487,455.839533,10,2,0,123490032,0,0
1461,3176,1788185680198,1788185680689,491,456.515641,10,3,0,123490032,0,0
1461,3178,1788185680198,1788185680697,499,466.03694,10,3,0,123490032,0,0
1461,3175,1788185680198,1788185680698,500,465.152396,10,3,0,123490032,0,0
1461,3181,1788185680382,1788185680702,320,252.80001,10,13,0,100421376,0,0
1461,3168,1788185680197,1788185680703,506,472.052407,10,2,0,123490032,0,0
1461,3177,1788185680198,1788185680703,505,472.237935,10,5,0,123490032,0,0
1461,3179,1788185680198,1788185680703,505,468.592988,10,3,0,123490032,0,0
1461,3172,1788185680198,1788185680705,507,436.852273,10,2,0,123490032,0,0
1461,3173,1788185680198,1788185680709,511,449.143992,10,3,0,123490032,0,0
1461,3180,1788185680198,1788185680716,518,477.487548,10,2,0,123490032,0,0
1461,3166,1788185680197,1788185680719,522,463.027466,10,2,0,123490032,0,0
1461,3165,1788185680197,1788185680722,525,471.673029,10,3,0,123490032,0,0
1461,3167,1788185680197,1788185680724,527,432.823832,10,3,0,123490032,0,0
1461,3170,1788185680197,1788185680728,531,456.973237,10,2,0,123490032,0,0
1462,3183,1788185687040,1788185687851,811,804.195445,0,1,0,0,0,0
1462,3182,1788185687040,1788185692692,5652,5561.41288,12,1,0,0,0,0
1464,3195,1788185692701,1788185694972,2271,950.712156,70,0,0,0,0,0
1464,3197,1788185692701,1788185695097,2396,1021.999465,70,0,0,0,0,0
1464,3187,1788185692700,1788185695128,2428,1020.336469,70,0,0,0,0,0
1464,3185,1788185692700,1788185695158,2458,1027.407976,70,0,0,0,0,0
1464,3196,1788185692701,1788185695170,2469,1038.015637,70,0,0,0,0,0
1464,3184,1788185692700,1788185695192,2492,1071.792945,70,0,0,0,0,0
1464,3189,1788185692700,1788185695192,2492,1062.394661,70,0,0,0,0,0
1464,3188,1788185692700,1788185695201,2501,1059.989516,70,0,0,0,0,0
1464,3193,1788185692701,1788185695202,2501,1062.871912,70,0,0,0,0,0
1464,3199,1788185692701,1788185695205,2504,1056.934902,70,0,0,0,0,0
1464,3190,1788185692700,1788185695212,2512,1065.430407,70,0,0,0,0,0
1464,3191,1788185692701,1788185695216,2515,1090.741758,70,0,0,0,0,0
1464,3186,1788185692700,1788185695222,2522,1091.532685,70,0,0,0,0,0
1464,3198,1788185692701,1788185695222,2521,1087.783251,70,0,0,0,0,0
1464,3194,1788185692701,1788185695223,2522,1099.613827,70,0,0,0,0,0
1464,3192,1788185692701,1788185695225,2524,1083.40195,70,0,0,0,0,0
1464,3200,1788185694972,1788185695471,499,444.376496,0,0,0,0,0,0
1466,3203,1788185698429,1788185699771,1342,1242.462234,59,1,0,8650736,0,0
1466,3202,1788185698429,1788185704574,6145,5941.59717,121,1,0,8650736,0,0
1468,3204,1788185704602,1788185704607,5,2.586511,0,1,0,8650736,0,0
1470,3205,1788185704611,1788185704616,5,2.850126,0,1,0,8650736,0,0
1473,3206,1788185704632,1788185704635,3,1.259884,0,1,0,8454128,0,0
1475,3209,1788185706193,1788185706283,90,19.48443,0,1,0,0,0,0
1474,3208,1788185706188,1788185706408,220,187.011483,0,1,0,0,0,0
1476,3210,1788185706304,1788185706483,179,156.608011,0,1,0,2097152,0,0
1478,3211,1788185706494,1788185706521,27,20.644772,0,0,0,0,0,0
1474,3207,1788185706188,1788185707127,939,853.871756,17,1,0,0,0,0
1480,3218,1788185707160,1788185707205,45,38.346654,0,3,0,34078688,0,0
1480,3212,1788185707159,1788185707206,47,36.008518,0,5,0,34078688,0,0
1480,3222,1788185707160,1788185707206,46,38.160506,0,4,0,34078688,0,0
1480,3213,1788185707159,1788185707207,48,38.777594,0,2,0,34078688,0,0
1480,3219,1788185707160,1788185707208,48,39.174738,0,4,0,34078688,0,0
1480,3225,1788185707160,1788185707209,49,39.851104,0,3,0,34078688,0,0
1480,3224,1788185707160,1788185707209,49,39.68871,0,3,0,34078688,0,0
1480,3220,1788185707160,1788185707209,49,39.318497,0,4,0,34078688,0,0
1480,3214,1788185707159,1788185707209,50,39.58211,0,3,0,34078688,0,0
1480,3226,1788185707160,1788185707210,50,39.876947,0,5,0,34078688,0,0
1480,3221,1788185707160,1788185707211,51,41.291711,0,5,0,34078688,0,0
1480,3216,1788185707159,1788185707219,60,38.718299,0,5,0,34078688,0,0
1480,3217,1788185707160,1788185707220,60,37.534591,0,3,0,34078688,0,0
1480,3215,1788185707159,1788185707226,67,37.791381,0,3,0,34078688,0,0
1480,3223,1788185707160,1788185707227,67,37.339866,0,2,0,34078688,0,0
1480,3228,1788185707204,1788185707228,24,19.680723,0,3,0,34078688,0,0
1480,3227,1788185707203,1788185707235,32,27.472148,0,3,0,34078688,0,0
1481,3230,1788185708691,1788185708757,66,59.990435,0,1,0,0,0,0
1481,3229,1788185708691,1788185709000,309,287.266691,0,1,0,0,0,0
1483,3231,1788185709008,1788185709010,2,0.515838,0,0,0,0,0,0
1465,3201,1788185696852,1788185709648,12796,11388.611003,150,0,0,0,0,0
1485,3234,1788185710375,1788185710440,65,61.685814,0,0,0,0,0,0
1485,3233,1788185710375,1788185710738,363,356.80588,0,0,0,0,0,0
1484,3232,1788185710372,1788185710744,372,349.665249,0,1,0,0,0,0
1487,3235,1788185710748,1788185710755,7,5.6346,0,0,0,0,0,0
1489,3247,1788185710776,1788185710795,19,16.155553,0,1,0,3407872,0,0
1489,3239,1788185710776,1788185710796,20,16.888225,0,1,0,3407872,0,0
1489,3242,1788185710776,1788185710801,25,21.37461,0,1,0,3407872,0,0
1489,3240,1788185710776,1788185710801,25,21.283211,0,2,0,3407872,0,0
1489,3245,1788185710776,1788185710801,25,21.397734,0,2,0,3407872,0,0
1489,3249,1788185710776,1788185710801,25,21.779679,0,1,0,3407872,0,0
1489,3241,1788185710776,1788185710801,25,22.363955,0,2,0,3407872,0,0
1489,3243,1788185710776,1788185710802,26,22.708694,0,2,0,3407872,0,0
1489,3248,1788185710776,1788185710802,26,22.984779,0,1,0,3407872,0,0
1489,3246,1788185710776,1788185710802,26,23.176882,0,2,0,3407872,0,0
1489,3244,1788185710776,1788185710802,26,23.053069,0,2,0,3407872,0,0
1489,3238,1788185710776,1788185710803,27,23.416793,0,2,0,3407872,0,0
1489,3236,1788185710776,1788185710803,27,23.948028,0,2,0,3407872,0,0
1489,3237,1788185710776,1788185710803,27,24.023189,0,2,0,3407872,0,0
1492,3250,1788185710817,1788185710821,4,1.664171,0,1,0,8650736,0,0
1495,3251,1788185710825,1788185710829,4,1.777314,0,1,0,8650736,0,0
1499,3252,1788185710842,1788185710845,3,0.882485,0,1,0,8454128,0,0
1500,3253,1788185712097,1788185712150,53,37.188091,0,0,0,0,0,0
1501,3255,1788185712213,1788185712246,33,28.995832,0,0,0,18377216,0,0
1501,3254,1788185712213,1788185712494,281,239.777016,32,0,0,18377216,0,0
1503,3256,1788185712503,1788185712504,1,0.452959,0,0,0,0,0,0
1505,3258,1788185713817,1788185713866,49,32.446498,0,0,0,0,0,0
1507,3262,1788185713820,1788185713953,133,127.815211,0,1,0,0,0,0
1506,3260,1788185713818,1788185714025,207,201.940097,0,1,0,25165792,0,0
1504,3257,1788185713814,1788185714307,493,468.468302,0,0,0,0,0,0
1507,3261,1788185713820,1788185714720,900,882.897605,10,1,0,0,0,0
1506,3259,1788185713818,1788185715420,1602,1561.626251,14,1,0,167771968,0,0
1511,3272,1788185715460,1788185715662,202,174.630589,0,3,0,43732832,0,0
1511,3277,1788185715460,1788185715944,484,440.64598,11,2,0,123490032,0,0
1511,3268,1788185715459,1788185715947,488,443.820943,11,3,0,123490032,0,0
1511,3266,1788185715459,1788185715947,488,448.014133,11,3,0,123490032,0,0
1511,3267,1788185715459,1788185715948,489,445.75188,11,3,0,123490032,0,0
1511,3271,1788185715460,1788185715948,488,428.475719,11,5,0,123490032,0,0
1511,3273,1788185715460,1788185715957,497,429.323099,11,3,0,123490032,0,0
1511,3269,1788185715460,1788185715963,503,444.725389,11,3,0,123490032,0,0
1511,3263,1788185715459,1788185715964,505,455.808644,11,5,0,123490032,0,0
1511,3279,1788185715658,1788185715964,306,236.29999,11,7,0,100421376,0,0
1511,3276,1788185715460,1788185715964,504,455.152811,11,3,0,123490032,0,0
1511,3265,1788185715459,1788185715964,505,432.027126,11,5,0,123490032,0,0
1511,3270,1788185715460,1788185715965,505,421.326817,11,5,0,123490032,0,0
1511,3264,1788185715459,1788185715966,507,454.912016,11,3,0,123490032,0,0
1511,3274,1788185715460,1788185715966,506,412.873866,11,3,0,123490032,0,0
1511,3278,1788185715460,1788185715968,508,467.585123,11,3,0,123490032,0,0
1511,3275,1788185715460,1788185715972,512,431.188719,11,3,0,123490032,0,0
1512,3281,1788185722284,1788185723083,799,792.635285,0,1,0,0,0,0
1512,3280,1788185722284,1788185727866,5582,5493.580059,13,1,0,0,0,0
1514,3294,1788185727873,1788185729726,1853,1032.374557,97,0,0,0,0,0
1514,3295,1788185727874,1788185729734,1860,977.011425,97,1,0,0,0,0
1514,3286,1788185727873,1788185729765,1892,1061.790553,97,0,0,0,0,0
1514,3293,1788185727873,1788185729775,1902,934.65803,97,1,0,0,0,0
1514,3297,1788185727874,1788185729801,1927,1062.991093,97,0,0,0,0,0
1514,3289,1788185727873,1788185729803,1930,1050.812367,97,0,0,0,0,0
1514,3284,1788185727873,1788185729835,1962,1095.124592,97,0,0,0,0,0
1514,3283,1788185727873,1788185729850,1977,1033.964865,97,1,0,0,0,0
1514,3287,1788185727873,1788185729857,1984,1059.957464,97,0,0,0,0,0
1514,3291,1788185727873,1788185729863,1990,1074.062228,97,1,0,0,0,0
1514,3290,1788185727873,1788185729866,1993,1087.671937,97,1,0,0,0,0
1514,3296,1788185727874,1788185729869,1995,1101.230317,97,1,0,0,0,0
1514,3282,1788185727873,1788185729869,1996,1054.577007,97,1,0,0,0,0
1514,3288,1788185727873,1788185729870,1997,1114.123276,97,0,0,0,0,0
1514,3285,1788185727873,1788185729874,2001,998.862169,97,0,0,0,0,0
1514,3292,1788185727873,1788185729876,2003,1090.562315,97,1,0,0,0,0
1514,3298,1788185729725,1788185730210,485,430.175302,0,0,0,0,0,0
1516,3301,1788185733391,1788185734733,1342,1267.900487,46,1,0,8650736,0,0
1516,3300,1788185733391,1788185739485,6094,5915.983126,109,1,0,8650736,0,0
1518,3302,1788185739512,1788185739517,5,2.665169,0,1,0,8650736,0,0
1520,3303,1788185739520,1788185739526,6,2.880412,0,1,0,8650736,0,0
1523,3304,1788185739537,1788185739540,3,1.08237,0,1,0,8454128,0,0
1525,3307,1788185740939,1788185740963,24,15.185104,0,0,0,0,0,0
1524,3306,1788185740937,1788185741184,247,196.087146,23,0,0,0,0,0
1526,3308,1788185741008,1788185741230,222,178.699443,0,1,0,2097152,0,0
1528,3309,1788185741243,1788185741271,28,20.848194,0,0,0,0,0,0
1524,3305,1788185740936,1788185741842,906,837.049487,23,1,0,0,0,0
1530,3311,1788185741864,1788185741901,37,31.353058,0,2,0,34078688,0,0
1530,3315,1788185741864,1788185741901,37,32.717415,0,2,0,34078688,0,0
1530,3322,1788185741864,1788185741905,41,35.639436,0,3,0,34078688,0,0
1530,3314,1788185741864,1788185741906,42,36.235955,0,2,0,34078688,0,0
1530,3316,1788185741864,1788185741907,43,36.229081,0,2,0,34078688,0,0
1530,3317,1788185741864,1788185741907,43,38.01435,0,2,0,34078688,0,0
1530,3319,1788185741864,1788185741908,44,37.372386,0,2,0,34078688,0,0
1530,3321,1788185741864,1788185741908,44,37.095208,0,2,0,34078688,0,0
1530,3318,1788185741864,1788185741908,44,37.786804,0,2,0,34078688,0,0
1530,3324,1788185741865,1788185741908,43,38.273726,0,2,0,34078688,0,0
1530,3323,1788185741865,1788185741908,43,37.601906,0,3,0,34078688,0,0
1530,3313,1788185741864,1788185741909,45,36.946078,0,3,0,34078688,0,0
1530,3320,1788185741864,1788185741910,46,39.918802,0,3,0,34078688,0,0
1530,3326,1788185741901,1788185741923,22,18.397698,0,2,0,34078688,0,0
1530,3312,1788185741864,1788185741924,60,35.481569,0,2,0,34078688,0,0
1530,3310,1788185741864,1788185741924,60,35.561671,0,3,0,34078688,0,0
1530,3325,1788185741900,1788185741928,28,24.646858,0,2,0,34078688,0,0
1531,3328,1788185743380,1788185743449,69,61.814015,0,1,0,0,0,0
1531,3327,1788185743379,1788185743691,312,290.274459,0,1,0,0,0,0
1533,3329,1788185743700,1788185743701,1,0.516319,0,0,0,0,0,0
1515,3299,1788185731572,1788185744425,12853,11531.795886,132,0,0,0,0,0
1535,3332,1788185745104,1788185745174,70,65.819515,0,1,0,0,0,0
1535,3331,1788185745104,1788185745526,422,365.79513,46,1,0,0,0,0
1534,3330,1788185745100,1788185745540,440,370.127091,46,1,0,0,0,0
1537,3333,1788185745539,1788185745548,9,6.107166,0,0,0,0,0,0
1539,3345,1788185745584,1788185745611,27,22.680717,0,2,0,3407872,0,0
1539,3346,1788185745584,1788185745613,29,23.347873,0,2,0,3407872,0,0
1539,3344,1788185745584,1788185745613,29,23.779139,0,2,0,3407872,0,0
1539,3342,1788185745583,1788185745613,30,24.06718,0,2,0,3407872,0,0
1539,3343,1788185745583,1788185745613,30,23.591289,0,2,0,3407872,0,0
1539,3338,1788185745583,1788185745614,31,23.628438,0,3,0,3407872,0,0
1539,3347,1788185745584,1788185745614,30,23.549214,0,2,0,3407872,0,0
1539,3337,1788185745583,1788185745614,31,24.882931,0,2,0,3407872,0,0
1539,3339,1788185745583,1788185745614,31,23.785526,0,2,0,3407872,0,0
1539,3341,1788185745583,1788185745614,31,24.821317,0,3,0,3407872,0,0
1539,3335,1788185745583,1788185745615,32,24.797246,0,2,0,3407872,0,0
1539,3334,1788185745583,1788185745615,32,24.957448,0,2,0,3407872,0,0
1539,3340,1788185745583,1788185745616,33,23.770254,0,2,0,3407872,0,0
1539,3336,1788185745583,1788185745617,34,24.064686,0,2,0,3407872,0,0
1542,3348,1788185745633,1788185745637,4,1.686954,0,1,0,8650736,0,0
1545,3349,1788185745640,1788185745645,5,1.813602,0,1,0,8650736,0,0
1549,3350,1788185745655,1788185745658,3,0.901821,0,1,0,8454128,0,0
1550,3351,1788185746921,1788185746972,51,36.536068,0,0,0,0,0,0
1551,3353,1788185747033,1788185747068,35,30.59465,0,0,0,18377216,0,0
1551,3352,1788185747033,1788185747285,252,244.235583,0,0,0,18377216,0,0
1553,3354,1788185747295,1788185747296,1,0.493255,0,0,0,0,0,0
1555,3356,1788185748635,1788185748681,46,31.081087,0,0,0,0,0,0
1557,3360,1788185748639,1788185748770,131,125.623625,0,1,0,0,0,0
1556,3358,1788185748636,1788185748845,209,204.033313,0,1,0,25165792,0,0
1554,3355,1788185748630,1788185749131,501,475.351019,0,1,0,0,0,0
1557,3359,1788185748639,1788185749541,902,887.300833,9,1,0,0,0,0
1556,3357,1788185748636,1788185750240,1604,1563.669957,14,1,0,167771968,0,0
1561,3370,1788185750280,1788185750486,206,189.973582,0,2,0,43732832,0,0
1561,3369,1788185750280,1788185750739,459,429.567364,10,2,0,123490032,0,0
1561,3367,1788185750280,1788185750748,468,425.832975,10,3,0,123490032,0,0
1561,3362,1788185750280,1788185750768,488,463.406116,10,2,0,123490032,0,0
1561,3373,1788185750280,1788185750770,490,463.823779,10,2,0,123490032,0,0
1561,3375,1788185750281,1788185750774,493,456.021788,10,4,0,123490032,0,0
1561,3377,1788185750484,1788185750779,295,228.817949,10,4,0,100421376,0,0
1561,3365,1788185750280,1788185750779,499,444.381918,10,4,0,123490032,0,0
1561,3361,1788185750280,1788185750781,501,454.88592,10,2,0,123490032,0,0
1561,3374,1788185750281,1788185750782,501,417.063823,10,2,0,123490032,0,0
1561,3363,1788185750280,1788185750783,503,467.698934,10,2,0,123490032,0,0
1561,3372,1788185750280,1788185750785,505,433.340073,10,2,0,123490032,0,0
1561,3364,1788185750280,1788185750788,508,461.837828,10,5,0,123490032,0,0
1561,3376,1788185750281,1788185750799,518,455.723067,10,2,0,123490032,0,0
1561,3368,1788185750280,1788185750800,520,404.191207,10,6,0,123490032,0,0
1561,3366,1788185750280,1788185750805,525,437.015858,10,2,0,123490032,0,0
1561,3371,1788185750280,1788185750807,527,424.20095,10,2,0,123490032,0,0
1562,3379,1788185757150,1788185757949,799,791.670663,0,1,0,0,0,0
1562,3378,1788185757150,1788185762756,5606,5517.039157,13,1,0,0,0,0
1564,3391,1788185762764,1788185764898,2134,929.527813,70,1,0,0,0,0
1564,3393,1788185762764,1788185765049,2285,983.938899,70,0,0,0,0,0
1564,3381,1788185762764,1788185765109,2345,1028.349644,70,1,0,0,0,0
1564,3383,1788185762764,1788185765121,2357,1032.367122,70,0,0,0,0,0
1564,3385,1788185762764,1788185765132,2368,1056.584247,70,0,0,0,0,0
1564,3392,1788185762764,1788185765134,2370,1022.363227,70,0,0,0,0,0
1564,3380,1788185762763,1788185765139,2376,1059.910867,70,0,0,0,0,0
1564,3389,1788185762764,1788185765153,2389,1051.487755,70,0,0,0,0,0
1564,3395,1788185762764,1788185765154,2390,1076.119335,70,0,0,0,0,0
1564,3384,1788185762764,1788185765154,2390,1055.646565,70,1,0,0,0,0
1564,3394,1788185762764,1788185765167,2403,1075.565019,70,0,0,0,0,0
1564,3390,1788185762764,1788185765170,2406,1078.750554,70,0,0,0,0,0
1564,3388,1788185762764,1788185765172,2408,1089.318028,70,1,0,0,0,0
1564,3387,1788185762764,1788185765173,2409,1076.689578,70,0,0,0,0,0
1564,3386,1788185762764,1788185765176,2412,1081.747707,70,1,0,0,0,0
1564,3382,1788185762764,1788185765177,2413,1070.062411,70,0,0,0,0,0
1564,3396,1788185764898,1788185765388,490,437.631309,0,0,0,0,0,0
1565,3398,1788185766757,1788185768057,1300,1232.844946,38,1,0,8650736,0,0
1565,3397,1788185766757,1788185772686,5929,5809.71509,55,1,0,8650736,0,0
1567,3399,1788185772715,1788185772720,5,2.549121,0,1,0,8650736,0,0
1569,3400,1788185772723,1788185772728,5,2.720903,0,2,0,8650736,0,0
1572,3401,1788185772741,1788185772744,3,1.039358,0,1,0,8454128,0,0
1574,3404,1788185774038,1788185774062,24,15.066632,0,0,0,0,0,0
1573,3403,1788185774035,1788185774216,181,174.124813,0,0,0,0,0,0
1575,3405,1788185774080,1788185774255,175,153.594307,0,1,0,2097152,0,0
1577,3406,1788185774264,1788185774291,27,20.550345,0,0,0,0,0,0
1573,3402,1788185774035,1788185774858,823,791.432901,7,0,0,0,0,0
1579,3417,1788185774882,1788185774912,30,24.379888,0,3,0,34078688,0,0
1579,3413,1788185774882,1788185774921,39,34.752383,0,2,0,34078688,0,0
1579,3412,1788185774882,1788185774921,39,34.888998,0,2,0,34078688,0,0
1579,3422,1788185774882,1788185774922,40,35.981036,0,2,0,34078688,0,0
1579,3416,1788185774882,1788185774922,40,36.417846,0,2,0,34078688,0,0
1579,3415,1788185774882,1788185774922,40,36.608053,0,2,0,34078688,0,0
1579,3420,1788185774882,1788185774922,40,36.893268,0,2,0,34078688,0,0
1579,3409,1788185774882,1788185774922,40,35.703857,0,3,0,34078688,0,0
1579,3408,1788185774882,1788185774922,40,36.761741,0,2,0,34078688,0,0
1579,3407,1788185774882,1788185774923,41,35.135732,0,3,0,34078688,0,0
1579,3419,1788185774882,1788185774923,41,35.526716,0,4,0,34078688,0,0
1579,3418,1788185774882,1788185774924,42,34.642396,0,6,0,34078688,0,0
1579,3414,1788185774882,1788185774924,42,36.496324,0,4,0,34078688,0,0
1579,3410,1788185774882,1788185774924,42,35.016831,0,4,0,34078688,0,0
1579,3423,1788185774910,1788185774931,21,17.214106,0,2,0,34078688,0,0
1579,3421,1788185774882,1788185774934,52,29.989059,0,2,0,34078688,0,0
1579,3411,1788185774882,1788185774935,53,29.539044,0,4,0,34078688,0,0
1580,3425,1788185776335,1788185776410,75,62.018675,6,1,0,0,0,0
1580,3424,1788185776335,1788185776674,339,291.465634,6,1,0,0,0,0
1582,3426,1788185776684,1788185776686,2,0.58111,0,0,0,0,0,0
1584,3429,1788185777996,1788185778102,106,100.137114,0,1,0,0,0,0
1583,3427,1788185777991,1788185778383,392,370.537307,0,1,0,0,0,0
1584,3428,1788185777995,1788185778418,423,399.594899,0,1,0,0,0,0
1586,3430,1788185778429,1788185778436,7,5.696715,0,0,0,0,0,0
1588,3441,1788185778460,1788185778480,20,16.609031,0,2,0,3407872,0,0
1588,3438,1788185778460,1788185778480,20,16.951766,0,1,0,3407872,0,0
1588,3442,1788185778460,1788185778486,26,22.307091,0,2,0,3407872,0,0
1588,3443,1788185778460,1788185778486,26,23.000093,0,1,0,3407872,0,0
1588,3435,1788185778460,1788185778487,27,22.745602,0,2,0,3407872,0,0
1588,3439,1788185778460,1788185778487,27,23.360656,0,2,0,3407872,0,0
1588,3437,1788185778460,1788185778487,27,23.572983,0,2,0,3407872,0,0
1588,3444,1788185778460,1788185778487,27,23.488815,0,1,0,3407872,0,0
1588,3440,1788185778460,1788185778488,28,23.534072,0,1,0,3407872,0,0
1588,3436,1788185778460,1788185778488,28,23.708678,0,2,0,3407872,0,0
1588,3431,1788185778460,1788185778488,28,24.333922,0,2,0,3407872,0,0
1588,3432,1788185778460,1788185778488,28,24.67409,0,2,0,3407872,0,0
1588,3433,1788185778460,1788185778488,28,24.689129,0,2,0,3407872,0,0
1588,3434,1788185778460,1788185778488,28,25.026091,0,2,0,3407872,0,0
1591,3445,1788185778508,1788185778512,4,1.734854,0,1,0,8650736,0,0
1594,3446,1788185778516,1788185778521,5,1.941471,0,1,0,8650736,0,0
1598,3447,1788185778536,1788185778540,4,1.257569,0,1,0,8454128,0,0
1599,3448,1788185779839,1788185779892,53,37.467843,0,0,1,0,0,0
1600,3450,1788185779952,1788185780010,58,51.877639,0,1,0,18377216,0,0
1600,3449,1788185779952,1788185780221,269,246.579429,0,0,0,18377216,0,0
1602,3451,1788185780230,1788185780232,2,0.544251,0,0,0,0,0,0
1604,3453,1788185781766,1788185781817,51,32.278035,0,0,0,0,0,0
1606,3457,1788185781770,1788185781991,221,209.801129,0,0,0,0,0,0
1605,3455,1788185781767,1788185782147,380,341.009843,22,1,0,33554384,0,0
1603,3452,1788185781759,1788185782317,558,498.172163,22,4,0,0,0,0
1606,3456,1788185781770,1788185782740,970,917.295714,22,0,0,0,0,0
1605,3454,1788185781767,1788185783412,1645,1584.38335,29,1,0,159383376,0,0
1610,3467,1788185783455,1788185783637,182,148.398862,0,3,0,43732832,0,0
1610,3474,1788185783633,1788185783905,272,257.443872,0,6,0,100421376,0,0
1610,3460,1788185783454,1788185783905,451,414.478792,0,3,0,123490032,0,0
1610,3471,1788185783455,1788185783905,450,408.039521,0,4,0,123490032,0,0
1610,3459,1788185783454,1788185783923,469,415.032536,0,3,0,123490032,0,0
1610,3468,1788185783455,1788185783923,468,419.544317,0,3,0,123490032,0,0
1610,3462,1788185783454,1788185783936,482,392.766408,11,3,0,123490032,0,0
1610,3472,1788185783455,1788185783948,493,420.935239,11,2,0,123490032,0,0
1610,3464,1788185783455,1788185783956,501,397.024895,15,6,0,123490032,0,0
1610,3466,1788185783455,1788185783960,505,394.16564,15,3,0,123490032,0,0
1610,3465,1788185783455,1788185783960,505,398.904012,15,4,0,123490032,0,0
1610,3469,1788185783455,1788185783966,511,386.216237,15,6,0,123490032,0,0
1610,3458,1788185783454,1788185783970,516,401.100988,15,3,0,123490032,0,0
1610,3470,1788185783455,1788185783971,516,387.158302,15,1,0,123490032,0,0
1610,3473,1788185783455,1788185783973,518,376.863084,15,3,0,123490032,0,0
1610,3461,1788185783454,1788185783973,519,397.396549,15,9,0,123490032,0,0
1610,3463,1788185783455,1788185783974,519,388.433936,15,12,0,123490032,0,0
1611,3476,1788185790264,1788185791094,830,802.897935,0,1,0,0,0,0
1611,3475,1788185790264,1788185795932,5668,5587.42366,0,1,0,0,0,0
1613,3490,1788185795940,1788185797796,1856,1021.181061,99,1,0,0,0,0
1613,3478,1788185795940,1788185797850,1910,1044.053222,99,1,0,0,0,0
1613,3486,1788185795940,1788185797892,1952,1077.562869,99,0,0,0,0,0
1613,3481,1788185795940,1788185797894,1954,1052.274656,99,0,0,0,0,0
1613,3488,1788185795940,1788185797900,1960,905.924722,99,0,0,0,0,0
1613,3492,1788185795940,1788185797904,1964,1082.485552,99,0,0,0,0,0
1613,3489,1788185795940,1788185797931,1991,1034.979893,99,0,0,0,0,0
1613,3480,1788185795940,1788185797935,1995,1032.028596,99,1,0,0,0,0
1613,3485,1788185795940,1788185797945,2005,1086.361207,99,0,0,0,0,0
1613,3483,1788185795940,1788185797955,2015,1082.326515,99,0,0,0,0,0
1613,3479,1788185795940,1788185797955,2015,1088.677763,99,0,0,0,0,0
1613,3487,1788185795940,1788185797955,2015,1114.853335,99,0,0,0,0,0
1613,3482,1788185795940,1788185797980,2040,1058.000694,99,0,0,0,0,0
1613,3484,1788185795940,1788185797989,2049,1070.02956,99,0,0,0,0,0
1613,3491,1788185795940,1788185797999,2059,1051.205649,99,0,0,0,0,0
1613,3477,1788185795940,1788185798020,2080,1009.902187,99,0,0,0,0,0
1613,3493,1788185797796,1788185798390,594,470.478458,0,0,0,0,0,0
1614,3495,1788185799777,1788185801033,1256,1204.661901,24,1,0,8650736,0,0
1614,3494,1788185799777,1788185805843,6066,5854.885486,69,1,0,8650736,0,0
1616,3496,1788185805870,1788185805875,5,2.583025,0,1,0,8650736,0,0
1618,3497,1788185805878,1788185805884,6,2.770217,0,1,0,8650736,0,0
1621,3498,1788185805894,1788185805897,3,1.069236,0,1,0,8454128,0,0
1623,3501,1788185807195,1788185807218,23,14.719647,0,0,0,0,0,0
1622,3500,1788185807192,1788185807372,180,173.748516,0,0,0,0,0,0
1624,3502,1788185807236,1788185807411,175,154.681484,0,1,0,2097152,0,0
1626,3503,1788185807421,1788185807447,26,20.786007,0,0,0,0,0,0
1622,3499,1788185807192,1788185808018,826,802.886964,0,0,0,0,0,0
1628,3516,1788185808039,1788185808069,30,25.769735,0,2,0,34078688,0,0
1628,3513,1788185808039,1788185808079,40,35.201836,0,2,0,34078688,0,0
1628,3519,1788185808039,1788185808080,41,36.92104,0,1,0,34078688,0,0
1628,3511,1788185808039,1788185808080,41,35.477503,0,2,0,34078688,0,0
1628,3515,1788185808039,1788185808080,41,37.177411,0,2,0,34078688,0,0
1628,3510,1788185808039,1788185808080,41,37.195154,0,2,0,34078688,0,0
1628,3504,1788185808038,1788185808080,42,36.653057,0,2,0,34078688,0,0
1628,3507,1788185808038,1788185808081,43,37.451567,0,2,0,34078688,0,0
1628,3514,1788185808039,1788185808081,42,37.60277,0,2,0,34078688,0,0
1628,3508,1788185808038,1788185808081,43,36.631137,0,1,0,34078688,0,0
1628,3512,1788185808039,1788185808081,42,38.050098,0,2,0,34078688,0,0
1628,3509,1788185808039,1788185808085,46,34.903977,0,7,0,34078688,0,0
1628,3505,1788185808038,1788185808085,47,38.154512,0,2,0,34078688,0,0
1628,3518,1788185808039,1788185808085,46,36.446689,0,6,0,34078688,0,0
1628,3520,1788185808068,1788185808096,28,22.318882,0,3,0,34078688,0,0
1628,3506,1788185808038,1788185808103,65,35.874758,0,3,0,34078688,0,0
1628,3517,1788185808039,1788185808103,64,35.574444,0,10,0,34078688,0,0
1629,3522,1788185809524,1788185809592,68,60.215313,0,1,0,0,0,0
1629,3521,1788185809524,1788185809845,321,290.165776,6,1,0,0,0,0
1631,3523,1788185809853,1788185809854,1,0.446848,0,0,0,0,0,0
1633,3526,1788185811166,1788185811277,111,94.853619,10,0,0,0,0,0
1632,3524,1788185811162,1788185811537,375,344.729812,10,0,0,0,0,0
1633,3525,1788185811165,1788185811596,431,399.198468,10,0,0,0,0,0
1635,3527,1788185811606,1788185811612,6,5.675846,0,0,0,0,0,0
1637,3537,1788185811634,1788185811654,20,16.216735,0,1,0,3407872,0,0
1637,3533,1788185811634,1788185811654,20,16.094798,0,2,0,3407872,0,0
1637,3541,1788185811635,1788185811660,25,22.134133,0,2,0,3407872,0,0
1637,3534,1788185811634,1788185811661,27,23.404658,0,1,0,3407872,0,0
1637,3540,1788185811634,1788185811661,27,23.520406,0,1,0,3407872,0,0
1637,3539,1788185811634,1788185811661,27,23.446437,0,2,0,3407872,0,0
1637,3538,1788185811634,1788185811661,27,23.487655,0,2,0,3407872,0,0
1637,3532,1788185811634,1788185811661,27,23.660077,0,1,0,3407872,0,0
1637,3535,1788185811634,1788185811662,28,23.495198,0,2,0,3407872,0,0
1637,3529,1788185811634,1788185811662,28,24.439768,0,2,0,3407872,0,0
1637,3531,1788185811634,1788185811662,28,24.350747,0,1,0,3407872,0,0
1637,3528,1788185811634,1788185811662,28,24.402189,0,1,0,3407872,0,0
1637,3536,1788185811634,1788185811662,28,22.849055,0,3,0,3407872,0,0
1637,3530,1788185811634,1788185811662,28,24.740404,0,2,0,3407872,0,0
1640,3542,1788185811679,1788185811685,6,2.774313,0,2,0,8650736,0,0
1643,3543,1788185811689,1788185811695,6,2.849745,0,2,0,8650736,0,0
1647,3544,1788185811709,1788185811712,3,0.988454,0,1,0,8454128,0,0
1648,3545,1788185812990,1788185813043,53,37.131531,0,0,0,0,0,0
1649,3547,1788185813104,1788185813162,58,51.249888,0,1,0,18377216,0,0
1649,3546,1788185813104,1788185813368,264,242.562899,0,1,0,18377216,0,0
1651,3548,1788185813377,1788185813379,2,0.44779,0,0,0,0,0,0
1653,3550,1788185814690,1788185814747,57,40.730336,0,0,0,0,0,0
1655,3554,1788185814693,1788185814914,221,213.235378,0,1,0,0,0,0
1654,3552,1788185814691,1788185815064,373,350.560668,14,1,0,33554384,0,0
1652,3549,1788185814687,1788185815263,576,505.746159,25,1,0,0,0,0
1655,3553,1788185814692,1788185815669,977,908.344152,25,1,0,0,0,0
1654,3551,1788185814691,1788185816320,1629,1557.39915,25,1,0,159383376,0,0
1659,3564,1788185816358,1788185816597,239,146.977076,11,10,0,43732832,0,0
1659,3570,1788185816358,1788185816833,475,443.988666,11,9,0,123490032,0,0
1659,3561,1788185816358,1788185816835,477,439.558302,11,10,0,123490032,0,0
1659,3560,1788185816358,1788185816864,506,453.420177,11,10,0,123490032,0,0
1659,3556,1788185816358,1788185816867,509,463.187756,25,9,0,123490032,0,0
1659,3557,1788185816358,1788185816869,511,456.603955,25,10,0,123490032,0,0
1659,3562,1788185816358,1788185816870,512,398.413521,25,9,0,123490032,0,0
1659,3565,1788185816358,1788185816870,512,454.432931,25,9,0,123490032,0,0
1659,3568,1788185816358,1788185816878,520,461.3476,25,9,0,123490032,0,0
1659,3563,1788185816358,1788185816878,520,398.922897,25,10,0,123490032,0,0
1659,3567,1788185816358,1788185816879,521,472.437747,25,10,0,123490032,0,0
1659,3569,1788185816358,1788185816888,530,417.311256,25,9,0,123490032,0,0
1659,3571,1788185816588,1788185816888,300,257.024295,14,9,0,100421376,0,0
1659,3559,1788185816358,1788185816893,535,407.482725,25,10,0,123490032,0,0
1659,3558,1788185816358,1788185816894,536,431.915051,25,9,0,123490032,0,0
1659,3566,1788185816358,1788185816907,549,425.040174,25,9,0,123490032,0,0
1659,3555,1788185816358,1788185816907,549,429.482213,25,9,0,123490032,0,0
1660,3573,1788185823227,1788185824062,835,807.745429,0,1,0,0,0,0
1660,3572,1788185823227,1788185828812,5585,5508.471874,0,1,0,0,0,0
1662,3585,1788185828820,1788185831077,2257,930.066934,100,0,0,0,0,0
1662,3587,1788185828820,1788185831206,2386,1012.127332,100,0,0,0,0,0
1662,3586,1788185828820,1788185831284,2464,1025.504269,100,0,0,0,0,0
1662,3579,1788185828820,1788185831304,2484,1061.305689,100,0,0,0,0,0
1662,3583,1788185828820,1788185831307,2487,1061.098705,100,0,0,0,0,0
1662,3577,1788185828820,1788185831309,2489,1018.605751,100,0,0,0,0,0
1662,3574,1788185828820,1788185831320,2500,1056.215435,100,1,0,0,0,0
1662,3589,1788185828820,1788185831322,2502,1055.743859,100,0,0,0,0,0
1662,3578,1788185828820,1788185831324,2504,1037.868559,100,0,0,0,0,0
1662,3581,1788185828820,1788185831326,2506,1080.126586,100,0,0,0,0,0
1662,3580,1788185828820,1788185831330,2510,1078.264318,100,0,0,0,0,0
1662,3575,1788185828820,1788185831331,2511,1012.07913,100,1,0,0,0,0
1662,3584,1788185828820,1788185831337,2517,1072.708827,100,1,0,0,0,0
1662,3576,1788185828820,1788185831338,2518,1074.381268,100,0,0,0,0,0
1662,3582,1788185828820,1788185831339,2519,1004.698607,100,0,0,0,0,0
1662,3588,1788185828820,1788185831343,2523,1050.205601,100,0,0,0,0,0
1662,3590,1788185831077,1788185831575,498,438.760304,0,0,0,0,0,0
1664,3593,1788185834547,1788185835951,1404,1268.118118,64,1,0,8650736,0,0
1664,3592,1788185834547,1788185841016,6469,6149.877927,175,1,0,8650736,0,0
1666,3594,1788185841058,1788185841065,7,4.000944,0,2,0,8650736,0,0
1668,3595,1788185841069,1788185841075,6,3.286935,0,2,0,8650736,0,0
1671,3596,1788185841094,1788185841099,5,1.501335,0,2,0,8454128,0,0
1673,3599,1788185842579,1788185842604,25,16.026748,0,0,0,0,0,0
1672,3598,1788185842577,1788185842773,196,187.613768,0,1,0,0,0,0
1674,3600,1788185842625,1788185842817,192,169.99214,0,1,0,2097152,0,0
1676,3601,1788185842827,1788185842854,27,20.967487,0,0,0,0,0,0
1672,3597,1788185842576,1788185843423,847,816.572914,0,1,0,0,0,0
1678,3606,1788185843445,1788185843486,41,27.669337,0,7,0,34078688,0,0
1678,3610,1788185843445,1788185843486,41,36.391788,0,2,0,34078688,0,0
1678,3607,1788185843445,1788185843486,41,36.274878,0,2,0,34078688,0,0
1678,3603,1788185843445,1788185843486,41,35.36395,0,2,0,34078688,0,0
1678,3611,1788185843445,1788185843486,41,36.660292,0,2,0,34078688,0,0
1678,3602,1788185843445,1788185843487,42,37.001342,0,2,0,34078688,0,0
1678,3612,1788185843445,1788185843487,42,36.98368,0,2,0,34078688,0,0
1678,3615,1788185843445,1788185843487,42,37.016108,0,2,0,34078688,0,0
1678,3605,1788185843445,1788185843487,42,36.659379,0,2,0,34078688,0,0
1678,3608,1788185843445,1788185843487,42,36.277813,0,3,0,34078688,0,0
1678,3613,1788185843445,1788185843487,42,36.398108,0,3,0,34078688,0,0
1678,3614,1788185843445,1788185843487,42,36.97896,0,2,0,34078688,0,0
1678,3609,1788185843445,1788185843487,42,34.941717,0,3,0,34078688,0,0
1678,3616,1788185843445,1788185843491,46,33.722139,0,9,0,34078688,0,0
1678,3604,1788185843445,1788185843495,50,33.089685,0,3,0,34078688,0,0
1678,3618,1788185843485,1788185843505,20,15.718783,0,3,0,34078688,0,0
1678,3617,1788185843481,1788185843509,28,23.312524,0,3,0,34078688,0,0
1679,3620,1788185844954,1788185845087,133,79.169354,35,1,0,0,0,0
1679,3619,1788185844954,1788185845330,376,305.715196,35,1,0,0,0,0
1681,3621,1788185845338,1788185845340,2,0.482816,0,0,0,0,0,0
1663,3591,1788185832930,1788185845946,13016,11479.249763,210,0,0,0,0,0
1683,3624,1788185846720,1788185846784,64,60.157505,0,0,0,0,0,0
1682,3622,1788185846717,1788185847081,364,344.287945,0,0,0,0,0,0
1683,3623,1788185846720,1788185847082,362,355.303166,0,0,0,0,0,0
1685,3625,1788185847092,1788185847100,8,5.97163,0,0,0,0,0,0
1687,3630,1788185847131,1788185847158,27,23.441425,0,2,0,3407872,0,0
1687,3639,1788185847131,1788185847158,27,23.354301,0,1,0,3407872,0,0
1687,3633,1788185847131,1788185847159,28,23.335202,0,2,0,3407872,0,0
1687,3636,1788185847131,1788185847162,31,24.644486,0,2,0,3407872,0,0
1687,3634,1788185847131,1788185847162,31,23.722623,0,2,0,3407872,0,0
1687,3626,1788185847131,1788185847162,31,24.269684,0,2,0,3407872,0,0
1687,3637,1788185847131,1788185847162,31,23.794278,0,1,0,3407872,0,0
1687,3635,1788185847131,1788185847162,31,23.699644,0,2,0,3407872,0,0
1687,3638,1788185847131,1788185847162,31,23.964739,0,1,0,3407872,0,0
1687,3631,1788185847131,1788185847163,32,23.545262,0,2,0,3407872,0,0
1687,3632,1788185847131,1788185847163,32,24.427277,0,2,0,3407872,0,0
1687,3627,1788185847131,1788185847163,32,24.617625,0,2,0,3407872,0,0
1687,3628,1788185847131,1788185847163,32,24.842116,0,2,0,3407872,0,0
1687,3629,1788185847131,1788185847173,42,22.609838,0,2,0,3407872,0,0
1690,3640,1788185847195,1788185847199,4,1.813282,0,1,0,8650736,0,0
1693,3641,1788185847204,1788185847209,5,2.039254,0,2,0,8650736,0,0
1697,3642,1788185847224,1788185847227,3,0.877005,0,1,0,8454128,0,0
1698,3643,1788185848515,1788185848569,54,37.912156,0,0,1,0,0,0
1699,3645,1788185848633,1788185848666,33,29.910857,0,0,0,18377216,0,0
1699,3644,1788185848633,1788185848877,244,236.118175,0,0,0,18377216,0,0
1701,3646,1788185848886,1788185848888,2,0.553919,0,0,0,0,0,0
1703,3648,1788185850234,1788185850284,50,32.66082,0,0,0,0,0,0
1705,3652,1788185850237,1788185850368,131,123.815492,0,0,0,0,0,0
1704,3650,1788185850236,1788185850484,248,211.078908,27,1,0,25165792,0,0
1702,3647,1788185850228,1788185850750,522,463.778887,27,2,0,0,0,0
1705,3651,1788185850237,1788185851168,931,892.757598,27,0,0,0,0,0
1704,3649,1788185850236,1788185851894,1658,1614.720634,31,1,0,167771968,0,0
1709,3662,1788185851939,1788185852147,208,134.959544,0,3,0,43732832,0,0
1709,3660,1788185851939,1788185852420,481,416.921074,6,3,0,123490032,0,0
1709,3661,1788185851939,1788185852433,494,412.48442,6,3,0,123490032,0,0
1709,3655,1788185851939,1788185852441,502,416.707973,6,3,0,123490032,0,0
1709,3664,1788185851939,1788185852449,510,433.915828,12,7,0,123490032,0,0
1709,3669,1788185852142,1788185852453,311,244.291118,12,12,0,100421376,0,0
1709,3666,1788185851939,1788185852455,516,415.670244,12,5,0,123490032,0,0
1709,3659,1788185851939,1788185852463,524,427.710822,12,3,0,123490032,0,0
1709,3667,1788185851939,1788185852465,526,438.973445,12,3,0,123490032,0,0
1709,3657,1788185851939,1788185852471,532,393.309279,12,4,0,123490032,0,0
1709,3656,1788185851939,1788185852473,534,419.404726,12,5,0,123490032,0,0
1709,3653,1788185851938,1788185852474,536,407.813199,12,4,0,123490032,0,0
1709,3654,1788185851938,1788185852478,540,412.654554,12,3,0,123490032,0,0
1709,3665,1788185851939,1788185852478,539,388.748619,12,5,0,123490032,0,0
1709,3663,1788185851939,1788185852479,540,386.11761,12,4,0,123490032,0,0
1709,3668,1788185851939,1788185852494,555,366.734587,12,6,0,123490032,0,0
1709,3658,1788185851939,1788185852500,561,377.93769,12,3,0,123490032,0,0
