timestamp,cpu_utilization_pct,memory_used_pct,disk_read_bytes_sec,disk_write_bytes_sec,disk_read_iops,disk_write_iops,active_spark_jobs,active_spark_tasks,queued_queries,running_queries,compaction_active,frag_file_count,table_size_mb,last_query_duration_ms,last_compaction_duration_ms
1790790581.075,16.7,50.5,35413284,0,2161.5,0.0,0,0,0,0,False,0,0.0,0.0,0.0
1790790582.096,13.9,50.5,6085325,0,310.7,0.0,0,0,0,0,False,0,0.0,0.0,0.0
1790790583.096,8.1,50.4,167923,0,4.0,0.0,0,0,0,0,False,0,0.0,0.0,0.0
1790790584.096,5.4,50.4,8191,208881,1.0,3.0,0,0,0,0,False,0,0.0,0.0,0.0
1790790585.096,4.3,50.4,0,0,0.0,0.0,0,0,0,0,False,0,0.0,0.0,0.0
1790790586.096,5.8,50.3,0,195688507,0.0,1562.9,0,0,0,0,False,0,0.0,0.0,0.0
1790790587.096,4.8,50.3,0,0,0.0,0.0,0,0,0,0,False,0,0.0,0.0,0.0
1790790588.096,3.4,50.3,0,0,0.0,0.0,0,0,0,0,False,0,0.0,0.0,0.0
1790790589.096,3.3,50.3,0,0,0.0,0.0,0,0,0,0,False,0,0.0,0.0,0.0
1790790590.096,3.5,50.3,0,4096,0.0,1.0,0,0,0,0,False,0,0.0,0.0,0.0
1790790591.096,15.1,50.8,61435,12749887,8.0,102.0,0,0,0,0,False,0,0.0,0.0,0.0
1790790592.096,20.9,51.1,163829,0,22.0,0.0,0,0,0,0,False,0,0.0,0.0,0.0
1790790593.096,45.8,52.0,22378757,0,282.0,0.0,3,2,0,3,False,0,0.0,0.0,0.0
1790790594.096,22.3,52.4,0,0,0.0,0.0,1,1,0,1,False,0,0.0,0.0,0.0
1790790595.098,42.3,52.1,298664,593237,5.0,9.0,1,0,0,1,False,0,0.0,0.0,0.0
1790790596.099,91.4,52.8,53185,621852,3.0,22.0,1,17,0,1,False,0,0.0,0.0,0.0
1790790597.099,25.4,52.6,167923,45053,11.0,2.0,0,0,0,0,False,0,0.0,0.0,0.0
1790790598.099,3.5,52.6,0,995239,0.0,145.0,0,0,0,0,False,0,0.0,0.0,0.0
1790790599.099,3.8,52.7,0,0,0.0,0.0,0,0,0,0,False,0,0.0,0.0,0.0
1790790600.099,4.1,52.7,8191,1359764,2.0,19.0,0,0,0,0,False,0,0.0,0.0,0.0
1790790601.099,5.5,52.7,0,0,0.0,0.0,0,0,0,0,False,0,0.0,0.0,0.0
1790790602.099,12.0,52.8,8191,155637,2.0,3.0,0,0,0,0,False,0,0.0,0.0,0.0
1790790603.099,26.6,53.5,4096,0,1.0,0.0,0,0,0,0,False,0,0.0,0.0,0.0
1790790604.099,42.3,53.6,3071763,0,57.0,0.0,1,1,0,1,False,0,0.0,0.0,0.0
1790790605.099,17.3,53.3,0,45053,0.0,2.0,0,0,0,0,False,0,0.0,0.0,0.0
1790790606.100,11.3,53.4,8191,2334529,2.0,22.0,0,0,0,0,False,0,0.0,0.0,0.0
1790790607.100,31.0,53.9,86013,237561,8.0,3.0,0,0,0,0,False,0,0.0,0.0,0.0
1790790608.100,47.7,54.2,0,0,0.0,0.0,2,2,0,2,False,0,0.0,0.0,0.0
1790790609.100,15.9,54.3,0,1589134,0.0,16.0,1,1,0,1,False,0,0.0,0.0,0.0
1790790610.100,75.8,54.7,0,0,0.0,0.0,0,0,0,0,False,0,0.0,0.0,0.0
1790790611.100,8.0,53.8,0,69627,0.0,4.0,0,0,0,0,False,0,0.0,0.0,0.0
1790790612.100,4.6,53.9,0,45409212,0.0,360.0,0,0,0,0,False,0,0.0,0.0,0.0
1790790613.100,7.8,53.9,192498,778185,32.0,13.0,0,0,0,0,False,0,0.0,0.0,0.0
1790790614.100,6.1,53.8,0,0,0.0,0.0,0,0,0,0,False,0,0.0,0.0,0.0
1790790615.100,6.4,53.8,0,0,0.0,0.0,0,0,0,0,False,0,0.0,0.0,0.0
1790790616.100,4.0,53.5,0,0,0.0,0.0,0,0,0,0,False,0,0.0,0.0,0.0
1790790617.100,4.2,53.4,0,28305425,0.0,224.0,0,0,0,0,False,0,0.0,0.0,0.0
1790790618.100,3.8,53.4,0,1228713,0.0,10.0,0,0,0,0,False,0,0.0,0.0,0.0
1790790619.100,7.2,53.4,32766,102393,7.0,2.0,0,0,0,0,False,0,0.0,0.0,0.0
1790790620.101,7.6,53.3,4096,0,1.0,0.0,0,0,0,0,False,0,0.0,0.0,0.0
1790790621.101,8.8,53.5,0,0,0.0,0.0,0,0,0,0,False,0,0.0,0.0,0.0
1790790622.101,8.0,53.8,0,0,0.0,0.0,0,0,0,0,False,0,0.0,0.0,0.0
1790790623.101,9.0,53.8,0,86010,0.0,8.0,0,0,0,0,False,0,0.0,0.0,0.0
1790790624.101,5.9,53.8,0,0,0.0,0.0,0,0,0,0,False,0,0.0,0.0,0.0
1790790625.101,5.9,53.8,0,77818,0.0,10.0,0,0,0,0,False,0,0.0,0.0,0.0
1790790626.101,6.0,53.8,0,188402,0.0,23.0,0,0,0,0,False,0,0.0,0.0,0.0
1790790627.101,4.6,53.8,0,0,0.0,0.0,0,0,0,0,False,0,0.0,0.0,0.0
1790790628.101,3.7,53.7,0,0,0.0,0.0,0,0,0,0,False,0,0.0,0.0,0.0
1790790629.101,6.3,53.7,0,0,0.0,0.0,0,0,0,0,False,0,0.0,0.0,0.0
1790790630.101,6.7,53.6,0,0,0.0,0.0,0,0,0,0,False,0,0.0,0.0,0.0
1790790631.101,5.1,53.7,0,0,0.0,0.0,0,0,0,0,False,0,0.0,0.0,0.0
1790790632.101,5.3,53.7,0,0,0.0,0.0,0,0,0,0,False,0,0.0,0.0,0.0
1790790633.101,5.2,53.8,0,786374,0.0,99.0,0,0,0,0,False,0,0.0,0.0,0.0
1790790634.102,6.8,53.9,0,12287,0.0,2.0,0,0,0,0,False,0,0.0,0.0,0.0
1790790635.102,3.5,53.9,0,16384,0.0,4.0,0,0,0,0,False,0,0.0,0.0,0.0
1790790636.102,3.9,53.8,0,2051939,0.0,21.0,0,0,0,0,False,0,0.0,0.0,0.0
1790790637.102,6.8,53.9,0,0,0.0,0.0,0,0,0,0,False,0,0.0,0.0,0.0
1790790638.102,5.7,53.9,0,0,0.0,0.0,0,0,0,0,False,0,0.0,0.0,0.0
1790790639.102,5.8,53.8,0,0,0.0,0.0,0,0,0,0,False,0,0.0,0.0,0.0
1790790640.102,8.4,53.9,0,1294235,0.0,12.0,0,0,0,0,False,0,0.0,0.0,0.0
1790790641.102,6.8,53.8,0,0,0.0,0.0,0,0,0,0,False,0,0.0,0.0,0.0
1790790642.102,9.3,53.8,0,16383,0.0,1.0,0,0,0,0,False,0,0.0,0.0,0.0
1790790643.102,8.4,53.8,0,0,0.0,0.0,0,0,0,0,False,0,0.0,0.0,0.0
1790790644.102,5.8,53.8,28670,1220523,5.0,73.0,0,0,0,0,False,0,0.0,0.0,0.0
1790790645.102,8.7,54.1,155637,102393,9.0,5.0,0,0,0,0,False,0,0.0,0.0,0.0
1790790646.102,5.5,54.4,0,40957,0.0,1.0,0,0,0,0,False,0,0.0,0.0,0.0
1790790647.102,17.4,54.8,4096,32766,1.0,1.0,0,0,0,0,False,0,0.0,0.0,0.0
1790790648.103,30.7,54.5,172017,102391,18.0,6.0,0,0,0,0,False,0,0.0,0.0,0.0
1790790649.103,2.4,54.4,221165,581581,15.0,15.0,0,0,0,0,False,0,0.0,0.0,0.0
1790790650.103,4.5,54.5,0,0,0.0,0.0,0,0,0,0,False,0,0.0,0.0,0.0
1790790651.103,6.1,54.9,0,19896912,0.0,156.0,0,0,0,0,False,0,0.0,0.0,0.0
1790790652.103,6.7,55.1,0,274412,0.0,13.0,0,0,0,0,False,0,0.0,0.0,0.0
1790790653.103,4.8,55.0,0,0,0.0,0.0,0,0,0,0,False,0,0.0,0.0,0.0
1790790654.103,5.9,55.1,0,0,0.0,0.0,0,0,0,0,False,0,0.0,0.0,0.0
1790790655.103,3.7,55.0,139252,0,4.0,0.0,0,0,0,0,False,0,0.0,0.0,0.0
1790790656.103,5.8,55.0,0,118776,0.0,10.0,0,0,0,0,False,0,0.0,0.0,0.0
1790790657.103,4.6,55.0,0,0,0.0,0.0,0,0,0,0,False,0,0.0,0.0,0.0
1790790658.103,4.6,54.9,0,0,0.0,0.0,0,0,0,0,False,0,0.0,0.0,0.0
1790790659.103,7.7,54.9,0,0,0.0,0.0,0,0,0,0,False,0,0.0,0.0,0.0
1790790660.103,4.9,54.9,0,0,0.0,0.0,0,0,0,0,False,0,0.0,0.0,0.0
1790790661.104,7.8,54.9,0,0,0.0,0.0,0,0,0,0,False,0,0.0,0.0,0.0
1790790662.104,11.5,54.8,0,0,0.0,0.0,0,0,0,0,False,0,0.0,0.0,0.0
1790790663.104,6.1,54.8,12287,0,3.0,0.0,0,0,0,0,False,0,0.0,0.0,0.0
1790790664.104,20.0,55.1,0,430046,0.0,78.0,0,0,0,0,False,0,0.0,0.0,0.0
1790790665.104,22.9,55.6,57340,430049,8.0,6.0,1,1,0,1,False,0,0.0,0.0,0.0
1790790666.104,9.3,54.9,0,45053,0.0,2.0,0,0,0,0,False,0,0.0,0.0,0.0
1790790667.104,6.8,54.9,0,2690881,0.0,27.0,0,0,0,0,False,0,0.0,0.0,0.0
1790790668.104,2.6,55.0,4096,12287,1.0,1.0,0,0,0,0,False,0,0.0,0.0,0.0
1790790669.104,4.9,55.0,0,0,0.0,0.0,0,0,0,0,False,0,0.0,0.0,0.0
1790790670.104,6.7,54.8,0,1408925,0.0,13.0,0,0,0,0,False,0,0.0,0.0,0.0
1790790671.104,4.4,54.8,0,0,0.0,0.0,0,0,0,0,False,0,0.0,0.0,0.0
1790790672.104,7.7,54.7,0,0,0.0,0.0,0,0,0,0,False,0,0.0,0.0,0.0
1790790673.104,3.8,54.7,0,0,0.0,0.0,0,0,0,0,False,0,0.0,0.0,0.0
1790790674.104,9.0,54.8,0,0,0.0,0.0,0,0,0,0,False,0,0.0,0.0,0.0
1790790675.105,6.0,54.7,0,0,0.0,0.0,0,0,0,0,False,0,0.0,0.0,0.0
1790790676.105,3.7,54.6,0,73724,0.0,5.0,0,0,0,0,False,0,0.0,0.0,0.0
1790790677.105,8.7,54.6,0,12287,0.0,3.0,0,0,0,0,False,0,0.0,0.0,0.0
1790790678.105,8.4,54.6,0,131063,0.0,3.0,0,0,0,0,False,0,0.0,0.0,0.0
1790790679.105,7.2,54.5,0,0,0.0,0.0,0,0,0,0,False,0,0.0,0.0,0.0
1790790680.105,5.8,54.4,0,331753,0.0,18.0,0,0,0,0,False,0,0.0,0.0,0.0
1790790681.105,6.4,53.9,0,69626,0.0,8.0,0,0,0,0,False,0,0.0,0.0,0.0
1790790682.105,5.3,53.8,0,1322898,0.0,13.0,0,0,0,0,False,0,0.0,0.0,0.0
1790790683.105,4.9,53.8,0,0,0.0,0.0,0,0,0,0,False,0,0.0,0.0,0.0
1790790684.105,6.7,53.7,0,0,0.0,0.0,0,0,0,0,False,0,0.0,0.0,0.0
1790790685.105,4.4,53.7,0,0,0.0,0.0,0,0,0,0,False,0,0.0,0.0,0.0
1790790686.105,4.4,53.6,0,4096,0.0,1.0,0,0,0,0,False,0,0.0,0.0,0.0
1790790687.105,7.4,53.7,0,73723,0.0,2.0,0,0,0,0,False,0,0.0,0.0,0.0
1790790688.105,5.8,53.7,0,0,0.0,0.0,0,0,0,0,False,0,0.0,0.0,0.0
1790790689.106,6.3,53.8,0,28670,0.0,3.0,0,0,0,0,False,0,0.0,0.0,0.0
1790790690.106,6.4,53.6,0,401393,0.0,5.0,0,0,0,0,False,0,0.0,0.0,0.0
1790790691.106,7.4,53.6,0,0,0.0,0.0,0,0,0,0,False,0,0.0,0.0,0.0
1790790692.106,5.2,53.6,0,0,0.0,0.0,0,0,0,0,False,0,0.0,0.0,0.0
1790790693.106,5.4,53.6,0,0,0.0,0.0,0,0,0,0,False,0,0.0,0.0,0.0
1790790694.106,4.7,53.6,0,0,0.0,0.0,0,0,0,0,False,0,0.0,0.0,0.0
1790790695.106,4.3,53.6,0,0,0.0,0.0,0,0,0,0,False,0,0.0,0.0,0.0
1790790696.106,4.7,53.6,0,561112,0.0,95.0,0,0,0,0,False,0,0.0,0.0,0.0
1790790697.106,7.8,53.7,0,24574,0.0,1.0,0,0,0,0,False,0,0.0,0.0,0.0
1790790698.106,7.6,53.8,0,2527051,0.0,26.0,0,0,0,0,False,0,0.0,0.0,0.0
1790790699.106,7.5,53.8,0,0,0.0,0.0,0,0,0,0,False,0,0.0,0.0,0.0
1790790700.106,7.8,53.8,0,0,0.0,0.0,0,0,0,0,False,0,0.0,0.0,0.0
1790790701.106,6.2,53.8,0,0,0.0,0.0,0,0,0,0,False,0,0.0,0.0,0.0
1790790702.106,5.5,53.8,0,49149,0.0,2.0,0,0,0,0,False,0,0.0,0.0,0.0
1790790703.107,5.0,53.7,0,0,0.0,0.0,0,0,0,0,False,0,0.0,0.0,0.0
1790790704.107,8.0,53.9,4096,32766,1.0,1.0,0,0,0,0,False,0,0.0,0.0,0.0
1790790705.107,34.7,54.9,8191,65530,2.0,2.0,0,0,0,0,False,0,0.0,0.0,0.0
1790790706.107,49.6,55.5,389084,0,8.0,0.0,4,2,0,4,False,0,0.0,0.0,0.0
1790790707.107,61.3,55.8,94201,16383,4.0,1.0,0,0,0,0,False,0,0.0,0.0,0.0
1790790708.107,10.7,54.1,167923,57340,6.0,3.0,0,0,0,0,False,0,0.0,0.0,0.0
1790790709.107,3.7,54.1,0,679886,0.0,7.0,0,0,0,0,False,0,0.0,0.0,0.0
1790790710.107,3.8,54.1,0,86010,0.0,10.0,0,0,0,0,False,0,0.0,0.0,0.0
1790790711.107,3.3,54.0,0,0,0.0,0.0,0,0,0,0,False,0,0.0,0.0,0.0
1790790712.107,4.6,53.9,0,937912,0.0,16.0,0,0,0,0,False,0,0.0,0.0,0.0
1790790713.107,4.0,54.0,0,0,0.0,0.0,0,0,0,0,False,0,0.0,0.0,0.0
1790790714.107,19.2,54.6,8191,32765,2.0,1.0,0,0,0,0,False,0,0.0,0.0,0.0
1790790715.107,20.9,54.9,0,106487,0.0,2.0,0,0,0,0,False,0,0.0,0.0,0.0
1790790716.108,6.1,54.1,0,90105,0.0,3.0,0,0,0,0,False,0,0.0,0.0,0.0
1790790717.108,5.0,54.1,0,0,0.0,0.0,0,0,0,0,False,0,0.0,0.0,0.0
1790790718.108,5.2,54.1,12287,0,3.0,0.0,0,0,0,0,False,0,0.0,0.0,0.0
1790790719.108,3.2,54.1,0,0,0.0,0.0,0,0,0,0,False,0,0.0,0.0,0.0
1790790720.108,3.4,54.0,0,1785727,0.0,19.0,0,0,0,0,False,0,0.0,0.0,0.0
1790790721.108,11.9,54.5,8191,106488,2.0,4.0,0,0,0,0,False,0,0.0,0.0,0.0
1790790722.108,30.0,54.4,282602,118775,9.0,3.0,1,0,0,1,False,0,0.0,0.0,0.0
1790790723.108,32.0,54.5,0,0,0.0,0.0,1,0,0,1,False,0,0.0,0.0,0.0
1790790724.108,18.4,54.6,0,0,0.0,0.0,1,1,0,1,False,0,0.0,0.0,0.0
1790790725.108,17.2,54.6,0,0,0.0,0.0,1,1,0,1,False,0,0.0,0.0,0.0
1790790726.108,20.3,54.7,0,0,0.0,0.0,1,1,0,1,False,0,0.0,0.0,0.0
1790790727.108,16.3,54.7,0,0,0.0,0.0,1,1,0,1,False,0,0.0,0.0,0.0
1790790728.108,17.5,54.7,0,1965929,0.0,21.0,1,1,0,1,False,0,0.0,0.0,0.0
1790790729.108,24.5,54.2,0,49148,0.0,2.0,0,0,0,0,False,0,0.0,0.0,0.0
1790790730.109,6.2,54.3,0,0,0.0,0.0,0,0,0,0,False,0,0.0,0.0,0.0
1790790731.109,4.1,54.1,0,0,0.0,0.0,0,0,0,0,False,0,0.0,0.0,0.0
1790790732.109,4.7,54.0,0,0,0.0,0.0,0,0,0,0,False,0,0.0,0.0,0.0
1790790733.109,3.4,54.0,0,663504,0.0,69.0,0,0,0,0,False,0,0.0,0.0,0.0
1790790734.109,3.7,53.9,0,163828,0.0,3.0,0,0,0,0,False,0,0.0,0.0,0.0
1790790735.109,3.7,53.9,0,0,0.0,0.0,0,0,0,0,False,0,0.0,0.0,0.0
1790790736.109,3.7,53.8,0,0,0.0,0.0,0,0,0,0,False,0,0.0,0.0,0.0
1790790737.109,3.8,53.9,0,0,0.0,0.0,0,0,0,0,False,0,0.0,0.0,0.0
1790790738.109,6.5,53.6,0,16383,0.0,1.0,0,0,0,0,False,0,0.0,0.0,0.0
1790790739.109,3.5,53.6,0,0,0.0,0.0,0,0,0,0,False,0,0.0,0.0,0.0
1790790740.109,4.0,53.6,0,0,0.0,0.0,0,0,0,0,False,0,0.0,0.0,0.0
1790790741.109,3.8,53.5,0,0,0.0,0.0,0,0,0,0,False,0,0.0,0.0,0.0
1790790742.109,3.6,53.5,0,16383,0.0,2.0,0,0,0,0,False,0,0.0,0.0,0.0
1790790743.109,3.5,53.5,0,356327,0.0,10.0,0,0,0,0,False,0,0.0,0.0,0.0
1790790744.110,5.9,53.5,0,0,0.0,0.0,0,0,0,0,False,0,0.0,0.0,0.0
1790790745.110,3.4,53.5,0,0,0.0,0.0,0,0,0,0,False,0,0.0,0.0,0.0
1790790746.110,5.6,53.5,0,0,0.0,0.0,0,0,0,0,False,0,0.0,0.0,0.0
1790790747.110,7.3,54.3,4096,102392,1.0,3.0,0,0,0,0,False,0,0.0,0.0,0.0
1790790748.110,4.0,54.1,0,12287,0.0,2.0,0,0,0,0,False,0,0.0,0.0,0.0
1790790749.110,5.7,54.5,0,368615,0.0,16.0,0,0,0,0,False,0,0.0,0.0,0.0
1790790750.110,3.5,54.5,0,0,0.0,0.0,0,0,0,0,False,0,0.0,0.0,0.0
1790790751.110,4.1,54.4,0,0,0.0,0.0,0,0,0,0,False,0,0.0,0.0,0.0
1790790752.110,4.1,54.3,0,806885,0.0,11.0,0,0,0,0,False,0,0.0,0.0,0.0
1790790753.110,3.4,54.3,0,53243,0.0,3.0,0,0,0,0,False,0,0.0,0.0,0.0
1790790754.110,5.7,54.3,0,0,0.0,0.0,0,0,0,0,False,0,0.0,0.0,0.0
1790790755.110,4.4,54.3,0,57340,0.0,2.0,0,0,0,0,False,0,0.0,0.0,0.0
1790790756.110,4.5,54.3,0,0,0.0,0.0,0,0,0,0,False,0,0.0,0.0,0.0
1790790757.110,4.1,54.2,0,0,0.0,0.0,0,0,0,0,False,0,0.0,0.0,0.0
1790790758.111,4.3,54.1,0,12287,0.0,1.0,0,0,0,0,False,0,0.0,0.0,0.0
1790790759.111,4.0,54.1,0,2129852,0.0,19.0,0,0,0,0,False,0,0.0,0.0,0.0
1790790760.111,4.4,54.1,0,0,0.0,0.0,0,0,0,0,False,0,0.0,0.0,0.0
1790790761.111,7.7,54.0,118776,32766,10.0,2.0,0,0,0,0,False,0,0.0,0.0,0.0
1790790762.111,5.2,54.1,4096,4096,1.0,1.0,0,0,0,0,False,0,0.0,0.0,0.0
1790790763.111,7.3,54.0,0,24574,0.0,1.0,0,0,0,0,False,0,0.0,0.0,0.0
1790790764.111,7.0,54.0,0,303083,0.0,60.0,0,0,0,0,False,0,0.0,0.0,0.0
1790790765.111,4.3,54.0,184304,0,18.0,0.0,0,0,0,0,False,0,0.0,0.0,0.0
1790790766.111,7.1,54.0,0,0,0.0,0.0,0,0,0,0,False,0,0.0,0.0,0.0
1790790767.111,5.9,54.0,0,49148,0.0,2.0,0,0,0,0,False,0,0.0,0.0,0.0
1790790768.111,5.9,54.0,53244,16383,4.0,1.0,0,0,0,0,False,0,0.0,0.0,0.0
1790790769.111,5.7,54.1,0,0,0.0,0.0,0,0,0,0,False,0,0.0,0.0,0.0
1790790770.111,6.2,54.2,0,0,0.0,0.0,0,0,0,0,False,0,0.0,0.0,0.0
1790790771.111,6.9,54.3,0,0,0.0,0.0,0,0,0,0,False,0,0.0,0.0,0.0
1790790772.112,8.3,54.3,0,0,0.0,0.0,0,0,0,0,False,0,0.0,0.0,0.0
1790790773.112,6.3,54.4,0,16383,0.0,2.0,0,0,0,0,False,0,0.0,0.0,0.0
1790790774.112,6.3,54.3,0,24574,0.0,4.0,0,0,0,0,False,0,0.0,0.0,0.0
1790790775.112,3.5,54.2,0,0,0.0,0.0,0,0,0,0,False,0,0.0,0.0,0.0
1790790776.112,4.6,54.2,0,0,0.0,0.0,0,0,0,0,False,0,0.0,0.0,0.0
1790790777.112,3.9,54.0,0,221168,0.0,27.0,0,0,0,0,False,0,0.0,0.0,0.0
1790790778.112,3.6,53.7,0,0,0.0,0.0,0,0,0,0,False,0,0.0,0.0,0.0
1790790779.112,3.5,53.7,0,0,0.0,0.0,0,0,0,0,False,0,0.0,0.0,0.0
1790790780.112,5.7,53.8,0,1384350,0.0,17.0,0,0,0,0,False,0,0.0,0.0,0.0
1790790781.112,19.9,54.4,0,32766,0.0,1.0,0,0,0,0,False,0,0.0,0.0,0.0
1790790782.112,16.0,53.7,0,49149,0.0,2.0,0,0,0,0,False,0,0.0,0.0,0.0
1790790783.112,4.6,53.7,0,0,0.0,0.0,0,0,0,0,False,0,0.0,0.0,0.0
1790790784.112,5.7,53.7,0,184307,0.0,3.0,0,0,0,0,False,0,0.0,0.0,0.0
1790790785.112,4.0,53.7,0,0,0.0,0.0,0,0,0,0,False,0,0.0,0.0,0.0
1790790786.113,3.7,53.7,0,0,0.0,0.0,0,0,0,0,False,0,0.0,0.0,0.0
1790790787.113,5.1,53.7,0,0,0.0,0.0,0,0,0,0,False,0,0.0,0.0,0.0
1790790788.113,6.4,53.6,0,0,0.0,0.0,0,0,0,0,False,0,0.0,0.0,0.0
1790790789.113,7.4,53.7,69627,0,1.0,0.0,0,0,0,0,False,0,0.0,0.0,0.0
1790790790.113,15.7,53.9,0,2518864,0.0,29.0,0,0,0,0,False,0,0.0,0.0,0.0
1790790791.113,26.2,54.6,0,0,0.0,0.0,0,0,0,0,False,0,0.0,0.0,0.0
1790790792.113,28.7,54.8,2514765,634835,23.0,6.0,1,1,0,1,False,0,0.0,0.0,0.0
1790790793.113,40.6,55.0,0,49148,0.0,2.0,0,0,0,0,False,0,0.0,0.0,0.0
1790790794.113,9.6,55.3,0,0,0.0,0.0,0,0,0,0,False,0,0.0,0.0,0.0
1790790795.113,9.8,55.4,0,4096,0.0,1.0,0,0,0,0,False,0,0.0,0.0,0.0
1790790796.113,13.1,55.5,84986,40957,4.0,1.0,0,0,0,0,False,0,0.0,0.0,0.0
1790790797.113,10.9,55.7,1653644,0,53.0,0.0,0,0,0,0,False,0,0.0,0.0,0.0
1790790798.113,10.3,55.7,126967,1437595,2.0,113.0,0,0,0,0,False,0,0.0,0.0,0.0
1790790799.113,10.3,55.7,55292,16383,11.0,1.0,0,0,0,0,False,0,0.0,0.0,0.0
1790790800.114,8.6,55.7,0,0,0.0,0.0,0,0,0,0,False,0,0.0,0.0,0.0
1790790801.114,8.8,55.7,0,0,0.0,0.0,0,0,0,0,False,0,0.0,0.0,0.0
1790790802.114,8.7,55.7,0,0,0.0,0.0,0,0,0,0,False,0,0.0,0.0,0.0
1790790803.114,12.4,55.7,6144,0,2.0,0.0,0,0,0,0,False,0,0.0,0.0,0.0
1790790804.114,9.4,55.6,0,0,0.0,0.0,0,0,0,0,False,0,0.0,0.0,0.0
1790790805.114,9.7,55.6,0,532441,0.0,12.0,0,0,0,0,False,0,0.0,0.0,0.0
1790790806.114,9.3,55.6,0,126967,0.0,9.0,0,0,0,0,False,0,0.0,0.0,0.0
1790790807.114,8.7,55.6,0,0,0.0,0.0,0,0,0,0,False,0,0.0,0.0,0.0
1790790808.114,9.6,55.6,0,69627,0.0,8.0,0,0,0,0,False,0,0.0,0.0,0.0
1790790809.114,11.4,55.6,0,49148,0.0,3.0,0,0,0,0,False,0,0.0,0.0,0.0
1790790810.114,9.1,55.7,224235,0,4.0,0.0,0,0,0,0,False,0,0.0,0.0,0.0
1790790811.114,8.6,55.7,0,0,0.0,0.0,0,0,0,0,False,0,0.0,0.0,0.0
1790790812.114,7.9,55.7,0,0,0.0,0.0,0,0,0,0,False,0,0.0,0.0,0.0
1790790813.114,8.3,55.8,0,0,0.0,0.0,0,0,0,0,False,0,0.0,0.0,0.0
1790790814.115,8.4,55.8,0,147445,0.0,3.0,0,0,0,0,False,0,0.0,0.0,0.0
1790790815.115,9.3,55.9,0,0,0.0,0.0,0,0,0,0,False,0,0.0,0.0,0.0
1790790816.115,9.5,55.9,0,0,0.0,0.0,0,0,0,0,False,0,0.0,0.0,0.0
1790790817.115,9.9,55.9,0,0,0.0,0.0,0,0,0,0,False,0,0.0,0.0,0.0
1790790818.115,9.1,55.9,0,1929077,0.0,18.0,0,0,0,0,False,0,0.0,0.0,0.0
1790790819.115,8.1,55.9,0,53244,0.0,2.0,0,0,0,0,False,0,0.0,0.0,0.0
1790790820.115,8.7,55.9,0,16383,0.0,2.0,0,0,0,0,False,0,0.0,0.0,0.0
1790790821.115,7.4,55.9,0,0,0.0,0.0,0,0,0,0,False,0,0.0,0.0,0.0
1790790822.115,7.9,55.9,0,1630093,0.0,17.0,0,0,0,0,False,0,0.0,0.0,0.0
1790790823.115,8.4,55.9,0,0,0.0,0.0,0,0,0,0,False,0,0.0,0.0,0.0
1790790824.115,9.3,56.0,0,0,0.0,0.0,0,0,0,0,False,0,0.0,0.0,0.0
1790790825.115,7.8,56.1,4096,42546256,1.0,333.0,0,0,0,0,False,0,0.0,0.0,0.0
1790790826.115,7.1,56.1,0,0,0.0,0.0,0,0,0,0,False,0,0.0,0.0,0.0
1790790827.116,7.6,56.2,0,4096,0.0,1.0,0,0,0,0,False,0,0.0,0.0,0.0
1790790828.116,8.0,56.2,0,4096,0.0,1.0,0,0,0,0,False,0,0.0,0.0,0.0
1790790829.116,7.7,56.3,0,0,0.0,0.0,0,0,0,0,False,0,0.0,0.0,0.0
1790790830.116,9.2,56.3,0,110584,0.0,3.0,0,0,0,0,False,0,0.0,0.0,0.0
1790790831.116,8.1,56.3,0,0,0.0,0.0,0,0,0,0,False,0,0.0,0.0,0.0
1790790832.116,7.9,56.3,0,0,0.0,0.0,0,0,0,0,False,0,0.0,0.0,0.0
1790790833.116,8.5,56.3,0,0,0.0,0.0,0,0,0,0,False,0,0.0,0.0,0.0
1790790834.116,11.6,56.4,0,0,0.0,0.0,0,0,0,0,False,0,0.0,0.0,0.0
1790790835.116,8.3,56.4,0,155637,0.0,33.0,0,0,0,0,False,0,0.0,0.0,0.0
1790790836.116,8.6,56.4,0,40957,0.0,6.0,0,0,0,0,False,0,0.0,0.0,0.0
1790790837.116,8.2,56.4,0,0,0.0,0.0,0,0,0,0,False,0,0.0,0.0,0.0
1790790838.116,7.9,56.4,0,0,0.0,0.0,0,0,0,0,False,0,0.0,0.0,0.0
1790790839.116,7.6,56.4,0,0,0.0,0.0,0,0,0,0,False,0,0.0,0.0,0.0
1790790840.116,8.2,56.4,0,0,0.0,0.0,0,0,0,0,False,0,0.0,0.0,0.0
1790790841.117,10.3,56.3,0,0,0.0,0.0,0,0,0,0,False,0,0.0,0.0,0.0
1790790842.117,7.6,56.3,0,0,0.0,0.0,0,0,0,0,False,0,0.0,0.0,0.0
1790790843.117,7.8,56.3,0,0,0.0,0.0,0,0,0,0,False,0,0.0,0.0,0.0
1790790844.117,7.6,56.3,0,0,0.0,0.0,0,0,0,0,False,0,0.0,0.0,0.0
1790790845.117,9.8,56.3,0,0,0.0,0.0,0,0,0,0,False,0,0.0,0.0,0.0
1790790846.117,7.9,56.3,0,172019,0.0,4.0,0,0,0,0,False,0,0.0,0.0,0.0
1790790847.117,8.0,56.3,0,4096,0.0,1.0,0,0,0,0,False,0,0.0,0.0,0.0
1790790848.117,8.0,56.3,0,0,0.0,0.0,0,0,0,0,False,0,0.0,0.0,0.0
1790790849.117,7.5,56.3,0,1732483,0.0,17.0,0,0,0,0,False,0,0.0,0.0,0.0
1790790850.117,7.5,56.3,0,0,0.0,0.0,0,0,0,0,False,0,0.0,0.0,0.0
1790790851.117,8.5,56.3,0,0,0.0,0.0,0,0,0,0,False,0,0.0,0.0,0.0
1790790852.117,7.4,56.3,0,1949556,0.0,18.0,0,0,0,0,False,0,0.0,0.0,0.0
1790790853.117,8.0,56.3,0,0,0.0,0.0,0,0,0,0,False,0,0.0,0.0,0.0
1790790854.117,9.0,56.3,0,0,0.0,0.0,0,0,0,0,False,0,0.0,0.0,0.0
1790790855.118,8.5,56.3,0,0,0.0,0.0,0,0,0,0,False,0,0.0,0.0,0.0
1790790856.118,9.1,56.3,0,0,0.0,0.0,0,0,0,0,False,0,0.0,0.0,0.0
1790790857.118,9.5,56.4,0,0,0.0,0.0,0,0,0,0,False,0,0.0,0.0,0.0
1790790858.118,8.5,56.4,0,24574,0.0,2.0,0,0,0,0,False,0,0.0,0.0,0.0
1790790859.118,8.5,56.4,0,0,0.0,0.0,0,0,0,0,False,0,0.0,0.0,0.0
1790790860.118,8.9,56.4,0,0,0.0,0.0,0,0,0,0,False,0,0.0,0.0,0.0
1790790861.118,9.1,56.4,0,16383,0.0,1.0,0,0,0,0,False,0,0.0,0.0,0.0
1790790862.118,10.9,56.4,0,0,0.0,0.0,0,0,0,0,False,0,0.0,0.0,0.0
1790790863.118,7.5,56.5,0,0,0.0,0.0,0,0,0,0,False,0,0.0,0.0,0.0
1790790864.118,8.3,56.6,0,0,0.0,0.0,0,0,0,0,False,0,0.0,0.0,0.0
1790790865.118,7.6,56.6,0,28670,0.0,2.0,0,0,0,0,False,0,0.0,0.0,0.0
1790790866.118,7.9,56.6,0,0,0.0,0.0,0,0,0,0,False,0,0.0,0.0,0.0
1790790867.118,8.8,56.6,0,98297,0.0,24.0,0,0,0,0,False,0,0.0,0.0,0.0
1790790868.118,7.6,56.7,0,0,0.0,0.0,0,0,0,0,False,0,0.0,0.0,0.0
1790790869.119,7.7,56.6,0,0,0.0,0.0,0,0,0,0,False,0,0.0,0.0,0.0
1790790870.119,9.7,56.6,0,0,0.0,0.0,0,0,0,0,False,0,0.0,0.0,0.0
1790790871.119,7.3,56.5,0,0,0.0,0.0,0,0,0,0,False,0,0.0,0.0,0.0
1790790872.119,7.4,56.5,0,0,0.0,0.0,0,0,0,0,False,0,0.0,0.0,0.0
1790790873.119,9.0,56.4,0,20479,0.0,2.0,0,0,0,0,False,0,0.0,0.0,0.0
1790790874.119,9.6,56.4,0,0,0.0,0.0,0,0,0,0,False,0,0.0,0.0,0.0
1790790875.119,8.5,56.4,0,0,0.0,0.0,0,0,0,0,False,0,0.0,0.0,0.0
1790790876.119,8.2,56.4,0,0,0.0,0.0,0,0,0,0,False,0,0.0,0.0,0.0
1790790877.119,8.9,56.3,0,0,0.0,0.0,0,0,0,0,False,0,0.0,0.0,0.0
1790790878.119,10.6,56.2,0,81914,0.0,10.0,0,0,0,0,False,0,0.0,0.0,0.0
1790790879.119,8.3,56.2,0,0,0.0,0.0,0,0,0,0,False,0,0.0,0.0,0.0
1790790880.119,8.1,56.1,0,0,0.0,0.0,0,0,0,0,False,0,0.0,0.0,0.0
1790790881.119,7.4,56.1,0,0,0.0,0.0,0,0,0,0,False,0,0.0,0.0,0.0
1790790882.119,7.6,56.0,0,0,0.0,0.0,0,0,0,0,False,0,0.0,0.0,0.0
1790790883.120,8.5,56.0,0,2010991,0.0,23.0,0,0,0,0,False,0,0.0,0.0,0.0
1790790884.120,7.9,56.0,0,0,0.0,0.0,0,0,0,0,False,0,0.0,0.0,0.0
1790790885.120,7.6,56.0,0,45053,0.0,2.0,0,0,0,0,False,0,0.0,0.0,0.0
1790790886.120,8.7,55.9,12287,0,1.0,0.0,0,0,0,0,False,0,0.0,0.0,0.0
1790790887.120,15.8,56.5,0,77818,0.0,3.0,0,0,0,0,False,0,0.0,0.0,0.0
1790790888.120,8.3,56.6,0,1187754,0.0,11.0,0,0,0,0,False,0,0.0,0.0,0.0
1790790889.120,9.1,56.5,0,180212,0.0,12.0,0,0,0,0,False,0,0.0,0.0,0.0
1790790890.120,8.0,56.5,0,0,0.0,0.0,0,0,0,0,False,0,0.0,0.0,0.0
1790790891.120,7.3,56.5,0,16383,0.0,1.0,0,0,0,0,False,0,0.0,0.0,0.0
1790790892.120,7.2,56.5,0,0,0.0,0.0,0,0,0,0,False,0,0.0,0.0,0.0
1790790893.120,8.2,56.6,0,0,0.0,0.0,0,0,0,0,False,0,0.0,0.0,0.0
1790790894.120,7.7,56.6,0,0,0.0,0.0,0,0,0,0,False,0,0.0,0.0,0.0
1790790895.120,9.8,56.6,0,122871,0.0,5.0,0,0,0,0,False,0,0.0,0.0,0.0
1790790896.120,9.7,56.6,0,0,0.0,0.0,0,0,0,0,False,0,0.0,0.0,0.0
1790790897.121,7.3,56.6,0,0,0.0,0.0,0,0,0,0,False,0,0.0,0.0,0.0
1790790898.121,7.5,56.6,0,36862,0.0,7.0,0,0,0,0,False,0,0.0,0.0,0.0
1790790899.121,7.2,56.5,0,0,0.0,0.0,0,0,0,0,False,0,0.0,0.0,0.0
1790790900.121,7.3,56.5,0,53244,0.0,2.0,0,0,0,0,False,0,0.0,0.0,0.0
1790790901.121,7.3,56.5,0,0,0.0,0.0,0,0,0,0,False,0,0.0,0.0,0.0
1790790902.121,7.6,56.5,40957,0,6.0,0.0,0,0,0,0,False,0,0.0,0.0,0.0
1790790903.121,7.1,56.5,0,0,0.0,0.0,0,0,0,0,False,0,0.0,0.0,0.0
1790790904.121,7.7,56.4,0,200690,0.0,45.0,0,0,0,0,False,0,0.0,0.0,0.0
1790790905.121,8.0,56.4,0,0,0.0,0.0,0,0,0,0,False,0,0.0,0.0,0.0
1790790906.121,9.1,56.4,0,0,0.0,0.0,0,0,0,0,False,0,0.0,0.0,0.0
1790790907.121,7.8,56.4,0,0,0.0,0.0,0,0,0,0,False,0,0.0,0.0,0.0
1790790908.121,8.9,56.5,0,36861,0.0,2.0,0,0,0,0,False,0,0.0,0.0,0.0
1790790909.121,7.4,56.4,0,0,0.0,0.0,0,0,0,0,False,0,0.0,0.0,0.0
1790790910.121,7.8,56.4,0,0,0.0,0.0,0,0,0,0,False,0,0.0,0.0,0.0
1790790911.122,7.6,56.4,0,0,0.0,0.0,0,0,0,0,False,0,0.0,0.0,0.0
1790790912.122,7.0,56.3,0,0,0.0,0.0,0,0,0,0,False,0,0.0,0.0,0.0
1790790913.122,7.4,56.3,0,86009,0.0,1.0,0,0,0,0,False,0,0.0,0.0,0.0
1790790914.122,7.8,56.3,0,2432850,0.0,23.0,0,0,0,0,False,0,0.0,0.0,0.0
1790790915.122,7.5,56.3,0,0,0.0,0.0,0,0,0,0,False,0,0.0,0.0,0.0
1790790916.122,8.5,56.3,0,0,0.0,0.0,0,0,0,0,False,0,0.0,0.0,0.0
1790790917.122,10.7,56.2,0,417753,0.0,45.0,0,0,0,0,False,0,0.0,0.0,0.0
1790790918.122,8.5,56.1,0,1228710,0.0,10.0,0,0,0,0,False,0,0.0,0.0,0.0
1790790919.122,7.6,56.1,0,1327013,0.0,14.0,0,0,0,0,False,0,0.0,0.0,0.0
1790790920.122,7.6,56.1,4096,0,1.0,0.0,0,0,0,0,False,0,0.0,0.0,0.0
1790790921.122,7.4,56.1,0,0,0.0,0.0,0,0,0,0,False,0,0.0,0.0,0.0
1790790922.122,7.3,56.1,0,16383,0.0,1.0,0,0,0,0,False,0,0.0,0.0,0.0
1790790923.122,8.1,56.1,0,86010,0.0,2.0,0,0,0,0,False,0,0.0,0.0,0.0
1790790924.123,7.7,56.1,0,0,0.0,0.0,0,0,0,0,False,0,0.0,0.0,0.0
1790790925.123,7.8,56.1,0,12287,0.0,3.0,0,0,0,0,False,0,0.0,0.0,0.0
1790790926.123,7.3,56.0,0,0,0.0,0.0,0,0,0,0,False,0,0.0,0.0,0.0
1790790927.123,8.8,56.0,0,0,0.0,0.0,0,0,0,0,False,0,0.0,0.0,0.0
1790790928.123,9.5,56.0,0,0,0.0,0.0,0,0,0,0,False,0,0.0,0.0,0.0
1790790929.123,7.9,56.0,0,0,0.0,0.0,0,0,0,0,False,0,0.0,0.0,0.0
1790790930.123,8.9,56.0,0,36861,0.0,6.0,0,0,0,0,False,0,0.0,0.0,0.0
1790790931.123,7.8,56.0,0,0,0.0,0.0,0,0,0,0,False,0,0.0,0.0,0.0
1790790932.123,7.1,56.0,0,0,0.0,0.0,0,0,0,0,False,0,0.0,0.0,0.0
1790790933.123,7.6,56.0,0,1327007,0.0,14.0,0,0,0,0,False,0,0.0,0.0,0.0
1790790934.123,7.7,56.0,0,0,0.0,0.0,0,0,0,0,False,0,0.0,0.0,0.0
1790790935.123,7.4,56.0,0,0,0.0,0.0,0,0,0,0,False,0,0.0,0.0,0.0
1790790936.123,7.2,56.0,0,28670,0.0,2.0,0,0,0,0,False,0,0.0,0.0,0.0
1790790937.123,8.9,56.0,0,0,0.0,0.0,0,0,0,0,False,0,0.0,0.0,0.0
1790790938.124,7.5,56.0,0,159732,0.0,32.0,0,0,0,0,False,0,0.0,0.0,0.0
1790790939.124,7.1,56.0,0,0,0.0,0.0,0,0,0,0,False,0,0.0,0.0,0.0
1790790940.124,7.4,56.0,0,1228712,0.0,10.0,0,0,0,0,False,0,0.0,0.0,0.0
1790790941.124,9.1,56.1,0,0,0.0,0.0,0,0,0,0,False,0,0.0,0.0,0.0
1790790942.124,7.4,56.1,0,73722,0.0,2.0,0,0,0,0,False,0,0.0,0.0,0.0
1790790943.124,7.3,56.1,0,0,0.0,0.0,0,0,0,0,False,0,0.0,0.0,0.0
1790790944.124,7.7,56.1,0,0,0.0,0.0,0,0,0,0,False,0,0.0,0.0,0.0
1790790945.124,7.3,56.1,0,1904504,0.0,20.0,0,0,0,0,False,0,0.0,0.0,0.0
1790790946.124,12.0,56.1,0,32766,0.0,1.0,0,0,0,0,False,0,0.0,0.0,0.0
1790790947.124,24.0,56.8,0,0,0.0,0.0,0,0,0,0,False,0,0.0,0.0,0.0
1790790948.124,31.4,57.2,0,0,0.0,0.0,0,0,0,0,False,0,0.0,0.0,0.0
1790790949.124,10.5,57.0,0,49148,0.0,2.0,0,0,0,0,False,0,0.0,0.0,0.0
1790790950.124,11.3,57.1,0,688079,0.0,14.0,0,0,0,0,False,0,0.0,0.0,0.0
1790790951.124,9.2,57.2,0,0,0.0,0.0,0,0,0,0,False,0,0.0,0.0,0.0
1790790952.125,9.3,57.2,0,217072,0.0,12.0,0,0,0,0,False,0,0.0,0.0,0.0
1790790953.125,7.5,57.2,0,16383,0.0,1.0,0,0,0,0,False,0,0.0,0.0,0.0
1790790954.125,8.2,57.2,0,0,0.0,0.0,0,0,0,0,False,0,0.0,0.0,0.0
1790790955.125,7.9,57.2,0,0,0.0,0.0,0,0,0,0,False,0,0.0,0.0,0.0
1790790956.125,8.3,57.1,0,118776,0.0,10.0,0,0,0,0,False,0,0.0,0.0,0.0
1790790957.125,7.2,57.1,0,0,0.0,0.0,0,0,0,0,False,0,0.0,0.0,0.0
1790790958.125,7.7,57.1,0,0,0.0,0.0,0,0,0,0,False,0,0.0,0.0,0.0
1790790959.125,8.9,57.2,0,0,0.0,0.0,0,0,0,0,False,0,0.0,0.0,0.0
1790790960.125,8.1,57.1,0,0,0.0,0.0,0,0,0,0,False,0,0.0,0.0,0.0
1790790961.125,7.7,57.0,0,434143,0.0,10.0,0,0,0,0,False,0,0.0,0.0,0.0
1790790962.125,7.3,57.0,0,0,0.0,0.0,0,0,0,0,False,0,0.0,0.0,0.0
1790790963.125,7.5,56.9,0,0,0.0,0.0,0,0,0,0,False,0,0.0,0.0,0.0
1790790964.125,7.7,56.9,0,20478,0.0,2.0,0,0,0,0,False,0,0.0,0.0,0.0
1790790965.126,7.4,56.8,0,0,0.0,0.0,0,0,0,0,False,0,0.0,0.0,0.0
1790790966.126,7.6,56.8,0,0,0.0,0.0,0,0,0,0,False,0,0.0,0.0,0.0
1790790967.126,7.1,56.7,0,0,0.0,0.0,0,0,0,0,False,0,0.0,0.0,0.0
1790790968.126,7.9,56.7,0,0,0.0,0.0,0,0,0,0,False,0,0.0,0.0,0.0
1790790969.126,9.2,56.7,0,1474449,0.0,16.0,0,0,0,0,False,0,0.0,0.0,0.0
1790790970.126,9.4,56.6,0,1228707,0.0,10.0,0,0,0,0,False,0,0.0,0.0,0.0
1790790971.126,7.8,56.6,0,4096,0.0,1.0,0,0,0,0,False,0,0.0,0.0,0.0
1790790972.126,8.7,56.6,0,0,0.0,0.0,0,0,0,0,False,0,0.0,0.0,0.0
1790790973.126,8.9,56.6,0,671682,0.0,80.0,0,0,0,0,False,0,0.0,0.0,0.0
1790790974.126,9.2,56.5,0,0,0.0,0.0,0,0,0,0,False,0,0.0,0.0,0.0
1790790975.126,9.2,56.6,0,98297,0.0,2.0,0,0,0,0,False,0,0.0,0.0,0.0
1790790976.126,9.2,56.6,0,2686784,0.0,26.0,0,0,0,0,False,0,0.0,0.0,0.0
1790790977.126,8.5,56.6,0,0,0.0,0.0,0,0,0,0,False,0,0.0,0.0,0.0
1790790978.127,8.4,56.5,0,14892012,0.0,120.0,0,0,0,0,False,0,0.0,0.0,0.0
1790790979.127,10.4,56.5,0,0,0.0,0.0,0,0,0,0,False,0,0.0,0.0,0.0
1790790980.127,8.4,56.4,0,159733,0.0,11.0,0,0,0,0,False,0,0.0,0.0,0.0
1790790981.127,8.7,56.1,0,4096,0.0,1.0,0,0,0,0,False,0,0.0,0.0,0.0
1790790982.127,7.5,56.1,0,0,0.0,0.0,0,0,0,0,False,0,0.0,0.0,0.0
1790790983.127,7.2,56.1,0,200690,0.0,3.0,0,0,0,0,False,0,0.0,0.0,0.0
1790790984.127,7.9,56.1,0,0,0.0,0.0,0,0,0,0,False,0,0.0,0.0,0.0
1790790985.127,7.1,56.1,0,0,0.0,0.0,0,0,0,0,False,0,0.0,0.0,0.0
1790790986.127,7.7,56.0,0,1568656,0.0,18.0,0,0,0,0,False,0,0.0,0.0,0.0
1790790987.127,7.7,56.0,0,0,0.0,0.0,0,0,0,0,False,0,0.0,0.0,0.0
1790790988.127,7.7,56.0,0,159732,0.0,9.0,0,0,0,0,False,0,0.0,0.0,0.0
1790790989.127,9.5,56.0,0,790469,0.0,7.0,0,0,0,0,False,0,0.0,0.0,0.0
1790790990.127,7.9,56.0,0,450525,0.0,11.0,0,0,0,0,False,0,0.0,0.0,0.0
1790790991.127,7.8,56.0,0,0,0.0,0.0,0,0,0,0,False,0,0.0,0.0,0.0
1790790992.128,8.0,56.0,0,0,0.0,0.0,0,0,0,0,False,0,0.0,0.0,0.0
1790790993.128,7.7,56.0,0,12287,0.0,3.0,0,0,0,0,False,0,0.0,0.0,0.0
1790790994.128,9.4,56.0,0,118775,0.0,6.0,0,0,0,0,False,0,0.0,0.0,0.0
1790790995.128,7.8,56.0,0,53244,0.0,3.0,0,0,0,0,False,0,0.0,0.0,0.0
1790790996.128,8.2,56.0,0,0,0.0,0.0,0,0,0,0,False,0,0.0,0.0,0.0
1790790997.128,9.5,56.0,0,4096,0.0,1.0,0,0,0,0,False,0,0.0,0.0,0.0
1790790998.128,10.6,56.1,0,40957,0.0,1.0,0,0,0,0,False,0,0.0,0.0,0.0
1790790999.128,12.5,56.4,69626,0,1.0,0.0,0,0,0,0,False,0,0.0,0.0,0.0
1790791000.128,21.0,57.3,176116,241647,14.0,6.0,0,0,0,0,False,0,0.0,0.0,0.0
1790791001.128,11.2,57.3,593878,110584,40.0,3.0,0,0,0,0,False,0,0.0,0.0,0.0
1790791002.128,18.2,58.3,1224602,778175,54.0,50.0,0,0,0,0,False,0,0.0,0.0,0.0
1790791003.128,22.4,58.6,1118129,0,59.0,0.0,0,0,0,0,False,0,0.0,0.0,0.0
1790791004.128,11.8,58.4,393187,0,23.0,0.0,0,0,0,0,False,0,0.0,0.0,0.0
1790791005.129,15.2,58.7,7147016,4853417,127.0,212.0,0,0,0,0,False,0,0.0,0.0,0.0
1790791006.129,15.4,59.1,29722298,30713451,440.0,278.0,0,0,0,0,False,0,0.0,0.0,0.0
1790791007.129,16.6,59.3,13626430,15772583,159.0,149.0,0,0,0,0,False,0,0.0,0.0,0.0
1790791008.129,18.6,59.6,1372058,0,69.0,0.0,0,0,0,0,False,0,0.0,0.0,0.0
1790791009.129,19.5,59.6,14859115,13396959,549.0,156.0,0,0,0,0,False,0,0.0,0.0,0.0
1790791010.129,34.4,60.5,22866409,29100096,591.0,316.0,0,0,0,0,False,0,0.0,0.0,0.0
1790791011.129,38.3,61.1,19946022,66747499,724.9,645.0,0,0,0,0,False,0,0.0,0.0,0.0
1790791012.129,28.8,61.6,11472056,46457528,166.0,416.0,0,0,0,0,False,0,0.0,0.0,0.0
1790791013.129,21.6,62.0,7978409,18590348,138.0,210.0,0,0,0,0,False,0,0.0,0.0,0.0
1790791014.129,26.7,62.1,749512,50422093,18.0,488.0,0,0,0,0,False,0,0.0,0.0,0.0
1790791015.129,32.1,62.5,31876546,60443796,774.9,585.0,0,0,0,0,False,0,0.0,0.0,0.0
1790791016.129,27.1,62.4,4284100,48796149,112.0,481.0,0,0,0,0,False,0,0.0,0.0,0.0
1790791017.129,12.1,62.4,16530242,34309673,170.0,314.0,0,0,0,0,False,0,0.0,0.0,0.0
1790791018.129,10.3,62.4,20457837,32318878,218.0,294.0,0,0,0,0,False,0,0.0,0.0,0.0
1790791019.130,9.9,62.4,18893316,20998490,202.0,193.0,0,0,0,0,False,0,0.0,0.0,0.0
1790791020.130,11.6,62.3,7208429,27179054,70.0,240.0,0,0,0,0,False,0,0.0,0.0,0.0
1790791021.130,9.4,62.2,49148,7245308,7.0,71.0,0,0,0,0,False,0,0.0,0.0,0.0
1790791022.130,7.1,62.2,0,597971,0.0,29.0,0,0,0,0,False,0,0.0,0.0,0.0
1790791023.130,6.8,62.2,0,98296,0.0,6.0,0,0,0,0,False,0,0.0,0.0,0.0
1790791024.130,6.3,62.2,0,118775,0.0,8.0,0,0,0,0,False,0,0.0,0.0,0.0
1790791025.130,6.3,62.2,0,0,0.0,0.0,0,0,0,0,False,0,0.0,0.0,0.0
1790791026.130,15.2,62.2,0,0,0.0,0.0,0,0,0,0,False,0,0.0,0.0,0.0
1790791027.130,5.4,62.3,4096,430042,1.0,6.0,0,0,0,0,False,0,0.0,0.0,0.0
1790791028.130,12.0,62.2,0,0,0.0,0.0,0,0,0,0,False,0,0.0,0.0,0.0
1790791029.130,15.9,61.9,0,0,0.0,0.0,0,0,0,0,False,0,0.0,0.0,0.0
1790791030.130,18.7,61.5,176114,34088253,6.0,466.0,0,0,0,0,False,0,0.0,0.0,0.0
1790791031.131,20.4,62.0,4096,41435814,1.0,511.0,0,0,0,0,False,0,0.0,0.0,0.0
1790791032.131,23.4,62.3,4096,62755157,1.0,600.0,0,0,0,0,False,0,0.0,0.0,0.0
1790791033.131,10.8,62.2,0,14855073,0.0,163.0,0,0,0,0,False,0,0.0,0.0,0.0
1790791034.131,18.0,62.2,454624,15764395,16.0,195.0,0,0,0,0,False,0,0.0,0.0,0.0
1790791035.131,17.3,62.2,4096,32495100,1.0,306.0,0,0,0,0,False,0,0.0,0.0,0.0
1790791036.131,8.8,62.0,0,21739987,0.0,200.0,0,0,0,0,False,0,0.0,0.0,0.0
1790791037.131,6.3,62.0,12287,30775106,3.0,558.0,0,0,0,0,False,0,0.0,0.0,0.0
1790791038.131,7.1,61.9,0,0,0.0,0.0,0,0,0,0,False,0,0.0,0.0,0.0
1790791039.131,7.0,61.9,0,0,0.0,0.0,0,0,0,0,False,0,0.0,0.0,0.0
1790791040.131,5.8,61.9,0,393189,0.0,10.0,0,0,0,0,False,0,0.0,0.0,0.0
1790791041.131,13.2,60.2,4096,1163182,1.0,16.0,0,0,0,0,False,0,0.0,0.0,0.0
1790791042.131,5.0,60.0,4096,4206291,1.0,43.0,0,0,0,0,False,0,0.0,0.0,0.0
1790791043.131,4.5,60.0,0,225263,0.0,5.0,0,0,0,0,False,0,0.0,0.0,0.0
1790791044.131,4.2,59.9,0,0,0.0,0.0,0,0,0,0,False,0,0.0,0.0,0.0
1790791045.132,4.1,59.9,0,16383,0.0,1.0,0,0,0,0,False,0,0.0,0.0,0.0
1790791046.132,4.7,59.5,0,0,0.0,0.0,0,0,0,0,False,0,0.0,0.0,0.0
1790791047.132,4.0,59.6,4096,3878633,1.0,45.0,0,0,0,0,False,0,0.0,0.0,0.0
1790791048.132,3.7,59.5,0,0,0.0,0.0,0,0,0,0,False,0,0.0,0.0,0.0
1790791049.132,3.9,59.5,0,348136,0.0,7.0,0,0,0,0,False,0,0.0,0.0,0.0
1790791050.132,4.1,59.5,0,0,0.0,0.0,0,0,0,0,False,0,0.0,0.0,0.0
1790791051.132,4.9,59.5,0,0,0.0,0.0,0,0,0,0,False,0,0.0,0.0,0.0
1790791052.132,6.0,59.4,0,126967,0.0,5.0,0,0,0,0,False,0,0.0,0.0,0.0
1790791053.132,4.3,59.4,0,0,0.0,0.0,0,0,0,0,False,0,0.0,0.0,0.0
1790791054.132,6.1,59.4,0,0,0.0,0.0,0,0,0,0,False,0,0.0,0.0,0.0
1790791055.132,5.0,59.4,0,143350,0.0,4.0,0,0,0,0,False,0,0.0,0.0,0.0
1790791056.132,4.3,59.4,0,24574,0.0,4.0,0,0,0,0,False,0,0.0,0.0,0.0
1790791057.132,3.9,59.4,0,126967,0.0,3.0,0,0,0,0,False,0,0.0,0.0,0.0
1790791058.132,4.0,59.4,12287,0,1.0,0.0,0,0,0,0,False,0,0.0,0.0,0.0
1790791059.133,3.9,59.4,4096,0,1.0,0.0,0,0,0,0,False,0,0.0,0.0,0.0
1790791060.133,4.0,59.4,0,0,0.0,0.0,0,0,0,0,False,0,0.0,0.0,0.0
1790791061.133,4.0,59.4,0,0,0.0,0.0,0,0,0,0,False,0,0.0,0.0,0.0
1790791062.133,4.0,59.3,0,0,0.0,0.0,0,0,0,0,False,0,0.0,0.0,0.0
1790791063.133,5.0,59.3,0,2088816,0.0,20.0,0,0,0,0,False,0,0.0,0.0,0.0
1790791064.133,9.5,59.2,0,0,0.0,0.0,0,0,0,0,False,0,0.0,0.0,0.0
1790791065.133,4.5,59.1,0,0,0.0,0.0,0,0,0,0,False,0,0.0,0.0,0.0
1790791066.133,4.1,59.1,0,0,0.0,0.0,0,0,0,0,False,0,0.0,0.0,0.0
1790791067.133,4.3,59.2,0,0,0.0,0.0,0,0,0,0,False,0,0.0,0.0,0.0
1790791068.133,4.1,59.1,0,2731790,0.0,29.0,0,0,0,0,False,0,0.0,0.0,0.0
1790791069.133,4.9,59.1,0,0,0.0,0.0,0,0,0,0,False,0,0.0,0.0,0.0
1790791070.133,19.1,59.8,585683,0,41.0,0.0,0,0,0,0,False,0,0.0,0.0,0.0
1790791071.133,12.0,60.0,720843,573398,29.0,110.0,0,0,0,0,False,0,0.0,0.0,0.0
1790791072.133,4.5,60.0,0,417759,0.0,15.0,0,0,0,0,False,0,0.0,0.0,0.0
1790791073.134,4.5,60.0,0,630727,0.0,7.0,0,0,0,0,False,0,0.0,0.0,0.0
1790791074.134,8.5,60.2,0,0,0.0,0.0,0,0,0,0,False,0,0.0,0.0,0.0
1790791075.134,7.1,60.2,0,0,0.0,0.0,0,0,0,0,False,0,0.0,0.0,0.0
1790791076.134,6.3,60.1,0,16383,0.0,1.0,0,0,0,0,False,0,0.0,0.0,0.0
1790791077.134,4.9,60.1,0,0,0.0,0.0,0,0,0,0,False,0,0.0,0.0,0.0
1790791078.134,5.3,60.1,0,45053,0.0,2.0,0,0,0,0,False,0,0.0,0.0,0.0
1790791079.134,5.7,60.1,0,0,0.0,0.0,0,0,0,0,False,0,0.0,0.0,0.0
1790791080.134,6.0,60.0,0,0,0.0,0.0,0,0,0,0,False,0,0.0,0.0,0.0
1790791081.134,6.8,60.0,0,0,0.0,0.0,0,0,0,0,False,0,0.0,0.0,0.0
1790791082.134,7.3,60.0,0,0,0.0,0.0,0,0,0,0,False,0,0.0,0.0,0.0
1790791083.134,7.7,60.1,298987,32766,28.0,1.0,0,0,0,0,False,0,0.0,0.0,0.0
1790791084.134,6.5,60.3,98297,114680,15.0,2.0,0,0,0,0,False,0,0.0,0.0,0.0
1790791085.134,20.1,61.2,372710,307179,17.0,24.0,0,0,0,0,False,0,0.0,0.0,0.0
1790791086.135,8.1,61.3,8191,913339,2.0,32.0,0,0,0,0,False,0,0.0,0.0,0.0
1790791087.135,7.8,61.0,389092,217072,34.0,15.0,0,0,0,0,False,0,0.0,0.0,0.0
1790791088.135,12.2,61.4,3776241,4096,59.0,1.0,0,0,0,0,False,0,0.0,0.0,0.0
1790791089.135,9.6,61.4,0,1453970,0.0,14.0,0,0,0,0,False,0,0.0,0.0,0.0
1790791090.135,10.9,61.4,16383,4096,4.0,1.0,0,0,0,0,False,0,0.0,0.0,0.0
1790791091.135,10.2,61.4,0,49149,0.0,2.0,0,0,0,0,False,0,0.0,0.0,0.0
1790791092.135,10.3,61.4,0,339944,0.0,13.0,0,0,0,0,False,0,0.0,0.0,0.0
1790791093.135,10.2,61.2,36861,4096,1.0,1.0,0,0,0,0,False,0,0.0,0.0,0.0
1790791094.135,11.1,61.3,0,61436,0.0,3.0,0,0,0,0,False,0,0.0,0.0,0.0
1790791095.135,11.0,61.2,290796,421859,12.0,32.0,0,0,0,0,False,0,0.0,0.0,0.0
1790791096.135,13.6,61.1,0,0,0.0,0.0,0,0,0,0,False,0,0.0,0.0,0.0
1790791097.135,11.1,61.2,0,0,0.0,0.0,0,0,0,0,False,0,0.0,0.0,0.0
1790791098.135,11.7,61.2,0,0,0.0,0.0,0,0,0,0,False,0,0.0,0.0,0.0
1790791099.135,10.0,61.2,0,2838317,0.0,25.0,0,0,0,0,False,0,0.0,0.0,0.0
1790791100.136,9.6,61.3,8191,372708,2.0,32.0,0,0,0,0,False,0,0.0,0.0,0.0
1790791101.136,7.6,61.3,0,167927,0.0,16.0,0,0,0,0,False,0,0.0,0.0,0.0
1790791102.136,8.7,61.4,8191,0,2.0,0.0,0,0,0,0,False,0,0.0,0.0,0.0
1790791103.136,6.1,61.4,0,1068980,0.0,196.0,0,0,0,0,False,0,0.0,0.0,0.0
1790791104.136,14.5,61.4,561111,1183658,37.0,15.0,0,0,0,0,False,0,0.0,0.0,0.0
1790791105.136,12.5,61.5,188403,0,46.0,0.0,0,0,0,0,False,0,0.0,0.0,0.0
1790791106.136,5.8,61.6,0,16383,0.0,1.0,0,0,0,0,False,0,0.0,0.0,0.0
1790791107.136,6.7,61.5,0,0,0.0,0.0,0,0,0,0,False,0,0.0,0.0,0.0
1790791108.136,7.2,61.4,0,696271,0.0,29.0,0,0,0,0,False,0,0.0,0.0,0.0
1790791109.136,6.1,61.3,0,176115,0.0,4.0,0,0,0,0,False,0,0.0,0.0,0.0
1790791110.136,4.7,61.3,0,225264,0.0,23.0,0,0,0,0,False,0,0.0,0.0,0.0
1790791111.136,5.3,61.3,0,0,0.0,0.0,0,0,0,0,False,0,0.0,0.0,0.0
1790791112.136,5.8,61.2,0,401379,0.0,5.0,0,0,0,0,False,0,0.0,0.0,0.0
1790791113.136,5.9,61.2,315370,0,9.0,0.0,0,0,0,0,False,0,0.0,0.0,0.0
1790791114.137,6.3,61.2,536538,393188,9.0,30.0,0,0,0,0,False,0,0.0,0.0,0.0
1790791115.137,5.9,61.2,8192,94202,2.0,14.0,0,0,0,0,False,0,0.0,0.0,0.0
1790791116.137,5.9,61.3,65531,729036,3.0,95.0,0,0,0,0,False,0,0.0,0.0,0.0
1790791117.137,6.2,61.3,0,0,0.0,0.0,0,0,0,0,False,0,0.0,0.0,0.0
1790791118.137,6.6,61.2,49149,0,6.0,0.0,0,0,0,0,False,0,0.0,0.0,0.0
1790791119.137,7.4,61.1,4096,19655336,1.0,182.0,0,0,0,0,False,0,0.0,0.0,0.0
1790791120.137,5.2,61.1,4096,1449881,1.0,13.0,0,0,0,0,False,0,0.0,0.0,0.0
1790791121.137,4.4,61.1,0,217072,0.0,3.0,0,0,0,0,False,0,0.0,0.0,0.0
1790791122.137,4.9,61.0,0,0,0.0,0.0,0,0,0,0,False,0,0.0,0.0,0.0
1790791123.137,6.6,61.0,0,0,0.0,0.0,0,0,0,0,False,0,0.0,0.0,0.0
1790791124.137,6.6,61.0,0,86010,0.0,1.0,0,0,0,0,False,0,0.0,0.0,0.0
1790791125.137,5.0,61.1,339944,1675146,8.0,15.0,0,0,0,0,False,0,0.0,0.0,0.0
1790791126.137,7.9,61.1,0,0,0.0,0.0,0,0,0,0,False,0,0.0,0.0,0.0
1790791127.137,5.4,61.0,0,0,0.0,0.0,0,0,0,0,False,0,0.0,0.0,0.0
1790791128.138,6.1,61.0,0,0,0.0,0.0,0,0,0,0,False,0,0.0,0.0,0.0
1790791129.138,5.3,61.0,0,2961186,0.0,27.0,0,0,0,0,False,0,0.0,0.0,0.0
1790791130.138,10.4,60.9,0,163829,0.0,10.0,0,0,0,0,False,0,0.0,0.0,0.0
1790791131.138,5.1,60.9,0,0,0.0,0.0,0,0,0,0,False,0,0.0,0.0,0.0
1790791132.138,5.7,61.0,290796,0,13.0,0.0,0,0,0,0,False,0,0.0,0.0,0.0
1790791133.138,5.3,61.0,32766,147445,2.0,14.0,0,0,0,0,False,0,0.0,0.0,0.0
1790791134.138,5.8,61.0,1224617,2137961,11.0,211.0,0,0,0,0,False,0,0.0,0.0,0.0
1790791135.138,5.6,61.0,1138607,765898,101.0,10.0,0,0,0,0,False,0,0.0,0.0,0.0
1790791136.138,12.7,60.6,0,5193365,0.0,84.0,0,0,0,0,False,0,0.0,0.0,0.0
1790791137.138,6.6,60.6,4096,0,1.0,0.0,0,0,0,0,False,0,0.0,0.0,0.0
1790791138.138,8.7,60.6,0,0,0.0,0.0,0,0,0,0,False,0,0.0,0.0,0.0
1790791139.138,6.9,60.6,0,0,0.0,0.0,0,0,0,0,False,0,0.0,0.0,0.0
1790791140.138,13.6,60.6,0,4116180,0.0,46.0,0,0,0,0,False,0,0.0,0.0,0.0
1790791141.138,13.7,60.8,131061,258026,6.0,3.0,0,0,0,0,False,0,0.0,0.0,0.0
1790791142.139,6.1,60.8,4096,401380,1.0,5.0,0,0,0,0,False,0,0.0,0.0,0.0
1790791143.139,7.8,60.9,0,0,0.0,0.0,0,0,0,0,False,0,0.0,0.0,0.0
1790791144.139,11.0,60.8,2125671,19638906,187.0,191.0,0,0,0,0,False,0,0.0,0.0,0.0
1790791145.139,7.0,60.8,0,8191,0.0,1.0,0,0,0,0,False,0,0.0,0.0,0.0
1790791146.139,7.2,60.8,0,0,0.0,0.0,0,0,0,0,False,0,0.0,0.0,0.0
1790791147.139,6.9,60.8,0,0,0.0,0.0,0,0,0,0,False,0,0.0,0.0,0.0
1790791148.139,5.1,60.9,4096,0,1.0,0.0,0,0,0,0,False,0,0.0,0.0,0.0
1790791149.139,5.7,60.8,0,225262,0.0,3.0,0,0,0,0,False,0,0.0,0.0,0.0
1790791150.139,6.5,60.9,0,237551,0.0,21.0,0,0,0,0,False,0,0.0,0.0,0.0
1790791151.139,5.4,60.8,0,106488,0.0,14.0,0,0,0,0,False,0,0.0,0.0,0.0
1790791152.139,10.3,60.9,12287,1068981,3.0,123.0,0,0,0,0,False,0,0.0,0.0,0.0
1790791153.139,6.7,61.0,0,65531,0.0,4.0,0,0,0,0,False,0,0.0,0.0,0.0
1790791154.139,6.3,60.9,0,0,0.0,0.0,0,0,0,0,False,0,0.0,0.0,0.0
1790791155.139,8.0,60.8,4096,17763090,1.0,226.0,0,0,0,0,False,0,0.0,0.0,0.0
1790791156.140,5.1,60.9,0,0,0.0,0.0,0,0,0,0,False,0,0.0,0.0,0.0
1790791157.140,7.0,60.9,53244,0,2.0,0.0,0,0,0,0,False,0,0.0,0.0,0.0
1790791158.140,8.7,60.9,0,0,0.0,0.0,0,0,0,0,False,0,0.0,0.0,0.0
1790791159.140,6.5,61.0,4096,0,1.0,0.0,0,0,0,0,False,0,0.0,0.0,0.0
1790791160.140,8.8,61.0,0,2940711,0.0,29.0,0,0,0,0,False,0,0.0,0.0,0.0
1790791161.140,7.6,61.0,12287,401377,2.0,5.0,0,0,0,0,False,0,0.0,0.0,0.0
1790791162.140,9.3,60.9,4096,233456,1.0,24.0,0,0,0,0,False,0,0.0,0.0,0.0
1790791163.140,7.4,60.8,12287,0,3.0,0.0,0,0,0,0,False,0,0.0,0.0,0.0
1790791164.140,5.7,60.8,0,0,0.0,0.0,0,0,0,0,False,0,0.0,0.0,0.0
1790791165.140,6.2,60.9,749512,0,8.0,0.0,0,0,0,0,False,0,0.0,0.0,0.0
1790791166.140,6.6,60.9,0,929725,0.0,160.0,0,0,0,0,False,0,0.0,0.0,0.0
1790791167.140,8.1,61.0,4096,380902,1.0,37.0,0,0,0,0,False,0,0.0,0.0,0.0
1790791168.140,6.0,61.0,0,0,0.0,0.0,0,0,0,0,False,0,0.0,0.0,0.0
1790791169.140,6.2,61.0,0,0,0.0,0.0,0,0,0,0,False,0,0.0,0.0,0.0
1790791170.141,6.6,61.0,0,520155,0.0,11.0,0,0,0,0,False,0,0.0,0.0,0.0
1790791171.141,5.8,61.1,0,2113383,0.0,19.0,0,0,0,0,False,0,0.0,0.0,0.0
1790791172.141,8.7,61.1,0,1384350,0.0,13.0,0,0,0,0,False,0,0.0,0.0,0.0
1790791173.141,6.0,61.1,0,212977,0.0,19.0,0,0,0,0,False,0,0.0,0.0,0.0
1790791174.141,8.2,61.1,0,413668,0.0,12.0,0,0,0,0,False,0,0.0,0.0,0.0
1790791175.141,8.4,61.0,0,0,0.0,0.0,0,0,0,0,False,0,0.0,0.0,0.0
1790791176.141,9.1,60.9,0,0,0.0,0.0,0,0,0,0,False,0,0.0,0.0,0.0
1790791177.141,10.3,60.9,0,0,0.0,0.0,0,0,0,0,False,0,0.0,0.0,0.0
1790791178.141,7.9,60.8,0,110584,0.0,2.0,0,0,0,0,False,0,0.0,0.0,0.0
1790791179.141,4.6,60.8,0,20479,0.0,1.0,0,0,0,0,False,0,0.0,0.0,0.0
1790791180.141,6.3,60.8,0,4096,0.0,1.0,0,0,0,0,False,0,0.0,0.0,0.0
1790791181.141,5.4,60.7,0,0,0.0,0.0,0,0,0,0,False,0,0.0,0.0,0.0
1790791182.141,4.0,60.7,0,24574,0.0,4.0,0,0,0,0,False,0,0.0,0.0,0.0
1790791183.142,4.7,60.7,0,106488,0.0,2.0,0,0,0,0,False,0,0.0,0.0,0.0
1790791184.142,6.2,60.7,0,0,0.0,0.0,0,0,0,0,False,0,0.0,0.0,0.0
1790791185.142,5.9,60.6,0,0,0.0,0.0,0,0,0,0,False,0,0.0,0.0,0.0
1790791186.142,6.0,60.6,0,1499020,0.0,17.0,0,0,0,0,False,0,0.0,0.0,0.0
1790791187.142,10.7,60.8,8191,0,2.0,0.0,0,0,0,0,False,0,0.0,0.0,0.0
1790791188.142,8.1,60.9,12287,131062,2.0,2.0,0,0,0,0,False,0,0.0,0.0,0.0
1790791189.142,21.1,61.5,20478,475101,2.0,6.0,0,0,0,0,False,0,0.0,0.0,0.0
1790791190.142,27.1,61.6,155635,0,7.0,0.0,1,1,0,1,False,0,0.0,0.0,0.0
1790791191.142,22.4,61.1,0,2858805,0.0,28.0,0,0,0,0,False,0,0.0,0.0,0.0
1790791192.142,4.7,61.1,0,86007,0.0,1.0,0,0,0,0,False,0,0.0,0.0,0.0
1790791193.142,6.6,61.2,0,0,0.0,0.0,0,0,0,0,False,0,0.0,0.0,0.0
1790791194.142,8.9,61.4,0,737221,0.0,7.0,0,0,0,0,False,0,0.0,0.0,0.0
1790791195.142,8.5,61.6,7699843,81913,64.0,5.0,0,0,0,0,False,0,0.0,0.0,0.0
1790791196.143,7.1,61.6,0,450526,0.0,16.0,0,0,0,0,False,0,0.0,0.0,0.0
1790791197.143,7.0,61.6,0,1372047,0.0,194.0,0,0,0,0,False,0,0.0,0.0,0.0
1790791198.143,4.6,61.6,0,131063,0.0,16.0,0,0,0,0,False,0,0.0,0.0,0.0
1790791199.143,4.0,61.6,0,0,0.0,0.0,0,0,0,0,False,0,0.0,0.0,0.0
1790791200.143,6.9,61.6,0,0,0.0,0.0,0,0,0,0,False,0,0.0,0.0,0.0
1790791201.143,7.6,61.5,0,348136,0.0,7.0,0,0,0,0,False,0,0.0,0.0,0.0
1790791202.143,6.7,61.3,0,794563,0.0,8.0,0,0,0,0,False,0,0.0,0.0,0.0
1790791203.143,8.0,61.3,0,114680,0.0,2.0,0,0,0,0,False,0,0.0,0.0,0.0
1790791204.143,8.0,61.3,86010,0,11.0,0.0,0,0,0,0,False,0,0.0,0.0,0.0
1790791205.143,7.6,61.4,0,0,0.0,0.0,0,0,0,0,False,0,0.0,0.0,0.0
1790791206.143,6.3,61.4,0,7875998,0.0,64.0,0,0,0,0,False,0,0.0,0.0,0.0
1790791207.143,8.9,61.4,0,0,0.0,0.0,0,0,0,0,False,0,0.0,0.0,0.0
1790791208.143,7.4,61.4,0,0,0.0,0.0,0,0,0,0,False,0,0.0,0.0,0.0
1790791209.143,4.4,61.4,0,135159,0.0,2.0,0,0,0,0,False,0,0.0,0.0,0.0
1790791210.144,4.9,61.4,0,0,0.0,0.0,0,0,0,0,False,0,0.0,0.0,0.0
1790791211.144,8.1,61.3,0,20479,0.0,1.0,0,0,0,0,False,0,0.0,0.0,0.0
1790791212.144,5.8,61.4,0,3120923,0.0,35.0,0,0,0,0,False,0,0.0,0.0,0.0
1790791213.144,4.8,61.4,0,438236,0.0,5.0,0,0,0,0,False,0,0.0,0.0,0.0
1790791214.144,6.6,61.3,0,0,0.0,0.0,0,0,0,0,False,0,0.0,0.0,0.0
1790791215.144,7.8,61.3,0,196593,0.0,19.0,0,0,0,0,False,0,0.0,0.0,0.0
1790791216.144,5.3,61.4,0,77818,0.0,3.0,0,0,0,0,False,0,0.0,0.0,0.0
1790791217.144,4.4,61.4,0,0,0.0,0.0,0,0,0,0,False,0,0.0,0.0,0.0
1790791218.144,6.2,61.4,0,0,0.0,0.0,0,0,0,0,False,0,0.0,0.0,0.0
1790791219.144,13.8,61.4,4096,32766,1.0,1.0,0,0,0,0,False,0,0.0,0.0,0.0
1790791220.144,21.2,62.1,0,118775,0.0,2.0,0,0,0,0,False,0,0.0,0.0,0.0
1790791221.144,17.9,61.4,0,3198754,0.0,33.0,0,0,0,0,False,0,0.0,0.0,0.0
1790791222.144,8.0,61.5,0,0,0.0,0.0,0,0,0,0,False,0,0.0,0.0,0.0
1790791223.145,8.1,61.6,4096,35845773,1.0,280.0,0,0,0,0,False,0,0.0,0.0,0.0
1790791224.145,5.1,61.6,0,6798948,0.0,53.0,0,0,0,0,False,0,0.0,0.0,0.0
1790791225.145,5.9,61.5,8191,360422,2.0,20.0,0,0,0,0,False,0,0.0,0.0,0.0
1790791226.145,5.1,61.5,0,0,0.0,0.0,0,0,0,0,False,0,0.0,0.0,0.0
1790791227.145,9.1,61.5,0,212976,0.0,22.0,0,0,0,0,False,0,0.0,0.0,0.0
1790791228.145,7.1,61.3,53244,630732,6.0,108.0,0,0,0,0,False,0,0.0,0.0,0.0
1790791229.145,7.3,61.3,0,16383,0.0,1.0,0,0,0,0,False,0,0.0,0.0,0.0
1790791230.145,7.9,61.3,0,413667,0.0,5.0,0,0,0,0,False,0,0.0,0.0,0.0
1790791231.145,8.4,61.4,0,0,0.0,0.0,0,0,0,0,False,0,0.0,0.0,0.0
1790791232.145,6.8,61.4,0,0,0.0,0.0,0,0,0,0,False,0,0.0,0.0,0.0
1790791233.145,6.1,61.4,0,8191,0.0,2.0,0,0,0,0,False,0,0.0,0.0,0.0
1790791234.145,7.8,61.4,4096,0,1.0,0.0,0,0,0,0,False,0,0.0,0.0,0.0
1790791235.145,7.0,61.5,4096,114680,1.0,4.0,0,0,0,0,False,0,0.0,0.0,0.0
1790791236.145,9.2,61.5,0,315369,0.0,16.0,0,0,0,0,False,0,0.0,0.0,0.0
1790791237.146,18.6,61.2,0,241647,0.0,24.0,0,0,0,0,False,0,0.0,0.0,0.0
1790791238.146,6.5,61.2,0,0,0.0,0.0,0,0,0,0,False,0,0.0,0.0,0.0
1790791239.146,9.0,61.2,0,0,0.0,0.0,0,0,0,0,False,0,0.0,0.0,0.0
1790791240.146,6.9,61.2,0,0,0.0,0.0,0,0,0,0,False,0,0.0,0.0,0.0
1790791241.146,5.1,61.2,0,0,0.0,0.0,0,0,0,0,False,0,0.0,0.0,0.0
1790791242.146,5.0,61.2,0,16383,0.0,1.0,0,0,0,0,False,0,0.0,0.0,0.0
1790791243.146,4.3,61.2,0,253931,0.0,11.0,0,0,0,0,False,0,0.0,0.0,0.0
1790791244.146,4.3,61.2,0,0,0.0,0.0,0,0,0,0,False,0,0.0,0.0,0.0
1790791245.146,5.1,61.2,0,0,0.0,0.0,0,0,0,0,False,0,0.0,0.0,0.0
1790791246.146,4.3,61.1,0,0,0.0,0.0,0,0,0,0,False,0,0.0,0.0,0.0
1790791247.146,3.8,61.1,0,270317,0.0,4.0,0,0,0,0,False,0,0.0,0.0,0.0
1790791248.146,5.4,60.8,0,0,0.0,0.0,0,0,0,0,False,0,0.0,0.0,0.0
1790791249.146,4.3,60.8,0,597963,0.0,24.0,0,0,0,0,False,0,0.0,0.0,0.0
1790791250.146,6.1,60.8,0,0,0.0,0.0,0,0,0,0,False,0,0.0,0.0,0.0
1790791251.147,4.0,60.8,0,0,0.0,0.0,0,0,0,0,False,0,0.0,0.0,0.0
1790791252.147,3.9,60.8,131062,3014430,1.0,29.0,0,0,0,0,False,0,0.0,0.0,0.0
1790791253.147,5.0,60.8,0,0,0.0,0.0,0,0,0,0,False,0,0.0,0.0,0.0
1790791254.147,5.8,61.2,0,24574,0.0,1.0,0,0,0,0,False,0,0.0,0.0,0.0
1790791255.147,4.3,61.0,0,102393,0.0,2.0,0,0,0,0,False,0,0.0,0.0,0.0
1790791256.147,3.9,60.8,0,86010,0.0,1.0,0,0,0,0,False,0,0.0,0.0,0.0
1790791257.147,3.8,60.8,0,196594,0.0,17.0,0,0,0,0,False,0,0.0,0.0,0.0
1790791258.147,4.3,60.8,0,1462170,0.0,13.0,0,0,0,0,False,0,0.0,0.0,0.0
1790791259.147,4.4,60.8,0,16383,0.0,1.0,0,0,0,0,False,0,0.0,0.0,0.0
1790791260.147,7.1,60.8,0,0,0.0,0.0,0,0,0,0,False,0,0.0,0.0,0.0
1790791261.147,4.5,60.8,0,356327,0.0,64.0,0,0,0,0,False,0,0.0,0.0,0.0
1790791262.147,5.7,60.8,0,0,0.0,0.0,0,0,0,0,False,0,0.0,0.0,0.0
1790791263.147,7.6,60.9,0,0,0.0,0.0,0,0,0,0,False,0,0.0,0.0,0.0
1790791264.147,8.1,60.9,4096,0,1.0,0.0,0,0,0,0,False,0,0.0,0.0,0.0
1790791265.148,4.6,61.0,0,434144,0.0,5.0,0,0,0,0,False,0,0.0,0.0,0.0
1790791266.148,6.3,61.0,0,0,0.0,0.0,0,0,0,0,False,0,0.0,0.0,0.0
1790791267.148,7.9,61.0,0,0,0.0,0.0,0,0,0,0,False,0,0.0,0.0,0.0
1790791268.148,6.7,61.0,0,8191,0.0,2.0,0,0,0,0,False,0,0.0,0.0,0.0
1790791269.148,8.2,61.1,0,0,0.0,0.0,0,0,0,0,False,0,0.0,0.0,0.0
1790791270.148,6.4,61.1,0,0,0.0,0.0,0,0,0,0,False,0,0.0,0.0,0.0
1790791271.148,4.5,61.1,0,102393,0.0,2.0,0,0,0,0,False,0,0.0,0.0,0.0
1790791272.148,4.2,61.2,0,0,0.0,0.0,0,0,0,0,False,0,0.0,0.0,0.0
1790791273.148,5.3,61.1,0,159733,0.0,20.0,0,0,0,0,False,0,0.0,0.0,0.0
1790791274.148,4.8,61.1,0,12287,0.0,3.0,0,0,0,0,False,0,0.0,0.0,0.0
1790791275.148,4.9,61.1,0,0,0.0,0.0,0,0,0,0,False,0,0.0,0.0,0.0
1790791276.148,6.9,61.2,0,0,0.0,0.0,0,0,0,0,False,0,0.0,0.0,0.0
1790791277.148,8.1,61.1,0,0,0.0,0.0,0,0,0,0,False,0,0.0,0.0,0.0
1790791278.149,8.9,61.1,0,409571,0.0,5.0,0,0,0,0,False,0,0.0,0.0,0.0
1790791279.149,8.2,61.1,4096,0,1.0,0.0,0,0,0,0,False,0,0.0,0.0,0.0
1790791280.149,5.7,61.2,0,196593,0.0,14.0,0,0,0,0,False,0,0.0,0.0,0.0
1790791281.149,7.2,61.3,0,683982,0.0,9.0,0,0,0,0,False,0,0.0,0.0,0.0
1790791282.149,6.1,61.3,0,90105,0.0,5.0,0,0,0,0,False,0,0.0,0.0,0.0
1790791283.149,14.1,61.5,0,2969388,0.0,28.0,0,0,0,0,False,0,0.0,0.0,0.0
1790791284.149,12.1,61.6,0,237551,0.0,11.0,0,0,0,0,False,0,0.0,0.0,0.0
1790791285.149,10.7,61.9,335848,0,10.0,0.0,0,0,0,0,False,0,0.0,0.0,0.0
1790791286.149,16.1,62.2,0,438239,0.0,30.0,0,0,0,0,False,0,0.0,0.0,0.0
1790791287.149,6.9,62.2,319465,0,46.0,0.0,0,0,0,0,False,0,0.0,0.0,0.0
1790791288.149,8.7,62.2,4096,172019,1.0,4.0,0,0,0,0,False,0,0.0,0.0,0.0
1790791289.149,5.6,62.3,0,0,0.0,0.0,0,0,0,0,False,0,0.0,0.0,0.0
1790791290.149,7.3,62.2,0,14764985,0.0,141.0,0,0,0,0,False,0,0.0,0.0,0.0
1790791291.149,5.2,62.2,0,0,0.0,0.0,0,0,0,0,False,0,0.0,0.0,0.0
1790791292.150,5.7,62.3,4096,0,1.0,0.0,0,0,0,0,False,0,0.0,0.0,0.0
1790791293.150,4.9,62.3,0,319464,0.0,26.0,0,0,0,0,False,0,0.0,0.0,0.0
1790791294.150,4.6,62.2,0,0,0.0,0.0,0,0,0,0,False,0,0.0,0.0,0.0
1790791295.150,3.7,62.2,0,0,0.0,0.0,0,0,0,0,False,0,0.0,0.0,0.0
1790791296.150,4.0,62.2,0,643024,0.0,128.0,0,0,0,0,False,0,0.0,0.0,0.0
1790791297.150,3.8,62.2,0,0,0.0,0.0,0,0,0,0,False,0,0.0,0.0,0.0
1790791298.150,6.4,62.2,0,262125,0.0,8.0,0,0,0,0,False,0,0.0,0.0,0.0
1790791299.150,4.5,62.2,0,0,0.0,0.0,0,0,0,0,False,0,0.0,0.0,0.0
1790791300.150,3.8,62.2,0,0,0.0,0.0,0,0,0,0,False,0,0.0,0.0,0.0
1790791301.150,3.9,62.2,0,2584371,0.0,30.0,0,0,0,0,False,0,0.0,0.0,0.0
1790791302.150,3.9,62.1,0,0,0.0,0.0,0,0,0,0,False,0,0.0,0.0,0.0
1790791303.150,3.8,62.1,0,8191,0.0,1.0,0,0,0,0,False,0,0.0,0.0,0.0
1790791304.150,15.2,62.2,0,0,0.0,0.0,0,0,0,0,False,0,0.0,0.0,0.0
1790791305.151,10.0,62.2,0,24574,0.0,4.0,0,0,0,0,False,0,0.0,0.0,0.0
1790791306.151,13.0,62.2,16383,9448985,3.0,92.0,0,0,0,0,False,0,0.0,0.0,0.0
1790791307.151,20.6,62.9,19433986,23181531,237.0,218.0,0,0,0,0,False,0,0.0,0.0,0.0
1790791308.151,13.8,62.7,20478,23288090,5.0,216.0,0,0,0,0,False,0,0.0,0.0,0.0
1790791309.151,5.4,62.6,0,0,0.0,0.0,0,0,0,0,False,0,0.0,0.0,0.0
1790791310.151,5.8,62.6,0,0,0.0,0.0,0,0,0,0,False,0,0.0,0.0,0.0
1790791311.151,4.6,62.5,0,0,0.0,0.0,0,0,0,0,False,0,0.0,0.0,0.0
1790791312.151,5.0,62.5,0,0,0.0,0.0,0,0,0,0,False,0,0.0,0.0,0.0
1790791313.151,5.6,62.4,0,364519,0.0,4.0,0,0,0,0,False,0,0.0,0.0,0.0
1790791314.151,6.1,62.5,0,2387799,0.0,21.0,0,0,0,0,False,0,0.0,0.0,0.0
1790791315.151,4.3,62.3,0,405472,0.0,14.0,0,0,0,0,False,0,0.0,0.0,0.0
1790791316.151,4.5,62.3,0,0,0.0,0.0,0,0,0,0,False,0,0.0,0.0,0.0
1790791317.151,6.4,62.2,0,212975,0.0,14.0,0,0,0,0,False,0,0.0,0.0,0.0
1790791318.152,8.1,62.4,24574,0,6.0,0.0,0,0,0,0,False,0,0.0,0.0,0.0
1790791319.152,19.2,62.9,1458066,1060784,26.0,16.0,0,0,0,0,False,0,0.0,0.0,0.0
1790791320.152,9.1,63.0,0,0,0.0,0.0,0,0,0,0,False,0,0.0,0.0,0.0
1790791321.152,6.7,63.0,0,16383,0.0,1.0,0,0,0,0,False,0,0.0,0.0,0.0
1790791322.152,6.5,62.9,0,0,0.0,0.0,0,0,0,0,False,0,0.0,0.0,0.0
1790791323.152,4.6,62.7,0,454624,0.0,15.0,0,0,0,0,False,0,0.0,0.0,0.0
1790791324.152,10.0,62.3,49149,1417118,6.0,14.0,0,0,0,0,False,0,0.0,0.0,0.0
1790791325.152,5.6,62.3,0,0,0.0,0.0,0,0,0,0,False,0,0.0,0.0,0.0
1790791326.152,10.3,62.6,393189,0,18.0,0.0,0,0,0,0,False,0,0.0,0.0,0.0
1790791327.152,11.7,62.0,8191,0,2.0,0.0,0,0,0,0,False,0,0.0,0.0,0.0
1790791328.152,26.2,62.5,4214472,1384345,120.0,210.0,0,0,0,0,False,0,0.0,0.0,0.0
1790791329.152,17.0,62.9,393189,8191,25.0,2.0,0,0,0,0,False,0,0.0,0.0,0.0
1790791330.152,16.5,63.2,3886792,12287,139.0,2.0,0,0,0,0,False,0,0.0,0.0,0.0
1790791331.152,17.5,63.2,3108616,2346821,122.0,98.0,0,0,0,0,False,0,0.0,0.0,0.0
1790791332.153,11.6,63.2,266220,413665,8.0,11.0,0,0,0,0,False,0,0.0,0.0,0.0
1790791333.153,7.5,63.2,0,0,0.0,0.0,0,0,0,0,False,0,0.0,0.0,0.0
1790791334.153,11.4,63.3,0,696269,0.0,53.0,0,0,0,0,False,0,0.0,0.0,0.0
1790791335.153,9.9,63.4,0,0,0.0,0.0,0,0,0,0,False,0,0.0,0.0,0.0
1790791336.153,7.1,63.4,0,90105,0.0,9.0,0,0,0,0,False,0,0.0,0.0,0.0
1790791337.153,6.7,63.4,0,0,0.0,0.0,0,0,0,0,False,0,0.0,0.0,0.0
1790791338.153,6.9,63.3,0,0,0.0,0.0,0,0,0,0,False,0,0.0,0.0,0.0
1790791339.153,8.2,63.3,0,131063,0.0,5.0,0,0,0,0,False,0,0.0,0.0,0.0
1790791340.153,4.9,63.3,0,0,0.0,0.0,0,0,0,0,False,0,0.0,0.0,0.0
1790791341.153,5.0,63.3,0,0,0.0,0.0,0,0,0,0,False,0,0.0,0.0,0.0
1790791342.153,6.9,63.2,16383,143350,4.0,3.0,0,0,0,0,False,0,0.0,0.0,0.0
1790791343.153,5.2,63.1,0,425953,0.0,5.0,0,0,0,0,False,0,0.0,0.0,0.0
1790791344.153,10.2,63.6,63484,3096358,7.0,28.0,0,0,0,0,False,0,0.0,0.0,0.0
1790791345.153,6.6,63.4,8191,0,1.0,0.0,0,0,0,0,False,0,0.0,0.0,0.0
1790791346.154,5.8,63.4,0,0,0.0,0.0,0,0,0,0,False,0,0.0,0.0,0.0
1790791347.154,5.4,63.3,0,0,0.0,0.0,0,0,0,0,False,0,0.0,0.0,0.0
1790791348.154,7.4,63.3,0,823239,0.0,88.0,0,0,0,0,False,0,0.0,0.0,0.0
1790791349.154,5.1,63.2,0,2051951,0.0,28.0,0,0,0,0,False,0,0.0,0.0,0.0
1790791350.154,6.3,63.2,0,249838,0.0,10.0,0,0,0,0,False,0,0.0,0.0,0.0
1790791351.154,8.9,63.1,0,20479,0.0,2.0,0,0,0,0,False,0,0.0,0.0,0.0
1790791352.154,11.5,63.2,2936621,110584,100.0,3.0,0,0,0,0,False,0,0.0,0.0,0.0
1790791353.154,6.1,63.2,0,73723,0.0,3.0,0,0,0,0,False,0,0.0,0.0,0.0
1790791354.154,6.5,63.2,0,114680,0.0,11.0,0,0,0,0,False,0,0.0,0.0,0.0
1790791355.154,5.7,63.2,0,454625,0.0,8.0,0,0,0,0,False,0,0.0,0.0,0.0
1790791356.154,5.9,63.2,0,0,0.0,0.0,0,0,0,0,False,0,0.0,0.0,0.0
1790791357.154,8.4,63.2,0,0,0.0,0.0,0,0,0,0,False,0,0.0,0.0,0.0
1790791358.154,7.3,63.1,0,0,0.0,0.0,0,0,0,0,False,0,0.0,0.0,0.0
1790791359.154,6.9,63.1,0,0,0.0,0.0,0,0,0,0,False,0,0.0,0.0,0.0
1790791360.155,6.4,63.0,462809,6401515,12.0,96.0,0,0,0,0,False,0,0.0,0.0,0.0
1790791361.155,7.6,62.6,20478,1912666,4.0,323.0,0,0,0,0,False,0,0.0,0.0,0.0
1790791362.155,9.5,62.7,0,0,0.0,0.0,0,0,0,0,False,0,0.0,0.0,0.0
1790791363.155,7.9,62.7,0,196594,0.0,4.0,0,0,0,0,False,0,0.0,0.0,0.0
1790791364.155,10.7,62.9,0,0,0.0,0.0,0,0,0,0,False,0,0.0,0.0,0.0
1790791365.155,16.5,63.1,36861,2215775,3.0,32.0,0,0,0,0,False,0,0.0,0.0,0.0
1790791366.155,20.6,63.4,61435,303080,9.0,6.0,0,0,0,0,False,0,0.0,0.0,0.0
1790791367.155,37.6,63.7,1826651,622536,78.0,20.0,2,1,0,2,False,0,0.0,0.0,0.0
1790791368.155,20.1,62.9,86009,49148,2.0,2.0,0,0,0,0,False,0,0.0,0.0,0.0
1790791369.155,4.9,62.8,28670,0,7.0,0.0,0,0,0,0,False,0,0.0,0.0,0.0
1790791370.155,5.9,62.8,0,417762,0.0,4.0,0,0,0,0,False,0,0.0,0.0,0.0
1790791371.155,5.9,62.8,0,1245094,0.0,25.0,0,0,0,0,False,0,0.0,0.0,0.0
1790791372.155,5.1,62.8,4096,0,1.0,0.0,0,0,0,0,False,0,0.0,0.0,0.0
1790791373.155,9.0,62.8,0,0,0.0,0.0,0,0,0,0,False,0,0.0,0.0,0.0
1790791374.156,15.1,63.0,0,0,0.0,0.0,0,0,0,0,False,0,0.0,0.0,0.0
1790791375.156,7.1,63.0,0,4472708,0.0,73.0,0,0,0,0,False,0,0.0,0.0,0.0
1790791376.156,12.1,63.1,4096,0,1.0,0.0,0,0,0,0,False,0,0.0,0.0,0.0
1790791377.156,15.5,63.3,4096,4096,1.0,1.0,0,0,0,0,False,0,0.0,0.0,0.0
1790791378.156,9.1,63.3,0,40957,0.0,1.0,0,0,0,0,False,0,0.0,0.0,0.0
1790791379.156,6.2,63.2,131062,0,1.0,0.0,0,0,0,0,False,0,0.0,0.0,0.0
1790791380.156,5.7,63.2,0,438238,0.0,5.0,0,0,0,0,False,0,0.0,0.0,0.0
1790791381.156,6.0,63.1,0,0,0.0,0.0,0,0,0,0,False,0,0.0,0.0,0.0
1790791382.156,6.4,63.0,0,16383,0.0,1.0,0,0,0,0,False,0,0.0,0.0,0.0
1790791383.156,6.3,62.9,0,1318811,0.0,12.0,0,0,0,0,False,0,0.0,0.0,0.0
1790791384.156,8.8,62.9,0,0,0.0,0.0,0,0,0,0,False,0,0.0,0.0,0.0
1790791385.156,6.3,62.9,0,180209,0.0,11.0,0,0,0,0,False,0,0.0,0.0,0.0
1790791386.156,6.0,62.9,0,421858,0.0,5.0,0,0,0,0,False,0,0.0,0.0,0.0
1790791387.157,5.9,62.7,0,0,0.0,0.0,0,0,0,0,False,0,0.0,0.0,0.0
1790791388.157,5.6,62.7,0,0,0.0,0.0,0,0,0,0,False,0,0.0,0.0,0.0
1790791389.157,5.8,62.7,0,0,0.0,0.0,0,0,0,0,False,0,0.0,0.0,0.0
1790791390.157,7.2,62.7,0,28670,0.0,2.0,0,0,0,0,False,0,0.0,0.0,0.0
1790791391.157,5.9,62.7,0,0,0.0,0.0,0,0,0,0,False,0,0.0,0.0,0.0
1790791392.157,9.1,62.6,0,1351582,0.0,191.0,0,0,0,0,False,0,0.0,0.0,0.0
1790791393.157,5.8,62.6,0,0,0.0,0.0,0,0,0,0,False,0,0.0,0.0,0.0
1790791394.157,5.9,62.6,0,0,0.0,0.0,0,0,0,0,False,0,0.0,0.0,0.0
1790791395.157,6.4,62.5,0,147446,0.0,18.0,0,0,0,0,False,0,0.0,0.0,0.0
1790791396.157,5.6,62.5,0,573398,0.0,24.0,0,0,0,0,False,0,0.0,0.0,0.0
1790791397.157,5.8,62.5,0,1236902,0.0,10.0,0,0,0,0,False,0,0.0,0.0,0.0
1790791398.157,12.0,62.7,0,319465,0.0,13.0,0,0,0,0,False,0,0.0,0.0,0.0
1790791399.157,24.9,63.4,0,352229,0.0,9.0,1,0,0,1,False,0,0.0,0.0,0.0
1790791400.157,31.3,63.5,0,0,0.0,0.0,1,1,0,1,False,0,0.0,0.0,0.0
1790791401.158,19.4,63.5,0,827329,0.0,20.0,1,1,0,1,False,0,0.0,0.0,0.0
1790791402.158,17.9,63.5,0,0,0.0,0.0,1,1,0,1,False,0,0.0,0.0,0.0
1790791403.158,17.3,63.5,0,425952,0.0,6.0,1,1,0,1,False,0,0.0,0.0,0.0
1790791404.158,22.4,63.7,0,5303855,0.0,85.0,1,1,0,1,False,0,0.0,0.0,0.0
1790791405.158,19.4,63.7,0,0,0.0,0.0,1,1,0,1,False,0,0.0,0.0,0.0
1790791406.158,16.7,63.3,0,2871100,0.0,29.0,0,0,0,0,False,0,0.0,0.0,0.0
1790791407.158,5.8,63.2,0,0,0.0,0.0,0,0,0,0,False,0,0.0,0.0,0.0
1790791408.158,6.8,63.1,0,0,0.0,0.0,0,0,0,0,False,0,0.0,0.0,0.0
1790791409.158,5.7,63.0,0,0,0.0,0.0,0,0,0,0,False,0,0.0,0.0,0.0
1790791410.158,6.3,63.0,0,262121,0.0,3.0,0,0,0,0,False,0,0.0,0.0,0.0
1790791411.158,6.5,62.9,0,8191,0.0,2.0,0,0,0,0,False,0,0.0,0.0,0.0
1790791412.158,6.0,62.9,0,0,0.0,0.0,0,0,0,0,False,0,0.0,0.0,0.0
1790791413.158,6.0,62.9,0,16383,0.0,1.0,0,0,0,0,False,0,0.0,0.0,0.0
1790791414.158,6.6,62.8,0,0,0.0,0.0,0,0,0,0,False,0,0.0,0.0,0.0
1790791415.159,6.0,62.8,0,0,0.0,0.0,0,0,0,0,False,0,0.0,0.0,0.0
1790791416.159,6.9,62.8,0,32767,0.0,2.0,0,0,0,0,False,0,0.0,0.0,0.0
1790791417.159,17.1,63.3,0,32766,0.0,1.0,0,0,0,0,False,0,0.0,0.0,0.0
1790791418.159,25.8,63.5,0,65530,0.0,3.0,1,0,0,1,False,0,0.0,0.0,0.0
1790791419.159,27.1,63.5,0,0,0.0,0.0,1,1,0,1,False,0,0.0,0.0,0.0
1790791420.159,17.8,63.5,0,0,0.0,0.0,1,1,0,1,False,0,0.0,0.0,0.0
1790791421.159,18.4,63.5,0,253929,0.0,11.0,1,1,0,1,False,0,0.0,0.0,0.0
1790791422.159,18.7,63.4,0,0,0.0,0.0,1,1,0,1,False,0,0.0,0.0,0.0
1790791423.159,19.8,63.5,0,0,0.0,0.0,1,1,0,1,False,0,0.0,0.0,0.0
1790791424.159,20.4,63.4,0,0,0.0,0.0,1,1,0,1,False,0,0.0,0.0,0.0
1790791425.159,12.5,62.7,0,315368,0.0,6.0,0,0,0,0,False,0,0.0,0.0,0.0
1790791426.159,6.2,62.7,0,659407,0.0,123.0,0,0,0,0,False,0,0.0,0.0,0.0
1790791427.159,6.0,62.7,0,0,0.0,0.0,0,0,0,0,False,0,0.0,0.0,0.0
1790791428.160,6.1,62.7,0,49148,0.0,1.0,0,0,0,0,False,0,0.0,0.0,0.0
1790791429.160,6.8,62.7,0,0,0.0,0.0,0,0,0,0,False,0,0.0,0.0,0.0
1790791430.160,6.0,62.7,0,450529,0.0,11.0,0,0,0,0,False,0,0.0,0.0,0.0
1790791431.160,9.2,62.7,0,167924,0.0,3.0,0,0,0,0,False,0,0.0,0.0,0.0
1790791432.160,5.7,62.7,0,45053,0.0,3.0,0,0,0,0,False,0,0.0,0.0,0.0
1790791433.160,11.3,62.6,0,0,0.0,0.0,0,0,0,0,False,0,0.0,0.0,0.0
1790791434.160,8.7,62.6,0,0,0.0,0.0,0,0,0,0,False,0,0.0,0.0,0.0
1790791435.160,6.6,62.6,0,0,0.0,0.0,0,0,0,0,False,0,0.0,0.0,0.0
1790791436.160,6.1,62.6,0,2879271,0.0,32.0,0,0,0,0,False,0,0.0,0.0,0.0
1790791437.160,6.1,62.6,0,73723,0.0,2.0,0,0,0,0,False,0,0.0,0.0,0.0
1790791438.160,5.8,62.6,0,0,0.0,0.0,0,0,0,0,False,0,0.0,0.0,0.0
1790791439.160,5.5,62.6,0,0,0.0,0.0,0,0,0,0,False,0,0.0,0.0,0.0
1790791440.160,5.7,62.6,0,0,0.0,0.0,0,0,0,0,False,0,0.0,0.0,0.0
1790791441.160,6.6,62.6,0,0,0.0,0.0,0,0,0,0,False,0,0.0,0.0,0.0
1790791442.161,6.3,62.6,0,32765,0.0,2.0,0,0,0,0,False,0,0.0,0.0,0.0
1790791443.161,5.5,62.5,0,0,0.0,0.0,0,0,0,0,False,0,0.0,0.0,0.0
1790791444.161,7.9,62.5,0,16383,0.0,1.0,0,0,0,0,False,0,0.0,0.0,0.0
1790791445.161,5.7,62.5,0,0,0.0,0.0,0,0,0,0,False,0,0.0,0.0,0.0
1790791446.161,5.9,62.6,0,0,0.0,0.0,0,0,0,0,False,0,0.0,0.0,0.0
1790791447.161,7.7,62.6,0,16206473,0.0,148.0,0,0,0,0,False,0,0.0,0.0,0.0
1790791448.161,7.8,62.7,131063,8809891,4.0,83.0,0,0,0,0,False,0,0.0,0.0,0.0
1790791449.161,5.9,62.7,131063,0,5.0,0.0,0,0,0,0,False,0,0.0,0.0,0.0
1790791450.161,12.9,63.0,0,32765,0.0,1.0,0,0,0,0,False,0,0.0,0.0,0.0
1790791451.161,25.6,63.5,0,0,0.0,0.0,4,0,0,4,False,0,0.0,0.0,0.0
1790791452.161,37.3,63.6,0,7060780,0.0,56.0,2,2,0,2,False,0,0.0,0.0,0.0
1790791453.161,26.3,63.5,0,737179,0.0,7.0,1,0,0,1,False,0,0.0,0.0,0.0
1790791454.162,58.9,62.8,0,18995803,0.0,156.0,0,0,0,0,False,0,0.0,0.0,0.0
1790791455.162,6.4,62.8,0,0,0.0,0.0,0,0,0,0,False,0,0.0,0.0,0.0
1790791456.162,5.9,62.8,0,0,0.0,0.0,0,0,0,0,False,0,0.0,0.0,0.0
1790791457.162,7.6,62.7,0,0,0.0,0.0,0,0,0,0,False,0,0.0,0.0,0.0
1790791458.162,5.9,62.7,0,716750,0.0,17.0,0,0,0,0,False,0,0.0,0.0,0.0
1790791459.162,6.2,62.6,4096,13773909,1.0,107.0,0,0,0,0,False,0,0.0,0.0,0.0
1790791460.162,11.6,62.7,0,507866,0.0,80.0,0,0,0,0,False,0,0.0,0.0,0.0
1790791461.162,23.2,63.4,0,0,0.0,0.0,0,0,0,0,False,0,0.0,0.0,0.0
1790791462.162,17.7,62.8,0,1478552,0.0,148.0,0,0,0,0,False,0,0.0,0.0,0.0
1790791463.162,5.8,62.8,0,0,0.0,0.0,0,0,0,0,False,0,0.0,0.0,0.0
1790791464.162,7.1,62.9,0,0,0.0,0.0,0,0,0,0,False,0,0.0,0.0,0.0
1790791465.162,9.3,62.9,12287,208881,2.0,3.0,0,0,0,0,False,0,0.0,0.0,0.0
1790791466.162,8.4,62.9,45053,45053,1.0,1.0,0,0,0,0,False,0,0.0,0.0,0.0
1790791467.162,6.4,62.8,0,2625356,0.0,52.0,0,0,0,0,False,0,0.0,0.0,0.0
1790791468.163,9.5,62.8,0,0,0.0,0.0,0,0,0,0,False,0,0.0,0.0,0.0
1790791469.163,6.5,62.8,0,1236951,0.0,10.0,0,0,0,0,False,0,0.0,0.0,0.0
1790791470.163,6.4,62.8,0,454624,0.0,5.0,0,0,0,0,False,0,0.0,0.0,0.0
1790791471.163,6.5,62.8,0,0,0.0,0.0,0,0,0,0,False,0,0.0,0.0,0.0
1790791472.163,7.7,62.8,0,0,0.0,0.0,0,0,0,0,False,0,0.0,0.0,0.0
1790791473.163,9.8,62.7,0,0,0.0,0.0,0,0,0,0,False,0,0.0,0.0,0.0
1790791474.163,7.9,62.7,0,0,0.0,0.0,0,0,0,0,False,0,0.0,0.0,0.0
1790791475.163,20.8,63.2,0,114679,0.0,3.0,0,0,0,0,False,0,0.0,0.0,0.0
1790791476.163,34.7,63.4,0,0,0.0,0.0,1,1,0,1,False,0,0.0,0.0,0.0
1790791477.163,23.7,63.0,0,57340,0.0,4.0,0,0,0,0,False,0,0.0,0.0,0.0
1790791478.163,7.7,63.0,0,20479,0.0,1.0,0,0,0,0,False,0,0.0,0.0,0.0
1790791479.163,6.5,62.7,0,0,0.0,0.0,0,0,0,0,False,0,0.0,0.0,0.0
1790791480.163,6.4,62.7,0,675792,0.0,7.0,0,0,0,0,False,0,0.0,0.0,0.0
1790791481.163,6.4,62.6,0,0,0.0,0.0,0,0,0,0,False,0,0.0,0.0,0.0
1790791482.164,6.5,62.6,0,0,0.0,0.0,0,0,0,0,False,0,0.0,0.0,0.0
1790791483.164,6.9,62.6,0,16383,0.0,3.0,0,0,0,0,False,0,0.0,0.0,0.0
1790791484.164,7.7,62.5,0,0,0.0,0.0,0,0,0,0,False,0,0.0,0.0,0.0
1790791485.164,8.5,62.5,0,98297,0.0,2.0,0,0,0,0,False,0,0.0,0.0,0.0
1790791486.164,6.7,62.5,0,0,0.0,0.0,0,0,0,0,False,0,0.0,0.0,0.0
1790791487.164,6.5,62.5,0,65531,0.0,2.0,0,0,0,0,False,0,0.0,0.0,0.0
1790791488.164,6.6,62.2,0,0,0.0,0.0,0,0,0,0,False,0,0.0,0.0,0.0
1790791489.164,11.6,62.8,0,86010,0.0,3.0,0,0,0,0,False,0,0.0,0.0,0.0
1790791490.164,8.4,62.9,0,90105,0.0,5.0,0,0,0,0,False,0,0.0,0.0,0.0
1790791491.164,8.1,62.8,0,73722,0.0,7.0,0,0,0,0,False,0,0.0,0.0,0.0
1790791492.164,6.6,62.8,0,483294,0.0,11.0,0,0,0,0,False,0,0.0,0.0,0.0
1790791493.164,7.5,62.9,0,262125,0.0,4.0,0,0,0,0,False,0,0.0,0.0,0.0
1790791494.164,7.9,63.2,8191,0,1.0,0.0,0,0,0,0,False,0,0.0,0.0,0.0
1790791495.164,18.2,63.6,0,172020,0.0,4.0,0,0,0,0,False,0,0.0,0.0,0.0
1790791496.165,25.7,64.0,0,868282,0.0,119.0,1,0,0,1,False,0,0.0,0.0,0.0
1790791497.165,10.6,63.6,0,45053,0.0,2.0,0,0,0,0,False,0,0.0,0.0,0.0
1790791498.165,8.7,63.7,0,22391060,0.0,206.0,0,0,0,0,False,0,0.0,0.0,0.0
1790791499.165,6.5,63.6,0,0,0.0,0.0,0,0,0,0,False,0,0.0,0.0,0.0
1790791500.165,6.4,63.6,0,12287,0.0,2.0,0,0,0,0,False,0,0.0,0.0,0.0
1790791501.165,7.5,63.6,0,0,0.0,0.0,0,0,0,0,False,0,0.0,0.0,0.0
1790791502.165,7.2,63.6,0,0,0.0,0.0,0,0,0,0,False,0,0.0,0.0,0.0
1790791503.165,6.4,63.3,0,0,0.0,0.0,0,0,0,0,False,0,0.0,0.0,0.0
1790791504.165,9.0,63.2,0,196594,0.0,3.0,0,0,0,0,False,0,0.0,0.0,0.0
1790791505.165,6.6,63.2,0,0,0.0,0.0,0,0,0,0,False,0,0.0,0.0,0.0
1790791506.165,6.5,63.2,0,0,0.0,0.0,0,0,0,0,False,0,0.0,0.0,0.0
1790791507.165,10.6,63.2,0,0,0.0,0.0,0,0,0,0,False,0,0.0,0.0,0.0
1790791508.165,6.9,63.2,0,0,0.0,0.0,0,0,0,0,False,0,0.0,0.0,0.0
1790791509.166,6.3,63.2,0,98297,0.0,10.0,0,0,0,0,False,0,0.0,0.0,0.0
1790791510.166,6.3,63.2,0,42481210,0.0,330.0,0,0,0,0,False,0,0.0,0.0,0.0
1790791511.166,6.2,63.2,0,0,0.0,0.0,0,0,0,0,False,0,0.0,0.0,0.0
1790791512.166,6.4,63.2,0,0,0.0,0.0,0,0,0,0,False,0,0.0,0.0,0.0
1790791513.166,7.5,63.2,0,90106,0.0,1.0,0,0,0,0,False,0,0.0,0.0,0.0
1790791514.166,6.8,63.1,0,0,0.0,0.0,0,0,0,0,False,0,0.0,0.0,0.0
1790791515.166,6.0,63.1,0,172020,0.0,4.0,0,0,0,0,False,0,0.0,0.0,0.0
1790791516.166,6.1,63.1,0,0,0.0,0.0,0,0,0,0,False,0,0.0,0.0,0.0
1790791517.166,6.2,63.0,0,0,0.0,0.0,0,0,0,0,False,0,0.0,0.0,0.0
1790791518.166,6.6,63.1,0,1466265,0.0,14.0,0,0,0,0,False,0,0.0,0.0,0.0
1790791519.166,7.8,63.0,0,217069,0.0,22.0,0,0,0,0,False,0,0.0,0.0,0.0
1790791520.166,6.9,62.9,0,0,0.0,0.0,0,0,0,0,False,0,0.0,0.0,0.0
1790791521.166,6.4,62.9,0,159733,0.0,14.0,0,0,0,0,False,0,0.0,0.0,0.0
1790791522.166,6.5,62.9,0,0,0.0,0.0,0,0,0,0,False,0,0.0,0.0,0.0
1790791523.167,6.5,62.9,0,1335201,0.0,16.0,0,0,0,0,False,0,0.0,0.0,0.0
1790791524.167,9.4,62.7,0,114681,0.0,7.0,0,0,0,0,False,0,0.0,0.0,0.0
1790791525.167,7.7,62.7,0,0,0.0,0.0,0,0,0,0,False,0,0.0,0.0,0.0
1790791526.167,6.4,62.7,0,0,0.0,0.0,0,0,0,0,False,0,0.0,0.0,0.0
1790791527.167,6.2,62.7,0,0,0.0,0.0,0,0,0,0,False,0,0.0,0.0,0.0
1790791528.167,6.2,62.7,0,45053,0.0,2.0,0,0,0,0,False,0,0.0,0.0,0.0
1790791529.167,6.2,62.6,0,2842420,0.0,144.0,0,0,0,0,False,0,0.0,0.0,0.0
1790791530.167,6.9,62.7,0,430050,0.0,5.0,0,0,0,0,False,0,0.0,0.0,0.0
1790791531.167,7.0,62.7,0,24574,0.0,1.0,0,0,0,0,False,0,0.0,0.0,0.0
1790791532.167,6.6,62.7,0,0,0.0,0.0,0,0,0,0,False,0,0.0,0.0,0.0
1790791533.167,6.4,62.7,0,1322895,0.0,13.0,0,0,0,0,False,0,0.0,0.0,0.0
1790791534.167,6.8,62.6,0,0,0.0,0.0,0,0,0,0,False,0,0.0,0.0,0.0
1790791535.167,6.3,62.7,0,0,0.0,0.0,0,0,0,0,False,0,0.0,0.0,0.0
1790791536.167,7.3,62.7,0,57340,0.0,2.0,0,0,0,0,False,0,0.0,0.0,0.0
1790791537.168,6.9,62.7,0,0,0.0,0.0,0,0,0,0,False,0,0.0,0.0,0.0
1790791538.168,6.3,62.6,0,0,0.0,0.0,0,0,0,0,False,0,0.0,0.0,0.0
1790791539.168,13.0,62.9,4096,32766,1.0,1.0,0,0,0,0,False,0,0.0,0.0,0.0
1790791540.168,25.8,63.4,0,1236897,0.0,10.0,1,0,0,1,False,0,0.0,0.0,0.0
1790791541.168,34.5,63.5,0,229355,0.0,3.0,1,1,0,1,False,0,0.0,0.0,0.0
1790791542.168,19.2,63.5,0,0,0.0,0.0,1,1,0,1,False,0,0.0,0.0,0.0
1790791543.168,17.5,63.5,0,0,0.0,0.0,1,1,0,1,False,0,0.0,0.0,0.0
1790791544.168,18.4,63.4,0,0,0.0,0.0,1,1,0,1,False,0,0.0,0.0,0.0
1790791545.171,19.2,63.4,0,0,0.0,0.0,1,1,0,1,False,0,0.0,0.0,0.0
1790791546.171,21.6,63.4,0,208880,0.0,5.0,1,1,0,1,False,0,0.0,0.0,0.0
1790791547.171,17.0,62.6,0,45053,0.0,2.0,0,0,0,0,False,0,0.0,0.0,0.0
1790791548.171,7.5,62.6,0,0,0.0,0.0,0,0,0,0,False,0,0.0,0.0,0.0
1790791549.171,6.5,62.5,0,0,0.0,0.0,0,0,0,0,False,0,0.0,0.0,0.0
1790791550.171,9.0,62.6,0,0,0.0,0.0,0,0,0,0,False,0,0.0,0.0,0.0
1790791551.171,8.4,62.6,0,0,0.0,0.0,0,0,0,0,False,0,0.0,0.0,0.0
1790791552.171,8.5,62.7,0,384996,0.0,15.0,0,0,0,0,False,0,0.0,0.0,0.0
1790791553.171,7.0,62.7,0,0,0.0,0.0,0,0,0,0,False,0,0.0,0.0,0.0
1790791554.171,11.1,63.3,0,249837,0.0,10.0,0,0,0,0,False,0,0.0,0.0,0.0
1790791555.171,6.6,63.2,0,0,0.0,0.0,0,0,0,0,False,0,0.0,0.0,0.0
1790791556.171,6.5,62.9,0,135159,0.0,10.0,0,0,0,0,False,0,0.0,0.0,0.0
1790791557.171,6.3,62.8,0,0,0.0,0.0,0,0,0,0,False,0,0.0,0.0,0.0
1790791558.172,6.3,62.8,0,0,0.0,0.0,0,0,0,0,False,0,0.0,0.0,0.0
1790791559.172,7.5,62.8,0,2949018,0.0,28.0,0,0,0,0,False,0,0.0,0.0,0.0
1790791560.172,6.7,62.7,0,0,0.0,0.0,0,0,0,0,False,0,0.0,0.0,0.0
1790791561.172,12.1,62.8,0,507861,0.0,92.0,0,0,0,0,False,0,0.0,0.0,0.0
1790791562.172,35.7,63.9,0,65531,0.0,2.0,0,0,0,0,False,0,0.0,0.0,0.0
1790791563.172,35.1,64.2,0,12287,0.0,1.0,0,0,0,0,False,0,0.0,0.0,0.0
1790791564.172,13.1,63.8,0,45053,0.0,2.0,0,0,0,0,False,0,0.0,0.0,0.0
1790791565.172,7.8,63.7,0,192499,0.0,3.0,0,0,0,0,False,0,0.0,0.0,0.0
1790791566.172,18.3,64.1,0,32766,0.0,1.0,0,0,0,0,False,0,0.0,0.0,0.0
1790791567.172,25.7,64.3,0,0,0.0,0.0,1,0,0,1,False,0,0.0,0.0,0.0
1790791568.172,10.4,64.1,0,45052,0.0,2.0,0,0,0,0,False,0,0.0,0.0,0.0
1790791569.172,6.4,64.1,0,1662859,0.0,17.0,0,0,0,0,False,0,0.0,0.0,0.0
1790791570.172,7.2,64.0,0,1241002,0.0,11.0,0,0,0,0,False,0,0.0,0.0,0.0
1790791571.172,7.4,63.9,0,0,0.0,0.0,0,0,0,0,False,0,0.0,0.0,0.0
1790791572.173,6.6,63.8,0,249837,0.0,5.0,0,0,0,0,False,0,0.0,0.0,0.0
1790791573.173,6.4,63.7,0,0,0.0,0.0,0,0,0,0,False,0,0.0,0.0,0.0
1790791574.173,7.1,63.6,0,0,0.0,0.0,0,0,0,0,False,0,0.0,0.0,0.0
1790791575.173,12.8,63.6,0,0,0.0,0.0,0,0,0,0,False,0,0.0,0.0,0.0
1790791576.173,9.0,63.6,0,0,0.0,0.0,0,0,0,0,False,0,0.0,0.0,0.0
1790791577.173,6.7,63.5,0,241647,0.0,4.0,0,0,0,0,False,0,0.0,0.0,0.0
1790791578.173,6.7,63.5,0,0,0.0,0.0,0,0,0,0,False,0,0.0,0.0,0.0
1790791579.173,6.5,63.4,0,0,0.0,0.0,0,0,0,0,False,0,0.0,0.0,0.0
1790791580.173,6.8,63.2,0,102393,0.0,10.0,0,0,0,0,False,0,0.0,0.0,0.0
1790791581.173,6.8,62.9,0,0,0.0,0.0,0,0,0,0,False,0,0.0,0.0,0.0
1790791582.173,7.8,62.8,0,24574,0.0,1.0,0,0,0,0,False,0,0.0,0.0,0.0
1790791583.173,6.4,62.7,0,0,0.0,0.0,0,0,0,0,False,0,0.0,0.0,0.0
1790791584.173,7.3,62.6,0,0,0.0,0.0,0,0,0,0,False,0,0.0,0.0,0.0
1790791585.173,6.3,62.5,0,1793898,0.0,25.0,0,0,0,0,False,0,0.0,0.0,0.0
1790791586.174,6.4,62.5,0,57340,0.0,2.0,0,0,0,0,False,0,0.0,0.0,0.0
1790791587.174,7.1,62.5,0,0,0.0,0.0,0,0,0,0,False,0,0.0,0.0,0.0
1790791588.174,6.7,62.5,0,176115,0.0,4.0,0,0,0,0,False,0,0.0,0.0,0.0
1790791589.174,6.3,62.5,0,0,0.0,0.0,0,0,0,0,False,0,0.0,0.0,0.0
1790791590.174,6.3,62.4,0,3333891,0.0,34.0,0,0,0,0,False,0,0.0,0.0,0.0
1790791591.174,6.4,62.4,0,0,0.0,0.0,0,0,0,0,False,0,0.0,0.0,0.0
1790791592.174,6.3,62.4,0,0,0.0,0.0,0,0,0,0,False,0,0.0,0.0,0.0
1790791593.174,7.5,62.4,0,0,0.0,0.0,0,0,0,0,False,0,0.0,0.0,0.0
1790791594.174,8.5,62.3,0,0,0.0,0.0,0,0,0,0,False,0,0.0,0.0,0.0
1790791595.174,7.1,62.4,0,0,0.0,0.0,0,0,0,0,False,0,0.0,0.0,0.0
1790791596.174,6.8,62.3,0,409571,0.0,69.0,0,0,0,0,False,0,0.0,0.0,0.0
1790791597.174,6.2,62.3,0,0,0.0,0.0,0,0,0,0,False,0,0.0,0.0,0.0
1790791598.174,6.4,62.2,0,0,0.0,0.0,0,0,0,0,False,0,0.0,0.0,0.0
1790791599.175,6.6,62.0,0,0,0.0,0.0,0,0,0,0,False,0,0.0,0.0,0.0
1790791600.175,7.4,62.0,0,237550,0.0,4.0,0,0,0,0,False,0,0.0,0.0,0.0
1790791601.175,6.3,62.0,0,0,0.0,0.0,0,0,0,0,False,0,0.0,0.0,0.0
1790791602.175,6.5,62.0,0,0,0.0,0.0,0,0,0,0,False,0,0.0,0.0,0.0
1790791603.175,6.4,62.0,0,0,0.0,0.0,0,0,0,0,False,0,0.0,0.0,0.0
1790791604.175,9.8,62.0,0,0,0.0,0.0,0,0,0,0,False,0,0.0,0.0,0.0
1790791605.175,7.4,62.0,0,45053,0.0,2.0,0,0,0,0,False,0,0.0,0.0,0.0
1790791606.175,7.8,62.5,0,0,0.0,0.0,0,0,0,0,False,0,0.0,0.0,0.0
1790791607.175,6.6,62.5,0,16383,0.0,1.0,0,0,0,0,False,0,0.0,0.0,0.0
1790791608.175,6.4,62.5,0,0,0.0,0.0,0,0,0,0,False,0,0.0,0.0,0.0
1790791609.175,6.2,62.5,0,0,0.0,0.0,0,0,0,0,False,0,0.0,0.0,0.0
1790791610.175,6.7,62.4,0,122871,0.0,10.0,0,0,0,0,False,0,0.0,0.0,0.0
1790791611.175,7.5,62.4,0,0,0.0,0.0,0,0,0,0,False,0,0.0,0.0,0.0
1790791612.175,6.4,62.3,0,0,0.0,0.0,0,0,0,0,False,0,0.0,0.0,0.0
1790791613.176,6.4,62.2,0,0,0.0,0.0,0,0,0,0,False,0,0.0,0.0,0.0
1790791614.176,8.9,62.2,0,0,0.0,0.0,0,0,0,0,False,0,0.0,0.0,0.0
1790791615.176,19.0,62.7,0,32766,0.0,1.0,0,0,0,0,False,0,0.0,0.0,0.0
1790791616.176,24.7,63.0,0,294891,0.0,11.0,1,0,0,1,False,0,0.0,0.0,0.0
1790791617.176,9.7,62.2,0,49149,0.0,2.0,0,0,0,0,False,0,0.0,0.0,0.0
1790791618.176,8.1,62.3,0,0,0.0,0.0,0,0,0,0,False,0,0.0,0.0,0.0
1790791619.176,21.3,62.9,0,32766,0.0,1.0,0,0,0,0,False,0,0.0,0.0,0.0
1790791620.176,26.8,63.1,0,0,0.0,0.0,1,0,0,1,False,0,0.0,0.0,0.0
1790791621.176,23.0,63.1,0,2924324,0.0,29.0,1,1,0,1,False,0,0.0,0.0,0.0
1790791622.176,19.1,63.1,0,212976,0.0,3.0,1,1,0,1,False,0,0.0,0.0,0.0
1790791623.176,17.7,63.1,0,0,0.0,0.0,1,1,0,1,False,0,0.0,0.0,0.0
1790791624.176,21.0,63.1,0,0,0.0,0.0,1,1,0,1,False,0,0.0,0.0,0.0
1790791625.176,20.3,63.2,0,0,0.0,0.0,1,1,0,1,False,0,0.0,0.0,0.0
1790791626.176,19.4,63.1,0,4096,0.0,1.0,0,0,0,0,False,0,0.0,0.0,0.0
1790791627.177,7.5,62.4,0,233452,0.0,5.0,0,0,0,0,False,0,0.0,0.0,0.0
1790791628.177,9.1,62.5,0,0,0.0,0.0,0,0,0,0,False,0,0.0,0.0,0.0
1790791629.177,22.7,63.0,0,32766,0.0,1.0,0,0,0,0,False,0,0.0,0.0,0.0
1790791630.177,23.1,62.4,0,49148,0.0,2.0,0,0,0,0,False,0,0.0,0.0,0.0
1790791631.177,6.6,62.4,0,200689,0.0,44.0,0,0,0,0,False,0,0.0,0.0,0.0
1790791632.177,10.4,62.5,0,0,0.0,0.0,0,0,0,0,False,0,0.0,0.0,0.0
1790791633.177,7.0,62.4,0,0,0.0,0.0,0,0,0,0,False,0,0.0,0.0,0.0
1790791634.177,6.6,62.5,0,167924,0.0,3.0,0,0,0,0,False,0,0.0,0.0,0.0
1790791635.177,6.3,62.4,0,0,0.0,0.0,0,0,0,0,False,0,0.0,0.0,0.0
1790791636.177,6.4,62.4,0,0,0.0,0.0,0,0,0,0,False,0,0.0,0.0,0.0
1790791637.177,7.2,62.3,0,0,0.0,0.0,0,0,0,0,False,0,0.0,0.0,0.0
1790791638.177,7.9,62.3,0,16383,0.0,1.0,0,0,0,0,False,0,0.0,0.0,0.0
1790791639.177,6.3,62.3,0,0,0.0,0.0,0,0,0,0,False,0,0.0,0.0,0.0
1790791640.178,7.0,62.3,0,16383,0.0,2.0,0,0,0,0,False,0,0.0,0.0,0.0
1790791641.178,21.5,62.7,0,1347519,0.0,13.0,0,0,0,0,False,0,0.0,0.0,0.0
1790791642.178,25.8,63.1,0,0,0.0,0.0,1,0,0,1,False,0,0.0,0.0,0.0
1790791643.178,14.9,62.5,0,49148,0.0,2.0,0,0,0,0,False,0,0.0,0.0,0.0
1790791644.178,7.9,62.6,0,0,0.0,0.0,0,0,0,0,False,0,0.0,0.0,0.0
1790791645.178,6.8,62.6,0,0,0.0,0.0,0,0,0,0,False,0,0.0,0.0,0.0
1790791646.178,7.2,62.5,0,2137958,0.0,35.0,0,0,0,0,False,0,0.0,0.0,0.0
1790791647.178,6.9,62.5,0,872386,0.0,13.0,0,0,0,0,False,0,0.0,0.0,0.0
1790791648.178,6.6,62.5,0,114677,0.0,1.0,0,0,0,0,False,0,0.0,0.0,0.0
1790791649.178,18.7,62.9,0,315369,0.0,6.0,0,0,0,0,False,0,0.0,0.0,0.0
1790791650.178,28.2,63.1,0,0,0.0,0.0,1,0,0,1,False,0,0.0,0.0,0.0
1790791651.178,50.6,63.8,0,143348,0.0,7.0,1,1,0,1,False,0,0.0,0.0,0.0
1790791652.178,49.9,64.9,0,380897,0.0,8.0,1,1,0,1,False,0,0.0,0.0,0.0
1790791653.179,67.4,65.0,131059,0,3.0,0.0,4,2,0,4,False,0,0.0,0.0,0.0
1790791654.179,56.0,64.7,0,49148,0.0,2.0,2,2,0,2,False,0,0.0,0.0,0.0
1790791655.179,30.1,64.7,0,0,0.0,0.0,2,2,0,2,False,0,0.0,0.0,0.0
1790791656.179,36.3,64.8,0,32765,0.0,1.0,2,2,0,2,False,0,0.0,0.0,0.0
1790791657.179,48.8,65.3,0,2920158,0.0,31.0,2,2,0,2,False,0,0.0,0.0,0.0
1790791658.179,63.9,65.3,16382,0,1.0,0.0,5,2,0,5,False,0,0.0,0.0,0.0
1790791659.179,53.9,64.8,0,16382,0.0,1.0,3,3,0,3,False,0,0.0,0.0,0.0
1790791660.179,34.9,64.9,0,0,0.0,0.0,2,2,0,2,False,0,0.0,0.0,0.0
1790791661.179,80.1,65.0,0,720837,0.0,20.0,1,1,0,1,False,0,0.0,0.0,0.0
1790791662.179,16.9,63.7,0,348133,0.0,8.0,0,0,0,0,False,0,0.0,0.0,0.0
1790791663.179,8.8,63.9,0,0,0.0,0.0,0,0,0,0,False,0,0.0,0.0,0.0
1790791664.180,8.8,64.2,0,20244694,0.0,287.0,0,0,0,0,False,0,0.0,0.0,0.0
1790791665.180,7.3,64.1,0,0,0.0,0.0,0,0,0,0,False,0,0.0,0.0,0.0
1790791666.180,6.4,64.1,0,0,0.0,0.0,0,0,0,0,False,0,0.0,0.0,0.0
1790791667.180,6.3,63.9,0,0,0.0,0.0,0,0,0,0,False,0,0.0,0.0,0.0
1790791668.180,6.2,63.8,0,0,0.0,0.0,0,0,0,0,False,0,0.0,0.0,0.0
1790791669.180,8.3,63.7,0,13843523,0.0,109.0,0,0,0,0,False,0,0.0,0.0,0.0
1790791670.180,6.7,63.3,0,0,0.0,0.0,0,0,0,0,False,0,0.0,0.0,0.0
1790791671.180,6.9,63.2,0,0,0.0,0.0,0,0,0,0,False,0,0.0,0.0,0.0
1790791672.180,6.3,63.0,0,0,0.0,0.0,0,0,0,0,False,0,0.0,0.0,0.0
1790791673.180,6.4,63.0,0,0,0.0,0.0,0,0,0,0,False,0,0.0,0.0,0.0
1790791674.180,8.5,62.9,0,0,0.0,0.0,0,0,0,0,False,0,0.0,0.0,0.0
1790791675.180,6.1,62.8,0,0,0.0,0.0,0,0,0,0,False,0,0.0,0.0,0.0
1790791676.180,7.4,62.8,0,102393,0.0,13.0,0,0,0,0,False,0,0.0,0.0,0.0
1790791677.181,6.5,62.7,0,888768,0.0,8.0,0,0,0,0,False,0,0.0,0.0,0.0
1790791678.181,6.1,62.7,0,0,0.0,0.0,0,0,0,0,False,0,0.0,0.0,0.0
1790791679.181,6.1,62.6,0,1290149,0.0,17.0,0,0,0,0,False,0,0.0,0.0,0.0
1790791680.181,6.3,62.6,0,0,0.0,0.0,0,0,0,0,False,0,0.0,0.0,0.0
1790791681.181,6.5,62.6,0,0,0.0,0.0,0,0,0,0,False,0,0.0,0.0,0.0
1790791682.181,17.9,62.8,0,90105,0.0,3.0,0,0,0,0,False,0,0.0,0.0,0.0
1790791683.183,30.9,63.1,0,1835931,0.0,15.0,1,0,0,1,False,0,0.0,0.0,0.0
1790791684.183,22.7,62.5,0,49148,0.0,2.0,0,0,0,0,False,0,0.0,0.0,0.0
1790791685.183,6.3,62.5,0,0,0.0,0.0,0,0,0,0,False,0,0.0,0.0,0.0
1790791686.183,6.3,62.4,0,0,0.0,0.0,0,0,0,0,False,0,0.0,0.0,0.0
1790791687.183,7.5,62.4,0,2264927,0.0,21.0,0,0,0,0,False,0,0.0,0.0,0.0
1790791688.183,6.7,62.3,0,298987,0.0,7.0,0,0,0,0,False,0,0.0,0.0,0.0
1790791689.183,6.3,62.3,0,0,0.0,0.0,0,0,0,0,False,0,0.0,0.0,0.0
1790791690.183,9.8,62.3,0,0,0.0,0.0,0,0,0,0,False,0,0.0,0.0,0.0
1790791691.183,6.4,62.2,0,0,0.0,0.0,0,0,0,0,False,0,0.0,0.0,0.0
1790791692.183,7.4,62.2,0,188401,0.0,23.0,0,0,0,0,False,0,0.0,0.0,0.0
1790791693.183,7.5,62.1,0,0,0.0,0.0,0,0,0,0,False,0,0.0,0.0,0.0
1790791694.183,6.8,62.1,0,16383,0.0,1.0,0,0,0,0,False,0,0.0,0.0,0.0
1790791695.183,6.5,62.1,0,0,0.0,0.0,0,0,0,0,False,0,0.0,0.0,0.0
1790791696.184,6.4,62.1,0,0,0.0,0.0,0,0,0,0,False,0,0.0,0.0,0.0
1790791697.184,6.6,62.1,0,0,0.0,0.0,0,0,0,0,False,0,0.0,0.0,0.0
1790791698.184,7.4,62.1,0,1367967,0.0,13.0,0,0,0,0,False,0,0.0,0.0,0.0
1790791699.184,6.4,62.1,0,0,0.0,0.0,0,0,0,0,False,0,0.0,0.0,0.0
1790791700.184,6.3,62.1,0,339944,0.0,62.0,0,0,0,0,False,0,0.0,0.0,0.0
1790791701.184,6.4,62.1,0,0,0.0,0.0,0,0,0,0,False,0,0.0,0.0,0.0
1790791702.184,11.0,62.2,0,32766,0.0,1.0,0,0,0,0,False,0,0.0,0.0,0.0
1790791703.184,25.9,62.7,0,57340,0.0,2.0,0,0,0,0,False,0,0.0,0.0,0.0
1790791704.184,34.6,62.0,0,49148,0.0,2.0,0,0,0,0,False,0,0.0,0.0,0.0
1790791705.184,6.4,62.0,0,0,0.0,0.0,0,0,0,0,False,0,0.0,0.0,0.0
1790791706.184,6.4,61.9,0,0,0.0,0.0,0,0,0,0,False,0,0.0,0.0,0.0
1790791707.184,6.4,61.9,0,0,0.0,0.0,0,0,0,0,False,0,0.0,0.0,0.0
1790791708.184,6.9,62.0,0,28670,0.0,1.0,0,0,0,0,False,0,0.0,0.0,0.0
1790791709.184,7.7,62.0,0,221168,0.0,3.0,0,0,0,0,False,0,0.0,0.0,0.0
1790791710.185,6.5,62.1,0,335848,0.0,11.0,0,0,0,0,False,0,0.0,0.0,0.0
1790791711.185,6.6,62.0,0,0,0.0,0.0,0,0,0,0,False,0,0.0,0.0,0.0
1790791712.185,9.1,62.0,0,0,0.0,0.0,0,0,0,0,False,0,0.0,0.0,0.0
1790791713.185,6.5,62.0,0,0,0.0,0.0,0,0,0,0,False,0,0.0,0.0,0.0
1790791714.185,8.2,62.0,0,0,0.0,0.0,0,0,0,0,False,0,0.0,0.0,0.0
1790791715.185,6.6,62.0,0,53244,0.0,1.0,0,0,0,0,False,0,0.0,0.0,0.0
1790791716.185,6.5,62.0,0,40957,0.0,2.0,0,0,0,0,False,0,0.0,0.0,0.0
1790791717.185,6.5,61.9,0,0,0.0,0.0,0,0,0,0,False,0,0.0,0.0,0.0
1790791718.185,6.8,62.0,0,2658119,0.0,27.0,0,0,0,0,False,0,0.0,0.0,0.0
1790791719.185,11.8,61.9,0,0,0.0,0.0,0,0,0,0,False,0,0.0,0.0,0.0
1790791720.185,6.9,61.9,0,0,0.0,0.0,0,0,0,0,False,0,0.0,0.0,0.0
1790791721.185,6.6,61.9,0,0,0.0,0.0,0,0,0,0,False,0,0.0,0.0,0.0
1790791722.185,6.8,61.9,0,16383,0.0,2.0,0,0,0,0,False,0,0.0,0.0,0.0
1790791723.185,6.8,61.9,0,0,0.0,0.0,0,0,0,0,False,0,0.0,0.0,0.0
1790791724.186,7.1,61.9,0,0,0.0,0.0,0,0,0,0,False,0,0.0,0.0,0.0
1790791725.186,7.5,61.9,0,16383,0.0,1.0,0,0,0,0,False,0,0.0,0.0,0.0
1790791726.186,6.4,61.9,0,0,0.0,0.0,0,0,0,0,False,0,0.0,0.0,0.0
1790791727.186,6.7,61.8,0,671697,0.0,9.0,0,0,0,0,False,0,0.0,0.0,0.0
1790791728.186,6.6,61.8,0,0,0.0,0.0,0,0,0,0,False,0,0.0,0.0,0.0
1790791729.186,6.4,61.9,0,0,0.0,0.0,0,0,0,0,False,0,0.0,0.0,0.0
1790791730.186,7.9,61.8,0,0,0.0,0.0,0,0,0,0,False,0,0.0,0.0,0.0
1790791731.186,6.4,61.9,0,16383,0.0,2.0,0,0,0,0,False,0,0.0,0.0,0.0
1790791732.186,6.4,61.9,0,0,0.0,0.0,0,0,0,0,False,0,0.0,0.0,0.0
1790791733.186,6.6,61.9,0,73723,0.0,10.0,0,0,0,0,False,0,0.0,0.0,0.0
1790791734.186,10.4,62.2,0,212976,0.0,44.0,0,0,0,0,False,0,0.0,0.0,0.0
1790791735.186,7.0,62.3,0,24574,0.0,1.0,0,0,0,0,False,0,0.0,0.0,0.0
1790791736.186,7.1,62.3,0,0,0.0,0.0,0,0,0,0,False,0,0.0,0.0,0.0
1790791737.186,6.5,62.2,0,0,0.0,0.0,0,0,0,0,False,0,0.0,0.0,0.0
1790791738.187,6.3,62.2,0,0,0.0,0.0,0,0,0,0,False,0,0.0,0.0,0.0
1790791739.187,6.1,62.2,0,57340,0.0,2.0,0,0,0,0,False,0,0.0,0.0,0.0
1790791740.187,6.1,62.2,0,0,0.0,0.0,0,0,0,0,False,0,0.0,0.0,0.0
1790791741.187,7.3,62.2,0,0,0.0,0.0,0,0,0,0,False,0,0.0,0.0,0.0
1790791742.187,6.4,62.2,0,12287,0.0,3.0,0,0,0,0,False,0,0.0,0.0,0.0
1790791743.187,6.4,62.2,0,0,0.0,0.0,0,0,0,0,False,0,0.0,0.0,0.0
1790791744.187,6.6,62.1,0,0,0.0,0.0,0,0,0,0,False,0,0.0,0.0,0.0
1790791745.187,5.9,62.1,0,0,0.0,0.0,0,0,0,0,False,0,0.0,0.0,0.0
1790791746.187,7.2,62.1,0,0,0.0,0.0,0,0,0,0,False,0,0.0,0.0,0.0
1790791747.187,6.3,62.1,0,0,0.0,0.0,0,0,0,0,False,0,0.0,0.0,0.0
1790791748.187,9.8,62.2,0,16383,0.0,2.0,0,0,0,0,False,0,0.0,0.0,0.0
1790791749.187,10.6,62.8,0,2379604,0.0,24.0,0,0,0,0,False,0,0.0,0.0,0.0
1790791750.187,6.4,62.9,0,0,0.0,0.0,0,0,0,0,False,0,0.0,0.0,0.0
1790791751.188,8.4,62.9,0,176115,0.0,12.0,0,0,0,0,False,0,0.0,0.0,0.0
1790791752.188,7.1,62.9,0,0,0.0,0.0,0,0,0,0,False,0,0.0,0.0,0.0
1790791753.188,6.4,62.9,0,0,0.0,0.0,0,0,0,0,False,0,0.0,0.0,0.0
1790791754.188,8.6,62.9,0,0,0.0,0.0,0,0,0,0,False,0,0.0,0.0,0.0
1790791755.188,6.1,62.9,0,0,0.0,0.0,0,0,0,0,False,0,0.0,0.0,0.0
1790791756.188,6.3,62.8,0,40957,0.0,3.0,0,0,0,0,False,0,0.0,0.0,0.0
1790791757.188,7.4,62.8,0,0,0.0,0.0,0,0,0,0,False,0,0.0,0.0,0.0
1790791758.188,6.6,62.8,0,0,0.0,0.0,0,0,0,0,False,0,0.0,0.0,0.0
1790791759.188,6.3,62.8,0,0,0.0,0.0,0,0,0,0,False,0,0.0,0.0,0.0
1790791760.188,6.3,62.8,0,0,0.0,0.0,0,0,0,0,False,0,0.0,0.0,0.0
1790791761.188,6.3,62.7,0,184307,0.0,4.0,0,0,0,0,False,0,0.0,0.0,0.0
1790791762.188,7.4,62.7,0,0,0.0,0.0,0,0,0,0,False,0,0.0,0.0,0.0
1790791763.188,6.3,62.7,0,0,0.0,0.0,0,0,0,0,False,0,0.0,0.0,0.0
1790791764.188,7.1,62.6,0,131062,0.0,11.0,0,0,0,0,False,0,0.0,0.0,0.0
1790791765.189,6.3,62.6,0,0,0.0,0.0,0,0,0,0,False,0,0.0,0.0,0.0
1790791766.189,6.5,62.6,0,0,0.0,0.0,0,0,0,0,False,0,0.0,0.0,0.0
1790791767.189,7.1,62.6,0,0,0.0,0.0,0,0,0,0,False,0,0.0,0.0,0.0
1790791768.189,6.9,62.6,0,0,0.0,0.0,0,0,0,0,False,0,0.0,0.0,0.0
1790791769.189,19.4,63.2,0,1548178,0.0,53.0,0,0,0,0,False,0,0.0,0.0,0.0
1790791770.189,25.5,63.4,0,0,0.0,0.0,1,1,0,1,False,0,0.0,0.0,0.0
1790791771.189,20.8,63.0,0,49148,0.0,2.0,0,0,0,0,False,0,0.0,0.0,0.0
1790791772.189,6.9,63.0,0,0,0.0,0.0,0,0,0,0,False,0,0.0,0.0,0.0
1790791773.189,8.8,63.0,0,954295,0.0,17.0,0,0,0,0,False,0,0.0,0.0,0.0
1790791774.189,15.5,63.1,0,32766,0.0,1.0,0,0,0,0,False,0,0.0,0.0,0.0
1790791775.189,24.6,63.6,0,0,0.0,0.0,1,0,0,1,False,0,0.0,0.0,0.0
1790791776.189,15.8,63.1,0,49149,0.0,2.0,0,0,0,0,False,0,0.0,0.0,0.0
1790791777.189,11.2,63.0,0,0,0.0,0.0,0,0,0,0,False,0,0.0,0.0,0.0
1790791778.190,15.9,63.4,0,421850,0.0,21.0,0,0,0,0,False,0,0.0,0.0,0.0
1790791779.190,27.5,63.2,0,2977553,0.0,35.0,0,0,0,0,False,0,0.0,0.0,0.0
1790791780.190,14.2,62.5,0,49148,0.0,2.0,0,0,0,0,False,0,0.0,0.0,0.0
1790791781.190,8.3,62.4,0,0,0.0,0.0,0,0,0,0,False,0,0.0,0.0,0.0
1790791782.190,9.1,62.4,0,0,0.0,0.0,0,0,0,0,False,0,0.0,0.0,0.0
1790791783.190,9.0,62.3,0,0,0.0,0.0,0,0,0,0,False,0,0.0,0.0,0.0
1790791784.190,8.3,62.4,0,0,0.0,0.0,0,0,0,0,False,0,0.0,0.0,0.0
1790791785.190,8.0,62.3,0,1519501,0.0,14.0,0,0,0,0,False,0,0.0,0.0,0.0
1790791786.190,7.8,62.3,0,0,0.0,0.0,0,0,0,0,False,0,0.0,0.0,0.0
1790791787.190,9.6,62.7,0,2023248,0.0,35.0,0,0,0,0,False,0,0.0,0.0,0.0
1790791788.190,9.5,62.7,0,0,0.0,0.0,0,0,0,0,False,0,0.0,0.0,0.0
1790791789.190,7.8,62.7,0,0,0.0,0.0,0,0,0,0,False,0,0.0,0.0,0.0
1790791790.190,22.2,63.1,0,65531,0.0,2.0,0,0,0,0,False,0,0.0,0.0,0.0
1790791791.191,37.4,63.9,0,32765,0.0,1.0,1,0,0,1,False,0,0.0,0.0,0.0
1790791792.191,28.3,63.5,0,266142,0.0,4.0,1,0,0,1,False,0,0.0,0.0,0.0
1790791793.191,16.2,63.1,0,49147,0.0,2.0,0,0,0,0,False,0,0.0,0.0,0.0
1790791794.191,12.3,63.1,0,0,0.0,0.0,0,0,0,0,False,0,0.0,0.0,0.0
1790791795.191,25.1,64.0,0,466909,0.0,11.0,0,0,0,0,False,0,0.0,0.0,0.0
1790791796.191,28.3,64.5,0,581586,0.0,9.0,1,0,0,1,False,0,0.0,0.0,0.0
1790791797.191,26.2,64.7,0,823225,0.0,12.0,0,0,0,0,False,0,0.0,0.0,0.0
1790791798.191,10.4,64.1,0,61435,0.0,5.0,0,0,0,0,False,0,0.0,0.0,0.0
1790791799.191,7.3,64.1,4096,0,1.0,0.0,0,0,0,0,False,0,0.0,0.0,0.0
1790791800.192,7.0,64.1,0,368614,0.0,84.0,0,0,0,0,False,0,0.0,0.0,0.0
1790791801.192,8.5,64.0,0,0,0.0,0.0,0,0,0,0,False,0,0.0,0.0,0.0
1790791802.192,8.7,63.9,0,798662,0.0,9.0,0,0,0,0,False,0,0.0,0.0,0.0
1790791803.192,8.8,64.0,0,0,0.0,0.0,0,0,0,0,False,0,0.0,0.0,0.0
1790791804.192,23.0,64.2,86010,958398,11.0,10.0,0,0,0,0,False,0,0.0,0.0,0.0
1790791805.192,23.7,64.4,0,868286,0.0,15.0,0,0,0,0,False,0,0.0,0.0,0.0
1790791806.192,13.0,63.7,0,49148,0.0,2.0,0,0,0,0,False,0,0.0,0.0,0.0
1790791807.192,8.6,63.6,0,0,0.0,0.0,0,0,0,0,False,0,0.0,0.0,0.0
1790791808.192,8.2,63.4,0,237550,0.0,3.0,0,0,0,0,False,0,0.0,0.0,0.0
1790791809.192,10.1,63.7,212977,2219879,13.0,31.0,0,0,0,0,False,0,0.0,0.0,0.0
1790791810.192,12.2,63.6,0,22419949,0.0,205.0,0,0,0,0,False,0,0.0,0.0,0.0
1790791811.192,9.6,63.6,0,0,0.0,0.0,0,0,0,0,False,0,0.0,0.0,0.0
1790791812.192,8.7,63.6,0,0,0.0,0.0,0,0,0,0,False,0,0.0,0.0,0.0
1790791813.192,8.7,63.6,0,90106,0.0,1.0,0,0,0,0,False,0,0.0,0.0,0.0
1790791814.193,8.7,63.5,0,0,0.0,0.0,0,0,0,0,False,0,0.0,0.0,0.0
1790791815.193,21.1,63.6,0,286708,0.0,4.0,0,0,0,0,False,0,0.0,0.0,0.0
1790791816.193,28.8,64.2,0,0,0.0,0.0,1,0,0,1,False,0,0.0,0.0,0.0
1790791817.193,37.4,64.5,0,389091,0.0,12.0,1,1,0,1,False,0,0.0,0.0,0.0
1790791818.193,39.1,64.7,0,22345933,0.0,204.0,1,1,0,1,False,0,0.0,0.0,0.0
1790791819.193,46.4,64.9,0,462805,0.0,40.0,2,1,0,2,False,0,0.0,0.0,0.0
1790791820.193,31.7,64.8,0,589780,0.0,14.0,1,1,0,1,False,0,0.0,0.0,0.0
1790791821.193,21.7,64.8,0,0,0.0,0.0,1,1,0,1,False,0,0.0,0.0,0.0
1790791822.193,21.8,64.8,0,135158,0.0,3.0,1,1,0,1,False,0,0.0,0.0,0.0
1790791823.193,23.2,64.4,0,0,0.0,0.0,1,1,0,1,False,0,0.0,0.0,0.0
1790791824.193,15.6,64.2,0,298987,0.0,11.0,0,0,0,0,False,0,0.0,0.0,0.0
1790791825.193,8.0,63.9,0,270317,0.0,28.0,0,0,0,0,False,0,0.0,0.0,0.0
1790791826.193,14.5,63.9,0,192498,0.0,13.0,0,0,0,0,False,0,0.0,0.0,0.0
1790791827.194,27.7,64.5,0,114679,0.0,3.0,2,0,0,2,False,0,0.0,0.0,0.0
1790791828.194,20.4,64.1,3027734,49148,136.0,2.0,0,0,0,0,False,0,0.0,0.0,0.0
1790791829.194,7.0,64.1,3446526,0,48.0,0.0,0,0,0,0,False,0,0.0,0.0,0.0
1790791830.194,7.1,64.0,0,2260830,0.0,20.0,0,0,0,0,False,0,0.0,0.0,0.0
1790791831.194,7.3,64.0,0,1380248,0.0,15.0,0,0,0,0,False,0,0.0,0.0,0.0
1790791832.194,7.0,63.8,0,0,0.0,0.0,0,0,0,0,False,0,0.0,0.0,0.0
1790791833.194,8.3,63.8,0,1130417,0.0,180.0,0,0,0,0,False,0,0.0,0.0,0.0
1790791834.194,8.0,63.9,0,0,0.0,0.0,0,0,0,0,False,0,0.0,0.0,0.0
1790791835.194,7.7,63.8,0,8191,0.0,2.0,0,0,0,0,False,0,0.0,0.0,0.0
1790791836.194,7.9,63.9,0,1097648,0.0,17.0,0,0,0,0,False,0,0.0,0.0,0.0
1790791837.194,13.5,64.0,4096,65531,1.0,4.0,0,0,0,0,False,0,0.0,0.0,0.0
1790791838.194,24.2,64.2,0,151541,0.0,2.0,0,0,0,0,False,0,0.0,0.0,0.0
1790791839.194,20.8,63.7,0,241647,0.0,13.0,0,0,0,0,False,0,0.0,0.0,0.0
1790791840.194,7.7,63.7,0,1236900,0.0,10.0,0,0,0,0,False,0,0.0,0.0,0.0
1790791841.195,7.3,63.7,0,2944778,0.0,29.0,0,0,0,0,False,0,0.0,0.0,0.0
1790791842.195,7.6,63.7,0,0,0.0,0.0,0,0,0,0,False,0,0.0,0.0,0.0
1790791843.195,7.8,63.6,0,0,0.0,0.0,0,0,0,0,False,0,0.0,0.0,0.0
1790791844.195,14.1,63.7,0,270316,0.0,4.0,0,0,0,0,False,0,0.0,0.0,0.0
1790791845.195,23.2,64.2,0,32766,0.0,1.0,0,0,0,0,False,0,0.0,0.0,0.0
1790791846.195,22.7,64.3,520154,0,27.0,0.0,1,0,0,0,True,0,0.0,0.0,0.0
1790791847.195,19.5,64.4,0,0,0.0,0.0,1,0,0,0,True,0,0.0,0.0,0.0
1790791848.195,15.3,64.5,0,483294,0.0,7.0,1,0,0,0,True,0,0.0,0.0,0.0
1790791849.195,32.6,64.5,0,1658805,0.0,18.0,1,0,0,0,True,0,0.0,0.0,0.0
1790791850.195,17.2,64.9,0,0,0.0,0.0,1,0,0,0,True,0,0.0,0.0,0.0
1790791851.195,25.6,64.9,0,4096,0.0,1.0,1,0,0,0,True,0,0.0,0.0,0.0
1790791852.195,39.1,65.0,0,253933,0.0,12.0,1,0,0,0,True,0,0.0,0.0,0.0
1790791853.195,36.3,64.9,0,0,0.0,0.0,1,0,0,0,True,0,0.0,0.0,0.0
1790791854.195,24.6,65.0,0,0,0.0,0.0,1,0,0,0,True,0,0.0,0.0,0.0
1790791855.196,16.0,64.9,0,0,0.0,0.0,1,0,0,0,True,0,0.0,0.0,0.0
1790791856.196,23.1,64.8,0,20478,0.0,1.0,1,1,0,0,True,0,0.0,0.0,0.0
1790791857.196,17.4,64.9,0,0,0.0,0.0,1,1,0,0,True,0,0.0,0.0,0.0
1790791858.196,15.3,64.7,0,40957,0.0,2.0,1,1,0,0,True,0,0.0,0.0,0.0
1790791859.196,18.9,64.8,0,0,0.0,0.0,1,1,0,0,True,0,0.0,0.0,0.0
1790791860.196,13.6,64.2,77818,53244,3.0,3.0,0,0,0,0,False,0,0.0,0.0,0.0
1790791861.196,8.9,64.2,920503,0,11.0,0.0,0,0,0,0,False,0,0.0,0.0,0.0
1790791862.196,9.0,64.2,0,221168,0.0,9.0,0,0,0,0,False,0,0.0,0.0,0.0
1790791863.196,9.0,64.2,0,0,0.0,0.0,0,0,0,0,False,0,0.0,0.0,0.0
1790791864.196,12.6,64.2,32766,0,3.0,0.0,0,0,0,0,False,0,0.0,0.0,0.0
1790791865.196,9.4,64.1,131063,73723,1.0,3.0,0,0,0,0,False,0,0.0,0.0,0.0
1790791866.196,8.2,64.1,0,0,0.0,0.0,0,0,0,0,False,0,0.0,0.0,0.0
1790791867.196,8.3,64.1,0,610259,0.0,118.0,0,0,0,0,False,0,0.0,0.0,0.0
1790791868.197,8.9,64.0,114680,150267217,7.0,1177.9,0,0,0,0,False,0,0.0,0.0,0.0
1790791869.197,8.0,64.0,4096,749536,1.0,26.0,0,0,0,0,False,0,0.0,0.0,0.0
1790791870.197,7.4,64.0,0,1236904,0.0,10.0,0,0,0,0,False,0,0.0,0.0,0.0
1790791871.197,9.5,63.9,0,13880311,0.0,129.0,0,0,0,0,False,0,0.0,0.0,0.0
1790791872.197,8.3,63.9,0,2961192,0.0,29.0,0,0,0,0,False,0,0.0,0.0,0.0
1790791873.197,12.5,63.8,0,0,0.0,0.0,0,0,0,0,False,0,0.0,0.0,0.0
1790791874.197,8.5,63.7,0,143350,0.0,17.0,0,0,0,0,False,0,0.0,0.0,0.0
1790791875.197,8.3,63.7,0,0,0.0,0.0,0,0,0,0,False,0,0.0,0.0,0.0
1790791876.197,8.2,63.7,0,0,0.0,0.0,0,0,0,0,False,0,0.0,0.0,0.0
1790791877.197,8.3,63.7,0,143350,0.0,3.0,0,0,0,0,False,0,0.0,0.0,0.0
1790791878.197,7.1,63.7,110584,0,2.0,0.0,0,0,0,0,False,0,0.0,0.0,0.0
1790791879.197,6.9,63.7,0,20479,0.0,2.0,0,0,0,0,False,0,0.0,0.0,0.0
1790791880.197,6.9,63.6,0,135158,0.0,18.0,0,0,0,0,False,0,0.0,0.0,0.0
1790791881.197,7.4,63.3,0,110584,0.0,4.0,0,0,0,0,False,0,0.0,0.0,0.0
1790791882.198,7.8,63.3,0,4096,0.0,1.0,0,0,0,0,False,0,0.0,0.0,0.0
1790791883.198,8.2,63.3,4096,0,1.0,0.0,0,0,0,0,False,0,0.0,0.0,0.0
1790791884.198,7.8,63.3,0,0,0.0,0.0,0,0,0,0,False,0,0.0,0.0,0.0
1790791885.198,7.1,63.3,0,0,0.0,0.0,0,0,0,0,False,0,0.0,0.0,0.0
1790791886.198,6.6,63.3,0,217072,0.0,11.0,0,0,0,0,False,0,0.0,0.0,0.0
1790791887.198,7.1,63.4,28670,1318812,1.0,12.0,0,0,0,0,False,0,0.0,0.0,0.0
1790791888.198,8.2,63.0,0,0,0.0,0.0,0,0,0,0,False,0,0.0,0.0,0.0
1790791889.198,8.7,63.0,0,0,0.0,0.0,0,0,0,0,False,0,0.0,0.0,0.0
1790791890.198,9.7,63.0,0,634831,0.0,22.0,0,0,0,0,False,0,0.0,0.0,0.0
1790791891.198,8.3,62.9,0,0,0.0,0.0,0,0,0,0,False,0,0.0,0.0,0.0
1790791892.198,8.2,62.9,0,0,0.0,0.0,0,0,0,0,False,0,0.0,0.0,0.0
1790791893.198,8.2,62.9,0,0,0.0,0.0,0,0,0,0,False,0,0.0,0.0,0.0
1790791894.198,8.7,62.7,0,0,0.0,0.0,0,0,0,0,False,0,0.0,0.0,0.0
1790791895.199,8.5,62.8,0,1249167,0.0,13.0,0,0,0,0,False,0,0.0,0.0,0.0
1790791896.199,7.7,62.9,0,0,0.0,0.0,0,0,0,0,False,0,0.0,0.0,0.0
1790791897.199,8.3,62.9,0,0,0.0,0.0,0,0,0,0,False,0,0.0,0.0,0.0
1790791898.199,9.0,63.1,0,0,0.0,0.0,0,0,0,0,False,0,0.0,0.0,0.0
1790791899.199,7.9,63.1,0,528346,0.0,108.0,0,0,0,0,False,0,0.0,0.0,0.0
1790791900.199,11.1,63.2,0,4096,0.0,1.0,0,0,0,0,False,0,0.0,0.0,0.0
1790791901.199,12.7,63.5,4096,14465868,1.0,137.0,0,0,0,0,False,0,0.0,0.0,0.0
1790791902.199,12.5,64.0,0,3030825,0.0,30.0,0,0,0,0,False,0,0.0,0.0,0.0
1790791903.199,10.3,63.9,0,188403,0.0,12.0,0,0,0,0,False,0,0.0,0.0,0.0
1790791904.199,8.5,63.9,0,0,0.0,0.0,0,0,0,0,False,0,0.0,0.0,0.0
1790791905.199,7.8,63.9,0,0,0.0,0.0,0,0,0,0,False,0,0.0,0.0,0.0
1790791906.199,8.0,63.9,0,0,0.0,0.0,0,0,0,0,False,0,0.0,0.0,0.0
1790791907.199,7.6,63.9,0,0,0.0,0.0,0,0,0,0,False,0,0.0,0.0,0.0
1790791908.199,6.8,63.8,0,16383,0.0,2.0,0,0,0,0,False,0,0.0,0.0,0.0
1790791909.200,7.5,63.8,0,0,0.0,0.0,0,0,0,0,False,0,0.0,0.0,0.0
1790791910.200,7.9,63.7,0,335844,0.0,15.0,0,0,0,0,False,0,0.0,0.0,0.0
1790791911.200,8.6,63.7,0,0,0.0,0.0,0,0,0,0,False,0,0.0,0.0,0.0
1790791912.200,11.7,63.7,0,0,0.0,0.0,0,0,0,0,False,0,0.0,0.0,0.0
1790791913.200,7.9,63.6,0,0,0.0,0.0,0,0,0,0,False,0,0.0,0.0,0.0
1790791914.200,13.1,63.6,143348,2797327,2.0,24.0,0,0,0,0,False,0,0.0,0.0,0.0
1790791915.200,24.5,64.3,0,0,0.0,0.0,0,0,0,0,False,0,0.0,0.0,0.0
1790791916.200,15.9,63.5,0,49148,0.0,2.0,0,0,0,0,False,0,0.0,0.0,0.0
1790791917.200,7.7,63.5,0,323560,0.0,21.0,0,0,0,0,False,0,0.0,0.0,0.0
1790791918.200,8.4,63.5,0,0,0.0,0.0,0,0,0,0,False,0,0.0,0.0,0.0
1790791919.200,6.6,63.5,0,0,0.0,0.0,0,0,0,0,False,0,0.0,0.0,0.0
1790791920.200,6.7,63.5,0,0,0.0,0.0,0,0,0,0,False,0,0.0,0.0,0.0
1790791921.201,7.2,63.5,0,0,0.0,0.0,0,0,0,0,False,0,0.0,0.0,0.0
1790791922.201,6.7,63.4,0,0,0.0,0.0,0,0,0,0,False,0,0.0,0.0,0.0
1790791923.201,6.8,63.4,0,0,0.0,0.0,0,0,0,0,False,0,0.0,0.0,0.0
1790791924.201,6.9,63.4,0,20479,0.0,2.0,0,0,0,0,False,0,0.0,0.0,0.0
1790791925.201,6.6,63.4,0,0,0.0,0.0,0,0,0,0,False,0,0.0,0.0,0.0
1790791926.201,10.6,63.3,0,0,0.0,0.0,0,0,0,0,False,0,0.0,0.0,0.0
1790791927.201,7.7,63.3,0,0,0.0,0.0,0,0,0,0,False,0,0.0,0.0,0.0
1790791928.201,8.2,63.3,0,2043759,0.0,19.0,0,0,0,0,False,0,0.0,0.0,0.0
1790791929.201,8.4,63.3,0,0,0.0,0.0,0,0,0,0,False,0,0.0,0.0,0.0
1790791930.201,8.4,63.3,0,0,0.0,0.0,0,0,0,0,False,0,0.0,0.0,0.0
1790791931.201,8.5,63.2,0,319462,0.0,23.0,0,0,0,0,False,0,0.0,0.0,0.0
1790791932.201,8.1,62.8,0,532441,0.0,101.0,0,0,0,0,False,0,0.0,0.0,0.0
1790791933.201,6.9,62.8,0,4116185,0.0,42.0,0,0,0,0,False,0,0.0,0.0,0.0
1790791934.201,7.3,62.8,0,0,0.0,0.0,0,0,0,0,False,0,0.0,0.0,0.0
1790791935.202,8.2,62.8,0,0,0.0,0.0,0,0,0,0,False,0,0.0,0.0,0.0
1790791936.202,8.8,62.8,0,0,0.0,0.0,0,0,0,0,False,0,0.0,0.0,0.0
1790791937.202,7.9,62.8,0,0,0.0,0.0,0,0,0,0,False,0,0.0,0.0,0.0
1790791938.202,8.1,62.8,0,61436,0.0,2.0,0,0,0,0,False,0,0.0,0.0,0.0
1790791939.202,7.8,62.9,0,0,0.0,0.0,0,0,0,0,False,0,0.0,0.0,0.0
1790791940.202,7.7,62.9,0,86009,0.0,4.0,0,0,0,0,False,0,0.0,0.0,0.0
1790791941.202,11.8,62.9,0,0,0.0,0.0,0,0,0,0,False,0,0.0,0.0,0.0
1790791942.202,6.5,62.9,0,0,0.0,0.0,0,0,0,0,False,0,0.0,0.0,0.0
1790791943.202,6.6,62.8,0,237549,0.0,3.0,0,0,0,0,False,0,0.0,0.0,0.0
1790791944.202,7.0,62.7,0,0,0.0,0.0,0,0,0,0,False,0,0.0,0.0,0.0
1790791945.202,6.4,62.7,0,77818,0.0,2.0,0,0,0,0,False,0,0.0,0.0,0.0
1790791946.202,6.6,62.7,0,102392,0.0,10.0,0,0,0,0,False,0,0.0,0.0,0.0
1790791947.202,6.6,62.7,0,0,0.0,0.0,0,0,0,0,False,0,0.0,0.0,0.0
1790791948.203,7.4,62.7,0,0,0.0,0.0,0,0,0,0,False,0,0.0,0.0,0.0
1790791949.203,8.0,62.7,0,0,0.0,0.0,0,0,0,0,False,0,0.0,0.0,0.0
1790791950.203,6.7,62.7,0,118776,0.0,5.0,0,0,0,0,False,0,0.0,0.0,0.0
1790791951.203,6.6,62.7,0,0,0.0,0.0,0,0,0,0,False,0,0.0,0.0,0.0
1790791952.203,7.3,62.7,0,0,0.0,0.0,0,0,0,0,False,0,0.0,0.0,0.0
1790791953.203,9.0,62.7,0,0,0.0,0.0,0,0,0,0,False,0,0.0,0.0,0.0
1790791954.203,8.8,62.7,0,12287,0.0,3.0,0,0,0,0,False,0,0.0,0.0,0.0
1790791955.203,6.8,62.7,0,0,0.0,0.0,0,0,0,0,False,0,0.0,0.0,0.0
1790791956.203,8.6,62.7,0,69627,0.0,2.0,0,0,0,0,False,0,0.0,0.0,0.0
1790791957.203,6.5,62.7,0,1634191,0.0,23.0,0,0,0,0,False,0,0.0,0.0,0.0
1790791958.203,7.2,62.7,0,0,0.0,0.0,0,0,0,0,False,0,0.0,0.0,0.0
1790791959.203,6.7,62.5,0,0,0.0,0.0,0,0,0,0,False,0,0.0,0.0,0.0
1790791960.203,9.1,62.9,0,77818,0.0,3.0,0,0,0,0,False,0,0.0,0.0,0.0
1790791961.204,9.0,63.0,0,24574,0.0,4.0,0,0,0,0,False,0,0.0,0.0,0.0
1790791962.204,8.8,63.3,0,167923,0.0,12.0,0,0,0,0,False,0,0.0,0.0,0.0
1790791963.204,7.6,63.4,0,0,0.0,0.0,0,0,0,0,False,0,0.0,0.0,0.0
1790791964.204,7.2,63.3,0,3251992,0.0,25.0,0,0,0,0,False,0,0.0,0.0,0.0
1790791965.204,6.4,63.3,0,0,0.0,0.0,0,0,0,0,False,0,0.0,0.0,0.0
1790791966.204,14.7,63.4,0,32766,0.0,1.0,0,0,0,0,False,0,0.0,0.0,0.0
1790791967.204,23.9,63.9,0,57340,0.0,2.0,1,0,0,1,False,0,0.0,0.0,0.0
1790791968.204,11.6,63.1,0,237550,0.0,46.0,0,0,0,0,False,0,0.0,0.0,0.0
1790791969.204,6.4,63.1,0,0,0.0,0.0,0,0,0,0,False,0,0.0,0.0,0.0
1790791970.204,10.3,63.2,0,0,0.0,0.0,0,0,0,0,False,0,0.0,0.0,0.0
1790791971.204,6.6,63.2,0,16383,0.0,1.0,0,0,0,0,False,0,0.0,0.0,0.0
1790791972.204,6.8,63.1,0,184307,0.0,3.0,0,0,0,0,False,0,0.0,0.0,0.0
1790791973.204,6.8,63.1,0,0,0.0,0.0,0,0,0,0,False,0,0.0,0.0,0.0
1790791974.204,10.7,63.6,0,8191,0.0,2.0,0,0,0,0,False,0,0.0,0.0,0.0
1790791975.205,6.8,63.6,0,0,0.0,0.0,0,0,0,0,False,0,0.0,0.0,0.0
1790791976.205,6.4,63.5,0,12287,0.0,3.0,0,0,0,0,False,0,0.0,0.0,0.0
1790791977.205,7.2,63.6,0,0,0.0,0.0,0,0,0,0,False,0,0.0,0.0,0.0
1790791978.205,7.1,63.5,0,0,0.0,0.0,0,0,0,0,False,0,0.0,0.0,0.0
1790791979.205,6.9,63.5,0,49148,0.0,2.0,0,0,0,0,False,0,0.0,0.0,0.0
1790791980.205,7.1,63.4,0,0,0.0,0.0,0,0,0,0,False,0,0.0,0.0,0.0
1790791981.205,6.4,63.4,0,0,0.0,0.0,0,0,0,0,False,0,0.0,0.0,0.0
1790791982.205,6.9,63.3,0,0,0.0,0.0,0,0,0,0,False,0,0.0,0.0,0.0
1790791983.205,6.6,63.3,0,0,0.0,0.0,0,0,0,0,False,0,0.0,0.0,0.0
1790791984.205,7.1,63.3,0,0,0.0,0.0,0,0,0,0,False,0,0.0,0.0,0.0
1790791985.205,7.7,63.3,0,16383,0.0,2.0,0,0,0,0,False,0,0.0,0.0,0.0
1790791986.205,6.7,63.3,0,0,0.0,0.0,0,0,0,0,False,0,0.0,0.0,0.0
1790791987.205,6.7,63.3,0,0,0.0,0.0,0,0,0,0,False,0,0.0,0.0,0.0
1790791988.205,7.1,63.3,0,20479,0.0,5.0,0,0,0,0,False,0,0.0,0.0,0.0
1790791989.206,7.7,63.3,0,200689,0.0,11.0,0,0,0,0,False,0,0.0,0.0,0.0
1790791990.206,8.3,63.4,0,208883,0.0,26.0,0,0,0,0,False,0,0.0,0.0,0.0
1790791991.206,8.5,63.5,0,1052589,0.0,9.0,0,0,0,0,False,0,0.0,0.0,0.0
1790791992.206,8.1,63.4,0,176114,0.0,8.0,0,0,0,0,False,0,0.0,0.0,0.0
1790791993.206,8.2,63.4,0,0,0.0,0.0,0,0,0,0,False,0,0.0,0.0,0.0
1790791994.206,8.1,63.4,0,3702504,0.0,36.0,0,0,0,0,False,0,0.0,0.0,0.0
1790791995.206,7.7,63.4,0,49149,0.0,2.0,0,0,0,0,False,0,0.0,0.0,0.0
1790791996.206,10.1,63.5,0,0,0.0,0.0,0,0,0,0,False,0,0.0,0.0,0.0
1790791997.206,23.3,64.0,0,32765,0.0,1.0,0,0,0,0,False,0,0.0,0.0,0.0
1790791998.206,34.2,64.1,0,0,0.0,0.0,1,0,0,1,False,0,0.0,0.0,0.0
1790791999.206,18.6,64.1,0,0,0.0,0.0,1,1,0,1,False,0,0.0,0.0,0.0
1790792000.206,17.9,64.1,0,315366,0.0,5.0,1,1,0,1,False,0,0.0,0.0,0.0
1790792001.206,17.0,64.1,0,131062,0.0,13.0,1,1,0,1,False,0,0.0,0.0,0.0
1790792002.207,19.4,64.0,0,53244,0.0,2.0,1,1,0,1,False,0,0.0,0.0,0.0
1790792003.207,17.6,64.0,0,335849,0.0,70.0,1,1,0,1,False,0,0.0,0.0,0.0
1790792004.207,14.9,63.3,0,49148,0.0,2.0,0,0,0,0,False,0,0.0,0.0,0.0
1790792005.207,6.4,63.2,0,475101,0.0,5.0,0,0,0,0,False,0,0.0,0.0,0.0
1790792006.207,6.4,63.3,0,0,0.0,0.0,0,0,0,0,False,0,0.0,0.0,0.0
1790792007.207,7.8,62.9,0,233454,0.0,3.0,0,0,0,0,False,0,0.0,0.0,0.0
1790792008.207,8.5,62.9,0,0,0.0,0.0,0,0,0,0,False,0,0.0,0.0,0.0
1790792009.207,7.8,62.8,0,0,0.0,0.0,0,0,0,0,False,0,0.0,0.0,0.0
1790792010.207,7.9,62.8,0,28670,0.0,1.0,0,0,0,0,False,0,0.0,0.0,0.0
1790792011.207,7.7,62.8,0,0,0.0,0.0,0,0,0,0,False,0,0.0,0.0,0.0
1790792012.207,7.7,62.8,0,49149,0.0,2.0,0,0,0,0,False,0,0.0,0.0,0.0
1790792013.207,8.3,62.8,0,0,0.0,0.0,0,0,0,0,False,0,0.0,0.0,0.0
1790792014.207,10.8,62.8,0,0,0.0,0.0,0,0,0,0,False,0,0.0,0.0,0.0
1790792015.207,8.0,62.7,0,0,0.0,0.0,0,0,0,0,False,0,0.0,0.0,0.0
1790792016.208,8.1,62.7,0,0,0.0,0.0,0,0,0,0,False,0,0.0,0.0,0.0
1790792017.208,8.0,62.7,0,61437,0.0,3.0,0,0,0,0,False,0,0.0,0.0,0.0
1790792018.208,8.0,62.7,0,0,0.0,0.0,0,0,0,0,False,0,0.0,0.0,0.0
1790792019.208,7.7,62.7,0,0,0.0,0.0,0,0,0,0,False,0,0.0,0.0,0.0
1790792020.208,7.2,62.7,0,17058514,0.0,132.0,0,0,0,0,False,0,0.0,0.0,0.0
1790792021.208,6.9,62.7,0,4096,0.0,1.0,0,0,0,0,False,0,0.0,0.0,0.0
1790792022.208,7.9,62.7,0,8191,0.0,2.0,0,0,0,0,False,0,0.0,0.0,0.0
1790792023.208,9.3,62.7,0,245743,0.0,9.0,0,0,0,0,False,0,0.0,0.0,0.0
1790792024.208,9.3,62.7,0,98297,0.0,2.0,0,0,0,0,False,0,0.0,0.0,0.0
1790792025.208,8.5,62.5,0,2666293,0.0,29.0,0,0,0,0,False,0,0.0,0.0,0.0
1790792026.208,9.3,62.5,0,0,0.0,0.0,0,0,0,0,False,0,0.0,0.0,0.0
1790792027.208,11.4,62.5,0,0,0.0,0.0,0,0,0,0,False,0,0.0,0.0,0.0
1790792028.208,7.8,62.5,0,0,0.0,0.0,0,0,0,0,False,0,0.0,0.0,0.0
1790792029.208,7.5,62.5,0,0,0.0,0.0,0,0,0,0,False,0,0.0,0.0,0.0
1790792030.209,7.6,62.5,0,0,0.0,0.0,0,0,0,0,False,0,0.0,0.0,0.0
1790792031.209,8.2,62.5,0,12287,0.0,2.0,0,0,0,0,False,0,0.0,0.0,0.0
1790792032.209,7.9,62.5,0,45053,0.0,3.0,0,0,0,0,False,0,0.0,0.0,0.0
1790792033.209,7.8,62.5,0,0,0.0,0.0,0,0,0,0,False,0,0.0,0.0,0.0
1790792034.209,11.8,62.8,0,0,0.0,0.0,0,0,0,0,False,0,0.0,0.0,0.0
1790792035.209,7.6,62.8,0,0,0.0,0.0,0,0,0,0,False,0,0.0,0.0,0.0
1790792036.209,8.2,62.8,0,0,0.0,0.0,0,0,0,0,False,0,0.0,0.0,0.0
1790792037.209,7.6,62.8,0,135158,0.0,10.0,0,0,0,0,False,0,0.0,0.0,0.0
1790792038.209,8.2,62.8,0,335848,0.0,64.0,0,0,0,0,False,0,0.0,0.0,0.0
1790792039.209,7.6,62.8,0,0,0.0,0.0,0,0,0,0,False,0,0.0,0.0,0.0
1790792040.209,7.3,62.8,0,0,0.0,0.0,0,0,0,0,False,0,0.0,0.0,0.0
1790792041.209,6.4,62.8,0,0,0.0,0.0,0,0,0,0,False,0,0.0,0.0,0.0
1790792042.209,6.3,62.8,0,0,0.0,0.0,0,0,0,0,False,0,0.0,0.0,0.0
1790792043.209,6.3,62.8,0,0,0.0,0.0,0,0,0,0,False,0,0.0,0.0,0.0
1790792044.210,6.8,62.8,0,28670,0.0,2.0,0,0,0,0,False,0,0.0,0.0,0.0
1790792045.210,7.4,62.8,0,790494,0.0,7.0,0,0,0,0,False,0,0.0,0.0,0.0
1790792046.210,8.0,62.8,0,4096,0.0,1.0,0,0,0,0,False,0,0.0,0.0,0.0
1790792047.210,7.5,62.8,0,0,0.0,0.0,0,0,0,0,False,0,0.0,0.0,0.0
1790792048.210,8.0,62.9,0,0,0.0,0.0,0,0,0,0,False,0,0.0,0.0,0.0
1790792049.210,8.1,63.1,0,126966,0.0,3.0,0,0,0,0,False,0,0.0,0.0,0.0
1790792050.210,9.2,63.4,0,1466239,0.0,14.0,0,0,0,0,False,0,0.0,0.0,0.0
1790792051.210,8.1,63.6,0,167924,0.0,14.0,0,0,0,0,False,0,0.0,0.0,0.0
1790792052.210,5.9,63.5,0,0,0.0,0.0,0,0,0,0,False,0,0.0,0.0,0.0
1790792053.210,6.0,63.5,0,53244,0.0,9.0,0,0,0,0,False,0,0.0,0.0,0.0
1790792054.210,8.9,63.4,0,12287,0.0,3.0,0,0,0,0,False,0,0.0,0.0,0.0
1790792055.210,6.2,63.4,0,0,0.0,0.0,0,0,0,0,False,0,0.0,0.0,0.0
1790792056.210,6.1,63.4,0,2391899,0.0,21.0,0,0,0,0,False,0,0.0,0.0,0.0
1790792057.210,6.1,63.4,0,0,0.0,0.0,0,0,0,0,False,0,0.0,0.0,0.0
1790792058.211,6.3,63.3,0,0,0.0,0.0,0,0,0,0,False,0,0.0,0.0,0.0
1790792059.211,6.3,63.3,0,0,0.0,0.0,0,0,0,0,False,0,0.0,0.0,0.0
1790792060.211,6.3,63.3,0,0,0.0,0.0,0,0,0,0,False,0,0.0,0.0,0.0
1790792061.211,6.2,63.3,0,0,0.0,0.0,0,0,0,0,False,0,0.0,0.0,0.0
1790792062.211,6.4,63.3,0,20478,0.0,2.0,0,0,0,0,False,0,0.0,0.0,0.0
1790792063.211,7.7,63.3,0,16383,0.0,1.0,0,0,0,0,False,0,0.0,0.0,0.0
1790792064.211,8.6,63.2,0,0,0.0,0.0,0,0,0,0,False,0,0.0,0.0,0.0
1790792065.211,7.8,63.2,0,0,0.0,0.0,0,0,0,0,False,0,0.0,0.0,0.0
1790792066.211,10.7,63.2,0,16383,0.0,1.0,0,0,0,0,False,0,0.0,0.0,0.0
1790792067.211,7.0,63.3,0,0,0.0,0.0,0,0,0,0,False,0,0.0,0.0,0.0
1790792068.211,6.5,63.3,0,0,0.0,0.0,0,0,0,0,False,0,0.0,0.0,0.0
1790792069.211,6.6,63.4,0,1277859,0.0,12.0,0,0,0,0,False,0,0.0,0.0,0.0
1790792070.211,6.3,63.3,0,225264,0.0,4.0,0,0,0,0,False,0,0.0,0.0,0.0
1790792071.212,6.1,63.3,0,0,0.0,0.0,0,0,0,0,False,0,0.0,0.0,0.0
1790792072.212,6.1,63.3,0,0,0.0,0.0,0,0,0,0,False,0,0.0,0.0,0.0
1790792073.212,6.0,63.3,0,0,0.0,0.0,0,0,0,0,False,0,0.0,0.0,0.0
1790792074.212,8.8,63.3,0,208882,0.0,43.0,0,0,0,0,False,0,0.0,0.0,0.0
1790792075.212,6.4,63.3,0,53244,0.0,2.0,0,0,0,0,False,0,0.0,0.0,0.0
1790792076.212,6.7,63.3,0,0,0.0,0.0,0,0,0,0,False,0,0.0,0.0,0.0
1790792077.212,6.6,63.3,0,0,0.0,0.0,0,0,0,0,False,0,0.0,0.0,0.0
1790792078.212,6.3,63.3,0,286700,0.0,34.0,0,0,0,0,False,0,0.0,0.0,0.0
1790792079.212,6.2,63.2,0,0,0.0,0.0,0,0,0,0,False,0,0.0,0.0,0.0
1790792080.212,8.1,63.0,0,0,0.0,0.0,0,0,0,0,False,0,0.0,0.0,0.0
1790792081.212,7.5,63.0,0,61436,0.0,3.0,0,0,0,0,False,0,0.0,0.0,0.0
1790792082.212,7.5,63.0,0,1343387,0.0,16.0,0,0,0,0,False,0,0.0,0.0,0.0
1790792083.212,7.7,63.0,0,4096,0.0,1.0,0,0,0,0,False,0,0.0,0.0,0.0
1790792084.212,8.3,63.1,0,0,0.0,0.0,0,0,0,0,False,0,0.0,0.0,0.0
1790792085.213,7.7,63.1,0,24574,0.0,4.0,0,0,0,0,False,0,0.0,0.0,0.0
1790792086.213,6.9,63.1,0,0,0.0,0.0,0,0,0,0,False,0,0.0,0.0,0.0
1790792087.213,6.2,63.1,0,2359128,0.0,26.0,0,0,0,0,False,0,0.0,0.0,0.0
1790792088.213,6.3,63.1,0,0,0.0,0.0,0,0,0,0,False,0,0.0,0.0,0.0
1790792089.213,6.1,63.1,0,0,0.0,0.0,0,0,0,0,False,0,0.0,0.0,0.0
1790792090.213,8.1,63.0,0,0,0.0,0.0,0,0,0,0,False,0,0.0,0.0,0.0
1790792091.213,6.3,63.0,0,0,0.0,0.0,0,0,0,0,False,0,0.0,0.0,0.0
1790792092.213,6.2,63.0,0,0,0.0,0.0,0,0,0,0,False,0,0.0,0.0,0.0
1790792093.213,7.2,63.2,0,0,0.0,0.0,0,0,0,0,False,0,0.0,0.0,0.0
1790792094.213,13.7,63.4,0,69627,0.0,3.0,0,0,0,0,False,0,0.0,0.0,0.0
1790792095.213,8.9,63.0,0,81914,0.0,3.0,0,0,0,0,False,0,0.0,0.0,0.0
1790792096.213,6.3,63.0,0,0,0.0,0.0,0,0,0,0,False,0,0.0,0.0,0.0
1790792097.213,6.4,62.9,0,0,0.0,0.0,0,0,0,0,False,0,0.0,0.0,0.0
1790792098.213,6.4,62.9,0,12287,0.0,3.0,0,0,0,0,False,0,0.0,0.0,0.0
1790792099.214,6.2,62.8,0,0,0.0,0.0,0,0,0,0,False,0,0.0,0.0,0.0
1790792100.214,6.1,62.8,0,856008,0.0,12.0,0,0,0,0,False,0,0.0,0.0,0.0
1790792101.214,6.2,62.8,0,0,0.0,0.0,0,0,0,0,False,0,0.0,0.0,0.0
1790792102.214,6.1,62.7,0,0,0.0,0.0,0,0,0,0,False,0,0.0,0.0,0.0
1790792103.214,6.3,62.7,0,0,0.0,0.0,0,0,0,0,False,0,0.0,0.0,0.0
1790792104.214,6.6,62.7,0,0,0.0,0.0,0,0,0,0,False,0,0.0,0.0,0.0
1790792105.214,6.7,62.7,0,0,0.0,0.0,0,0,0,0,False,0,0.0,0.0,0.0
1790792106.214,6.4,62.7,0,192498,0.0,44.0,0,0,0,0,False,0,0.0,0.0,0.0
1790792107.214,6.1,62.7,0,0,0.0,0.0,0,0,0,0,False,0,0.0,0.0,0.0
1790792108.214,6.3,62.9,0,45053,0.0,2.0,0,0,0,0,False,0,0.0,0.0,0.0
1790792109.214,6.3,62.9,0,0,0.0,0.0,0,0,0,0,False,0,0.0,0.0,0.0
1790792110.214,6.2,62.8,0,0,0.0,0.0,0,0,0,0,False,0,0.0,0.0,0.0
1790792111.214,6.1,62.8,0,0,0.0,0.0,0,0,0,0,False,0,0.0,0.0,0.0
1790792112.214,6.1,62.8,0,0,0.0,0.0,0,0,0,0,False,0,0.0,0.0,0.0
1790792113.215,6.3,62.8,0,90104,0.0,1.0,0,0,0,0,False,0,0.0,0.0,0.0
1790792114.215,6.8,62.8,0,0,0.0,0.0,0,0,0,0,False,0,0.0,0.0,0.0
1790792115.215,6.2,62.8,0,0,0.0,0.0,0,0,0,0,False,0,0.0,0.0,0.0
1790792116.215,8.2,62.8,0,61434,0.0,5.0,0,0,0,0,False,0,0.0,0.0,0.0
1790792117.215,6.3,62.7,0,0,0.0,0.0,0,0,0,0,False,0,0.0,0.0,0.0
1790792118.215,6.5,62.7,0,4194007,0.0,36.0,0,0,0,0,False,0,0.0,0.0,0.0
1790792119.215,6.4,62.7,0,0,0.0,0.0,0,0,0,0,False,0,0.0,0.0,0.0
1790792120.215,7.1,62.7,0,0,0.0,0.0,0,0,0,0,False,0,0.0,0.0,0.0
1790792121.215,7.5,62.7,0,237549,0.0,22.0,0,0,0,0,False,0,0.0,0.0,0.0
1790792122.215,7.8,62.7,0,0,0.0,0.0,0,0,0,0,False,0,0.0,0.0,0.0
1790792123.215,10.9,62.7,0,94202,0.0,10.0,0,0,0,0,False,0,0.0,0.0,0.0
1790792124.215,8.7,62.6,0,8191,0.0,2.0,0,0,0,0,False,0,0.0,0.0,0.0
1790792125.215,7.9,62.5,0,98297,0.0,11.0,0,0,0,0,False,0,0.0,0.0,0.0
1790792126.216,7.7,62.5,0,0,0.0,0.0,0,0,0,0,False,0,0.0,0.0,0.0
1790792127.216,7.8,62.5,0,0,0.0,0.0,0,0,0,0,False,0,0.0,0.0,0.0
1790792128.216,8.0,62.5,0,0,0.0,0.0,0,0,0,0,False,0,0.0,0.0,0.0
1790792129.216,7.9,62.5,0,53244,0.0,3.0,0,0,0,0,False,0,0.0,0.0,0.0
1790792130.216,7.9,62.5,0,0,0.0,0.0,0,0,0,0,False,0,0.0,0.0,0.0
1790792131.216,8.2,62.5,0,45053,0.0,2.0,0,0,0,0,False,0,0.0,0.0,0.0
1790792132.216,8.1,62.5,0,0,0.0,0.0,0,0,0,0,False,0,0.0,0.0,0.0
1790792133.216,8.0,62.5,0,1789828,0.0,17.0,0,0,0,0,False,0,0.0,0.0,0.0
1790792134.216,10.4,62.5,0,0,0.0,0.0,0,0,0,0,False,0,0.0,0.0,0.0
1790792135.216,10.8,62.7,0,0,0.0,0.0,0,0,0,0,False,0,0.0,0.0,0.0
1790792136.216,23.3,63.1,0,32766,0.0,1.0,0,0,0,0,False,0,0.0,0.0,0.0
1790792137.216,21.1,62.7,0,135158,0.0,4.0,0,0,0,0,False,0,0.0,0.0,0.0
1790792138.216,7.8,62.7,0,159733,0.0,35.0,0,0,0,0,False,0,0.0,0.0,0.0
1790792139.216,7.8,62.7,0,0,0.0,0.0,0,0,0,0,False,0,0.0,0.0,0.0
1790792140.217,7.5,62.7,0,1236891,0.0,10.0,0,0,0,0,False,0,0.0,0.0,0.0
1790792141.217,6.3,62.7,0,0,0.0,0.0,0,0,0,0,False,0,0.0,0.0,0.0
1790792142.217,6.4,62.7,0,196593,0.0,3.0,0,0,0,0,False,0,0.0,0.0,0.0
1790792143.217,6.5,62.7,0,0,0.0,0.0,0,0,0,0,False,0,0.0,0.0,0.0
1790792144.217,6.8,62.7,0,0,0.0,0.0,0,0,0,0,False,0,0.0,0.0,0.0
1790792145.217,6.5,62.6,0,0,0.0,0.0,0,0,0,0,False,0,0.0,0.0,0.0
1790792146.217,6.2,62.6,0,0,0.0,0.0,0,0,0,0,False,0,0.0,0.0,0.0
1790792147.217,6.3,62.6,0,0,0.0,0.0,0,0,0,0,False,0,0.0,0.0,0.0
1790792148.217,7.5,62.6,0,372709,0.0,13.0,0,0,0,0,False,0,0.0,0.0,0.0
1790792149.217,6.5,62.6,0,2162537,0.0,22.0,0,0,0,0,False,0,0.0,0.0,0.0
1790792150.217,10.3,62.9,16383,167924,1.0,15.0,0,0,0,0,False,0,0.0,0.0,0.0
1790792151.217,7.3,62.5,0,0,0.0,0.0,0,0,0,0,False,0,0.0,0.0,0.0
1790792152.217,8.3,62.7,0,241647,0.0,12.0,0,0,0,0,False,0,0.0,0.0,0.0
1790792153.218,6.4,62.8,0,0,0.0,0.0,0,0,0,0,False,0,0.0,0.0,0.0
1790792154.218,8.3,63.1,0,0,0.0,0.0,0,0,0,0,False,0,0.0,0.0,0.0
1790792155.218,6.3,63.0,0,16383,0.0,1.0,0,0,0,0,False,0,0.0,0.0,0.0
1790792156.218,6.1,63.0,0,135158,0.0,10.0,0,0,0,0,False,0,0.0,0.0,0.0
1790792157.218,6.0,63.0,0,0,0.0,0.0,0,0,0,0,False,0,0.0,0.0,0.0
1790792158.218,8.8,63.0,0,0,0.0,0.0,0,0,0,0,False,0,0.0,0.0,0.0
1790792159.218,6.6,63.0,0,12287,0.0,1.0,0,0,0,0,False,0,0.0,0.0,0.0
1790792160.218,6.3,63.0,0,417761,0.0,5.0,0,0,0,0,False,0,0.0,0.0,0.0
1790792161.218,6.3,63.0,0,0,0.0,0.0,0,0,0,0,False,0,0.0,0.0,0.0
1790792162.218,9.6,62.9,0,0,0.0,0.0,0,0,0,0,False,0,0.0,0.0,0.0
1790792163.218,6.4,62.9,0,0,0.0,0.0,0,0,0,0,False,0,0.0,0.0,0.0
1790792164.218,6.9,62.9,0,0,0.0,0.0,0,0,0,0,False,0,0.0,0.0,0.0
1790792165.218,6.3,62.9,0,823235,0.0,9.0,0,0,0,0,False,0,0.0,0.0,0.0
1790792166.218,6.4,62.8,0,0,0.0,0.0,0,0,0,0,False,0,0.0,0.0,0.0
1790792167.219,5.9,62.8,0,0,0.0,0.0,0,0,0,0,False,0,0.0,0.0,0.0
1790792168.219,6.3,62.8,0,0,0.0,0.0,0,0,0,0,False,0,0.0,0.0,0.0
1790792169.219,6.4,62.8,0,1150896,0.0,15.0,0,0,0,0,False,0,0.0,0.0,0.0
1790792170.219,6.4,62.8,0,1240998,0.0,11.0,0,0,0,0,False,0,0.0,0.0,0.0
1790792171.219,6.3,62.8,0,53244,0.0,2.0,0,0,0,0,False,0,0.0,0.0,0.0
1790792172.219,6.2,62.8,0,0,0.0,0.0,0,0,0,0,False,0,0.0,0.0,0.0
1790792173.219,8.4,62.6,0,274414,0.0,58.0,0,0,0,0,False,0,0.0,0.0,0.0
1790792174.219,7.0,62.6,0,0,0.0,0.0,0,0,0,0,False,0,0.0,0.0,0.0
1790792175.219,7.1,62.5,0,0,0.0,0.0,0,0,0,0,False,0,0.0,0.0,0.0
1790792176.219,6.7,62.5,0,69626,0.0,2.0,0,0,0,0,False,0,0.0,0.0,0.0
1790792177.219,6.6,62.5,0,0,0.0,0.0,0,0,0,0,False,0,0.0,0.0,0.0
1790792178.219,11.8,62.6,0,32764,0.0,1.0,0,0,0,0,False,0,0.0,0.0,0.0
1790792179.219,24.2,63.3,0,12287,0.0,3.0,0,0,0,0,False,0,0.0,0.0,0.0
1790792180.220,25.3,63.4,0,3280645,0.0,43.0,1,0,0,1,False,0,0.0,0.0,0.0
1790792181.220,14.6,63.1,0,0,0.0,0.0,1,1,0,1,False,0,0.0,0.0,0.0
1790792182.220,13.9,63.1,0,0,0.0,0.0,1,1,0,1,False,0,0.0,0.0,0.0
1790792183.220,13.7,63.2,0,0,0.0,0.0,1,1,0,1,False,0,0.0,0.0,0.0
1790792184.220,17.4,63.0,135158,110584,3.0,3.0,1,1,0,1,False,0,0.0,0.0,0.0
1790792185.220,15.2,63.1,0,1695615,0.0,17.0,1,1,0,1,False,0,0.0,0.0,0.0
1790792186.220,9.9,62.2,0,65531,0.0,3.0,0,0,0,0,False,0,0.0,0.0,0.0
1790792187.220,6.2,62.2,0,0,0.0,0.0,0,0,0,0,False,0,0.0,0.0,0.0
1790792188.220,6.5,62.2,0,0,0.0,0.0,0,0,0,0,False,0,0.0,0.0,0.0
1790792189.220,6.5,62.2,0,1101732,0.0,19.0,0,0,0,0,False,0,0.0,0.0,0.0
1790792190.220,6.4,62.2,0,397284,0.0,5.0,0,0,0,0,False,0,0.0,0.0,0.0
1790792191.220,9.7,62.2,0,0,0.0,0.0,0,0,0,0,False,0,0.0,0.0,0.0
1790792192.220,6.4,62.2,0,0,0.0,0.0,0,0,0,0,False,0,0.0,0.0,0.0
1790792193.220,6.5,62.1,0,0,0.0,0.0,0,0,0,0,False,0,0.0,0.0,0.0
1790792194.221,6.8,62.1,0,0,0.0,0.0,0,0,0,0,False,0,0.0,0.0,0.0
1790792195.221,6.3,62.1,0,65534,0.0,2.0,0,0,0,0,False,0,0.0,0.0,0.0
1790792196.221,6.5,62.1,0,0,0.0,0.0,0,0,0,0,False,0,0.0,0.0,0.0
1790792197.221,6.4,62.1,0,0,0.0,0.0,0,0,0,0,False,0,0.0,0.0,0.0
1790792198.221,6.3,62.1,0,0,0.0,0.0,0,0,0,0,False,0,0.0,0.0,0.0
1790792199.221,6.4,62.1,0,0,0.0,0.0,0,0,0,0,False,0,0.0,0.0,0.0
1790792200.221,6.3,62.1,0,0,0.0,0.0,0,0,0,0,False,0,0.0,0.0,0.0
1790792201.221,6.3,62.1,0,0,0.0,0.0,0,0,0,0,False,0,0.0,0.0,0.0
1790792202.221,6.4,62.1,0,40957,0.0,2.0,0,0,0,0,False,0,0.0,0.0,0.0
1790792203.221,6.7,62.1,0,0,0.0,0.0,0,0,0,0,False,0,0.0,0.0,0.0
1790792204.221,9.0,62.1,0,0,0.0,0.0,0,0,0,0,False,0,0.0,0.0,0.0
1790792205.221,6.5,62.1,0,0,0.0,0.0,0,0,0,0,False,0,0.0,0.0,0.0
1790792206.221,6.3,62.1,0,397284,0.0,76.0,0,0,0,0,False,0,0.0,0.0,0.0
1790792207.221,6.6,62.2,0,0,0.0,0.0,0,0,0,0,False,0,0.0,0.0,0.0
1790792208.222,6.4,62.2,0,0,0.0,0.0,0,0,0,0,False,0,0.0,0.0,0.0
1790792209.222,6.4,62.1,0,0,0.0,0.0,0,0,0,0,False,0,0.0,0.0,0.0
1790792210.222,6.4,62.1,0,245742,0.0,9.0,0,0,0,0,False,0,0.0,0.0,0.0
1790792211.222,6.4,62.1,0,2674489,0.0,29.0,0,0,0,0,False,0,0.0,0.0,0.0
1790792212.222,6.3,62.1,0,94201,0.0,5.0,0,0,0,0,False,0,0.0,0.0,0.0
1790792213.222,6.4,62.1,0,0,0.0,0.0,0,0,0,0,False,0,0.0,0.0,0.0
1790792214.222,10.6,62.2,0,0,0.0,0.0,0,0,0,0,False,0,0.0,0.0,0.0
1790792215.222,6.7,62.2,0,0,0.0,0.0,0,0,0,0,False,0,0.0,0.0,0.0
1790792216.222,6.6,62.2,0,0,0.0,0.0,0,0,0,0,False,0,0.0,0.0,0.0
1790792217.222,6.4,62.2,0,86010,0.0,5.0,0,0,0,0,False,0,0.0,0.0,0.0
1790792218.222,6.5,62.2,0,0,0.0,0.0,0,0,0,0,False,0,0.0,0.0,0.0
1790792219.222,7.3,62.2,0,212976,0.0,4.0,0,0,0,0,False,0,0.0,0.0,0.0
1790792220.222,10.1,62.2,0,0,0.0,0.0,0,0,0,0,False,0,0.0,0.0,0.0
1790792221.222,6.9,62.2,0,0,0.0,0.0,0,0,0,0,False,0,0.0,0.0,0.0
1790792222.223,6.9,62.2,0,0,0.0,0.0,0,0,0,0,False,0,0.0,0.0,0.0
1790792223.223,6.4,62.2,0,0,0.0,0.0,0,0,0,0,False,0,0.0,0.0,0.0
1790792224.223,7.0,62.2,0,53244,0.0,2.0,0,0,0,0,False,0,0.0,0.0,0.0
1790792225.223,6.3,62.2,0,802758,0.0,10.0,0,0,0,0,False,0,0.0,0.0,0.0
1790792226.223,6.4,62.2,0,4096,0.0,1.0,0,0,0,0,False,0,0.0,0.0,0.0
1790792227.223,6.3,62.2,0,0,0.0,0.0,0,0,0,0,False,0,0.0,0.0,0.0
1790792228.223,6.4,62.2,0,0,0.0,0.0,0,0,0,0,False,0,0.0,0.0,0.0
1790792229.223,9.8,62.3,0,0,0.0,0.0,0,0,0,0,False,0,0.0,0.0,0.0
1790792230.223,6.6,62.3,0,0,0.0,0.0,0,0,0,0,False,0,0.0,0.0,0.0
1790792231.223,8.7,62.6,0,77819,0.0,3.0,0,0,0,0,False,0,0.0,0.0,0.0
1790792232.223,8.8,62.8,0,0,0.0,0.0,0,0,0,0,False,0,0.0,0.0,0.0
1790792233.223,8.5,62.9,0,163828,0.0,12.0,0,0,0,0,False,0,0.0,0.0,0.0
1790792234.223,7.0,62.9,0,0,0.0,0.0,0,0,0,0,False,0,0.0,0.0,0.0
1790792235.223,6.6,62.9,0,0,0.0,0.0,0,0,0,0,False,0,0.0,0.0,0.0
1790792236.224,6.7,62.8,0,90105,0.0,11.0,0,0,0,0,False,0,0.0,0.0,0.0
1790792237.224,6.8,62.8,0,0,0.0,0.0,0,0,0,0,False,0,0.0,0.0,0.0
1790792238.224,6.6,62.8,0,0,0.0,0.0,0,0,0,0,False,0,0.0,0.0,0.0
1790792239.224,7.0,62.8,0,0,0.0,0.0,0,0,0,0,False,0,0.0,0.0,0.0
1790792240.224,6.6,62.8,0,0,0.0,0.0,0,0,0,0,False,0,0.0,0.0,0.0
1790792241.224,6.3,62.7,0,2416470,0.0,25.0,0,0,0,0,False,0,0.0,0.0,0.0
1790792242.224,8.0,62.7,0,196593,0.0,39.0,0,0,0,0,False,0,0.0,0.0,0.0
1790792243.224,6.6,62.7,0,0,0.0,0.0,0,0,0,0,False,0,0.0,0.0,0.0
1790792244.224,7.1,62.7,0,0,0.0,0.0,0,0,0,0,False,0,0.0,0.0,0.0
1790792245.224,6.4,62.7,0,24574,0.0,2.0,0,0,0,0,False,0,0.0,0.0,0.0
1790792246.224,7.1,62.7,0,0,0.0,0.0,0,0,0,0,False,0,0.0,0.0,0.0
1790792247.224,6.3,62.7,0,16383,0.0,1.0,0,0,0,0,False,0,0.0,0.0,0.0
1790792248.224,6.3,62.7,0,0,0.0,0.0,0,0,0,0,False,0,0.0,0.0,0.0
1790792249.224,8.9,62.7,0,0,0.0,0.0,0,0,0,0,False,0,0.0,0.0,0.0
1790792250.225,6.8,62.7,0,0,0.0,0.0,0,0,0,0,False,0,0.0,0.0,0.0
1790792251.225,6.1,62.7,0,0,0.0,0.0,0,0,0,0,False,0,0.0,0.0,0.0
1790792252.225,7.2,62.5,0,16383,0.0,2.0,0,0,0,0,False,0,0.0,0.0,0.0
1790792253.225,6.8,62.5,0,12287,0.0,3.0,0,0,0,0,False,0,0.0,0.0,0.0
1790792254.225,7.1,62.5,0,0,0.0,0.0,0,0,0,0,False,0,0.0,0.0,0.0
1790792255.225,6.3,62.5,0,0,0.0,0.0,0,0,0,0,False,0,0.0,0.0,0.0
1790792256.225,6.3,62.5,0,0,0.0,0.0,0,0,0,0,False,0,0.0,0.0,0.0
1790792257.225,6.4,62.5,0,45053,0.0,2.0,0,0,0,0,False,0,0.0,0.0,0.0
1790792258.225,9.8,62.5,0,0,0.0,0.0,0,0,0,0,False,0,0.0,0.0,0.0
1790792259.225,6.4,62.5,0,0,0.0,0.0,0,0,0,0,False,0,0.0,0.0,0.0
1790792260.225,6.3,62.5,0,0,0.0,0.0,0,0,0,0,False,0,0.0,0.0,0.0
1790792261.225,9.2,62.2,0,167924,0.0,19.0,0,0,0,0,False,0,0.0,0.0,0.0
1790792262.225,7.2,61.8,0,274412,0.0,8.0,0,0,0,0,False,0,0.0,0.0,0.0
1790792263.225,7.6,61.8,0,0,0.0,0.0,0,0,0,0,False,0,0.0,0.0,0.0
1790792264.226,8.2,61.8,0,0,0.0,0.0,0,0,0,0,False,0,0.0,0.0,0.0
1790792265.226,7.4,61.8,0,0,0.0,0.0,0,0,0,0,False,0,0.0,0.0,0.0
1790792266.226,7.4,61.8,0,0,0.0,0.0,0,0,0,0,False,0,0.0,0.0,0.0
1790792267.226,7.6,61.8,0,1380254,0.0,13.0,0,0,0,0,False,0,0.0,0.0,0.0
1790792268.226,6.8,62.0,0,0,0.0,0.0,0,0,0,0,False,0,0.0,0.0,0.0
1790792269.226,7.2,62.0,0,0,0.0,0.0,0,0,0,0,False,0,0.0,0.0,0.0
1790792270.226,6.2,62.0,0,0,0.0,0.0,0,0,0,0,False,0,0.0,0.0,0.0
1790792271.226,7.0,62.0,0,0,0.0,0.0,0,0,0,0,False,0,0.0,0.0,0.0
1790792272.226,9.7,62.0,0,2686789,0.0,32.0,0,0,0,0,False,0,0.0,0.0,0.0
1790792273.226,7.7,62.0,0,0,0.0,0.0,0,0,0,0,False,0,0.0,0.0,0.0
1790792274.226,9.8,62.2,0,28670,0.0,2.0,0,0,0,0,False,0,0.0,0.0,0.0
1790792275.226,8.0,62.4,0,0,0.0,0.0,0,0,0,0,False,0,0.0,0.0,0.0
1790792276.226,6.8,62.4,0,102393,0.0,23.0,0,0,0,0,False,0,0.0,0.0,0.0
1790792277.226,8.9,62.3,0,0,0.0,0.0,0,0,0,0,False,0,0.0,0.0,0.0
1790792278.227,12.6,63.0,0,118774,0.0,4.0,0,0,0,0,False,0,0.0,0.0,0.0
1790792279.227,8.7,63.1,0,90105,0.0,6.0,0,0,0,0,False,0,0.0,0.0,0.0
1790792280.227,8.9,63.0,0,221168,0.0,15.0,0,0,0,0,False,0,0.0,0.0,0.0
1790792281.227,7.6,63.0,0,0,0.0,0.0,0,0,0,0,False,0,0.0,0.0,0.0
1790792282.227,7.5,63.0,0,172020,0.0,14.0,0,0,0,0,False,0,0.0,0.0,0.0
1790792283.227,9.7,63.0,0,0,0.0,0.0,0,0,0,0,False,0,0.0,0.0,0.0
1790792284.227,11.3,62.8,0,0,0.0,0.0,0,0,0,0,False,0,0.0,0.0,0.0
1790792285.227,7.5,62.8,0,0,0.0,0.0,0,0,0,0,False,0,0.0,0.0,0.0
1790792286.227,7.7,62.8,0,0,0.0,0.0,0,0,0,0,False,0,0.0,0.0,0.0
1790792287.227,6.6,62.7,0,4096,0.0,1.0,0,0,0,0,False,0,0.0,0.0,0.0
1790792288.227,8.5,62.7,0,1675143,0.0,18.0,0,0,0,0,False,0,0.0,0.0,0.0
1790792289.227,9.3,62.7,0,0,0.0,0.0,0,0,0,0,False,0,0.0,0.0,0.0
1790792290.227,7.7,62.7,0,1109936,0.0,17.0,0,0,0,0,False,0,0.0,0.0,0.0
1790792291.227,7.7,62.7,0,0,0.0,0.0,0,0,0,0,False,0,0.0,0.0,0.0
1790792292.228,9.0,62.7,0,0,0.0,0.0,0,0,0,0,False,0,0.0,0.0,0.0
1790792293.228,7.8,62.7,0,0,0.0,0.0,0,0,0,0,False,0,0.0,0.0,0.0
1790792294.228,7.7,62.7,0,0,0.0,0.0,0,0,0,0,False,0,0.0,0.0,0.0
1790792295.228,9.4,62.7,0,0,0.0,0.0,0,0,0,0,False,0,0.0,0.0,0.0
1790792296.228,7.2,62.7,0,0,0.0,0.0,0,0,0,0,False,0,0.0,0.0,0.0
1790792297.228,7.4,62.7,0,0,0.0,0.0,0,0,0,0,False,0,0.0,0.0,0.0
1790792298.228,7.6,62.7,0,0,0.0,0.0,0,0,0,0,False,0,0.0,0.0,0.0
1790792299.228,7.9,62.7,0,0,0.0,0.0,0,0,0,0,False,0,0.0,0.0,0.0
1790792300.228,7.8,62.7,0,0,0.0,0.0,0,0,0,0,False,0,0.0,0.0,0.0
1790792301.228,9.2,62.7,0,0,0.0,0.0,0,0,0,0,False,0,0.0,0.0,0.0
1790792302.228,9.4,62.7,0,16383,0.0,2.0,0,0,0,0,False,0,0.0,0.0,0.0
1790792303.228,8.1,62.7,0,2404183,0.0,24.0,0,0,0,0,False,0,0.0,0.0,0.0
1790792304.228,9.9,62.6,0,0,0.0,0.0,0,0,0,0,False,0,0.0,0.0,0.0
1790792305.229,8.0,62.6,0,143350,0.0,9.0,0,0,0,0,False,0,0.0,0.0,0.0
1790792306.229,7.6,62.6,0,0,0.0,0.0,0,0,0,0,False,0,0.0,0.0,0.0
1790792307.229,7.6,62.7,0,57339,0.0,3.0,0,0,0,0,False,0,0.0,0.0,0.0
1790792308.229,7.5,62.3,0,630740,0.0,23.0,0,0,0,0,False,0,0.0,0.0,0.0
1790792309.229,7.3,62.3,0,323561,0.0,54.0,0,0,0,0,False,0,0.0,0.0,0.0
1790792310.229,6.5,62.3,0,0,0.0,0.0,0,0,0,0,False,0,0.0,0.0,0.0
1790792311.229,6.7,62.3,0,0,0.0,0.0,0,0,0,0,False,0,0.0,0.0,0.0
1790792312.229,12.6,62.4,57340,45053,2.0,2.0,0,0,0,0,False,0,0.0,0.0,0.0
1790792313.229,7.6,62.3,0,1503122,0.0,25.0,0,0,0,0,False,0,0.0,0.0,0.0
1790792314.229,7.0,62.2,0,0,0.0,0.0,0,0,0,0,False,0,0.0,0.0,0.0
1790792315.229,8.1,62.4,0,0,0.0,0.0,0,0,0,0,False,0,0.0,0.0,0.0
1790792316.229,7.4,62.4,0,0,0.0,0.0,0,0,0,0,False,0,0.0,0.0,0.0
1790792317.229,6.5,62.3,0,0,0.0,0.0,0,0,0,0,False,0,0.0,0.0,0.0
1790792318.229,7.4,62.3,0,0,0.0,0.0,0,0,0,0,False,0,0.0,0.0,0.0
1790792319.230,7.7,62.3,0,73722,0.0,2.0,0,0,0,0,False,0,0.0,0.0,0.0
1790792320.230,7.6,62.3,0,32767,0.0,3.0,0,0,0,0,False,0,0.0,0.0,0.0
1790792321.230,7.8,62.3,0,0,0.0,0.0,0,0,0,0,False,0,0.0,0.0,0.0
1790792322.230,11.7,62.3,0,0,0.0,0.0,0,0,0,0,False,0,0.0,0.0,0.0
1790792323.230,11.4,62.3,0,0,0.0,0.0,0,0,0,0,False,0,0.0,0.0,0.0
1790792324.230,10.5,62.3,0,659406,0.0,6.0,0,0,0,0,False,0,0.0,0.0,0.0
1790792325.230,7.6,62.3,0,0,0.0,0.0,0,0,0,0,False,0,0.0,0.0,0.0
1790792326.230,6.7,62.3,0,32766,0.0,2.0,0,0,0,0,False,0,0.0,0.0,0.0
1790792327.230,7.7,62.4,0,0,0.0,0.0,0,0,0,0,False,0,0.0,0.0,0.0
1790792328.230,6.6,62.4,0,0,0.0,0.0,0,0,0,0,False,0,0.0,0.0,0.0
1790792329.230,7.3,62.4,0,0,0.0,0.0,0,0,0,0,False,0,0.0,0.0,0.0
1790792330.230,8.2,62.4,0,192498,0.0,4.0,0,0,0,0,False,0,0.0,0.0,0.0
1790792331.230,7.7,62.3,0,0,0.0,0.0,0,0,0,0,False,0,0.0,0.0,0.0
1790792332.230,6.8,62.3,0,0,0.0,0.0,0,0,0,0,False,0,0.0,0.0,0.0
1790792333.231,11.0,62.2,0,2793243,0.0,29.0,0,0,0,0,False,0,0.0,0.0,0.0
1790792334.231,8.8,62.2,0,24574,0.0,4.0,0,0,0,0,False,0,0.0,0.0,0.0
1790792335.231,8.1,62.2,0,0,0.0,0.0,0,0,0,0,False,0,0.0,0.0,0.0
1790792336.231,9.0,62.1,0,49148,0.0,2.0,0,0,0,0,False,0,0.0,0.0,0.0
1790792337.231,10.0,62.2,0,45053,0.0,2.0,0,0,0,0,False,0,0.0,0.0,0.0
1790792338.231,9.4,62.2,0,0,0.0,0.0,0,0,0,0,False,0,0.0,0.0,0.0
1790792339.231,6.6,62.2,0,0,0.0,0.0,0,0,0,0,False,0,0.0,0.0,0.0
1790792340.231,6.4,62.2,0,1335202,0.0,13.0,0,0,0,0,False,0,0.0,0.0,0.0
1790792341.231,6.1,62.2,0,0,0.0,0.0,0,0,0,0,False,0,0.0,0.0,0.0
1790792342.231,6.6,62.1,0,102393,0.0,2.0,0,0,0,0,False,0,0.0,0.0,0.0
1790792343.231,7.8,62.2,0,0,0.0,0.0,0,0,0,0,False,0,0.0,0.0,0.0
1790792344.231,8.2,62.2,0,217072,0.0,48.0,0,0,0,0,False,0,0.0,0.0,0.0
1790792345.231,7.0,62.1,0,4096,0.0,1.0,0,0,0,0,False,0,0.0,0.0,0.0
1790792346.231,6.3,62.1,0,0,0.0,0.0,0,0,0,0,False,0,0.0,0.0,0.0
1790792347.232,6.4,62.1,0,0,0.0,0.0,0,0,0,0,False,0,0.0,0.0,0.0
1790792348.232,6.6,62.2,0,0,0.0,0.0,0,0,0,0,False,0,0.0,0.0,0.0
1790792349.232,11.1,62.7,0,188403,0.0,6.0,0,0,0,0,False,0,0.0,0.0,0.0
1790792350.232,6.9,63.0,0,94201,0.0,6.0,0,0,0,0,False,0,0.0,0.0,0.0
1790792351.232,10.8,62.9,0,69627,0.0,6.0,0,0,0,0,False,0,0.0,0.0,0.0
1790792352.232,6.3,62.9,0,0,0.0,0.0,0,0,0,0,False,0,0.0,0.0,0.0
1790792353.232,6.2,62.9,0,0,0.0,0.0,0,0,0,0,False,0,0.0,0.0,0.0
1790792354.232,7.0,63.0,0,0,0.0,0.0,0,0,0,0,False,0,0.0,0.0,0.0
1790792355.232,6.3,63.0,0,8191,0.0,2.0,0,0,0,0,False,0,0.0,0.0,0.0
1790792356.232,6.2,63.0,0,16383,0.0,2.0,0,0,0,0,False,0,0.0,0.0,0.0
1790792357.232,6.2,63.0,0,0,0.0,0.0,0,0,0,0,False,0,0.0,0.0,0.0
1790792358.232,6.4,62.9,0,0,0.0,0.0,0,0,0,0,False,0,0.0,0.0,0.0
1790792359.232,12.6,51.9,159732,0,3.0,0.0,0,0,0,0,False,0,0.0,0.0,0.0
1790792360.233,6.6,51.8,0,0,0.0,0.0,0,0,0,0,False,0,0.0,0.0,0.0
1790792361.233,6.4,51.8,0,0,0.0,0.0,0,0,0,0,False,0,0.0,0.0,0.0
1790792362.233,8.9,51.7,0,0,0.0,0.0,0,0,0,0,False,0,0.0,0.0,0.0
1790792363.233,6.4,51.7,0,0,0.0,0.0,0,0,0,0,False,0,0.0,0.0,0.0
1790792364.233,6.8,51.7,0,2551596,0.0,24.0,0,0,0,0,False,0,0.0,0.0,0.0
1790792365.233,6.0,51.6,0,12287,0.0,3.0,0,0,0,0,False,0,0.0,0.0,0.0
1790792366.233,6.1,51.6,0,0,0.0,0.0,0,0,0,0,False,0,0.0,0.0,0.0
1790792367.233,5.7,51.6,0,0,0.0,0.0,0,0,0,0,False,0,0.0,0.0,0.0
1790792368.233,6.2,51.6,0,0,0.0,0.0,0,0,0,0,False,0,0.0,0.0,0.0
1790792369.233,6.2,51.6,0,1236904,0.0,10.0,0,0,0,0,False,0,0.0,0.0,0.0
1790792370.233,6.1,51.6,0,16383,0.0,1.0,0,0,0,0,False,0,0.0,0.0,0.0
1790792371.233,6.4,51.6,0,0,0.0,0.0,0,0,0,0,False,0,0.0,0.0,0.0
1790792372.233,6.0,51.6,0,69627,0.0,2.0,0,0,0,0,False,0,0.0,0.0,0.0
1790792373.233,6.0,51.6,0,0,0.0,0.0,0,0,0,0,False,0,0.0,0.0,0.0
1790792374.234,9.0,51.3,0,0,0.0,0.0,0,0,0,0,False,0,0.0,0.0,0.0
1790792375.234,6.6,51.3,0,0,0.0,0.0,0,0,0,0,False,0,0.0,0.0,0.0
1790792376.234,6.5,51.3,0,0,0.0,0.0,0,0,0,0,False,0,0.0,0.0,0.0
1790792377.234,6.6,51.3,0,32766,0.0,2.0,0,0,0,0,False,0,0.0,0.0,0.0
1790792378.234,6.4,51.3,0,278504,0.0,33.0,0,0,0,0,False,0,0.0,0.0,0.0
1790792379.234,7.4,50.8,0,32766,0.0,5.0,0,0,0,0,False,0,0.0,0.0,0.0
1790792380.234,9.6,50.8,0,278508,0.0,58.0,0,0,0,0,False,0,0.0,0.0,0.0
1790792381.234,7.1,50.8,0,0,0.0,0.0,0,0,0,0,False,0,0.0,0.0,0.0
1790792382.234,8.7,51.4,0,122871,0.0,4.0,0,0,0,0,False,0,0.0,0.0,0.0
1790792383.234,7.0,51.4,0,0,0.0,0.0,0,0,0,0,False,0,0.0,0.0,0.0
1790792384.234,9.0,51.4,0,0,0.0,0.0,0,0,0,0,False,0,0.0,0.0,0.0
1790792385.234,6.5,51.4,0,1314701,0.0,11.0,0,0,0,0,False,0,0.0,0.0,0.0
1790792386.234,6.6,51.3,0,0,0.0,0.0,0,0,0,0,False,0,0.0,0.0,0.0
1790792387.234,6.4,51.3,0,0,0.0,0.0,0,0,0,0,False,0,0.0,0.0,0.0
1790792388.235,6.6,51.3,0,81914,0.0,2.0,0,0,0,0,False,0,0.0,0.0,0.0
1790792389.235,7.2,51.2,0,0,0.0,0.0,0,0,0,0,False,0,0.0,0.0,0.0
1790792390.235,8.1,51.2,0,0,0.0,0.0,0,0,0,0,False,0,0.0,0.0,0.0
1790792391.235,6.4,51.2,0,8191,0.0,1.0,0,0,0,0,False,0,0.0,0.0,0.0
1790792392.235,6.5,51.2,0,200685,0.0,4.0,0,0,0,0,False,0,0.0,0.0,0.0
1790792393.235,7.6,51.3,0,0,0.0,0.0,0,0,0,0,False,0,0.0,0.0,0.0
1790792394.235,7.5,51.3,0,0,0.0,0.0,0,0,0,0,False,0,0.0,0.0,0.0
1790792395.235,13.0,52.1,0,3178272,0.0,35.0,0,0,0,0,False,0,0.0,0.0,0.0
1790792396.235,8.7,52.3,0,233455,0.0,22.0,0,0,0,0,False,0,0.0,0.0,0.0
1790792397.235,6.7,52.3,0,0,0.0,0.0,0,0,0,0,False,0,0.0,0.0,0.0
1790792398.235,7.0,52.3,0,0,0.0,0.0,0,0,0,0,False,0,0.0,0.0,0.0
1790792399.235,6.9,52.3,0,12287,0.0,3.0,0,0,0,0,False,0,0.0,0.0,0.0
1790792400.235,6.7,52.2,0,0,0.0,0.0,0,0,0,0,False,0,0.0,0.0,0.0
1790792401.236,6.6,52.2,0,16383,0.0,1.0,0,0,0,0,False,0,0.0,0.0,0.0
1790792402.236,6.4,52.0,0,0,0.0,0.0,0,0,0,0,False,0,0.0,0.0,0.0
1790792403.236,6.4,52.0,0,24574,0.0,2.0,0,0,0,0,False,0,0.0,0.0,0.0
1790792404.236,9.7,52.0,61436,0,9.0,0.0,0,0,0,0,False,0,0.0,0.0,0.0
1790792405.236,6.3,51.9,0,0,0.0,0.0,0,0,0,0,False,0,0.0,0.0,0.0
1790792406.236,6.7,51.9,0,0,0.0,0.0,0,0,0,0,False,0,0.0,0.0,0.0
1790792407.236,6.3,51.8,0,0,0.0,0.0,0,0,0,0,False,0,0.0,0.0,0.0
1790792408.236,6.5,51.8,0,2178918,0.0,21.0,0,0,0,0,False,0,0.0,0.0,0.0
1790792409.236,6.4,51.8,0,122870,0.0,13.0,0,0,0,0,False,0,0.0,0.0,0.0
1790792410.236,7.1,51.8,0,4096,0.0,1.0,0,0,0,0,False,0,0.0,0.0,0.0
1790792411.236,7.8,51.8,0,0,0.0,0.0,0,0,0,0,False,0,0.0,0.0,0.0
1790792412.236,7.1,51.7,0,335849,0.0,69.0,0,0,0,0,False,0,0.0,0.0,0.0
1790792413.236,6.2,51.7,0,90106,0.0,1.0,0,0,0,0,False,0,0.0,0.0,0.0
1790792414.236,6.8,51.7,0,237551,0.0,4.0,0,0,0,0,False,0,0.0,0.0,0.0
1790792415.237,6.3,51.7,0,53244,0.0,1.0,0,0,0,0,False,0,0.0,0.0,0.0
1790792416.237,6.1,51.7,0,0,0.0,0.0,0,0,0,0,False,0,0.0,0.0,0.0
1790792417.237,6.1,51.7,0,0,0.0,0.0,0,0,0,0,False,0,0.0,0.0,0.0
1790792418.237,6.2,51.7,0,1236908,0.0,10.0,0,0,0,0,False,0,0.0,0.0,0.0
1790792419.237,10.7,51.7,0,98297,0.0,2.0,0,0,0,0,False,0,0.0,0.0,0.0
1790792420.237,7.7,51.7,0,0,0.0,0.0,0,0,0,0,False,0,0.0,0.0,0.0
1790792421.237,8.2,51.7,0,4096,0.0,1.0,0,0,0,0,False,0,0.0,0.0,0.0
1790792422.237,6.3,51.7,0,0,0.0,0.0,0,0,0,0,False,0,0.0,0.0,0.0
1790792423.237,6.1,51.7,0,303083,0.0,33.0,0,0,0,0,False,0,0.0,0.0,0.0
1790792424.237,6.6,51.7,0,0,0.0,0.0,0,0,0,0,False,0,0.0,0.0,0.0
1790792425.237,6.8,51.5,0,0,0.0,0.0,0,0,0,0,False,0,0.0,0.0,0.0
1790792426.237,6.7,51.5,0,2379607,0.0,28.0,0,0,0,0,False,0,0.0,0.0,0.0
1790792427.237,6.8,51.4,0,0,0.0,0.0,0,0,0,0,False,0,0.0,0.0,0.0
1790792428.237,7.9,51.4,0,12287,0.0,3.0,0,0,0,0,False,0,0.0,0.0,0.0
1790792429.238,9.2,51.4,0,0,0.0,0.0,0,0,0,0,False,0,0.0,0.0,0.0
1790792430.238,6.1,51.4,0,0,0.0,0.0,0,0,0,0,False,0,0.0,0.0,0.0
1790792431.238,6.2,51.4,0,1355679,0.0,14.0,0,0,0,0,False,0,0.0,0.0,0.0
1790792432.238,8.1,51.3,0,16383,0.0,1.0,0,0,0,0,False,0,0.0,0.0,0.0
1790792433.238,6.1,51.3,0,0,0.0,0.0,0,0,0,0,False,0,0.0,0.0,0.0
1790792434.238,6.8,51.3,0,0,0.0,0.0,0,0,0,0,False,0,0.0,0.0,0.0
1790792435.238,6.3,51.3,0,8191,0.0,1.0,0,0,0,0,False,0,0.0,0.0,0.0
1790792436.238,7.0,51.3,0,53244,0.0,2.0,0,0,0,0,False,0,0.0,0.0,0.0
1790792437.238,6.3,51.3,0,0,0.0,0.0,0,0,0,0,False,0,0.0,0.0,0.0
1790792438.238,6.1,51.3,0,0,0.0,0.0,0,0,0,0,False,0,0.0,0.0,0.0
1790792439.238,6.4,51.3,0,0,0.0,0.0,0,0,0,0,False,0,0.0,0.0,0.0
1790792440.238,6.4,51.3,0,1236904,0.0,10.0,0,0,0,0,False,0,0.0,0.0,0.0
1790792441.238,6.4,51.3,0,0,0.0,0.0,0,0,0,0,False,0,0.0,0.0,0.0
1790792442.238,7.7,51.3,0,0,0.0,0.0,0,0,0,0,False,0,0.0,0.0,0.0
1790792443.239,9.4,51.3,0,0,0.0,0.0,0,0,0,0,False,0,0.0,0.0,0.0
1790792444.239,7.0,51.3,0,0,0.0,0.0,0,0,0,0,False,0,0.0,0.0,0.0
1790792445.239,6.3,51.3,0,311273,0.0,49.0,0,0,0,0,False,0,0.0,0.0,0.0
1790792446.239,6.3,51.3,0,45053,0.0,1.0,0,0,0,0,False,0,0.0,0.0,0.0
1790792447.239,6.4,51.3,0,0,0.0,0.0,0,0,0,0,False,0,0.0,0.0,0.0
1790792448.239,6.3,51.3,0,204785,0.0,4.0,0,0,0,0,False,0,0.0,0.0,0.0
1790792449.239,9.7,51.3,0,0,0.0,0.0,0,0,0,0,False,0,0.0,0.0,0.0
1790792450.239,11.0,51.7,0,0,0.0,0.0,0,0,0,0,False,0,0.0,0.0,0.0
1790792451.239,6.9,51.5,0,0,0.0,0.0,0,0,0,0,False,0,0.0,0.0,0.0
1790792452.239,8.4,51.7,0,237551,0.0,12.0,0,0,0,0,False,0,0.0,0.0,0.0
1790792453.239,6.4,51.6,0,0,0.0,0.0,0,0,0,0,False,0,0.0,0.0,0.0
1790792454.239,8.9,51.7,0,0,0.0,0.0,0,0,0,0,False,0,0.0,0.0,0.0
1790792455.239,7.2,51.6,0,0,0.0,0.0,0,0,0,0,False,0,0.0,0.0,0.0
1790792456.239,6.1,51.6,0,2961191,0.0,31.0,0,0,0,0,False,0,0.0,0.0,0.0
1790792457.240,7.0,51.6,0,32766,0.0,2.0,0,0,0,0,False,0,0.0,0.0,0.0
1790792458.240,7.5,51.7,0,0,0.0,0.0,0,0,0,0,False,0,0.0,0.0,0.0
1790792459.240,6.8,51.7,0,24574,0.0,4.0,0,0,0,0,False,0,0.0,0.0,0.0
1790792460.240,7.3,51.7,0,0,0.0,0.0,0,0,0,0,False,0,0.0,0.0,0.0
1790792461.240,7.7,51.7,0,0,0.0,0.0,0,0,0,0,False,0,0.0,0.0,0.0
1790792462.240,7.7,51.7,0,8191,0.0,2.0,0,0,0,0,False,0,0.0,0.0,0.0
1790792463.240,7.9,51.7,0,32766,0.0,2.0,0,0,0,0,False,0,0.0,0.0,0.0
1790792464.240,9.4,51.6,0,0,0.0,0.0,0,0,0,0,False,0,0.0,0.0,0.0
1790792465.240,8.8,51.6,0,0,0.0,0.0,0,0,0,0,False,0,0.0,0.0,0.0
1790792466.240,7.1,51.6,0,0,0.0,0.0,0,0,0,0,False,0,0.0,0.0,0.0
1790792467.240,6.5,51.6,0,4096,0.0,1.0,0,0,0,0,False,0,0.0,0.0,0.0
1790792468.240,6.4,51.6,0,0,0.0,0.0,0,0,0,0,False,0,0.0,0.0,0.0
1790792469.240,6.7,51.6,0,0,0.0,0.0,0,0,0,0,False,0,0.0,0.0,0.0
1790792470.240,8.7,51.6,0,1253284,0.0,12.0,0,0,0,0,False,0,0.0,0.0,0.0
1790792471.241,6.4,51.6,0,0,0.0,0.0,0,0,0,0,False,0,0.0,0.0,0.0
1790792472.241,7.2,51.5,0,0,0.0,0.0,0,0,0,0,False,0,0.0,0.0,0.0
1790792473.241,6.2,51.5,0,0,0.0,0.0,0,0,0,0,False,0,0.0,0.0,0.0
1790792474.241,6.9,51.5,0,0,0.0,0.0,0,0,0,0,False,0,0.0,0.0,0.0
1790792475.241,6.5,51.5,0,0,0.0,0.0,0,0,0,0,False,0,0.0,0.0,0.0
1790792476.241,7.1,51.5,0,1187754,0.0,54.0,0,0,0,0,False,0,0.0,0.0,0.0
1790792477.241,9.5,51.5,0,0,0.0,0.0,0,0,0,0,False,0,0.0,0.0,0.0
1790792478.241,6.3,51.5,0,0,0.0,0.0,0,0,0,0,False,0,0.0,0.0,0.0
1790792479.241,6.7,51.5,0,0,0.0,0.0,0,0,0,0,False,0,0.0,0.0,0.0
1790792480.241,6.8,51.3,0,176116,0.0,20.0,0,0,0,0,False,0,0.0,0.0,0.0
1790792481.241,6.4,51.0,0,0,0.0,0.0,0,0,0,0,False,0,0.0,0.0,0.0
1790792482.241,6.2,51.0,0,1339291,0.0,14.0,0,0,0,0,False,0,0.0,0.0,0.0
1790792483.241,8.9,51.0,0,0,0.0,0.0,0,0,0,0,False,0,0.0,0.0,0.0
1790792484.241,8.4,51.0,0,0,0.0,0.0,0,0,0,0,False,0,0.0,0.0,0.0
1790792485.242,7.1,50.9,0,0,0.0,0.0,0,0,0,0,False,0,0.0,0.0,0.0
1790792486.242,7.2,50.9,0,53245,0.0,2.0,0,0,0,0,False,0,0.0,0.0,0.0
1790792487.242,7.8,51.1,0,2936611,0.0,30.0,0,0,0,0,False,0,0.0,0.0,0.0
1790792488.242,6.8,51.1,0,0,0.0,0.0,0,0,0,0,False,0,0.0,0.0,0.0
1790792489.242,7.3,51.1,0,0,0.0,0.0,0,0,0,0,False,0,0.0,0.0,0.0
1790792490.242,8.1,51.1,0,409565,0.0,5.0,0,0,0,0,False,0,0.0,0.0,0.0
1790792491.242,8.4,51.2,0,12287,0.0,3.0,0,0,0,0,False,0,0.0,0.0,0.0
1790792492.242,7.4,51.2,0,1003442,0.0,10.0,0,0,0,0,False,0,0.0,0.0,0.0
1790792493.242,8.0,51.2,0,16383,0.0,1.0,0,0,0,0,False,0,0.0,0.0,0.0
1790792494.242,10.6,51.0,0,0,0.0,0.0,0,0,0,0,False,0,0.0,0.0,0.0
1790792495.242,8.7,51.0,0,94201,0.0,2.0,0,0,0,0,False,0,0.0,0.0,0.0
1790792496.242,8.0,51.0,0,0,0.0,0.0,0,0,0,0,False,0,0.0,0.0,0.0
1790792497.242,8.0,51.0,0,0,0.0,0.0,0,0,0,0,False,0,0.0,0.0,0.0
1790792498.243,8.4,51.0,0,0,0.0,0.0,0,0,0,0,False,0,0.0,0.0,0.0
1790792499.243,8.2,50.9,0,0,0.0,0.0,0,0,0,0,False,0,0.0,0.0,0.0
1790792500.243,7.9,50.9,0,0,0.0,0.0,0,0,0,0,False,0,0.0,0.0,0.0
1790792501.243,7.9,50.9,0,40957,0.0,2.0,0,0,0,0,False,0,0.0,0.0,0.0
1790792502.243,8.6,51.0,0,0,0.0,0.0,0,0,0,0,False,0,0.0,0.0,0.0
1790792503.243,6.7,50.9,0,0,0.0,0.0,0,0,0,0,False,0,0.0,0.0,0.0
1790792504.243,7.6,50.9,0,0,0.0,0.0,0,0,0,0,False,0,0.0,0.0,0.0
1790792505.243,11.7,50.9,0,0,0.0,0.0,0,0,0,0,False,0,0.0,0.0,0.0
1790792506.243,7.9,50.9,0,0,0.0,0.0,0,0,0,0,False,0,0.0,0.0,0.0
1790792507.243,8.3,50.9,0,0,0.0,0.0,0,0,0,0,False,0,0.0,0.0,0.0
1790792508.243,8.2,50.9,0,0,0.0,0.0,0,0,0,0,False,0,0.0,0.0,0.0
1790792509.243,7.8,50.9,0,12287,0.0,2.0,0,0,0,0,False,0,0.0,0.0,0.0
1790792510.243,8.0,50.9,0,45052,0.0,8.0,0,0,0,0,False,0,0.0,0.0,0.0
1790792511.243,8.8,50.8,0,155637,0.0,35.0,0,0,0,0,False,0,0.0,0.0,0.0
1790792512.244,7.1,50.8,0,0,0.0,0.0,0,0,0,0,False,0,0.0,0.0,0.0
1790792513.244,7.4,50.8,0,0,0.0,0.0,0,0,0,0,False,0,0.0,0.0,0.0
1790792514.244,12.2,51.2,0,0,0.0,0.0,0,0,0,0,False,0,0.0,0.0,0.0
1790792515.244,8.0,51.2,0,0,0.0,0.0,0,0,0,0,False,0,0.0,0.0,0.0
1790792516.244,7.8,51.2,0,0,0.0,0.0,0,0,0,0,False,0,0.0,0.0,0.0
1790792517.244,7.9,51.1,0,0,0.0,0.0,0,0,0,0,False,0,0.0,0.0,0.0
1790792518.244,8.1,51.1,0,2801473,0.0,28.0,0,0,0,0,False,0,0.0,0.0,0.0
1790792519.244,7.5,51.1,0,217073,0.0,6.0,0,0,0,0,False,0,0.0,0.0,0.0
1790792520.244,7.9,51.1,0,0,0.0,0.0,0,0,0,0,False,0,0.0,0.0,0.0
1790792521.244,8.0,51.1,0,0,0.0,0.0,0,0,0,0,False,0,0.0,0.0,0.0
1790792522.244,7.9,51.1,0,24574,0.0,4.0,0,0,0,0,False,0,0.0,0.0,0.0
1790792523.244,7.8,51.1,0,0,0.0,0.0,0,0,0,0,False,0,0.0,0.0,0.0
1790792524.244,8.1,51.0,0,77818,0.0,3.0,0,0,0,0,False,0,0.0,0.0,0.0
1790792525.244,7.4,51.0,0,0,0.0,0.0,0,0,0,0,False,0,0.0,0.0,0.0
1790792526.245,6.5,51.0,0,0,0.0,0.0,0,0,0,0,False,0,0.0,0.0,0.0
1790792527.245,6.7,51.0,0,1392541,0.0,16.0,0,0,0,0,False,0,0.0,0.0,0.0
1790792528.245,20.2,51.7,0,14957494,0.0,179.0,0,0,0,0,False,0,0.0,0.0,0.0
1790792529.245,32.5,52.0,0,0,0.0,0.0,0,0,0,0,False,0,0.0,0.0,0.0
1790792530.245,26.4,51.3,0,49149,0.0,2.0,0,0,0,0,False,0,0.0,0.0,0.0
1790792531.245,6.8,51.3,0,0,0.0,0.0,0,0,0,0,False,0,0.0,0.0,0.0
1790792532.245,6.6,51.3,0,0,0.0,0.0,0,0,0,0,False,0,0.0,0.0,0.0
1790792533.245,7.2,51.3,0,0,0.0,0.0,0,0,0,0,False,0,0.0,0.0,0.0
1790792534.245,8.5,51.3,0,237550,0.0,3.0,0,0,0,0,False,0,0.0,0.0,0.0
1790792535.245,11.7,51.4,0,0,0.0,0.0,0,0,0,0,False,0,0.0,0.0,0.0
1790792536.245,8.3,51.3,0,0,0.0,0.0,0,0,0,0,False,0,0.0,0.0,0.0
1790792537.245,9.0,51.3,0,0,0.0,0.0,0,0,0,0,False,0,0.0,0.0,0.0
1790792538.245,9.0,51.3,0,0,0.0,0.0,0,0,0,0,False,0,0.0,0.0,0.0
1790792539.246,8.3,51.3,0,0,0.0,0.0,0,0,0,0,False,0,0.0,0.0,0.0
1790792540.246,7.5,51.2,0,0,0.0,0.0,0,0,0,0,False,0,0.0,0.0,0.0
1790792541.246,7.3,51.2,0,0,0.0,0.0,0,0,0,0,False,0,0.0,0.0,0.0
1790792542.246,7.5,51.2,0,12287,0.0,2.0,0,0,0,0,False,0,0.0,0.0,0.0
1790792543.246,7.5,51.2,0,16383,0.0,1.0,0,0,0,0,False,0,0.0,0.0,0.0
1790792544.246,7.3,51.1,0,65531,0.0,9.0,0,0,0,0,False,0,0.0,0.0,0.0
1790792545.246,7.3,51.1,0,0,0.0,0.0,0,0,0,0,False,0,0.0,0.0,0.0
1790792546.246,7.3,51.1,0,0,0.0,0.0,0,0,0,0,False,0,0.0,0.0,0.0
1790792547.246,6.6,51.1,0,0,0.0,0.0,0,0,0,0,False,0,0.0,0.0,0.0
1790792548.246,7.0,51.1,0,1900406,0.0,18.0,0,0,0,0,False,0,0.0,0.0,0.0
1790792549.246,7.8,50.9,0,450529,0.0,83.0,0,0,0,0,False,0,0.0,0.0,0.0
1790792550.246,11.4,50.9,0,12287,0.0,3.0,0,0,0,0,False,0,0.0,0.0,0.0
1790792551.246,8.6,50.9,0,0,0.0,0.0,0,0,0,0,False,0,0.0,0.0,0.0
1790792552.246,7.7,50.9,0,0,0.0,0.0,0,0,0,0,False,0,0.0,0.0,0.0
1790792553.247,7.5,50.9,0,0,0.0,0.0,0,0,0,0,False,0,0.0,0.0,0.0
1790792554.247,7.9,50.9,0,176115,0.0,8.0,0,0,0,0,False,0,0.0,0.0,0.0
1790792555.247,8.0,50.9,0,49149,0.0,3.0,0,0,0,0,False,0,0.0,0.0,0.0
1790792556.247,7.9,50.9,0,0,0.0,0.0,0,0,0,0,False,0,0.0,0.0,0.0
1790792557.247,7.5,50.9,0,0,0.0,0.0,0,0,0,0,False,0,0.0,0.0,0.0
1790792558.247,7.8,50.9,0,0,0.0,0.0,0,0,0,0,False,0,0.0,0.0,0.0
1790792559.247,13.9,50.9,0,286696,0.0,5.0,0,0,0,0,False,0,0.0,0.0,0.0
1790792560.247,39.4,50.9,0,118751,0.0,5.0,0,0,0,0,False,0,0.0,0.0,0.0
1790792561.248,48.4,49.1,0,0,0.0,0.0,0,0,0,0,False,0,0.0,0.0,0.0
1790792562.248,47.6,49.1,73697,0,6.0,0.0,0,0,0,0,False,0,0.0,0.0,0.0
1790792563.248,35.1,49.1,0,114676,0.0,5.0,0,0,0,0,False,0,0.0,0.0,0.0
1790792564.248,14.1,49.0,0,0,0.0,0.0,0,0,0,0,False,0,0.0,0.0,0.0
1790792565.248,10.3,49.0,0,12287,0.0,2.0,0,0,0,0,False,0,0.0,0.0,0.0
1790792566.249,8.7,48.9,0,0,0.0,0.0,0,0,0,0,False,0,0.0,0.0,0.0
1790792567.249,8.4,49.0,0,0,0.0,0.0,0,0,0,0,False,0,0.0,0.0,0.0
1790792568.249,8.8,48.9,16383,0,2.0,0.0,0,0,0,0,False,0,0.0,0.0,0.0
1790792569.249,8.2,49.0,0,57338,0.0,2.0,0,0,0,0,False,0,0.0,0.0,0.0
1790792570.249,11.3,49.0,0,0,0.0,0.0,0,0,0,0,False,0,0.0,0.0,0.0
1790792571.249,9.1,48.9,0,0,0.0,0.0,0,0,0,0,False,0,0.0,0.0,0.0
1790792572.249,9.6,48.9,0,0,0.0,0.0,0,0,0,0,False,0,0.0,0.0,0.0
1790792573.249,15.8,49.0,143350,0,6.0,0.0,0,0,0,0,False,0,0.0,0.0,0.0
1790792574.249,15.0,49.3,0,2830145,0.0,46.0,0,0,0,0,False,0,0.0,0.0,0.0
1790792575.249,10.6,49.4,4096,0,1.0,0.0,0,0,0,0,False,0,0.0,0.0,0.0
1790792576.249,6.8,49.4,0,0,0.0,0.0,0,0,0,0,False,0,0.0,0.0,0.0
1790792577.249,6.7,49.3,0,0,0.0,0.0,0,0,0,0,False,0,0.0,0.0,0.0
1790792578.249,6.9,49.3,0,0,0.0,0.0,0,0,0,0,False,0,0.0,0.0,0.0
1790792579.250,12.5,49.7,0,3206854,0.0,40.0,0,0,0,0,False,0,0.0,0.0,0.0
1790792580.250,8.0,49.7,0,0,0.0,0.0,0,0,0,0,False,0,0.0,0.0,0.0
1790792581.250,9.1,49.9,0,176116,0.0,12.0,0,0,0,0,False,0,0.0,0.0,0.0
1790792582.250,12.3,50.0,0,90105,0.0,5.0,0,0,0,0,False,0,0.0,0.0,0.0
1790792583.250,26.1,50.8,0,0,0.0,0.0,0,0,0,0,False,0,0.0,0.0,0.0
1790792584.250,35.6,50.2,0,49149,0.0,2.0,0,0,0,0,False,0,0.0,0.0,0.0
1790792585.250,8.5,50.1,0,511965,0.0,79.0,0,0,0,0,False,0,0.0,0.0,0.0
1790792586.250,7.0,50.0,0,0,0.0,0.0,0,0,0,0,False,0,0.0,0.0,0.0
1790792587.250,6.6,50.0,0,233456,0.0,3.0,0,0,0,0,False,0,0.0,0.0,0.0
1790792588.250,6.5,50.0,0,0,0.0,0.0,0,0,0,0,False,0,0.0,0.0,0.0
1790792589.250,6.6,49.9,0,4096,0.0,1.0,0,0,0,0,False,0,0.0,0.0,0.0
1790792590.250,7.1,49.9,0,0,0.0,0.0,0,0,0,0,False,0,0.0,0.0,0.0
1790792591.250,6.6,49.9,0,0,0.0,0.0,0,0,0,0,False,0,0.0,0.0,0.0
1790792592.251,6.4,49.9,0,0,0.0,0.0,0,0,0,0,False,0,0.0,0.0,0.0
1790792593.251,6.6,49.8,0,0,0.0,0.0,0,0,0,0,False,0,0.0,0.0,0.0
1790792594.251,6.6,49.9,0,0,0.0,0.0,0,0,0,0,False,0,0.0,0.0,0.0
1790792595.251,8.0,49.9,0,1363873,0.0,15.0,0,0,0,0,False,0,0.0,0.0,0.0
1790792596.251,7.6,49.9,0,0,0.0,0.0,0,0,0,0,False,0,0.0,0.0,0.0
1790792597.251,6.3,49.8,0,0,0.0,0.0,0,0,0,0,False,0,0.0,0.0,0.0
1790792598.251,11.1,51.8,0,0,0.0,0.0,0,0,0,0,False,0,0.0,0.0,0.0
1790792599.251,6.8,51.8,0,0,0.0,0.0,0,0,0,0,False,0,0.0,0.0,0.0
1790792600.251,6.6,51.8,0,1597312,0.0,15.0,0,0,0,0,False,0,0.0,0.0,0.0
1790792601.251,8.1,51.8,0,12287,0.0,2.0,0,0,0,0,False,0,0.0,0.0,0.0
1790792602.251,8.3,51.8,0,0,0.0,0.0,0,0,0,0,False,0,0.0,0.0,0.0
1790792603.251,6.4,51.8,0,0,0.0,0.0,0,0,0,0,False,0,0.0,0.0,0.0
1790792604.251,9.6,51.7,0,0,0.0,0.0,0,0,0,0,False,0,0.0,0.0,0.0
1790792605.251,17.6,52.2,0,118775,0.0,7.0,0,0,0,0,False,0,0.0,0.0,0.0
1790792606.252,32.3,52.7,0,0,0.0,0.0,2,1,0,2,False,0,0.0,0.0,0.0
1790792607.252,30.3,52.1,0,49151,0.0,2.0,0,0,0,0,False,0,0.0,0.0,0.0
1790792608.252,6.7,52.1,0,0,0.0,0.0,0,0,0,0,False,0,0.0,0.0,0.0
1790792609.252,7.2,51.8,0,794568,0.0,37.0,0,0,0,0,False,0,0.0,0.0,0.0
1790792610.252,10.7,51.8,0,2752298,0.0,34.0,0,0,0,0,False,0,0.0,0.0,0.0
1790792611.252,24.9,52.4,0,0,0.0,0.0,0,0,0,0,False,0,0.0,0.0,0.0
1790792612.252,37.1,53.1,0,1240995,0.0,22.0,0,0,0,0,False,0,0.0,0.0,0.0
1790792613.252,8.4,52.4,0,49148,0.0,2.0,0,0,0,0,False,0,0.0,0.0,0.0
1790792614.252,7.3,52.4,0,0,0.0,0.0,0,0,0,0,False,0,0.0,0.0,0.0
1790792615.252,6.9,52.4,0,1314722,0.0,11.0,0,0,0,0,False,0,0.0,0.0,0.0
1790792616.252,7.6,52.4,0,135158,0.0,2.0,0,0,0,0,False,0,0.0,0.0,0.0
1790792617.252,6.8,52.4,0,827333,0.0,13.0,0,0,0,0,False,0,0.0,0.0,0.0
1790792618.252,6.8,52.4,0,937919,0.0,97.0,0,0,0,0,False,0,0.0,0.0,0.0
1790792619.252,6.7,52.4,0,0,0.0,0.0,0,0,0,0,False,0,0.0,0.0,0.0
1790792620.253,7.8,52.4,0,0,0.0,0.0,0,0,0,0,False,0,0.0,0.0,0.0
1790792621.253,8.0,52.4,0,4096,0.0,1.0,0,0,0,0,False,0,0.0,0.0,0.0
1790792622.253,6.8,52.3,0,0,0.0,0.0,0,0,0,0,False,0,0.0,0.0,0.0
1790792623.253,6.8,52.3,0,0,0.0,0.0,0,0,0,0,False,0,0.0,0.0,0.0
1790792624.253,9.9,52.1,0,32766,0.0,2.0,0,0,0,0,False,0,0.0,0.0,0.0
1790792625.253,8.0,52.1,0,0,0.0,0.0,0,0,0,0,False,0,0.0,0.0,0.0
1790792626.253,6.7,52.1,0,0,0.0,0.0,0,0,0,0,False,0,0.0,0.0,0.0
1790792627.253,6.8,52.0,0,0,0.0,0.0,0,0,0,0,False,0,0.0,0.0,0.0
1790792628.253,7.6,52.0,0,0,0.0,0.0,0,0,0,0,False,0,0.0,0.0,0.0
1790792629.253,6.7,52.0,0,24574,0.0,2.0,0,0,0,0,False,0,0.0,0.0,0.0
1790792630.253,6.9,51.9,0,0,0.0,0.0,0,0,0,0,False,0,0.0,0.0,0.0
1790792631.253,10.0,52.0,0,0,0.0,0.0,0,0,0,0,False,0,0.0,0.0,0.0
1790792632.253,6.9,51.9,0,0,0.0,0.0,0,0,0,0,False,0,0.0,0.0,0.0
1790792633.253,6.8,51.9,0,0,0.0,0.0,0,0,0,0,False,0,0.0,0.0,0.0
1790792634.254,9.6,52.5,0,0,0.0,0.0,0,0,0,0,False,0,0.0,0.0,0.0
1790792635.254,7.6,52.5,0,49150,0.0,2.0,0,0,0,0,False,0,0.0,0.0,0.0
1790792636.254,6.9,52.4,0,0,0.0,0.0,0,0,0,0,False,0,0.0,0.0,0.0
1790792637.254,6.4,52.4,0,0,0.0,0.0,0,0,0,0,False,0,0.0,0.0,0.0
1790792638.254,6.6,52.4,0,0,0.0,0.0,0,0,0,0,False,0,0.0,0.0,0.0
1790792639.254,6.5,52.4,0,90106,0.0,11.0,0,0,0,0,False,0,0.0,0.0,0.0
1790792640.254,6.8,52.4,0,1511314,0.0,13.0,0,0,0,0,False,0,0.0,0.0,0.0
1790792641.254,6.6,52.4,0,2793273,0.0,28.0,0,0,0,0,False,0,0.0,0.0,0.0
1790792642.254,6.5,52.4,0,0,0.0,0.0,0,0,0,0,False,0,0.0,0.0,0.0
1790792643.254,6.7,52.4,0,0,0.0,0.0,0,0,0,0,False,0,0.0,0.0,0.0
1790792644.254,6.9,52.4,0,0,0.0,0.0,0,0,0,0,False,0,0.0,0.0,0.0
1790792645.254,6.7,52.3,0,0,0.0,0.0,0,0,0,0,False,0,0.0,0.0,0.0
1790792646.254,6.5,52.3,0,4096,0.0,1.0,0,0,0,0,False,0,0.0,0.0,0.0
1790792647.254,6.4,52.3,0,15059904,0.0,121.0,0,0,0,0,False,0,0.0,0.0,0.0
1790792648.255,7.6,52.4,0,24574,0.0,4.0,0,0,0,0,False,0,0.0,0.0,0.0
1790792649.255,11.2,53.0,0,208883,0.0,8.0,0,0,0,0,False,0,0.0,0.0,0.0
1790792650.255,9.1,53.0,0,163828,0.0,12.0,0,0,0,0,False,0,0.0,0.0,0.0
1790792651.255,9.7,53.0,0,0,0.0,0.0,0,0,0,0,False,0,0.0,0.0,0.0
1790792652.255,7.8,53.0,0,0,0.0,0.0,0,0,0,0,False,0,0.0,0.0,0.0
1790792653.255,22.5,53.5,0,32766,0.0,1.0,0,0,0,0,False,0,0.0,0.0,0.0
1790792654.255,29.3,54.5,0,208881,0.0,41.0,0,0,0,0,False,0,0.0,0.0,0.0
1790792655.255,7.3,54.4,0,0,0.0,0.0,0,0,0,0,False,0,0.0,0.0,0.0
1790792656.255,6.4,54.3,0,307178,0.0,4.0,0,0,0,0,False,0,0.0,0.0,0.0
1790792657.255,6.3,54.3,0,0,0.0,0.0,0,0,0,0,False,0,0.0,0.0,0.0
1790792658.255,6.4,54.3,0,0,0.0,0.0,0,0,0,0,False,0,0.0,0.0,0.0
1790792659.255,6.4,54.2,0,0,0.0,0.0,0,0,0,0,False,0,0.0,0.0,0.0
1790792660.255,6.6,54.1,0,0,0.0,0.0,0,0,0,0,False,0,0.0,0.0,0.0
1790792661.255,6.6,54.1,0,0,0.0,0.0,0,0,0,0,False,0,0.0,0.0,0.0
1790792662.256,6.6,54.1,0,0,0.0,0.0,0,0,0,0,False,0,0.0,0.0,0.0
1790792663.256,6.3,54.1,0,0,0.0,0.0,0,0,0,0,False,0,0.0,0.0,0.0
1790792664.256,9.3,54.1,0,0,0.0,0.0,0,0,0,0,False,0,0.0,0.0,0.0
1790792665.256,6.7,54.0,0,12287,0.0,2.0,0,0,0,0,False,0,0.0,0.0,0.0
1790792666.256,6.6,54.0,0,20479,0.0,2.0,0,0,0,0,False,0,0.0,0.0,0.0
1790792667.256,12.1,54.1,0,32766,0.0,1.0,0,0,0,0,False,0,0.0,0.0,0.0
1790792668.256,27.6,54.8,0,282600,0.0,5.0,1,0,0,1,False,0,0.0,0.0,0.0
1790792669.256,27.2,54.1,0,1286049,0.0,12.0,0,0,0,0,False,0,0.0,0.0,0.0
1790792670.256,10.9,54.1,0,32765,0.0,1.0,0,0,0,0,False,0,0.0,0.0,0.0
1790792671.256,23.6,54.8,0,2391878,0.0,21.0,0,0,0,0,False,0,0.0,0.0,0.0
1790792672.256,27.9,54.2,0,53244,0.0,3.0,0,0,0,0,False,0,0.0,0.0,0.0
1790792673.256,6.6,54.2,0,0,0.0,0.0,0,0,0,0,False,0,0.0,0.0,0.0
1790792674.256,7.3,54.0,0,249838,0.0,3.0,0,0,0,0,False,0,0.0,0.0,0.0
1790792675.256,8.3,54.0,0,0,0.0,0.0,0,0,0,0,False,0,0.0,0.0,0.0
1790792676.257,7.7,54.0,0,0,0.0,0.0,0,0,0,0,False,0,0.0,0.0,0.0
1790792677.257,6.4,53.9,0,16383,0.0,1.0,0,0,0,0,False,0,0.0,0.0,0.0
1790792678.257,6.4,53.9,0,196595,0.0,25.0,0,0,0,0,False,0,0.0,0.0,0.0
1790792679.257,7.4,53.3,0,0,0.0,0.0,0,0,0,0,False,0,0.0,0.0,0.0
1790792680.257,7.0,53.3,0,282604,0.0,8.0,0,0,0,0,False,0,0.0,0.0,0.0
1790792681.257,6.4,53.3,0,4096,0.0,1.0,0,0,0,0,False,0,0.0,0.0,0.0
1790792682.257,6.5,53.3,0,1347491,0.0,17.0,0,0,0,0,False,0,0.0,0.0,0.0
1790792683.257,8.6,53.3,0,0,0.0,0.0,0,0,0,0,False,0,0.0,0.0,0.0
1790792684.257,9.7,53.2,0,0,0.0,0.0,0,0,0,0,False,0,0.0,0.0,0.0
1790792685.257,9.7,53.2,0,114680,0.0,2.0,0,0,0,0,False,0,0.0,0.0,0.0
1790792686.257,8.7,53.2,0,176115,0.0,4.0,0,0,0,0,False,0,0.0,0.0,0.0
1790792687.257,7.5,53.2,0,438242,0.0,75.0,0,0,0,0,False,0,0.0,0.0,0.0
1790792688.257,7.7,53.2,0,77818,0.0,2.0,0,0,0,0,False,0,0.0,0.0,0.0
1790792689.258,11.4,53.1,0,0,0.0,0.0,0,0,0,0,False,0,0.0,0.0,0.0
1790792690.258,9.3,53.2,0,0,0.0,0.0,0,0,0,0,False,0,0.0,0.0,0.0
1790792691.258,8.4,53.2,0,0,0.0,0.0,0,0,0,0,False,0,0.0,0.0,0.0
1790792692.258,8.1,53.2,0,77818,0.0,2.0,0,0,0,0,False,0,0.0,0.0,0.0
1790792693.258,13.2,53.9,0,90105,0.0,3.0,0,0,0,0,False,0,0.0,0.0,0.0
1790792694.258,9.9,54.4,0,0,0.0,0.0,0,0,0,0,False,0,0.0,0.0,0.0
1790792695.258,11.6,54.6,3243791,270316,52.0,15.0,0,0,0,0,False,0,0.0,0.0,0.0
1790792696.258,7.8,54.6,0,372708,0.0,12.0,0,0,0,0,False,0,0.0,0.0,0.0
1790792697.258,7.1,54.6,131063,0,1.0,0.0,0,0,0,0,False,0,0.0,0.0,0.0
1790792698.258,7.6,54.6,135158,0,3.0,0.0,0,0,0,0,False,0,0.0,0.0,0.0
1790792699.258,10.3,54.6,0,12287,0.0,3.0,0,0,0,0,False,0,0.0,0.0,0.0
1790792700.258,7.4,54.6,0,0,0.0,0.0,0,0,0,0,False,0,0.0,0.0,0.0
1790792701.258,7.8,54.5,0,0,0.0,0.0,0,0,0,0,False,0,0.0,0.0,0.0
1790792702.258,7.8,54.5,0,3071778,0.0,32.0,0,0,0,0,False,0,0.0,0.0,0.0
1790792703.259,9.0,54.5,0,24574,0.0,1.0,0,0,0,0,False,0,0.0,0.0,0.0
1790792704.259,11.1,54.4,0,0,0.0,0.0,0,0,0,0,False,0,0.0,0.0,0.0
1790792705.259,8.5,54.4,0,0,0.0,0.0,0,0,0,0,False,0,0.0,0.0,0.0
1790792706.259,10.0,54.5,1122212,315366,54.0,11.0,0,0,0,0,False,0,0.0,0.0,0.0
1790792707.259,10.5,54.5,1036206,0,11.0,0.0,0,0,0,0,False,0,0.0,0.0,0.0
1790792708.259,14.7,55.0,647122,511964,5.0,25.0,0,0,0,0,False,0,0.0,0.0,0.0
1790792709.259,14.0,55.5,1855357,245743,59.0,12.0,0,0,0,0,False,0,0.0,0.0,0.0
1790792710.259,25.9,55.9,15305603,11066561,1356.9,413.0,0,0,0,0,False,0,0.0,0.0,0.0
1790792711.259,11.0,55.7,8191,0,2.0,0.0,0,0,0,0,False,0,0.0,0.0,0.0
1790792712.259,8.2,55.7,0,16383,0.0,1.0,0,0,0,0,False,0,0.0,0.0,0.0
1790792713.259,8.2,55.5,0,0,0.0,0.0,0,0,0,0,False,0,0.0,0.0,0.0
1790792714.259,7.7,55.5,0,0,0.0,0.0,0,0,0,0,False,0,0.0,0.0,0.0
1790792715.259,7.3,55.4,0,90104,0.0,1.0,0,0,0,0,False,0,0.0,0.0,0.0
1790792716.259,7.9,55.3,0,888768,0.0,112.0,0,0,0,0,False,0,0.0,0.0,0.0
1790792717.260,8.1,55.2,0,0,0.0,0.0,0,0,0,0,False,0,0.0,0.0,0.0
1790792718.260,7.9,55.2,0,0,0.0,0.0,0,0,0,0,False,0,0.0,0.0,0.0
1790792719.260,9.2,55.1,0,0,0.0,0.0,0,0,0,0,False,0,0.0,0.0,0.0
1790792720.260,21.9,55.4,0,32766,0.0,1.0,0,0,0,0,False,0,0.0,0.0,0.0
1790792721.260,32.8,55.7,0,94201,0.0,2.0,1,0,0,1,False,0,0.0,0.0,0.0
1790792722.260,22.5,54.9,0,49148,0.0,2.0,0,0,0,0,False,0,0.0,0.0,0.0
1790792723.260,8.5,54.9,0,1699722,0.0,228.0,0,0,0,0,False,0,0.0,0.0,0.0
1790792724.260,12.3,54.7,0,0,0.0,0.0,0,0,0,0,False,0,0.0,0.0,0.0
1790792725.260,8.7,54.7,0,122871,0.0,15.0,0,0,0,0,False,0,0.0,0.0,0.0
1790792726.260,8.1,54.7,0,0,0.0,0.0,0,0,0,0,False,0,0.0,0.0,0.0
1790792727.260,8.1,54.5,0,1699719,0.0,19.0,0,0,0,0,False,0,0.0,0.0,0.0
1790792728.260,13.3,54.5,274410,1478538,11.0,19.0,0,0,0,0,False,0,0.0,0.0,0.0
1790792729.260,9.3,54.6,0,0,0.0,0.0,0,0,0,0,False,0,0.0,0.0,0.0
1790792730.261,22.5,55.0,0,32766,0.0,1.0,0,0,0,0,False,0,0.0,0.0,0.0
1790792731.261,35.0,55.3,0,16383,0.0,1.0,2,1,0,2,False,0,0.0,0.0,0.0
1790792732.261,21.3,54.7,0,1220520,0.0,16.0,0,0,0,0,False,0,0.0,0.0,0.0
1790792733.261,7.5,54.7,0,2395987,0.0,28.0,0,0,0,0,False,0,0.0,0.0,0.0
1790792734.261,9.5,54.6,0,0,0.0,0.0,0,0,0,0,False,0,0.0,0.0,0.0
1790792735.261,7.0,54.6,0,0,0.0,0.0,0,0,0,0,False,0,0.0,0.0,0.0
1790792736.261,6.8,54.5,0,0,0.0,0.0,0,0,0,0,False,0,0.0,0.0,0.0
1790792737.261,6.9,54.5,0,589781,0.0,7.0,0,0,0,0,False,0,0.0,0.0,0.0
1790792738.261,6.6,54.5,0,266221,0.0,6.0,0,0,0,0,False,0,0.0,0.0,0.0
1790792739.261,7.1,54.3,0,172020,0.0,12.0,0,0,0,0,False,0,0.0,0.0,0.0
1790792740.261,7.0,54.2,0,1236901,0.0,10.0,0,0,0,0,False,0,0.0,0.0,0.0
1790792741.261,6.8,54.1,0,585687,0.0,12.0,0,0,0,0,False,0,0.0,0.0,0.0
1790792742.261,7.9,54.1,0,3276555,0.0,320.0,0,0,0,0,False,0,0.0,0.0,0.0
1790792743.261,7.5,54.0,0,31438707,0.0,260.0,0,0,0,0,False,0,0.0,0.0,0.0
1790792744.262,7.1,54.0,0,0,0.0,0.0,0,0,0,0,False,0,0.0,0.0,0.0
1790792745.262,6.8,54.0,0,0,0.0,0.0,0,0,0,0,False,0,0.0,0.0,0.0
1790792746.262,6.3,54.0,16383,499676,4.0,5.0,0,0,0,0,False,0,0.0,0.0,0.0
1790792747.262,6.4,53.9,0,4096,0.0,1.0,0,0,0,0,False,0,0.0,0.0,0.0
1790792748.262,6.4,53.9,0,221167,0.0,4.0,0,0,0,0,False,0,0.0,0.0,0.0
1790792749.262,6.3,53.9,0,0,0.0,0.0,0,0,0,0,False,0,0.0,0.0,0.0
1790792750.262,9.8,54.1,0,0,0.0,0.0,0,0,0,0,False,0,0.0,0.0,0.0
1790792751.262,9.0,54.2,0,0,0.0,0.0,0,0,0,0,False,0,0.0,0.0,0.0
1790792752.262,9.1,54.3,0,233456,0.0,13.0,0,0,0,0,False,0,0.0,0.0,0.0
1790792753.262,6.6,54.3,0,0,0.0,0.0,0,0,0,0,False,0,0.0,0.0,0.0
1790792754.262,11.5,54.6,0,73722,0.0,1.0,0,0,0,0,False,0,0.0,0.0,0.0
1790792755.262,6.7,54.6,0,0,0.0,0.0,0,0,0,0,False,0,0.0,0.0,0.0
1790792756.262,10.1,54.6,0,1576825,0.0,180.0,0,0,0,0,False,0,0.0,0.0,0.0
1790792757.262,6.7,54.6,0,57340,0.0,2.0,0,0,0,0,False,0,0.0,0.0,0.0
1790792758.263,9.0,54.5,0,0,0.0,0.0,0,0,0,0,False,0,0.0,0.0,0.0
1790792759.263,6.4,54.5,0,0,0.0,0.0,0,0,0,0,False,0,0.0,0.0,0.0
1790792760.263,6.7,54.3,0,0,0.0,0.0,0,0,0,0,False,0,0.0,0.0,0.0
1790792761.263,8.3,54.4,0,0,0.0,0.0,0,0,0,0,False,0,0.0,0.0,0.0
1790792762.263,7.4,54.4,0,0,0.0,0.0,0,0,0,0,False,0,0.0,0.0,0.0
1790792763.263,6.2,54.3,0,2817838,0.0,28.0,0,0,0,0,False,0,0.0,0.0,0.0
1790792764.263,6.7,54.3,0,15027095,0.0,118.0,0,0,0,0,False,0,0.0,0.0,0.0
1790792765.263,6.3,54.3,0,0,0.0,0.0,0,0,0,0,False,0,0.0,0.0,0.0
1790792766.263,6.4,54.3,0,0,0.0,0.0,0,0,0,0,False,0,0.0,0.0,0.0
1790792767.263,6.4,54.3,0,0,0.0,0.0,0,0,0,0,False,0,0.0,0.0,0.0
1790792768.263,8.4,54.2,0,1658759,0.0,18.0,0,0,0,0,False,0,0.0,0.0,0.0
1790792769.263,6.3,54.2,0,24574,0.0,2.0,0,0,0,0,False,0,0.0,0.0,0.0
1790792770.263,6.6,54.2,0,1253288,0.0,11.0,0,0,0,0,False,0,0.0,0.0,0.0
1790792771.263,8.4,54.1,0,0,0.0,0.0,0,0,0,0,False,0,0.0,0.0,0.0
1790792772.264,6.8,54.1,0,147444,0.0,12.0,0,0,0,0,False,0,0.0,0.0,0.0
1790792773.264,8.2,54.1,0,0,0.0,0.0,0,0,0,0,False,0,0.0,0.0,0.0
1790792774.264,6.8,54.0,0,0,0.0,0.0,0,0,0,0,False,0,0.0,0.0,0.0
1790792775.264,6.7,54.3,0,0,0.0,0.0,0,0,0,0,False,0,0.0,0.0,0.0
1790792776.264,6.6,54.3,0,0,0.0,0.0,0,0,0,0,False,0,0.0,0.0,0.0
1790792777.264,6.1,54.3,0,0,0.0,0.0,0,0,0,0,False,0,0.0,0.0,0.0
1790792778.264,6.3,54.3,0,978873,0.0,12.0,0,0,0,0,False,0,0.0,0.0,0.0
1790792779.264,6.5,54.3,0,0,0.0,0.0,0,0,0,0,False,0,0.0,0.0,0.0
1790792780.264,8.3,54.1,0,86010,0.0,10.0,0,0,0,0,False,0,0.0,0.0,0.0
1790792781.264,6.6,53.7,0,0,0.0,0.0,0,0,0,0,False,0,0.0,0.0,0.0
1790792782.264,6.7,53.7,0,0,0.0,0.0,0,0,0,0,False,0,0.0,0.0,0.0
1790792783.264,6.4,53.7,0,0,0.0,0.0,0,0,0,0,False,0,0.0,0.0,0.0
1790792784.264,7.3,53.7,0,1331107,0.0,14.0,0,0,0,0,False,0,0.0,0.0,0.0
1790792785.264,9.6,53.7,0,114680,0.0,10.0,0,0,0,0,False,0,0.0,0.0,0.0
1790792786.265,8.7,53.7,0,0,0.0,0.0,0,0,0,0,False,0,0.0,0.0,0.0
1790792787.265,6.3,53.6,0,0,0.0,0.0,0,0,0,0,False,0,0.0,0.0,0.0
1790792788.265,7.3,53.6,0,188403,0.0,38.0,0,0,0,0,False,0,0.0,0.0,0.0
1790792789.265,7.4,53.6,0,0,0.0,0.0,0,0,0,0,False,0,0.0,0.0,0.0
1790792790.265,6.5,53.6,0,397285,0.0,5.0,0,0,0,0,False,0,0.0,0.0,0.0
1790792791.265,6.5,53.6,0,0,0.0,0.0,0,0,0,0,False,0,0.0,0.0,0.0
1790792792.265,7.1,53.6,0,0,0.0,0.0,0,0,0,0,False,0,0.0,0.0,0.0
1790792793.265,6.8,53.5,0,0,0.0,0.0,0,0,0,0,False,0,0.0,0.0,0.0
1790792794.265,6.8,53.5,0,2932532,0.0,31.0,0,0,0,0,False,0,0.0,0.0,0.0
1790792795.265,6.7,53.4,0,0,0.0,0.0,0,0,0,0,False,0,0.0,0.0,0.0
1790792796.265,6.8,53.4,0,53244,0.0,2.0,0,0,0,0,False,0,0.0,0.0,0.0
1790792797.265,6.1,53.4,0,0,0.0,0.0,0,0,0,0,False,0,0.0,0.0,0.0
1790792798.265,6.4,53.4,0,0,0.0,0.0,0,0,0,0,False,0,0.0,0.0,0.0
1790792799.265,6.3,53.4,0,0,0.0,0.0,0,0,0,0,False,0,0.0,0.0,0.0
1790792800.266,6.6,53.4,0,16383,0.0,1.0,0,0,0,0,False,0,0.0,0.0,0.0
1790792801.266,7.1,53.4,0,20479,0.0,2.0,0,0,0,0,False,0,0.0,0.0,0.0
1790792802.266,9.6,53.3,0,0,0.0,0.0,0,0,0,0,False,0,0.0,0.0,0.0
1790792803.266,9.8,53.6,0,24574,0.0,4.0,0,0,0,0,False,0,0.0,0.0,0.0
1790792804.266,23.4,54.2,0,57340,0.0,3.0,0,0,0,0,False,0,0.0,0.0,0.0
1790792805.266,18.7,54.1,0,446430,0.0,13.0,0,0,0,0,False,0,0.0,0.0,0.0
1790792806.266,6.8,54.1,0,0,0.0,0.0,0,0,0,0,False,0,0.0,0.0,0.0
1790792807.266,6.5,54.1,0,0,0.0,0.0,0,0,0,0,False,0,0.0,0.0,0.0
1790792808.266,6.9,54.1,0,282602,0.0,5.0,0,0,0,0,False,0,0.0,0.0,0.0
1790792809.266,7.1,54.1,0,0,0.0,0.0,0,0,0,0,False,0,0.0,0.0,0.0
1790792810.266,6.7,54.1,0,0,0.0,0.0,0,0,0,0,False,0,0.0,0.0,0.0
1790792811.266,6.6,54.1,0,0,0.0,0.0,0,0,0,0,False,0,0.0,0.0,0.0
1790792812.266,8.6,54.0,0,0,0.0,0.0,0,0,0,0,False,0,0.0,0.0,0.0
1790792813.266,6.5,54.0,8191,114678,2.0,7.0,0,0,0,0,False,0,0.0,0.0,0.0
1790792814.267,7.8,54.0,0,0,0.0,0.0,0,0,0,0,False,0,0.0,0.0,0.0
1790792815.267,7.6,54.0,0,0,0.0,0.0,0,0,0,0,False,0,0.0,0.0,0.0
1790792816.267,9.8,54.0,0,0,0.0,0.0,0,0,0,0,False,0,0.0,0.0,0.0
1790792817.267,6.7,53.9,0,0,0.0,0.0,0,0,0,0,False,0,0.0,0.0,0.0
1790792818.267,6.6,53.9,0,0,0.0,0.0,0,0,0,0,False,0,0.0,0.0,0.0
1790792819.267,6.9,53.9,0,86010,0.0,2.0,0,0,0,0,False,0,0.0,0.0,0.0
1790792820.267,6.5,53.9,0,0,0.0,0.0,0,0,0,0,False,0,0.0,0.0,0.0
1790792821.267,6.7,53.9,0,450528,0.0,82.0,0,0,0,0,False,0,0.0,0.0,0.0
1790792822.267,8.4,53.9,0,0,0.0,0.0,0,0,0,0,False,0,0.0,0.0,0.0
1790792823.267,10.9,53.8,0,32766,0.0,1.0,0,0,0,0,False,0,0.0,0.0,0.0
1790792824.267,27.0,54.6,0,69627,0.0,2.0,0,0,0,0,False,0,0.0,0.0,0.0
1790792825.267,20.0,54.0,0,1810302,0.0,20.0,0,0,0,0,False,0,0.0,0.0,0.0
1790792826.267,6.9,54.1,0,0,0.0,0.0,0,0,0,0,False,0,0.0,0.0,0.0
1790792827.267,6.6,54.0,0,0,0.0,0.0,0,0,0,0,False,0,0.0,0.0,0.0
1790792828.268,6.7,54.0,0,0,0.0,0.0,0,0,0,0,False,0,0.0,0.0,0.0
1790792829.268,9.4,54.0,0,0,0.0,0.0,0,0,0,0,False,0,0.0,0.0,0.0
1790792830.268,7.2,54.0,0,4096,0.0,1.0,0,0,0,0,False,0,0.0,0.0,0.0
1790792831.268,6.8,54.1,0,180211,0.0,4.0,0,0,0,0,False,0,0.0,0.0,0.0
1790792832.268,7.2,54.1,0,0,0.0,0.0,0,0,0,0,False,0,0.0,0.0,0.0
1790792833.268,14.3,54.3,0,32766,0.0,1.0,0,0,0,0,False,0,0.0,0.0,0.0
1790792834.268,27.0,54.9,0,258030,0.0,8.0,2,0,0,2,False,0,0.0,0.0,0.0
1790792835.268,22.1,54.3,0,49148,0.0,2.0,0,0,0,0,False,0,0.0,0.0,0.0
1790792836.268,16.7,54.8,0,823232,0.0,18.0,0,0,0,0,False,0,0.0,0.0,0.0
1790792837.268,25.9,55.1,0,0,0.0,0.0,1,0,0,1,False,0,0.0,0.0,0.0
1790792838.268,14.9,54.3,0,49148,0.0,2.0,0,0,0,0,False,0,0.0,0.0,0.0
1790792839.268,7.5,54.3,0,0,0.0,0.0,0,0,0,0,False,0,0.0,0.0,0.0
1790792840.268,6.6,54.4,0,4096,0.0,1.0,0,0,0,0,False,0,0.0,0.0,0.0
1790792841.268,6.8,54.4,0,0,0.0,0.0,0,0,0,0,False,0,0.0,0.0,0.0
1790792842.269,9.7,54.3,0,290795,0.0,4.0,0,0,0,0,False,0,0.0,0.0,0.0
1790792843.269,6.9,54.3,0,0,0.0,0.0,0,0,0,0,False,0,0.0,0.0,0.0
1790792844.269,8.4,54.2,0,0,0.0,0.0,0,0,0,0,False,0,0.0,0.0,0.0
1790792845.269,25.5,54.7,0,40957,0.0,3.0,0,0,0,0,False,0,0.0,0.0,0.0
1790792846.269,23.3,55.1,0,0,0.0,0.0,0,0,0,0,False,0,0.0,0.0,0.0
1790792847.269,7.3,54.3,0,49147,0.0,2.0,0,0,0,0,False,0,0.0,0.0,0.0
1790792848.269,6.4,54.3,0,0,0.0,0.0,0,0,0,0,False,0,0.0,0.0,0.0
1790792849.269,6.3,54.3,0,217072,0.0,3.0,0,0,0,0,False,0,0.0,0.0,0.0
1790792850.269,8.3,54.2,0,12287,0.0,3.0,0,0,0,0,False,0,0.0,0.0,0.0
1790792851.269,7.9,54.2,0,0,0.0,0.0,0,0,0,0,False,0,0.0,0.0,0.0
1790792852.269,6.8,54.2,0,0,0.0,0.0,0,0,0,0,False,0,0.0,0.0,0.0
1790792853.269,6.0,54.1,0,806845,0.0,10.0,0,0,0,0,False,0,0.0,0.0,0.0
1790792854.269,6.9,54.1,0,0,0.0,0.0,0,0,0,0,False,0,0.0,0.0,0.0
1790792855.269,9.4,54.9,0,667599,0.0,74.0,0,0,0,0,False,0,0.0,0.0,0.0
1790792856.270,12.5,55.2,0,22940050,0.0,212.0,0,0,0,0,False,0,0.0,0.0,0.0
1790792857.270,8.4,55.2,0,311286,0.0,13.0,0,0,0,0,False,0,0.0,0.0,0.0
1790792858.270,6.3,55.2,0,0,0.0,0.0,0,0,0,0,False,0,0.0,0.0,0.0
1790792859.270,7.3,55.2,0,0,0.0,0.0,0,0,0,0,False,0,0.0,0.0,0.0
1790792860.270,6.9,55.1,0,0,0.0,0.0,0,0,0,0,False,0,0.0,0.0,0.0
1790792861.270,8.2,55.1,0,0,0.0,0.0,0,0,0,0,False,0,0.0,0.0,0.0
1790792862.270,6.3,55.1,0,16383,0.0,1.0,0,0,0,0,False,0,0.0,0.0,0.0
1790792863.270,6.2,55.1,0,45053,0.0,2.0,0,0,0,0,False,0,0.0,0.0,0.0
1790792864.270,6.8,55.0,0,0,0.0,0.0,0,0,0,0,False,0,0.0,0.0,0.0
1790792865.270,6.6,55.0,0,958379,0.0,63.0,0,0,0,0,False,0,0.0,0.0,0.0
1790792866.270,6.7,54.9,0,0,0.0,0.0,0,0,0,0,False,0,0.0,0.0,0.0
1790792867.270,7.3,54.9,0,0,0.0,0.0,0,0,0,0,False,0,0.0,0.0,0.0
1790792868.270,7.6,54.9,0,0,0.0,0.0,0,0,0,0,False,0,0.0,0.0,0.0
1790792869.270,6.5,54.8,0,0,0.0,0.0,0,0,0,0,False,0,0.0,0.0,0.0
1790792870.271,6.7,54.8,0,12287,0.0,2.0,0,0,0,0,False,0,0.0,0.0,0.0
1790792871.271,8.4,54.8,0,0,0.0,0.0,0,0,0,0,False,0,0.0,0.0,0.0
1790792872.271,22.1,55.4,0,77818,0.0,2.0,0,0,0,0,False,0,0.0,0.0,0.0
1790792873.271,18.9,54.7,0,49148,0.0,2.0,0,0,0,0,False,0,0.0,0.0,0.0
1790792874.271,10.4,54.8,0,237552,0.0,11.0,0,0,0,0,False,0,0.0,0.0,0.0
1790792875.271,7.3,54.8,0,0,0.0,0.0,0,0,0,0,False,0,0.0,0.0,0.0
1790792876.271,9.9,54.8,0,12287,0.0,1.0,0,0,0,0,False,0,0.0,0.0,0.0
1790792877.271,6.8,54.7,0,24574,0.0,1.0,0,0,0,0,False,0,0.0,0.0,0.0
1790792878.271,7.0,54.7,0,0,0.0,0.0,0,0,0,0,False,0,0.0,0.0,0.0
1790792879.271,6.4,54.8,0,0,0.0,0.0,0,0,0,0,False,0,0.0,0.0,0.0
1790792880.271,6.8,54.8,0,430042,0.0,5.0,0,0,0,0,False,0,0.0,0.0,0.0
1790792881.271,7.3,54.8,0,0,0.0,0.0,0,0,0,0,False,0,0.0,0.0,0.0
1790792882.271,6.9,54.8,0,0,0.0,0.0,0,0,0,0,False,0,0.0,0.0,0.0
1790792883.271,7.3,54.8,0,0,0.0,0.0,0,0,0,0,False,0,0.0,0.0,0.0
1790792884.272,8.3,54.8,0,0,0.0,0.0,0,0,0,0,False,0,0.0,0.0,0.0
1790792885.272,6.9,54.7,0,0,0.0,0.0,0,0,0,0,False,0,0.0,0.0,0.0
1790792886.272,8.3,54.5,0,3182361,0.0,133.0,0,0,0,0,False,0,0.0,0.0,0.0
1790792887.272,6.7,54.5,0,0,0.0,0.0,0,0,0,0,False,0,0.0,0.0,0.0
1790792888.272,7.1,54.5,0,1589118,0.0,16.0,0,0,0,0,False,0,0.0,0.0,0.0
1790792889.272,9.1,54.5,0,0,0.0,0.0,0,0,0,0,False,0,0.0,0.0,0.0
1790792890.272,6.8,54.5,0,0,0.0,0.0,0,0,0,0,False,0,0.0,0.0,0.0
1790792891.272,6.7,54.5,0,1359772,0.0,13.0,0,0,0,0,False,0,0.0,0.0,0.0
1790792892.272,6.6,54.4,0,16383,0.0,1.0,0,0,0,0,False,0,0.0,0.0,0.0
1790792893.272,7.2,54.5,0,0,0.0,0.0,0,0,0,0,False,0,0.0,0.0,0.0
1790792894.272,21.2,55.1,0,32765,0.0,1.0,0,0,0,0,False,0,0.0,0.0,0.0
1790792895.272,42.2,55.8,0,0,0.0,0.0,3,2,0,3,False,0,0.0,0.0,0.0
1790792896.272,31.5,57.2,0,0,0.0,0.0,1,1,0,1,False,0,0.0,0.0,0.0
1790792897.273,39.4,58.2,0,917383,0.0,15.0,1,17,0,1,False,0,0.0,0.0,0.0
1790792898.273,51.6,61.7,0,19020119,0.0,157.0,0,0,0,0,False,0,0.0,0.0,0.0
1790792899.273,6.6,61.6,0,0,0.0,0.0,0,0,0,0,False,0,0.0,0.0,0.0
1790792900.273,6.5,61.6,0,0,0.0,0.0,0,0,0,0,False,0,0.0,0.0,0.0
1790792901.273,8.4,61.6,0,585686,0.0,13.0,0,0,0,0,False,0,0.0,0.0,0.0
1790792902.273,11.0,61.6,0,20479,0.0,1.0,0,0,0,0,False,0,0.0,0.0,0.0
1790792903.273,6.6,61.6,0,13773873,0.0,107.0,0,0,0,0,False,0,0.0,0.0,0.0
1790792904.273,6.8,61.6,0,0,0.0,0.0,0,0,0,0,False,0,0.0,0.0,0.0
1790792905.273,6.6,61.6,0,0,0.0,0.0,0,0,0,0,False,0,0.0,0.0,0.0
1790792906.273,6.8,61.6,0,155637,0.0,11.0,0,0,0,0,False,0,0.0,0.0,0.0
1790792907.273,6.6,61.6,0,0,0.0,0.0,0,0,0,0,False,0,0.0,0.0,0.0
1790792908.273,6.5,61.6,0,0,0.0,0.0,0,0,0,0,False,0,0.0,0.0,0.0
1790792909.273,8.8,61.6,0,0,0.0,0.0,0,0,0,0,False,0,0.0,0.0,0.0
1790792910.274,8.2,61.3,0,131062,0.0,17.0,0,0,0,0,False,0,0.0,0.0,0.0
1790792911.274,8.9,61.3,0,0,0.0,0.0,0,0,0,0,False,0,0.0,0.0,0.0
1790792912.274,6.6,61.2,0,40957,0.0,2.0,0,0,0,0,False,0,0.0,0.0,0.0
1790792913.274,6.7,61.2,0,0,0.0,0.0,0,0,0,0,False,0,0.0,0.0,0.0
1790792914.274,7.1,61.2,0,0,0.0,0.0,0,0,0,0,False,0,0.0,0.0,0.0
1790792915.274,6.8,61.2,0,0,0.0,0.0,0,0,0,0,False,0,0.0,0.0,0.0
1790792916.274,7.4,61.2,0,61436,0.0,2.0,0,0,0,0,False,0,0.0,0.0,0.0
1790792917.274,6.8,61.2,0,3673851,0.0,125.0,0,0,0,0,False,0,0.0,0.0,0.0
1790792918.274,6.8,61.2,0,36861,0.0,4.0,0,0,0,0,False,0,0.0,0.0,0.0
1790792919.274,6.5,61.2,0,0,0.0,0.0,0,0,0,0,False,0,0.0,0.0,0.0
1790792920.274,6.9,61.1,0,0,0.0,0.0,0,0,0,0,False,0,0.0,0.0,0.0
1790792921.274,8.8,61.1,0,0,0.0,0.0,0,0,0,0,False,0,0.0,0.0,0.0
1790792922.274,6.9,61.1,0,16383,0.0,1.0,0,0,0,0,False,0,0.0,0.0,0.0
1790792923.275,7.2,61.1,0,0,0.0,0.0,0,0,0,0,False,0,0.0,0.0,0.0
1790792924.275,7.2,61.1,0,0,0.0,0.0,0,0,0,0,False,0,0.0,0.0,0.0
1790792925.275,17.3,61.6,0,57340,0.0,3.0,0,0,0,0,False,0,0.0,0.0,0.0
1790792926.275,31.2,62.1,0,0,0.0,0.0,2,1,0,2,False,0,0.0,0.0,0.0
1790792927.275,32.1,61.5,0,49148,0.0,2.0,0,0,0,0,False,0,0.0,0.0,0.0
1790792928.275,6.8,61.4,0,794569,0.0,15.0,0,0,0,0,False,0,0.0,0.0,0.0
1790792929.275,6.6,61.4,0,0,0.0,0.0,0,0,0,0,False,0,0.0,0.0,0.0
1790792930.275,7.3,61.3,0,634833,0.0,6.0,0,0,0,0,False,0,0.0,0.0,0.0
1790792931.275,8.8,61.3,0,0,0.0,0.0,0,0,0,0,False,0,0.0,0.0,0.0
1790792932.275,6.7,61.2,0,0,0.0,0.0,0,0,0,0,False,0,0.0,0.0,0.0
1790792933.275,6.8,61.2,0,0,0.0,0.0,0,0,0,0,False,0,0.0,0.0,0.0
1790792934.275,8.5,61.6,0,0,0.0,0.0,0,0,0,0,False,0,0.0,0.0,0.0
1790792935.275,6.8,61.6,0,0,0.0,0.0,0,0,0,0,False,0,0.0,0.0,0.0
1790792936.275,6.8,61.6,0,0,0.0,0.0,0,0,0,0,False,0,0.0,0.0,0.0
1790792937.276,6.6,61.5,0,0,0.0,0.0,0,0,0,0,False,0,0.0,0.0,0.0
1790792938.276,6.7,61.5,0,0,0.0,0.0,0,0,0,0,False,0,0.0,0.0,0.0
1790792939.276,7.5,61.5,0,45053,0.0,2.0,0,0,0,0,False,0,0.0,0.0,0.0
1790792940.276,20.9,62.0,0,147445,0.0,12.0,0,0,0,0,False,0,0.0,0.0,0.0
1790792941.276,25.8,62.7,0,278508,0.0,5.0,1,0,0,1,False,0,0.0,0.0,0.0
1790792942.276,8.6,62.1,0,229360,0.0,6.0,0,0,0,0,False,0,0.0,0.0,0.0
1790792943.276,6.4,62.1,0,0,0.0,0.0,0,0,0,0,False,0,0.0,0.0,0.0
1790792944.276,6.9,62.0,0,0,0.0,0.0,0,0,0,0,False,0,0.0,0.0,0.0
1790792945.276,6.7,62.0,0,0,0.0,0.0,0,0,0,0,False,0,0.0,0.0,0.0
1790792946.276,8.1,62.0,0,0,0.0,0.0,0,0,0,0,False,0,0.0,0.0,0.0
1790792947.276,6.7,62.0,0,28670,0.0,2.0,0,0,0,0,False,0,0.0,0.0,0.0
1790792948.276,7.6,62.1,0,2797367,0.0,29.0,0,0,0,0,False,0,0.0,0.0,0.0
1790792949.276,11.1,62.5,0,2866992,0.0,97.0,0,0,0,0,False,0,0.0,0.0,0.0
1790792950.276,8.4,62.5,0,163827,0.0,12.0,0,0,0,0,False,0,0.0,0.0,0.0
1790792951.277,8.3,62.5,0,0,0.0,0.0,0,0,0,0,False,0,0.0,0.0,0.0
1790792952.277,7.8,62.5,0,0,0.0,0.0,0,0,0,0,False,0,0.0,0.0,0.0
1790792953.277,6.6,62.5,0,0,0.0,0.0,0,0,0,0,False,0,0.0,0.0,0.0
1790792954.277,12.1,62.7,0,32766,0.0,1.0,0,0,0,0,False,0,0.0,0.0,0.0
1790792955.277,23.8,63.9,0,118776,0.0,2.0,1,0,0,1,False,0,0.0,0.0,0.0
1790792956.277,10.6,63.4,0,49148,0.0,2.0,0,0,0,0,False,0,0.0,0.0,0.0
1790792957.277,6.4,63.4,0,0,0.0,0.0,0,0,0,0,False,0,0.0,0.0,0.0
1790792958.277,6.4,63.4,0,0,0.0,0.0,0,0,0,0,False,0,0.0,0.0,0.0
1790792959.277,6.9,63.4,4096,15043471,1.0,120.0,0,0,0,0,False,0,0.0,0.0,0.0
1790792960.277,8.5,63.4,0,262126,0.0,8.0,0,0,0,0,False,0,0.0,0.0,0.0
1790792961.277,6.8,63.4,0,0,0.0,0.0,0,0,0,0,False,0,0.0,0.0,0.0
1790792962.277,6.7,63.4,0,241647,0.0,3.0,0,0,0,0,False,0,0.0,0.0,0.0
1790792963.277,6.6,63.3,0,0,0.0,0.0,0,0,0,0,False,0,0.0,0.0,0.0
1790792964.277,8.0,63.3,0,0,0.0,0.0,0,0,0,0,False,0,0.0,0.0,0.0
1790792965.278,6.6,63.3,0,0,0.0,0.0,0,0,0,0,False,0,0.0,0.0,0.0
1790792966.278,6.6,63.2,0,0,0.0,0.0,0,0,0,0,False,0,0.0,0.0,0.0
1790792967.278,6.6,63.2,0,0,0.0,0.0,0,0,0,0,False,0,0.0,0.0,0.0
1790792968.278,14.0,63.6,0,57340,0.0,3.0,0,0,0,0,False,0,0.0,0.0,0.0
1790792969.278,28.6,64.2,0,1322679,0.0,12.0,3,0,0,3,False,0,0.0,0.0,0.0
1790792970.278,53.2,64.6,0,0,0.0,0.0,2,2,0,2,False,0,0.0,0.0,0.0
1790792971.278,25.8,64.6,0,0,0.0,0.0,1,1,0,1,False,0,0.0,0.0,0.0
1790792972.278,65.3,64.1,0,49148,0.0,2.0,0,0,0,0,False,0,0.0,0.0,0.0
1790792973.278,6.5,64.1,0,8191,0.0,2.0,0,0,0,0,False,0,0.0,0.0,0.0
1790792974.278,7.0,64.1,0,19634763,0.0,159.0,0,0,0,0,False,0,0.0,0.0,0.0
1790792975.278,7.7,64.1,0,0,0.0,0.0,0,0,0,0,False,0,0.0,0.0,0.0
1790792976.279,7.4,64.1,0,0,0.0,0.0,0,0,0,0,False,0,0.0,0.0,0.0
1790792977.279,11.1,64.2,0,32767,0.0,1.0,0,0,0,0,False,0,0.0,0.0,0.0
1790792978.279,23.1,64.9,0,2719533,0.0,50.0,0,0,0,0,False,0,0.0,0.0,0.0
1790792979.279,15.3,63.4,0,339943,0.0,14.0,0,0,0,0,False,0,0.0,0.0,0.0
1790792980.279,8.5,63.4,0,14523336,0.0,205.0,0,0,0,0,False,0,0.0,0.0,0.0
1790792981.279,6.6,63.3,0,0,0.0,0.0,0,0,0,0,False,0,0.0,0.0,0.0
1790792982.279,7.0,63.3,0,0,0.0,0.0,0,0,0,0,False,0,0.0,0.0,0.0
1790792983.279,6.3,63.3,0,1466262,0.0,14.0,0,0,0,0,False,0,0.0,0.0,0.0
1790792984.279,7.0,63.3,0,1335195,0.0,15.0,0,0,0,0,False,0,0.0,0.0,0.0
1790792985.279,9.4,63.9,0,192498,0.0,3.0,0,0,0,0,False,0,0.0,0.0,0.0
1790792986.279,21.4,64.5,0,32766,0.0,1.0,0,0,0,0,False,0,0.0,0.0,0.0
1790792987.279,41.3,64.7,0,0,0.0,0.0,3,2,0,3,False,0,0.0,0.0,0.0
1790792988.279,26.2,65.0,0,0,0.0,0.0,1,1,0,1,False,0,0.0,0.0,0.0
1790792989.284,61.2,65.0,0,19207424,0.0,178.1,1,15,0,1,False,0,0.0,0.0,0.0
1790792990.285,17.4,64.2,0,19028351,0.0,156.0,0,0,0,0,False,0,0.0,0.0,0.0
1790792991.285,7.0,64.2,0,1097651,0.0,19.0,0,0,0,0,False,0,0.0,0.0,0.0
1790792992.285,9.4,64.3,0,0,0.0,0.0,0,0,0,0,False,0,0.0,0.0,0.0
1790792993.285,7.0,64.3,0,0,0.0,0.0,0,0,0,0,False,0,0.0,0.0,0.0
1790792994.285,7.9,64.3,0,774087,0.0,9.0,0,0,0,0,False,0,0.0,0.0,0.0
1790792995.285,14.4,64.8,69627,13954074,1.0,115.0,0,0,0,0,False,0,0.0,0.0,0.0
1790792996.285,11.3,64.8,0,471007,0.0,30.0,0,0,0,0,False,0,0.0,0.0,0.0
1790792997.285,7.4,64.9,0,131063,0.0,6.0,0,0,0,0,False,0,0.0,0.0,0.0
1790792998.285,6.6,64.9,0,0,0.0,0.0,0,0,0,0,False,0,0.0,0.0,0.0
1790792999.285,7.0,64.9,0,12287,0.0,3.0,0,0,0,0,False,0,0.0,0.0,0.0
1790793000.285,22.2,65.3,0,32765,0.0,1.0,0,0,0,0,False,0,0.0,0.0,0.0
1790793001.285,30.3,65.5,4096,0,1.0,0.0,1,0,0,1,False,0,0.0,0.0,0.0
1790793002.285,29.6,65.6,0,0,0.0,0.0,1,1,0,1,False,0,0.0,0.0,0.0
1790793003.286,19.4,65.6,0,278498,0.0,4.0,1,1,0,1,False,0,0.0,0.0,0.0
1790793004.286,24.1,65.7,25556993,2862875,535.0,66.0,1,1,0,1,False,0,0.0,0.0,0.0
1790793005.286,20.4,65.6,3133207,700364,33.0,16.0,1,1,0,1,False,0,0.0,0.0,0.0
1790793006.286,20.1,65.6,4096,28670,1.0,4.0,1,1,0,1,False,0,0.0,0.0,0.0
1790793007.286,20.6,65.7,0,32766,0.0,1.0,1,1,0,1,False,0,0.0,0.0,0.0
1790793008.286,29.4,65.5,0,49148,0.0,2.0,0,0,0,0,False,0,0.0,0.0,0.0
1790793009.286,25.7,65.7,0,3239646,0.0,42.0,1,0,0,1,False,0,0.0,0.0,0.0
1790793010.286,27.1,65.6,0,0,0.0,0.0,1,1,0,1,False,0,0.0,0.0,0.0
1790793011.286,20.2,65.6,0,0,0.0,0.0,1,1,0,1,False,0,0.0,0.0,0.0
1790793012.286,19.5,65.6,0,0,0.0,0.0,1,1,0,1,False,0,0.0,0.0,0.0
1790793013.287,17.2,65.5,0,90079,0.0,1.0,1,1,0,1,False,0,0.0,0.0,0.0
1790793014.287,21.6,65.5,0,217071,0.0,3.0,1,1,0,1,False,0,0.0,0.0,0.0
1790793015.287,20.0,64.7,0,1998695,0.0,330.0,0,0,0,0,False,0,0.0,0.0,0.0
1790793016.287,6.9,64.7,0,0,0.0,0.0,0,0,0,0,False,0,0.0,0.0,0.0
1790793017.287,6.6,64.6,0,0,0.0,0.0,0,0,0,0,False,0,0.0,0.0,0.0
1790793018.287,7.0,64.6,0,1236907,0.0,10.0,0,0,0,0,False,0,0.0,0.0,0.0
1790793019.287,7.8,64.6,0,245742,0.0,5.0,0,0,0,0,False,0,0.0,0.0,0.0
1790793020.287,6.8,64.6,0,16383,0.0,1.0,0,0,0,0,False,0,0.0,0.0,0.0
1790793021.287,7.2,64.5,0,0,0.0,0.0,0,0,0,0,False,0,0.0,0.0,0.0
1790793022.287,6.8,64.5,0,0,0.0,0.0,0,0,0,0,False,0,0.0,0.0,0.0
1790793023.287,6.6,64.5,0,438241,0.0,10.0,0,0,0,0,False,0,0.0,0.0,0.0
1790793024.287,9.2,64.5,0,0,0.0,0.0,0,0,0,0,False,0,0.0,0.0,0.0
1790793025.288,7.2,64.3,0,348135,0.0,36.0,0,0,0,0,False,0,0.0,0.0,0.0
1790793026.288,8.5,64.3,0,0,0.0,0.0,0,0,0,0,False,0,0.0,0.0,0.0
1790793027.288,6.9,64.3,0,0,0.0,0.0,0,0,0,0,False,0,0.0,0.0,0.0
1790793028.288,6.6,64.3,0,0,0.0,0.0,0,0,0,0,False,0,0.0,0.0,0.0
1790793029.288,6.5,64.3,0,24574,0.0,1.0,0,0,0,0,False,0,0.0,0.0,0.0
1790793030.288,6.5,64.2,0,1400731,0.0,16.0,0,0,0,0,False,0,0.0,0.0,0.0
1790793031.288,6.7,64.2,0,4096,0.0,1.0,0,0,0,0,False,0,0.0,0.0,0.0
1790793032.288,6.3,64.2,0,0,0.0,0.0,0,0,0,0,False,0,0.0,0.0,0.0
1790793033.288,7.2,64.2,0,65531,0.0,2.0,0,0,0,0,False,0,0.0,0.0,0.0
1790793034.288,7.6,64.2,0,4096,0.0,1.0,0,0,0,0,False,0,0.0,0.0,0.0
1790793035.288,6.3,64.2,0,7454189,0.0,71.0,0,0,0,0,False,0,0.0,0.0,0.0
1790793036.288,6.7,64.2,0,184307,0.0,4.0,0,0,0,0,False,0,0.0,0.0,0.0
1790793037.288,6.4,64.2,0,0,0.0,0.0,0,0,0,0,False,0,0.0,0.0,0.0
1790793038.288,6.3,64.3,0,0,0.0,0.0,0,0,0,0,False,0,0.0,0.0,0.0
1790793039.289,9.6,64.2,0,0,0.0,0.0,0,0,0,0,False,0,0.0,0.0,0.0
1790793040.289,6.4,64.2,0,3419997,0.0,41.0,0,0,0,0,False,0,0.0,0.0,0.0
1790793041.289,7.8,64.2,0,12287,0.0,1.0,0,0,0,0,False,0,0.0,0.0,0.0
1790793042.289,6.3,64.2,0,0,0.0,0.0,0,0,0,0,False,0,0.0,0.0,0.0
1790793043.289,6.4,64.2,0,0,0.0,0.0,0,0,0,0,False,0,0.0,0.0,0.0
1790793044.289,6.5,64.2,0,0,0.0,0.0,0,0,0,0,False,0,0.0,0.0,0.0
1790793045.289,6.3,64.2,0,0,0.0,0.0,0,0,0,0,False,0,0.0,0.0,0.0
1790793046.289,6.8,64.0,0,90105,0.0,3.0,0,0,0,0,False,0,0.0,0.0,0.0
1790793047.289,7.5,64.0,0,0,0.0,0.0,0,0,0,0,False,0,0.0,0.0,0.0
1790793048.289,8.5,63.9,0,217071,0.0,4.0,0,0,0,0,False,0,0.0,0.0,0.0
1790793049.289,6.8,63.9,0,0,0.0,0.0,0,0,0,0,False,0,0.0,0.0,0.0
1790793050.289,13.2,64.1,0,389088,0.0,77.0,0,0,0,0,False,0,0.0,0.0,0.0
1790793051.289,6.9,64.2,0,16383,0.0,1.0,0,0,0,0,False,0,0.0,0.0,0.0
1790793052.289,8.0,64.5,0,233455,0.0,12.0,0,0,0,0,False,0,0.0,0.0,0.0
1790793053.290,6.3,64.4,0,0,0.0,0.0,0,0,0,0,False,0,0.0,0.0,0.0
1790793054.290,8.0,64.7,0,24575,0.0,4.0,0,0,0,0,False,0,0.0,0.0,0.0
1790793055.290,6.6,64.7,0,0,0.0,0.0,0,0,0,0,False,0,0.0,0.0,0.0
1790793056.290,6.8,64.7,0,0,0.0,0.0,0,0,0,0,False,0,0.0,0.0,0.0
1790793057.290,6.4,64.6,0,53244,0.0,2.0,0,0,0,0,False,0,0.0,0.0,0.0
1790793058.290,6.6,64.5,0,0,0.0,0.0,0,0,0,0,False,0,0.0,0.0,0.0
1790793059.290,6.3,64.5,0,0,0.0,0.0,0,0,0,0,False,0,0.0,0.0,0.0
1790793060.290,6.4,64.4,0,0,0.0,0.0,0,0,0,0,False,0,0.0,0.0,0.0
1790793061.290,6.6,64.3,0,0,0.0,0.0,0,0,0,0,False,0,0.0,0.0,0.0
1790793062.290,6.3,64.3,0,0,0.0,0.0,0,0,0,0,False,0,0.0,0.0,0.0
1790793063.290,11.8,64.3,0,69627,0.0,3.0,0,0,0,0,False,0,0.0,0.0,0.0
1790793064.290,27.3,64.9,0,0,0.0,0.0,0,0,0,0,False,0,0.0,0.0,0.0
1790793065.290,23.0,64.6,0,49147,0.0,2.0,0,0,0,0,False,0,0.0,0.0,0.0
1790793066.290,9.4,64.5,0,23578946,0.0,215.0,0,0,0,0,False,0,0.0,0.0,0.0
1790793067.291,8.1,64.6,0,0,0.0,0.0,0,0,0,0,False,0,0.0,0.0,0.0
1790793068.291,25.4,65.0,0,32767,0.0,1.0,0,0,0,0,False,0,0.0,0.0,0.0
1790793069.291,22.1,65.2,0,0,0.0,0.0,1,1,0,1,False,0,0.0,0.0,0.0
1790793070.291,17.1,64.6,0,1286055,0.0,12.0,0,0,0,0,False,0,0.0,0.0,0.0
1790793071.291,6.8,64.6,0,0,0.0,0.0,0,0,0,0,False,0,0.0,0.0,0.0
1790793072.291,9.9,64.6,0,757705,0.0,7.0,0,0,0,0,False,0,0.0,0.0,0.0
1790793073.291,6.4,64.5,0,0,0.0,0.0,0,0,0,0,False,0,0.0,0.0,0.0
1790793074.291,6.6,64.5,0,0,0.0,0.0,0,0,0,0,False,0,0.0,0.0,0.0
1790793075.291,6.8,64.5,0,0,0.0,0.0,0,0,0,0,False,0,0.0,0.0,0.0
1790793076.291,7.1,64.4,0,3055395,0.0,41.0,0,0,0,0,False,0,0.0,0.0,0.0
1790793077.291,7.7,64.4,0,0,0.0,0.0,0,0,0,0,False,0,0.0,0.0,0.0
1790793078.291,6.3,64.4,0,0,0.0,0.0,0,0,0,0,False,0,0.0,0.0,0.0
1790793079.291,6.6,64.3,0,0,0.0,0.0,0,0,0,0,False,0,0.0,0.0,0.0
1790793080.291,7.3,63.9,0,135158,0.0,13.0,0,0,0,0,False,0,0.0,0.0,0.0
1790793081.292,6.6,63.9,0,4096,0.0,1.0,0,0,0,0,False,0,0.0,0.0,0.0
1790793082.292,6.4,63.9,0,991170,0.0,140.0,0,0,0,0,False,0,0.0,0.0,0.0
1790793083.292,8.0,63.9,0,0,0.0,0.0,0,0,0,0,False,0,0.0,0.0,0.0
1790793084.292,9.5,63.7,0,0,0.0,0.0,0,0,0,0,False,0,0.0,0.0,0.0
1790793085.292,6.9,63.6,0,860097,0.0,22.0,0,0,0,0,False,0,0.0,0.0,0.0
1790793086.292,6.8,63.6,0,1539987,0.0,15.0,0,0,0,0,False,0,0.0,0.0,0.0
1790793087.292,6.6,63.6,0,0,0.0,0.0,0,0,0,0,False,0,0.0,0.0,0.0
1790793088.292,7.1,63.5,0,0,0.0,0.0,0,0,0,0,False,0,0.0,0.0,0.0
1790793089.292,6.5,63.5,0,0,0.0,0.0,0,0,0,0,False,0,0.0,0.0,0.0
1790793090.292,6.4,63.5,0,651216,0.0,7.0,0,0,0,0,False,0,0.0,0.0,0.0
1790793091.292,7.6,63.5,0,4096,0.0,1.0,0,0,0,0,False,0,0.0,0.0,0.0
1790793092.292,7.2,63.5,0,0,0.0,0.0,0,0,0,0,False,0,0.0,0.0,0.0
1790793093.292,6.6,63.5,0,0,0.0,0.0,0,0,0,0,False,0,0.0,0.0,0.0
1790793094.292,7.5,63.5,0,0,0.0,0.0,0,0,0,0,False,0,0.0,0.0,0.0
1790793095.293,8.5,63.6,0,0,0.0,0.0,0,0,0,0,False,0,0.0,0.0,0.0
1790793096.293,6.8,63.5,0,53247,0.0,3.0,0,0,0,0,False,0,0.0,0.0,0.0
1790793097.293,10.7,63.5,0,98297,0.0,1.0,0,0,0,0,False,0,0.0,0.0,0.0
1790793098.293,8.3,63.5,0,0,0.0,0.0,0,0,0,0,False,0,0.0,0.0,0.0
1790793099.293,9.2,63.5,0,0,0.0,0.0,0,0,0,0,False,0,0.0,0.0,0.0
1790793100.293,7.9,63.5,0,0,0.0,0.0,0,0,0,0,False,0,0.0,0.0,0.0
1790793101.293,8.2,63.5,0,53244,0.0,2.0,0,0,0,0,False,0,0.0,0.0,0.0
1790793102.293,8.1,63.5,0,0,0.0,0.0,0,0,0,0,False,0,0.0,0.0,0.0
1790793103.293,7.4,63.5,0,0,0.0,0.0,0,0,0,0,False,0,0.0,0.0,0.0
1790793104.293,10.8,63.5,0,0,0.0,0.0,0,0,0,0,False,0,0.0,0.0,0.0
1790793105.293,7.8,63.4,0,0,0.0,0.0,0,0,0,0,False,0,0.0,0.0,0.0
1790793106.293,9.0,63.3,0,2850604,0.0,31.0,0,0,0,0,False,0,0.0,0.0,0.0
1790793107.293,8.1,63.3,0,0,0.0,0.0,0,0,0,0,False,0,0.0,0.0,0.0
1790793108.293,8.0,63.3,0,0,0.0,0.0,0,0,0,0,False,0,0.0,0.0,0.0
1790793109.294,7.8,63.3,0,1331100,0.0,15.0,0,0,0,0,False,0,0.0,0.0,0.0
1790793110.294,7.6,63.3,0,86012,0.0,10.0,0,0,0,0,False,0,0.0,0.0,0.0
1790793111.294,6.9,63.3,0,0,0.0,0.0,0,0,0,0,False,0,0.0,0.0,0.0
1790793112.294,7.4,63.3,0,20478,0.0,2.0,0,0,0,0,False,0,0.0,0.0,0.0
1790793113.294,9.3,63.3,0,16383,0.0,1.0,0,0,0,0,False,0,0.0,0.0,0.0
1790793114.294,10.1,63.7,0,0,0.0,0.0,0,0,0,0,False,0,0.0,0.0,0.0
1790793115.294,8.0,63.7,0,0,0.0,0.0,0,0,0,0,False,0,0.0,0.0,0.0
1790793116.294,8.2,63.8,0,466906,0.0,76.0,0,0,0,0,False,0,0.0,0.0,0.0
1790793117.294,7.9,63.7,0,0,0.0,0.0,0,0,0,0,False,0,0.0,0.0,0.0
1790793118.294,7.2,63.8,0,0,0.0,0.0,0,0,0,0,False,0,0.0,0.0,0.0
1790793119.294,6.4,63.8,12287,180211,3.0,4.0,0,0,0,0,False,0,0.0,0.0,0.0
1790793120.294,7.6,63.8,0,0,0.0,0.0,0,0,0,0,False,0,0.0,0.0,0.0
1790793121.294,7.2,63.8,0,0,0.0,0.0,0,0,0,0,False,0,0.0,0.0,0.0
1790793122.295,6.6,63.8,0,0,0.0,0.0,0,0,0,0,False,0,0.0,0.0,0.0
1790793123.295,8.5,63.7,0,0,0.0,0.0,0,0,0,0,False,0,0.0,0.0,0.0
1790793124.295,6.9,63.7,0,53244,0.0,2.0,0,0,0,0,False,0,0.0,0.0,0.0
1790793125.295,6.6,63.7,0,0,0.0,0.0,0,0,0,0,False,0,0.0,0.0,0.0
1790793126.295,6.5,63.7,0,0,0.0,0.0,0,0,0,0,False,0,0.0,0.0,0.0
1790793127.295,10.4,63.7,0,4096,0.0,1.0,0,0,0,0,False,0,0.0,0.0,0.0
1790793128.295,7.4,63.7,0,0,0.0,0.0,0,0,0,0,False,0,0.0,0.0,0.0
1790793129.295,9.1,63.7,0,0,0.0,0.0,0,0,0,0,False,0,0.0,0.0,0.0
1790793130.295,6.7,63.7,0,0,0.0,0.0,0,0,0,0,False,0,0.0,0.0,0.0
1790793131.295,6.4,63.7,0,16383,0.0,2.0,0,0,0,0,False,0,0.0,0.0,0.0
1790793132.295,7.7,63.7,0,53244,0.0,4.0,0,0,0,0,False,0,0.0,0.0,0.0
1790793133.295,23.0,64.3,0,32765,0.0,1.0,0,0,0,0,False,0,0.0,0.0,0.0
1790793134.295,17.2,63.9,0,53243,0.0,3.0,0,0,0,0,False,0,0.0,0.0,0.0
1790793135.296,11.7,64.4,0,4898333,0.0,50.0,0,0,0,0,False,0,0.0,0.0,0.0
1790793136.296,7.4,64.3,0,0,0.0,0.0,0,0,0,0,False,0,0.0,0.0,0.0
1790793137.296,8.5,64.6,0,2568011,0.0,35.0,0,0,0,0,False,0,0.0,0.0,0.0
1790793138.296,6.4,64.6,0,0,0.0,0.0,0,0,0,0,False,0,0.0,0.0,0.0
1790793139.296,6.4,64.6,0,0,0.0,0.0,0,0,0,0,False,0,0.0,0.0,0.0
1790793140.296,6.7,64.5,73723,380901,1.0,46.0,0,0,0,0,False,0,0.0,0.0,0.0
1790793141.296,7.5,64.5,0,0,0.0,0.0,0,0,0,0,False,0,0.0,0.0,0.0
1790793142.296,6.9,64.5,0,0,0.0,0.0,0,0,0,0,False,0,0.0,0.0,0.0
1790793143.296,6.3,64.5,0,16383,0.0,1.0,0,0,0,0,False,0,0.0,0.0,0.0
1790793144.296,7.5,64.4,0,94201,0.0,10.0,0,0,0,0,False,0,0.0,0.0,0.0
1790793145.296,6.4,64.4,0,0,0.0,0.0,0,0,0,0,False,0,0.0,0.0,0.0
1790793146.296,6.4,64.4,0,0,0.0,0.0,0,0,0,0,False,0,0.0,0.0,0.0
1790793147.296,6.7,64.4,0,413666,0.0,12.0,0,0,0,0,False,0,0.0,0.0,0.0
1790793148.297,7.9,64.3,0,135157,0.0,13.0,0,0,0,0,False,0,0.0,0.0,0.0
1790793149.297,6.3,64.3,0,0,0.0,0.0,0,0,0,0,False,0,0.0,0.0,0.0
1790793150.297,6.4,64.3,0,745415,0.0,78.0,0,0,0,0,False,0,0.0,0.0,0.0
1790793151.297,6.4,64.2,0,0,0.0,0.0,0,0,0,0,False,0,0.0,0.0,0.0
1790793152.297,6.6,64.2,0,12287,0.0,3.0,0,0,0,0,False,0,0.0,0.0,0.0
1790793153.297,6.3,64.1,0,0,0.0,0.0,0,0,0,0,False,0,0.0,0.0,0.0
1790793154.297,9.5,64.0,0,0,0.0,0.0,0,0,0,0,False,0,0.0,0.0,0.0
1790793155.297,8.3,64.0,0,0,0.0,0.0,0,0,0,0,False,0,0.0,0.0,0.0
1790793156.297,6.8,64.1,0,65531,0.0,2.0,0,0,0,0,False,0,0.0,0.0,0.0
1790793157.297,6.8,64.0,0,0,0.0,0.0,0,0,0,0,False,0,0.0,0.0,0.0
1790793158.297,10.0,64.0,0,0,0.0,0.0,0,0,0,0,False,0,0.0,0.0,0.0
1790793159.297,6.3,64.0,0,0,0.0,0.0,0,0,0,0,False,0,0.0,0.0,0.0
1790793160.297,6.5,63.9,0,0,0.0,0.0,0,0,0,0,False,0,0.0,0.0,0.0
1790793161.297,6.6,63.9,0,0,0.0,0.0,0,0,0,0,False,0,0.0,0.0,0.0
1790793162.298,8.2,63.9,0,16383,0.0,2.0,0,0,0,0,False,0,0.0,0.0,0.0
1790793163.298,6.7,63.9,0,0,0.0,0.0,0,0,0,0,False,0,0.0,0.0,0.0
1790793164.298,6.7,63.9,0,180211,0.0,14.0,0,0,0,0,False,0,0.0,0.0,0.0
1790793165.298,6.9,63.8,0,180211,0.0,18.0,0,0,0,0,False,0,0.0,0.0,0.0
1790793166.298,6.5,63.5,0,0,0.0,0.0,0,0,0,0,False,0,0.0,0.0,0.0
1790793167.298,6.6,63.5,0,1331106,0.0,15.0,0,0,0,0,False,0,0.0,0.0,0.0
1790793168.298,6.5,63.5,0,0,0.0,0.0,0,0,0,0,False,0,0.0,0.0,0.0
1790793169.298,7.9,63.5,0,0,0.0,0.0,0,0,0,0,False,0,0.0,0.0,0.0
1790793170.298,6.6,63.5,0,0,0.0,0.0,0,0,0,0,False,0,0.0,0.0,0.0
1790793171.298,6.6,63.5,0,57340,0.0,2.0,0,0,0,0,False,0,0.0,0.0,0.0
1790793172.298,6.6,63.5,0,0,0.0,0.0,0,0,0,0,False,0,0.0,0.0,0.0
1790793173.298,6.6,63.6,0,2916135,0.0,31.0,0,0,0,0,False,0,0.0,0.0,0.0
1790793174.298,9.0,64.0,0,20479,0.0,2.0,0,0,0,0,False,0,0.0,0.0,0.0
1790793175.298,22.1,64.5,0,32766,0.0,1.0,0,0,0,0,False,0,0.0,0.0,0.0
1790793176.299,29.1,64.7,0,0,0.0,0.0,1,1,0,1,False,0,0.0,0.0,0.0
1790793177.299,16.8,64.2,0,49148,0.0,2.0,0,0,0,0,False,0,0.0,0.0,0.0
1790793178.299,9.1,64.2,0,991155,0.0,16.0,0,0,0,0,False,0,0.0,0.0,0.0
1790793179.299,6.6,64.2,0,0,0.0,0.0,0,0,0,0,False,0,0.0,0.0,0.0
1790793180.299,6.6,64.1,0,0,0.0,0.0,0,0,0,0,False,0,0.0,0.0,0.0
1790793181.299,11.4,64.5,0,86010,0.0,3.0,0,0,0,0,False,0,0.0,0.0,0.0
1790793182.299,7.8,64.7,0,86010,0.0,6.0,0,0,0,0,False,0,0.0,0.0,0.0
1790793183.299,8.8,64.7,0,77818,0.0,6.0,0,0,0,0,False,0,0.0,0.0,0.0
1790793184.299,7.9,64.7,0,90105,0.0,10.0,0,0,0,0,False,0,0.0,0.0,0.0
1790793185.299,6.6,64.6,0,0,0.0,0.0,0,0,0,0,False,0,0.0,0.0,0.0
1790793186.299,6.8,64.6,0,741322,0.0,93.0,0,0,0,0,False,0,0.0,0.0,0.0
1790793187.299,6.9,64.6,0,0,0.0,0.0,0,0,0,0,False,0,0.0,0.0,0.0
1790793188.299,6.8,64.5,0,16383,0.0,2.0,0,0,0,0,False,0,0.0,0.0,0.0
1790793189.299,6.9,64.5,0,0,0.0,0.0,0,0,0,0,False,0,0.0,0.0,0.0
1790793190.300,7.9,64.5,0,73723,0.0,3.0,0,0,0,0,False,0,0.0,0.0,0.0
1790793191.300,11.6,64.6,0,32767,0.0,1.0,0,0,0,0,False,0,0.0,0.0,0.0
1790793192.300,26.5,65.3,0,0,0.0,0.0,0,0,0,0,False,0,0.0,0.0,0.0
1790793193.300,41.6,65.4,0,0,0.0,0.0,2,2,0,2,False,0,0.0,0.0,0.0
1790793194.300,20.9,65.5,0,0,0.0,0.0,1,1,0,1,False,0,0.0,0.0,0.0
1790793195.300,71.9,65.0,0,22780312,0.0,198.0,0,0,0,0,False,0,0.0,0.0,0.0
1790793196.300,7.1,65.0,0,0,0.0,0.0,0,0,0,0,False,0,0.0,0.0,0.0
1790793197.300,7.9,64.9,0,647121,0.0,6.0,0,0,0,0,False,0,0.0,0.0,0.0
1790793198.300,7.2,64.8,0,0,0.0,0.0,0,0,0,0,False,0,0.0,0.0,0.0
1790793199.300,17.3,65.2,0,32766,0.0,1.0,0,0,0,0,False,0,0.0,0.0,0.0
1790793200.300,26.5,65.4,0,9579884,0.0,74.0,2,1,0,2,False,0,0.0,0.0,0.0
1790793201.300,14.6,64.9,0,45053,0.0,2.0,0,0,0,0,False,0,0.0,0.0,0.0
1790793202.300,7.1,64.9,0,0,0.0,0.0,0,0,0,0,False,0,0.0,0.0,0.0
1790793203.300,6.9,64.9,0,2998053,0.0,28.0,0,0,0,0,False,0,0.0,0.0,0.0
1790793204.301,10.7,64.8,0,0,0.0,0.0,0,0,0,0,False,0,0.0,0.0,0.0
1790793205.301,7.2,64.7,0,0,0.0,0.0,0,0,0,0,False,0,0.0,0.0,0.0
1790793206.301,6.9,64.6,0,0,0.0,0.0,0,0,0,0,False,0,0.0,0.0,0.0
1790793207.301,6.9,64.6,0,0,0.0,0.0,0,0,0,0,False,0,0.0,0.0,0.0
1790793208.301,6.6,64.5,0,53244,0.0,1.0,0,0,0,0,False,0,0.0,0.0,0.0
1790793209.301,6.7,64.5,0,917438,0.0,16.0,0,0,0,0,False,0,0.0,0.0,0.0
1790793210.301,6.5,64.5,0,0,0.0,0.0,0,0,0,0,False,0,0.0,0.0,0.0
1790793211.301,7.9,64.1,0,122871,0.0,11.0,0,0,0,0,False,0,0.0,0.0,0.0
1790793212.301,7.4,64.1,0,0,0.0,0.0,0,0,0,0,False,0,0.0,0.0,0.0
1790793213.301,6.4,64.1,0,1384347,0.0,15.0,0,0,0,0,False,0,0.0,0.0,0.0
1790793214.301,12.6,64.0,0,32766,0.0,1.0,0,0,0,0,False,0,0.0,0.0,0.0
1790793215.301,23.2,64.7,0,18479799,0.0,152.0,0,0,0,0,False,0,0.0,0.0,0.0
1790793216.301,26.4,63.8,0,466910,0.0,9.0,0,0,0,0,False,0,0.0,0.0,0.0
1790793217.301,6.6,63.8,0,57340,0.0,8.0,0,0,0,0,False,0,0.0,0.0,0.0
1790793218.302,9.4,63.7,0,0,0.0,0.0,0,0,0,0,False,0,0.0,0.0,0.0
1790793219.302,6.8,63.7,0,0,0.0,0.0,0,0,0,0,False,0,0.0,0.0,0.0
1790793220.302,6.1,63.7,0,0,0.0,0.0,0,0,0,0,False,0,0.0,0.0,0.0
1790793221.302,6.2,63.6,0,757703,0.0,95.0,0,0,0,0,False,0,0.0,0.0,0.0
1790793222.302,6.6,63.6,0,0,0.0,0.0,0,0,0,0,False,0,0.0,0.0,0.0
1790793223.302,6.3,63.6,0,0,0.0,0.0,0,0,0,0,False,0,0.0,0.0,0.0
1790793224.302,10.3,63.6,0,184307,0.0,4.0,0,0,0,0,False,0,0.0,0.0,0.0
1790793225.302,7.5,63.6,0,0,0.0,0.0,0,0,0,0,False,0,0.0,0.0,0.0
1790793226.302,6.9,63.5,0,0,0.0,0.0,0,0,0,0,False,0,0.0,0.0,0.0
1790793227.302,6.6,63.5,0,0,0.0,0.0,0,0,0,0,False,0,0.0,0.0,0.0
1790793228.302,6.3,63.5,0,0,0.0,0.0,0,0,0,0,False,0,0.0,0.0,0.0
1790793229.302,6.4,63.5,0,24574,0.0,2.0,0,0,0,0,False,0,0.0,0.0,0.0
1790793230.302,6.6,63.5,0,0,0.0,0.0,0,0,0,0,False,0,0.0,0.0,0.0
1790793231.302,6.6,63.5,0,0,0.0,0.0,0,0,0,0,False,0,0.0,0.0,0.0
1790793232.303,9.2,63.5,0,0,0.0,0.0,0,0,0,0,False,0,0.0,0.0,0.0
1790793233.303,7.0,63.6,0,0,0.0,0.0,0,0,0,0,False,0,0.0,0.0,0.0
1790793234.303,8.9,63.9,0,3010334,0.0,34.0,0,0,0,0,False,0,0.0,0.0,0.0
1790793235.303,6.9,63.9,0,0,0.0,0.0,0,0,0,0,False,0,0.0,0.0,0.0
1790793236.303,6.8,63.8,0,0,0.0,0.0,0,0,0,0,False,0,0.0,0.0,0.0
1790793237.303,6.8,63.8,0,0,0.0,0.0,0,0,0,0,False,0,0.0,0.0,0.0
1790793238.303,6.8,63.8,0,0,0.0,0.0,0,0,0,0,False,0,0.0,0.0,0.0
1790793239.303,6.8,63.8,0,49148,0.0,2.0,0,0,0,0,False,0,0.0,0.0,0.0
1790793240.303,7.8,63.8,0,0,0.0,0.0,0,0,0,0,False,0,0.0,0.0,0.0
1790793241.303,6.4,63.8,0,188402,0.0,9.0,0,0,0,0,False,0,0.0,0.0,0.0
1790793242.303,6.8,63.8,0,1068976,0.0,13.0,0,0,0,0,False,0,0.0,0.0,0.0
1790793243.303,8.5,63.8,0,0,0.0,0.0,0,0,0,0,False,0,0.0,0.0,0.0
1790793244.304,7.2,63.7,0,16383,0.0,1.0,0,0,0,0,False,0,0.0,0.0,0.0
1790793245.304,6.9,63.7,0,0,0.0,0.0,0,0,0,0,False,0,0.0,0.0,0.0
1790793246.304,6.5,63.7,0,45052,0.0,2.0,0,0,0,0,False,0,0.0,0.0,0.0
1790793247.304,10.1,64.0,0,0,0.0,0.0,0,0,0,0,False,0,0.0,0.0,0.0
1790793248.304,25.4,64.5,0,176111,0.0,5.0,0,0,0,0,False,0,0.0,0.0,0.0
1790793249.304,45.7,65.2,0,655309,0.0,16.0,0,0,0,0,False,0,0.0,0.0,0.0
1790793250.304,19.4,64.7,0,45053,0.0,2.0,0,0,0,0,False,0,0.0,0.0,0.0
1790793251.304,10.4,64.9,0,696268,0.0,16.0,0,0,0,0,False,0,0.0,0.0,0.0
1790793252.304,6.8,64.8,0,0,0.0,0.0,0,0,0,0,False,0,0.0,0.0,0.0
1790793253.304,6.5,64.8,0,0,0.0,0.0,0,0,0,0,False,0,0.0,0.0,0.0
1790793254.304,10.5,64.8,0,729020,0.0,92.0,0,0,0,0,False,0,0.0,0.0,0.0
1790793255.304,6.3,64.8,0,0,0.0,0.0,0,0,0,0,False,0,0.0,0.0,0.0
1790793256.304,6.6,64.7,0,20479,0.0,2.0,0,0,0,0,False,0,0.0,0.0,0.0
1790793257.305,6.7,64.7,0,0,0.0,0.0,0,0,0,0,False,0,0.0,0.0,0.0
1790793258.305,7.7,64.6,0,0,0.0,0.0,0,0,0,0,False,0,0.0,0.0,0.0
1790793259.305,6.4,64.6,0,0,0.0,0.0,0,0,0,0,False,0,0.0,0.0,0.0
1790793260.305,8.9,64.5,0,0,0.0,0.0,0,0,0,0,False,0,0.0,0.0,0.0
1790793261.305,6.9,64.5,0,0,0.0,0.0,0,0,0,0,False,0,0.0,0.0,0.0
1790793262.305,6.7,64.5,0,0,0.0,0.0,0,0,0,0,False,0,0.0,0.0,0.0
1790793263.305,6.8,64.5,0,0,0.0,0.0,0,0,0,0,False,0,0.0,0.0,0.0
1790793264.305,9.8,64.7,0,45053,0.0,2.0,0,0,0,0,False,0,0.0,0.0,0.0
1790793265.305,9.0,64.6,0,2539338,0.0,24.0,0,0,0,0,False,0,0.0,0.0,0.0
1790793266.305,6.8,64.6,0,0,0.0,0.0,0,0,0,0,False,0,0.0,0.0,0.0
1790793267.305,6.9,64.6,0,0,0.0,0.0,0,0,0,0,False,0,0.0,0.0,0.0
1790793268.305,7.0,64.6,0,0,0.0,0.0,0,0,0,0,False,0,0.0,0.0,0.0
1790793269.305,7.1,64.6,0,69627,0.0,2.0,0,0,0,0,False,0,0.0,0.0,0.0
1790793270.305,8.4,64.6,0,0,0.0,0.0,0,0,0,0,False,0,0.0,0.0,0.0
1790793271.306,7.0,64.6,0,0,0.0,0.0,0,0,0,0,False,0,0.0,0.0,0.0
1790793272.306,8.7,64.6,0,430057,0.0,10.0,0,0,0,0,False,0,0.0,0.0,0.0
1790793273.306,8.9,64.5,0,184307,0.0,4.0,0,0,0,0,False,0,0.0,0.0,0.0
1790793274.306,7.0,64.6,0,0,0.0,0.0,0,0,0,0,False,0,0.0,0.0,0.0
1790793275.306,6.7,64.6,0,0,0.0,0.0,0,0,0,0,False,0,0.0,0.0,0.0
1790793276.306,7.1,64.5,0,16383,0.0,1.0,0,0,0,0,False,0,0.0,0.0,0.0
1790793277.306,6.9,64.5,0,0,0.0,0.0,0,0,0,0,False,0,0.0,0.0,0.0
1790793278.306,11.4,64.4,0,262123,0.0,22.0,0,0,0,0,False,0,0.0,0.0,0.0
1790793279.306,25.9,64.9,0,122871,0.0,10.0,0,0,0,0,False,0,0.0,0.0,0.0
1790793280.306,34.4,64.3,0,69627,0.0,7.0,0,0,0,0,False,0,0.0,0.0,0.0
1790793281.306,6.8,64.1,0,0,0.0,0.0,0,0,0,0,False,0,0.0,0.0,0.0
1790793282.306,7.3,64.1,0,73723,0.0,1.0,0,0,0,0,False,0,0.0,0.0,0.0
1790793283.306,6.6,64.1,0,0,0.0,0.0,0,0,0,0,False,0,0.0,0.0,0.0
1790793284.306,8.7,64.0,0,0,0.0,0.0,0,0,0,0,False,0,0.0,0.0,0.0
1790793285.307,7.0,64.0,0,2912050,0.0,25.0,0,0,0,0,False,0,0.0,0.0,0.0
1790793286.307,7.9,64.0,0,208884,0.0,4.0,0,0,0,0,False,0,0.0,0.0,0.0
1790793287.307,6.8,63.9,0,450528,0.0,80.0,0,0,0,0,False,0,0.0,0.0,0.0
1790793288.307,6.9,63.9,0,0,0.0,0.0,0,0,0,0,False,0,0.0,0.0,0.0
1790793289.307,6.8,63.9,0,0,0.0,0.0,0,0,0,0,False,0,0.0,0.0,0.0
1790793290.307,6.5,63.9,0,0,0.0,0.0,0,0,0,0,False,0,0.0,0.0,0.0
1790793291.307,6.6,63.9,0,0,0.0,0.0,0,0,0,0,False,0,0.0,0.0,0.0
1790793292.307,11.5,64.0,0,49148,0.0,2.0,0,0,0,0,False,0,0.0,0.0,0.0
1790793293.307,7.9,64.1,0,0,0.0,0.0,0,0,0,0,False,0,0.0,0.0,0.0
1790793294.307,7.6,64.2,0,0,0.0,0.0,0,0,0,0,False,0,0.0,0.0,0.0
1790793295.307,12.8,64.8,0,3137309,0.0,34.0,0,0,0,0,False,0,0.0,0.0,0.0
1790793296.307,10.1,64.8,0,245742,0.0,12.0,0,0,0,0,False,0,0.0,0.0,0.0
1790793297.307,7.2,64.7,0,0,0.0,0.0,0,0,0,0,False,0,0.0,0.0,0.0
1790793298.307,7.2,64.7,0,0,0.0,0.0,0,0,0,0,False,0,0.0,0.0,0.0
1790793299.308,9.8,64.7,0,12287,0.0,3.0,0,0,0,0,False,0,0.0,0.0,0.0
1790793300.308,8.2,64.7,0,0,0.0,0.0,0,0,0,0,False,0,0.0,0.0,0.0
1790793301.308,6.6,64.6,0,8191,0.0,2.0,0,0,0,0,False,0,0.0,0.0,0.0
1790793302.308,7.4,64.6,0,81914,0.0,5.0,0,0,0,0,False,0,0.0,0.0,0.0
1790793303.308,7.0,64.6,0,0,0.0,0.0,0,0,0,0,False,0,0.0,0.0,0.0
1790793304.308,11.7,64.5,0,192498,0.0,9.0,0,0,0,0,False,0,0.0,0.0,0.0
1790793305.308,23.6,65.1,0,32766,0.0,1.0,0,0,0,0,False,0,0.0,0.0,0.0
1790793306.308,36.4,65.2,0,4096,0.0,1.0,0,0,0,0,False,0,0.0,0.0,0.0
1790793307.308,8.7,64.4,0,258030,0.0,6.0,0,0,0,0,False,0,0.0,0.0,0.0
1790793308.308,8.8,64.4,0,0,0.0,0.0,0,0,0,0,False,0,0.0,0.0,0.0
1790793309.308,7.6,64.4,0,0,0.0,0.0,0,0,0,0,False,0,0.0,0.0,0.0
1790793310.308,9.8,64.6,0,0,0.0,0.0,0,0,0,0,False,0,0.0,0.0,0.0
1790793311.308,24.2,65.0,0,32766,0.0,1.0,0,0,0,0,False,0,0.0,0.0,0.0
1790793312.308,37.5,65.2,0,90105,0.0,1.0,0,0,0,0,False,0,0.0,0.0,0.0
1790793313.309,7.7,64.4,0,249837,0.0,5.0,0,0,0,0,False,0,0.0,0.0,0.0
1790793314.309,7.6,64.5,0,0,0.0,0.0,0,0,0,0,False,0,0.0,0.0,0.0
1790793315.309,9.2,64.5,0,0,0.0,0.0,0,0,0,0,False,0,0.0,0.0,0.0
1790793316.309,7.9,64.5,0,0,0.0,0.0,0,0,0,0,False,0,0.0,0.0,0.0
1790793317.309,7.9,64.4,0,0,0.0,0.0,0,0,0,0,False,0,0.0,0.0,0.0
1790793318.309,7.7,64.4,0,1236904,0.0,10.0,0,0,0,0,False,0,0.0,0.0,0.0
1790793319.309,7.7,64.4,0,0,0.0,0.0,0,0,0,0,False,0,0.0,0.0,0.0
1790793320.309,7.8,64.4,0,0,0.0,0.0,0,0,0,0,False,0,0.0,0.0,0.0
1790793321.309,6.7,64.4,0,0,0.0,0.0,0,0,0,0,False,0,0.0,0.0,0.0
1790793322.309,13.1,64.4,0,147445,0.0,10.0,0,0,0,0,False,0,0.0,0.0,0.0
1790793323.309,6.7,64.4,0,442336,0.0,91.0,0,0,0,0,False,0,0.0,0.0,0.0
1790793324.309,6.9,64.3,0,180209,0.0,21.0,0,0,0,0,False,0,0.0,0.0,0.0
1790793325.309,7.0,64.2,0,102393,0.0,13.0,0,0,0,0,False,0,0.0,0.0,0.0
1790793326.309,8.2,64.1,0,2244449,0.0,28.0,0,0,0,0,False,0,0.0,0.0,0.0
1790793327.310,8.7,64.2,0,0,0.0,0.0,0,0,0,0,False,0,0.0,0.0,0.0
1790793328.310,22.5,64.7,0,32767,0.0,1.0,0,0,0,0,False,0,0.0,0.0,0.0
1790793329.310,29.1,65.0,0,0,0.0,0.0,1,0,0,1,False,0,0.0,0.0,0.0
1790793330.310,29.9,65.0,0,188402,0.0,3.0,1,1,0,1,False,0,0.0,0.0,0.0
1790793331.310,21.1,65.0,0,1318801,0.0,12.0,1,1,0,1,False,0,0.0,0.0,0.0
1790793332.310,22.7,65.0,0,0,0.0,0.0,1,1,0,1,False,0,0.0,0.0,0.0
1790793333.310,22.9,64.8,0,1609612,0.0,18.0,1,1,0,1,False,0,0.0,0.0,0.0
1790793334.310,22.0,64.8,0,0,0.0,0.0,1,1,0,1,False,0,0.0,0.0,0.0
1790793335.310,20.5,64.7,0,491484,0.0,11.0,1,1,0,1,False,0,0.0,0.0,0.0
1790793336.310,12.6,64.0,0,45052,0.0,2.0,0,0,0,0,False,0,0.0,0.0,0.0
1790793337.310,6.9,64.0,0,0,0.0,0.0,0,0,0,0,False,0,0.0,0.0,0.0
1790793338.310,19.8,64.5,0,122871,0.0,3.0,0,0,0,0,False,0,0.0,0.0,0.0
1790793339.310,25.6,64.8,0,0,0.0,0.0,1,1,0,1,False,0,0.0,0.0,0.0
1790793340.311,13.6,64.2,0,1281956,0.0,12.0,0,0,0,0,False,0,0.0,0.0,0.0
1790793341.311,6.7,64.2,0,663504,0.0,7.0,0,0,0,0,False,0,0.0,0.0,0.0
1790793342.311,7.9,64.2,0,0,0.0,0.0,0,0,0,0,False,0,0.0,0.0,0.0
1790793343.311,6.7,64.2,0,0,0.0,0.0,0,0,0,0,False,0,0.0,0.0,0.0
1790793344.311,9.0,64.2,0,0,0.0,0.0,0,0,0,0,False,0,0.0,0.0,0.0
1790793345.311,6.3,64.1,0,0,0.0,0.0,0,0,0,0,False,0,0.0,0.0,0.0
1790793346.311,6.6,64.1,0,0,0.0,0.0,0,0,0,0,False,0,0.0,0.0,0.0
1790793347.311,6.7,64.1,0,0,0.0,0.0,0,0,0,0,False,0,0.0,0.0,0.0
1790793348.311,6.7,64.1,0,176111,0.0,4.0,0,0,0,0,False,0,0.0,0.0,0.0
1790793349.311,7.9,64.0,0,0,0.0,0.0,0,0,0,0,False,0,0.0,0.0,0.0
1790793350.311,13.7,64.3,0,0,0.0,0.0,0,0,0,0,False,0,0.0,0.0,0.0
1790793351.311,8.3,64.2,0,0,0.0,0.0,0,0,0,0,False,0,0.0,0.0,0.0
1790793352.311,23.0,64.7,0,286692,0.0,14.0,0,0,0,0,False,0,0.0,0.0,0.0
1790793353.312,21.4,65.3,0,0,0.0,0.0,0,0,0,0,False,0,0.0,0.0,0.0
1790793354.312,9.1,65.0,0,45052,0.0,2.0,0,0,0,0,False,0,0.0,0.0,0.0
1790793355.312,7.2,64.9,0,643024,0.0,91.0,0,0,0,0,False,0,0.0,0.0,0.0
1790793356.312,7.4,64.9,0,253933,0.0,12.0,0,0,0,0,False,0,0.0,0.0,0.0
1790793357.312,6.6,64.8,0,2961197,0.0,31.0,0,0,0,0,False,0,0.0,0.0,0.0
1790793358.312,6.5,64.8,0,16383,0.0,2.0,0,0,0,0,False,0,0.0,0.0,0.0
1790793359.312,6.5,64.7,0,0,0.0,0.0,0,0,0,0,False,0,0.0,0.0,0.0
1790793360.312,6.8,64.7,0,0,0.0,0.0,0,0,0,0,False,0,0.0,0.0,0.0
1790793361.312,6.8,64.6,0,0,0.0,0.0,0,0,0,0,False,0,0.0,0.0,0.0
1790793362.312,9.0,64.6,0,0,0.0,0.0,0,0,0,0,False,0,0.0,0.0,0.0
1790793363.312,8.4,64.6,0,61435,0.0,3.0,0,0,0,0,False,0,0.0,0.0,0.0
1790793364.312,7.0,64.6,0,0,0.0,0.0,0,0,0,0,False,0,0.0,0.0,0.0
1790793365.312,6.7,64.5,0,0,0.0,0.0,0,0,0,0,False,0,0.0,0.0,0.0
1790793366.313,6.7,64.4,0,0,0.0,0.0,0,0,0,0,False,0,0.0,0.0,0.0
1790793367.313,7.1,64.4,0,733148,0.0,14.0,0,0,0,0,False,0,0.0,0.0,0.0
1790793368.313,6.9,64.4,0,1200036,0.0,11.0,0,0,0,0,False,0,0.0,0.0,0.0
1790793369.313,7.1,64.4,0,81914,0.0,6.0,0,0,0,0,False,0,0.0,0.0,0.0
1790793370.313,6.9,64.4,0,1236891,0.0,10.0,0,0,0,0,False,0,0.0,0.0,0.0
1790793371.313,6.8,64.4,0,0,0.0,0.0,0,0,0,0,False,0,0.0,0.0,0.0
1790793372.313,19.5,65.0,0,32766,0.0,1.0,0,0,0,0,False,0,0.0,0.0,0.0
1790793373.313,22.2,65.2,0,0,0.0,0.0,1,0,0,1,False,0,0.0,0.0,0.0
1790793374.313,9.1,64.4,0,15371038,0.0,125.0,0,0,0,0,False,0,0.0,0.0,0.0
1790793375.313,8.8,64.3,0,0,0.0,0.0,0,0,0,0,False,0,0.0,0.0,0.0
1790793376.313,6.9,64.3,0,0,0.0,0.0,0,0,0,0,False,0,0.0,0.0,0.0
1790793377.313,7.3,64.3,0,0,0.0,0.0,0,0,0,0,False,0,0.0,0.0,0.0
1790793378.313,10.0,64.3,0,0,0.0,0.0,0,0,0,0,False,0,0.0,0.0,0.0
1790793379.314,7.1,64.3,0,167924,0.0,3.0,0,0,0,0,False,0,0.0,0.0,0.0
1790793380.314,7.1,64.2,0,81916,0.0,10.0,0,0,0,0,False,0,0.0,0.0,0.0
1790793381.314,7.2,63.9,0,0,0.0,0.0,0,0,0,0,False,0,0.0,0.0,0.0
1790793382.314,7.2,63.9,0,1335203,0.0,13.0,0,0,0,0,False,0,0.0,0.0,0.0
1790793383.314,6.6,63.9,0,0,0.0,0.0,0,0,0,0,False,0,0.0,0.0,0.0
1790793384.314,7.4,63.8,0,24574,0.0,1.0,0,0,0,0,False,0,0.0,0.0,0.0
1790793385.314,6.5,63.8,0,0,0.0,0.0,0,0,0,0,False,0,0.0,0.0,0.0
1790793386.314,6.3,63.8,0,0,0.0,0.0,0,0,0,0,False,0,0.0,0.0,0.0
1790793387.314,6.6,63.8,0,360422,0.0,63.0,0,0,0,0,False,0,0.0,0.0,0.0
1790793388.314,7.3,63.8,0,2809652,0.0,31.0,0,0,0,0,False,0,0.0,0.0,0.0
1790793389.314,8.0,63.7,0,0,0.0,0.0,0,0,0,0,False,0,0.0,0.0,0.0
1790793390.314,6.3,63.7,0,405474,0.0,5.0,0,0,0,0,False,0,0.0,0.0,0.0
1790793391.314,7.0,63.7,0,0,0.0,0.0,0,0,0,0,False,0,0.0,0.0,0.0
1790793392.314,7.1,63.7,0,0,0.0,0.0,0,0,0,0,False,0,0.0,0.0,0.0
1790793393.315,8.3,63.5,0,0,0.0,0.0,0,0,0,0,False,0,0.0,0.0,0.0
1790793394.315,6.8,63.5,0,4096,0.0,1.0,0,0,0,0,False,0,0.0,0.0,0.0
1790793395.315,6.6,63.5,0,65531,0.0,2.0,0,0,0,0,False,0,0.0,0.0,0.0
1790793396.315,6.4,63.5,0,0,0.0,0.0,0,0,0,0,False,0,0.0,0.0,0.0
1790793397.315,6.6,63.5,0,0,0.0,0.0,0,0,0,0,False,0,0.0,0.0,0.0
1790793398.315,7.8,63.4,0,176115,0.0,8.0,0,0,0,0,False,0,0.0,0.0,0.0
1790793399.315,6.9,63.5,0,16383,0.0,1.0,0,0,0,0,False,0,0.0,0.0,0.0
1790793400.315,6.4,63.5,0,0,0.0,0.0,0,0,0,0,False,0,0.0,0.0,0.0
1790793401.315,7.5,63.5,0,274412,0.0,4.0,0,0,0,0,False,0,0.0,0.0,0.0
1790793402.315,7.0,63.6,0,0,0.0,0.0,0,0,0,0,False,0,0.0,0.0,0.0
1790793403.315,12.8,63.9,0,32766,0.0,1.0,0,0,0,0,False,0,0.0,0.0,0.0
1790793404.315,25.8,64.4,0,0,0.0,0.0,1,0,0,1,False,0,0.0,0.0,0.0
1790793405.315,31.3,64.5,0,0,0.0,0.0,1,1,0,1,False,0,0.0,0.0,0.0
1790793406.316,18.4,64.5,0,0,0.0,0.0,1,1,0,1,False,0,0.0,0.0,0.0
1790793407.316,25.2,64.5,0,0,0.0,0.0,1,1,0,1,False,0,0.0,0.0,0.0
1790793408.316,18.9,64.5,0,188401,0.0,3.0,1,1,0,1,False,0,0.0,0.0,0.0
1790793409.316,20.4,64.5,0,0,0.0,0.0,1,1,0,1,False,0,0.0,0.0,0.0
1790793410.316,20.0,64.4,0,53244,0.0,8.0,1,1,0,1,False,0,0.0,0.0,0.0
1790793411.316,15.3,63.6,0,45054,0.0,2.0,0,0,0,0,False,0,0.0,0.0,0.0
1790793412.316,6.8,63.6,0,0,0.0,0.0,0,0,0,0,False,0,0.0,0.0,0.0
1790793413.316,8.0,64.0,0,0,0.0,0.0,0,0,0,0,False,0,0.0,0.0,0.0
1790793414.316,7.4,64.0,0,0,0.0,0.0,0,0,0,0,False,0,0.0,0.0,0.0
1790793415.316,7.6,64.0,0,0,0.0,0.0,0,0,0,0,False,0,0.0,0.0,0.0
1790793416.316,7.2,64.0,0,196593,0.0,3.0,0,0,0,0,False,0,0.0,0.0,0.0
1790793417.316,19.9,64.5,0,450528,0.0,69.0,0,0,0,0,False,0,0.0,0.0,0.0
1790793418.316,34.1,64.8,0,0,0.0,0.0,3,2,0,3,False,0,0.0,0.0,0.0
1790793419.316,29.5,65.3,0,3874518,0.0,46.0,1,1,0,1,False,0,0.0,0.0,0.0
1790793420.317,57.6,65.9,0,20584430,0.0,175.0,1,0,0,1,False,0,0.0,0.0,0.0
1790793421.317,56.3,66.0,0,12287,0.0,1.0,1,0,0,1,False,0,0.0,0.0,0.0
1790793422.317,36.0,66.0,0,0,0.0,0.0,1,1,0,1,False,0,0.0,0.0,0.0
1790793423.317,20.4,66.0,0,0,0.0,0.0,1,1,0,1,False,0,0.0,0.0,0.0
1790793424.317,20.1,66.0,835524,806854,87.0,8.0,1,1,0,1,False,0,0.0,0.0,0.0
1790793425.317,18.6,66.0,0,0,0.0,0.0,1,1,0,1,False,0,0.0,0.0,0.0
1790793426.317,19.6,66.0,0,0,0.0,0.0,1,1,0,1,False,0,0.0,0.0,0.0
1790793427.317,21.4,65.9,0,0,0.0,0.0,1,1,0,1,False,0,0.0,0.0,0.0
1790793428.317,14.4,65.2,0,12287,0.0,1.0,0,0,0,0,False,0,0.0,0.0,0.0
1790793429.317,9.8,65.3,0,0,0.0,0.0,0,0,0,0,False,0,0.0,0.0,0.0
1790793430.317,6.7,65.3,0,896958,0.0,15.0,0,0,0,0,False,0,0.0,0.0,0.0
1790793431.317,6.6,65.3,0,180211,0.0,3.0,0,0,0,0,False,0,0.0,0.0,0.0
1790793432.317,6.8,65.3,0,0,0.0,0.0,0,0,0,0,False,0,0.0,0.0,0.0
1790793433.318,6.8,65.3,0,0,0.0,0.0,0,0,0,0,False,0,0.0,0.0,0.0
1790793434.318,7.0,65.2,0,0,0.0,0.0,0,0,0,0,False,0,0.0,0.0,0.0
1790793435.318,7.3,65.2,0,0,0.0,0.0,0,0,0,0,False,0,0.0,0.0,0.0
1790793436.318,7.3,65.2,0,0,0.0,0.0,0,0,0,0,False,0,0.0,0.0,0.0
1790793437.318,10.0,65.2,0,0,0.0,0.0,0,0,0,0,False,0,0.0,0.0,0.0
1790793438.318,6.5,65.1,0,0,0.0,0.0,0,0,0,0,False,0,0.0,0.0,0.0
1790793439.318,6.6,65.1,0,0,0.0,0.0,0,0,0,0,False,0,0.0,0.0,0.0
1790793440.318,6.7,65.1,0,0,0.0,0.0,0,0,0,0,False,0,0.0,0.0,0.0
1790793441.318,6.9,65.0,0,12287,0.0,2.0,0,0,0,0,False,0,0.0,0.0,0.0
1790793442.318,7.8,65.0,0,0,0.0,0.0,0,0,0,0,False,0,0.0,0.0,0.0
1790793443.318,8.6,64.9,0,81914,0.0,10.0,0,0,0,0,False,0,0.0,0.0,0.0
1790793444.318,8.0,64.9,0,0,0.0,0.0,0,0,0,0,False,0,0.0,0.0,0.0
1790793445.318,6.7,64.9,0,53244,0.0,1.0,0,0,0,0,False,0,0.0,0.0,0.0
1790793446.319,6.9,64.9,0,0,0.0,0.0,0,0,0,0,False,0,0.0,0.0,0.0
1790793447.319,6.8,64.8,0,0,0.0,0.0,0,0,0,0,False,0,0.0,0.0,0.0
1790793448.319,7.7,64.8,0,0,0.0,0.0,0,0,0,0,False,0,0.0,0.0,0.0
1790793449.319,8.1,64.8,0,65531,0.0,11.0,0,0,0,0,False,0,0.0,0.0,0.0
1790793450.319,7.0,64.8,0,2690873,0.0,124.0,0,0,0,0,False,0,0.0,0.0,0.0
1790793451.319,6.8,64.8,0,77818,0.0,2.0,0,0,0,0,False,0,0.0,0.0,0.0
1790793452.319,6.7,64.8,0,0,0.0,0.0,0,0,0,0,False,0,0.0,0.0,0.0
1790793453.319,7.1,64.8,0,0,0.0,0.0,0,0,0,0,False,0,0.0,0.0,0.0
1790793454.319,9.3,64.8,0,0,0.0,0.0,0,0,0,0,False,0,0.0,0.0,0.0
1790793455.319,7.9,64.8,0,2539332,0.0,24.0,0,0,0,0,False,0,0.0,0.0,0.0
1790793456.319,7.2,64.8,0,12287,0.0,1.0,0,0,0,0,False,0,0.0,0.0,0.0
1790793457.319,6.8,64.8,0,0,0.0,0.0,0,0,0,0,False,0,0.0,0.0,0.0
1790793458.319,7.2,64.6,0,0,0.0,0.0,0,0,0,0,False,0,0.0,0.0,0.0
1790793459.319,7.1,64.6,0,0,0.0,0.0,0,0,0,0,False,0,0.0,0.0,0.0
1790793460.320,6.9,64.6,0,0,0.0,0.0,0,0,0,0,False,0,0.0,0.0,0.0
1790793461.320,7.2,64.6,0,126971,0.0,7.0,0,0,0,0,False,0,0.0,0.0,0.0
1790793462.320,8.3,64.6,0,0,0.0,0.0,0,0,0,0,False,0,0.0,0.0,0.0
1790793463.320,6.9,64.6,0,0,0.0,0.0,0,0,0,0,False,0,0.0,0.0,0.0
1790793464.320,7.5,64.6,0,0,0.0,0.0,0,0,0,0,False,0,0.0,0.0,0.0
1790793465.320,10.0,64.6,0,0,0.0,0.0,0,0,0,0,False,0,0.0,0.0,0.0
1790793466.320,6.7,64.6,0,20478,0.0,2.0,0,0,0,0,False,0,0.0,0.0,0.0
1790793467.320,6.7,64.5,0,0,0.0,0.0,0,0,0,0,False,0,0.0,0.0,0.0
1790793468.320,7.3,64.6,0,0,0.0,0.0,0,0,0,0,False,0,0.0,0.0,0.0
1790793469.320,7.5,64.5,0,0,0.0,0.0,0,0,0,0,False,0,0.0,0.0,0.0
1790793470.320,6.4,64.5,0,0,0.0,0.0,0,0,0,0,False,0,0.0,0.0,0.0
1790793471.320,6.4,64.5,0,0,0.0,0.0,0,0,0,0,False,0,0.0,0.0,0.0
1790793472.320,6.3,64.5,0,0,0.0,0.0,0,0,0,0,False,0,0.0,0.0,0.0
1790793473.321,7.4,64.7,0,32765,0.0,2.0,0,0,0,0,False,0,0.0,0.0,0.0
1790793474.321,8.3,64.8,0,0,0.0,0.0,0,0,0,0,False,0,0.0,0.0,0.0
1790793475.321,7.7,64.8,0,0,0.0,0.0,0,0,0,0,False,0,0.0,0.0,0.0
1790793476.321,6.7,64.8,0,0,0.0,0.0,0,0,0,0,False,0,0.0,0.0,0.0
1790793477.321,6.4,64.8,0,0,0.0,0.0,0,0,0,0,False,0,0.0,0.0,0.0
1790793478.321,8.9,64.7,0,69627,0.0,2.0,0,0,0,0,False,0,0.0,0.0,0.0
1790793479.321,6.2,64.7,0,0,0.0,0.0,0,0,0,0,False,0,0.0,0.0,0.0
1790793480.321,6.5,64.7,0,409569,0.0,6.0,0,0,0,0,False,0,0.0,0.0,0.0
1790793481.321,6.5,64.7,0,2838326,0.0,30.0,0,0,0,0,False,0,0.0,0.0,0.0
1790793482.321,12.2,65.1,0,118775,0.0,3.0,0,0,0,0,False,0,0.0,0.0,0.0
1790793483.321,7.5,65.5,0,86010,0.0,6.0,0,0,0,0,False,0,0.0,0.0,0.0
1790793484.321,7.7,65.5,0,81914,0.0,6.0,0,0,0,0,False,0,0.0,0.0,0.0
1790793485.321,6.5,65.4,0,262125,0.0,56.0,0,0,0,0,False,0,0.0,0.0,0.0
1790793486.321,6.3,65.4,0,4096,0.0,1.0,0,0,0,0,False,0,0.0,0.0,0.0
1790793487.322,6.6,65.4,0,0,0.0,0.0,0,0,0,0,False,0,0.0,0.0,0.0
1790793488.322,7.5,65.4,0,1417142,0.0,22.0,0,0,0,0,False,0,0.0,0.0,0.0
1790793489.322,7.1,65.4,0,0,0.0,0.0,0,0,0,0,False,0,0.0,0.0,0.0
1790793490.322,6.6,65.4,0,0,0.0,0.0,0,0,0,0,False,0,0.0,0.0,0.0
1790793491.322,6.4,65.4,0,4096,0.0,1.0,0,0,0,0,False,0,0.0,0.0,0.0
1790793492.322,6.4,65.4,0,24574,0.0,4.0,0,0,0,0,False,0,0.0,0.0,0.0
1790793493.322,12.3,65.4,0,0,0.0,0.0,0,0,0,0,False,0,0.0,0.0,0.0
1790793494.322,7.4,65.4,0,0,0.0,0.0,0,0,0,0,False,0,0.0,0.0,0.0
1790793495.322,7.8,65.4,0,12287,0.0,2.0,0,0,0,0,False,0,0.0,0.0,0.0
1790793496.322,6.4,65.4,0,0,0.0,0.0,0,0,0,0,False,0,0.0,0.0,0.0
1790793497.322,6.2,65.3,0,0,0.0,0.0,0,0,0,0,False,0,0.0,0.0,0.0
1790793498.322,6.6,65.3,0,24574,0.0,2.0,0,0,0,0,False,0,0.0,0.0,0.0
1790793499.322,6.4,65.3,0,0,0.0,0.0,0,0,0,0,False,0,0.0,0.0,0.0
1790793500.322,6.4,65.2,0,0,0.0,0.0,0,0,0,0,False,0,0.0,0.0,0.0
1790793501.323,7.0,65.2,0,0,0.0,0.0,0,0,0,0,False,0,0.0,0.0,0.0
1790793502.323,7.6,65.2,0,106493,0.0,4.0,0,0,0,0,False,0,0.0,0.0,0.0
1790793503.323,6.5,65.2,0,0,0.0,0.0,0,0,0,0,False,0,0.0,0.0,0.0
1790793504.323,9.5,65.1,0,0,0.0,0.0,0,0,0,0,False,0,0.0,0.0,0.0
1790793505.323,6.7,65.1,0,0,0.0,0.0,0,0,0,0,False,0,0.0,0.0,0.0
1790793506.323,6.2,65.1,0,0,0.0,0.0,0,0,0,0,False,0,0.0,0.0,0.0
1790793507.323,6.4,65.1,0,45053,0.0,3.0,0,0,0,0,False,0,0.0,0.0,0.0
1790793508.323,7.9,65.1,0,0,0.0,0.0,0,0,0,0,False,0,0.0,0.0,0.0
1790793509.323,6.9,65.1,0,0,0.0,0.0,0,0,0,0,False,0,0.0,0.0,0.0
1790793510.323,6.6,65.1,0,0,0.0,0.0,0,0,0,0,False,0,0.0,0.0,0.0
1790793511.323,6.6,65.1,0,0,0.0,0.0,0,0,0,0,False,0,0.0,0.0,0.0
1790793512.323,7.5,64.6,0,2719546,0.0,41.0,0,0,0,0,False,0,0.0,0.0,0.0
1790793513.323,6.9,64.7,0,0,0.0,0.0,0,0,0,0,False,0,0.0,0.0,0.0
1790793514.323,6.9,64.7,0,0,0.0,0.0,0,0,0,0,False,0,0.0,0.0,0.0
1790793515.324,6.7,64.7,0,0,0.0,0.0,0,0,0,0,False,0,0.0,0.0,0.0
1790793516.324,6.4,64.7,0,0,0.0,0.0,0,0,0,0,False,0,0.0,0.0,0.0
1790793517.324,6.5,64.7,0,1408920,0.0,16.0,0,0,0,0,False,0,0.0,0.0,0.0
1790793518.324,7.0,64.5,0,0,0.0,0.0,0,0,0,0,False,0,0.0,0.0,0.0
1790793519.324,6.4,64.5,0,131063,0.0,28.0,0,0,0,0,False,0,0.0,0.0,0.0
1790793520.324,6.4,64.5,0,0,0.0,0.0,0,0,0,0,False,0,0.0,0.0,0.0
1790793521.324,6.7,64.5,0,0,0.0,0.0,0,0,0,0,False,0,0.0,0.0,0.0
1790793522.324,7.8,64.5,0,0,0.0,0.0,0,0,0,0,False,0,0.0,0.0,0.0
1790793523.324,6.8,64.5,0,86010,0.0,6.0,0,0,0,0,False,0,0.0,0.0,0.0
1790793524.324,9.1,64.5,0,0,0.0,0.0,0,0,0,0,False,0,0.0,0.0,0.0
1790793525.324,6.6,64.5,0,0,0.0,0.0,0,0,0,0,False,0,0.0,0.0,0.0
1790793526.324,6.6,64.5,0,0,0.0,0.0,0,0,0,0,False,0,0.0,0.0,0.0
1790793527.324,6.3,64.5,0,0,0.0,0.0,0,0,0,0,False,0,0.0,0.0,0.0
1790793528.324,7.6,64.5,0,0,0.0,0.0,0,0,0,0,False,0,0.0,0.0,0.0
1790793529.325,7.4,64.5,0,0,0.0,0.0,0,0,0,0,False,0,0.0,0.0,0.0
1790793530.325,11.5,64.5,0,0,0.0,0.0,0,0,0,0,False,0,0.0,0.0,0.0
1790793531.325,6.5,64.5,0,0,0.0,0.0,0,0,0,0,False,0,0.0,0.0,0.0
1790793532.325,6.5,64.5,0,16383,0.0,2.0,0,0,0,0,False,0,0.0,0.0,0.0
1790793533.325,7.5,64.8,0,0,0.0,0.0,0,0,0,0,False,0,0.0,0.0,0.0
1790793534.325,7.8,64.9,0,0,0.0,0.0,0,0,0,0,False,0,0.0,0.0,0.0
1790793535.325,8.0,64.9,0,0,0.0,0.0,0,0,0,0,False,0,0.0,0.0,0.0
1790793536.325,6.6,64.9,0,0,0.0,0.0,0,0,0,0,False,0,0.0,0.0,0.0
1790793537.325,6.5,64.8,0,0,0.0,0.0,0,0,0,0,False,0,0.0,0.0,0.0
1790793538.325,6.7,64.9,0,0,0.0,0.0,0,0,0,0,False,0,0.0,0.0,0.0
1790793539.325,6.5,64.9,0,0,0.0,0.0,0,0,0,0,False,0,0.0,0.0,0.0
1790793540.325,6.8,64.9,0,45053,0.0,2.0,0,0,0,0,False,0,0.0,0.0,0.0
1790793541.325,7.4,64.9,0,20479,0.0,1.0,0,0,0,0,False,0,0.0,0.0,0.0
1790793542.325,7.3,64.9,0,126967,0.0,10.0,0,0,0,0,False,0,0.0,0.0,0.0
1790793543.326,9.2,64.8,0,2813741,0.0,30.0,0,0,0,0,False,0,0.0,0.0,0.0
1790793544.326,7.3,64.8,0,0,0.0,0.0,0,0,0,0,False,0,0.0,0.0,0.0
1790793545.326,6.8,64.8,0,0,0.0,0.0,0,0,0,0,False,0,0.0,0.0,0.0
1790793546.326,6.6,64.7,0,0,0.0,0.0,0,0,0,0,False,0,0.0,0.0,0.0
1790793547.326,6.7,64.7,0,0,0.0,0.0,0,0,0,0,False,0,0.0,0.0,0.0
1790793548.326,8.5,64.8,0,24574,0.0,3.0,0,0,0,0,False,0,0.0,0.0,0.0
1790793549.326,11.2,65.2,0,118775,0.0,3.0,0,0,0,0,False,0,0.0,0.0,0.0
1790793550.326,7.4,65.4,0,0,0.0,0.0,0,0,0,0,False,0,0.0,0.0,0.0
1790793551.326,8.4,65.6,0,155636,0.0,12.0,0,0,0,0,False,0,0.0,0.0,0.0
1790793552.326,7.0,65.6,0,0,0.0,0.0,0,0,0,0,False,0,0.0,0.0,0.0
1790793553.326,7.5,65.5,0,323561,0.0,41.0,0,0,0,0,False,0,0.0,0.0,0.0
1790793554.326,9.0,65.5,0,24574,0.0,4.0,0,0,0,0,False,0,0.0,0.0,0.0
1790793555.326,6.4,65.5,0,0,0.0,0.0,0,0,0,0,False,0,0.0,0.0,0.0
1790793556.326,7.1,65.4,0,28670,0.0,2.0,0,0,0,0,False,0,0.0,0.0,0.0
1790793557.327,6.6,65.4,0,0,0.0,0.0,0,0,0,0,False,0,0.0,0.0,0.0
1790793558.327,6.4,65.3,0,0,0.0,0.0,0,0,0,0,False,0,0.0,0.0,0.0
1790793559.327,9.7,65.3,0,0,0.0,0.0,0,0,0,0,False,0,0.0,0.0,0.0
1790793560.327,6.6,65.3,0,0,0.0,0.0,0,0,0,0,False,0,0.0,0.0,0.0
1790793561.327,6.9,65.3,0,0,0.0,0.0,0,0,0,0,False,0,0.0,0.0,0.0
1790793562.327,6.7,65.3,0,0,0.0,0.0,0,0,0,0,False,0,0.0,0.0,0.0
1790793563.327,6.4,65.3,0,0,0.0,0.0,0,0,0,0,False,0,0.0,0.0,0.0
1790793564.327,7.1,65.2,0,0,0.0,0.0,0,0,0,0,False,0,0.0,0.0,0.0
1790793565.327,6.5,65.2,0,12287,0.0,2.0,0,0,0,0,False,0,0.0,0.0,0.0
1790793566.327,6.4,65.2,0,0,0.0,0.0,0,0,0,0,False,0,0.0,0.0,0.0
1790793567.327,6.3,65.2,0,0,0.0,0.0,0,0,0,0,False,0,0.0,0.0,0.0
1790793568.327,7.9,65.2,0,8191,0.0,1.0,0,0,0,0,False,0,0.0,0.0,0.0
1790793569.327,6.3,65.2,0,1236902,0.0,10.0,0,0,0,0,False,0,0.0,0.0,0.0
1790793570.327,6.5,65.2,0,0,0.0,0.0,0,0,0,0,False,0,0.0,0.0,0.0
1790793571.328,6.4,65.2,0,0,0.0,0.0,0,0,0,0,False,0,0.0,0.0,0.0
1790793572.328,6.4,65.2,0,0,0.0,0.0,0,0,0,0,False,0,0.0,0.0,0.0
1790793573.328,6.3,65.2,0,2490192,0.0,25.0,0,0,0,0,False,0,0.0,0.0,0.0
1790793574.328,9.6,65.2,0,0,0.0,0.0,0,0,0,0,False,0,0.0,0.0,0.0
1790793575.328,7.8,65.2,0,0,0.0,0.0,0,0,0,0,False,0,0.0,0.0,0.0
1790793576.328,6.6,65.2,0,0,0.0,0.0,0,0,0,0,False,0,0.0,0.0,0.0
1790793577.328,6.4,65.1,0,0,0.0,0.0,0,0,0,0,False,0,0.0,0.0,0.0
1790793578.328,6.8,65.2,0,241646,0.0,26.0,0,0,0,0,False,0,0.0,0.0,0.0
1790793579.328,7.1,64.7,0,8191,0.0,1.0,0,0,0,0,False,0,0.0,0.0,0.0
1790793580.328,6.7,64.7,0,0,0.0,0.0,0,0,0,0,False,0,0.0,0.0,0.0
1790793581.328,7.6,64.7,0,253933,0.0,5.0,0,0,0,0,False,0,0.0,0.0,0.0
1790793582.328,6.5,64.7,0,0,0.0,0.0,0,0,0,0,False,0,0.0,0.0,0.0
1790793583.328,6.7,64.7,0,0,0.0,0.0,0,0,0,0,False,0,0.0,0.0,0.0
1790793584.328,8.7,64.7,0,1339293,0.0,15.0,0,0,0,0,False,0,0.0,0.0,0.0
1790793585.329,6.6,64.7,0,12287,0.0,3.0,0,0,0,0,False,0,0.0,0.0,0.0
1790793586.329,6.8,64.7,0,0,0.0,0.0,0,0,0,0,False,0,0.0,0.0,0.0
1790793587.329,7.2,64.7,0,315369,0.0,49.0,0,0,0,0,False,0,0.0,0.0,0.0
1790793588.329,10.6,64.7,0,0,0.0,0.0,0,0,0,0,False,0,0.0,0.0,0.0
1790793589.329,6.5,64.7,0,0,0.0,0.0,0,0,0,0,False,0,0.0,0.0,0.0
1790793590.329,6.6,64.6,0,0,0.0,0.0,0,0,0,0,False,0,0.0,0.0,0.0
1790793591.329,6.5,64.6,0,0,0.0,0.0,0,0,0,0,False,0,0.0,0.0,0.0
1790793592.329,7.6,64.8,0,0,0.0,0.0,0,0,0,0,False,0,0.0,0.0,0.0
1790793593.329,6.8,64.8,0,0,0.0,0.0,0,0,0,0,False,0,0.0,0.0,0.0
1790793594.329,8.7,64.9,0,94201,0.0,3.0,0,0,0,0,False,0,0.0,0.0,0.0
1790793595.329,13.7,65.5,4096,110584,1.0,5.0,0,0,0,0,False,0,0.0,0.0,0.0
1790793596.329,8.4,65.6,0,421855,0.0,16.0,0,0,0,0,False,0,0.0,0.0,0.0
1790793597.329,6.8,65.5,0,0,0.0,0.0,0,0,0,0,False,0,0.0,0.0,0.0
1790793598.329,6.7,65.5,0,0,0.0,0.0,0,0,0,0,False,0,0.0,0.0,0.0
1790793599.330,6.7,65.5,0,12287,0.0,3.0,0,0,0,0,False,0,0.0,0.0,0.0
1790793600.330,7.5,65.5,0,0,0.0,0.0,0,0,0,0,False,0,0.0,0.0,0.0
1790793601.330,7.7,65.4,0,0,0.0,0.0,0,0,0,0,False,0,0.0,0.0,0.0
1790793602.330,6.4,65.4,0,1798010,0.0,19.0,0,0,0,0,False,0,0.0,0.0,0.0
1790793603.330,6.9,65.4,0,0,0.0,0.0,0,0,0,0,False,0,0.0,0.0,0.0
1790793604.330,7.1,65.4,69627,36861,7.0,4.0,0,0,0,0,False,0,0.0,0.0,0.0
1790793605.330,9.0,65.3,0,1462143,0.0,15.0,0,0,0,0,False,0,0.0,0.0,0.0
1790793606.330,6.4,65.3,0,0,0.0,0.0,0,0,0,0,False,0,0.0,0.0,0.0
1790793607.330,8.0,65.4,0,0,0.0,0.0,0,0,0,0,False,0,0.0,0.0,0.0
1790793608.330,6.9,65.4,0,0,0.0,0.0,0,0,0,0,False,0,0.0,0.0,0.0
1790793609.330,6.8,65.3,0,3161890,0.0,41.0,0,0,0,0,False,0,0.0,0.0,0.0
1790793610.330,6.5,65.3,0,0,0.0,0.0,0,0,0,0,False,0,0.0,0.0,0.0
1790793611.330,6.6,65.3,0,0,0.0,0.0,0,0,0,0,False,0,0.0,0.0,0.0
1790793612.331,6.6,65.3,0,90105,0.0,1.0,0,0,0,0,False,0,0.0,0.0,0.0
1790793613.331,7.5,65.3,0,0,0.0,0.0,0,0,0,0,False,0,0.0,0.0,0.0
1790793614.331,8.0,65.3,0,0,0.0,0.0,0,0,0,0,False,0,0.0,0.0,0.0
1790793615.331,6.5,65.3,0,53243,0.0,2.0,0,0,0,0,False,0,0.0,0.0,0.0
1790793616.331,6.5,65.3,0,24574,0.0,4.0,0,0,0,0,False,0,0.0,0.0,0.0
1790793617.331,15.7,65.6,0,32765,0.0,1.0,0,0,0,0,False,0,0.0,0.0,0.0
1790793618.331,26.2,66.1,0,1236892,0.0,10.0,2,0,0,2,False,0,0.0,0.0,0.0
1790793619.331,45.1,66.2,0,0,0.0,0.0,1,1,0,1,False,0,0.0,0.0,0.0
1790793620.331,25.1,66.9,0,45053,0.0,2.0,0,0,0,0,False,0,0.0,0.0,0.0
1790793621.331,7.2,66.9,0,0,0.0,0.0,0,0,0,0,False,0,0.0,0.0,0.0
1790793622.331,6.6,66.9,0,626645,0.0,6.0,0,0,0,0,False,0,0.0,0.0,0.0
1790793623.332,9.3,66.9,0,0,0.0,0.0,0,0,0,0,False,0,0.0,0.0,0.0
1790793624.332,7.1,66.7,0,0,0.0,0.0,0,0,0,0,False,0,0.0,0.0,0.0
1790793625.332,7.2,66.5,4096,274412,1.0,32.0,0,0,0,0,False,0,0.0,0.0,0.0
1790793626.332,7.8,66.4,0,851908,0.0,113.0,0,0,0,0,False,0,0.0,0.0,0.0
1790793627.332,7.5,66.4,0,0,0.0,0.0,0,0,0,0,False,0,0.0,0.0,0.0
1790793628.332,7.2,66.4,0,0,0.0,0.0,0,0,0,0,False,0,0.0,0.0,0.0
1790793629.332,6.6,66.3,0,0,0.0,0.0,0,0,0,0,False,0,0.0,0.0,0.0
1790793630.332,6.6,66.2,0,1535892,0.0,19.0,0,0,0,0,False,0,0.0,0.0,0.0
1790793631.332,6.9,66.2,0,0,0.0,0.0,0,0,0,0,False,0,0.0,0.0,0.0
1790793632.332,6.8,66.2,0,4096,0.0,1.0,0,0,0,0,False,0,0.0,0.0,0.0
1790793633.332,8.0,66.2,0,0,0.0,0.0,0,0,0,0,False,0,0.0,0.0,0.0
1790793634.332,7.0,66.2,0,0,0.0,0.0,0,0,0,0,False,0,0.0,0.0,0.0
1790793635.332,9.3,66.0,0,86010,0.0,5.0,0,0,0,0,False,0,0.0,0.0,0.0
1790793636.332,6.9,65.9,0,0,0.0,0.0,0,0,0,0,False,0,0.0,0.0,0.0
1790793637.333,6.6,65.9,0,0,0.0,0.0,0,0,0,0,False,0,0.0,0.0,0.0
1790793638.333,6.7,65.8,0,0,0.0,0.0,0,0,0,0,False,0,0.0,0.0,0.0
1790793639.333,6.6,65.8,0,0,0.0,0.0,0,0,0,0,False,0,0.0,0.0,0.0
1790793640.333,6.6,65.7,0,3763952,0.0,36.0,0,0,0,0,False,0,0.0,0.0,0.0
1790793641.333,6.5,65.7,0,77819,0.0,2.0,0,0,0,0,False,0,0.0,0.0,0.0
1790793642.333,6.4,65.7,0,0,0.0,0.0,0,0,0,0,False,0,0.0,0.0,0.0
1790793643.333,6.7,65.7,0,0,0.0,0.0,0,0,0,0,False,0,0.0,0.0,0.0
1790793644.333,8.7,65.7,0,0,0.0,0.0,0,0,0,0,False,0,0.0,0.0,0.0
1790793645.333,7.8,65.6,0,0,0.0,0.0,0,0,0,0,False,0,0.0,0.0,0.0
1790793646.333,6.2,65.6,0,0,0.0,0.0,0,0,0,0,False,0,0.0,0.0,0.0
1790793647.333,6.3,65.7,0,0,0.0,0.0,0,0,0,0,False,0,0.0,0.0,0.0
1790793648.333,7.9,65.6,0,569302,0.0,16.0,0,0,0,0,False,0,0.0,0.0,0.0
1790793649.333,7.2,65.7,0,0,0.0,0.0,0,0,0,0,False,0,0.0,0.0,0.0
1790793650.333,10.2,66.0,0,42533928,0.0,333.0,0,0,0,0,False,0,0.0,0.0,0.0
1790793651.334,7.8,65.9,0,0,0.0,0.0,0,0,0,0,False,0,0.0,0.0,0.0
1790793652.334,8.4,65.8,0,315373,0.0,13.0,0,0,0,0,False,0,0.0,0.0,0.0
1790793653.334,7.4,66.1,0,0,0.0,0.0,0,0,0,0,False,0,0.0,0.0,0.0
1790793654.334,9.5,66.1,0,0,0.0,0.0,0,0,0,0,False,0,0.0,0.0,0.0
1790793655.334,7.8,66.2,0,0,0.0,0.0,0,0,0,0,False,0,0.0,0.0,0.0
1790793656.334,6.5,66.2,0,131063,0.0,10.0,0,0,0,0,False,0,0.0,0.0,0.0
1790793657.334,6.2,66.1,0,0,0.0,0.0,0,0,0,0,False,0,0.0,0.0,0.0
1790793658.334,6.9,66.2,0,0,0.0,0.0,0,0,0,0,False,0,0.0,0.0,0.0
1790793659.334,6.5,66.1,0,0,0.0,0.0,0,0,0,0,False,0,0.0,0.0,0.0
1790793660.334,6.5,66.1,0,12287,0.0,1.0,0,0,0,0,False,0,0.0,0.0,0.0
1790793661.334,6.9,66.1,0,262126,0.0,51.0,0,0,0,0,False,0,0.0,0.0,0.0
1790793662.334,7.5,66.0,0,0,0.0,0.0,0,0,0,0,False,0,0.0,0.0,0.0
1790793663.334,6.9,66.0,0,24574,0.0,2.0,0,0,0,0,False,0,0.0,0.0,0.0
1790793664.334,6.9,66.0,0,0,0.0,0.0,0,0,0,0,False,0,0.0,0.0,0.0
1790793665.335,6.6,66.0,0,0,0.0,0.0,0,0,0,0,False,0,0.0,0.0,0.0
1790793666.335,6.6,65.9,0,16383,0.0,3.0,0,0,0,0,False,0,0.0,0.0,0.0
1790793667.335,6.4,65.9,0,0,0.0,0.0,0,0,0,0,False,0,0.0,0.0,0.0
1790793668.335,8.3,65.9,20479,237551,1.0,8.0,0,0,0,0,False,0,0.0,0.0,0.0
1790793669.335,6.8,65.9,0,241647,0.0,8.0,0,0,0,0,False,0,0.0,0.0,0.0
1790793670.335,6.5,65.9,0,1236901,0.0,10.0,0,0,0,0,False,0,0.0,0.0,0.0
1790793671.335,6.3,65.9,0,2965292,0.0,32.0,0,0,0,0,False,0,0.0,0.0,0.0
1790793672.335,6.6,65.9,0,0,0.0,0.0,0,0,0,0,False,0,0.0,0.0,0.0
1790793673.335,6.8,65.9,0,98297,0.0,16.0,0,0,0,0,False,0,0.0,0.0,0.0
1790793674.335,7.5,65.9,0,90106,0.0,2.0,0,0,0,0,False,0,0.0,0.0,0.0
1790793675.335,7.6,65.9,0,0,0.0,0.0,0,0,0,0,False,0,0.0,0.0,0.0
1790793676.335,6.5,65.9,0,0,0.0,0.0,0,0,0,0,False,0,0.0,0.0,0.0
1790793677.335,6.4,65.9,0,0,0.0,0.0,0,0,0,0,False,0,0.0,0.0,0.0
1790793678.335,6.6,65.9,0,0,0.0,0.0,0,0,0,0,False,0,0.0,0.0,0.0
1790793679.336,7.0,65.9,0,12287,0.0,3.0,0,0,0,0,False,0,0.0,0.0,0.0
1790793680.336,7.3,65.8,20478,131060,3.0,12.0,0,0,0,0,False,0,0.0,0.0,0.0
1790793681.336,8.0,65.4,0,143350,0.0,7.0,0,0,0,0,False,0,0.0,0.0,0.0
1790793682.336,6.7,65.4,0,0,0.0,0.0,0,0,0,0,False,0,0.0,0.0,0.0
1790793683.336,10.7,65.5,126967,0,11.0,0.0,0,0,0,0,False,0,0.0,0.0,0.0
1790793684.336,10.3,65.4,0,0,0.0,0.0,0,0,0,0,False,0,0.0,0.0,0.0
1790793685.336,6.6,65.4,0,0,0.0,0.0,0,0,0,0,False,0,0.0,0.0,0.0
1790793686.336,6.4,65.4,0,1413021,0.0,15.0,0,0,0,0,False,0,0.0,0.0,0.0
1790793687.336,7.2,65.3,0,0,0.0,0.0,0,0,0,0,False,0,0.0,0.0,0.0
1790793688.336,7.4,65.3,0,114680,0.0,12.0,0,0,0,0,False,0,0.0,0.0,0.0
1790793689.336,6.8,65.4,0,0,0.0,0.0,0,0,0,0,False,0,0.0,0.0,0.0
1790793690.336,6.6,65.4,0,479196,0.0,8.0,0,0,0,0,False,0,0.0,0.0,0.0
1790793691.336,6.6,65.4,0,0,0.0,0.0,0,0,0,0,False,0,0.0,0.0,0.0
1790793692.336,6.6,65.3,0,0,0.0,0.0,0,0,0,0,False,0,0.0,0.0,0.0
1790793693.337,6.9,65.3,0,0,0.0,0.0,0,0,0,0,False,0,0.0,0.0,0.0
1790793694.337,8.2,65.3,0,278516,0.0,58.0,0,0,0,0,False,0,0.0,0.0,0.0
1790793695.337,6.6,65.3,0,49148,0.0,2.0,0,0,0,0,False,0,0.0,0.0,0.0
1790793696.337,6.6,65.3,0,16383,0.0,1.0,0,0,0,0,False,0,0.0,0.0,0.0
1790793697.337,6.3,65.3,0,0,0.0,0.0,0,0,0,0,False,0,0.0,0.0,0.0
1790793698.337,6.7,65.3,0,0,0.0,0.0,0,0,0,0,False,0,0.0,0.0,0.0
1790793699.337,7.1,65.3,0,0,0.0,0.0,0,0,0,0,False,0,0.0,0.0,0.0
1790793700.337,7.2,65.3,0,0,0.0,0.0,0,0,0,0,False,0,0.0,0.0,0.0
1790793701.337,7.2,65.3,0,2858799,0.0,32.0,0,0,0,0,False,0,0.0,0.0,0.0
1790793702.337,6.5,65.3,0,0,0.0,0.0,0,0,0,0,False,0,0.0,0.0,0.0
1790793703.337,6.8,65.4,0,0,0.0,0.0,0,0,0,0,False,0,0.0,0.0,0.0
1790793704.337,9.4,65.4,0,0,0.0,0.0,0,0,0,0,False,0,0.0,0.0,0.0
1790793705.337,6.6,65.4,0,0,0.0,0.0,0,0,0,0,False,0,0.0,0.0,0.0
1790793706.337,6.8,65.4,0,0,0.0,0.0,0,0,0,0,False,0,0.0,0.0,0.0
1790793707.338,7.9,65.3,0,0,0.0,0.0,0,0,0,0,False,0,0.0,0.0,0.0
1790793708.338,7.0,65.3,0,12287,0.0,2.0,0,0,0,0,False,0,0.0,0.0,0.0
1790793709.338,6.6,65.3,0,0,0.0,0.0,0,0,0,0,False,0,0.0,0.0,0.0
1790793710.338,6.9,65.3,0,0,0.0,0.0,0,0,0,0,False,0,0.0,0.0,0.0
1790793711.338,6.6,65.3,0,24574,0.0,4.0,0,0,0,0,False,0,0.0,0.0,0.0
1790793712.338,6.8,65.2,0,12287,0.0,1.0,0,0,0,0,False,0,0.0,0.0,0.0
1790793713.338,11.4,65.2,0,0,0.0,0.0,0,0,0,0,False,0,0.0,0.0,0.0
1790793714.338,7.4,65.2,0,0,0.0,0.0,0,0,0,0,False,0,0.0,0.0,0.0
1790793715.338,6.7,65.3,0,28670,0.0,2.0,0,0,0,0,False,0,0.0,0.0,0.0
1790793716.338,6.8,65.2,0,0,0.0,0.0,0,0,0,0,False,0,0.0,0.0,0.0
1790793717.338,6.8,65.2,0,12287,0.0,1.0,0,0,0,0,False,0,0.0,0.0,0.0
1790793718.338,6.9,65.3,0,110584,0.0,14.0,0,0,0,0,False,0,0.0,0.0,0.0
1790793719.338,6.8,65.2,0,176115,0.0,4.0,0,0,0,0,False,0,0.0,0.0,0.0
1790793720.338,7.8,65.2,0,0,0.0,0.0,0,0,0,0,False,0,0.0,0.0,0.0
1790793721.339,6.6,65.3,0,0,0.0,0.0,0,0,0,0,False,0,0.0,0.0,0.0
1790793722.339,6.5,65.3,0,0,0.0,0.0,0,0,0,0,False,0,0.0,0.0,0.0
1790793723.339,6.4,65.3,0,0,0.0,0.0,0,0,0,0,False,0,0.0,0.0,0.0
1790793724.339,6.6,65.3,0,57340,0.0,2.0,0,0,0,0,False,0,0.0,0.0,0.0
1790793725.339,8.5,65.3,0,0,0.0,0.0,0,0,0,0,False,0,0.0,0.0,0.0
1790793726.339,8.1,65.2,0,139252,0.0,30.0,0,0,0,0,False,0,0.0,0.0,0.0
1790793727.339,7.2,65.3,0,16383,0.0,3.0,0,0,0,0,False,0,0.0,0.0,0.0
1790793728.339,22.3,65.6,0,32766,0.0,1.0,0,0,0,0,False,0,0.0,0.0,0.0
1790793729.340,32.2,66.0,0,2124741,0.0,28.0,1,0,0,1,False,0,0.0,0.0,0.0
1790793730.340,14.4,65.2,0,49148,0.0,2.0,0,0,0,0,False,0,0.0,0.0,0.0
1790793731.340,6.6,65.3,0,0,0.0,0.0,0,0,0,0,False,0,0.0,0.0,0.0
1790793732.340,7.0,65.3,0,1912678,0.0,21.0,0,0,0,0,False,0,0.0,0.0,0.0
1790793733.340,7.3,65.3,0,0,0.0,0.0,0,0,0,0,False,0,0.0,0.0,0.0
1790793734.340,9.0,65.3,0,0,0.0,0.0,0,0,0,0,False,0,0.0,0.0,0.0
1790793735.340,6.4,65.3,0,155637,0.0,3.0,0,0,0,0,False,0,0.0,0.0,0.0
1790793736.340,6.3,65.3,0,0,0.0,0.0,0,0,0,0,False,0,0.0,0.0,0.0
1790793737.340,6.4,65.3,0,0,0.0,0.0,0,0,0,0,False,0,0.0,0.0,0.0
1790793738.340,6.7,65.3,0,0,0.0,0.0,0,0,0,0,False,0,0.0,0.0,0.0
1790793739.340,7.9,65.2,0,73721,0.0,3.0,0,0,0,0,False,0,0.0,0.0,0.0
1790793740.340,6.6,65.2,0,0,0.0,0.0,0,0,0,0,False,0,0.0,0.0,0.0
1790793741.341,6.5,65.3,0,0,0.0,0.0,0,0,0,0,False,0,0.0,0.0,0.0
1790793742.341,6.4,65.3,0,176119,0.0,8.0,0,0,0,0,False,0,0.0,0.0,0.0
1790793743.341,6.9,65.3,0,0,0.0,0.0,0,0,0,0,False,0,0.0,0.0,0.0
1790793744.341,6.8,65.3,0,0,0.0,0.0,0,0,0,0,False,0,0.0,0.0,0.0
1790793745.341,7.4,65.3,0,61436,0.0,2.0,0,0,0,0,False,0,0.0,0.0,0.0
1790793746.341,6.9,65.3,0,0,0.0,0.0,0,0,0,0,False,0,0.0,0.0,0.0
1790793747.341,6.4,65.3,0,0,0.0,0.0,0,0,0,0,False,0,0.0,0.0,0.0
1790793748.341,6.6,65.3,0,0,0.0,0.0,0,0,0,0,False,0,0.0,0.0,0.0
1790793749.341,6.4,65.3,0,65531,0.0,3.0,0,0,0,0,False,0,0.0,0.0,0.0
1790793750.341,6.6,65.3,0,0,0.0,0.0,0,0,0,0,False,0,0.0,0.0,0.0
1790793751.341,10.2,65.3,0,0,0.0,0.0,0,0,0,0,False,0,0.0,0.0,0.0
1790793752.341,7.7,65.3,0,0,0.0,0.0,0,0,0,0,False,0,0.0,0.0,0.0
1790793753.341,6.4,65.3,0,16383,0.0,4.0,0,0,0,0,False,0,0.0,0.0,0.0
1790793754.341,7.2,65.4,0,0,0.0,0.0,0,0,0,0,False,0,0.0,0.0,0.0
1790793755.342,6.9,65.4,0,49148,0.0,2.0,0,0,0,0,False,0,0.0,0.0,0.0
1790793756.342,6.5,65.4,0,0,0.0,0.0,0,0,0,0,False,0,0.0,0.0,0.0
1790793757.342,6.9,65.3,0,0,0.0,0.0,0,0,0,0,False,0,0.0,0.0,0.0
1790793758.342,8.0,65.3,0,16383,0.0,1.0,0,0,0,0,False,0,0.0,0.0,0.0
1790793759.342,6.7,65.2,0,0,0.0,0.0,0,0,0,0,False,0,0.0,0.0,0.0
1790793760.342,6.4,65.2,0,339944,0.0,68.0,0,0,0,0,False,0,0.0,0.0,0.0
1790793761.342,6.4,65.2,0,16383,0.0,2.0,0,0,0,0,False,0,0.0,0.0,0.0
1790793762.342,6.7,65.3,0,0,0.0,0.0,0,0,0,0,False,0,0.0,0.0,0.0
1790793763.342,6.6,65.3,0,3305221,0.0,32.0,0,0,0,0,False,0,0.0,0.0,0.0
1790793764.342,10.1,65.3,0,0,0.0,0.0,0,0,0,0,False,0,0.0,0.0,0.0
1790793765.342,6.7,65.3,0,0,0.0,0.0,0,0,0,0,False,0,0.0,0.0,0.0
1790793766.342,7.0,65.3,0,0,0.0,0.0,0,0,0,0,False,0,0.0,0.0,0.0
1790793767.342,6.4,65.3,0,0,0.0,0.0,0,0,0,0,False,0,0.0,0.0,0.0
1790793768.342,6.5,65.3,0,69626,0.0,2.0,0,0,0,0,False,0,0.0,0.0,0.0
1790793769.343,6.6,65.3,0,0,0.0,0.0,0,0,0,0,False,0,0.0,0.0,0.0
1790793770.343,6.5,65.3,0,0,0.0,0.0,0,0,0,0,False,0,0.0,0.0,0.0
1790793771.343,6.5,65.3,0,0,0.0,0.0,0,0,0,0,False,0,0.0,0.0,0.0
1790793772.343,12.5,65.5,0,32766,0.0,1.0,0,0,0,0,False,0,0.0,0.0,0.0
1790793773.343,27.1,66.1,0,4096,0.0,1.0,1,0,0,1,False,0,0.0,0.0,0.0
1790793774.343,28.5,65.4,0,356326,0.0,20.0,0,0,0,0,False,0,0.0,0.0,0.0
1790793775.343,6.6,65.4,0,0,0.0,0.0,0,0,0,0,False,0,0.0,0.0,0.0
1790793776.343,6.7,65.4,0,0,0.0,0.0,0,0,0,0,False,0,0.0,0.0,0.0
1790793777.343,6.6,65.4,0,0,0.0,0.0,0,0,0,0,False,0,0.0,0.0,0.0
1790793778.343,6.7,65.4,0,36861,0.0,1.0,0,0,0,0,False,0,0.0,0.0,0.0
1790793779.343,7.6,65.4,0,0,0.0,0.0,0,0,0,0,False,0,0.0,0.0,0.0
1790793780.343,10.6,65.4,0,159731,0.0,3.0,0,0,0,0,False,0,0.0,0.0,0.0
1790793781.343,6.7,65.3,0,0,0.0,0.0,0,0,0,0,False,0,0.0,0.0,0.0
1790793782.343,6.8,65.3,0,0,0.0,0.0,0,0,0,0,False,0,0.0,0.0,0.0
1790793783.344,11.7,66.1,0,81913,0.0,3.0,0,0,0,0,False,0,0.0,0.0,0.0
1790793784.344,8.0,66.1,0,253939,0.0,13.0,0,0,0,0,False,0,0.0,0.0,0.0
1790793785.344,8.1,66.3,0,77819,0.0,6.0,0,0,0,0,False,0,0.0,0.0,0.0
1790793786.344,7.9,66.2,0,0,0.0,0.0,0,0,0,0,False,0,0.0,0.0,0.0
1790793787.344,6.7,66.1,0,0,0.0,0.0,0,0,0,0,False,0,0.0,0.0,0.0
1790793788.344,7.4,66.1,0,20479,0.0,2.0,0,0,0,0,False,0,0.0,0.0,0.0
1790793789.344,7.8,66.0,0,0,0.0,0.0,0,0,0,0,False,0,0.0,0.0,0.0
1790793790.344,6.9,66.0,0,20479,0.0,2.0,0,0,0,0,False,0,0.0,0.0,0.0
1790793791.344,6.6,66.0,0,0,0.0,0.0,0,0,0,0,False,0,0.0,0.0,0.0
1790793792.344,6.8,65.9,0,405475,0.0,74.0,0,0,0,0,False,0,0.0,0.0,0.0
1790793793.344,6.8,65.9,0,0,0.0,0.0,0,0,0,0,False,0,0.0,0.0,0.0
1790793794.344,10.1,66.0,0,0,0.0,0.0,0,0,0,0,False,0,0.0,0.0,0.0
1790793795.344,7.1,65.9,0,0,0.0,0.0,0,0,0,0,False,0,0.0,0.0,0.0
1790793796.344,7.7,65.9,0,0,0.0,0.0,0,0,0,0,False,0,0.0,0.0,0.0
1790793797.345,6.7,65.8,0,0,0.0,0.0,0,0,0,0,False,0,0.0,0.0,0.0
1790793798.345,6.8,65.8,0,0,0.0,0.0,0,0,0,0,False,0,0.0,0.0,0.0
1790793799.345,6.8,65.8,0,2269021,0.0,22.0,0,0,0,0,False,0,0.0,0.0,0.0
1790793800.345,6.9,65.8,0,0,0.0,0.0,0,0,0,0,False,0,0.0,0.0,0.0
1790793801.345,6.7,65.8,0,0,0.0,0.0,0,0,0,0,False,0,0.0,0.0,0.0
1790793802.345,7.6,65.8,0,0,0.0,0.0,0,0,0,0,False,0,0.0,0.0,0.0
1790793803.345,6.9,65.8,0,0,0.0,0.0,0,0,0,0,False,0,0.0,0.0,0.0
1790793804.345,6.9,65.9,0,323560,0.0,22.0,0,0,0,0,False,0,0.0,0.0,0.0
1790793805.345,6.4,65.9,0,0,0.0,0.0,0,0,0,0,False,0,0.0,0.0,0.0
1790793806.345,6.6,65.9,0,0,0.0,0.0,0,0,0,0,False,0,0.0,0.0,0.0
1790793807.345,6.6,65.8,0,0,0.0,0.0,0,0,0,0,False,0,0.0,0.0,0.0
1790793808.345,10.9,65.8,0,0,0.0,0.0,0,0,0,0,False,0,0.0,0.0,0.0
1790793809.345,6.9,65.8,0,12287,0.0,1.0,0,0,0,0,False,0,0.0,0.0,0.0
1790793810.345,6.2,65.8,0,0,0.0,0.0,0,0,0,0,False,0,0.0,0.0,0.0
1790793811.346,6.2,65.8,0,0,0.0,0.0,0,0,0,0,False,0,0.0,0.0,0.0
1790793812.346,6.3,65.8,0,0,0.0,0.0,0,0,0,0,False,0,0.0,0.0,0.0
1790793813.346,7.1,65.4,0,229359,0.0,27.0,0,0,0,0,False,0,0.0,0.0,0.0
1790793814.346,15.1,65.5,0,17173361,0.0,136.0,0,0,0,0,False,0,0.0,0.0,0.0
1790793815.346,25.6,66.0,0,0,0.0,0.0,1,0,0,1,False,0,0.0,0.0,0.0
1790793816.346,31.2,65.4,0,49148,0.0,2.0,0,0,0,0,False,0,0.0,0.0,0.0
1790793817.346,6.7,65.4,0,0,0.0,0.0,0,0,0,0,False,0,0.0,0.0,0.0
1790793818.346,6.7,65.4,0,0,0.0,0.0,0,0,0,0,False,0,0.0,0.0,0.0
1790793819.346,6.5,65.4,0,1634186,0.0,17.0,0,0,0,0,False,0,0.0,0.0,0.0
1790793820.346,6.4,65.4,0,20478,0.0,1.0,0,0,0,0,False,0,0.0,0.0,0.0
1790793821.346,6.8,65.4,0,0,0.0,0.0,0,0,0,0,False,0,0.0,0.0,0.0
1790793822.346,6.4,65.3,0,0,0.0,0.0,0,0,0,0,False,0,0.0,0.0,0.0
1790793823.346,6.2,65.3,0,0,0.0,0.0,0,0,0,0,False,0,0.0,0.0,0.0
1790793824.346,7.7,65.3,0,102393,0.0,2.0,0,0,0,0,False,0,0.0,0.0,0.0
1790793825.347,7.1,65.3,0,0,0.0,0.0,0,0,0,0,False,0,0.0,0.0,0.0
1790793826.347,6.5,65.2,0,0,0.0,0.0,0,0,0,0,False,0,0.0,0.0,0.0
1790793827.347,6.5,65.2,0,0,0.0,0.0,0,0,0,0,False,0,0.0,0.0,0.0
1790793828.347,6.6,65.2,0,0,0.0,0.0,0,0,0,0,False,0,0.0,0.0,0.0
1790793829.347,6.5,65.2,0,2674495,0.0,28.0,0,0,0,0,False,0,0.0,0.0,0.0
1790793830.347,6.6,65.2,0,20478,0.0,2.0,0,0,0,0,False,0,0.0,0.0,0.0
1790793831.347,7.8,65.2,0,0,0.0,0.0,0,0,0,0,False,0,0.0,0.0,0.0
1790793832.347,8.5,65.2,0,0,0.0,0.0,0,0,0,0,False,0,0.0,0.0,0.0
1790793833.347,6.9,65.2,0,0,0.0,0.0,0,0,0,0,False,0,0.0,0.0,0.0
1790793834.347,7.0,65.2,0,520154,0.0,71.0,0,0,0,0,False,0,0.0,0.0,0.0
1790793835.347,6.5,65.2,0,32765,0.0,2.0,0,0,0,0,False,0,0.0,0.0,0.0
1790793836.347,6.4,65.2,0,200689,0.0,11.0,0,0,0,0,False,0,0.0,0.0,0.0
1790793837.347,7.0,65.2,0,0,0.0,0.0,0,0,0,0,False,0,0.0,0.0,0.0
1790793838.348,10.2,65.2,0,0,0.0,0.0,0,0,0,0,False,0,0.0,0.0,0.0
1790793839.348,6.5,65.2,0,0,0.0,0.0,0,0,0,0,False,0,0.0,0.0,0.0
1790793840.348,6.9,65.2,0,0,0.0,0.0,0,0,0,0,False,0,0.0,0.0,0.0
1790793841.348,6.7,65.2,0,0,0.0,0.0,0,0,0,0,False,0,0.0,0.0,0.0
1790793842.348,6.8,65.2,0,0,0.0,0.0,0,0,0,0,False,0,0.0,0.0,0.0
1790793843.348,8.6,65.2,0,86010,0.0,10.0,0,0,0,0,False,0,0.0,0.0,0.0
1790793844.348,8.5,65.1,0,0,0.0,0.0,0,0,0,0,False,0,0.0,0.0,0.0
1790793845.348,6.3,65.1,0,0,0.0,0.0,0,0,0,0,False,0,0.0,0.0,0.0
1790793846.348,6.6,65.1,0,0,0.0,0.0,0,0,0,0,False,0,0.0,0.0,0.0
1790793847.348,6.7,65.1,0,0,0.0,0.0,0,0,0,0,False,0,0.0,0.0,0.0
1790793848.348,7.1,65.2,0,1982300,0.0,19.0,0,0,0,0,False,0,0.0,0.0,0.0
1790793849.348,11.4,65.9,0,122870,0.0,3.0,0,0,0,0,False,0,0.0,0.0,0.0
1790793850.348,9.8,66.0,0,262120,0.0,16.0,0,0,0,0,False,0,0.0,0.0,0.0
1790793851.349,7.0,66.0,0,0,0.0,0.0,0,0,0,0,False,0,0.0,0.0,0.0
1790793852.349,6.4,66.0,0,0,0.0,0.0,0,0,0,0,False,0,0.0,0.0,0.0
1790793853.349,6.3,66.0,0,0,0.0,0.0,0,0,0,0,False,0,0.0,0.0,0.0
1790793854.349,9.5,66.0,0,0,0.0,0.0,0,0,0,0,False,0,0.0,0.0,0.0
1790793855.349,6.8,65.9,0,0,0.0,0.0,0,0,0,0,False,0,0.0,0.0,0.0
1790793856.349,7.2,65.9,0,12287,0.0,1.0,0,0,0,0,False,0,0.0,0.0,0.0
1790793857.349,7.2,65.9,0,4096,0.0,1.0,0,0,0,0,False,0,0.0,0.0,0.0
1790793858.349,6.7,65.9,0,0,0.0,0.0,0,0,0,0,False,0,0.0,0.0,0.0
1790793859.349,6.7,65.9,0,0,0.0,0.0,0,0,0,0,False,0,0.0,0.0,0.0
1790793860.349,6.6,65.8,0,2395953,0.0,20.0,0,0,0,0,False,0,0.0,0.0,0.0
1790793861.349,6.8,65.8,0,0,0.0,0.0,0,0,0,0,False,0,0.0,0.0,0.0
1790793862.349,6.8,65.8,0,0,0.0,0.0,0,0,0,0,False,0,0.0,0.0,0.0
1790793863.350,7.9,65.8,0,0,0.0,0.0,0,0,0,0,False,0,0.0,0.0,0.0
1790793864.350,7.2,65.8,0,16383,0.0,2.0,0,0,0,0,False,0,0.0,0.0,0.0
1790793865.350,6.7,65.7,0,4096,0.0,1.0,0,0,0,0,False,0,0.0,0.0,0.0
1790793866.350,9.9,65.7,0,163828,0.0,34.0,0,0,0,0,False,0,0.0,0.0,0.0
1790793867.350,6.8,65.8,0,12287,0.0,3.0,0,0,0,0,False,0,0.0,0.0,0.0
1790793868.350,7.1,65.8,0,0,0.0,0.0,0,0,0,0,False,0,0.0,0.0,0.0
1790793869.350,9.6,65.8,0,1236890,0.0,10.0,0,0,0,0,False,0,0.0,0.0,0.0
1790793870.350,7.1,65.8,0,69627,0.0,2.0,0,0,0,0,False,0,0.0,0.0,0.0
1790793871.350,6.7,65.8,0,0,0.0,0.0,0,0,0,0,False,0,0.0,0.0,0.0
1790793872.350,6.8,65.8,0,0,0.0,0.0,0,0,0,0,False,0,0.0,0.0,0.0
1790793873.350,9.0,65.7,0,0,0.0,0.0,0,0,0,0,False,0,0.0,0.0,0.0
1790793874.350,7.5,65.7,0,0,0.0,0.0,0,0,0,0,False,0,0.0,0.0,0.0
1790793875.350,7.6,65.8,0,0,0.0,0.0,0,0,0,0,False,0,0.0,0.0,0.0
1790793876.351,7.9,65.7,0,0,0.0,0.0,0,0,0,0,False,0,0.0,0.0,0.0
1790793877.351,6.7,65.7,0,0,0.0,0.0,0,0,0,0,False,0,0.0,0.0,0.0
1790793878.351,7.1,65.7,0,245742,0.0,29.0,0,0,0,0,False,0,0.0,0.0,0.0
1790793879.351,7.3,65.6,0,106489,0.0,10.0,0,0,0,0,False,0,0.0,0.0,0.0
1790793880.351,7.3,65.6,0,4096,0.0,1.0,0,0,0,0,False,0,0.0,0.0,0.0
1790793881.351,7.4,65.5,0,1367967,0.0,17.0,0,0,0,0,False,0,0.0,0.0,0.0
1790793882.351,7.2,65.5,0,249839,0.0,4.0,0,0,0,0,False,0,0.0,0.0,0.0
1790793883.351,6.6,65.5,0,0,0.0,0.0,0,0,0,0,False,0,0.0,0.0,0.0
1790793884.351,9.2,65.5,0,0,0.0,0.0,0,0,0,0,False,0,0.0,0.0,0.0
1790793885.351,6.6,65.5,0,0,0.0,0.0,0,0,0,0,False,0,0.0,0.0,0.0
1790793886.351,6.7,65.5,0,0,0.0,0.0,0,0,0,0,False,0,0.0,0.0,0.0
1790793887.351,7.6,65.4,0,53244,0.0,2.0,0,0,0,0,False,0,0.0,0.0,0.0
1790793888.351,6.9,65.4,0,0,0.0,0.0,0,0,0,0,False,0,0.0,0.0,0.0
1790793889.351,6.9,65.4,0,0,0.0,0.0,0,0,0,0,False,0,0.0,0.0,0.0
1790793890.352,6.5,65.4,0,0,0.0,0.0,0,0,0,0,False,0,0.0,0.0,0.0
1790793891.352,6.4,65.4,0,2137958,0.0,23.0,0,0,0,0,False,0,0.0,0.0,0.0
1790793892.352,7.4,65.5,0,0,0.0,0.0,0,0,0,0,False,0,0.0,0.0,0.0
1790793893.352,6.9,65.6,0,0,0.0,0.0,0,0,0,0,False,0,0.0,0.0,0.0
1790793894.352,8.4,65.7,0,94201,0.0,3.0,0,0,0,0,False,0,0.0,0.0,0.0
1790793895.352,9.7,65.7,0,0,0.0,0.0,0,0,0,0,False,0,0.0,0.0,0.0
1790793896.352,6.4,65.7,0,4096,0.0,1.0,0,0,0,0,False,0,0.0,0.0,0.0
1790793897.352,6.6,65.6,0,0,0.0,0.0,0,0,0,0,False,0,0.0,0.0,0.0
1790793898.352,6.4,65.6,0,24574,0.0,4.0,0,0,0,0,False,0,0.0,0.0,0.0
1790793899.352,6.6,65.6,0,69627,0.0,5.0,0,0,0,0,False,0,0.0,0.0,0.0
1790793900.352,7.4,65.6,0,0,0.0,0.0,0,0,0,0,False,0,0.0,0.0,0.0
1790793901.352,6.6,65.6,0,245742,0.0,53.0,0,0,0,0,False,0,0.0,0.0,0.0
1790793902.352,6.6,65.6,0,0,0.0,0.0,0,0,0,0,False,0,0.0,0.0,0.0
1790793903.352,6.4,65.6,0,0,0.0,0.0,0,0,0,0,False,0,0.0,0.0,0.0
1790793904.353,9.5,65.6,0,1765249,0.0,19.0,0,0,0,0,False,0,0.0,0.0,0.0
1790793905.353,6.7,65.6,0,0,0.0,0.0,0,0,0,0,False,0,0.0,0.0,0.0
1790793906.353,6.5,65.6,0,4096,0.0,1.0,0,0,0,0,False,0,0.0,0.0,0.0
1790793907.353,6.3,65.6,0,0,0.0,0.0,0,0,0,0,False,0,0.0,0.0,0.0
1790793908.353,6.7,65.5,0,278508,0.0,35.0,0,0,0,0,False,0,0.0,0.0,0.0
1790793909.353,7.1,65.6,0,0,0.0,0.0,0,0,0,0,False,0,0.0,0.0,0.0
1790793910.353,8.0,65.6,0,0,0.0,0.0,0,0,0,0,False,0,0.0,0.0,0.0
1790793911.353,6.9,65.7,0,16383,0.0,1.0,0,0,0,0,False,0,0.0,0.0,0.0
1790793912.353,6.4,65.7,0,90105,0.0,1.0,0,0,0,0,False,0,0.0,0.0,0.0
1790793913.353,6.3,65.8,0,0,0.0,0.0,0,0,0,0,False,0,0.0,0.0,0.0
1790793914.353,7.5,65.8,0,0,0.0,0.0,0,0,0,0,False,0,0.0,0.0,0.0
1790793915.353,6.5,65.8,0,0,0.0,0.0,0,0,0,0,False,0,0.0,0.0,0.0
1790793916.353,7.3,65.8,0,57340,0.0,2.0,0,0,0,0,False,0,0.0,0.0,0.0
1790793917.353,7.1,65.8,0,1236904,0.0,10.0,0,0,0,0,False,0,0.0,0.0,0.0
1790793918.353,6.6,65.8,0,0,0.0,0.0,0,0,0,0,False,0,0.0,0.0,0.0
1790793919.354,6.9,65.8,0,0,0.0,0.0,0,0,0,0,False,0,0.0,0.0,0.0
1790793920.354,6.7,65.8,0,0,0.0,0.0,0,0,0,0,False,0,0.0,0.0,0.0
1790793921.354,6.4,65.7,0,0,0.0,0.0,0,0,0,0,False,0,0.0,0.0,0.0
1790793922.354,6.7,65.7,0,0,0.0,0.0,0,0,0,0,False,0,0.0,0.0,0.0
1790793923.354,9.9,65.7,0,0,0.0,0.0,0,0,0,0,False,0,0.0,0.0,0.0
1790793924.354,10.5,65.7,0,65531,0.0,2.0,0,0,0,0,False,0,0.0,0.0,0.0
1790793925.354,7.1,65.5,0,90106,0.0,11.0,0,0,0,0,False,0,0.0,0.0,0.0
1790793926.354,6.8,65.5,0,0,0.0,0.0,0,0,0,0,False,0,0.0,0.0,0.0
1790793927.354,6.6,65.4,0,2961200,0.0,28.0,0,0,0,0,False,0,0.0,0.0,0.0
1790793928.354,6.6,65.4,0,0,0.0,0.0,0,0,0,0,False,0,0.0,0.0,0.0
1790793929.354,7.9,65.4,0,12287,0.0,3.0,0,0,0,0,False,0,0.0,0.0,0.0
1790793930.354,6.9,65.4,0,0,0.0,0.0,0,0,0,0,False,0,0.0,0.0,0.0
1790793931.354,6.5,65.4,0,49148,0.0,3.0,0,0,0,0,False,0,0.0,0.0,0.0
1790793932.354,6.4,65.4,0,0,0.0,0.0,0,0,0,0,False,0,0.0,0.0,0.0
1790793933.355,6.3,65.3,0,12287,0.0,2.0,0,0,0,0,False,0,0.0,0.0,0.0
1790793934.355,9.0,65.4,0,0,0.0,0.0,0,0,0,0,False,0,0.0,0.0,0.0
1790793935.355,6.9,65.3,0,155637,0.0,32.0,0,0,0,0,False,0,0.0,0.0,0.0
1790793936.355,7.9,65.3,0,0,0.0,0.0,0,0,0,0,False,0,0.0,0.0,0.0
1790793937.355,6.4,65.3,0,53244,0.0,3.0,0,0,0,0,False,0,0.0,0.0,0.0
1790793938.355,6.6,65.3,0,0,0.0,0.0,0,0,0,0,False,0,0.0,0.0,0.0
1790793939.355,6.6,65.2,0,0,0.0,0.0,0,0,0,0,False,0,0.0,0.0,0.0
1790793940.355,6.7,65.2,0,1236904,0.0,10.0,0,0,0,0,False,0,0.0,0.0,0.0
1790793941.355,6.6,65.3,0,90104,0.0,8.0,0,0,0,0,False,0,0.0,0.0,0.0
1790793942.355,7.9,65.3,0,413666,0.0,6.0,0,0,0,0,False,0,0.0,0.0,0.0
1790793943.355,6.7,65.3,0,0,0.0,0.0,0,0,0,0,False,0,0.0,0.0,0.0
1790793944.355,7.1,65.3,0,0,0.0,0.0,0,0,0,0,False,0,0.0,0.0,0.0
1790793945.355,6.5,65.3,0,0,0.0,0.0,0,0,0,0,False,0,0.0,0.0,0.0
1790793946.355,6.7,65.3,0,0,0.0,0.0,0,0,0,0,False,0,0.0,0.0,0.0
1790793947.356,6.5,65.3,0,40957,0.0,2.0,0,0,0,0,False,0,0.0,0.0,0.0
1790793948.356,7.1,65.3,0,176121,0.0,4.0,0,0,0,0,False,0,0.0,0.0,0.0
1790793949.356,7.7,65.3,0,0,0.0,0.0,0,0,0,0,False,0,0.0,0.0,0.0
1790793950.356,11.9,65.5,0,0,0.0,0.0,0,0,0,0,False,0,0.0,0.0,0.0
1790793951.356,6.9,65.5,0,0,0.0,0.0,0,0,0,0,False,0,0.0,0.0,0.0
1790793952.356,8.7,65.6,0,221168,0.0,12.0,0,0,0,0,False,0,0.0,0.0,0.0
1790793953.356,7.9,66.0,0,0,0.0,0.0,0,0,0,0,False,0,0.0,0.0,0.0
1790793954.356,7.7,66.0,0,0,0.0,0.0,0,0,0,0,False,0,0.0,0.0,0.0
1790793955.356,7.1,66.0,0,0,0.0,0.0,0,0,0,0,False,0,0.0,0.0,0.0
1790793956.356,6.8,65.9,0,0,0.0,0.0,0,0,0,0,False,0,0.0,0.0,0.0
1790793957.356,9.1,66.0,0,3010340,0.0,32.0,0,0,0,0,False,0,0.0,0.0,0.0
1790793958.356,6.7,66.0,0,0,0.0,0.0,0,0,0,0,False,0,0.0,0.0,0.0
1790793959.356,6.8,65.9,0,0,0.0,0.0,0,0,0,0,False,0,0.0,0.0,0.0
1790793960.356,7.1,65.9,0,24574,0.0,4.0,0,0,0,0,False,0,0.0,0.0,0.0
1790793961.357,6.9,65.9,0,0,0.0,0.0,0,0,0,0,False,0,0.0,0.0,0.0
1790793962.357,6.8,65.9,0,0,0.0,0.0,0,0,0,0,False,0,0.0,0.0,0.0
1790793963.357,10.9,65.9,0,8191,0.0,1.0,0,0,0,0,False,0,0.0,0.0,0.0
1790793964.357,7.2,65.9,0,4096,0.0,1.0,0,0,0,0,False,0,0.0,0.0,0.0
1790793965.357,6.8,65.9,0,0,0.0,0.0,0,0,0,0,False,0,0.0,0.0,0.0
1790793966.357,6.7,65.8,0,0,0.0,0.0,0,0,0,0,False,0,0.0,0.0,0.0
1790793967.357,6.6,65.8,0,0,0.0,0.0,0,0,0,0,False,0,0.0,0.0,0.0
1790793968.357,6.6,65.8,0,1798009,0.0,59.0,0,0,0,0,False,0,0.0,0.0,0.0
1790793969.357,7.8,65.8,0,0,0.0,0.0,0,0,0,0,False,0,0.0,0.0,0.0
1790793970.357,6.9,65.8,0,1236904,0.0,10.0,0,0,0,0,False,0,0.0,0.0,0.0
1790793971.357,8.6,65.8,0,0,0.0,0.0,0,0,0,0,False,0,0.0,0.0,0.0
1790793972.357,6.4,65.8,0,53244,0.0,2.0,0,0,0,0,False,0,0.0,0.0,0.0
1790793973.357,6.4,65.7,0,36861,0.0,4.0,0,0,0,0,False,0,0.0,0.0,0.0
1790793974.357,7.3,65.8,0,0,0.0,0.0,0,0,0,0,False,0,0.0,0.0,0.0
1790793975.358,6.8,65.8,0,0,0.0,0.0,0,0,0,0,False,0,0.0,0.0,0.0
1790793976.358,7.4,65.7,0,0,0.0,0.0,0,0,0,0,False,0,0.0,0.0,0.0
1790793977.358,6.2,65.8,0,0,0.0,0.0,0,0,0,0,False,0,0.0,0.0,0.0
1790793978.358,6.3,65.7,0,28670,0.0,2.0,0,0,0,0,False,0,0.0,0.0,0.0
1790793979.358,6.6,65.8,0,0,0.0,0.0,0,0,0,0,False,0,0.0,0.0,0.0
1790793980.358,6.4,65.6,0,131062,0.0,18.0,0,0,0,0,False,0,0.0,0.0,0.0
1790793981.358,7.1,65.2,0,0,0.0,0.0,0,0,0,0,False,0,0.0,0.0,0.0
1790793982.358,8.0,65.2,0,0,0.0,0.0,0,0,0,0,False,0,0.0,0.0,0.0
1790793983.358,7.8,65.2,0,1322908,0.0,13.0,0,0,0,0,False,0,0.0,0.0,0.0
1790793984.358,10.7,65.1,0,0,0.0,0.0,0,0,0,0,False,0,0.0,0.0,0.0
1790793985.358,7.6,65.1,0,0,0.0,0.0,0,0,0,0,False,0,0.0,0.0,0.0
1790793986.358,18.7,65.6,0,135158,0.0,7.0,0,0,0,0,False,0,0.0,0.0,0.0
1790793987.358,27.5,65.8,0,4096,0.0,1.0,1,0,0,1,False,0,0.0,0.0,0.0
1790793988.359,30.0,65.9,0,2793244,0.0,29.0,1,1,0,1,False,0,0.0,0.0,0.0
1790793989.359,20.6,65.9,0,0,0.0,0.0,1,1,0,1,False,0,0.0,0.0,0.0
1790793990.359,21.6,65.9,0,565206,0.0,6.0,1,1,0,1,False,0,0.0,0.0,0.0
1790793991.359,23.1,65.9,0,94201,0.0,7.0,1,1,0,1,False,0,0.0,0.0,0.0
1790793992.359,21.8,66.0,0,0,0.0,0.0,1,1,0,1,False,0,0.0,0.0,0.0
1790793993.359,21.7,65.9,0,0,0.0,0.0,1,1,0,1,False,0,0.0,0.0,0.0
1790793994.359,16.8,65.2,0,49148,0.0,2.0,0,0,0,0,False,0,0.0,0.0,0.0
1790793995.359,7.7,65.2,0,221167,0.0,3.0,0,0,0,0,False,0,0.0,0.0,0.0
1790793996.359,9.3,65.2,0,0,0.0,0.0,0,0,0,0,False,0,0.0,0.0,0.0
1790793997.359,6.8,65.2,0,0,0.0,0.0,0,0,0,0,False,0,0.0,0.0,0.0
1790793998.359,11.9,65.2,11132018,23165082,159.0,213.0,0,0,0,0,False,0,0.0,0.0,0.0
1790793999.359,8.8,65.3,0,0,0.0,0.0,0,0,0,0,False,0,0.0,0.0,0.0
1790794000.359,8.2,65.3,0,0,0.0,0.0,0,0,0,0,False,0,0.0,0.0,0.0
1790794001.360,7.8,65.2,0,0,0.0,0.0,0,0,0,0,False,0,0.0,0.0,0.0
1790794002.360,8.5,65.3,0,0,0.0,0.0,0,0,0,0,False,0,0.0,0.0,0.0
1790794003.360,9.3,65.3,0,606164,0.0,91.0,0,0,0,0,False,0,0.0,0.0,0.0
1790794004.360,7.1,65.3,0,0,0.0,0.0,0,0,0,0,False,0,0.0,0.0,0.0
1790794005.360,6.6,65.3,0,0,0.0,0.0,0,0,0,0,False,0,0.0,0.0,0.0
1790794006.360,7.7,65.3,0,0,0.0,0.0,0,0,0,0,False,0,0.0,0.0,0.0
1790794007.360,6.7,65.3,0,0,0.0,0.0,0,0,0,0,False,0,0.0,0.0,0.0
1790794008.360,6.5,65.3,0,0,0.0,0.0,0,0,0,0,False,0,0.0,0.0,0.0
1790794009.360,7.0,65.3,0,0,0.0,0.0,0,0,0,0,False,0,0.0,0.0,0.0
1790794010.360,6.7,65.3,0,106488,0.0,12.0,0,0,0,0,False,0,0.0,0.0,0.0
1790794011.360,6.5,65.3,0,0,0.0,0.0,0,0,0,0,False,0,0.0,0.0,0.0
1790794012.360,7.4,65.3,0,0,0.0,0.0,0,0,0,0,False,0,0.0,0.0,0.0
1790794013.360,9.3,65.3,0,0,0.0,0.0,0,0,0,0,False,0,0.0,0.0,0.0
1790794014.361,7.3,65.3,0,0,0.0,0.0,0,0,0,0,False,0,0.0,0.0,0.0
1790794015.361,6.6,65.3,0,0,0.0,0.0,0,0,0,0,False,0,0.0,0.0,0.0
1790794016.361,6.6,65.3,0,94201,0.0,12.0,0,0,0,0,False,0,0.0,0.0,0.0
1790794017.361,9.2,65.3,53244,16038712,9.0,142.0,0,0,0,0,False,0,0.0,0.0,0.0
1790794018.361,7.3,65.2,4096,4804266,1.0,56.0,0,0,0,0,False,0,0.0,0.0,0.0
1790794019.361,7.9,65.2,0,2617155,0.0,28.0,0,0,0,0,False,0,0.0,0.0,0.0
1790794020.361,10.0,65.2,0,0,0.0,0.0,0,0,0,0,False,0,0.0,0.0,0.0
1790794021.361,6.5,65.2,0,0,0.0,0.0,0,0,0,0,False,0,0.0,0.0,0.0
1790794022.361,6.9,65.2,602067,184306,21.0,9.0,0,0,0,0,False,0,0.0,0.0,0.0
1790794023.361,6.3,65.2,0,0,0.0,0.0,0,0,0,0,False,0,0.0,0.0,0.0
1790794024.361,9.4,65.2,0,192498,0.0,7.0,0,0,0,0,False,0,0.0,0.0,0.0
1790794025.361,7.7,65.2,4096,0,1.0,0.0,0,0,0,0,False,0,0.0,0.0,0.0
1790794026.361,7.0,65.2,0,0,0.0,0.0,0,0,0,0,False,0,0.0,0.0,0.0
1790794027.361,6.6,65.2,8191,0,2.0,0.0,0,0,0,0,False,0,0.0,0.0,0.0
1790794028.362,6.4,65.2,0,0,0.0,0.0,0,0,0,0,False,0,0.0,0.0,0.0
1790794029.362,7.5,65.3,0,106489,0.0,7.0,0,0,0,0,False,0,0.0,0.0,0.0
1790794030.362,8.6,65.2,0,0,0.0,0.0,0,0,0,0,False,0,0.0,0.0,0.0
1790794031.362,6.9,65.2,0,0,0.0,0.0,0,0,0,0,False,0,0.0,0.0,0.0
1790794032.362,7.8,65.2,0,0,0.0,0.0,0,0,0,0,False,0,0.0,0.0,0.0
1790794033.362,6.6,65.2,0,0,0.0,0.0,0,0,0,0,False,0,0.0,0.0,0.0
1790794034.362,7.3,65.2,0,532442,0.0,98.0,0,0,0,0,False,0,0.0,0.0,0.0
1790794035.362,6.9,65.2,0,0,0.0,0.0,0,0,0,0,False,0,0.0,0.0,0.0
1790794036.362,6.7,65.2,0,0,0.0,0.0,0,0,0,0,False,0,0.0,0.0,0.0
1790794037.362,6.8,65.2,0,49149,0.0,2.0,0,0,0,0,False,0,0.0,0.0,0.0
1790794038.362,8.0,65.2,0,0,0.0,0.0,0,0,0,0,False,0,0.0,0.0,0.0
1790794039.362,7.3,65.2,0,0,0.0,0.0,0,0,0,0,False,0,0.0,0.0,0.0
1790794040.362,6.5,65.2,0,102393,0.0,2.0,0,0,0,0,False,0,0.0,0.0,0.0
1790794041.362,6.9,65.2,0,0,0.0,0.0,0,0,0,0,False,0,0.0,0.0,0.0
1790794042.363,6.6,65.2,0,0,0.0,0.0,0,0,0,0,False,0,0.0,0.0,0.0
1790794043.363,9.0,65.2,0,0,0.0,0.0,0,0,0,0,False,0,0.0,0.0,0.0
1790794044.363,7.9,65.2,0,77819,0.0,10.0,0,0,0,0,False,0,0.0,0.0,0.0
1790794045.363,7.6,65.2,0,0,0.0,0.0,0,0,0,0,False,0,0.0,0.0,0.0
1790794046.363,6.9,65.2,0,0,0.0,0.0,0,0,0,0,False,0,0.0,0.0,0.0
1790794047.363,6.5,65.2,0,0,0.0,0.0,0,0,0,0,False,0,0.0,0.0,0.0
1790794048.363,6.8,65.1,0,1191850,0.0,12.0,0,0,0,0,False,0,0.0,0.0,0.0
1790794049.363,7.3,65.2,0,0,0.0,0.0,0,0,0,0,False,0,0.0,0.0,0.0
1790794050.363,6.6,65.1,0,2707261,0.0,28.0,0,0,0,0,False,0,0.0,0.0,0.0
1790794051.363,6.7,65.1,0,0,0.0,0.0,0,0,0,0,False,0,0.0,0.0,0.0
1790794052.363,6.4,65.1,0,0,0.0,0.0,0,0,0,0,False,0,0.0,0.0,0.0
1790794053.363,6.4,65.1,0,0,0.0,0.0,0,0,0,0,False,0,0.0,0.0,0.0
1790794054.363,8.0,65.1,0,2092904,0.0,22.0,0,0,0,0,False,0,0.0,0.0,0.0
1790794055.363,9.3,65.1,0,57340,0.0,4.0,0,0,0,0,False,0,0.0,0.0,0.0
1790794056.364,6.4,65.1,0,0,0.0,0.0,0,0,0,0,False,0,0.0,0.0,0.0
1790794057.364,6.6,64.9,0,0,0.0,0.0,0,0,0,0,False,0,0.0,0.0,0.0
1790794058.364,6.6,64.9,0,4096,0.0,1.0,0,0,0,0,False,0,0.0,0.0,0.0
1790794059.364,9.9,64.9,0,0,0.0,0.0,0,0,0,0,False,0,0.0,0.0,0.0
1790794060.364,6.6,64.9,0,77818,0.0,2.0,0,0,0,0,False,0,0.0,0.0,0.0
1790794061.364,9.3,65.0,0,0,0.0,0.0,0,0,0,0,False,0,0.0,0.0,0.0
1790794062.364,22.2,65.6,0,32766,0.0,1.0,0,0,0,0,False,0,0.0,0.0,0.0
1790794063.364,45.9,65.8,0,0,0.0,0.0,3,2,0,3,False,0,0.0,0.0,0.0
1790794064.364,44.9,65.9,0,0,0.0,0.0,1,1,0,1,False,0,0.0,0.0,0.0
1790794065.369,39.0,66.1,0,14849966,0.0,158.3,1,16,0,1,False,0,0.0,0.0,0.0
1790794066.369,52.1,65.1,0,16382,0.0,1.0,0,0,0,0,False,0,0.0,0.0,0.0
1790794067.369,7.1,65.1,0,638924,0.0,6.0,0,0,0,0,False,0,0.0,0.0,0.0
1790794068.369,6.9,65.2,0,0,0.0,0.0,0,0,0,0,False,0,0.0,0.0,0.0
1790794069.369,6.3,65.2,0,0,0.0,0.0,0,0,0,0,False,0,0.0,0.0,0.0
1790794070.369,6.6,65.2,0,9579854,0.0,74.0,0,0,0,0,False,0,0.0,0.0,0.0
1790794071.369,6.3,65.1,0,0,0.0,0.0,0,0,0,0,False,0,0.0,0.0,0.0
1790794072.369,10.2,65.3,0,32766,0.0,1.0,0,0,0,0,False,0,0.0,0.0,0.0
1790794073.369,28.5,66.5,0,1335198,0.0,16.0,0,0,0,0,False,0,0.0,0.0,0.0
1790794074.369,36.4,66.3,0,2449230,0.0,53.0,0,0,0,0,False,0,0.0,0.0,0.0
1790794075.369,6.8,66.2,0,0,0.0,0.0,0,0,0,0,False,0,0.0,0.0,0.0
1790794076.370,6.7,66.2,0,0,0.0,0.0,0,0,0,0,False,0,0.0,0.0,0.0
1790794077.370,6.6,66.0,0,0,0.0,0.0,0,0,0,0,False,0,0.0,0.0,0.0
1790794078.370,6.6,65.9,0,0,0.0,0.0,0,0,0,0,False,0,0.0,0.0,0.0
1790794079.370,6.5,65.9,0,0,0.0,0.0,0,0,0,0,False,0,0.0,0.0,0.0
1790794080.370,7.8,65.9,0,126967,0.0,2.0,0,0,0,0,False,0,0.0,0.0,0.0
1790794081.370,6.9,65.8,0,0,0.0,0.0,0,0,0,0,False,0,0.0,0.0,0.0
1790794082.370,6.8,65.8,0,0,0.0,0.0,0,0,0,0,False,0,0.0,0.0,0.0
1790794083.370,6.5,65.8,0,0,0.0,0.0,0,0,0,0,False,0,0.0,0.0,0.0
1790794084.370,11.8,66.2,0,90106,0.0,3.0,0,0,0,0,False,0,0.0,0.0,0.0
1790794085.370,8.5,66.5,0,3841775,0.0,62.0,0,0,0,0,False,0,0.0,0.0,0.0
1790794086.370,9.4,66.5,0,0,0.0,0.0,0,0,0,0,False,0,0.0,0.0,0.0
1790794087.370,10.8,66.5,0,0,0.0,0.0,0,0,0,0,False,0,0.0,0.0,0.0
1790794088.370,6.6,66.3,0,1662857,0.0,17.0,0,0,0,0,False,0,0.0,0.0,0.0
1790794089.370,6.6,66.3,0,0,0.0,0.0,0,0,0,0,False,0,0.0,0.0,0.0
1790794090.371,6.8,66.2,0,12696719,0.0,102.0,0,0,0,0,False,0,0.0,0.0,0.0
1790794091.371,6.4,66.2,0,110584,0.0,2.0,0,0,0,0,False,0,0.0,0.0,0.0
1790794092.371,6.6,66.1,0,0,0.0,0.0,0,0,0,0,False,0,0.0,0.0,0.0
1790794093.371,7.7,66.1,0,0,0.0,0.0,0,0,0,0,False,0,0.0,0.0,0.0
1790794094.371,7.1,66.0,0,0,0.0,0.0,0,0,0,0,False,0,0.0,0.0,0.0
1790794095.371,6.5,66.0,0,0,0.0,0.0,0,0,0,0,False,0,0.0,0.0,0.0
1790794096.371,6.6,65.9,0,18860740,0.0,145.0,0,0,0,0,False,0,0.0,0.0,0.0
1790794097.371,6.4,65.9,0,0,0.0,0.0,0,0,0,0,False,0,0.0,0.0,0.0
1790794098.371,6.5,65.9,0,888768,0.0,126.0,0,0,0,0,False,0,0.0,0.0,0.0
1790794099.371,7.6,65.9,0,0,0.0,0.0,0,0,0,0,False,0,0.0,0.0,0.0
1790794100.371,9.3,65.9,0,49149,0.0,2.0,0,0,0,0,False,0,0.0,0.0,0.0
1790794101.371,6.6,65.9,0,0,0.0,0.0,0,0,0,0,False,0,0.0,0.0,0.0
1790794102.371,6.4,65.9,0,0,0.0,0.0,0,0,0,0,False,0,0.0,0.0,0.0
1790794103.371,6.4,65.9,0,0,0.0,0.0,0,0,0,0,False,0,0.0,0.0,0.0
1790794104.372,7.6,65.8,0,0,0.0,0.0,0,0,0,0,False,0,0.0,0.0,0.0
1790794105.372,6.9,65.8,0,16383,0.0,2.0,0,0,0,0,False,0,0.0,0.0,0.0
1790794106.372,8.0,65.6,0,225264,0.0,3.0,0,0,0,0,False,0,0.0,0.0,0.0
1790794107.372,7.2,65.6,0,0,0.0,0.0,0,0,0,0,False,0,0.0,0.0,0.0
1790794108.372,21.1,66.1,0,32766,0.0,1.0,0,0,0,0,False,0,0.0,0.0,0.0
1790794109.372,34.8,66.3,0,0,0.0,0.0,0,0,0,0,False,0,0.0,0.0,0.0
1790794110.372,7.8,65.5,0,49148,0.0,2.0,0,0,0,0,False,0,0.0,0.0,0.0
1790794111.372,6.5,65.5,0,298986,0.0,4.0,0,0,0,0,False,0,0.0,0.0,0.0
1790794112.372,7.8,65.5,0,0,0.0,0.0,0,0,0,0,False,0,0.0,0.0,0.0
1790794113.372,7.0,65.5,0,0,0.0,0.0,0,0,0,0,False,0,0.0,0.0,0.0
1790794114.372,9.6,65.1,0,212977,0.0,27.0,0,0,0,0,False,0,0.0,0.0,0.0
1790794115.372,7.0,65.1,0,102393,0.0,10.0,0,0,0,0,False,0,0.0,0.0,0.0
1790794116.372,10.2,65.2,0,4173519,0.0,44.0,0,0,0,0,False,0,0.0,0.0,0.0
1790794117.372,6.6,65.1,0,114679,0.0,7.0,0,0,0,0,False,0,0.0,0.0,0.0
1790794118.373,7.4,65.1,0,0,0.0,0.0,0,0,0,0,False,0,0.0,0.0,0.0
1790794119.373,7.5,65.1,0,0,0.0,0.0,0,0,0,0,False,0,0.0,0.0,0.0
1790794120.373,6.8,65.1,0,0,0.0,0.0,0,0,0,0,False,0,0.0,0.0,0.0
1790794121.373,6.6,65.1,0,77818,0.0,3.0,0,0,0,0,False,0,0.0,0.0,0.0
1790794122.373,6.8,65.1,0,0,0.0,0.0,0,0,0,0,False,0,0.0,0.0,0.0
1790794123.373,7.1,65.0,0,0,0.0,0.0,0,0,0,0,False,0,0.0,0.0,0.0
1790794124.373,15.0,65.4,0,32766,0.0,1.0,0,0,0,0,False,0,0.0,0.0,0.0
1790794125.373,28.3,65.9,0,0,0.0,0.0,1,1,0,1,False,0,0.0,0.0,0.0
1790794126.373,18.1,65.2,0,49148,0.0,2.0,0,0,0,0,False,0,0.0,0.0,0.0
1790794127.373,6.9,65.2,0,196594,0.0,3.0,0,0,0,0,False,0,0.0,0.0,0.0
1790794128.373,6.9,65.2,0,0,0.0,0.0,0,0,0,0,False,0,0.0,0.0,0.0
1790794129.373,6.9,65.2,0,0,0.0,0.0,0,0,0,0,False,0,0.0,0.0,0.0
1790794130.373,7.3,65.2,0,532442,0.0,94.0,0,0,0,0,False,0,0.0,0.0,0.0
1790794131.373,8.8,65.2,0,0,0.0,0.0,0,0,0,0,False,0,0.0,0.0,0.0
1790794132.374,6.7,65.2,0,0,0.0,0.0,0,0,0,0,False,0,0.0,0.0,0.0
1790794133.374,7.7,65.6,0,0,0.0,0.0,0,0,0,0,False,0,0.0,0.0,0.0
1790794134.374,7.3,65.6,0,0,0.0,0.0,0,0,0,0,False,0,0.0,0.0,0.0
1790794135.374,6.6,65.5,0,61436,0.0,2.0,0,0,0,0,False,0,0.0,0.0,0.0
1790794136.374,6.9,65.5,0,0,0.0,0.0,0,0,0,0,False,0,0.0,0.0,0.0
1790794137.374,6.9,65.5,0,0,0.0,0.0,0,0,0,0,False,0,0.0,0.0,0.0
1790794138.374,6.6,65.5,0,0,0.0,0.0,0,0,0,0,False,0,0.0,0.0,0.0
1790794139.374,6.7,65.5,0,0,0.0,0.0,0,0,0,0,False,0,0.0,0.0,0.0
1790794140.374,7.9,65.5,0,0,0.0,0.0,0,0,0,0,False,0,0.0,0.0,0.0
1790794141.374,8.3,65.4,0,0,0.0,0.0,0,0,0,0,False,0,0.0,0.0,0.0
1790794142.374,6.6,65.4,0,36861,0.0,1.0,0,0,0,0,False,0,0.0,0.0,0.0
1790794143.374,6.4,65.4,0,0,0.0,0.0,0,0,0,0,False,0,0.0,0.0,0.0
1790794144.374,6.9,65.4,0,0,0.0,0.0,0,0,0,0,False,0,0.0,0.0,0.0
1790794145.374,6.3,65.4,0,0,0.0,0.0,0,0,0,0,False,0,0.0,0.0,0.0
1790794146.375,6.7,65.4,0,0,0.0,0.0,0,0,0,0,False,0,0.0,0.0,0.0
1790794147.375,7.5,65.4,0,2158437,0.0,22.0,0,0,0,0,False,0,0.0,0.0,0.0
1790794148.375,6.5,65.4,0,126966,0.0,8.0,0,0,0,0,False,0,0.0,0.0,0.0
1790794149.375,12.8,66.0,0,114679,0.0,3.0,0,0,0,0,False,0,0.0,0.0,0.0
1790794150.375,8.6,66.0,0,167924,0.0,12.0,0,0,0,0,False,0,0.0,0.0,0.0
1790794151.375,6.4,66.0,0,0,0.0,0.0,0,0,0,0,False,0,0.0,0.0,0.0
1790794152.375,6.6,66.0,0,16383,0.0,1.0,0,0,0,0,False,0,0.0,0.0,0.0
1790794153.375,7.6,66.0,0,0,0.0,0.0,0,0,0,0,False,0,0.0,0.0,0.0
1790794154.375,10.6,66.0,0,0,0.0,0.0,0,0,0,0,False,0,0.0,0.0,0.0
1790794155.375,6.6,66.0,0,0,0.0,0.0,0,0,0,0,False,0,0.0,0.0,0.0
1790794156.375,6.4,66.0,0,0,0.0,0.0,0,0,0,0,False,0,0.0,0.0,0.0
1790794157.375,6.4,66.0,0,40957,0.0,3.0,0,0,0,0,False,0,0.0,0.0,0.0
1790794158.375,8.2,66.0,0,0,0.0,0.0,0,0,0,0,False,0,0.0,0.0,0.0
1790794159.376,11.9,52.1,0,0,0.0,0.0,0,0,0,0,False,0,0.0,0.0,0.0
1790794160.376,7.3,52.1,0,0,0.0,0.0,0,0,0,0,False,0,0.0,0.0,0.0
1790794161.376,6.6,52.1,0,0,0.0,0.0,0,0,0,0,False,0,0.0,0.0,0.0
1790794162.376,6.7,52.0,0,110583,0.0,5.0,0,0,0,0,False,0,0.0,0.0,0.0
1790794163.376,6.5,52.0,0,86009,0.0,10.0,0,0,0,0,False,0,0.0,0.0,0.0
1790794164.376,9.7,51.8,0,0,0.0,0.0,0,0,0,0,False,0,0.0,0.0,0.0
1790794165.376,6.8,51.8,0,0,0.0,0.0,0,0,0,0,False,0,0.0,0.0,0.0
1790794166.376,7.9,51.7,0,217067,0.0,44.0,0,0,0,0,False,0,0.0,0.0,0.0
1790794167.376,6.7,51.7,0,24574,0.0,2.0,0,0,0,0,False,0,0.0,0.0,0.0
1790794168.376,6.9,51.7,0,0,0.0,0.0,0,0,0,0,False,0,0.0,0.0,0.0
1790794169.376,7.9,51.7,0,1236904,0.0,10.0,0,0,0,0,False,0,0.0,0.0,0.0
1790794170.376,7.0,51.7,0,98296,0.0,2.0,0,0,0,0,False,0,0.0,0.0,0.0
1790794171.377,6.6,51.7,0,0,0.0,0.0,0,0,0,0,False,0,0.0,0.0,0.0
1790794172.377,6.4,51.7,0,0,0.0,0.0,0,0,0,0,False,0,0.0,0.0,0.0
1790794173.377,6.5,51.7,0,0,0.0,0.0,0,0,0,0,False,0,0.0,0.0,0.0
1790794174.377,7.1,51.6,0,0,0.0,0.0,0,0,0,0,False,0,0.0,0.0,0.0
1790794175.377,17.4,52.1,0,32765,0.0,1.0,0,0,0,0,False,0,0.0,0.0,0.0
1790794176.377,30.0,52.5,0,0,0.0,0.0,2,1,0,2,False,0,0.0,0.0,0.0
1790794177.377,25.2,52.0,0,3002145,0.0,30.0,0,0,0,0,False,0,0.0,0.0,0.0
1790794178.377,6.6,52.0,0,708559,0.0,21.0,0,0,0,0,False,0,0.0,0.0,0.0
1790794179.377,7.2,51.5,0,122871,0.0,11.0,0,0,0,0,False,0,0.0,0.0,0.0
1790794180.377,8.8,51.4,0,430050,0.0,10.0,0,0,0,0,False,0,0.0,0.0,0.0
1790794181.377,13.2,51.4,0,32766,0.0,1.0,0,0,0,0,False,0,0.0,0.0,0.0
1790794182.377,27.4,52.1,0,135158,0.0,4.0,1,0,0,1,False,0,0.0,0.0,0.0
1790794183.378,31.2,51.4,0,1871739,0.0,25.0,0,0,0,0,False,0,0.0,0.0,0.0
1790794184.378,8.7,51.4,0,0,0.0,0.0,0,0,0,0,False,0,0.0,0.0,0.0
1790794185.378,10.1,51.3,0,0,0.0,0.0,0,0,0,0,False,0,0.0,0.0,0.0
1790794186.378,6.6,51.3,0,0,0.0,0.0,0,0,0,0,False,0,0.0,0.0,0.0
1790794187.378,6.6,51.3,0,0,0.0,0.0,0,0,0,0,False,0,0.0,0.0,0.0
1790794188.378,7.9,51.4,0,155637,0.0,3.0,0,0,0,0,False,0,0.0,0.0,0.0
1790794189.378,17.3,51.8,0,32766,0.0,1.0,0,0,0,0,False,0,0.0,0.0,0.0
1790794190.378,36.9,52.5,0,65531,0.0,2.0,1,0,0,1,False,0,0.0,0.0,0.0
1790794191.378,41.4,52.3,0,16383,0.0,1.0,0,0,0,0,False,0,0.0,0.0,0.0
1790794192.378,36.1,53.6,0,65530,0.0,2.0,1,1,0,1,False,0,0.0,0.0,0.0
1790794193.378,43.3,55.0,0,151540,0.0,3.0,0,0,0,0,False,0,0.0,0.0,0.0
1790794194.378,30.1,54.4,0,1048501,0.0,23.0,0,0,0,0,False,0,0.0,0.0,0.0
1790794195.378,13.2,54.6,0,118776,0.0,5.0,0,0,0,0,False,0,0.0,0.0,0.0
1790794196.378,8.9,54.9,0,163828,0.0,12.0,0,0,0,0,False,0,0.0,0.0,0.0
1790794197.379,7.1,55.0,0,0,0.0,0.0,0,0,0,0,False,0,0.0,0.0,0.0
1790794198.379,6.9,54.9,0,0,0.0,0.0,0,0,0,0,False,0,0.0,0.0,0.0
1790794199.379,6.6,54.9,0,0,0.0,0.0,0,0,0,0,False,0,0.0,0.0,0.0
1790794200.379,7.0,54.8,0,12287,0.0,3.0,0,0,0,0,False,0,0.0,0.0,0.0
1790794201.379,6.8,54.7,0,942012,0.0,127.0,0,0,0,0,False,0,0.0,0.0,0.0
1790794202.379,6.7,54.7,0,0,0.0,0.0,0,0,0,0,False,0,0.0,0.0,0.0
1790794203.379,8.9,54.6,0,0,0.0,0.0,0,0,0,0,False,0,0.0,0.0,0.0
1790794204.379,7.1,54.5,0,0,0.0,0.0,0,0,0,0,False,0,0.0,0.0,0.0
1790794205.379,7.1,54.5,0,0,0.0,0.0,0,0,0,0,False,0,0.0,0.0,0.0
1790794206.379,6.7,54.4,0,0,0.0,0.0,0,0,0,0,False,0,0.0,0.0,0.0
1790794207.379,7.6,54.3,0,28670,0.0,2.0,0,0,0,0,False,0,0.0,0.0,0.0
1790794208.379,8.0,54.3,0,5348992,0.0,51.0,0,0,0,0,False,0,0.0,0.0,0.0
1790794209.379,6.9,54.2,0,0,0.0,0.0,0,0,0,0,False,0,0.0,0.0,0.0
1790794210.379,7.1,54.2,0,0,0.0,0.0,0,0,0,0,False,0,0.0,0.0,0.0
1790794211.380,6.9,54.1,0,774089,0.0,16.0,0,0,0,0,False,0,0.0,0.0,0.0
1790794212.380,7.2,54.1,0,192503,0.0,12.0,0,0,0,0,False,0,0.0,0.0,0.0
1790794213.380,10.5,54.1,0,16383,0.0,1.0,0,0,0,0,False,0,0.0,0.0,0.0
1790794214.380,10.2,54.0,0,4665007,0.0,41.0,0,0,0,0,False,0,0.0,0.0,0.0
1790794215.380,8.7,54.0,0,14670819,0.0,135.0,0,0,0,0,False,0,0.0,0.0,0.0
1790794216.380,6.6,54.0,0,0,0.0,0.0,0,0,0,0,False,0,0.0,0.0,0.0
1790794217.380,6.6,53.9,0,1236904,0.0,10.0,0,0,0,0,False,0,0.0,0.0,0.0
1790794218.380,6.6,53.8,0,0,0.0,0.0,0,0,0,0,False,0,0.0,0.0,0.0
1790794219.380,6.6,53.8,0,0,0.0,0.0,0,0,0,0,False,0,0.0,0.0,0.0
1790794220.380,7.0,53.8,0,204784,0.0,3.0,0,0,0,0,False,0,0.0,0.0,0.0
1790794221.380,6.8,53.8,0,0,0.0,0.0,0,0,0,0,False,0,0.0,0.0,0.0
1790794222.380,6.6,53.9,0,0,0.0,0.0,0,0,0,0,False,0,0.0,0.0,0.0
1790794223.380,6.3,53.9,0,0,0.0,0.0,0,0,0,0,False,0,0.0,0.0,0.0
1790794224.380,7.3,53.8,0,204786,0.0,15.0,0,0,0,0,False,0,0.0,0.0,0.0
1790794225.381,8.6,53.8,0,237551,0.0,29.0,0,0,0,0,False,0,0.0,0.0,0.0
1790794226.381,6.6,53.7,0,0,0.0,0.0,0,0,0,0,False,0,0.0,0.0,0.0
1790794227.381,6.6,53.7,0,0,0.0,0.0,0,0,0,0,False,0,0.0,0.0,0.0
1790794228.381,6.5,53.7,0,0,0.0,0.0,0,0,0,0,False,0,0.0,0.0,0.0
1790794229.381,6.2,53.7,0,1359777,0.0,17.0,0,0,0,0,False,0,0.0,0.0,0.0
1790794230.381,6.8,53.8,0,81914,0.0,4.0,0,0,0,0,False,0,0.0,0.0,0.0
1790794231.381,9.2,53.7,0,0,0.0,0.0,0,0,0,0,False,0,0.0,0.0,0.0
1790794232.381,7.1,53.7,0,446431,0.0,87.0,0,0,0,0,False,0,0.0,0.0,0.0
1790794233.381,6.3,53.7,0,0,0.0,0.0,0,0,0,0,False,0,0.0,0.0,0.0
1790794234.381,6.6,53.8,0,0,0.0,0.0,0,0,0,0,False,0,0.0,0.0,0.0
1790794235.381,7.4,53.7,0,36861,0.0,4.0,0,0,0,0,False,0,0.0,0.0,0.0
1790794236.381,6.4,53.7,0,0,0.0,0.0,0,0,0,0,False,0,0.0,0.0,0.0
1790794237.381,7.8,53.7,1269669,11566271,36.0,107.0,0,0,0,0,False,0,0.0,0.0,0.0
1790794238.381,7.7,53.7,0,143348,0.0,6.0,0,0,0,0,False,0,0.0,0.0,0.0
1790794239.382,6.5,53.6,0,2035555,0.0,21.0,0,0,0,0,False,0,0.0,0.0,0.0
1790794240.382,6.9,53.7,0,1236901,0.0,10.0,0,0,0,0,False,0,0.0,0.0,0.0
1790794241.382,10.0,53.7,0,0,0.0,0.0,0,0,0,0,False,0,0.0,0.0,0.0
1790794242.382,8.7,53.7,0,0,0.0,0.0,0,0,0,0,False,0,0.0,0.0,0.0
1790794243.382,6.4,53.7,0,12287,0.0,3.0,0,0,0,0,False,0,0.0,0.0,0.0
1790794244.382,8.0,53.7,0,16383,0.0,1.0,0,0,0,0,False,0,0.0,0.0,0.0
1790794245.382,6.9,53.7,0,53244,0.0,2.0,0,0,0,0,False,0,0.0,0.0,0.0
1790794246.382,6.6,53.7,0,0,0.0,0.0,0,0,0,0,False,0,0.0,0.0,0.0
1790794247.382,8.4,53.8,0,0,0.0,0.0,0,0,0,0,False,0,0.0,0.0,0.0
1790794248.382,7.1,53.8,0,184307,0.0,4.0,0,0,0,0,False,0,0.0,0.0,0.0
1790794249.382,6.6,53.7,0,8191,0.0,1.0,0,0,0,0,False,0,0.0,0.0,0.0
1790794250.382,11.4,54.1,0,0,0.0,0.0,0,0,0,0,False,0,0.0,0.0,0.0
1790794251.382,6.7,54.2,0,0,0.0,0.0,0,0,0,0,False,0,0.0,0.0,0.0
1790794252.383,10.3,54.5,0,241647,0.0,12.0,0,0,0,0,False,0,0.0,0.0,0.0
1790794253.383,6.9,54.4,0,0,0.0,0.0,0,0,0,0,False,0,0.0,0.0,0.0
1790794254.383,7.0,54.4,0,0,0.0,0.0,0,0,0,0,False,0,0.0,0.0,0.0
1790794255.383,6.9,54.3,0,102392,0.0,10.0,0,0,0,0,False,0,0.0,0.0,0.0
1790794256.383,6.6,54.3,0,0,0.0,0.0,0,0,0,0,False,0,0.0,0.0,0.0
1790794257.383,7.7,54.2,0,0,0.0,0.0,0,0,0,0,False,0,0.0,0.0,0.0
1790794258.383,11.4,54.3,0,32766,0.0,1.0,0,0,0,0,False,0,0.0,0.0,0.0
1790794259.383,24.5,54.8,0,266221,0.0,4.0,0,0,0,0,False,0,0.0,0.0,0.0
1790794260.383,32.1,54.8,0,643020,0.0,8.0,0,0,0,0,False,0,0.0,0.0,0.0
1790794261.383,6.6,54.8,0,0,0.0,0.0,0,0,0,0,False,0,0.0,0.0,0.0
1790794262.383,6.5,54.8,0,0,0.0,0.0,0,0,0,0,False,0,0.0,0.0,0.0
1790794263.383,6.5,54.8,0,0,0.0,0.0,0,0,0,0,False,0,0.0,0.0,0.0
1790794264.383,10.4,54.8,0,0,0.0,0.0,0,0,0,0,False,0,0.0,0.0,0.0
1790794265.383,6.6,54.8,0,0,0.0,0.0,0,0,0,0,False,0,0.0,0.0,0.0
1790794266.384,6.5,54.8,0,1466258,0.0,124.0,0,0,0,0,False,0,0.0,0.0,0.0
1790794267.384,6.3,54.8,0,0,0.0,0.0,0,0,0,0,False,0,0.0,0.0,0.0
1790794268.384,6.3,54.7,0,0,0.0,0.0,0,0,0,0,False,0,0.0,0.0,0.0
1790794269.384,6.5,54.7,0,0,0.0,0.0,0,0,0,0,False,0,0.0,0.0,0.0
1790794270.384,8.0,54.7,0,4202129,0.0,42.0,0,0,0,0,False,0,0.0,0.0,0.0
1790794271.384,10.0,54.6,0,0,0.0,0.0,0,0,0,0,False,0,0.0,0.0,0.0
1790794272.384,6.4,54.6,0,0,0.0,0.0,0,0,0,0,False,0,0.0,0.0,0.0
1790794273.384,6.6,54.6,0,442335,0.0,11.0,0,0,0,0,False,0,0.0,0.0,0.0
1790794274.384,6.9,54.7,0,0,0.0,0.0,0,0,0,0,False,0,0.0,0.0,0.0
1790794275.384,6.8,54.6,0,69627,0.0,3.0,0,0,0,0,False,0,0.0,0.0,0.0
1790794276.384,7.1,54.6,0,0,0.0,0.0,0,0,0,0,False,0,0.0,0.0,0.0
1790794277.384,7.3,54.5,0,0,0.0,0.0,0,0,0,0,False,0,0.0,0.0,0.0
1790794278.384,6.3,54.5,0,0,0.0,0.0,0,0,0,0,False,0,0.0,0.0,0.0
1790794279.384,13.1,54.8,0,32766,0.0,1.0,0,0,0,0,False,0,0.0,0.0,0.0
1790794280.385,27.2,55.3,0,118773,0.0,10.0,4,0,0,4,False,0,0.0,0.0,0.0
1790794281.385,52.9,57.2,0,0,0.0,0.0,2,2,0,2,False,0,0.0,0.0,0.0
1790794282.385,36.4,58.5,0,0,0.0,0.0,1,1,0,1,False,0,0.0,0.0,0.0
1790794283.385,49.8,63.2,0,0,0.0,0.0,1,17,0,1,False,0,0.0,0.0,0.0
1790794284.385,42.2,63.7,0,49147,0.0,2.0,0,0,0,0,False,0,0.0,0.0,0.0
1790794285.385,7.1,63.6,0,20986273,0.0,182.0,0,0,0,0,False,0,0.0,0.0,0.0
1790794286.385,7.5,63.6,0,0,0.0,0.0,0,0,0,0,False,0,0.0,0.0,0.0
1790794287.385,6.9,63.6,0,4096,0.0,1.0,0,0,0,0,False,0,0.0,0.0,0.0
1790794288.385,6.9,63.4,0,0,0.0,0.0,0,0,0,0,False,0,0.0,0.0,0.0
1790794289.385,7.2,63.4,0,0,0.0,0.0,0,0,0,0,False,0,0.0,0.0,0.0
1790794290.386,7.8,63.4,0,14265324,0.0,113.0,0,0,0,0,False,0,0.0,0.0,0.0
1790794291.386,21.6,63.8,0,32766,0.0,1.0,0,0,0,0,False,0,0.0,0.0,0.0
1790794292.386,33.8,63.8,0,0,0.0,0.0,1,0,0,1,False,0,0.0,0.0,0.0
1790794293.386,10.6,62.8,0,49147,0.0,2.0,0,0,0,0,False,0,0.0,0.0,0.0
1790794294.386,7.1,62.8,0,0,0.0,0.0,0,0,0,0,False,0,0.0,0.0,0.0
1790794295.386,6.8,62.7,0,278508,0.0,4.0,0,0,0,0,False,0,0.0,0.0,0.0
1790794296.386,11.0,62.7,0,32766,0.0,1.0,0,0,0,0,False,0,0.0,0.0,0.0
1790794297.386,24.6,63.4,0,73722,0.0,3.0,0,0,0,0,False,0,0.0,0.0,0.0
1790794298.386,43.3,63.4,0,0,0.0,0.0,1,0,0,1,False,0,0.0,0.0,0.0
1790794299.386,8.6,62.8,0,49148,0.0,2.0,0,0,0,0,False,0,0.0,0.0,0.0
1790794300.386,6.8,62.7,0,2797364,0.0,30.0,0,0,0,0,False,0,0.0,0.0,0.0
1790794301.386,6.7,62.7,0,0,0.0,0.0,0,0,0,0,False,0,0.0,0.0,0.0
1790794302.386,7.2,62.6,0,0,0.0,0.0,0,0,0,0,False,0,0.0,0.0,0.0
1790794303.387,7.3,62.6,0,585687,0.0,6.0,0,0,0,0,False,0,0.0,0.0,0.0
1790794304.387,9.3,62.7,0,1019855,0.0,14.0,0,0,0,0,False,0,0.0,0.0,0.0
1790794305.387,6.7,62.6,0,729037,0.0,88.0,0,0,0,0,False,0,0.0,0.0,0.0
1790794306.387,6.6,62.6,0,0,0.0,0.0,0,0,0,0,False,0,0.0,0.0,0.0
1790794307.387,6.6,62.5,0,0,0.0,0.0,0,0,0,0,False,0,0.0,0.0,0.0
1790794308.387,6.6,62.5,0,0,0.0,0.0,0,0,0,0,False,0,0.0,0.0,0.0
1790794309.387,10.0,62.4,0,0,0.0,0.0,0,0,0,0,False,0,0.0,0.0,0.0
1790794310.387,11.0,62.5,0,32766,0.0,1.0,0,0,0,0,False,0,0.0,0.0,0.0
1790794311.387,24.1,63.2,0,12287,0.0,1.0,0,0,0,0,False,0,0.0,0.0,0.0
1790794312.387,13.2,62.6,0,49148,0.0,2.0,0,0,0,0,False,0,0.0,0.0,0.0
1790794313.387,7.6,62.9,0,0,0.0,0.0,0,0,0,0,False,0,0.0,0.0,0.0
1790794314.387,7.1,62.9,0,188403,0.0,3.0,0,0,0,0,False,0,0.0,0.0,0.0
1790794315.387,6.6,62.9,0,0,0.0,0.0,0,0,0,0,False,0,0.0,0.0,0.0
1790794316.387,6.5,62.9,0,16383,0.0,1.0,0,0,0,0,False,0,0.0,0.0,0.0
1790794317.388,20.7,63.4,0,32766,0.0,1.0,0,0,0,0,False,0,0.0,0.0,0.0
1790794318.388,19.9,63.6,0,233453,0.0,13.0,0,0,0,0,False,0,0.0,0.0,0.0
1790794319.388,6.6,63.0,0,303081,0.0,5.0,0,0,0,0,False,0,0.0,0.0,0.0
1790794320.388,7.1,63.0,0,0,0.0,0.0,0,0,0,0,False,0,0.0,0.0,0.0
1790794321.388,21.4,63.3,0,32765,0.0,1.0,0,0,0,0,False,0,0.0,0.0,0.0
1790794322.388,20.2,63.2,0,49149,0.0,2.0,0,0,0,0,False,0,0.0,0.0,0.0
1790794323.388,6.6,63.2,0,0,0.0,0.0,0,0,0,0,False,0,0.0,0.0,0.0
1790794324.388,6.7,63.1,0,249838,0.0,3.0,0,0,0,0,False,0,0.0,0.0,0.0
1790794325.388,6.4,63.1,0,0,0.0,0.0,0,0,0,0,False,0,0.0,0.0,0.0
1790794326.388,6.2,63.1,0,139254,0.0,3.0,0,0,0,0,False,0,0.0,0.0,0.0
1790794327.388,7.6,63.1,0,0,0.0,0.0,0,0,0,0,False,0,0.0,0.0,0.0
1790794328.388,6.7,63.1,0,1855323,0.0,18.0,0,0,0,0,False,0,0.0,0.0,0.0
1790794329.388,9.7,63.1,0,0,0.0,0.0,0,0,0,0,False,0,0.0,0.0,0.0
1790794330.388,6.9,63.0,0,0,0.0,0.0,0,0,0,0,False,0,0.0,0.0,0.0
1790794331.389,6.6,63.0,0,17206069,0.0,140.0,0,0,0,0,False,0,0.0,0.0,0.0
1790794332.389,6.4,63.0,0,0,0.0,0.0,0,0,0,0,False,0,0.0,0.0,0.0
1790794333.389,7.2,62.9,0,0,0.0,0.0,0,0,0,0,False,0,0.0,0.0,0.0
1790794334.389,7.5,62.9,0,0,0.0,0.0,0,0,0,0,False,0,0.0,0.0,0.0
1790794335.389,6.6,62.9,0,413667,0.0,10.0,0,0,0,0,False,0,0.0,0.0,0.0
1790794336.389,6.6,62.9,0,73723,0.0,2.0,0,0,0,0,False,0,0.0,0.0,0.0
1790794337.389,9.7,62.9,0,0,0.0,0.0,0,0,0,0,False,0,0.0,0.0,0.0
1790794338.389,6.5,62.9,0,0,0.0,0.0,0,0,0,0,False,0,0.0,0.0,0.0
1790794339.389,6.7,62.9,0,0,0.0,0.0,0,0,0,0,False,0,0.0,0.0,0.0
1790794340.389,6.8,62.8,0,0,0.0,0.0,0,0,0,0,False,0,0.0,0.0,0.0
1790794341.389,6.6,62.8,0,0,0.0,0.0,0,0,0,0,False,0,0.0,0.0,0.0
1790794342.389,10.3,62.8,0,32766,0.0,1.0,0,0,0,0,False,0,0.0,0.0,0.0
1790794343.389,25.2,63.6,0,0,0.0,0.0,0,0,0,0,False,0,0.0,0.0,0.0
1790794344.389,37.3,62.9,0,376805,0.0,6.0,0,0,0,0,False,0,0.0,0.0,0.0
1790794345.390,7.1,62.9,0,393188,0.0,73.0,0,0,0,0,False,0,0.0,0.0,0.0
1790794346.390,7.0,62.8,0,24575,0.0,2.0,0,0,0,0,False,0,0.0,0.0,0.0
1790794347.390,6.7,62.8,0,0,0.0,0.0,0,0,0,0,False,0,0.0,0.0,0.0
1790794348.390,8.2,62.7,0,0,0.0,0.0,0,0,0,0,False,0,0.0,0.0,0.0
1790794349.390,8.1,62.6,0,0,0.0,0.0,0,0,0,0,False,0,0.0,0.0,0.0
1790794350.390,7.2,62.6,0,147445,0.0,3.0,0,0,0,0,False,0,0.0,0.0,0.0
1790794351.390,6.5,62.6,0,0,0.0,0.0,0,0,0,0,False,0,0.0,0.0,0.0
1790794352.390,6.6,62.6,0,12287,0.0,3.0,0,0,0,0,False,0,0.0,0.0,0.0
1790794353.390,6.7,62.4,0,0,0.0,0.0,0,0,0,0,False,0,0.0,0.0,0.0
1790794354.390,7.3,62.3,0,0,0.0,0.0,0,0,0,0,False,0,0.0,0.0,0.0
1790794355.390,11.7,62.4,0,32766,0.0,1.0,0,0,0,0,False,0,0.0,0.0,0.0
1790794356.390,24.9,63.1,0,0,0.0,0.0,0,0,0,0,False,0,0.0,0.0,0.0
1790794357.390,47.1,63.3,0,577494,0.0,6.0,0,0,0,0,False,0,0.0,0.0,0.0
1790794358.390,8.0,62.6,0,49148,0.0,2.0,0,0,0,0,False,0,0.0,0.0,0.0
1790794359.391,6.7,62.6,0,0,0.0,0.0,0,0,0,0,False,0,0.0,0.0,0.0
1790794360.391,7.1,62.6,0,0,0.0,0.0,0,0,0,0,False,0,0.0,0.0,0.0
1790794361.391,6.8,62.6,0,0,0.0,0.0,0,0,0,0,False,0,0.0,0.0,0.0
1790794362.391,7.1,62.6,0,561113,0.0,6.0,0,0,0,0,False,0,0.0,0.0,0.0
1790794363.391,6.6,62.6,0,0,0.0,0.0,0,0,0,0,False,0,0.0,0.0,0.0
1790794364.391,7.0,62.6,0,0,0.0,0.0,0,0,0,0,False,0,0.0,0.0,0.0
1790794365.391,7.1,62.6,0,0,0.0,0.0,0,0,0,0,False,0,0.0,0.0,0.0
1790794366.391,6.8,62.6,0,577495,0.0,11.0,0,0,0,0,False,0,0.0,0.0,0.0
1790794367.391,10.3,62.6,0,2527051,0.0,26.0,0,0,0,0,False,0,0.0,0.0,0.0
1790794368.391,6.9,62.6,0,0,0.0,0.0,0,0,0,0,False,0,0.0,0.0,0.0
1790794369.391,7.1,62.5,0,12287,0.0,2.0,0,0,0,0,False,0,0.0,0.0,0.0
1790794370.391,7.2,62.5,0,0,0.0,0.0,0,0,0,0,False,0,0.0,0.0,0.0
1790794371.391,6.9,62.5,0,0,0.0,0.0,0,0,0,0,False,0,0.0,0.0,0.0
1790794372.391,6.9,62.5,0,0,0.0,0.0,0,0,0,0,False,0,0.0,0.0,0.0
1790794373.392,8.0,62.9,0,0,0.0,0.0,0,0,0,0,False,0,0.0,0.0,0.0
1790794374.392,8.5,62.9,0,0,0.0,0.0,0,0,0,0,False,0,0.0,0.0,0.0
1790794375.392,7.4,62.9,0,40957,0.0,2.0,0,0,0,0,False,0,0.0,0.0,0.0
1790794376.392,6.9,62.9,0,0,0.0,0.0,0,0,0,0,False,0,0.0,0.0,0.0
1790794377.392,6.9,62.8,0,90105,0.0,2.0,0,0,0,0,False,0,0.0,0.0,0.0
1790794378.392,9.4,62.8,0,0,0.0,0.0,0,0,0,0,False,0,0.0,0.0,0.0
1790794379.392,6.9,62.8,0,0,0.0,0.0,0,0,0,0,False,0,0.0,0.0,0.0
1790794380.392,6.8,62.8,0,585687,0.0,65.0,0,0,0,0,False,0,0.0,0.0,0.0
1790794381.392,8.0,62.8,0,0,0.0,0.0,0,0,0,0,False,0,0.0,0.0,0.0
1790794382.392,6.7,62.8,0,36861,0.0,2.0,0,0,0,0,False,0,0.0,0.0,0.0
1790794383.392,6.7,62.8,0,90105,0.0,10.0,0,0,0,0,False,0,0.0,0.0,0.0
1790794384.392,7.3,62.8,0,0,0.0,0.0,0,0,0,0,False,0,0.0,0.0,0.0
1790794385.392,11.1,63.4,0,86010,0.0,3.0,0,0,0,0,False,0,0.0,0.0,0.0
1790794386.392,8.7,63.5,0,163828,0.0,12.0,0,0,0,0,False,0,0.0,0.0,0.0
1790794387.393,6.9,63.5,0,14998465,0.0,126.0,0,0,0,0,False,0,0.0,0.0,0.0
1790794388.393,6.6,63.4,0,0,0.0,0.0,0,0,0,0,False,0,0.0,0.0,0.0
1790794389.393,6.4,63.4,0,0,0.0,0.0,0,0,0,0,False,0,0.0,0.0,0.0
1790794390.393,6.9,63.4,0,0,0.0,0.0,0,0,0,0,False,0,0.0,0.0,0.0
1790794391.393,6.4,63.3,0,0,0.0,0.0,0,0,0,0,False,0,0.0,0.0,0.0
1790794392.393,6.3,63.3,0,0,0.0,0.0,0,0,0,0,False,0,0.0,0.0,0.0
1790794393.393,6.5,63.3,0,131063,0.0,3.0,0,0,0,0,False,0,0.0,0.0,0.0
1790794394.393,8.7,63.2,0,0,0.0,0.0,0,0,0,0,False,0,0.0,0.0,0.0
1790794395.393,6.4,63.2,0,0,0.0,0.0,0,0,0,0,False,0,0.0,0.0,0.0
1790794396.393,6.3,63.2,0,0,0.0,0.0,0,0,0,0,False,0,0.0,0.0,0.0
1790794397.393,7.2,63.2,0,24574,0.0,4.0,0,0,0,0,False,0,0.0,0.0,0.0
1790794398.393,6.7,63.2,0,2424662,0.0,24.0,0,0,0,0,False,0,0.0,0.0,0.0
1790794399.393,6.3,63.2,0,0,0.0,0.0,0,0,0,0,False,0,0.0,0.0,0.0
1790794400.394,6.4,63.2,0,0,0.0,0.0,0,0,0,0,False,0,0.0,0.0,0.0
1790794401.394,6.5,63.2,0,0,0.0,0.0,0,0,0,0,False,0,0.0,0.0,0.0
1790794402.394,6.2,63.1,0,0,0.0,0.0,0,0,0,0,False,0,0.0,0.0,0.0
1790794403.394,7.4,63.1,0,12287,0.0,2.0,0,0,0,0,False,0,0.0,0.0,0.0
1790794404.394,11.8,63.1,0,0,0.0,0.0,0,0,0,0,False,0,0.0,0.0,0.0
1790794405.394,7.2,63.1,0,0,0.0,0.0,0,0,0,0,False,0,0.0,0.0,0.0
1790794406.394,9.3,63.4,0,0,0.0,0.0,0,0,0,0,False,0,0.0,0.0,0.0
1790794407.394,6.9,63.4,0,0,0.0,0.0,0,0,0,0,False,0,0.0,0.0,0.0
1790794408.394,6.8,63.1,0,520162,0.0,7.0,0,0,0,0,False,0,0.0,0.0,0.0
1790794409.394,6.5,63.1,0,0,0.0,0.0,0,0,0,0,False,0,0.0,0.0,0.0
1790794410.394,7.0,63.1,0,0,0.0,0.0,0,0,0,0,False,0,0.0,0.0,0.0
1790794411.394,6.9,63.0,0,0,0.0,0.0,0,0,0,0,False,0,0.0,0.0,0.0
1790794412.394,6.8,63.0,0,0,0.0,0.0,0,0,0,0,False,0,0.0,0.0,0.0
1790794413.394,6.9,62.9,0,241646,0.0,47.0,0,0,0,0,False,0,0.0,0.0,0.0
1790794414.395,9.5,62.9,0,102395,0.0,10.0,0,0,0,0,False,0,0.0,0.0,0.0
1790794415.395,7.3,62.4,0,163835,0.0,21.0,0,0,0,0,False,0,0.0,0.0,0.0
1790794416.395,6.7,62.4,0,0,0.0,0.0,0,0,0,0,False,0,0.0,0.0,0.0
1790794417.395,7.7,62.3,0,0,0.0,0.0,0,0,0,0,False,0,0.0,0.0,0.0
1790794418.395,7.0,62.3,0,1359771,0.0,15.0,0,0,0,0,False,0,0.0,0.0,0.0
1790794419.395,8.3,62.3,0,0,0.0,0.0,0,0,0,0,False,0,0.0,0.0,0.0
1790794420.395,6.6,62.2,0,0,0.0,0.0,0,0,0,0,False,0,0.0,0.0,0.0
1790794421.395,6.6,62.2,0,94200,0.0,2.0,0,0,0,0,False,0,0.0,0.0,0.0
1790794422.395,11.3,62.3,0,0,0.0,0.0,0,0,0,0,False,0,0.0,0.0,0.0
1790794423.395,6.5,62.3,0,0,0.0,0.0,0,0,0,0,False,0,0.0,0.0,0.0
1790794424.395,6.8,62.3,0,0,0.0,0.0,0,0,0,0,False,0,0.0,0.0,0.0
1790794425.395,7.9,62.3,0,0,0.0,0.0,0,0,0,0,False,0,0.0,0.0,0.0
1790794426.395,6.8,62.3,0,1327001,0.0,11.0,0,0,0,0,False,0,0.0,0.0,0.0
1790794427.396,6.7,62.3,0,73722,0.0,2.0,0,0,0,0,False,0,0.0,0.0,0.0
1790794428.396,6.5,62.3,0,2969366,0.0,35.0,0,0,0,0,False,0,0.0,0.0,0.0
1790794429.396,6.4,62.3,0,0,0.0,0.0,0,0,0,0,False,0,0.0,0.0,0.0
1790794430.396,6.7,62.3,0,0,0.0,0.0,0,0,0,0,False,0,0.0,0.0,0.0
1790794431.396,7.2,62.3,0,0,0.0,0.0,0,0,0,0,False,0,0.0,0.0,0.0
1790794432.396,9.0,62.3,0,0,0.0,0.0,0,0,0,0,False,0,0.0,0.0,0.0
1790794433.396,9.4,62.8,0,16383,0.0,1.0,0,0,0,0,False,0,0.0,0.0,0.0
1790794434.396,7.5,62.8,0,413663,0.0,4.0,0,0,0,0,False,0,0.0,0.0,0.0
1790794435.396,7.9,62.8,0,4096,0.0,1.0,0,0,0,0,False,0,0.0,0.0,0.0
1790794436.396,6.6,62.8,0,0,0.0,0.0,0,0,0,0,False,0,0.0,0.0,0.0
1790794437.396,6.5,62.8,0,0,0.0,0.0,0,0,0,0,False,0,0.0,0.0,0.0
1790794438.396,6.5,62.8,0,0,0.0,0.0,0,0,0,0,False,0,0.0,0.0,0.0
1790794439.396,6.5,62.7,0,16383,0.0,1.0,0,0,0,0,False,0,0.0,0.0,0.0
1790794440.397,6.8,62.8,0,49148,0.0,4.0,0,0,0,0,False,0,0.0,0.0,0.0
1790794441.397,10.6,62.7,0,0,0.0,0.0,0,0,0,0,False,0,0.0,0.0,0.0
1790794442.397,6.8,62.7,0,0,0.0,0.0,0,0,0,0,False,0,0.0,0.0,0.0
1790794443.397,6.5,62.7,0,188400,0.0,4.0,0,0,0,0,False,0,0.0,0.0,0.0
1790794444.397,7.0,62.6,0,204784,0.0,4.0,0,0,0,0,False,0,0.0,0.0,0.0
1790794445.397,6.9,62.6,0,335847,0.0,54.0,0,0,0,0,False,0,0.0,0.0,0.0
1790794446.397,6.9,62.6,0,0,0.0,0.0,0,0,0,0,False,0,0.0,0.0,0.0
1790794447.397,7.1,62.6,0,0,0.0,0.0,0,0,0,0,False,0,0.0,0.0,0.0
1790794448.397,7.1,62.7,0,1593227,0.0,16.0,0,0,0,0,False,0,0.0,0.0,0.0
1790794449.397,11.5,63.4,0,413667,0.0,9.0,0,0,0,0,False,0,0.0,0.0,0.0
1790794450.397,8.9,63.5,0,192498,0.0,12.0,0,0,0,0,False,0,0.0,0.0,0.0
1790794451.397,7.3,63.4,0,0,0.0,0.0,0,0,0,0,False,0,0.0,0.0,0.0
1790794452.397,7.2,63.4,0,0,0.0,0.0,0,0,0,0,False,0,0.0,0.0,0.0
1790794453.397,7.0,63.3,0,0,0.0,0.0,0,0,0,0,False,0,0.0,0.0,0.0
1790794454.398,7.5,63.2,0,0,0.0,0.0,0,0,0,0,False,0,0.0,0.0,0.0
1790794455.398,10.0,63.2,0,0,0.0,0.0,0,0,0,0,False,0,0.0,0.0,0.0
1790794456.398,6.8,63.2,0,0,0.0,0.0,0,0,0,0,False,0,0.0,0.0,0.0
1790794457.398,6.9,63.2,0,36861,0.0,2.0,0,0,0,0,False,0,0.0,0.0,0.0
1790794458.398,6.6,63.2,0,0,0.0,0.0,0,0,0,0,False,0,0.0,0.0,0.0
1790794459.398,6.9,63.2,0,0,0.0,0.0,0,0,0,0,False,0,0.0,0.0,0.0
1790794460.398,7.1,63.1,0,24574,0.0,4.0,0,0,0,0,False,0,0.0,0.0,0.0
1790794461.398,8.3,63.1,0,0,0.0,0.0,0,0,0,0,False,0,0.0,0.0,0.0
1790794462.398,10.3,63.1,0,0,0.0,0.0,0,0,0,0,False,0,0.0,0.0,0.0
1790794463.398,6.6,63.1,0,0,0.0,0.0,0,0,0,0,False,0,0.0,0.0,0.0
1790794464.398,7.6,63.1,0,2436946,0.0,23.0,0,0,0,0,False,0,0.0,0.0,0.0
1790794465.398,7.2,63.1,0,0,0.0,0.0,0,0,0,0,False,0,0.0,0.0,0.0
1790794466.398,6.8,63.0,0,0,0.0,0.0,0,0,0,0,False,0,0.0,0.0,0.0
1790794467.398,8.0,63.0,0,0,0.0,0.0,0,0,0,0,False,0,0.0,0.0,0.0
1790794468.399,6.7,63.0,0,0,0.0,0.0,0,0,0,0,False,0,0.0,0.0,0.0
1790794469.399,6.6,63.0,0,1249225,0.0,12.0,0,0,0,0,False,0,0.0,0.0,0.0
1790794470.399,6.6,63.0,0,438241,0.0,5.0,0,0,0,0,False,0,0.0,0.0,0.0
1790794471.399,6.3,63.0,0,0,0.0,0.0,0,0,0,0,False,0,0.0,0.0,0.0
1790794472.399,6.6,63.0,0,0,0.0,0.0,0,0,0,0,False,0,0.0,0.0,0.0
1790794473.399,7.5,63.0,0,0,0.0,0.0,0,0,0,0,False,0,0.0,0.0,0.0
1790794474.399,7.0,63.0,0,4096,0.0,1.0,0,0,0,0,False,0,0.0,0.0,0.0
1790794475.399,6.7,63.0,0,57340,0.0,2.0,0,0,0,0,False,0,0.0,0.0,0.0
1790794476.399,6.4,63.0,0,286700,0.0,56.0,0,0,0,0,False,0,0.0,0.0,0.0
1790794477.399,8.6,63.0,0,0,0.0,0.0,0,0,0,0,False,0,0.0,0.0,0.0
1790794478.399,6.2,63.0,0,176116,0.0,24.0,0,0,0,0,False,0,0.0,0.0,0.0
1790794479.399,7.6,62.5,0,0,0.0,0.0,0,0,0,0,False,0,0.0,0.0,0.0
1790794480.399,7.4,62.5,0,20479,0.0,4.0,0,0,0,0,False,0,0.0,0.0,0.0
1790794481.399,16.6,62.8,0,151541,0.0,6.0,0,0,0,0,False,0,0.0,0.0,0.0
1790794482.400,24.0,63.3,0,0,0.0,0.0,1,0,0,1,False,0,0.0,0.0,0.0
1790794483.400,9.7,62.5,0,49148,0.0,2.0,0,0,0,0,False,0,0.0,0.0,0.0
1790794484.400,9.0,62.7,0,344039,0.0,5.0,0,0,0,0,False,0,0.0,0.0,0.0
1790794485.400,6.7,62.7,0,2117495,0.0,21.0,0,0,0,0,False,0,0.0,0.0,0.0
1790794486.400,8.0,62.7,0,0,0.0,0.0,0,0,0,0,False,0,0.0,0.0,0.0
1790794487.400,6.4,62.6,0,0,0.0,0.0,0,0,0,0,False,0,0.0,0.0,0.0
1790794488.400,6.5,62.6,0,0,0.0,0.0,0,0,0,0,False,0,0.0,0.0,0.0
1790794489.400,7.4,62.6,0,61436,0.0,2.0,0,0,0,0,False,0,0.0,0.0,0.0
1790794490.400,7.9,62.5,0,49149,0.0,2.0,0,0,0,0,False,0,0.0,0.0,0.0
1790794491.400,6.7,62.5,0,176116,0.0,8.0,0,0,0,0,False,0,0.0,0.0,0.0
1790794492.400,8.8,62.6,0,0,0.0,0.0,0,0,0,0,False,0,0.0,0.0,0.0
1790794493.400,6.9,62.6,0,0,0.0,0.0,0,0,0,0,False,0,0.0,0.0,0.0
1790794494.400,8.4,62.7,0,114680,0.0,3.0,0,0,0,0,False,0,0.0,0.0,0.0
1790794495.400,29.7,63.9,0,3145506,0.0,35.0,0,0,0,0,False,0,0.0,0.0,0.0
1790794496.400,25.7,64.8,0,294892,0.0,9.0,0,0,0,0,False,0,0.0,0.0,0.0
1790794497.401,24.7,64.8,0,184306,0.0,7.0,0,0,0,0,False,0,0.0,0.0,0.0
1790794498.401,23.7,64.5,0,49148,0.0,2.0,0,0,0,0,False,0,0.0,0.0,0.0
1790794499.401,7.5,64.5,0,0,0.0,0.0,0,0,0,0,False,0,0.0,0.0,0.0
1790794500.401,13.2,64.6,0,28670,0.0,4.0,0,0,0,0,False,0,0.0,0.0,0.0
1790794501.401,22.9,65.0,0,32766,0.0,1.0,0,0,0,0,False,0,0.0,0.0,0.0
1790794502.401,37.0,64.8,0,397285,0.0,5.0,0,0,0,0,False,0,0.0,0.0,0.0
1790794503.401,7.0,64.5,0,32766,0.0,1.0,0,0,0,0,False,0,0.0,0.0,0.0
1790794504.401,6.8,64.5,0,0,0.0,0.0,0,0,0,0,False,0,0.0,0.0,0.0
1790794505.401,6.6,64.4,0,0,0.0,0.0,0,0,0,0,False,0,0.0,0.0,0.0
1790794506.401,6.9,64.4,0,0,0.0,0.0,0,0,0,0,False,0,0.0,0.0,0.0
1790794507.401,6.8,64.3,0,180212,0.0,3.0,0,0,0,0,False,0,0.0,0.0,0.0
1790794508.401,7.2,64.3,0,0,0.0,0.0,0,0,0,0,False,0,0.0,0.0,0.0
1790794509.401,7.2,64.2,0,753610,0.0,124.0,0,0,0,0,False,0,0.0,0.0,0.0
1790794510.402,6.9,64.2,0,4096,0.0,1.0,0,0,0,0,False,0,0.0,0.0,0.0
1790794511.402,6.9,64.1,0,81914,0.0,11.0,0,0,0,0,False,0,0.0,0.0,0.0
1790794512.402,6.6,64.1,0,90105,0.0,1.0,0,0,0,0,False,0,0.0,0.0,0.0
1790794513.402,8.9,64.0,0,0,0.0,0.0,0,0,0,0,False,0,0.0,0.0,0.0
1790794514.402,7.2,63.9,0,0,0.0,0.0,0,0,0,0,False,0,0.0,0.0,0.0
1790794515.402,16.9,64.2,0,131062,0.0,2.0,0,0,0,0,False,0,0.0,0.0,0.0
1790794516.402,28.0,64.4,0,1380242,0.0,13.0,0,0,0,0,False,0,0.0,0.0,0.0
1790794517.402,28.8,63.9,0,81914,0.0,3.0,0,0,0,0,False,0,0.0,0.0,0.0
1790794518.402,25.0,64.5,0,0,0.0,0.0,0,0,0,0,False,0,0.0,0.0,0.0
1790794519.402,44.3,64.5,0,0,0.0,0.0,1,1,0,1,False,0,0.0,0.0,0.0
1790794520.402,26.9,64.3,0,49148,0.0,2.0,0,0,0,0,False,0,0.0,0.0,0.0
1790794521.402,8.1,64.3,0,4096,0.0,1.0,0,0,0,0,False,0,0.0,0.0,0.0
1790794522.402,6.9,64.3,0,0,0.0,0.0,0,0,0,0,False,0,0.0,0.0,0.0
1790794523.402,6.6,64.3,0,1597322,0.0,20.0,0,0,0,0,False,0,0.0,0.0,0.0
1790794524.403,9.2,64.2,0,0,0.0,0.0,0,0,0,0,False,0,0.0,0.0,0.0
1790794525.403,7.3,64.0,0,249835,0.0,32.0,0,0,0,0,False,0,0.0,0.0,0.0
1790794526.403,7.3,64.0,0,2387756,0.0,30.0,0,0,0,0,False,0,0.0,0.0,0.0
1790794527.403,7.6,63.9,0,0,0.0,0.0,0,0,0,0,False,0,0.0,0.0,0.0
1790794528.403,7.1,63.9,0,0,0.0,0.0,0,0,0,0,False,0,0.0,0.0,0.0
1790794529.403,10.2,63.8,0,0,0.0,0.0,0,0,0,0,False,0,0.0,0.0,0.0
1790794530.403,6.8,63.8,0,32766,0.0,2.0,0,0,0,0,False,0,0.0,0.0,0.0
1790794531.403,6.9,63.8,0,1331098,0.0,12.0,0,0,0,0,False,0,0.0,0.0,0.0
1790794532.403,6.8,63.7,0,4096,0.0,1.0,0,0,0,0,False,0,0.0,0.0,0.0
1790794533.403,7.4,63.7,0,1998687,0.0,19.0,0,0,0,0,False,0,0.0,0.0,0.0
1790794534.403,8.1,63.6,0,0,0.0,0.0,0,0,0,0,False,0,0.0,0.0,0.0
1790794535.403,7.0,63.6,0,0,0.0,0.0,0,0,0,0,False,0,0.0,0.0,0.0
1790794536.403,6.8,63.5,0,53244,0.0,2.0,0,0,0,0,False,0,0.0,0.0,0.0
1790794537.404,6.8,63.5,0,0,0.0,0.0,0,0,0,0,False,0,0.0,0.0,0.0
1790794538.404,6.7,63.4,0,0,0.0,0.0,0,0,0,0,False,0,0.0,0.0,0.0
1790794539.404,6.9,63.4,0,0,0.0,0.0,0,0,0,0,False,0,0.0,0.0,0.0
1790794540.404,8.2,63.3,0,1236892,0.0,10.0,0,0,0,0,False,0,0.0,0.0,0.0
1790794541.404,8.9,63.3,0,86010,0.0,1.0,0,0,0,0,False,0,0.0,0.0,0.0
1790794542.404,7.2,63.3,0,864187,0.0,96.0,0,0,0,0,False,0,0.0,0.0,0.0
1790794543.404,6.9,63.3,0,0,0.0,0.0,0,0,0,0,False,0,0.0,0.0,0.0
1790794544.404,19.9,63.8,0,32765,0.0,1.0,0,0,0,0,False,0,0.0,0.0,0.0
1790794545.404,33.7,64.1,0,266220,0.0,4.0,2,2,0,2,False,0,0.0,0.0,0.0
1790794546.404,29.0,64.0,0,49148,0.0,2.0,0,0,0,0,False,0,0.0,0.0,0.0
1790794547.404,15.7,64.4,0,65531,0.0,2.0,0,0,0,0,False,0,0.0,0.0,0.0
1790794548.404,40.9,65.2,0,32765,0.0,1.0,0,0,0,0,False,0,0.0,0.0,0.0
1790794549.405,73.0,65.3,0,65528,0.0,2.0,5,2,0,5,False,0,0.0,0.0,0.0
1790794550.405,79.4,65.9,0,765880,0.0,7.0,3,3,0,3,False,0,0.0,0.0,0.0
1790794551.405,53.2,65.9,0,35341460,0.0,292.0,2,1,0,2,False,0,0.0,0.0,0.0
1790794552.405,87.2,66.6,0,987060,0.0,18.0,1,1,0,1,False,0,0.0,0.0,0.0
1790794553.405,75.8,65.8,0,65531,0.0,3.0,0,0,0,0,False,0,0.0,0.0,0.0
1790794554.405,25.5,66.1,0,1408922,0.0,17.0,0,0,0,0,False,0,0.0,0.0,0.0
1790794555.405,43.3,65.9,0,0,0.0,0.0,2,2,0,2,False,0,0.0,0.0,0.0
1790794556.405,20.4,66.1,0,2961168,0.0,31.0,1,0,0,1,False,0,0.0,0.0,0.0
1790794557.405,77.0,66.1,0,790441,0.0,11.0,0,0,0,0,False,0,0.0,0.0,0.0
1790794558.405,43.9,66.8,0,32765,0.0,1.0,0,0,0,0,False,0,0.0,0.0,0.0
1790794559.405,46.1,66.8,0,12287,0.0,1.0,1,1,0,1,False,0,0.0,0.0,0.0
1790794560.405,17.7,65.8,0,45053,0.0,2.0,0,0,0,0,False,0,0.0,0.0,0.0
1790794561.406,6.6,65.8,0,0,0.0,0.0,0,0,0,0,False,0,0.0,0.0,0.0
1790794562.406,7.2,65.7,0,0,0.0,0.0,0,0,0,0,False,0,0.0,0.0,0.0
1790794563.406,8.6,65.7,0,0,0.0,0.0,0,0,0,0,False,0,0.0,0.0,0.0
1790794564.406,6.9,65.6,0,606165,0.0,6.0,0,0,0,0,False,0,0.0,0.0,0.0
1790794565.406,8.0,65.5,0,0,0.0,0.0,0,0,0,0,False,0,0.0,0.0,0.0
1790794566.406,6.8,65.4,0,0,0.0,0.0,0,0,0,0,False,0,0.0,0.0,0.0
1790794567.406,16.9,65.7,0,36861,0.0,2.0,0,0,0,0,False,0,0.0,0.0,0.0
1790794568.406,22.6,66.0,0,1327007,0.0,14.0,1,0,0,1,False,0,0.0,0.0,0.0
1790794569.406,10.0,65.3,0,49148,0.0,2.0,0,0,0,0,False,0,0.0,0.0,0.0
1790794570.406,6.9,65.0,0,1413021,0.0,13.0,0,0,0,0,False,0,0.0,0.0,0.0
1790794571.406,6.9,65.0,0,0,0.0,0.0,0,0,0,0,False,0,0.0,0.0,0.0
1790794572.406,6.6,64.9,0,0,0.0,0.0,0,0,0,0,False,0,0.0,0.0,0.0
1790794573.406,6.7,64.9,0,913344,0.0,106.0,0,0,0,0,False,0,0.0,0.0,0.0
1790794574.406,9.3,64.9,0,0,0.0,0.0,0,0,0,0,False,0,0.0,0.0,0.0
1790794575.407,6.9,64.8,0,45052,0.0,2.0,0,0,0,0,False,0,0.0,0.0,0.0
1790794576.407,6.8,64.8,0,0,0.0,0.0,0,0,0,0,False,0,0.0,0.0,0.0
1790794577.407,6.6,64.8,0,0,0.0,0.0,0,0,0,0,False,0,0.0,0.0,0.0
1790794578.407,6.6,64.7,0,0,0.0,0.0,0,0,0,0,False,0,0.0,0.0,0.0
1790794579.407,13.0,64.8,0,32766,0.0,1.0,0,0,0,0,False,0,0.0,0.0,0.0
1790794580.407,25.1,65.3,0,229358,0.0,20.0,1,0,0,1,False,0,0.0,0.0,0.0
1790794581.407,27.3,65.3,0,0,0.0,0.0,0,0,0,0,False,0,0.0,0.0,0.0
1790794582.407,8.6,64.5,0,376805,0.0,8.0,0,0,0,0,False,0,0.0,0.0,0.0
1790794583.407,6.6,64.5,0,0,0.0,0.0,0,0,0,0,False,0,0.0,0.0,0.0
1790794584.407,7.1,64.5,0,0,0.0,0.0,0,0,0,0,False,0,0.0,0.0,0.0
1790794585.407,7.9,64.2,0,1994581,0.0,24.0,0,0,0,0,False,0,0.0,0.0,0.0
1790794586.407,7.3,64.2,0,0,0.0,0.0,0,0,0,0,False,0,0.0,0.0,0.0
1790794587.407,10.2,64.1,0,4116182,0.0,42.0,0,0,0,0,False,0,0.0,0.0,0.0
1790794588.407,7.5,64.1,0,4096,0.0,1.0,0,0,0,0,False,0,0.0,0.0,0.0
1790794589.408,6.8,64.1,0,0,0.0,0.0,0,0,0,0,False,0,0.0,0.0,0.0
1790794590.408,6.8,64.0,0,421854,0.0,5.0,0,0,0,0,False,0,0.0,0.0,0.0
1790794591.408,7.4,64.0,0,0,0.0,0.0,0,0,0,0,False,0,0.0,0.0,0.0
1790794592.408,8.7,64.0,0,0,0.0,0.0,0,0,0,0,False,0,0.0,0.0,0.0
1790794593.408,22.2,64.6,0,32766,0.0,1.0,0,0,0,0,False,0,0.0,0.0,0.0
1790794594.408,25.3,64.9,0,0,0.0,0.0,0,0,0,0,False,0,0.0,0.0,0.0
1790794595.408,21.6,64.7,0,683978,0.0,9.0,0,0,0,0,False,0,0.0,0.0,0.0
1790794596.408,24.1,65.0,0,0,0.0,0.0,1,0,0,1,False,0,0.0,0.0,0.0
1790794597.408,12.1,64.4,0,1294243,0.0,16.0,0,0,0,0,False,0,0.0,0.0,0.0
1790794598.408,7.4,64.4,0,0,0.0,0.0,0,0,0,0,False,0,0.0,0.0,0.0
1790794599.408,23.8,64.7,0,32766,0.0,1.0,0,0,0,0,False,0,0.0,0.0,0.0
1790794600.408,24.0,65.0,0,0,0.0,0.0,0,0,0,0,False,0,0.0,0.0,0.0
1790794601.408,20.8,64.6,0,77818,0.0,3.0,0,0,0,0,False,0,0.0,0.0,0.0
1790794602.408,21.0,64.9,0,0,0.0,0.0,1,0,0,1,False,0,0.0,0.0,0.0
1790794603.409,8.9,64.0,0,45052,0.0,2.0,0,0,0,0,False,0,0.0,0.0,0.0
1790794604.409,8.3,64.0,0,323563,0.0,4.0,0,0,0,0,False,0,0.0,0.0,0.0
1790794605.409,6.6,64.1,0,0,0.0,0.0,0,0,0,0,False,0,0.0,0.0,0.0
1790794606.409,6.9,64.0,0,737228,0.0,87.0,0,0,0,0,False,0,0.0,0.0,0.0
1790794607.409,8.6,64.0,0,0,0.0,0.0,0,0,0,0,False,0,0.0,0.0,0.0
1790794608.409,6.9,64.0,0,0,0.0,0.0,0,0,0,0,False,0,0.0,0.0,0.0
1790794609.409,6.9,64.0,0,12287,0.0,3.0,0,0,0,0,False,0,0.0,0.0,0.0
1790794610.409,7.2,64.0,0,61436,0.0,10.0,0,0,0,0,False,0,0.0,0.0,0.0
1790794611.409,7.1,64.0,0,0,0.0,0.0,0,0,0,0,False,0,0.0,0.0,0.0
1790794612.409,7.3,64.0,0,0,0.0,0.0,0,0,0,0,False,0,0.0,0.0,0.0
1790794613.409,7.9,64.4,0,16383,0.0,1.0,0,0,0,0,False,0,0.0,0.0,0.0
1790794614.409,10.4,64.4,0,0,0.0,0.0,0,0,0,0,False,0,0.0,0.0,0.0
1790794615.409,7.2,64.4,0,49149,0.0,2.0,0,0,0,0,False,0,0.0,0.0,0.0
1790794616.409,10.4,64.4,0,1118127,0.0,15.0,0,0,0,0,False,0,0.0,0.0,0.0
1790794617.410,7.5,64.3,0,0,0.0,0.0,0,0,0,0,False,0,0.0,0.0,0.0
1790794618.410,7.6,64.4,0,2379680,0.0,23.0,0,0,0,0,False,0,0.0,0.0,0.0
1790794619.410,7.6,64.2,0,188403,0.0,4.0,0,0,0,0,False,0,0.0,0.0,0.0
1790794620.410,22.0,64.6,0,32766,0.0,1.0,0,0,0,0,False,0,0.0,0.0,0.0
1790794621.410,27.8,65.0,0,0,0.0,0.0,1,0,0,1,False,0,0.0,0.0,0.0
1790794622.410,24.7,65.1,0,0,0.0,0.0,1,1,0,1,False,0,0.0,0.0,0.0
1790794623.410,19.9,65.1,0,0,0.0,0.0,1,1,0,1,False,0,0.0,0.0,0.0
1790794624.410,19.3,65.1,0,245742,0.0,3.0,1,1,0,1,False,0,0.0,0.0,0.0
1790794625.410,19.2,65.1,0,0,0.0,0.0,1,1,0,1,False,0,0.0,0.0,0.0
1790794626.410,20.2,65.1,0,0,0.0,0.0,1,1,0,1,False,0,0.0,0.0,0.0
1790794627.410,19.2,65.0,0,0,0.0,0.0,1,0,0,1,False,0,0.0,0.0,0.0
1790794628.410,11.4,64.2,0,212976,0.0,5.0,0,0,0,0,False,0,0.0,0.0,0.0
1790794629.410,9.8,64.3,0,4096,0.0,1.0,0,0,0,0,False,0,0.0,0.0,0.0
1790794630.410,6.9,64.2,0,0,0.0,0.0,0,0,0,0,False,0,0.0,0.0,0.0
1790794631.411,6.8,64.2,0,184307,0.0,3.0,0,0,0,0,False,0,0.0,0.0,0.0
1790794632.411,6.7,64.2,0,0,0.0,0.0,0,0,0,0,False,0,0.0,0.0,0.0
1790794633.411,6.7,64.2,0,0,0.0,0.0,0,0,0,0,False,0,0.0,0.0,0.0
1790794634.411,7.3,64.2,0,0,0.0,0.0,0,0,0,0,False,0,0.0,0.0,0.0
1790794635.411,6.6,64.1,0,0,0.0,0.0,0,0,0,0,False,0,0.0,0.0,0.0
1790794636.411,7.0,64.2,0,0,0.0,0.0,0,0,0,0,False,0,0.0,0.0,0.0
1790794637.411,6.4,64.2,0,0,0.0,0.0,0,0,0,0,False,0,0.0,0.0,0.0
1790794638.411,10.1,64.3,0,32766,0.0,1.0,0,0,0,0,False,0,0.0,0.0,0.0
1790794639.411,25.0,64.9,4096,61436,1.0,3.0,0,0,0,0,False,0,0.0,0.0,0.0
1790794640.411,17.5,64.3,0,769985,0.0,83.0,0,0,0,0,False,0,0.0,0.0,0.0
1790794641.411,6.7,64.3,0,233455,0.0,48.0,0,0,0,0,False,0,0.0,0.0,0.0
1790794642.411,6.4,64.3,0,0,0.0,0.0,0,0,0,0,False,0,0.0,0.0,0.0
1790794643.411,6.6,64.3,0,225263,0.0,12.0,0,0,0,0,False,0,0.0,0.0,0.0
1790794644.411,9.4,64.3,0,8191,0.0,1.0,0,0,0,0,False,0,0.0,0.0,0.0
1790794645.412,6.7,64.3,0,0,0.0,0.0,0,0,0,0,False,0,0.0,0.0,0.0
1790794646.412,9.8,64.3,0,0,0.0,0.0,0,0,0,0,False,0,0.0,0.0,0.0
1790794647.412,6.9,64.2,0,335847,0.0,10.0,0,0,0,0,False,0,0.0,0.0,0.0
1790794648.412,6.5,64.2,0,0,0.0,0.0,0,0,0,0,False,0,0.0,0.0,0.0
1790794649.412,19.8,64.7,0,2297683,0.0,27.0,0,0,0,0,False,0,0.0,0.0,0.0
1790794650.412,22.2,65.0,0,430048,0.0,5.0,0,0,0,0,False,0,0.0,0.0,0.0
1790794651.412,7.7,64.3,0,49149,0.0,2.0,0,0,0,0,False,0,0.0,0.0,0.0
1790794652.412,6.9,64.3,0,0,0.0,0.0,0,0,0,0,False,0,0.0,0.0,0.0
1790794653.412,7.0,64.3,0,0,0.0,0.0,0,0,0,0,False,0,0.0,0.0,0.0
1790794654.412,9.5,64.4,0,24574,0.0,4.0,0,0,0,0,False,0,0.0,0.0,0.0
1790794655.412,23.8,64.9,0,225263,0.0,5.0,0,0,0,0,False,0,0.0,0.0,0.0
1790794656.412,17.5,64.4,0,49148,0.0,2.0,0,0,0,0,False,0,0.0,0.0,0.0
1790794657.412,6.7,64.4,0,188402,0.0,4.0,0,0,0,0,False,0,0.0,0.0,0.0
1790794658.412,10.8,64.4,0,32766,0.0,1.0,0,0,0,0,False,0,0.0,0.0,0.0
1790794659.413,24.7,65.1,0,24574,0.0,1.0,0,0,0,0,False,0,0.0,0.0,0.0
1790794660.413,39.8,65.2,0,0,0.0,0.0,2,2,0,2,False,0,0.0,0.0,0.0
1790794661.413,19.1,65.4,0,0,0.0,0.0,0,0,0,0,False,0,0.0,0.0,0.0
1790794662.413,63.1,64.6,0,643026,0.0,8.0,0,0,0,0,False,0,0.0,0.0,0.0
1790794663.413,19.6,65.0,0,32766,0.0,1.0,0,0,0,0,False,0,0.0,0.0,0.0
1790794664.413,40.4,65.3,0,19073653,0.0,154.0,2,1,0,2,False,0,0.0,0.0,0.0
1790794665.420,57.4,66.5,0,162750,0.0,5.0,1,0,0,1,False,0,0.0,0.0,0.0
1790794666.420,69.3,67.4,0,49148,0.0,2.0,1,0,0,1,False,0,0.0,0.0,0.0
1790794667.420,62.3,67.4,0,733124,0.0,8.0,3,2,0,3,False,0,0.0,0.0,0.0
1790794668.420,32.2,66.1,0,77818,0.0,4.0,0,0,0,0,False,0,0.0,0.0,0.0
1790794669.420,6.6,66.1,0,8191,0.0,1.0,0,0,0,0,False,0,0.0,0.0,0.0
1790794670.420,9.1,66.0,0,0,0.0,0.0,0,0,0,0,False,0,0.0,0.0,0.0
1790794671.420,22.0,66.1,0,32765,0.0,1.0,0,0,0,0,False,0,0.0,0.0,0.0
1790794672.420,26.7,66.0,0,720840,0.0,7.0,1,1,0,1,False,0,0.0,0.0,0.0
1790794673.420,17.5,66.0,0,45053,0.0,2.0,0,0,0,0,False,0,0.0,0.0,0.0
1790794674.420,7.2,66.0,0,327653,0.0,52.0,0,0,0,0,False,0,0.0,0.0,0.0
1790794675.420,6.9,65.9,0,12287,0.0,1.0,0,0,0,0,False,0,0.0,0.0,0.0
1790794676.420,10.2,65.8,0,0,0.0,0.0,0,0,0,0,False,0,0.0,0.0,0.0
1790794677.421,7.0,65.7,0,0,0.0,0.0,0,0,0,0,False,0,0.0,0.0,0.0
1790794678.421,7.2,65.4,0,2924440,0.0,30.0,0,0,0,0,False,0,0.0,0.0,0.0
1790794679.421,7.9,65.4,0,0,0.0,0.0,0,0,0,0,False,0,0.0,0.0,0.0
1790794680.421,6.9,65.3,0,2797368,0.0,29.0,0,0,0,0,False,0,0.0,0.0,0.0
1790794681.421,7.1,65.3,0,0,0.0,0.0,0,0,0,0,False,0,0.0,0.0,0.0
1790794682.421,6.9,65.2,0,0,0.0,0.0,0,0,0,0,False,0,0.0,0.0,0.0
1790794683.421,6.9,65.1,0,0,0.0,0.0,0,0,0,0,False,0,0.0,0.0,0.0
1790794684.421,7.0,65.0,0,20478,0.0,3.0,0,0,0,0,False,0,0.0,0.0,0.0
1790794685.421,8.0,65.0,0,0,0.0,0.0,0,0,0,0,False,0,0.0,0.0,0.0
1790794686.421,11.5,65.3,0,81914,0.0,3.0,0,0,0,0,False,0,0.0,0.0,0.0
1790794687.421,10.1,65.7,0,163828,0.0,12.0,0,0,0,0,False,0,0.0,0.0,0.0
1790794688.421,8.5,65.6,0,1499029,0.0,25.0,0,0,0,0,False,0,0.0,0.0,0.0
1790794689.421,9.7,65.7,0,0,0.0,0.0,0,0,0,0,False,0,0.0,0.0,0.0
1790794690.421,24.4,66.1,0,36861,0.0,2.0,0,0,0,0,False,0,0.0,0.0,0.0
1790794691.422,21.5,65.8,0,45051,0.0,2.0,0,0,0,0,False,0,0.0,0.0,0.0
1790794692.422,7.1,65.8,0,0,0.0,0.0,0,0,0,0,False,0,0.0,0.0,0.0
1790794693.422,9.1,65.7,0,0,0.0,0.0,0,0,0,0,False,0,0.0,0.0,0.0
1790794694.422,7.3,65.7,0,0,0.0,0.0,0,0,0,0,False,0,0.0,0.0,0.0
1790794695.422,6.6,65.6,0,511962,0.0,8.0,0,0,0,0,False,0,0.0,0.0,0.0
1790794696.422,7.0,65.5,0,0,0.0,0.0,0,0,0,0,False,0,0.0,0.0,0.0
1790794697.422,7.8,65.5,0,0,0.0,0.0,0,0,0,0,False,0,0.0,0.0,0.0
1790794698.422,7.3,65.4,0,0,0.0,0.0,0,0,0,0,False,0,0.0,0.0,0.0
1790794699.422,6.9,65.4,0,0,0.0,0.0,0,0,0,0,False,0,0.0,0.0,0.0
1790794700.422,6.6,65.3,0,24574,0.0,2.0,0,0,0,0,False,0,0.0,0.0,0.0
1790794701.422,7.1,65.3,0,0,0.0,0.0,0,0,0,0,False,0,0.0,0.0,0.0
1790794702.422,7.1,65.3,0,0,0.0,0.0,0,0,0,0,False,0,0.0,0.0,0.0
1790794703.423,9.1,65.2,0,0,0.0,0.0,0,0,0,0,False,0,0.0,0.0,0.0
1790794704.423,26.1,65.7,0,32766,0.0,1.0,0,0,0,0,False,0,0.0,0.0,0.0
1790794705.423,21.3,65.1,0,438241,0.0,6.0,0,0,0,0,False,0,0.0,0.0,0.0
1790794706.423,20.6,65.6,0,262123,0.0,5.0,0,0,0,0,False,0,0.0,0.0,0.0
1790794707.423,46.8,66.3,0,32765,0.0,1.0,3,0,0,3,False,0,0.0,0.0,0.0
1790794708.423,51.0,66.6,0,0,0.0,0.0,2,2,0,2,False,0,0.0,0.0,0.0
1790794709.423,56.8,66.7,0,782254,0.0,55.0,3,3,0,3,False,0,0.0,0.0,0.0
1790794710.423,71.5,66.8,0,36099157,0.0,294.0,2,13,0,2,False,0,0.0,0.0,0.0
1790794711.423,38.9,66.6,0,12287,0.0,1.0,1,1,0,1,False,0,0.0,0.0,0.0
1790794712.424,61.1,66.4,0,704225,0.0,7.0,1,15,0,1,False,0,0.0,0.0,0.0
1790794713.424,19.6,65.7,0,12287,0.0,1.0,0,0,0,0,False,0,0.0,0.0,0.0
1790794714.424,7.6,65.7,0,0,0.0,0.0,0,0,0,0,False,0,0.0,0.0,0.0
1790794715.424,7.7,65.6,0,10177793,0.0,94.0,0,0,0,0,False,0,0.0,0.0,0.0
1790794716.424,7.3,65.3,0,32766,0.0,1.0,0,0,0,0,False,0,0.0,0.0,0.0
1790794717.424,7.2,65.2,0,0,0.0,0.0,0,0,0,0,False,0,0.0,0.0,0.0
1790794718.424,17.2,65.2,0,98297,0.0,3.0,0,0,0,0,False,0,0.0,0.0,0.0
1790794719.424,44.2,66.2,0,32766,0.0,1.0,0,0,0,0,False,0,0.0,0.0,0.0
1790794720.424,67.4,66.5,0,32765,0.0,1.0,1,0,0,1,False,0,0.0,0.0,0.0
1790794721.424,36.9,66.7,0,2068300,0.0,24.0,1,0,0,1,False,0,0.0,0.0,0.0
1790794722.424,51.8,66.9,0,0,0.0,0.0,1,1,0,1,False,0,0.0,0.0,0.0
1790794723.424,43.0,66.9,0,0,0.0,0.0,2,1,0,2,False,0,0.0,0.0,0.0
1790794724.425,36.9,66.9,0,0,0.0,0.0,2,2,0,2,False,0,0.0,0.0,0.0
1790794725.425,42.9,67.1,0,65532,0.0,2.0,2,2,0,2,False,0,0.0,0.0,0.0
1790794726.425,54.1,67.4,0,384994,0.0,4.0,2,2,0,2,False,0,0.0,0.0,0.0
1790794727.425,55.1,67.4,0,0,0.0,0.0,3,3,0,3,False,0,0.0,0.0,0.0
1790794728.425,63.7,67.6,0,65526,0.0,2.0,2,2,0,2,False,0,0.0,0.0,0.0
1790794729.425,50.7,67.4,0,12287,0.0,1.0,2,2,0,2,False,0,0.0,0.0,0.0
1790794730.425,49.7,67.2,0,12287,0.0,1.0,2,1,0,2,False,0,0.0,0.0,0.0
1790794731.425,32.8,66.5,0,671693,0.0,9.0,0,0,0,0,False,0,0.0,0.0,0.0
1790794732.425,7.2,66.5,0,0,0.0,0.0,0,0,0,0,False,0,0.0,0.0,0.0
1790794733.425,21.7,66.9,0,32766,0.0,1.0,0,0,0,0,False,0,0.0,0.0,0.0
1790794734.425,49.2,67.2,0,22046045,0.0,205.0,1,0,0,1,False,0,0.0,0.0,0.0
1790794735.426,37.8,66.8,0,12287,0.0,1.0,0,0,0,0,False,0,0.0,0.0,0.0
1790794736.426,28.7,66.4,0,53243,0.0,3.0,0,0,0,0,False,0,0.0,0.0,0.0
1790794737.426,6.4,66.0,0,0,0.0,0.0,0,0,0,0,False,0,0.0,0.0,0.0
1790794738.426,6.4,65.9,0,0,0.0,0.0,0,0,0,0,False,0,0.0,0.0,0.0
1790794739.426,6.7,65.7,0,499677,0.0,6.0,0,0,0,0,False,0,0.0,0.0,0.0
1790794740.426,6.8,65.6,0,2232161,0.0,25.0,0,0,0,0,False,0,0.0,0.0,0.0
1790794741.426,6.6,65.6,0,3088162,0.0,34.0,0,0,0,0,False,0,0.0,0.0,0.0
1790794742.426,6.9,65.5,0,0,0.0,0.0,0,0,0,0,False,0,0.0,0.0,0.0
1790794743.426,6.8,65.4,0,1114031,0.0,137.0,0,0,0,0,False,0,0.0,0.0,0.0
1790794744.426,9.0,65.3,0,0,0.0,0.0,0,0,0,0,False,0,0.0,0.0,0.0
1790794745.426,6.9,65.2,0,0,0.0,0.0,0,0,0,0,False,0,0.0,0.0,0.0
1790794746.426,7.8,65.1,0,4096,0.0,1.0,0,0,0,0,False,0,0.0,0.0,0.0
1790794747.426,7.4,65.1,61436,0,9.0,0.0,0,0,0,0,False,0,0.0,0.0,0.0
1790794748.426,7.4,65.1,0,0,0.0,0.0,0,0,0,0,False,0,0.0,0.0,0.0
1790794749.427,11.1,65.4,0,159733,0.0,5.0,0,0,0,0,False,0,0.0,0.0,0.0
1790794750.427,18.0,65.9,0,229364,0.0,13.0,0,0,0,0,False,0,0.0,0.0,0.0
1790794751.427,32.5,66.2,0,0,0.0,0.0,3,0,0,3,False,0,0.0,0.0,0.0
1790794752.427,56.9,66.0,0,0,0.0,0.0,2,2,0,2,False,0,0.0,0.0,0.0
1790794753.427,33.9,66.1,0,0,0.0,0.0,1,1,0,1,False,0,0.0,0.0,0.0
1790794754.427,70.9,66.6,0,45053,0.0,2.0,0,0,0,0,False,0,0.0,0.0,0.0
1790794755.427,21.9,67.0,0,32766,0.0,1.0,0,0,0,0,False,0,0.0,0.0,0.0
1790794756.427,37.3,67.1,0,19585629,0.0,159.0,0,0,0,0,False,0,0.0,0.0,0.0
1790794757.427,8.9,66.6,0,12287,0.0,1.0,0,0,0,0,False,0,0.0,0.0,0.0
1790794758.427,7.8,66.6,0,0,0.0,0.0,0,0,0,0,False,0,0.0,0.0,0.0
1790794759.427,9.3,66.6,0,0,0.0,0.0,0,0,0,0,False,0,0.0,0.0,0.0
1790794760.427,21.8,66.9,0,32766,0.0,1.0,0,0,0,0,False,0,0.0,0.0,0.0
1790794761.427,33.1,66.8,0,241646,0.0,3.0,1,1,0,1,False,0,0.0,0.0,0.0
1790794762.427,16.8,66.4,0,45053,0.0,2.0,0,0,0,0,False,0,0.0,0.0,0.0
1790794763.428,10.2,66.2,0,0,0.0,0.0,0,0,0,0,False,0,0.0,0.0,0.0
1790794764.428,10.6,66.4,0,32766,0.0,1.0,0,0,0,0,False,0,0.0,0.0,0.0
1790794765.428,23.9,66.7,0,0,0.0,0.0,0,0,0,0,False,0,0.0,0.0,0.0
1790794766.428,32.0,67.0,0,696265,0.0,8.0,1,1,0,1,False,0,0.0,0.0,0.0
1790794767.428,43.8,67.2,0,102393,0.0,5.0,1,0,0,1,False,0,0.0,0.0,0.0
1790794768.428,31.3,67.2,0,12287,0.0,1.0,1,0,0,1,False,0,0.0,0.0,0.0
1790794769.428,14.0,66.8,0,1281951,0.0,12.0,0,0,0,0,False,0,0.0,0.0,0.0
1790794770.428,6.9,66.8,0,0,0.0,0.0,0,0,0,0,False,0,0.0,0.0,0.0
1790794771.428,7.2,66.8,0,2240349,0.0,24.0,0,0,0,0,False,0,0.0,0.0,0.0
1790794772.428,7.1,66.7,0,0,0.0,0.0,0,0,0,0,False,0,0.0,0.0,0.0
1790794773.428,7.0,66.6,0,0,0.0,0.0,0,0,0,0,False,0,0.0,0.0,0.0
1790794774.428,9.3,66.5,0,835524,0.0,106.0,0,0,0,0,False,0,0.0,0.0,0.0
1790794775.428,6.8,66.4,0,0,0.0,0.0,0,0,0,0,False,0,0.0,0.0,0.0
1790794776.429,15.1,66.4,0,32765,0.0,1.0,0,0,0,0,False,0,0.0,0.0,0.0
1790794777.429,26.5,66.7,0,2871143,0.0,37.0,2,1,0,2,False,0,0.0,0.0,0.0
1790794778.429,22.1,66.5,0,704460,0.0,23.0,0,0,0,0,False,0,0.0,0.0,0.0
1790794779.429,22.6,66.7,0,32765,0.0,1.0,0,0,0,0,False,0,0.0,0.0,0.0
1790794780.429,39.5,66.7,0,0,0.0,0.0,3,2,0,3,False,0,0.0,0.0,0.0
1790794781.429,28.7,66.9,0,4096,0.0,1.0,1,1,0,1,False,0,0.0,0.0,0.0
1790794782.429,54.7,66.8,0,16312626,0.0,140.0,1,15,0,1,False,0,0.0,0.0,0.0
1790794783.429,23.0,66.5,0,12287,0.0,1.0,0,0,0,0,False,0,0.0,0.0,0.0
1790794784.429,8.1,66.5,0,692164,0.0,7.0,0,0,0,0,False,0,0.0,0.0,0.0
1790794785.429,7.8,66.4,0,0,0.0,0.0,0,0,0,0,False,0,0.0,0.0,0.0
1790794786.429,15.0,66.4,0,32766,0.0,1.0,0,0,0,0,False,0,0.0,0.0,0.0
1790794787.429,32.2,66.6,0,9612615,0.0,75.0,0,0,0,0,False,0,0.0,0.0,0.0
1790794788.430,31.1,66.3,0,45052,0.0,2.0,0,0,0,0,False,0,0.0,0.0,0.0
1790794789.430,36.5,66.5,0,0,0.0,0.0,1,0,0,1,False,0,0.0,0.0,0.0
1790794790.430,8.9,65.6,0,45053,0.0,2.0,0,0,0,0,False,0,0.0,0.0,0.0
1790794791.430,8.4,65.7,0,696262,0.0,10.0,0,0,0,0,False,0,0.0,0.0,0.0
1790794792.430,38.7,66.5,0,98296,0.0,3.0,0,0,0,0,False,0,0.0,0.0,0.0
1790794793.430,39.6,67.5,0,32765,0.0,1.0,2,0,0,2,False,0,0.0,0.0,0.0
1790794794.430,32.2,66.7,0,356322,0.0,8.0,0,0,0,0,False,0,0.0,0.0,0.0
1790794795.430,25.5,67.4,0,118775,0.0,4.0,0,0,0,0,False,0,0.0,0.0,0.0
1790794796.430,9.0,67.3,0,344039,0.0,14.0,0,0,0,0,False,0,0.0,0.0,0.0
1790794797.430,20.6,67.5,0,81914,0.0,2.0,0,0,0,0,False,0,0.0,0.0,0.0
1790794798.431,28.9,67.9,0,0,0.0,0.0,2,1,0,2,False,0,0.0,0.0,0.0
1790794799.431,13.8,67.4,0,45053,0.0,2.0,0,0,0,0,False,0,0.0,0.0,0.0
1790794800.431,6.8,67.4,0,1003436,0.0,12.0,0,0,0,0,False,0,0.0,0.0,0.0
1790794801.431,6.4,67.4,0,0,0.0,0.0,0,0,0,0,False,0,0.0,0.0,0.0
1790794802.431,6.6,67.3,0,192496,0.0,4.0,0,0,0,0,False,0,0.0,0.0,0.0
1790794803.431,6.9,67.0,0,2199387,0.0,24.0,0,0,0,0,False,0,0.0,0.0,0.0
1790794804.431,8.1,67.0,81914,0,10.0,0.0,0,0,0,0,False,0,0.0,0.0,0.0
1790794805.431,6.6,66.9,0,0,0.0,0.0,0,0,0,0,False,0,0.0,0.0,0.0
1790794806.431,6.8,66.8,0,0,0.0,0.0,0,0,0,0,False,0,0.0,0.0,0.0
1790794807.431,6.9,66.8,0,0,0.0,0.0,0,0,0,0,False,0,0.0,0.0,0.0
1790794808.431,6.6,66.7,0,6118918,0.0,174.0,0,0,0,0,False,0,0.0,0.0,0.0
1790794809.431,6.7,66.7,0,102393,0.0,11.0,0,0,0,0,False,0,0.0,0.0,0.0
1790794810.432,7.9,66.6,0,0,0.0,0.0,0,0,0,0,False,0,0.0,0.0,0.0
1790794811.432,6.6,66.6,0,0,0.0,0.0,0,0,0,0,False,0,0.0,0.0,0.0
1790794812.432,6.7,66.5,0,335849,0.0,5.0,0,0,0,0,False,0,0.0,0.0,0.0
1790794813.432,6.8,66.4,0,0,0.0,0.0,0,0,0,0,False,0,0.0,0.0,0.0
1790794814.432,7.6,66.3,0,0,0.0,0.0,0,0,0,0,False,0,0.0,0.0,0.0
1790794815.432,6.6,66.3,0,69627,0.0,2.0,0,0,0,0,False,0,0.0,0.0,0.0
1790794816.432,7.9,66.3,0,0,0.0,0.0,0,0,0,0,False,0,0.0,0.0,0.0
1790794817.432,6.9,66.3,0,1236906,0.0,10.0,0,0,0,0,False,0,0.0,0.0,0.0
1790794818.432,6.4,66.3,0,0,0.0,0.0,0,0,0,0,False,0,0.0,0.0,0.0
1790794819.432,6.7,66.3,0,0,0.0,0.0,0,0,0,0,False,0,0.0,0.0,0.0
1790794820.432,6.6,66.3,0,0,0.0,0.0,0,0,0,0,False,0,0.0,0.0,0.0
1790794821.432,6.8,66.3,0,139254,0.0,12.0,0,0,0,0,False,0,0.0,0.0,0.0
1790794822.432,7.4,66.2,0,0,0.0,0.0,0,0,0,0,False,0,0.0,0.0,0.0
1790794823.432,7.2,66.2,0,20478,0.0,4.0,0,0,0,0,False,0,0.0,0.0,0.0
1790794824.432,10.2,66.1,0,0,0.0,0.0,0,0,0,0,False,0,0.0,0.0,0.0
1790794825.433,7.6,65.9,0,294888,0.0,30.0,0,0,0,0,False,0,0.0,0.0,0.0
1790794826.433,6.8,65.9,0,0,0.0,0.0,0,0,0,0,False,0,0.0,0.0,0.0
1790794827.433,6.8,65.9,0,0,0.0,0.0,0,0,0,0,False,0,0.0,0.0,0.0
1790794828.433,8.7,65.7,0,1343389,0.0,15.0,0,0,0,0,False,0,0.0,0.0,0.0
1790794829.433,8.0,65.6,0,0,0.0,0.0,0,0,0,0,False,0,0.0,0.0,0.0
1790794830.433,9.9,65.6,0,278508,0.0,6.0,0,0,0,0,False,0,0.0,0.0,0.0
1790794831.433,7.2,65.6,0,0,0.0,0.0,0,0,0,0,False,0,0.0,0.0,0.0
1790794832.433,6.8,65.6,0,4096,0.0,1.0,0,0,0,0,False,0,0.0,0.0,0.0
1790794833.433,7.1,65.6,0,15031231,0.0,121.0,0,0,0,0,False,0,0.0,0.0,0.0
1790794834.433,7.0,65.6,0,12287,0.0,3.0,0,0,0,0,False,0,0.0,0.0,0.0
1790794835.433,6.9,65.5,0,114680,0.0,4.0,0,0,0,0,False,0,0.0,0.0,0.0
1790794836.433,8.3,65.5,0,0,0.0,0.0,0,0,0,0,False,0,0.0,0.0,0.0
1790794837.433,7.4,65.6,0,0,0.0,0.0,0,0,0,0,False,0,0.0,0.0,0.0
1790794838.434,6.7,65.6,0,0,0.0,0.0,0,0,0,0,False,0,0.0,0.0,0.0
1790794839.434,6.5,65.5,0,274420,0.0,54.0,0,0,0,0,False,0,0.0,0.0,0.0
1790794840.434,6.8,65.5,0,1298342,0.0,12.0,0,0,0,0,False,0,0.0,0.0,0.0
1790794841.434,8.0,65.5,0,0,0.0,0.0,0,0,0,0,False,0,0.0,0.0,0.0
1790794842.434,7.1,65.5,0,0,0.0,0.0,0,0,0,0,False,0,0.0,0.0,0.0
1790794843.434,6.9,65.5,0,16383,0.0,1.0,0,0,0,0,False,0,0.0,0.0,0.0
1790794844.434,6.9,65.5,0,2670399,0.0,27.0,0,0,0,0,False,0,0.0,0.0,0.0
1790794845.434,7.0,65.4,0,0,0.0,0.0,0,0,0,0,False,0,0.0,0.0,0.0
1790794846.434,6.7,65.5,0,0,0.0,0.0,0,0,0,0,False,0,0.0,0.0,0.0
1790794847.434,6.9,65.5,0,0,0.0,0.0,0,0,0,0,False,0,0.0,0.0,0.0
1790794848.434,7.1,65.4,0,184307,0.0,4.0,0,0,0,0,False,0,0.0,0.0,0.0
1790794849.434,7.0,65.4,8191,0,1.0,0.0,0,0,0,0,False,0,0.0,0.0,0.0
1790794850.434,11.6,65.8,0,0,0.0,0.0,0,0,0,0,False,0,0.0,0.0,0.0
1790794851.434,7.3,65.9,0,0,0.0,0.0,0,0,0,0,False,0,0.0,0.0,0.0
1790794852.435,16.9,66.1,0,253933,0.0,13.0,0,0,0,0,False,0,0.0,0.0,0.0
1790794853.435,29.5,67.0,0,65531,0.0,2.0,1,0,0,1,False,0,0.0,0.0,0.0
1790794854.435,30.5,67.6,0,12287,0.0,1.0,0,0,0,0,False,0,0.0,0.0,0.0
1790794855.435,33.1,67.5,0,0,0.0,0.0,1,2,0,1,False,0,0.0,0.0,0.0
1790794856.435,22.6,67.4,0,438237,0.0,13.0,1,1,0,1,False,0,0.0,0.0,0.0
1790794857.435,20.9,67.4,0,0,0.0,0.0,1,1,0,1,False,0,0.0,0.0,0.0
1790794858.435,18.8,67.2,0,0,0.0,0.0,1,1,0,1,False,0,0.0,0.0,0.0
1790794859.435,21.7,67.2,0,802750,0.0,10.0,1,1,0,1,False,0,0.0,0.0,0.0
1790794860.435,25.3,67.2,0,0,0.0,0.0,1,1,0,1,False,0,0.0,0.0,0.0
1790794861.435,20.3,66.8,49149,90107,2.0,3.0,0,0,0,0,False,0,0.0,0.0,0.0
1790794862.435,7.4,66.4,0,32766,0.0,1.0,0,0,0,0,False,0,0.0,0.0,0.0
1790794863.435,7.1,66.4,0,0,0.0,0.0,0,0,0,0,False,0,0.0,0.0,0.0
1790794864.435,7.2,66.3,0,0,0.0,0.0,0,0,0,0,False,0,0.0,0.0,0.0
1790794865.435,7.9,66.3,0,0,0.0,0.0,0,0,0,0,False,0,0.0,0.0,0.0
1790794866.436,22.3,66.5,0,372707,0.0,11.0,0,0,0,0,False,0,0.0,0.0,0.0
1790794867.436,23.2,66.7,32767,188408,1.0,4.0,0,0,0,0,False,0,0.0,0.0,0.0
1790794868.436,7.2,66.0,0,32766,0.0,1.0,0,0,0,0,False,0,0.0,0.0,0.0
1790794869.436,6.9,66.0,0,4096,0.0,1.0,0,0,0,0,False,0,0.0,0.0,0.0
1790794870.436,6.9,66.0,0,1236904,0.0,10.0,0,0,0,0,False,0,0.0,0.0,0.0
1790794871.436,7.1,66.0,0,323561,0.0,65.0,0,0,0,0,False,0,0.0,0.0,0.0
1790794872.436,7.9,66.0,0,192498,0.0,3.0,0,0,0,0,False,0,0.0,0.0,0.0
1790794873.436,7.8,66.0,0,0,0.0,0.0,0,0,0,0,False,0,0.0,0.0,0.0
1790794874.436,7.1,66.0,0,16383,0.0,1.0,0,0,0,0,False,0,0.0,0.0,0.0
1790794875.436,7.0,66.0,0,0,0.0,0.0,0,0,0,0,False,0,0.0,0.0,0.0
1790794876.436,7.0,66.0,0,0,0.0,0.0,0,0,0,0,False,0,0.0,0.0,0.0
1790794877.436,6.8,65.9,0,0,0.0,0.0,0,0,0,0,False,0,0.0,0.0,0.0
1790794878.436,6.9,65.9,0,0,0.0,0.0,0,0,0,0,False,0,0.0,0.0,0.0
1790794879.436,6.7,65.9,0,2973471,0.0,32.0,0,0,0,0,False,0,0.0,0.0,0.0
1790794880.437,9.8,65.4,0,81914,0.0,10.0,0,0,0,0,False,0,0.0,0.0,0.0
1790794881.437,6.4,65.5,0,0,0.0,0.0,0,0,0,0,False,0,0.0,0.0,0.0
1790794882.437,7.1,65.4,0,0,0.0,0.0,0,0,0,0,False,0,0.0,0.0,0.0
1790794883.437,6.8,65.4,0,0,0.0,0.0,0,0,0,0,False,0,0.0,0.0,0.0
1790794884.437,8.0,65.3,0,65531,0.0,1.0,0,0,0,0,False,0,0.0,0.0,0.0
1790794885.437,6.5,65.3,0,1576845,0.0,17.0,0,0,0,0,False,0,0.0,0.0,0.0
1790794886.437,6.6,65.3,0,0,0.0,0.0,0,0,0,0,False,0,0.0,0.0,0.0
1790794887.437,7.0,65.3,0,81914,0.0,2.0,0,0,0,0,False,0,0.0,0.0,0.0
1790794888.437,21.4,65.7,0,36861,0.0,2.0,0,0,0,0,False,0,0.0,0.0,0.0
1790794889.437,28.4,65.9,0,12287,0.0,1.0,1,1,0,1,False,0,0.0,0.0,0.0
1790794890.437,16.8,65.4,0,995253,0.0,11.0,0,0,0,0,False,0,0.0,0.0,0.0
1790794891.437,8.0,65.4,0,0,0.0,0.0,0,0,0,0,False,0,0.0,0.0,0.0
1790794892.437,6.6,65.4,0,0,0.0,0.0,0,0,0,0,False,0,0.0,0.0,0.0
1790794893.437,6.9,65.3,0,0,0.0,0.0,0,0,0,0,False,0,0.0,0.0,0.0
1790794894.438,8.8,65.3,0,24574,0.0,1.0,0,0,0,0,False,0,0.0,0.0,0.0
1790794895.438,6.7,65.3,0,544729,0.0,6.0,0,0,0,0,False,0,0.0,0.0,0.0
1790794896.438,6.8,65.2,0,0,0.0,0.0,0,0,0,0,False,0,0.0,0.0,0.0
1790794897.438,8.2,65.2,0,528347,0.0,10.0,0,0,0,0,False,0,0.0,0.0,0.0
1790794898.438,7.0,65.2,0,0,0.0,0.0,0,0,0,0,False,0,0.0,0.0,0.0
1790794899.438,6.7,65.1,0,24574,0.0,1.0,0,0,0,0,False,0,0.0,0.0,0.0
1790794900.438,6.6,65.1,0,0,0.0,0.0,0,0,0,0,False,0,0.0,0.0,0.0
1790794901.438,6.6,65.0,0,49148,0.0,2.0,0,0,0,0,False,0,0.0,0.0,0.0
1790794902.438,6.8,65.0,0,0,0.0,0.0,0,0,0,0,False,0,0.0,0.0,0.0
1790794903.438,7.9,65.0,0,708556,0.0,86.0,0,0,0,0,False,0,0.0,0.0,0.0
1790794904.438,7.0,65.0,0,16383,0.0,1.0,0,0,0,0,False,0,0.0,0.0,0.0
1790794905.438,6.7,65.0,0,0,0.0,0.0,0,0,0,0,False,0,0.0,0.0,0.0
1790794906.438,6.6,65.0,0,0,0.0,0.0,0,0,0,0,False,0,0.0,0.0,0.0
1790794907.439,6.8,65.0,0,0,0.0,0.0,0,0,0,0,False,0,0.0,0.0,0.0
1790794908.439,6.8,65.0,0,0,0.0,0.0,0,0,0,0,False,0,0.0,0.0,0.0
1790794909.439,6.6,65.0,0,0,0.0,0.0,0,0,0,0,False,0,0.0,0.0,0.0
1790794910.439,6.4,65.0,0,2727740,0.0,39.0,0,0,0,0,False,0,0.0,0.0,0.0
1790794911.439,6.5,65.0,0,0,0.0,0.0,0,0,0,0,False,0,0.0,0.0,0.0
1790794912.439,7.7,65.0,0,0,0.0,0.0,0,0,0,0,False,0,0.0,0.0,0.0
1790794913.439,8.8,65.6,0,0,0.0,0.0,0,0,0,0,False,0,0.0,0.0,0.0
1790794914.439,9.3,65.5,0,0,0.0,0.0,0,0,0,0,False,0,0.0,0.0,0.0
1790794915.439,6.5,65.5,0,73722,0.0,3.0,0,0,0,0,False,0,0.0,0.0,0.0
1790794916.439,6.9,65.5,0,0,0.0,0.0,0,0,0,0,False,0,0.0,0.0,0.0
1790794917.439,6.8,65.4,0,0,0.0,0.0,0,0,0,0,False,0,0.0,0.0,0.0
1790794918.439,6.6,65.4,0,0,0.0,0.0,0,0,0,0,False,0,0.0,0.0,0.0
1790794919.439,7.7,65.4,0,196592,0.0,4.0,0,0,0,0,False,0,0.0,0.0,0.0
1790794920.440,6.9,65.4,0,6581771,0.0,56.0,0,0,0,0,False,0,0.0,0.0,0.0
1790794921.440,6.7,65.3,0,0,0.0,0.0,0,0,0,0,False,0,0.0,0.0,0.0
1790794922.440,6.8,65.3,0,0,0.0,0.0,0,0,0,0,False,0,0.0,0.0,0.0
1790794923.440,6.6,65.3,0,0,0.0,0.0,0,0,0,0,False,0,0.0,0.0,0.0
1790794924.440,6.9,65.3,0,102392,0.0,2.0,0,0,0,0,False,0,0.0,0.0,0.0
1790794925.440,7.7,65.3,0,35952091,0.0,277.0,0,0,0,0,False,0,0.0,0.0,0.0
1790794926.440,7.0,65.3,0,0,0.0,0.0,0,0,0,0,False,0,0.0,0.0,0.0
1790794927.440,10.3,65.2,0,0,0.0,0.0,0,0,0,0,False,0,0.0,0.0,0.0
1790794928.440,6.6,65.2,0,1458068,0.0,15.0,0,0,0,0,False,0,0.0,0.0,0.0
1790794929.440,9.7,65.2,0,24574,0.0,4.0,0,0,0,0,False,0,0.0,0.0,0.0
1790794930.440,6.8,65.1,0,0,0.0,0.0,0,0,0,0,False,0,0.0,0.0,0.0
1790794931.440,7.3,65.1,0,40957,0.0,2.0,0,0,0,0,False,0,0.0,0.0,0.0
1790794932.440,7.8,65.1,0,0,0.0,0.0,0,0,0,0,False,0,0.0,0.0,0.0
1790794933.441,7.4,65.1,0,0,0.0,0.0,0,0,0,0,False,0,0.0,0.0,0.0
1790794934.441,11.9,65.3,0,0,0.0,0.0,0,0,0,0,False,0,0.0,0.0,0.0
1790794935.441,10.5,65.7,0,94201,0.0,4.0,0,0,0,0,False,0,0.0,0.0,0.0
1790794936.441,9.2,66.0,0,0,0.0,0.0,0,0,0,0,False,0,0.0,0.0,0.0
1790794937.441,9.0,66.4,0,188401,0.0,12.0,0,0,0,0,False,0,0.0,0.0,0.0
1790794938.441,6.9,66.4,0,0,0.0,0.0,0,0,0,0,False,0,0.0,0.0,0.0
1790794939.441,6.6,66.4,0,0,0.0,0.0,0,0,0,0,False,0,0.0,0.0,0.0
1790794940.441,6.9,66.4,0,0,0.0,0.0,0,0,0,0,False,0,0.0,0.0,0.0
1790794941.441,6.9,66.3,0,2654006,0.0,71.0,0,0,0,0,False,0,0.0,0.0,0.0
1790794942.441,7.4,66.3,0,28670,0.0,2.0,0,0,0,0,False,0,0.0,0.0,0.0
1790794943.441,7.6,66.3,0,45052,0.0,8.0,0,0,0,0,False,0,0.0,0.0,0.0
1790794944.441,9.4,66.3,0,0,0.0,0.0,0,0,0,0,False,0,0.0,0.0,0.0
1790794945.441,7.1,66.2,0,0,0.0,0.0,0,0,0,0,False,0,0.0,0.0,0.0
1790794946.442,7.4,66.2,0,0,0.0,0.0,0,0,0,0,False,0,0.0,0.0,0.0
1790794947.442,7.3,66.2,0,0,0.0,0.0,0,0,0,0,False,0,0.0,0.0,0.0
1790794948.442,7.1,66.1,0,0,0.0,0.0,0,0,0,0,False,0,0.0,0.0,0.0
1790794949.442,7.0,66.1,0,16383,0.0,2.0,0,0,0,0,False,0,0.0,0.0,0.0
1790794950.442,15.6,66.3,0,32766,0.0,1.0,0,0,0,0,False,0,0.0,0.0,0.0
1790794951.442,25.6,66.9,0,12287,0.0,3.0,0,0,0,0,False,0,0.0,0.0,0.0
1790794952.442,18.3,66.8,0,45053,0.0,2.0,0,0,0,0,False,0,0.0,0.0,0.0
1790794953.442,7.3,66.8,0,0,0.0,0.0,0,0,0,0,False,0,0.0,0.0,0.0
1790794954.442,7.1,66.8,0,278508,0.0,4.0,0,0,0,0,False,0,0.0,0.0,0.0
1790794955.442,7.6,66.8,0,0,0.0,0.0,0,0,0,0,False,0,0.0,0.0,0.0
1790794956.442,7.1,66.8,0,0,0.0,0.0,0,0,0,0,False,0,0.0,0.0,0.0
1790794957.442,7.7,66.8,0,843713,0.0,12.0,0,0,0,0,False,0,0.0,0.0,0.0
1790794958.442,7.6,66.7,0,0,0.0,0.0,0,0,0,0,False,0,0.0,0.0,0.0
1790794959.442,6.6,66.6,0,0,0.0,0.0,0,0,0,0,False,0,0.0,0.0,0.0
1790794960.443,6.9,66.6,0,176115,0.0,8.0,0,0,0,0,False,0,0.0,0.0,0.0
1790794961.443,6.8,66.5,0,0,0.0,0.0,0,0,0,0,False,0,0.0,0.0,0.0
1790794962.443,6.9,66.5,0,0,0.0,0.0,0,0,0,0,False,0,0.0,0.0,0.0
1790794963.443,7.2,66.5,0,0,0.0,0.0,0,0,0,0,False,0,0.0,0.0,0.0
1790794964.443,9.9,66.5,0,32766,0.0,2.0,0,0,0,0,False,0,0.0,0.0,0.0
1790794965.443,6.7,66.3,0,143350,0.0,18.0,0,0,0,0,False,0,0.0,0.0,0.0
1790794966.443,6.7,66.0,0,28670,0.0,4.0,0,0,0,0,False,0,0.0,0.0,0.0
1790794967.443,6.6,65.9,0,0,0.0,0.0,0,0,0,0,False,0,0.0,0.0,0.0
1790794968.443,6.5,65.9,0,0,0.0,0.0,0,0,0,0,False,0,0.0,0.0,0.0
1790794969.443,7.7,65.8,0,0,0.0,0.0,0,0,0,0,False,0,0.0,0.0,0.0
1790794970.443,8.4,65.8,0,0,0.0,0.0,0,0,0,0,False,0,0.0,0.0,0.0
1790794971.443,6.7,65.7,0,0,0.0,0.0,0,0,0,0,False,0,0.0,0.0,0.0
1790794972.443,6.7,65.7,0,4034278,0.0,41.0,0,0,0,0,False,0,0.0,0.0,0.0
1790794973.443,8.3,66.0,0,319464,0.0,61.0,0,0,0,0,False,0,0.0,0.0,0.0
1790794974.444,7.4,66.1,0,0,0.0,0.0,0,0,0,0,False,0,0.0,0.0,0.0
1790794975.444,6.8,66.1,0,0,0.0,0.0,0,0,0,0,False,0,0.0,0.0,0.0
1790794976.444,6.8,66.0,0,0,0.0,0.0,0,0,0,0,False,0,0.0,0.0,0.0
1790794977.444,6.5,66.0,0,69627,0.0,4.0,0,0,0,0,False,0,0.0,0.0,0.0
1790794978.444,10.4,65.9,0,0,0.0,0.0,0,0,0,0,False,0,0.0,0.0,0.0
1790794979.444,6.8,65.9,0,0,0.0,0.0,0,0,0,0,False,0,0.0,0.0,0.0
1790794980.444,6.7,65.8,0,0,0.0,0.0,0,0,0,0,False,0,0.0,0.0,0.0
1790794981.444,6.6,65.8,0,0,0.0,0.0,0,0,0,0,False,0,0.0,0.0,0.0
1790794982.444,6.8,65.8,0,24574,0.0,2.0,0,0,0,0,False,0,0.0,0.0,0.0
1790794983.444,6.8,65.8,0,0,0.0,0.0,0,0,0,0,False,0,0.0,0.0,0.0
1790794984.444,12.9,65.9,0,32766,0.0,1.0,0,0,0,0,False,0,0.0,0.0,0.0
1790794985.444,25.0,66.5,0,12287,0.0,3.0,2,0,0,2,False,0,0.0,0.0,0.0
1790794986.444,19.3,66.3,0,143349,0.0,4.0,0,0,0,0,False,0,0.0,0.0,0.0
1790794987.444,11.5,66.5,0,651216,0.0,8.0,0,0,0,0,False,0,0.0,0.0,0.0
1790794988.445,9.9,66.5,0,135155,0.0,14.0,0,0,0,0,False,0,0.0,0.0,0.0
1790794989.445,9.3,66.7,0,57340,0.0,6.0,0,0,0,0,False,0,0.0,0.0,0.0
1790794990.445,7.7,66.7,0,0,0.0,0.0,0,0,0,0,False,0,0.0,0.0,0.0
1790794991.445,7.2,66.7,0,0,0.0,0.0,0,0,0,0,False,0,0.0,0.0,0.0
1790794992.445,6.8,66.6,0,442331,0.0,11.0,0,0,0,0,False,0,0.0,0.0,0.0
1790794993.445,7.1,66.6,0,0,0.0,0.0,0,0,0,0,False,0,0.0,0.0,0.0
1790794994.445,7.1,66.6,0,0,0.0,0.0,0,0,0,0,False,0,0.0,0.0,0.0
1790794995.445,10.4,66.7,0,12287,0.0,2.0,0,0,0,0,False,0,0.0,0.0,0.0
1790794996.445,22.6,67.2,0,32765,0.0,1.0,0,0,0,0,False,0,0.0,0.0,0.0
1790794997.445,19.3,66.7,0,94201,0.0,4.0,0,0,0,0,False,0,0.0,0.0,0.0
1790794998.445,23.8,67.0,0,0,0.0,0.0,0,0,0,0,False,0,0.0,0.0,0.0
1790794999.445,26.0,66.4,0,45053,0.0,2.0,0,0,0,0,False,0,0.0,0.0,0.0
1790795000.445,6.8,66.4,0,0,0.0,0.0,0,0,0,0,False,0,0.0,0.0,0.0
1790795001.446,10.0,66.4,0,618452,0.0,6.0,0,0,0,0,False,0,0.0,0.0,0.0
1790795002.446,7.1,66.4,0,2396095,0.0,22.0,0,0,0,0,False,0,0.0,0.0,0.0
1790795003.446,7.3,66.3,0,0,0.0,0.0,0,0,0,0,False,0,0.0,0.0,0.0
1790795004.446,7.0,66.3,0,0,0.0,0.0,0,0,0,0,False,0,0.0,0.0,0.0
1790795005.446,11.3,66.5,0,32766,0.0,1.0,0,0,0,0,False,0,0.0,0.0,0.0
1790795006.446,24.9,66.8,0,0,0.0,0.0,0,0,0,0,False,0,0.0,0.0,0.0
1790795007.446,13.1,66.6,0,634834,0.0,73.0,0,0,0,0,False,0,0.0,0.0,0.0
1790795008.446,7.0,66.5,0,180210,0.0,3.0,0,0,0,0,False,0,0.0,0.0,0.0
1790795009.446,6.8,66.5,0,0,0.0,0.0,0,0,0,0,False,0,0.0,0.0,0.0
1790795010.446,8.5,66.4,0,0,0.0,0.0,0,0,0,0,False,0,0.0,0.0,0.0
1790795011.446,6.5,66.3,0,0,0.0,0.0,0,0,0,0,False,0,0.0,0.0,0.0
1790795012.446,7.3,66.3,0,0,0.0,0.0,0,0,0,0,False,0,0.0,0.0,0.0
1790795013.446,7.1,66.3,0,0,0.0,0.0,0,0,0,0,False,0,0.0,0.0,0.0
1790795014.446,6.9,66.3,0,0,0.0,0.0,0,0,0,0,False,0,0.0,0.0,0.0
1790795015.447,10.2,66.3,0,12287,0.0,2.0,0,0,0,0,False,0,0.0,0.0,0.0
1790795016.447,7.8,66.3,0,90108,0.0,11.0,0,0,0,0,False,0,0.0,0.0,0.0
1790795017.447,8.0,65.9,0,28670,0.0,3.0,0,0,0,0,False,0,0.0,0.0,0.0
1790795018.447,6.9,65.6,0,221167,0.0,14.0,0,0,0,0,False,0,0.0,0.0,0.0
1790795019.447,7.1,65.5,0,0,0.0,0.0,0,0,0,0,False,0,0.0,0.0,0.0
1790795020.447,7.0,65.5,0,0,0.0,0.0,0,0,0,0,False,0,0.0,0.0,0.0
1790795021.447,9.0,65.5,0,0,0.0,0.0,0,0,0,0,False,0,0.0,0.0,0.0
1790795022.447,7.0,65.4,0,597973,0.0,11.0,0,0,0,0,False,0,0.0,0.0,0.0
1790795023.447,7.2,65.5,0,1314717,0.0,11.0,0,0,0,0,False,0,0.0,0.0,0.0
1790795024.447,7.1,65.4,0,45053,0.0,2.0,0,0,0,0,False,0,0.0,0.0,0.0
1790795025.447,7.1,65.4,0,0,0.0,0.0,0,0,0,0,False,0,0.0,0.0,0.0
1790795026.447,6.8,65.4,0,0,0.0,0.0,0,0,0,0,False,0,0.0,0.0,0.0
1790795027.447,7.5,65.4,0,102392,0.0,2.0,0,0,0,0,False,0,0.0,0.0,0.0
1790795028.447,7.4,65.3,0,0,0.0,0.0,0,0,0,0,False,0,0.0,0.0,0.0
1790795029.448,7.0,65.4,0,0,0.0,0.0,0,0,0,0,False,0,0.0,0.0,0.0
1790795030.448,6.8,65.3,0,0,0.0,0.0,0,0,0,0,False,0,0.0,0.0,0.0
1790795031.448,9.0,65.3,0,0,0.0,0.0,0,0,0,0,False,0,0.0,0.0,0.0
1790795032.448,7.2,65.3,0,15072152,0.0,122.0,0,0,0,0,False,0,0.0,0.0,0.0
1790795033.448,9.7,65.5,0,2662210,0.0,28.0,0,0,0,0,False,0,0.0,0.0,0.0
1790795034.448,7.3,65.5,0,274412,0.0,4.0,0,0,0,0,False,0,0.0,0.0,0.0
1790795035.448,6.8,65.5,0,0,0.0,0.0,0,0,0,0,False,0,0.0,0.0,0.0
1790795036.448,12.4,65.6,0,32766,0.0,1.0,0,0,0,0,False,0,0.0,0.0,0.0
1790795037.448,28.6,66.5,0,32766,0.0,1.0,1,0,0,1,False,0,0.0,0.0,0.0
1790795038.448,30.2,67.1,0,73722,0.0,4.0,0,0,0,0,False,0,0.0,0.0,0.0
1790795039.448,26.5,67.4,0,778182,0.0,38.0,1,1,0,1,False,0,0.0,0.0,0.0
1790795040.448,16.0,67.0,0,45055,0.0,2.0,0,0,0,0,False,0,0.0,0.0,0.0
1790795041.448,8.8,67.0,0,0,0.0,0.0,0,0,0,0,False,0,0.0,0.0,0.0
1790795042.448,6.6,66.9,0,0,0.0,0.0,0,0,0,0,False,0,0.0,0.0,0.0
1790795043.449,7.1,66.9,0,0,0.0,0.0,0,0,0,0,False,0,0.0,0.0,0.0
1790795044.449,6.8,66.9,0,0,0.0,0.0,0,0,0,0,False,0,0.0,0.0,0.0
1790795045.449,7.4,66.8,0,561110,0.0,6.0,0,0,0,0,False,0,0.0,0.0,0.0
1790795046.449,7.2,66.8,0,0,0.0,0.0,0,0,0,0,False,0,0.0,0.0,0.0
1790795047.449,6.6,66.8,0,0,0.0,0.0,0,0,0,0,False,0,0.0,0.0,0.0
1790795048.449,6.9,66.8,0,1400729,0.0,16.0,0,0,0,0,False,0,0.0,0.0,0.0
1790795049.449,11.2,66.9,0,135157,0.0,3.0,0,0,0,0,False,0,0.0,0.0,0.0
1790795050.449,10.7,67.1,0,147444,0.0,12.0,0,0,0,0,False,0,0.0,0.0,0.0
1790795051.449,6.9,67.0,0,0,0.0,0.0,0,0,0,0,False,0,0.0,0.0,0.0
1790795052.449,7.6,67.0,0,0,0.0,0.0,0,0,0,0,False,0,0.0,0.0,0.0
1790795053.449,10.0,67.0,0,524249,0.0,12.0,0,0,0,0,False,0,0.0,0.0,0.0
1790795054.449,7.1,67.0,0,0,0.0,0.0,0,0,0,0,False,0,0.0,0.0,0.0
1790795055.449,7.2,67.0,0,0,0.0,0.0,0,0,0,0,False,0,0.0,0.0,0.0
1790795056.450,6.5,66.8,0,0,0.0,0.0,0,0,0,0,False,0,0.0,0.0,0.0
1790795057.450,6.9,66.8,0,12287,0.0,2.0,0,0,0,0,False,0,0.0,0.0,0.0
1790795058.450,6.5,66.9,0,16383,0.0,1.0,0,0,0,0,False,0,0.0,0.0,0.0
1790795059.450,6.6,66.9,0,0,0.0,0.0,0,0,0,0,False,0,0.0,0.0,0.0
1790795060.450,8.6,66.8,0,0,0.0,0.0,0,0,0,0,False,0,0.0,0.0,0.0
1790795061.450,7.7,66.8,0,0,0.0,0.0,0,0,0,0,False,0,0.0,0.0,0.0
1790795062.450,7.0,66.7,0,0,0.0,0.0,0,0,0,0,False,0,0.0,0.0,0.0
1790795063.450,7.0,66.7,0,98296,0.0,12.0,0,0,0,0,False,0,0.0,0.0,0.0
1790795064.450,6.7,66.7,0,2391886,0.0,21.0,0,0,0,0,False,0,0.0,0.0,0.0
1790795065.450,6.6,66.7,0,0,0.0,0.0,0,0,0,0,False,0,0.0,0.0,0.0
1790795066.450,6.5,66.7,0,0,0.0,0.0,0,0,0,0,False,0,0.0,0.0,0.0
1790795067.450,6.9,66.7,0,0,0.0,0.0,0,0,0,0,False,0,0.0,0.0,0.0
1790795068.450,7.1,66.7,0,77818,0.0,1.0,0,0,0,0,False,0,0.0,0.0,0.0
1790795069.450,7.2,66.7,0,1322905,0.0,12.0,0,0,0,0,False,0,0.0,0.0,0.0
1790795070.451,8.6,66.7,0,798661,0.0,100.0,0,0,0,0,False,0,0.0,0.0,0.0
1790795071.451,6.8,66.6,0,0,0.0,0.0,0,0,0,0,False,0,0.0,0.0,0.0
1790795072.451,7.6,66.6,0,0,0.0,0.0,0,0,0,0,False,0,0.0,0.0,0.0
1790795073.451,6.8,66.6,0,42484526,0.0,332.0,0,0,0,0,False,0,0.0,0.0,0.0
1790795074.451,6.5,66.5,0,258027,0.0,4.0,0,0,0,0,False,0,0.0,0.0,0.0
1790795075.451,7.0,66.5,0,0,0.0,0.0,0,0,0,0,False,0,0.0,0.0,0.0
1790795076.451,6.8,66.5,0,0,0.0,0.0,0,0,0,0,False,0,0.0,0.0,0.0
1790795077.451,8.0,66.5,0,0,0.0,0.0,0,0,0,0,False,0,0.0,0.0,0.0
1790795078.451,6.8,66.5,0,176115,0.0,17.0,0,0,0,0,False,0,0.0,0.0,0.0
1790795079.451,7.3,66.1,0,20478,0.0,4.0,0,0,0,0,False,0,0.0,0.0,0.0
1790795080.451,8.0,66.0,0,0,0.0,0.0,0,0,0,0,False,0,0.0,0.0,0.0
1790795081.451,7.4,66.0,0,0,0.0,0.0,0,0,0,0,False,0,0.0,0.0,0.0
1790795082.451,6.9,66.0,0,0,0.0,0.0,0,0,0,0,False,0,0.0,0.0,0.0
1790795083.452,11.3,66.0,0,4096,0.0,1.0,0,0,0,0,False,0,0.0,0.0,0.0
1790795084.452,7.2,66.0,0,1417135,0.0,16.0,0,0,0,0,False,0,0.0,0.0,0.0
1790795085.452,6.7,65.9,0,0,0.0,0.0,0,0,0,0,False,0,0.0,0.0,0.0
1790795086.452,6.5,65.9,0,0,0.0,0.0,0,0,0,0,False,0,0.0,0.0,0.0
1790795087.452,6.8,65.9,0,0,0.0,0.0,0,0,0,0,False,0,0.0,0.0,0.0
1790795088.452,6.9,65.9,0,0,0.0,0.0,0,0,0,0,False,0,0.0,0.0,0.0
1790795089.452,13.3,66.1,0,94201,0.0,5.0,0,0,0,0,False,0,0.0,0.0,0.0
1790795090.452,23.8,66.7,0,0,0.0,0.0,0,0,0,0,False,0,0.0,0.0,0.0
1790795091.452,11.4,65.9,0,49148,0.0,2.0,0,0,0,0,False,0,0.0,0.0,0.0
1790795092.452,20.6,66.6,0,32766,0.0,1.0,0,0,0,0,False,0,0.0,0.0,0.0
1790795093.452,24.5,66.9,0,0,0.0,0.0,1,0,0,1,False,0,0.0,0.0,0.0
1790795094.452,9.7,66.8,0,3403523,0.0,46.0,0,0,0,0,False,0,0.0,0.0,0.0
1790795095.452,12.8,67.1,0,147446,0.0,6.0,0,0,0,0,False,0,0.0,0.0,0.0
1790795096.452,9.3,67.2,0,131063,0.0,12.0,0,0,0,0,False,0,0.0,0.0,0.0
1790795097.453,7.4,67.1,0,0,0.0,0.0,0,0,0,0,False,0,0.0,0.0,0.0
1790795098.453,7.4,67.1,0,0,0.0,0.0,0,0,0,0,False,0,0.0,0.0,0.0
1790795099.453,7.1,67.0,0,0,0.0,0.0,0,0,0,0,False,0,0.0,0.0,0.0
1790795100.453,6.8,67.0,0,12287,0.0,3.0,0,0,0,0,False,0,0.0,0.0,0.0
1790795101.453,6.8,66.9,0,0,0.0,0.0,0,0,0,0,False,0,0.0,0.0,0.0
1790795102.453,7.1,66.9,0,36861,0.0,2.0,0,0,0,0,False,0,0.0,0.0,0.0
1790795103.453,7.2,67.1,0,0,0.0,0.0,0,0,0,0,False,0,0.0,0.0,0.0
1790795104.453,7.1,67.0,0,0,0.0,0.0,0,0,0,0,False,0,0.0,0.0,0.0
1790795105.453,9.8,67.0,0,434144,0.0,89.0,0,0,0,0,False,0,0.0,0.0,0.0
1790795106.453,7.1,67.0,0,0,0.0,0.0,0,0,0,0,False,0,0.0,0.0,0.0
1790795107.453,9.1,67.0,8191,3575484,1.0,44.0,0,0,0,0,False,0,0.0,0.0,0.0
1790795108.453,7.0,67.0,0,0,0.0,0.0,0,0,0,0,False,0,0.0,0.0,0.0
1790795109.453,6.8,67.0,0,0,0.0,0.0,0,0,0,0,False,0,0.0,0.0,0.0
1790795110.453,7.0,67.0,0,1679229,0.0,19.0,0,0,0,0,False,0,0.0,0.0,0.0
1790795111.454,7.7,67.0,0,0,0.0,0.0,0,0,0,0,False,0,0.0,0.0,0.0
1790795112.454,6.9,67.0,0,122876,0.0,3.0,0,0,0,0,False,0,0.0,0.0,0.0
1790795113.454,7.1,67.0,0,0,0.0,0.0,0,0,0,0,False,0,0.0,0.0,0.0
1790795114.454,7.1,67.0,0,0,0.0,0.0,0,0,0,0,False,0,0.0,0.0,0.0
1790795115.454,6.8,66.9,0,331752,0.0,10.0,0,0,0,0,False,0,0.0,0.0,0.0
1790795116.454,7.6,66.9,0,200689,0.0,4.0,0,0,0,0,False,0,0.0,0.0,0.0
1790795117.454,6.8,66.9,0,1236901,0.0,10.0,0,0,0,0,False,0,0.0,0.0,0.0
1790795118.454,7.7,66.9,0,1793918,0.0,24.0,0,0,0,0,False,0,0.0,0.0,0.0
1790795119.454,9.1,66.9,0,16383,0.0,1.0,0,0,0,0,False,0,0.0,0.0,0.0
1790795120.454,7.0,66.9,4096,0,1.0,0.0,0,0,0,0,False,0,0.0,0.0,0.0
1790795121.454,6.6,66.9,0,0,0.0,0.0,0,0,0,0,False,0,0.0,0.0,0.0
1790795122.454,12.2,66.9,0,0,0.0,0.0,0,0,0,0,False,0,0.0,0.0,0.0
1790795123.454,22.3,67.5,0,32766,0.0,1.0,0,0,0,0,False,0,0.0,0.0,0.0
1790795124.454,29.1,68.0,0,876478,0.0,18.0,1,1,0,1,False,0,0.0,0.0,0.0
1790795125.455,17.8,67.6,4096,3239693,1.0,70.0,0,0,0,0,False,0,0.0,0.0,0.0
1790795126.455,6.5,67.6,0,0,0.0,0.0,0,0,0,0,False,0,0.0,0.0,0.0
1790795127.455,6.6,67.6,0,0,0.0,0.0,0,0,0,0,False,0,0.0,0.0,0.0
1790795128.455,6.3,67.5,0,0,0.0,0.0,0,0,0,0,False,0,0.0,0.0,0.0
1790795129.455,6.3,67.5,0,0,0.0,0.0,0,0,0,0,False,0,0.0,0.0,0.0
1790795130.455,9.0,67.5,0,2256730,0.0,22.0,0,0,0,0,False,0,0.0,0.0,0.0
1790795131.455,7.1,67.5,0,0,0.0,0.0,0,0,0,0,False,0,0.0,0.0,0.0
1790795132.455,6.4,67.5,0,0,0.0,0.0,0,0,0,0,False,0,0.0,0.0,0.0
1790795133.455,6.8,67.5,0,0,0.0,0.0,0,0,0,0,False,0,0.0,0.0,0.0
1790795134.455,6.7,67.5,0,4096,0.0,1.0,0,0,0,0,False,0,0.0,0.0,0.0
1790795135.455,6.6,67.4,0,61436,0.0,2.0,0,0,0,0,False,0,0.0,0.0,0.0
1790795136.455,6.7,67.4,0,4096,0.0,1.0,0,0,0,0,False,0,0.0,0.0,0.0
1790795137.455,7.7,67.4,0,913341,0.0,124.0,0,0,0,0,False,0,0.0,0.0,0.0
1790795138.455,6.3,67.4,0,0,0.0,0.0,0,0,0,0,False,0,0.0,0.0,0.0
1790795139.456,6.4,67.3,0,0,0.0,0.0,0,0,0,0,False,0,0.0,0.0,0.0
1790795140.456,8.6,67.3,0,1327027,0.0,13.0,0,0,0,0,False,0,0.0,0.0,0.0
1790795141.456,6.5,67.3,0,0,0.0,0.0,0,0,0,0,False,0,0.0,0.0,0.0
1790795142.456,6.8,67.3,0,0,0.0,0.0,0,0,0,0,False,0,0.0,0.0,0.0
1790795143.456,8.1,67.3,0,0,0.0,0.0,0,0,0,0,False,0,0.0,0.0,0.0
1790795144.456,6.5,67.3,0,0,0.0,0.0,0,0,0,0,False,0,0.0,0.0,0.0
1790795145.456,6.9,67.3,16383,843714,1.0,9.0,0,0,0,0,False,0,0.0,0.0,0.0
1790795146.456,7.3,67.0,0,2928428,0.0,67.0,0,0,0,0,False,0,0.0,0.0,0.0
1790795147.456,6.8,67.0,0,0,0.0,0.0,0,0,0,0,False,0,0.0,0.0,0.0
1790795148.456,6.9,67.0,0,323561,0.0,5.0,0,0,0,0,False,0,0.0,0.0,0.0
1790795149.456,7.7,67.0,0,0,0.0,0.0,0,0,0,0,False,0,0.0,0.0,0.0
1790795150.456,13.7,67.1,0,16383,0.0,1.0,0,0,0,0,False,0,0.0,0.0,0.0
1790795151.456,7.1,67.2,0,2174816,0.0,21.0,0,0,0,0,False,0,0.0,0.0,0.0
1790795152.456,21.3,67.5,0,294891,0.0,14.0,0,0,0,0,False,0,0.0,0.0,0.0
1790795153.457,23.2,68.1,0,1499028,0.0,18.0,0,0,0,0,False,0,0.0,0.0,0.0
1790795154.457,7.8,67.8,4096,57341,1.0,3.0,0,0,0,0,False,0,0.0,0.0,0.0
1790795155.457,7.7,67.8,4096,42525726,1.0,333.0,0,0,0,0,False,0,0.0,0.0,0.0
1790795156.457,7.3,67.8,0,3301133,0.0,41.0,0,0,0,0,False,0,0.0,0.0,0.0
1790795157.457,6.8,67.7,0,0,0.0,0.0,0,0,0,0,False,0,0.0,0.0,0.0
1790795158.457,6.8,67.7,0,0,0.0,0.0,0,0,0,0,False,0,0.0,0.0,0.0
1790795159.457,6.5,67.7,0,0,0.0,0.0,0,0,0,0,False,0,0.0,0.0,0.0
1790795160.457,10.3,67.7,0,0,0.0,0.0,0,0,0,0,False,0,0.0,0.0,0.0
1790795161.457,8.9,67.7,0,0,0.0,0.0,0,0,0,0,False,0,0.0,0.0,0.0
1790795162.457,7.2,67.7,0,0,0.0,0.0,0,0,0,0,False,0,0.0,0.0,0.0
1790795163.457,7.2,67.7,0,12287,0.0,2.0,0,0,0,0,False,0,0.0,0.0,0.0
1790795164.457,7.1,67.6,0,0,0.0,0.0,0,0,0,0,False,0,0.0,0.0,0.0
1790795165.457,6.8,67.5,0,0,0.0,0.0,0,0,0,0,False,0,0.0,0.0,0.0
1790795166.457,6.6,67.4,0,4096,0.0,1.0,0,0,0,0,False,0,0.0,0.0,0.0
1790795167.458,8.3,67.4,0,0,0.0,0.0,0,0,0,0,False,0,0.0,0.0,0.0
1790795168.458,7.3,67.3,0,1662907,0.0,18.0,0,0,0,0,False,0,0.0,0.0,0.0
1790795169.458,6.8,67.3,0,0,0.0,0.0,0,0,0,0,False,0,0.0,0.0,0.0
1790795170.458,6.7,67.3,0,1236901,0.0,10.0,0,0,0,0,False,0,0.0,0.0,0.0
1790795171.458,8.6,67.3,0,524243,0.0,110.0,0,0,0,0,False,0,0.0,0.0,0.0
1790795172.458,6.9,67.3,0,65531,0.0,2.0,0,0,0,0,False,0,0.0,0.0,0.0
1790795173.458,8.5,67.3,0,0,0.0,0.0,0,0,0,0,False,0,0.0,0.0,0.0
1790795174.458,7.1,67.2,0,0,0.0,0.0,0,0,0,0,False,0,0.0,0.0,0.0
1790795175.458,6.4,67.1,0,0,0.0,0.0,0,0,0,0,False,0,0.0,0.0,0.0
1790795176.458,6.5,67.1,0,4096,0.0,1.0,0,0,0,0,False,0,0.0,0.0,0.0
1790795177.458,7.0,67.1,0,192498,0.0,9.0,0,0,0,0,False,0,0.0,0.0,0.0
1790795178.458,6.9,67.1,0,0,0.0,0.0,0,0,0,0,False,0,0.0,0.0,0.0
1790795179.458,8.4,67.0,0,0,0.0,0.0,0,0,0,0,False,0,0.0,0.0,0.0
1790795180.458,9.4,66.5,0,94200,0.0,12.0,0,0,0,0,False,0,0.0,0.0,0.0
1790795181.459,6.8,66.4,0,20478,0.0,2.0,0,0,0,0,False,0,0.0,0.0,0.0
1790795182.459,7.1,66.4,0,0,0.0,0.0,0,0,0,0,False,0,0.0,0.0,0.0
1790795183.459,7.6,66.4,0,0,0.0,0.0,0,0,0,0,False,0,0.0,0.0,0.0
1790795184.459,7.3,66.3,0,0,0.0,0.0,0,0,0,0,False,0,0.0,0.0,0.0
1790795185.459,6.8,66.3,0,4096,0.0,1.0,0,0,0,0,False,0,0.0,0.0,0.0
1790795186.459,7.3,66.3,0,69626,0.0,3.0,0,0,0,0,False,0,0.0,0.0,0.0
1790795187.459,7.1,66.3,0,5156434,0.0,49.0,0,0,0,0,False,0,0.0,0.0,0.0
1790795188.459,7.3,66.3,0,0,0.0,0.0,0,0,0,0,False,0,0.0,0.0,0.0
1790795189.459,7.9,66.3,0,0,0.0,0.0,0,0,0,0,False,0,0.0,0.0,0.0
1790795190.459,16.0,66.6,0,454621,0.0,6.0,0,0,0,0,False,0,0.0,0.0,0.0
1790795191.459,24.2,67.1,0,0,0.0,0.0,1,0,0,1,False,0,0.0,0.0,0.0
1790795192.459,11.7,66.5,0,49148,0.0,2.0,0,0,0,0,False,0,0.0,0.0,0.0
1790795193.460,7.5,66.5,0,0,0.0,0.0,0,0,0,0,False,0,0.0,0.0,0.0
1790795194.460,7.5,66.5,0,0,0.0,0.0,0,0,0,0,False,0,0.0,0.0,0.0
1790795195.460,7.1,66.5,0,192497,0.0,3.0,0,0,0,0,False,0,0.0,0.0,0.0
1790795196.460,7.1,66.5,0,2473804,0.0,40.0,0,0,0,0,False,0,0.0,0.0,0.0
1790795197.460,6.9,66.4,0,0,0.0,0.0,0,0,0,0,False,0,0.0,0.0,0.0
1790795198.460,6.9,66.4,0,0,0.0,0.0,0,0,0,0,False,0,0.0,0.0,0.0
1790795199.460,9.9,66.4,0,0,0.0,0.0,0,0,0,0,False,0,0.0,0.0,0.0
1790795200.460,9.0,66.3,0,0,0.0,0.0,0,0,0,0,False,0,0.0,0.0,0.0
1790795201.460,16.9,66.6,0,32766,0.0,1.0,0,0,0,0,False,0,0.0,0.0,0.0
1790795202.460,24.1,67.1,0,159730,0.0,3.0,1,0,0,1,False,0,0.0,0.0,0.0
1790795203.460,14.0,66.4,0,303081,0.0,60.0,0,0,0,0,False,0,0.0,0.0,0.0
1790795204.460,6.9,66.4,0,0,0.0,0.0,0,0,0,0,False,0,0.0,0.0,0.0
1790795205.460,6.5,66.4,0,0,0.0,0.0,0,0,0,0,False,0,0.0,0.0,0.0
1790795206.461,6.8,66.4,0,0,0.0,0.0,0,0,0,0,False,0,0.0,0.0,0.0
1790795207.461,6.7,66.4,0,0,0.0,0.0,0,0,0,0,False,0,0.0,0.0,0.0
1790795208.461,7.3,66.4,0,290791,0.0,4.0,0,0,0,0,False,0,0.0,0.0,0.0
1790795209.461,7.0,66.4,0,319465,0.0,9.0,0,0,0,0,False,0,0.0,0.0,0.0
1790795210.461,13.9,66.5,0,147444,0.0,11.0,0,0,0,0,False,0,0.0,0.0,0.0
1790795211.461,24.4,67.1,0,0,0.0,0.0,1,0,0,1,False,0,0.0,0.0,0.0
1790795212.461,12.6,66.4,0,65531,0.0,3.0,0,0,0,0,False,0,0.0,0.0,0.0
1790795213.461,6.8,66.4,0,0,0.0,0.0,0,0,0,0,False,0,0.0,0.0,0.0
1790795214.461,6.7,66.4,0,0,0.0,0.0,0,0,0,0,False,0,0.0,0.0,0.0
1790795215.461,6.4,66.4,0,167924,0.0,3.0,0,0,0,0,False,0,0.0,0.0,0.0
1790795216.461,6.7,66.4,0,0,0.0,0.0,0,0,0,0,False,0,0.0,0.0,0.0
1790795217.461,8.6,66.5,0,9207145,0.0,82.0,0,0,0,0,False,0,0.0,0.0,0.0
1790795218.461,7.8,66.5,0,10222868,0.0,96.0,0,0,0,0,False,0,0.0,0.0,0.0
1790795219.461,6.7,66.5,0,307177,0.0,5.0,0,0,0,0,False,0,0.0,0.0,0.0
1790795220.462,6.6,66.5,0,0,0.0,0.0,0,0,0,0,False,0,0.0,0.0,0.0
1790795221.462,8.6,66.5,0,0,0.0,0.0,0,0,0,0,False,0,0.0,0.0,0.0
1790795222.462,6.8,66.5,0,1982318,0.0,18.0,0,0,0,0,False,0,0.0,0.0,0.0
1790795223.462,8.3,66.5,0,0,0.0,0.0,0,0,0,0,False,0,0.0,0.0,0.0
1790795224.462,6.8,66.5,0,81914,0.0,2.0,0,0,0,0,False,0,0.0,0.0,0.0
1790795225.462,6.9,66.5,0,0,0.0,0.0,0,0,0,0,False,0,0.0,0.0,0.0
1790795226.462,6.7,66.5,0,0,0.0,0.0,0,0,0,0,False,0,0.0,0.0,0.0
1790795227.462,6.6,66.5,0,0,0.0,0.0,0,0,0,0,False,0,0.0,0.0,0.0
1790795228.462,7.0,66.5,0,61436,0.0,5.0,0,0,0,0,False,0,0.0,0.0,0.0
1790795229.462,10.2,66.6,0,0,0.0,0.0,0,0,0,0,False,0,0.0,0.0,0.0
1790795230.462,7.1,66.6,0,0,0.0,0.0,0,0,0,0,False,0,0.0,0.0,0.0
1790795231.462,6.6,66.5,0,0,0.0,0.0,0,0,0,0,False,0,0.0,0.0,0.0
1790795232.462,6.6,66.5,0,0,0.0,0.0,0,0,0,0,False,0,0.0,0.0,0.0
1790795233.462,7.4,66.6,0,45053,0.0,2.0,0,0,0,0,False,0,0.0,0.0,0.0
1790795234.463,7.2,66.6,0,0,0.0,0.0,0,0,0,0,False,0,0.0,0.0,0.0
1790795235.463,6.7,66.6,0,0,0.0,0.0,0,0,0,0,False,0,0.0,0.0,0.0
1790795236.463,6.6,66.6,0,802750,0.0,10.0,0,0,0,0,False,0,0.0,0.0,0.0
1790795237.463,7.5,66.5,0,24574,0.0,1.0,0,0,0,0,False,0,0.0,0.0,0.0
1790795238.463,9.4,66.5,0,0,0.0,0.0,0,0,0,0,False,0,0.0,0.0,0.0
1790795239.463,6.6,66.5,0,561109,0.0,113.0,0,0,0,0,False,0,0.0,0.0,0.0
1790795240.463,9.5,66.5,0,188402,0.0,9.0,0,0,0,0,False,0,0.0,0.0,0.0
1790795241.463,6.8,66.5,0,28670,0.0,2.0,0,0,0,0,False,0,0.0,0.0,0.0
1790795242.463,6.9,66.5,0,40957,0.0,3.0,0,0,0,0,False,0,0.0,0.0,0.0
1790795243.463,7.2,66.5,0,0,0.0,0.0,0,0,0,0,False,0,0.0,0.0,0.0
1790795244.463,7.8,66.5,0,0,0.0,0.0,0,0,0,0,False,0,0.0,0.0,0.0
1790795245.463,7.2,66.5,0,0,0.0,0.0,0,0,0,0,False,0,0.0,0.0,0.0
1790795246.463,6.8,66.5,0,94201,0.0,10.0,0,0,0,0,False,0,0.0,0.0,0.0
1790795247.463,7.2,66.5,0,0,0.0,0.0,0,0,0,0,False,0,0.0,0.0,0.0
1790795248.464,22.0,67.0,0,32765,0.0,1.0,0,0,0,0,False,0,0.0,0.0,0.0
1790795249.464,19.4,66.9,0,49151,0.0,2.0,0,0,0,0,False,0,0.0,0.0,0.0
1790795250.464,6.9,67.0,0,0,0.0,0.0,0,0,0,0,False,0,0.0,0.0,0.0
1790795251.464,8.6,67.0,0,0,0.0,0.0,0,0,0,0,False,0,0.0,0.0,0.0
1790795252.464,6.8,66.9,0,4096,0.0,1.0,0,0,0,0,False,0,0.0,0.0,0.0
1790795253.464,7.3,67.0,0,2068332,0.0,26.0,0,0,0,0,False,0,0.0,0.0,0.0
1790795254.464,7.8,66.9,0,0,0.0,0.0,0,0,0,0,False,0,0.0,0.0,0.0
1790795255.464,6.8,66.8,0,0,0.0,0.0,0,0,0,0,False,0,0.0,0.0,0.0
1790795256.464,7.2,66.7,0,0,0.0,0.0,0,0,0,0,False,0,0.0,0.0,0.0
1790795257.464,7.1,66.6,0,0,0.0,0.0,0,0,0,0,False,0,0.0,0.0,0.0
1790795258.464,7.3,66.6,0,0,0.0,0.0,0,0,0,0,False,0,0.0,0.0,0.0
1790795259.464,6.6,66.5,0,57340,0.0,2.0,0,0,0,0,False,0,0.0,0.0,0.0
1790795260.464,8.7,66.5,0,0,0.0,0.0,0,0,0,0,False,0,0.0,0.0,0.0
1790795261.464,6.8,66.5,0,0,0.0,0.0,0,0,0,0,False,0,0.0,0.0,0.0
1790795262.465,6.9,66.4,0,0,0.0,0.0,0,0,0,0,False,0,0.0,0.0,0.0
1790795263.465,7.3,66.4,0,0,0.0,0.0,0,0,0,0,False,0,0.0,0.0,0.0
1790795264.465,7.2,66.4,0,28670,0.0,2.0,0,0,0,0,False,0,0.0,0.0,0.0
1790795265.465,6.9,66.4,0,0,0.0,0.0,0,0,0,0,False,0,0.0,0.0,0.0
1790795266.465,13.3,66.5,0,32766,0.0,1.0,0,0,0,0,False,0,0.0,0.0,0.0
1790795267.465,26.8,67.1,0,0,0.0,0.0,4,0,0,4,False,0,0.0,0.0,0.0
1790795268.465,41.1,67.8,0,0,0.0,0.0,2,2,0,2,False,0,0.0,0.0,0.0
1790795269.466,25.5,67.8,0,0,0.0,0.0,1,0,0,1,False,0,0.0,0.0,0.0
1790795270.466,56.0,67.8,0,49148,0.0,2.0,0,0,0,0,False,0,0.0,0.0,0.0
1790795271.466,8.8,67.8,0,0,0.0,0.0,0,0,0,0,False,0,0.0,0.0,0.0
1790795272.466,7.3,67.8,0,1830773,0.0,86.0,0,0,0,0,False,0,0.0,0.0,0.0
1790795273.466,8.7,67.7,0,18979470,0.0,155.0,0,0,0,0,False,0,0.0,0.0,0.0
1790795274.466,7.1,67.7,0,0,0.0,0.0,0,0,0,0,False,0,0.0,0.0,0.0
1790795275.466,7.1,67.7,0,0,0.0,0.0,0,0,0,0,False,0,0.0,0.0,0.0
1790795276.466,11.1,67.6,0,0,0.0,0.0,0,0,0,0,False,0,0.0,0.0,0.0
1790795277.466,6.9,67.7,0,0,0.0,0.0,0,0,0,0,False,0,0.0,0.0,0.0
1790795278.466,7.0,67.6,0,13912987,0.0,109.0,0,0,0,0,False,0,0.0,0.0,0.0
1790795279.466,6.8,67.6,0,0,0.0,0.0,0,0,0,0,False,0,0.0,0.0,0.0
1790795280.467,9.5,67.6,0,0,0.0,0.0,0,0,0,0,False,0,0.0,0.0,0.0
1790795281.467,6.9,67.4,0,0,0.0,0.0,0,0,0,0,False,0,0.0,0.0,0.0
1790795282.467,7.0,67.4,0,0,0.0,0.0,0,0,0,0,False,0,0.0,0.0,0.0
1790795283.467,7.4,67.4,0,0,0.0,0.0,0,0,0,0,False,0,0.0,0.0,0.0
1790795284.467,6.8,67.3,0,2846512,0.0,30.0,0,0,0,0,False,0,0.0,0.0,0.0
1790795285.467,7.0,67.3,0,0,0.0,0.0,0,0,0,0,False,0,0.0,0.0,0.0
1790795286.467,6.5,67.2,0,86008,0.0,10.0,0,0,0,0,False,0,0.0,0.0,0.0
1790795287.467,6.8,67.1,0,0,0.0,0.0,0,0,0,0,False,0,0.0,0.0,0.0
1790795288.467,11.3,67.5,0,1286050,0.0,17.0,0,0,0,0,False,0,0.0,0.0,0.0
1790795289.467,10.3,67.6,0,200690,0.0,14.0,0,0,0,0,False,0,0.0,0.0,0.0
1790795290.467,23.4,68.0,0,32766,0.0,1.0,0,0,0,0,False,0,0.0,0.0,0.0
1790795291.467,38.4,68.3,0,0,0.0,0.0,3,2,0,3,False,0,0.0,0.0,0.0
1790795292.467,26.9,68.5,0,0,0.0,0.0,1,1,0,1,False,0,0.0,0.0,0.0
1790795293.468,60.8,68.4,0,0,0.0,0.0,1,8,0,1,False,0,0.0,0.0,0.0
1790795294.468,12.8,68.3,0,49150,0.0,2.0,0,0,0,0,False,0,0.0,0.0,0.0
1790795295.468,6.6,68.2,0,630739,0.0,6.0,0,0,0,0,False,0,0.0,0.0,0.0
1790795296.468,6.6,68.1,0,0,0.0,0.0,0,0,0,0,False,0,0.0,0.0,0.0
1790795297.468,6.4,68.1,0,0,0.0,0.0,0,0,0,0,False,0,0.0,0.0,0.0
1790795298.468,12.2,68.0,0,32766,0.0,1.0,0,0,0,0,False,0,0.0,0.0,0.0
1790795299.468,25.3,68.4,0,18987214,0.0,154.0,0,0,0,0,False,0,0.0,0.0,0.0
1790795300.468,15.6,67.6,0,16383,0.0,1.0,0,0,0,0,False,0,0.0,0.0,0.0
1790795301.468,7.8,67.6,0,0,0.0,0.0,0,0,0,0,False,0,0.0,0.0,0.0
1790795302.468,7.3,67.6,0,0,0.0,0.0,0,0,0,0,False,0,0.0,0.0,0.0
1790795303.468,7.1,67.4,0,847811,0.0,15.0,0,0,0,0,False,0,0.0,0.0,0.0
1790795304.468,11.3,67.3,0,13773751,0.0,107.0,0,0,0,0,False,0,0.0,0.0,0.0
1790795305.468,7.0,67.3,0,8191,0.0,1.0,0,0,0,0,False,0,0.0,0.0,0.0
1790795306.469,6.6,67.3,0,0,0.0,0.0,0,0,0,0,False,0,0.0,0.0,0.0
1790795307.469,6.6,67.3,0,0,0.0,0.0,0,0,0,0,False,0,0.0,0.0,0.0
1790795308.469,8.6,67.2,0,0,0.0,0.0,0,0,0,0,False,0,0.0,0.0,0.0
1790795309.469,7.3,67.2,0,745407,0.0,84.0,0,0,0,0,False,0,0.0,0.0,0.0
1790795310.469,6.8,67.2,0,0,0.0,0.0,0,0,0,0,False,0,0.0,0.0,0.0
1790795311.469,7.2,67.2,0,0,0.0,0.0,0,0,0,0,False,0,0.0,0.0,0.0
1790795312.469,9.4,67.2,0,0,0.0,0.0,0,0,0,0,False,0,0.0,0.0,0.0
1790795313.469,7.1,67.2,0,0,0.0,0.0,0,0,0,0,False,0,0.0,0.0,0.0
1790795314.469,6.9,67.2,0,0,0.0,0.0,0,0,0,0,False,0,0.0,0.0,0.0
1790795315.469,7.1,67.2,0,2944797,0.0,28.0,0,0,0,0,False,0,0.0,0.0,0.0
1790795316.469,6.9,67.2,0,0,0.0,0.0,0,0,0,0,False,0,0.0,0.0,0.0
1790795317.469,6.9,67.1,0,126967,0.0,13.0,0,0,0,0,False,0,0.0,0.0,0.0
1790795318.469,7.5,66.7,0,172020,0.0,27.0,0,0,0,0,False,0,0.0,0.0,0.0
1790795319.470,15.4,66.9,0,12717152,0.0,102.0,0,0,0,0,False,0,0.0,0.0,0.0
1790795320.470,24.6,67.3,0,1359756,0.0,15.0,2,0,0,2,False,0,0.0,0.0,0.0
1790795321.470,22.8,66.6,0,16383,0.0,1.0,0,0,0,0,False,0,0.0,0.0,0.0
1790795322.470,7.0,66.6,0,0,0.0,0.0,0,0,0,0,False,0,0.0,0.0,0.0
1790795323.470,9.1,66.6,0,0,0.0,0.0,0,0,0,0,False,0,0.0,0.0,0.0
1790795324.470,7.4,66.6,0,675786,0.0,7.0,0,0,0,0,False,0,0.0,0.0,0.0
1790795325.470,6.8,66.6,0,0,0.0,0.0,0,0,0,0,False,0,0.0,0.0,0.0
1790795326.470,7.0,66.6,0,0,0.0,0.0,0,0,0,0,False,0,0.0,0.0,0.0
1790795327.470,6.6,66.6,0,0,0.0,0.0,0,0,0,0,False,0,0.0,0.0,0.0
1790795328.470,7.0,66.6,0,0,0.0,0.0,0,0,0,0,False,0,0.0,0.0,0.0
1790795329.470,7.2,66.6,0,0,0.0,0.0,0,0,0,0,False,0,0.0,0.0,0.0
1790795330.470,6.7,66.6,0,73723,0.0,6.0,0,0,0,0,False,0,0.0,0.0,0.0
1790795331.470,7.2,66.6,0,0,0.0,0.0,0,0,0,0,False,0,0.0,0.0,0.0
1790795332.471,7.0,66.6,0,0,0.0,0.0,0,0,0,0,False,0,0.0,0.0,0.0
1790795333.471,9.4,67.0,0,0,0.0,0.0,0,0,0,0,False,0,0.0,0.0,0.0
1790795334.471,11.9,67.0,0,0,0.0,0.0,0,0,0,0,False,0,0.0,0.0,0.0
1790795335.471,6.7,67.0,0,430047,0.0,10.0,0,0,0,0,False,0,0.0,0.0,0.0
1790795336.471,7.2,67.0,0,0,0.0,0.0,0,0,0,0,False,0,0.0,0.0,0.0
1790795337.471,6.8,67.0,0,90106,0.0,2.0,0,0,0,0,False,0,0.0,0.0,0.0
1790795338.471,6.7,67.0,0,0,0.0,0.0,0,0,0,0,False,0,0.0,0.0,0.0
1790795339.471,6.7,67.0,0,0,0.0,0.0,0,0,0,0,False,0,0.0,0.0,0.0
1790795340.471,6.8,66.9,0,745420,0.0,92.0,0,0,0,0,False,0,0.0,0.0,0.0
1790795341.471,6.8,66.9,0,0,0.0,0.0,0,0,0,0,False,0,0.0,0.0,0.0
1790795342.471,7.2,66.8,0,0,0.0,0.0,0,0,0,0,False,0,0.0,0.0,0.0
1790795343.471,7.8,66.8,0,0,0.0,0.0,0,0,0,0,False,0,0.0,0.0,0.0
1790795344.471,9.8,67.1,0,0,0.0,0.0,0,0,0,0,False,0,0.0,0.0,0.0
1790795345.471,23.2,67.5,0,32766,0.0,1.0,0,0,0,0,False,0,0.0,0.0,0.0
1790795346.472,26.9,67.6,0,2678586,0.0,30.0,1,0,0,1,False,0,0.0,0.0,0.0
1790795347.472,21.6,67.6,0,0,0.0,0.0,1,1,0,1,False,0,0.0,0.0,0.0
1790795348.472,20.1,67.7,0,1318817,0.0,20.0,1,1,0,1,False,0,0.0,0.0,0.0
1790795349.472,26.7,68.4,0,339942,0.0,7.0,1,1,0,1,False,0,0.0,0.0,0.0
1790795350.472,21.4,68.8,0,110582,0.0,7.0,1,1,0,1,False,0,0.0,0.0,0.0
1790795351.472,20.6,68.5,0,94201,0.0,7.0,1,1,0,1,False,0,0.0,0.0,0.0
1790795352.472,20.2,68.6,0,0,0.0,0.0,0,0,0,0,False,0,0.0,0.0,0.0
1790795353.472,12.7,68.3,0,49149,0.0,2.0,0,0,0,0,False,0,0.0,0.0,0.0
1790795354.472,7.4,68.3,0,0,0.0,0.0,0,0,0,0,False,0,0.0,0.0,0.0
1790795355.472,7.0,68.2,0,73723,0.0,1.0,0,0,0,0,False,0,0.0,0.0,0.0
1790795356.472,12.3,68.2,0,241646,0.0,4.0,0,0,0,0,False,0,0.0,0.0,0.0
1790795357.472,24.5,68.6,0,0,0.0,0.0,0,0,0,0,False,0,0.0,0.0,0.0
1790795358.472,26.2,68.8,0,0,0.0,0.0,0,0,0,0,False,0,0.0,0.0,0.0
1790795359.472,14.0,68.6,0,49148,0.0,2.0,0,0,0,0,False,0,0.0,0.0,0.0
1790795360.473,6.9,68.5,0,0,0.0,0.0,0,0,0,0,False,0,0.0,0.0,0.0
1790795361.473,6.8,68.3,0,593904,0.0,9.0,0,0,0,0,False,0,0.0,0.0,0.0
1790795362.473,6.9,68.2,0,0,0.0,0.0,0,0,0,0,False,0,0.0,0.0,0.0
1790795363.473,7.5,68.2,0,0,0.0,0.0,0,0,0,0,False,0,0.0,0.0,0.0
1790795364.473,11.4,68.1,0,0,0.0,0.0,0,0,0,0,False,0,0.0,0.0,0.0
1790795365.473,7.1,68.0,0,0,0.0,0.0,0,0,0,0,False,0,0.0,0.0,0.0
1790795366.473,6.8,68.0,0,597973,0.0,13.0,0,0,0,0,False,0,0.0,0.0,0.0
1790795367.473,8.8,68.0,0,0,0.0,0.0,0,0,0,0,False,0,0.0,0.0,0.0
1790795368.473,6.7,67.9,0,0,0.0,0.0,0,0,0,0,False,0,0.0,0.0,0.0
1790795369.473,6.8,67.8,0,1236902,0.0,10.0,0,0,0,0,False,0,0.0,0.0,0.0
1790795370.473,6.7,67.7,0,0,0.0,0.0,0,0,0,0,False,0,0.0,0.0,0.0
1790795371.473,7.6,67.7,0,0,0.0,0.0,0,0,0,0,False,0,0.0,0.0,0.0
1790795372.473,6.4,67.7,0,69627,0.0,2.0,0,0,0,0,False,0,0.0,0.0,0.0
1790795373.473,7.1,67.6,0,0,0.0,0.0,0,0,0,0,False,0,0.0,0.0,0.0
1790795374.474,10.1,67.4,0,32766,0.0,1.0,0,0,0,0,False,0,0.0,0.0,0.0
1790795375.474,23.5,68.1,0,0,0.0,0.0,0,0,0,0,False,0,0.0,0.0,0.0
1790795376.474,14.5,67.4,0,49149,0.0,2.0,0,0,0,0,False,0,0.0,0.0,0.0
1790795377.474,7.9,67.4,0,2948874,0.0,29.0,0,0,0,0,False,0,0.0,0.0,0.0
1790795378.474,6.4,67.4,0,307177,0.0,17.0,0,0,0,0,False,0,0.0,0.0,0.0
1790795379.474,22.4,67.2,0,1056687,0.0,127.0,0,0,0,0,False,0,0.0,0.0,0.0
1790795380.474,30.3,67.5,0,65531,0.0,2.0,1,1,0,1,False,0,0.0,0.0,0.0
1790795381.474,37.9,68.0,0,45053,0.0,3.0,0,0,0,0,False,0,0.0,0.0,0.0
1790795382.474,15.4,68.0,0,1392539,0.0,18.0,0,0,0,0,False,0,0.0,0.0,0.0
1790795383.474,8.4,67.9,0,0,0.0,0.0,0,0,0,0,False,0,0.0,0.0,0.0
1790795384.474,6.9,67.9,0,0,0.0,0.0,0,0,0,0,False,0,0.0,0.0,0.0
1790795385.474,6.7,67.8,0,692171,0.0,7.0,0,0,0,0,False,0,0.0,0.0,0.0
1790795386.474,6.4,67.7,0,0,0.0,0.0,0,0,0,0,False,0,0.0,0.0,0.0
1790795387.474,6.9,67.6,0,176115,0.0,4.0,0,0,0,0,False,0,0.0,0.0,0.0
1790795388.475,6.6,67.5,0,0,0.0,0.0,0,0,0,0,False,0,0.0,0.0,0.0
1790795389.475,13.9,67.5,0,32765,0.0,1.0,0,0,0,0,False,0,0.0,0.0,0.0
1790795390.475,23.5,67.8,0,0,0.0,0.0,0,0,0,0,False,0,0.0,0.0,0.0
1790795391.475,12.2,67.2,0,217069,0.0,5.0,0,0,0,0,False,0,0.0,0.0,0.0
1790795392.475,7.4,67.2,0,196594,0.0,3.0,0,0,0,0,False,0,0.0,0.0,0.0
1790795393.475,11.5,67.7,0,0,0.0,0.0,0,0,0,0,False,0,0.0,0.0,0.0
1790795394.475,10.3,67.7,0,98297,0.0,3.0,0,0,0,0,False,0,0.0,0.0,0.0
1790795395.475,12.0,68.2,0,106488,0.0,3.0,0,0,0,0,False,0,0.0,0.0,0.0
1790795396.475,20.8,68.4,0,229360,0.0,13.0,0,0,0,0,False,0,0.0,0.0,0.0
1790795397.475,23.9,68.5,0,888770,0.0,13.0,1,0,0,1,False,0,0.0,0.0,0.0
1790795398.475,9.3,68.2,0,49148,0.0,2.0,0,0,0,0,False,0,0.0,0.0,0.0
1790795399.475,7.1,68.2,0,0,0.0,0.0,0,0,0,0,False,0,0.0,0.0,0.0
1790795400.475,7.4,68.2,0,12287,0.0,3.0,0,0,0,0,False,0,0.0,0.0,0.0
1790795401.476,6.9,68.2,0,0,0.0,0.0,0,0,0,0,False,0,0.0,0.0,0.0
1790795402.476,19.3,68.6,0,319477,0.0,8.0,0,0,0,0,False,0,0.0,0.0,0.0
1790795403.476,19.3,68.6,0,53244,0.0,3.0,0,0,0,0,False,0,0.0,0.0,0.0
1790795404.476,7.5,68.6,86010,0,11.0,0.0,0,0,0,0,False,0,0.0,0.0,0.0
1790795405.476,6.7,68.6,0,0,0.0,0.0,0,0,0,0,False,0,0.0,0.0,0.0
1790795406.476,6.9,68.5,0,0,0.0,0.0,0,0,0,0,False,0,0.0,0.0,0.0
1790795407.476,7.5,68.3,0,3108636,0.0,31.0,0,0,0,0,False,0,0.0,0.0,0.0
1790795408.476,8.2,68.2,0,2166626,0.0,23.0,0,0,0,0,False,0,0.0,0.0,0.0
1790795409.476,7.0,68.2,0,106488,0.0,10.0,0,0,0,0,False,0,0.0,0.0,0.0
1790795410.476,6.6,68.2,0,0,0.0,0.0,0,0,0,0,False,0,0.0,0.0,0.0
1790795411.476,9.0,68.1,0,16383,0.0,1.0,0,0,0,0,False,0,0.0,0.0,0.0
1790795412.476,6.9,68.0,0,90105,0.0,1.0,0,0,0,0,False,0,0.0,0.0,0.0
1790795413.476,7.4,67.9,0,0,0.0,0.0,0,0,0,0,False,0,0.0,0.0,0.0
1790795414.476,7.5,67.8,0,0,0.0,0.0,0,0,0,0,False,0,0.0,0.0,0.0
1790795415.477,7.6,67.8,0,962489,0.0,128.0,0,0,0,0,False,0,0.0,0.0,0.0
1790795416.477,6.8,67.7,0,0,0.0,0.0,0,0,0,0,False,0,0.0,0.0,0.0
1790795417.477,6.8,67.7,0,1236903,0.0,10.0,0,0,0,0,False,0,0.0,0.0,0.0
1790795418.477,6.8,67.7,0,0,0.0,0.0,0,0,0,0,False,0,0.0,0.0,0.0
1790795419.477,6.9,67.6,4096,0,1.0,0.0,0,0,0,0,False,0,0.0,0.0,0.0
1790795420.477,6.9,67.6,0,0,0.0,0.0,0,0,0,0,False,0,0.0,0.0,0.0
1790795421.477,6.9,67.6,0,0,0.0,0.0,0,0,0,0,False,0,0.0,0.0,0.0
1790795422.477,10.4,67.6,0,122871,0.0,3.0,0,0,0,0,False,0,0.0,0.0,0.0
1790795423.477,10.1,67.4,0,8191,0.0,2.0,0,0,0,0,False,0,0.0,0.0,0.0
1790795424.477,7.3,67.4,0,208880,0.0,27.0,0,0,0,0,False,0,0.0,0.0,0.0
1790795425.477,8.2,67.2,0,0,0.0,0.0,0,0,0,0,False,0,0.0,0.0,0.0
1790795426.477,7.2,67.2,0,0,0.0,0.0,0,0,0,0,False,0,0.0,0.0,0.0
1790795427.477,7.0,67.2,0,0,0.0,0.0,0,0,0,0,False,0,0.0,0.0,0.0
1790795428.477,7.3,67.2,0,1466263,0.0,24.0,0,0,0,0,False,0,0.0,0.0,0.0
1790795429.478,7.4,67.2,0,0,0.0,0.0,0,0,0,0,False,0,0.0,0.0,0.0
1790795430.478,6.9,67.2,0,245752,0.0,8.0,0,0,0,0,False,0,0.0,0.0,0.0
1790795431.478,7.0,67.1,0,0,0.0,0.0,0,0,0,0,False,0,0.0,0.0,0.0
1790795432.478,7.1,67.1,0,122871,0.0,4.0,0,0,0,0,False,0,0.0,0.0,0.0
1790795433.478,7.6,67.1,0,114679,0.0,10.0,0,0,0,0,False,0,0.0,0.0,0.0
1790795434.478,7.8,67.2,0,0,0.0,0.0,0,0,0,0,False,0,0.0,0.0,0.0
1790795435.478,7.1,67.2,0,8191,0.0,2.0,0,0,0,0,False,0,0.0,0.0,0.0
1790795436.478,6.9,67.1,0,0,0.0,0.0,0,0,0,0,False,0,0.0,0.0,0.0
1790795437.478,7.0,67.1,0,0,0.0,0.0,0,0,0,0,False,0,0.0,0.0,0.0
1790795438.478,7.4,67.0,0,2142046,0.0,24.0,0,0,0,0,False,0,0.0,0.0,0.0
1790795439.478,7.5,66.9,0,0,0.0,0.0,0,0,0,0,False,0,0.0,0.0,0.0
1790795440.478,7.2,67.0,0,1236893,0.0,10.0,0,0,0,0,False,0,0.0,0.0,0.0
1790795441.478,9.3,66.9,0,0,0.0,0.0,0,0,0,0,False,0,0.0,0.0,0.0
1790795442.478,7.0,66.9,0,16384,0.0,1.0,0,0,0,0,False,0,0.0,0.0,0.0
1790795443.479,7.4,66.9,0,0,0.0,0.0,0,0,0,0,False,0,0.0,0.0,0.0
1790795444.479,7.2,66.9,0,73724,0.0,2.0,0,0,0,0,False,0,0.0,0.0,0.0
1790795445.479,7.6,66.9,0,0,0.0,0.0,0,0,0,0,False,0,0.0,0.0,0.0
1790795446.479,11.1,67.0,0,0,0.0,0.0,0,0,0,0,False,0,0.0,0.0,0.0
1790795447.479,7.1,67.0,0,0,0.0,0.0,0,0,0,0,False,0,0.0,0.0,0.0
1790795448.479,6.8,67.0,0,180211,0.0,4.0,0,0,0,0,False,0,0.0,0.0,0.0
1790795449.479,8.0,67.0,0,0,0.0,0.0,0,0,0,0,False,0,0.0,0.0,0.0
1790795450.479,12.3,67.1,8191,0,2.0,0.0,0,0,0,0,False,0,0.0,0.0,0.0
1790795451.479,7.9,67.4,0,163828,0.0,6.0,0,0,0,0,False,0,0.0,0.0,0.0
1790795452.479,12.0,67.4,0,57340,0.0,6.0,0,0,0,0,False,0,0.0,0.0,0.0
1790795453.479,10.1,67.7,0,286700,0.0,58.0,0,0,0,0,False,0,0.0,0.0,0.0
1790795454.479,7.0,67.6,0,0,0.0,0.0,0,0,0,0,False,0,0.0,0.0,0.0
1790795455.479,6.9,67.6,0,0,0.0,0.0,0,0,0,0,False,0,0.0,0.0,0.0
1790795456.479,6.6,67.6,0,131060,0.0,10.0,0,0,0,0,False,0,0.0,0.0,0.0
1790795457.480,6.6,67.6,0,0,0.0,0.0,0,0,0,0,False,0,0.0,0.0,0.0
1790795458.480,9.2,67.5,0,0,0.0,0.0,0,0,0,0,False,0,0.0,0.0,0.0
1790795459.480,6.8,67.5,0,12287,0.0,3.0,0,0,0,0,False,0,0.0,0.0,0.0
1790795460.480,6.8,67.5,0,421855,0.0,5.0,0,0,0,0,False,0,0.0,0.0,0.0
1790795461.480,6.6,67.4,0,0,0.0,0.0,0,0,0,0,False,0,0.0,0.0,0.0
1790795462.480,6.6,67.4,0,0,0.0,0.0,0,0,0,0,False,0,0.0,0.0,0.0
1790795463.480,7.0,67.4,0,0,0.0,0.0,0,0,0,0,False,0,0.0,0.0,0.0
1790795464.480,8.1,67.3,0,0,0.0,0.0,0,0,0,0,False,0,0.0,0.0,0.0
1790795465.480,6.8,67.3,0,0,0.0,0.0,0,0,0,0,False,0,0.0,0.0,0.0
1790795466.480,8.9,67.3,0,49149,0.0,2.0,0,0,0,0,False,0,0.0,0.0,0.0
1790795467.480,7.2,67.3,0,0,0.0,0.0,0,0,0,0,False,0,0.0,0.0,0.0
1790795468.480,7.7,67.3,0,184307,0.0,9.0,0,0,0,0,False,0,0.0,0.0,0.0
1790795469.481,7.1,67.2,0,3518212,0.0,50.0,0,0,0,0,False,0,0.0,0.0,0.0
1790795470.481,6.8,67.2,0,1236907,0.0,10.0,0,0,0,0,False,0,0.0,0.0,0.0
1790795471.481,6.8,67.2,0,0,0.0,0.0,0,0,0,0,False,0,0.0,0.0,0.0
1790795472.481,7.1,67.2,0,0,0.0,0.0,0,0,0,0,False,0,0.0,0.0,0.0
1790795473.481,7.1,67.2,0,16383,0.0,1.0,0,0,0,0,False,0,0.0,0.0,0.0
1790795474.481,6.9,67.2,0,176115,0.0,18.0,0,0,0,0,False,0,0.0,0.0,0.0
1790795475.481,6.8,67.2,0,0,0.0,0.0,0,0,0,0,False,0,0.0,0.0,0.0
1790795476.481,6.6,67.2,0,0,0.0,0.0,0,0,0,0,False,0,0.0,0.0,0.0
1790795477.481,10.0,67.2,0,32766,0.0,1.0,0,0,0,0,False,0,0.0,0.0,0.0
1790795478.481,24.0,67.9,0,0,0.0,0.0,0,0,0,0,False,0,0.0,0.0,0.0
1790795479.481,22.3,68.0,0,0,0.0,0.0,1,1,0,1,False,0,0.0,0.0,0.0
1790795480.481,15.9,68.1,0,692169,0.0,16.0,0,0,0,0,False,0,0.0,0.0,0.0
1790795481.481,11.5,68.1,0,118776,0.0,5.0,0,0,0,0,False,0,0.0,0.0,0.0
1790795482.481,7.0,68.1,0,0,0.0,0.0,0,0,0,0,False,0,0.0,0.0,0.0
1790795483.482,7.3,67.9,0,0,0.0,0.0,0,0,0,0,False,0,0.0,0.0,0.0
1790795484.482,7.2,67.9,0,1388456,0.0,15.0,0,0,0,0,False,0,0.0,0.0,0.0
1790795485.482,9.1,67.7,0,0,0.0,0.0,0,0,0,0,False,0,0.0,0.0,0.0
1790795486.482,7.0,67.6,0,0,0.0,0.0,0,0,0,0,False,0,0.0,0.0,0.0
1790795487.482,8.0,67.5,0,1666937,0.0,109.0,0,0,0,0,False,0,0.0,0.0,0.0
1790795488.482,6.9,67.4,0,0,0.0,0.0,0,0,0,0,False,0,0.0,0.0,0.0
1790795489.482,6.8,67.3,0,126966,0.0,10.0,0,0,0,0,False,0,0.0,0.0,0.0
1790795490.482,6.8,67.3,0,860091,0.0,18.0,0,0,0,0,False,0,0.0,0.0,0.0
1790795491.482,6.8,67.3,0,0,0.0,0.0,0,0,0,0,False,0,0.0,0.0,0.0
1790795492.482,6.8,67.3,0,0,0.0,0.0,0,0,0,0,False,0,0.0,0.0,0.0
1790795493.482,7.0,67.0,0,0,0.0,0.0,0,0,0,0,False,0,0.0,0.0,0.0
1790795494.482,7.2,67.0,0,12287,0.0,1.0,0,0,0,0,False,0,0.0,0.0,0.0
1790795495.482,7.3,67.0,0,73723,0.0,2.0,0,0,0,0,False,0,0.0,0.0,0.0
1790795496.483,6.7,67.0,0,0,0.0,0.0,0,0,0,0,False,0,0.0,0.0,0.0
1790795497.483,6.8,67.0,0,0,0.0,0.0,0,0,0,0,False,0,0.0,0.0,0.0
1790795498.483,6.6,66.9,0,0,0.0,0.0,0,0,0,0,False,0,0.0,0.0,0.0
1790795499.483,6.9,66.9,0,2813753,0.0,29.0,0,0,0,0,False,0,0.0,0.0,0.0
1790795500.483,6.7,66.9,0,0,0.0,0.0,0,0,0,0,False,0,0.0,0.0,0.0
1790795501.483,9.0,66.8,0,36861,0.0,2.0,0,0,0,0,False,0,0.0,0.0,0.0
1790795502.483,6.9,66.7,0,925629,0.0,9.0,0,0,0,0,False,0,0.0,0.0,0.0
1790795503.483,10.9,66.9,0,65531,0.0,5.0,0,0,0,0,False,0,0.0,0.0,0.0
1790795504.483,22.6,67.3,0,32766,0.0,1.0,0,0,0,0,False,0,0.0,0.0,0.0
1790795505.483,20.7,66.7,0,49148,0.0,2.0,0,0,0,0,False,0,0.0,0.0,0.0
1790795506.483,7.2,66.7,0,0,0.0,0.0,0,0,0,0,False,0,0.0,0.0,0.0
1790795507.483,7.0,66.7,0,0,0.0,0.0,0,0,0,0,False,0,0.0,0.0,0.0
1790795508.483,6.8,66.6,0,0,0.0,0.0,0,0,0,0,False,0,0.0,0.0,0.0
1790795509.483,10.5,66.6,0,298987,0.0,4.0,0,0,0,0,False,0,0.0,0.0,0.0
1790795510.484,7.4,66.5,0,0,0.0,0.0,0,0,0,0,False,0,0.0,0.0,0.0
1790795511.484,8.8,66.5,0,0,0.0,0.0,0,0,0,0,False,0,0.0,0.0,0.0
1790795512.484,7.7,66.5,0,0,0.0,0.0,0,0,0,0,False,0,0.0,0.0,0.0
1790795513.484,9.0,67.1,0,0,0.0,0.0,0,0,0,0,False,0,0.0,0.0,0.0
1790795514.484,7.7,67.1,0,53244,0.0,2.0,0,0,0,0,False,0,0.0,0.0,0.0
1790795515.484,7.4,67.1,0,0,0.0,0.0,0,0,0,0,False,0,0.0,0.0,0.0
1790795516.484,7.0,67.1,0,0,0.0,0.0,0,0,0,0,False,0,0.0,0.0,0.0
1790795517.484,6.9,67.1,0,380901,0.0,74.0,0,0,0,0,False,0,0.0,0.0,0.0
1790795518.484,7.0,67.1,0,114679,0.0,14.0,0,0,0,0,False,0,0.0,0.0,0.0
1790795519.484,18.1,67.5,0,233455,0.0,5.0,0,0,0,0,False,0,0.0,0.0,0.0
1790795520.484,30.5,67.8,0,0,0.0,0.0,2,1,0,2,False,0,0.0,0.0,0.0
1790795521.484,17.5,67.1,0,622547,0.0,13.0,0,0,0,0,False,0,0.0,0.0,0.0
1790795522.484,7.1,67.1,0,0,0.0,0.0,0,0,0,0,False,0,0.0,0.0,0.0
1790795523.484,7.6,67.2,0,667600,0.0,15.0,0,0,0,0,False,0,0.0,0.0,0.0
1790795524.485,7.1,67.1,0,0,0.0,0.0,0,0,0,0,False,0,0.0,0.0,0.0
1790795525.485,7.0,67.1,0,0,0.0,0.0,0,0,0,0,False,0,0.0,0.0,0.0
1790795526.485,7.1,67.1,0,0,0.0,0.0,0,0,0,0,False,0,0.0,0.0,0.0
1790795527.485,7.9,67.1,0,0,0.0,0.0,0,0,0,0,False,0,0.0,0.0,0.0
1790795528.485,6.8,67.1,0,1261474,0.0,14.0,0,0,0,0,False,0,0.0,0.0,0.0
1790795529.485,18.4,67.5,0,32766,0.0,1.0,0,0,0,0,False,0,0.0,0.0,0.0
1790795530.485,36.7,68.5,0,2236244,0.0,24.0,1,0,0,1,False,0,0.0,0.0,0.0
1790795531.485,27.7,68.0,0,16383,0.0,1.0,1,0,0,1,False,0,0.0,0.0,0.0
1790795532.485,9.4,67.4,0,49148,0.0,2.0,0,0,0,0,False,0,0.0,0.0,0.0
1790795533.485,7.1,67.4,4096,376804,1.0,14.0,0,0,0,0,False,0,0.0,0.0,0.0
1790795534.485,7.7,67.4,0,16383,0.0,1.0,0,0,0,0,False,0,0.0,0.0,0.0
1790795535.485,6.7,67.3,0,0,0.0,0.0,0,0,0,0,False,0,0.0,0.0,0.0
1790795536.485,17.5,67.6,0,32766,0.0,1.0,0,0,0,0,False,0,0.0,0.0,0.0
1790795537.485,30.7,67.9,0,0,0.0,0.0,3,1,0,3,False,0,0.0,0.0,0.0
1790795538.486,31.9,68.3,0,602065,0.0,6.0,1,1,0,1,False,0,0.0,0.0,0.0
1790795539.488,45.0,68.3,0,19996907,0.0,169.7,1,17,0,1,False,0,0.0,0.0,0.0
1790795540.488,32.8,68.0,0,16382,0.0,1.0,0,0,0,0,False,0,0.0,0.0,0.0
1790795541.488,6.8,67.9,0,0,0.0,0.0,0,0,0,0,False,0,0.0,0.0,0.0
1790795542.488,8.7,67.9,0,0,0.0,0.0,0,0,0,0,False,0,0.0,0.0,0.0
1790795543.488,7.6,67.8,0,0,0.0,0.0,0,0,0,0,False,0,0.0,0.0,0.0
1790795544.488,7.6,67.7,0,13773850,0.0,107.0,0,0,0,0,False,0,0.0,0.0,0.0
1790795545.488,8.0,67.7,0,180211,0.0,4.0,0,0,0,0,False,0,0.0,0.0,0.0
1790795546.488,6.6,67.6,0,0,0.0,0.0,0,0,0,0,False,0,0.0,0.0,0.0
1790795547.488,6.6,67.6,0,0,0.0,0.0,0,0,0,0,False,0,0.0,0.0,0.0
1790795548.488,10.7,67.4,0,0,0.0,0.0,0,0,0,0,False,0,0.0,0.0,0.0
1790795549.488,7.3,67.3,0,831420,0.0,96.0,0,0,0,0,False,0,0.0,0.0,0.0
1790795550.488,7.2,67.2,0,0,0.0,0.0,0,0,0,0,False,0,0.0,0.0,0.0
1790795551.489,24.3,67.5,0,98297,0.0,3.0,0,0,0,0,False,0,0.0,0.0,0.0
1790795552.489,49.8,68.6,0,65533,0.0,2.0,2,1,0,2,False,0,0.0,0.0,0.0
1790795553.489,62.2,68.9,0,851884,0.0,14.0,2,1,0,2,False,0,0.0,0.0,0.0
1790795554.489,63.9,69.0,0,708530,0.0,8.0,4,1,0,4,False,0,0.0,0.0,0.0
1790795555.489,49.7,69.1,0,0,0.0,0.0,3,3,0,3,False,0,0.0,0.0,0.0
1790795556.489,33.0,68.0,0,12286,0.0,3.0,2,2,0,2,False,0,0.0,0.0,0.0
1790795557.489,72.9,67.8,0,45052,0.0,2.0,1,1,0,1,False,0,0.0,0.0,0.0
1790795558.489,21.9,67.8,0,0,0.0,0.0,1,1,0,1,False,0,0.0,0.0,0.0
1790795559.489,35.4,68.4,0,32765,0.0,1.0,1,1,0,1,False,0,0.0,0.0,0.0
1790795560.489,48.0,68.6,0,581584,0.0,6.0,4,2,0,4,False,0,0.0,0.0,0.0
1790795561.489,46.0,68.7,0,3268294,0.0,29.0,2,2,0,2,False,0,0.0,0.0,0.0
1790795562.490,28.1,68.6,0,0,0.0,0.0,1,0,0,1,False,0,0.0,0.0,0.0
1790795563.490,55.5,68.1,0,45052,0.0,2.0,0,0,0,0,False,0,0.0,0.0,0.0
1790795564.490,16.2,68.3,0,32765,0.0,1.0,0,0,0,0,False,0,0.0,0.0,0.0
1790795565.490,23.9,68.3,0,19864189,0.0,167.0,1,0,0,1,False,0,0.0,0.0,0.0
1790795566.490,10.1,67.7,0,12287,0.0,1.0,0,0,0,0,False,0,0.0,0.0,0.0
1790795567.490,6.8,67.7,0,0,0.0,0.0,0,0,0,0,False,0,0.0,0.0,0.0
1790795568.490,6.7,67.6,0,0,0.0,0.0,0,0,0,0,False,0,0.0,0.0,0.0
1790795569.490,14.8,67.5,0,32766,0.0,1.0,0,0,0,0,False,0,0.0,0.0,0.0
1790795570.490,23.6,68.0,0,13990829,0.0,109.0,0,0,0,0,False,0,0.0,0.0,0.0
1790795571.490,10.9,67.3,0,49148,0.0,3.0,0,0,0,0,False,0,0.0,0.0,0.0
1790795572.490,20.4,67.8,0,32766,0.0,1.0,0,0,0,0,False,0,0.0,0.0,0.0
1790795573.490,26.0,68.3,0,0,0.0,0.0,1,0,0,1,False,0,0.0,0.0,0.0
1790795574.491,9.1,67.7,0,49148,0.0,3.0,0,0,0,0,False,0,0.0,0.0,0.0
1790795575.491,6.8,67.6,0,335861,0.0,4.0,0,0,0,0,False,0,0.0,0.0,0.0
1790795576.491,7.5,67.5,0,0,0.0,0.0,0,0,0,0,False,0,0.0,0.0,0.0
1790795577.491,10.0,67.5,0,0,0.0,0.0,0,0,0,0,False,0,0.0,0.0,0.0
1790795578.491,8.8,67.6,0,110583,0.0,10.0,0,0,0,0,False,0,0.0,0.0,0.0
1790795579.491,22.8,68.0,0,32766,0.0,1.0,0,0,0,0,False,0,0.0,0.0,0.0
1790795580.491,19.5,67.4,0,716741,0.0,90.0,0,0,0,0,False,0,0.0,0.0,0.0
1790795581.491,7.1,67.4,0,0,0.0,0.0,0,0,0,0,False,0,0.0,0.0,0.0
1790795582.491,6.9,67.3,0,0,0.0,0.0,0,0,0,0,False,0,0.0,0.0,0.0
1790795583.491,6.9,67.3,0,1916791,0.0,21.0,0,0,0,0,False,0,0.0,0.0,0.0
1790795584.491,7.1,67.3,0,180211,0.0,3.0,0,0,0,0,False,0,0.0,0.0,0.0
1790795585.491,7.4,67.4,0,0,0.0,0.0,0,0,0,0,False,0,0.0,0.0,0.0
1790795586.491,21.2,67.7,0,36861,0.0,2.0,0,0,0,0,False,0,0.0,0.0,0.0
1790795587.492,39.0,68.1,0,32765,0.0,1.0,3,2,0,3,False,0,0.0,0.0,0.0
1790795588.492,48.3,69.0,0,98296,0.0,3.0,1,1,0,1,False,0,0.0,0.0,0.0
1790795589.492,62.3,70.1,0,643020,0.0,7.0,1,0,0,1,False,0,0.0,0.0,0.0
1790795590.492,75.3,70.0,0,18909654,0.0,158.0,0,0,0,0,False,0,0.0,0.0,0.0
1790795591.492,50.7,69.4,0,1040303,0.0,15.0,2,2,0,2,False,0,0.0,0.0,0.0
1790795592.492,25.9,69.6,0,2412365,0.0,25.0,1,1,0,1,False,0,0.0,0.0,0.0
1790795593.492,68.9,69.5,0,0,0.0,0.0,0,0,0,0,False,0,0.0,0.0,0.0
1790795594.492,10.5,69.1,0,12287,0.0,1.0,0,0,0,0,False,0,0.0,0.0,0.0
1790795595.492,7.5,69.0,0,0,0.0,0.0,0,0,0,0,False,0,0.0,0.0,0.0
1790795596.492,7.1,68.8,0,626639,0.0,6.0,0,0,0,0,False,0,0.0,0.0,0.0
1790795597.492,6.9,68.7,0,17062675,0.0,131.0,0,0,0,0,False,0,0.0,0.0,0.0
1790795598.492,17.4,68.8,0,32766,0.0,1.0,0,0,0,0,False,0,0.0,0.0,0.0
1790795599.492,24.2,69.0,0,0,0.0,0.0,1,0,0,1,False,0,0.0,0.0,0.0
1790795600.493,10.8,68.3,0,45053,0.0,2.0,0,0,0,0,False,0,0.0,0.0,0.0
1790795601.493,6.8,68.3,0,0,0.0,0.0,0,0,0,0,False,0,0.0,0.0,0.0
1790795602.493,7.1,68.2,0,196592,0.0,3.0,0,0,0,0,False,0,0.0,0.0,0.0
1790795603.493,8.9,68.0,0,0,0.0,0.0,0,0,0,0,False,0,0.0,0.0,0.0
1790795604.493,7.4,67.8,0,0,0.0,0.0,0,0,0,0,False,0,0.0,0.0,0.0
1790795605.493,10.2,67.8,0,0,0.0,0.0,0,0,0,0,False,0,0.0,0.0,0.0
1790795606.493,6.8,67.7,0,0,0.0,0.0,0,0,0,0,False,0,0.0,0.0,0.0
1790795607.493,6.7,67.7,0,12287,0.0,1.0,0,0,0,0,False,0,0.0,0.0,0.0
1790795608.493,7.2,67.7,0,0,0.0,0.0,0,0,0,0,False,0,0.0,0.0,0.0
1790795609.493,11.1,67.6,0,73723,0.0,3.0,0,0,0,0,False,0,0.0,0.0,0.0
1790795610.493,24.2,68.4,0,0,0.0,0.0,0,0,0,0,False,0,0.0,0.0,0.0
1790795611.493,29.5,67.6,0,45052,0.0,2.0,0,0,0,0,False,0,0.0,0.0,0.0
1790795612.493,11.0,67.7,0,835526,0.0,11.0,0,0,0,0,False,0,0.0,0.0,0.0
1790795613.494,24.6,68.5,0,0,0.0,0.0,0,0,0,0,False,0,0.0,0.0,0.0
1790795614.494,39.8,68.5,0,589787,0.0,6.0,1,1,0,1,False,0,0.0,0.0,0.0
1790795615.494,23.6,68.0,0,1916792,0.0,80.0,0,0,0,0,False,0,0.0,0.0,0.0
1790795616.494,6.9,68.0,0,0,0.0,0.0,0,0,0,0,False,0,0.0,0.0,0.0
1790795617.494,6.4,68.0,0,0,0.0,0.0,0,0,0,0,False,0,0.0,0.0,0.0
1790795618.494,7.3,67.9,0,729035,0.0,31.0,0,0,0,0,False,0,0.0,0.0,0.0
1790795619.494,7.3,67.6,0,0,0.0,0.0,0,0,0,0,False,0,0.0,0.0,0.0
1790795620.494,8.1,67.9,4096,0,1.0,0.0,0,0,0,0,False,0,0.0,0.0,0.0
1790795621.494,6.9,67.9,0,188402,0.0,4.0,0,0,0,0,False,0,0.0,0.0,0.0
1790795622.494,6.7,67.9,0,4173527,0.0,46.0,0,0,0,0,False,0,0.0,0.0,0.0
1790795623.494,9.2,67.9,0,0,0.0,0.0,0,0,0,0,False,0,0.0,0.0,0.0
1790795624.494,36.5,68.7,0,241644,0.0,6.0,0,0,0,0,False,0,0.0,0.0,0.0
1790795625.494,43.0,69.2,0,0,0.0,0.0,2,3,0,2,False,0,0.0,0.0,0.0
1790795626.494,29.9,68.5,0,45053,0.0,2.0,1,1,0,1,False,0,0.0,0.0,0.0
1790795627.495,16.7,68.5,0,0,0.0,0.0,1,1,0,1,False,0,0.0,0.0,0.0
1790795628.495,19.4,68.5,0,0,0.0,0.0,1,1,0,1,False,0,0.0,0.0,0.0
1790795629.495,21.9,68.5,0,266220,0.0,3.0,1,1,0,1,False,0,0.0,0.0,0.0
1790795630.495,19.9,68.4,0,1564552,0.0,21.0,1,1,0,1,False,0,0.0,0.0,0.0
1790795631.495,17.6,68.4,0,0,0.0,0.0,1,1,0,1,False,0,0.0,0.0,0.0
1790795632.495,16.3,67.5,14056460,23173499,612.0,209.0,0,0,0,0,False,0,0.0,0.0,0.0
1790795633.495,7.4,67.5,0,0,0.0,0.0,0,0,0,0,False,0,0.0,0.0,0.0
1790795634.495,7.1,67.5,0,0,0.0,0.0,0,0,0,0,False,0,0.0,0.0,0.0
1790795635.495,6.8,67.5,0,0,0.0,0.0,0,0,0,0,False,0,0.0,0.0,0.0
1790795636.495,6.6,67.4,0,0,0.0,0.0,0,0,0,0,False,0,0.0,0.0,0.0
1790795637.495,7.6,67.4,0,0,0.0,0.0,0,0,0,0,False,0,0.0,0.0,0.0
1790795638.495,7.4,67.3,0,180211,0.0,3.0,0,0,0,0,False,0,0.0,0.0,0.0
1790795639.495,6.7,67.4,0,0,0.0,0.0,0,0,0,0,False,0,0.0,0.0,0.0
1790795640.496,11.8,67.4,0,32766,0.0,1.0,0,0,0,0,False,0,0.0,0.0,0.0
1790795641.496,30.8,68.3,0,65532,0.0,2.0,0,0,0,0,False,0,0.0,0.0,0.0
1790795642.496,33.7,68.4,0,45053,0.0,2.0,0,0,0,0,False,0,0.0,0.0,0.0
1790795643.496,34.0,68.5,0,77818,0.0,3.0,0,0,0,0,False,0,0.0,0.0,0.0
1790795644.496,42.0,69.0,0,32765,0.0,1.0,1,1,0,1,False,0,0.0,0.0,0.0
1790795645.496,30.9,68.8,0,626641,0.0,7.0,1,0,0,1,False,0,0.0,0.0,0.0
1790795646.496,9.6,68.2,0,1298336,0.0,19.0,0,0,0,0,False,0,0.0,0.0,0.0
1790795647.496,8.8,68.2,0,0,0.0,0.0,0,0,0,0,False,0,0.0,0.0,0.0
1790795648.496,7.9,68.1,0,16383,0.0,4.0,0,0,0,0,False,0,0.0,0.0,0.0
1790795649.496,11.8,68.3,0,1286047,0.0,151.0,0,0,0,0,False,0,0.0,0.0,0.0
1790795650.496,8.9,68.5,0,147445,0.0,12.0,0,0,0,0,False,0,0.0,0.0,0.0
1790795651.496,7.4,68.4,0,0,0.0,0.0,0,0,0,0,False,0,0.0,0.0,0.0
1790795652.496,7.3,68.3,0,16383,0.0,1.0,0,0,0,0,False,0,0.0,0.0,0.0
1790795653.496,7.1,68.3,0,2506567,0.0,22.0,0,0,0,0,False,0,0.0,0.0,0.0
1790795654.497,9.4,68.3,0,0,0.0,0.0,0,0,0,0,False,0,0.0,0.0,0.0
1790795655.497,11.9,68.3,0,90105,0.0,3.0,0,0,0,0,False,0,0.0,0.0,0.0
1790795656.497,38.4,69.2,0,65530,0.0,2.0,0,0,0,0,False,0,0.0,0.0,0.0
1790795657.497,33.7,68.8,0,196591,0.0,4.0,0,0,0,0,False,0,0.0,0.0,0.0
1790795658.497,8.3,68.0,0,45053,0.0,2.0,0,0,0,0,False,0,0.0,0.0,0.0
1790795659.497,18.0,68.5,0,32765,0.0,1.0,0,0,0,0,False,0,0.0,0.0,0.0
1790795660.497,25.0,68.7,0,622543,0.0,6.0,2,1,0,2,False,0,0.0,0.0,0.0
1790795661.497,19.3,68.2,0,45053,0.0,2.0,0,0,0,0,False,0,0.0,0.0,0.0
1790795662.497,7.9,68.2,0,0,0.0,0.0,0,0,0,0,False,0,0.0,0.0,0.0
1790795663.497,7.2,68.2,0,4096,0.0,1.0,0,0,0,0,False,0,0.0,0.0,0.0
1790795664.497,8.4,68.1,0,19192396,0.0,176.0,0,0,0,0,False,0,0.0,0.0,0.0
1790795665.497,7.3,68.2,0,0,0.0,0.0,0,0,0,0,False,0,0.0,0.0,0.0
1790795666.498,21.7,68.6,0,32766,0.0,1.0,0,0,0,0,False,0,0.0,0.0,0.0
1790795667.498,32.8,69.0,0,65532,0.0,2.0,1,0,0,1,False,0,0.0,0.0,0.0
1790795668.498,42.8,69.6,0,0,0.0,0.0,1,1,0,1,False,0,0.0,0.0,0.0
1790795669.498,34.8,69.5,0,1974100,0.0,17.0,2,2,0,2,False,0,0.0,0.0,0.0
1790795670.498,27.6,68.9,0,45053,0.0,2.0,1,1,0,1,False,0,0.0,0.0,0.0
1790795671.498,18.9,68.8,0,0,0.0,0.0,1,1,0,1,False,0,0.0,0.0,0.0
1790795672.498,25.1,68.8,0,0,0.0,0.0,1,1,0,1,False,0,0.0,0.0,0.0
1790795673.498,25.6,69.0,0,32765,0.0,1.0,1,1,0,1,False,0,0.0,0.0,0.0
1790795674.498,35.2,68.9,0,516054,0.0,6.0,0,0,0,0,False,0,0.0,0.0,0.0
1790795675.498,16.6,68.2,0,45052,0.0,2.0,0,0,0,0,False,0,0.0,0.0,0.0
1790795676.498,18.5,68.5,0,200688,0.0,5.0,0,0,0,0,False,0,0.0,0.0,0.0
1790795677.498,39.9,69.0,0,65528,0.0,2.0,3,1,0,3,False,0,0.0,0.0,0.0
1790795678.499,48.7,69.5,0,2211628,0.0,43.0,2,2,0,2,False,0,0.0,0.0,0.0
1790795679.500,37.3,68.5,0,49093,0.0,3.0,1,0,0,1,False,0,0.0,0.0,0.0
1790795680.500,53.3,68.0,0,1073064,0.0,97.0,0,0,0,0,False,0,0.0,0.0,0.0
1790795681.500,11.9,68.3,0,0,0.0,0.0,0,0,0,0,False,0,0.0,0.0,0.0
1790795682.500,9.3,68.7,0,180211,0.0,12.0,0,0,0,0,False,0,0.0,0.0,0.0
1790795683.500,8.4,68.7,0,45495103,0.0,358.0,0,0,0,0,False,0,0.0,0.0,0.0
1790795684.500,10.0,68.6,0,3120921,0.0,36.0,0,0,0,0,False,0,0.0,0.0,0.0
1790795685.500,7.2,68.5,0,0,0.0,0.0,0,0,0,0,False,0,0.0,0.0,0.0
1790795686.500,7.2,68.5,0,0,0.0,0.0,0,0,0,0,False,0,0.0,0.0,0.0
1790795687.500,6.9,68.5,0,0,0.0,0.0,0,0,0,0,False,0,0.0,0.0,0.0
1790795688.500,7.0,68.4,0,10792149,0.0,87.0,0,0,0,0,False,0,0.0,0.0,0.0
1790795689.501,7.1,68.4,0,0,0.0,0.0,0,0,0,0,False,0,0.0,0.0,0.0
1790795690.501,7.4,68.4,0,0,0.0,0.0,0,0,0,0,False,0,0.0,0.0,0.0
1790795691.501,7.8,68.4,0,0,0.0,0.0,0,0,0,0,False,0,0.0,0.0,0.0
1790795692.501,7.9,68.4,0,0,0.0,0.0,0,0,0,0,False,0,0.0,0.0,0.0
1790795693.501,7.3,68.4,0,118775,0.0,2.0,0,0,0,0,False,0,0.0,0.0,0.0
1790795694.501,7.6,68.4,4096,57340,1.0,3.0,0,0,0,0,False,0,0.0,0.0,0.0
1790795695.501,8.4,68.6,0,4096,0.0,2.0,0,0,0,0,False,0,0.0,0.0,0.0
1790795696.501,6.7,68.5,0,0,0.0,0.0,0,0,0,0,False,0,0.0,0.0,0.0
1790795697.501,6.8,68.5,0,0,0.0,0.0,0,0,0,0,False,0,0.0,0.0,0.0
1790795698.501,8.0,68.4,0,0,0.0,0.0,0,0,0,0,False,0,0.0,0.0,0.0
1790795699.501,22.3,69.0,0,143349,0.0,5.0,0,0,0,0,False,0,0.0,0.0,0.0
1790795700.501,41.6,69.0,0,12287,0.0,3.0,3,2,0,3,False,0,0.0,0.0,0.0
1790795701.501,28.2,69.1,0,0,0.0,0.0,1,1,0,1,False,0,0.0,0.0,0.0
1790795702.502,59.9,69.1,0,0,0.0,0.0,1,15,0,1,False,0,0.0,0.0,0.0
1790795703.502,24.6,68.5,0,77817,0.0,3.0,0,0,0,0,False,0,0.0,0.0,0.0
1790795704.502,24.9,69.0,0,0,0.0,0.0,0,0,0,0,False,0,0.0,0.0,0.0
1790795705.502,15.2,68.4,0,708551,0.0,9.0,0,0,0,0,False,0,0.0,0.0,0.0
1790795706.502,6.9,68.4,0,0,0.0,0.0,0,0,0,0,False,0,0.0,0.0,0.0
1790795707.502,7.3,68.4,0,1871737,0.0,20.0,0,0,0,0,False,0,0.0,0.0,0.0
1790795708.502,6.6,68.4,0,20032075,0.0,172.0,0,0,0,0,False,0,0.0,0.0,0.0
1790795709.502,6.6,68.3,0,0,0.0,0.0,0,0,0,0,False,0,0.0,0.0,0.0
1790795710.502,6.8,68.3,0,503772,0.0,38.0,0,0,0,0,False,0,0.0,0.0,0.0
1790795711.502,7.6,68.2,0,896958,0.0,118.0,0,0,0,0,False,0,0.0,0.0,0.0
1790795712.502,7.1,68.2,0,90105,0.0,1.0,0,0,0,0,False,0,0.0,0.0,0.0
1790795713.502,6.8,68.1,0,13773804,0.0,107.0,0,0,0,0,False,0,0.0,0.0,0.0
1790795714.503,6.6,68.1,0,3890910,0.0,37.0,0,0,0,0,False,0,0.0,0.0,0.0
1790795715.503,7.2,68.1,0,0,0.0,0.0,0,0,0,0,False,0,0.0,0.0,0.0
1790795716.503,9.1,68.1,0,0,0.0,0.0,0,0,0,0,False,0,0.0,0.0,0.0
1790795717.503,22.4,68.6,0,1449880,0.0,15.0,0,0,0,0,False,0,0.0,0.0,0.0
1790795718.503,31.3,69.1,0,45053,0.0,2.0,0,0,0,0,False,0,0.0,0.0,0.0
1790795719.503,27.5,69.4,0,0,0.0,0.0,1,0,0,1,False,0,0.0,0.0,0.0
1790795720.503,24.4,69.4,4096,0,1.0,0.0,1,1,0,1,False,0,0.0,0.0,0.0
1790795721.503,19.3,69.4,0,0,0.0,0.0,1,1,0,1,False,0,0.0,0.0,0.0
1790795722.503,22.2,69.3,0,364516,0.0,4.0,1,1,0,1,False,0,0.0,0.0,0.0
1790795723.503,30.7,69.9,0,98297,0.0,3.0,1,1,0,1,False,0,0.0,0.0,0.0
1790795724.503,51.3,70.8,0,188401,0.0,5.0,1,1,0,1,False,0,0.0,0.0,0.0
1790795725.503,69.8,70.8,0,126966,0.0,14.0,4,2,0,4,False,0,0.0,0.0,0.0
1790795726.503,68.2,70.8,0,12287,0.0,1.0,2,2,0,2,False,0,0.0,0.0,0.0
1790795727.503,59.1,70.2,0,24574,0.0,2.0,1,0,0,1,False,0,0.0,0.0,0.0
1790795728.504,21.7,69.8,65530,45052,1.0,2.0,0,0,0,0,False,0,0.0,0.0,0.0
1790795729.504,6.8,69.7,0,0,0.0,0.0,0,0,0,0,False,0,0.0,0.0,0.0
1790795730.504,7.0,69.6,0,638928,0.0,6.0,0,0,0,0,False,0,0.0,0.0,0.0
1790795731.504,7.1,69.5,0,4096,0.0,1.0,0,0,0,0,False,0,0.0,0.0,0.0
1790795732.504,7.9,69.4,0,4096,0.0,1.0,0,0,0,0,False,0,0.0,0.0,0.0
1790795733.504,7.2,69.3,0,0,0.0,0.0,0,0,0,0,False,0,0.0,0.0,0.0
1790795734.504,7.0,69.3,0,0,0.0,0.0,0,0,0,0,False,0,0.0,0.0,0.0
1790795735.504,7.3,69.2,0,0,0.0,0.0,0,0,0,0,False,0,0.0,0.0,0.0
1790795736.504,12.4,69.3,0,32766,0.0,1.0,0,0,0,0,False,0,0.0,0.0,0.0
1790795737.504,24.6,69.5,0,0,0.0,0.0,0,0,0,0,False,0,0.0,0.0,0.0
1790795738.504,45.9,69.3,0,921533,0.0,8.0,1,1,0,1,False,0,0.0,0.0,0.0
1790795739.504,29.0,68.9,0,1417098,0.0,22.0,0,0,0,0,False,0,0.0,0.0,0.0
1790795740.504,10.2,68.9,0,1867640,0.0,16.0,0,0,0,0,False,0,0.0,0.0,0.0
1790795741.505,11.1,68.8,0,32766,0.0,1.0,0,0,0,0,False,0,0.0,0.0,0.0
1790795742.505,26.9,69.3,0,0,0.0,0.0,0,0,0,0,False,0,0.0,0.0,0.0
1790795743.505,36.4,68.6,0,61435,0.0,5.0,0,0,0,0,False,0,0.0,0.0,0.0
1790795744.505,7.0,68.6,0,0,0.0,0.0,0,0,0,0,False,0,0.0,0.0,0.0
1790795745.505,6.9,68.6,0,237551,0.0,3.0,0,0,0,0,False,0,0.0,0.0,0.0
1790795746.505,7.0,68.6,0,0,0.0,0.0,0,0,0,0,False,0,0.0,0.0,0.0
1790795747.505,7.2,68.6,0,0,0.0,0.0,0,0,0,0,False,0,0.0,0.0,0.0
1790795748.505,6.9,68.5,0,819141,0.0,98.0,0,0,0,0,False,0,0.0,0.0,0.0
1790795749.505,7.1,68.4,0,221168,0.0,3.0,0,0,0,0,False,0,0.0,0.0,0.0
1790795750.505,12.2,68.6,0,2842420,0.0,31.0,0,0,0,0,False,0,0.0,0.0,0.0
1790795751.505,9.0,68.8,0,208880,0.0,12.0,0,0,0,0,False,0,0.0,0.0,0.0
1790795752.505,7.1,68.5,0,0,0.0,0.0,0,0,0,0,False,0,0.0,0.0,0.0
1790795753.505,9.5,68.7,0,0,0.0,0.0,0,0,0,0,False,0,0.0,0.0,0.0
1790795754.505,9.3,68.8,0,0,0.0,0.0,0,0,0,0,False,0,0.0,0.0,0.0
1790795755.506,7.3,68.7,0,0,0.0,0.0,0,0,0,0,False,0,0.0,0.0,0.0
1790795756.506,7.0,68.7,0,135158,0.0,10.0,0,0,0,0,False,0,0.0,0.0,0.0
1790795757.506,6.9,68.6,0,0,0.0,0.0,0,0,0,0,False,0,0.0,0.0,0.0
1790795758.506,7.9,68.6,0,0,0.0,0.0,0,0,0,0,False,0,0.0,0.0,0.0
1790795759.506,7.4,68.4,0,0,0.0,0.0,0,0,0,0,False,0,0.0,0.0,0.0
1790795760.506,8.6,68.5,0,0,0.0,0.0,0,0,0,0,False,0,0.0,0.0,0.0
1790795761.506,27.0,69.1,0,98296,0.0,3.0,0,0,0,0,False,0,0.0,0.0,0.0
1790795762.506,41.6,70.0,0,0,0.0,0.0,1,0,0,1,False,0,0.0,0.0,0.0
1790795763.506,18.3,68.7,0,57340,0.0,3.0,0,0,0,0,False,0,0.0,0.0,0.0
1790795764.506,8.0,68.6,0,0,0.0,0.0,0,0,0,0,False,0,0.0,0.0,0.0
1790795765.506,7.7,68.6,0,249837,0.0,4.0,0,0,0,0,False,0,0.0,0.0,0.0
1790795766.506,12.5,68.7,0,69627,0.0,3.0,0,0,0,0,False,0,0.0,0.0,0.0
1790795767.507,40.1,69.7,0,65524,0.0,2.0,0,0,0,0,False,0,0.0,0.0,0.0
1790795768.507,65.3,70.4,0,65526,0.0,2.0,5,3,0,5,False,0,0.0,0.0,0.0
1790795769.507,66.5,71.1,0,708533,0.0,8.0,2,2,0,2,False,0,0.0,0.0,0.0
1790795770.508,61.7,70.6,0,54239044,0.0,444.7,1,0,0,1,False,0,0.0,0.0,0.0
1790795771.508,64.5,70.3,0,860070,0.0,9.0,1,0,0,1,False,0,0.0,0.0,0.0
1790795772.508,9.9,70.0,0,12287,0.0,1.0,0,0,0,0,False,0,0.0,0.0,0.0
1790795773.508,8.1,69.9,0,0,0.0,0.0,0,0,0,0,False,0,0.0,0.0,0.0
1790795774.508,11.0,69.8,0,0,0.0,0.0,0,0,0,0,False,0,0.0,0.0,0.0
1790795775.508,7.2,69.7,0,8387944,0.0,64.0,0,0,0,0,False,0,0.0,0.0,0.0
1790795776.508,6.8,69.6,0,0,0.0,0.0,0,0,0,0,False,0,0.0,0.0,0.0
1790795777.508,6.7,69.6,0,204786,0.0,3.0,0,0,0,0,False,0,0.0,0.0,0.0
1790795778.508,6.6,69.5,0,0,0.0,0.0,0,0,0,0,False,0,0.0,0.0,0.0
1790795779.508,6.8,69.3,0,0,0.0,0.0,0,0,0,0,False,0,0.0,0.0,0.0
1790795780.508,10.7,69.2,0,438236,0.0,29.0,0,0,0,0,False,0,0.0,0.0,0.0
1790795781.508,24.1,69.2,0,2985778,0.0,31.0,0,0,0,0,False,0,0.0,0.0,0.0
1790795782.509,18.0,68.4,0,872385,0.0,108.0,0,0,0,0,False,0,0.0,0.0,0.0
1790795783.509,7.0,68.4,0,0,0.0,0.0,0,0,0,0,False,0,0.0,0.0,0.0
1790795784.509,7.2,68.4,0,0,0.0,0.0,0,0,0,0,False,0,0.0,0.0,0.0
1790795785.509,6.6,68.3,0,0,0.0,0.0,0,0,0,0,False,0,0.0,0.0,0.0
1790795786.509,7.5,68.2,0,1531796,0.0,15.0,0,0,0,0,False,0,0.0,0.0,0.0
1790795787.509,7.0,68.1,0,0,0.0,0.0,0,0,0,0,False,0,0.0,0.0,0.0
1790795788.509,6.9,68.1,0,4096,0.0,1.0,0,0,0,0,False,0,0.0,0.0,0.0
1790795789.509,6.7,68.1,0,413665,0.0,5.0,0,0,0,0,False,0,0.0,0.0,0.0
1790795790.509,6.6,68.0,0,0,0.0,0.0,0,0,0,0,False,0,0.0,0.0,0.0
1790795791.509,6.6,68.0,0,0,0.0,0.0,0,0,0,0,False,0,0.0,0.0,0.0
1790795792.509,7.5,67.9,0,0,0.0,0.0,0,0,0,0,False,0,0.0,0.0,0.0
1790795793.509,10.0,67.7,0,0,0.0,0.0,0,0,0,0,False,0,0.0,0.0,0.0
1790795794.509,6.9,67.6,0,0,0.0,0.0,0,0,0,0,False,0,0.0,0.0,0.0
1790795795.509,20.6,68.1,0,118775,0.0,3.0,0,0,0,0,False,0,0.0,0.0,0.0
1790795796.510,23.9,68.3,0,143349,0.0,2.0,0,0,0,0,False,0,0.0,0.0,0.0
1790795797.510,9.4,67.6,0,45053,0.0,2.0,0,0,0,0,False,0,0.0,0.0,0.0
1790795798.510,26.4,68.1,0,32766,0.0,1.0,0,0,0,0,False,0,0.0,0.0,0.0
1790795799.510,27.5,68.2,0,0,0.0,0.0,1,1,0,1,False,0,0.0,0.0,0.0
1790795800.510,15.1,67.8,0,905144,0.0,13.0,0,0,0,0,False,0,0.0,0.0,0.0
1790795801.510,6.6,67.8,0,1068980,0.0,14.0,0,0,0,0,False,0,0.0,0.0,0.0
1790795802.510,6.8,67.8,0,0,0.0,0.0,0,0,0,0,False,0,0.0,0.0,0.0
1790795803.510,7.2,67.8,0,0,0.0,0.0,0,0,0,0,False,0,0.0,0.0,0.0
1790795804.510,8.0,67.8,0,0,0.0,0.0,0,0,0,0,False,0,0.0,0.0,0.0
1790795805.510,23.4,68.2,356326,573398,12.0,7.0,0,0,0,0,False,0,0.0,0.0,0.0
1790795806.510,20.1,68.5,0,0,0.0,0.0,0,0,0,0,False,0,0.0,0.0,0.0
1790795807.510,7.0,67.6,0,49148,0.0,2.0,0,0,0,0,False,0,0.0,0.0,0.0
1790795808.510,6.9,67.6,0,0,0.0,0.0,0,0,0,0,False,0,0.0,0.0,0.0
1790795809.510,7.3,67.5,0,0,0.0,0.0,0,0,0,0,False,0,0.0,0.0,0.0
1790795810.511,7.0,67.6,0,258029,0.0,13.0,0,0,0,0,False,0,0.0,0.0,0.0
1790795811.511,10.3,67.6,0,0,0.0,0.0,0,0,0,0,False,0,0.0,0.0,0.0
1790795812.511,25.9,68.2,0,2674489,0.0,30.0,0,0,0,0,False,0,0.0,0.0,0.0
1790795813.511,46.9,69.5,0,0,0.0,0.0,2,1,0,2,False,0,0.0,0.0,0.0
1790795814.511,35.7,68.1,0,65531,0.0,3.0,0,0,0,0,False,0,0.0,0.0,0.0
1790795815.511,6.8,68.1,0,0,0.0,0.0,0,0,0,0,False,0,0.0,0.0,0.0
1790795816.511,6.8,68.1,0,0,0.0,0.0,0,0,0,0,False,0,0.0,0.0,0.0
1790795817.511,7.8,68.0,0,909248,0.0,51.0,0,0,0,0,False,0,0.0,0.0,0.0
1790795818.511,6.9,68.0,0,0,0.0,0.0,0,0,0,0,False,0,0.0,0.0,0.0
1790795819.511,6.6,68.0,0,0,0.0,0.0,0,0,0,0,False,0,0.0,0.0,0.0
1790795820.511,6.8,67.9,0,0,0.0,0.0,0,0,0,0,False,0,0.0,0.0,0.0
1790795821.512,8.5,67.9,12287,0,3.0,0.0,0,0,0,0,False,0,0.0,0.0,0.0
1790795822.512,6.9,67.8,0,0,0.0,0.0,0,0,0,0,False,0,0.0,0.0,0.0
1790795823.512,18.3,68.2,0,2056042,0.0,22.0,0,0,0,0,False,0,0.0,0.0,0.0
1790795824.512,24.3,68.5,0,0,0.0,0.0,2,0,0,2,False,0,0.0,0.0,0.0
1790795825.512,14.8,67.7,0,49148,0.0,2.0,0,0,0,0,False,0,0.0,0.0,0.0
1790795826.512,6.9,67.7,0,0,0.0,0.0,0,0,0,0,False,0,0.0,0.0,0.0
1790795827.512,10.0,67.8,0,4096,0.0,1.0,0,0,0,0,False,0,0.0,0.0,0.0
1790795828.512,6.9,67.7,0,602068,0.0,6.0,0,0,0,0,False,0,0.0,0.0,0.0
1790795829.512,10.3,67.8,0,0,0.0,0.0,0,0,0,0,False,0,0.0,0.0,0.0
1790795830.512,7.8,67.8,0,0,0.0,0.0,0,0,0,0,False,0,0.0,0.0,0.0
1790795831.512,14.0,67.9,0,49149,0.0,2.0,0,0,0,0,False,0,0.0,0.0,0.0
1790795832.512,25.3,68.5,0,1384336,0.0,18.0,1,0,0,1,False,0,0.0,0.0,0.0
1790795833.512,13.7,67.8,0,49148,0.0,2.0,0,0,0,0,False,0,0.0,0.0,0.0
1790795834.512,13.3,68.0,0,32766,0.0,1.0,0,0,0,0,False,0,0.0,0.0,0.0
1790795835.513,25.1,68.5,0,0,0.0,0.0,1,0,0,1,False,0,0.0,0.0,0.0
1790795836.513,18.4,67.9,0,704488,0.0,11.0,0,0,0,0,False,0,0.0,0.0,0.0
1790795837.513,28.1,68.7,0,32765,0.0,1.0,1,0,0,1,False,0,0.0,0.0,0.0
1790795838.513,29.7,68.6,0,32766,0.0,1.0,0,0,0,0,False,0,0.0,0.0,0.0
1790795839.513,22.8,68.7,0,0,0.0,0.0,1,1,0,1,False,0,0.0,0.0,0.0
1790795840.513,17.0,68.2,0,36861,0.0,2.0,0,0,0,0,False,0,0.0,0.0,0.0
1790795841.513,8.9,68.2,0,622547,0.0,6.0,0,0,0,0,False,0,0.0,0.0,0.0
1790795842.513,7.0,68.2,0,2113390,0.0,20.0,0,0,0,0,False,0,0.0,0.0,0.0
1790795843.513,8.6,68.1,0,86010,0.0,10.0,0,0,0,0,False,0,0.0,0.0,0.0
1790795844.513,7.5,68.0,0,0,0.0,0.0,0,0,0,0,False,0,0.0,0.0,0.0
1790795845.513,21.1,68.4,0,32766,0.0,1.0,0,0,0,0,False,0,0.0,0.0,0.0
1790795846.513,29.5,68.6,0,0,0.0,0.0,1,1,0,1,False,0,0.0,0.0,0.0
1790795847.513,16.8,68.1,0,36861,0.0,2.0,0,0,0,0,False,0,0.0,0.0,0.0
1790795848.513,7.1,68.1,0,253932,0.0,35.0,0,0,0,0,False,0,0.0,0.0,0.0
1790795849.514,8.4,68.0,0,782281,0.0,10.0,0,0,0,0,False,0,0.0,0.0,0.0
1790795850.514,7.1,68.0,0,0,0.0,0.0,0,0,0,0,False,0,0.0,0.0,0.0
1790795851.514,6.6,68.0,0,0,0.0,0.0,0,0,0,0,False,0,0.0,0.0,0.0
1790795852.514,9.9,67.9,0,0,0.0,0.0,0,0,0,0,False,0,0.0,0.0,0.0
1790795853.514,7.1,67.8,0,12287,0.0,3.0,0,0,0,0,False,0,0.0,0.0,0.0
1790795854.514,7.2,67.7,0,49148,0.0,3.0,0,0,0,0,False,0,0.0,0.0,0.0
1790795855.514,6.7,67.7,0,0,0.0,0.0,0,0,0,0,False,0,0.0,0.0,0.0
1790795856.514,10.3,67.7,0,0,0.0,0.0,0,0,0,0,False,0,0.0,0.0,0.0
1790795857.514,7.7,67.6,0,0,0.0,0.0,0,0,0,0,False,0,0.0,0.0,0.0
1790795858.514,6.5,67.6,0,0,0.0,0.0,0,0,0,0,False,0,0.0,0.0,0.0
1790795859.514,6.6,67.5,0,0,0.0,0.0,0,0,0,0,False,0,0.0,0.0,0.0
1790795860.514,6.7,67.5,0,0,0.0,0.0,0,0,0,0,False,0,0.0,0.0,0.0
1790795861.514,13.0,67.9,1200033,36861,48.0,2.0,0,0,0,0,False,0,0.0,0.0,0.0
1790795862.515,8.1,67.9,0,16383,0.0,1.0,0,0,0,0,False,0,0.0,0.0,0.0
1790795863.515,7.9,67.9,0,2342729,0.0,28.0,0,0,0,0,False,0,0.0,0.0,0.0
1790795864.515,6.7,67.9,0,0,0.0,0.0,0,0,0,0,False,0,0.0,0.0,0.0
1790795865.515,6.7,67.8,0,0,0.0,0.0,0,0,0,0,False,0,0.0,0.0,0.0
1790795866.515,6.7,67.8,0,45052,0.0,2.0,0,0,0,0,False,0,0.0,0.0,0.0
1790795867.515,6.8,67.8,0,0,0.0,0.0,0,0,0,0,False,0,0.0,0.0,0.0
1790795868.515,6.8,67.7,0,0,0.0,0.0,0,0,0,0,False,0,0.0,0.0,0.0
1790795869.515,6.8,67.7,0,0,0.0,0.0,0,0,0,0,False,0,0.0,0.0,0.0
1790795870.515,9.7,67.7,18758347,22903205,777.9,213.0,0,0,0,0,False,0,0.0,0.0,0.0
1790795871.515,6.8,67.6,4096,0,1.0,0.0,0,0,0,0,False,0,0.0,0.0,0.0
1790795872.515,10.1,67.6,7134725,10718470,185.0,103.0,0,0,0,0,False,0,0.0,0.0,0.0
1790795873.515,7.8,67.6,0,2793248,0.0,28.0,0,0,0,0,False,0,0.0,0.0,0.0
1790795874.515,6.9,67.5,0,0,0.0,0.0,0,0,0,0,False,0,0.0,0.0,0.0
1790795875.515,6.8,67.5,0,0,0.0,0.0,0,0,0,0,False,0,0.0,0.0,0.0
1790795876.516,11.4,67.7,0,221168,0.0,6.0,0,0,0,0,False,0,0.0,0.0,0.0
1790795877.516,24.8,68.4,0,42481676,0.0,330.0,0,0,0,0,False,0,0.0,0.0,0.0
1790795878.516,18.3,67.6,0,368613,0.0,14.0,0,0,0,0,False,0,0.0,0.0,0.0
1790795879.516,6.7,67.5,0,0,0.0,0.0,0,0,0,0,False,0,0.0,0.0,0.0
1790795880.516,6.9,67.6,0,1028018,0.0,143.0,0,0,0,0,False,0,0.0,0.0,0.0
1790795881.516,26.5,68.5,0,98297,0.0,3.0,0,0,0,0,False,0,0.0,0.0,0.0
1790795882.516,41.8,69.3,0,0,0.0,0.0,2,0,0,2,False,0,0.0,0.0,0.0
1790795883.516,24.9,68.1,0,40957,0.0,3.0,0,0,0,0,False,0,0.0,0.0,0.0
1790795884.516,7.8,68.1,0,602068,0.0,6.0,0,0,0,0,False,0,0.0,0.0,0.0
1790795885.516,6.8,68.1,0,0,0.0,0.0,0,0,0,0,False,0,0.0,0.0,0.0
1790795886.516,6.6,68.1,0,0,0.0,0.0,0,0,0,0,False,0,0.0,0.0,0.0
1790795887.516,19.0,68.6,0,32766,0.0,1.0,0,0,0,0,False,0,0.0,0.0,0.0
1790795888.516,31.2,69.0,0,69627,0.0,3.0,1,0,0,1,False,0,0.0,0.0,0.0
1790795889.517,27.4,68.9,0,4096,0.0,1.0,1,0,0,1,False,0,0.0,0.0,0.0
1790795890.517,24.7,69.1,0,344031,0.0,8.0,0,0,0,0,False,0,0.0,0.0,0.0
1790795891.517,29.5,70.2,0,278479,0.0,9.0,0,0,0,0,False,0,0.0,0.0,0.0
1790795892.517,29.6,70.3,0,98295,0.0,7.0,0,0,0,0,False,0,0.0,0.0,0.0
1790795893.517,29.3,70.2,0,16383,0.0,1.0,1,1,0,1,False,0,0.0,0.0,0.0
1790795894.517,18.3,69.5,0,102391,0.0,3.0,0,0,0,0,False,0,0.0,0.0,0.0
1790795895.517,21.3,69.7,0,1474452,0.0,19.0,0,0,0,0,False,0,0.0,0.0,0.0
1790795896.517,25.3,69.6,0,4096,0.0,1.0,0,0,0,0,False,0,0.0,0.0,0.0
1790795897.517,21.2,69.4,0,688079,0.0,8.0,0,0,0,0,False,0,0.0,0.0,0.0
1790795898.517,27.2,69.6,0,65530,0.0,2.0,1,0,0,1,False,0,0.0,0.0,0.0
1790795899.517,29.0,69.4,0,4096,0.0,1.0,0,0,0,0,False,0,0.0,0.0,0.0
1790795900.517,27.5,69.7,0,65531,0.0,2.0,1,1,0,1,False,0,0.0,0.0,0.0
1790795901.518,41.6,69.7,0,73722,0.0,3.0,0,0,0,0,False,0,0.0,0.0,0.0
1790795902.518,46.0,70.1,0,688076,0.0,9.0,1,0,0,1,False,0,0.0,0.0,0.0
1790795903.518,34.0,69.8,0,73722,0.0,3.0,1,0,0,1,False,0,0.0,0.0,0.0
1790795904.518,35.5,70.4,0,2608956,0.0,28.0,0,0,0,0,False,0,0.0,0.0,0.0
1790795905.518,74.9,70.7,0,65529,0.0,2.0,3,3,0,3,False,0,0.0,0.0,0.0
1790795906.518,67.8,71.7,0,749398,0.0,16.0,3,1,0,3,False,0,0.0,0.0,0.0
1790795907.518,75.8,71.5,131061,0,2.0,0.0,7,5,0,7,False,0,0.0,0.0,0.0
1790795908.519,89.6,71.3,24566,102417713,6.0,1093.6,5,9,0,5,False,0,0.0,0.0,0.0
1790795909.519,48.1,69.0,0,24574,0.0,3.0,1,1,0,1,False,0,0.0,0.0,0.0
1790795910.519,65.5,68.7,0,0,0.0,0.0,1,5,0,1,False,0,0.0,0.0,0.0
1790795911.519,8.9,68.0,0,8191,0.0,1.0,0,0,0,0,False,0,0.0,0.0,0.0
1790795912.519,14.8,68.6,0,1081259,0.0,10.0,0,0,0,0,False,0,0.0,0.0,0.0
1790795913.519,30.8,69.1,0,5385787,0.0,42.0,0,0,0,0,False,0,0.0,0.0,0.0
1790795914.519,26.0,68.7,0,40957,0.0,2.0,0,0,0,0,False,0,0.0,0.0,0.0
1790795915.519,23.3,69.2,4096,995254,1.0,116.0,0,0,0,0,False,0,0.0,0.0,0.0
1790795916.519,46.6,69.6,0,98297,0.0,3.0,1,0,0,1,False,0,0.0,0.0,0.0
1790795917.519,45.2,69.4,0,356325,0.0,6.0,1,0,0,1,False,0,0.0,0.0,0.0
1790795918.519,62.4,69.3,0,73723,0.0,3.0,2,1,0,2,False,0,0.0,0.0,0.0
1790795919.519,55.8,69.7,0,802754,0.0,31.0,1,1,0,1,False,0,0.0,0.0,0.0
1790795920.520,53.3,68.7,0,8191,0.0,1.0,1,1,0,1,False,0,0.0,0.0,0.0
1790795921.520,19.3,68.0,0,40957,0.0,2.0,0,0,0,0,False,0,0.0,0.0,0.0
1790795922.520,8.8,68.0,0,0,0.0,0.0,0,0,0,0,False,0,0.0,0.0,0.0
1790795923.520,10.3,68.1,0,0,0.0,0.0,0,0,0,0,False,0,0.0,0.0,0.0
1790795924.520,25.2,68.4,4096,1462165,1.0,20.0,0,0,0,0,False,0,0.0,0.0,0.0
1790795925.520,48.8,69.1,0,663504,0.0,7.0,0,0,0,0,False,0,0.0,0.0,0.0
1790795926.520,33.5,68.5,0,4206292,0.0,39.0,1,0,0,1,False,0,0.0,0.0,0.0
1790795927.520,17.5,67.9,0,73722,0.0,3.0,0,0,0,0,False,0,0.0,0.0,0.0
1790795928.520,28.8,68.6,0,65531,0.0,2.0,0,0,0,0,False,0,0.0,0.0,0.0
1790795929.520,61.5,69.7,0,65531,0.0,2.0,0,0,0,0,False,0,0.0,0.0,0.0
1790795930.520,51.7,69.8,0,364511,0.0,5.0,1,0,0,1,False,0,0.0,0.0,0.0
1790795931.520,58.0,69.7,0,0,0.0,0.0,1,1,0,1,False,0,0.0,0.0,0.0
1790795932.520,28.6,68.9,0,40957,0.0,2.0,1,1,0,1,False,0,0.0,0.0,0.0
1790795933.521,39.5,69.6,0,32765,0.0,1.0,1,1,0,1,False,0,0.0,0.0,0.0
1790795934.521,36.9,69.7,0,0,0.0,0.0,2,1,0,2,False,0,0.0,0.0,0.0
1790795935.521,44.1,69.8,0,352228,0.0,6.0,2,2,0,2,False,0,0.0,0.0,0.0
1790795936.521,47.7,70.3,0,0,0.0,0.0,2,2,0,2,False,0,0.0,0.0,0.0
1790795937.521,33.4,69.6,0,40957,0.0,2.0,2,2,0,2,False,0,0.0,0.0,0.0
1790795938.521,19.5,69.0,0,8191,0.0,1.0,1,1,0,1,False,0,0.0,0.0,0.0
1790795939.521,15.2,69.0,0,417758,0.0,6.0,1,1,0,1,False,0,0.0,0.0,0.0
1790795940.521,18.4,69.0,0,3108615,0.0,34.0,1,1,0,1,False,0,0.0,0.0,0.0
1790795941.521,30.1,68.8,0,8191,0.0,1.0,0,0,0,0,False,0,0.0,0.0,0.0
1790795942.521,24.7,68.8,0,0,0.0,0.0,1,0,0,1,False,0,0.0,0.0,0.0
1790795943.521,16.5,68.9,0,32766,0.0,1.0,1,1,0,1,False,0,0.0,0.0,0.0
1790795944.521,32.5,69.3,0,32765,0.0,1.0,1,1,0,1,False,0,0.0,0.0,0.0
1790795945.521,29.7,69.5,0,266219,0.0,3.0,2,1,0,2,False,0,0.0,0.0,0.0
1790795946.522,32.4,69.2,0,139253,0.0,5.0,1,1,0,1,False,0,0.0,0.0,0.0
1790795947.522,61.4,70.6,0,98296,0.0,3.0,1,1,0,1,False,0,0.0,0.0,0.0
1790795948.522,70.8,71.8,0,658998,0.0,87.9,1,1,0,1,False,0,0.0,0.0,0.0
1790795949.523,76.7,71.6,8190,851751,1.0,17.0,1,0,0,1,False,0,0.0,0.0,0.0
1790795950.523,56.4,70.9,0,397282,0.0,16.0,0,0,0,0,False,0,0.0,0.0,0.0
1790795951.523,46.8,71.6,0,368613,0.0,13.0,2,2,0,2,False,0,0.0,0.0,0.0
1790795952.523,52.3,71.9,0,122871,0.0,5.0,0,0,0,0,False,0,0.0,0.0,0.0
1790795953.523,35.9,72.3,0,0,0.0,0.0,1,0,0,1,False,0,0.0,0.0,0.0
1790795954.523,12.6,71.4,0,20429362,0.0,172.0,0,0,0,0,False,0,0.0,0.0,0.0
1790795955.523,8.5,71.3,0,0,0.0,0.0,0,0,0,0,False,0,0.0,0.0,0.0
1790795956.523,25.7,71.8,0,892863,0.0,11.0,0,0,0,0,False,0,0.0,0.0,0.0
1790795957.523,36.3,72.1,0,0,0.0,0.0,0,0,0,0,False,0,0.0,0.0,0.0
1790795958.523,24.3,66.2,0,2916143,0.0,32.0,0,0,0,0,False,0,0.0,0.0,0.0
1790795959.523,8.1,60.1,0,0,0.0,0.0,0,0,0,0,False,0,0.0,0.0,0.0
1790795960.523,10.6,59.8,0,32766,0.0,1.0,0,0,0,0,False,0,0.0,0.0,0.0
1790795961.523,24.8,60.1,0,360421,0.0,4.0,0,0,0,0,False,0,0.0,0.0,0.0
1790795962.524,42.3,60.1,0,0,0.0,0.0,0,0,0,0,False,0,0.0,0.0,0.0
1790795963.524,13.4,59.2,0,45051,0.0,2.0,0,0,0,0,False,0,0.0,0.0,0.0
1790795964.524,7.3,59.2,0,0,0.0,0.0,0,0,0,0,False,0,0.0,0.0,0.0
1790795965.524,6.8,59.1,0,16383,0.0,2.0,0,0,0,0,False,0,0.0,0.0,0.0
1790795966.524,7.6,59.0,0,0,0.0,0.0,0,0,0,0,False,0,0.0,0.0,0.0
1790795967.524,6.9,58.9,0,593866,0.0,6.0,0,0,0,0,False,0,0.0,0.0,0.0
1790795968.524,16.7,58.7,0,98296,0.0,3.0,0,0,0,0,False,0,0.0,0.0,0.0
1790795969.524,44.1,59.9,0,1236895,0.0,10.0,0,0,0,0,False,0,0.0,0.0,0.0
1790795970.525,59.2,60.0,0,2947746,0.0,29.0,1,0,0,1,False,0,0.0,0.0,0.0
1790795971.525,17.1,58.7,0,57340,0.0,3.0,0,0,0,0,False,0,0.0,0.0,0.0
1790795972.525,7.1,58.6,0,0,0.0,0.0,0,0,0,0,False,0,0.0,0.0,0.0
1790795973.525,7.2,58.6,0,815032,0.0,8.0,0,0,0,0,False,0,0.0,0.0,0.0
1790795974.525,9.5,58.5,0,0,0.0,0.0,0,0,0,0,False,0,0.0,0.0,0.0
1790795975.525,10.7,58.4,0,32766,0.0,1.0,0,0,0,0,False,0,0.0,0.0,0.0
1790795976.525,24.5,59.0,0,982963,0.0,12.0,0,0,0,0,False,0,0.0,0.0,0.0
1790795977.525,18.7,58.3,0,176116,0.0,5.0,0,0,0,0,False,0,0.0,0.0,0.0
1790795978.525,10.5,58.1,0,511964,0.0,20.0,0,0,0,0,False,0,0.0,0.0,0.0
1790795979.525,24.1,58.4,0,32765,0.0,1.0,0,0,0,0,False,0,0.0,0.0,0.0
1790795980.525,42.6,58.3,0,1195942,0.0,116.0,0,0,0,0,False,0,0.0,0.0,0.0
1790795981.525,27.0,58.6,0,253930,0.0,17.0,1,0,0,1,False,0,0.0,0.0,0.0
1790795982.526,36.2,58.6,0,4096,0.0,1.0,1,0,0,1,False,0,0.0,0.0,0.0
1790795983.526,24.6,58.7,0,0,0.0,0.0,1,1,0,1,False,0,0.0,0.0,0.0
1790795984.526,24.7,58.7,0,0,0.0,0.0,1,1,0,1,False,0,0.0,0.0,0.0
1790795985.526,24.0,58.7,0,16383,0.0,1.0,1,1,0,1,False,0,0.0,0.0,0.0
1790795986.526,26.1,58.7,0,1572744,0.0,14.0,1,1,0,1,False,0,0.0,0.0,0.0
1790795987.526,24.7,58.7,0,0,0.0,0.0,1,1,0,1,False,0,0.0,0.0,0.0
1790795988.526,24.1,58.6,0,3485422,0.0,43.0,0,0,0,0,False,0,0.0,0.0,0.0
1790795989.526,8.6,57.7,0,45052,0.0,2.0,0,0,0,0,False,0,0.0,0.0,0.0
1790795990.526,7.6,57.7,0,253933,0.0,3.0,0,0,0,0,False,0,0.0,0.0,0.0
1790795991.526,6.8,57.7,0,0,0.0,0.0,0,0,0,0,False,0,0.0,0.0,0.0
1790795992.526,7.7,57.7,4096,0,1.0,0.0,0,0,0,0,False,0,0.0,0.0,0.0
1790795993.526,10.8,58.1,0,245741,0.0,3.0,0,0,0,0,False,0,0.0,0.0,0.0
1790795994.526,8.0,58.1,0,81914,0.0,3.0,0,0,0,0,False,0,0.0,0.0,0.0
1790795995.527,12.3,58.7,0,106488,0.0,3.0,0,0,0,0,False,0,0.0,0.0,0.0
1790795996.527,8.5,59.0,0,155639,0.0,12.0,0,0,0,0,False,0,0.0,0.0,0.0
1790795997.527,7.1,58.9,0,0,0.0,0.0,0,0,0,0,False,0,0.0,0.0,0.0
1790795998.527,6.8,58.9,0,0,0.0,0.0,0,0,0,0,False,0,0.0,0.0,0.0
1790795999.527,10.0,58.8,0,0,0.0,0.0,0,0,0,0,False,0,0.0,0.0,0.0
1790796000.527,7.4,58.6,0,12287,0.0,3.0,0,0,0,0,False,0,0.0,0.0,0.0
1790796001.527,6.9,58.6,0,3018537,0.0,31.0,0,0,0,0,False,0,0.0,0.0,0.0
1790796002.527,7.4,58.6,0,0,0.0,0.0,0,0,0,0,False,0,0.0,0.0,0.0
1790796003.527,8.5,58.6,86010,0,11.0,0.0,0,0,0,0,False,0,0.0,0.0,0.0
1790796004.527,7.0,58.5,0,0,0.0,0.0,0,0,0,0,False,0,0.0,0.0,0.0
1790796005.527,7.0,58.5,0,0,0.0,0.0,0,0,0,0,False,0,0.0,0.0,0.0
1790796006.527,7.1,58.5,0,4096,0.0,1.0,0,0,0,0,False,0,0.0,0.0,0.0
1790796007.527,7.2,58.4,0,0,0.0,0.0,0,0,0,0,False,0,0.0,0.0,0.0
1790796008.527,6.9,58.3,0,28670,0.0,2.0,0,0,0,0,False,0,0.0,0.0,0.0
1790796009.528,7.1,58.3,0,0,0.0,0.0,0,0,0,0,False,0,0.0,0.0,0.0
1790796010.528,7.1,58.3,0,94201,0.0,2.0,0,0,0,0,False,0,0.0,0.0,0.0
1790796011.528,7.0,58.3,0,479196,0.0,97.0,0,0,0,0,False,0,0.0,0.0,0.0
1790796012.528,7.3,58.3,0,151540,0.0,12.0,0,0,0,0,False,0,0.0,0.0,0.0
1790796013.528,7.4,58.4,0,0,0.0,0.0,0,0,0,0,False,0,0.0,0.0,0.0
1790796014.528,9.5,58.4,0,0,0.0,0.0,0,0,0,0,False,0,0.0,0.0,0.0
1790796015.528,6.8,58.4,0,28670,0.0,2.0,0,0,0,0,False,0,0.0,0.0,0.0
1790796016.528,7.1,58.4,0,0,0.0,0.0,0,0,0,0,False,0,0.0,0.0,0.0
1790796017.528,7.2,58.4,0,1343388,0.0,12.0,0,0,0,0,False,0,0.0,0.0,0.0
1790796018.528,6.6,58.4,0,0,0.0,0.0,0,0,0,0,False,0,0.0,0.0,0.0
1790796019.528,6.6,58.4,0,184307,0.0,9.0,0,0,0,0,False,0,0.0,0.0,0.0
1790796020.528,7.2,58.4,0,0,0.0,0.0,0,0,0,0,False,0,0.0,0.0,0.0
1790796021.528,7.2,58.4,0,28671,0.0,2.0,0,0,0,0,False,0,0.0,0.0,0.0
1790796022.528,6.8,58.4,0,94201,0.0,8.0,0,0,0,0,False,0,0.0,0.0,0.0
1790796023.529,8.8,58.4,0,0,0.0,0.0,0,0,0,0,False,0,0.0,0.0,0.0
1790796024.529,7.6,58.3,0,0,0.0,0.0,0,0,0,0,False,0,0.0,0.0,0.0
1790796025.529,7.9,58.1,0,237552,0.0,29.0,0,0,0,0,False,0,0.0,0.0,0.0
1790796026.529,6.9,58.1,0,0,0.0,0.0,0,0,0,0,False,0,0.0,0.0,0.0
1790796027.529,7.0,58.1,0,1347488,0.0,17.0,0,0,0,0,False,0,0.0,0.0,0.0
1790796028.529,10.4,58.1,0,0,0.0,0.0,0,0,0,0,False,0,0.0,0.0,0.0
1790796029.529,6.7,58.0,0,0,0.0,0.0,0,0,0,0,False,0,0.0,0.0,0.0
1790796030.529,6.9,58.0,0,217072,0.0,4.0,0,0,0,0,False,0,0.0,0.0,0.0
1790796031.529,6.6,58.0,0,0,0.0,0.0,0,0,0,0,False,0,0.0,0.0,0.0
1790796032.529,6.6,58.1,0,1924978,0.0,21.0,0,0,0,0,False,0,0.0,0.0,0.0
1790796033.529,7.0,58.1,0,0,0.0,0.0,0,0,0,0,False,0,0.0,0.0,0.0
1790796034.529,6.8,58.1,0,1195945,0.0,13.0,0,0,0,0,False,0,0.0,0.0,0.0
1790796035.529,8.5,58.0,0,69627,0.0,2.0,0,0,0,0,False,0,0.0,0.0,0.0
1790796036.530,6.9,58.1,0,0,0.0,0.0,0,0,0,0,False,0,0.0,0.0,0.0
1790796037.530,6.6,58.0,0,0,0.0,0.0,0,0,0,0,False,0,0.0,0.0,0.0
1790796038.530,6.8,57.8,0,0,0.0,0.0,0,0,0,0,False,0,0.0,0.0,0.0
1790796039.530,7.1,57.7,0,0,0.0,0.0,0,0,0,0,False,0,0.0,0.0,0.0
1790796040.530,6.9,57.7,0,1236901,0.0,10.0,0,0,0,0,False,0,0.0,0.0,0.0
1790796041.530,6.7,57.7,0,90105,0.0,2.0,0,0,0,0,False,0,0.0,0.0,0.0
1790796042.530,6.9,57.7,0,0,0.0,0.0,0,0,0,0,False,0,0.0,0.0,0.0
1790796043.530,7.2,57.7,0,245742,0.0,52.0,0,0,0,0,False,0,0.0,0.0,0.0
1790796044.530,7.1,57.7,0,0,0.0,0.0,0,0,0,0,False,0,0.0,0.0,0.0
1790796045.530,6.8,57.7,0,0,0.0,0.0,0,0,0,0,False,0,0.0,0.0,0.0
1790796046.530,6.7,57.7,0,16383,0.0,1.0,0,0,0,0,False,0,0.0,0.0,0.0
1790796047.530,6.6,57.7,0,0,0.0,0.0,0,0,0,0,False,0,0.0,0.0,0.0
1790796048.530,7.4,57.7,0,0,0.0,0.0,0,0,0,0,False,0,0.0,0.0,0.0
1790796049.530,6.6,57.7,0,0,0.0,0.0,0,0,0,0,False,0,0.0,0.0,0.0
1790796050.531,11.7,58.1,0,12287,0.0,3.0,0,0,0,0,False,0,0.0,0.0,0.0
1790796051.531,7.5,58.3,0,147449,0.0,8.0,0,0,0,0,False,0,0.0,0.0,0.0
1790796052.531,10.8,58.3,0,94201,0.0,7.0,0,0,0,0,False,0,0.0,0.0,0.0
1790796053.531,8.3,58.6,0,0,0.0,0.0,0,0,0,0,False,0,0.0,0.0,0.0
1790796054.531,7.1,58.6,0,0,0.0,0.0,0,0,0,0,False,0,0.0,0.0,0.0
1790796055.531,7.0,58.6,0,0,0.0,0.0,0,0,0,0,False,0,0.0,0.0,0.0
1790796056.531,6.7,58.5,0,106488,0.0,9.0,0,0,0,0,False,0,0.0,0.0,0.0
1790796057.531,9.9,58.5,0,0,0.0,0.0,0,0,0,0,False,0,0.0,0.0,0.0
1790796058.531,6.6,58.5,0,0,0.0,0.0,0,0,0,0,False,0,0.0,0.0,0.0
1790796059.531,6.6,58.5,0,0,0.0,0.0,0,0,0,0,False,0,0.0,0.0,0.0
1790796060.531,7.0,58.4,0,0,0.0,0.0,0,0,0,0,False,0,0.0,0.0,0.0
1790796061.531,7.1,58.3,0,0,0.0,0.0,0,0,0,0,False,0,0.0,0.0,0.0
1790796062.531,7.0,58.3,0,0,0.0,0.0,0,0,0,0,False,0,0.0,0.0,0.0
1790796063.531,7.1,58.3,0,2957093,0.0,30.0,0,0,0,0,False,0,0.0,0.0,0.0
1790796064.532,9.9,58.3,0,0,0.0,0.0,0,0,0,0,False,0,0.0,0.0,0.0
1790796065.532,7.7,58.2,0,0,0.0,0.0,0,0,0,0,False,0,0.0,0.0,0.0
1790796066.532,6.6,58.2,0,0,0.0,0.0,0,0,0,0,False,0,0.0,0.0,0.0
1790796067.532,6.7,58.2,0,0,0.0,0.0,0,0,0,0,False,0,0.0,0.0,0.0
1790796068.532,6.6,58.2,0,16383,0.0,3.0,0,0,0,0,False,0,0.0,0.0,0.0
1790796069.532,6.5,58.2,0,0,0.0,0.0,0,0,0,0,False,0,0.0,0.0,0.0
1790796070.532,6.7,58.2,0,1908576,0.0,19.0,0,0,0,0,False,0,0.0,0.0,0.0
1790796071.532,6.6,58.2,0,0,0.0,0.0,0,0,0,0,False,0,0.0,0.0,0.0
1790796072.532,6.9,58.2,0,0,0.0,0.0,0,0,0,0,False,0,0.0,0.0,0.0
1790796073.532,6.9,58.2,0,0,0.0,0.0,0,0,0,0,False,0,0.0,0.0,0.0
1790796074.532,8.3,58.2,0,53244,0.0,2.0,0,0,0,0,False,0,0.0,0.0,0.0
1790796075.532,7.9,58.1,0,0,0.0,0.0,0,0,0,0,False,0,0.0,0.0,0.0
1790796076.532,6.9,58.1,0,0,0.0,0.0,0,0,0,0,False,0,0.0,0.0,0.0
1790796077.532,8.1,58.3,20479,1298339,2.0,17.0,0,0,0,0,False,0,0.0,0.0,0.0
1790796078.533,6.9,58.4,0,0,0.0,0.0,0,0,0,0,False,0,0.0,0.0,0.0
1790796079.533,6.6,58.3,0,0,0.0,0.0,0,0,0,0,False,0,0.0,0.0,0.0
1790796080.533,7.4,58.0,0,139254,0.0,10.0,0,0,0,0,False,0,0.0,0.0,0.0
1790796081.533,6.8,57.9,0,24574,0.0,4.0,0,0,0,0,False,0,0.0,0.0,0.0
1790796082.533,6.6,57.9,0,200689,0.0,44.0,0,0,0,0,False,0,0.0,0.0,0.0
1790796083.533,9.7,57.8,0,1318814,0.0,12.0,0,0,0,0,False,0,0.0,0.0,0.0
1790796084.533,7.7,57.8,0,0,0.0,0.0,0,0,0,0,False,0,0.0,0.0,0.0
1790796085.533,8.3,57.7,0,0,0.0,0.0,0,0,0,0,False,0,0.0,0.0,0.0
1790796086.533,6.8,57.8,0,65531,0.0,2.0,0,0,0,0,False,0,0.0,0.0,0.0
1790796087.533,9.8,57.7,0,0,0.0,0.0,0,0,0,0,False,0,0.0,0.0,0.0
1790796088.533,6.6,57.7,0,20478,0.0,1.0,0,0,0,0,False,0,0.0,0.0,0.0
1790796089.533,7.1,57.7,0,430050,0.0,6.0,0,0,0,0,False,0,0.0,0.0,0.0
1790796090.533,6.9,57.7,0,0,0.0,0.0,0,0,0,0,False,0,0.0,0.0,0.0
1790796091.533,6.9,57.7,0,0,0.0,0.0,0,0,0,0,False,0,0.0,0.0,0.0
1790796092.534,6.9,57.7,0,0,0.0,0.0,0,0,0,0,False,0,0.0,0.0,0.0
1790796093.534,7.1,57.7,0,2797453,0.0,30.0,0,0,0,0,False,0,0.0,0.0,0.0
1790796094.534,7.0,57.7,0,0,0.0,0.0,0,0,0,0,False,0,0.0,0.0,0.0
1790796095.534,7.6,57.7,0,49148,0.0,2.0,0,0,0,0,False,0,0.0,0.0,0.0
1790796096.534,8.4,57.6,0,0,0.0,0.0,0,0,0,0,False,0,0.0,0.0,0.0
1790796097.534,6.8,57.5,0,0,0.0,0.0,0,0,0,0,False,0,0.0,0.0,0.0
1790796098.534,6.5,57.5,0,0,0.0,0.0,0,0,0,0,False,0,0.0,0.0,0.0
1790796099.534,6.7,57.5,0,0,0.0,0.0,0,0,0,0,False,0,0.0,0.0,0.0
1790796100.534,6.9,57.6,0,0,0.0,0.0,0,0,0,0,False,0,0.0,0.0,0.0
1790796101.534,6.8,57.6,0,36861,0.0,2.0,0,0,0,0,False,0,0.0,0.0,0.0
1790796102.534,6.8,57.6,0,0,0.0,0.0,0,0,0,0,False,0,0.0,0.0,0.0
1790796103.534,9.2,57.6,0,0,0.0,0.0,0,0,0,0,False,0,0.0,0.0,0.0
1790796104.534,6.7,57.6,0,0,0.0,0.0,0,0,0,0,False,0,0.0,0.0,0.0
1790796105.534,7.0,57.6,0,0,0.0,0.0,0,0,0,0,False,0,0.0,0.0,0.0
1790796106.535,6.9,57.6,0,0,0.0,0.0,0,0,0,0,False,0,0.0,0.0,0.0
1790796107.535,7.0,57.6,0,57340,0.0,8.0,0,0,0,0,False,0,0.0,0.0,0.0
1790796108.535,6.6,57.6,0,16383,0.0,1.0,0,0,0,0,False,0,0.0,0.0,0.0
1790796109.535,6.8,57.6,0,32766,0.0,2.0,0,0,0,0,False,0,0.0,0.0,0.0
1790796110.535,7.0,57.6,0,0,0.0,0.0,0,0,0,0,False,0,0.0,0.0,0.0
1790796111.535,6.6,57.6,0,0,0.0,0.0,0,0,0,0,False,0,0.0,0.0,0.0
1790796112.535,6.7,57.6,0,12287,0.0,3.0,0,0,0,0,False,0,0.0,0.0,0.0
1790796113.535,7.3,57.6,0,28670,0.0,2.0,0,0,0,0,False,0,0.0,0.0,0.0
1790796114.535,7.1,57.6,0,1466249,0.0,16.0,0,0,0,0,False,0,0.0,0.0,0.0
1790796115.535,6.9,57.6,0,0,0.0,0.0,0,0,0,0,False,0,0.0,0.0,0.0
1790796116.535,6.6,57.6,0,0,0.0,0.0,0,0,0,0,False,0,0.0,0.0,0.0
1790796117.535,7.4,57.5,0,118773,0.0,26.0,0,0,0,0,False,0,0.0,0.0,0.0
1790796118.535,8.2,57.5,0,0,0.0,0.0,0,0,0,0,False,0,0.0,0.0,0.0
1790796119.536,7.0,57.6,0,212974,0.0,6.0,0,0,0,0,False,0,0.0,0.0,0.0
1790796120.536,8.7,57.5,0,0,0.0,0.0,0,0,0,0,False,0,0.0,0.0,0.0
1790796121.536,6.6,57.5,0,0,0.0,0.0,0,0,0,0,False,0,0.0,0.0,0.0
1790796122.536,6.7,57.5,0,0,0.0,0.0,0,0,0,0,False,0,0.0,0.0,0.0
1790796123.536,9.6,57.5,0,0,0.0,0.0,0,0,0,0,False,0,0.0,0.0,0.0
1790796124.536,7.0,57.5,0,1687433,0.0,19.0,0,0,0,0,False,0,0.0,0.0,0.0
1790796125.536,10.1,57.5,0,0,0.0,0.0,0,0,0,0,False,0,0.0,0.0,0.0
1790796126.536,6.7,57.5,0,0,0.0,0.0,0,0,0,0,False,0,0.0,0.0,0.0
1790796127.536,7.4,57.4,0,0,0.0,0.0,0,0,0,0,False,0,0.0,0.0,0.0
1790796128.536,6.7,57.4,0,0,0.0,0.0,0,0,0,0,False,0,0.0,0.0,0.0
1790796129.536,7.5,57.5,0,4096,0.0,1.0,0,0,0,0,False,0,0.0,0.0,0.0
1790796130.536,8.3,57.4,0,12287,0.0,2.0,0,0,0,0,False,0,0.0,0.0,0.0
1790796131.536,7.9,57.4,0,0,0.0,0.0,0,0,0,0,False,0,0.0,0.0,0.0
1790796132.537,6.9,57.4,0,0,0.0,0.0,0,0,0,0,False,0,0.0,0.0,0.0
1790796133.537,9.0,57.5,0,0,0.0,0.0,0,0,0,0,False,0,0.0,0.0,0.0
1790796134.537,7.1,57.5,0,0,0.0,0.0,0,0,0,0,False,0,0.0,0.0,0.0
1790796135.537,7.2,57.4,0,0,0.0,0.0,0,0,0,0,False,0,0.0,0.0,0.0
1790796136.537,6.8,57.4,0,0,0.0,0.0,0,0,0,0,False,0,0.0,0.0,0.0
1790796137.537,6.9,57.4,0,0,0.0,0.0,0,0,0,0,False,0,0.0,0.0,0.0
1790796138.537,6.8,57.4,0,12287,0.0,2.0,0,0,0,0,False,0,0.0,0.0,0.0
1790796139.537,6.6,57.4,0,0,0.0,0.0,0,0,0,0,False,0,0.0,0.0,0.0
1790796140.537,6.9,57.5,0,0,0.0,0.0,0,0,0,0,False,0,0.0,0.0,0.0
1790796141.537,6.9,57.5,0,16383,0.0,2.0,0,0,0,0,False,0,0.0,0.0,0.0
1790796142.537,6.8,57.5,0,0,0.0,0.0,0,0,0,0,False,0,0.0,0.0,0.0
1790796143.537,6.7,57.5,0,24574,0.0,4.0,0,0,0,0,False,0,0.0,0.0,0.0
1790796144.537,6.8,57.5,0,0,0.0,0.0,0,0,0,0,False,0,0.0,0.0,0.0
1790796145.537,12.7,57.7,0,32766,0.0,1.0,0,0,0,0,False,0,0.0,0.0,0.0
1790796146.538,26.9,58.3,0,0,0.0,0.0,1,0,0,1,False,0,0.0,0.0,0.0
1790796147.538,11.9,57.5,0,45055,0.0,2.0,0,0,0,0,False,0,0.0,0.0,0.0
1790796148.538,7.1,57.5,0,0,0.0,0.0,0,0,0,0,False,0,0.0,0.0,0.0
1790796149.538,7.2,57.5,0,0,0.0,0.0,0,0,0,0,False,0,0.0,0.0,0.0
1790796150.538,7.9,57.5,0,233455,0.0,15.0,0,0,0,0,False,0,0.0,0.0,0.0
1790796151.538,7.1,57.5,0,0,0.0,0.0,0,0,0,0,False,0,0.0,0.0,0.0
1790796152.538,7.0,57.5,0,0,0.0,0.0,0,0,0,0,False,0,0.0,0.0,0.0
1790796153.538,6.9,57.5,0,0,0.0,0.0,0,0,0,0,False,0,0.0,0.0,0.0
1790796154.538,10.2,57.5,0,4096,0.0,1.0,0,0,0,0,False,0,0.0,0.0,0.0
1790796155.538,10.6,57.5,0,2678589,0.0,29.0,0,0,0,0,False,0,0.0,0.0,0.0
1790796156.538,9.4,57.4,0,0,0.0,0.0,0,0,0,0,False,0,0.0,0.0,0.0
1790796157.538,8.2,57.4,0,0,0.0,0.0,0,0,0,0,False,0,0.0,0.0,0.0
1790796158.538,8.3,57.4,0,0,0.0,0.0,0,0,0,0,False,0,0.0,0.0,0.0
1790796159.538,7.9,57.4,0,0,0.0,0.0,0,0,0,0,False,0,0.0,0.0,0.0
1790796160.539,7.1,57.4,0,36861,0.0,2.0,0,0,0,0,False,0,0.0,0.0,0.0
1790796161.539,6.9,57.4,0,0,0.0,0.0,0,0,0,0,False,0,0.0,0.0,0.0
1790796162.539,7.2,57.4,0,0,0.0,0.0,0,0,0,0,False,0,0.0,0.0,0.0
1790796163.539,7.1,57.4,0,0,0.0,0.0,0,0,0,0,False,0,0.0,0.0,0.0
1790796164.539,6.8,57.4,0,0,0.0,0.0,0,0,0,0,False,0,0.0,0.0,0.0
1790796165.539,6.9,57.4,0,0,0.0,0.0,0,0,0,0,False,0,0.0,0.0,0.0
1790796166.539,6.8,57.4,0,0,0.0,0.0,0,0,0,0,False,0,0.0,0.0,0.0
1790796167.539,6.7,57.5,0,0,0.0,0.0,0,0,0,0,False,0,0.0,0.0,0.0
1790796168.539,6.9,57.4,0,0,0.0,0.0,0,0,0,0,False,0,0.0,0.0,0.0
1790796169.539,6.8,57.4,0,16383,0.0,1.0,0,0,0,0,False,0,0.0,0.0,0.0
1790796170.539,7.6,57.4,0,0,0.0,0.0,0,0,0,0,False,0,0.0,0.0,0.0
1790796171.539,7.2,57.4,0,0,0.0,0.0,0,0,0,0,False,0,0.0,0.0,0.0
1790796172.539,7.0,57.4,0,0,0.0,0.0,0,0,0,0,False,0,0.0,0.0,0.0
1790796173.540,8.1,57.8,0,0,0.0,0.0,0,0,0,0,False,0,0.0,0.0,0.0
1790796174.540,7.0,57.9,0,229354,0.0,10.0,0,0,0,0,False,0,0.0,0.0,0.0
1790796175.540,7.1,57.9,0,0,0.0,0.0,0,0,0,0,False,0,0.0,0.0,0.0
1790796176.540,9.3,57.9,0,0,0.0,0.0,0,0,0,0,False,0,0.0,0.0,0.0
1790796177.540,6.9,57.8,0,0,0.0,0.0,0,0,0,0,False,0,0.0,0.0,0.0
1790796178.540,6.9,57.8,0,90106,0.0,10.0,0,0,0,0,False,0,0.0,0.0,0.0
1790796179.540,6.8,57.8,0,53244,0.0,2.0,0,0,0,0,False,0,0.0,0.0,0.0
1790796180.540,6.9,57.8,0,0,0.0,0.0,0,0,0,0,False,0,0.0,0.0,0.0
1790796181.540,6.6,57.8,0,196594,0.0,42.0,0,0,0,0,False,0,0.0,0.0,0.0
1790796182.540,6.8,57.8,0,0,0.0,0.0,0,0,0,0,False,0,0.0,0.0,0.0
1790796183.540,10.1,57.8,0,0,0.0,0.0,0,0,0,0,False,0,0.0,0.0,0.0
1790796184.540,6.7,57.8,0,0,0.0,0.0,0,0,0,0,False,0,0.0,0.0,0.0
1790796185.540,7.6,57.8,0,2420559,0.0,25.0,0,0,0,0,False,0,0.0,0.0,0.0
1790796186.540,8.0,57.8,0,0,0.0,0.0,0,0,0,0,False,0,0.0,0.0,0.0
1790796187.541,8.3,57.7,0,0,0.0,0.0,0,0,0,0,False,0,0.0,0.0,0.0
1790796188.541,7.0,57.8,0,0,0.0,0.0,0,0,0,0,False,0,0.0,0.0,0.0
1790796189.541,6.8,57.7,0,0,0.0,0.0,0,0,0,0,False,0,0.0,0.0,0.0
1790796190.541,6.8,57.7,0,0,0.0,0.0,0,0,0,0,False,0,0.0,0.0,0.0
1790796191.541,11.5,58.1,0,790471,0.0,14.0,0,0,0,0,False,0,0.0,0.0,0.0
1790796192.541,7.9,58.5,0,81914,0.0,6.0,0,0,0,0,False,0,0.0,0.0,0.0
1790796193.541,7.9,58.5,0,57340,0.0,6.0,0,0,0,0,False,0,0.0,0.0,0.0
1790796194.541,6.8,58.4,0,0,0.0,0.0,0,0,0,0,False,0,0.0,0.0,0.0
1790796195.541,6.8,58.4,0,0,0.0,0.0,0,0,0,0,False,0,0.0,0.0,0.0
1790796196.541,6.8,58.4,0,0,0.0,0.0,0,0,0,0,False,0,0.0,0.0,0.0
1790796197.541,6.9,58.4,0,0,0.0,0.0,0,0,0,0,False,0,0.0,0.0,0.0
1790796198.541,6.6,58.4,0,16383,0.0,2.0,0,0,0,0,False,0,0.0,0.0,0.0
1790796199.541,6.8,58.3,0,0,0.0,0.0,0,0,0,0,False,0,0.0,0.0,0.0
1790796200.541,9.6,58.3,0,12287,0.0,2.0,0,0,0,0,False,0,0.0,0.0,0.0
1790796201.542,6.9,58.3,0,0,0.0,0.0,0,0,0,0,False,0,0.0,0.0,0.0
1790796202.542,7.0,58.3,0,0,0.0,0.0,0,0,0,0,False,0,0.0,0.0,0.0
1790796203.542,7.7,58.3,0,0,0.0,0.0,0,0,0,0,False,0,0.0,0.0,0.0
1790796204.542,8.4,58.3,0,16383,0.0,2.0,0,0,0,0,False,0,0.0,0.0,0.0
1790796205.542,8.3,58.2,0,24574,0.0,4.0,0,0,0,0,False,0,0.0,0.0,0.0
1790796206.542,7.9,58.2,0,8191,0.0,2.0,0,0,0,0,False,0,0.0,0.0,0.0
1790796207.542,6.8,58.2,0,0,0.0,0.0,0,0,0,0,False,0,0.0,0.0,0.0
1790796208.542,6.5,58.2,0,0,0.0,0.0,0,0,0,0,False,0,0.0,0.0,0.0
1790796209.542,6.7,58.2,0,0,0.0,0.0,0,0,0,0,False,0,0.0,0.0,0.0
1790796210.542,6.6,58.1,0,0,0.0,0.0,0,0,0,0,False,0,0.0,0.0,0.0
1790796211.542,10.3,58.1,0,0,0.0,0.0,0,0,0,0,False,0,0.0,0.0,0.0
1790796212.542,6.9,58.1,0,45053,0.0,2.0,0,0,0,0,False,0,0.0,0.0,0.0
1790796213.542,7.2,58.1,0,0,0.0,0.0,0,0,0,0,False,0,0.0,0.0,0.0
1790796214.542,6.9,58.1,0,0,0.0,0.0,0,0,0,0,False,0,0.0,0.0,0.0
1790796215.543,7.0,58.1,0,0,0.0,0.0,0,0,0,0,False,0,0.0,0.0,0.0
1790796216.543,7.1,58.1,0,2531204,0.0,54.0,0,0,0,0,False,0,0.0,0.0,0.0
1790796217.543,7.1,58.1,0,0,0.0,0.0,0,0,0,0,False,0,0.0,0.0,0.0
1790796218.543,6.9,57.9,0,0,0.0,0.0,0,0,0,0,False,0,0.0,0.0,0.0
1790796219.543,6.6,57.9,0,0,0.0,0.0,0,0,0,0,False,0,0.0,0.0,0.0
1790796220.543,6.6,57.9,0,0,0.0,0.0,0,0,0,0,False,0,0.0,0.0,0.0
1790796221.543,9.8,57.4,0,315367,0.0,33.0,0,0,0,0,False,0,0.0,0.0,0.0
1790796222.543,7.7,57.4,0,0,0.0,0.0,0,0,0,0,False,0,0.0,0.0,0.0
1790796223.543,8.3,57.4,0,0,0.0,0.0,0,0,0,0,False,0,0.0,0.0,0.0
1790796224.543,7.0,57.5,0,0,0.0,0.0,0,0,0,0,False,0,0.0,0.0,0.0
1790796225.543,6.8,57.4,0,0,0.0,0.0,0,0,0,0,False,0,0.0,0.0,0.0
1790796226.543,6.9,57.5,0,1388443,0.0,13.0,0,0,0,0,False,0,0.0,0.0,0.0
1790796227.543,6.9,57.5,0,0,0.0,0.0,0,0,0,0,False,0,0.0,0.0,0.0
1790796228.543,6.8,57.5,0,0,0.0,0.0,0,0,0,0,False,0,0.0,0.0,0.0
1790796229.544,7.1,57.3,0,0,0.0,0.0,0,0,0,0,False,0,0.0,0.0,0.0
1790796230.544,7.4,57.3,0,16383,0.0,1.0,0,0,0,0,False,0,0.0,0.0,0.0
1790796231.544,9.6,57.3,0,0,0.0,0.0,0,0,0,0,False,0,0.0,0.0,0.0
1790796232.544,6.8,57.2,0,20478,0.0,2.0,0,0,0,0,False,0,0.0,0.0,0.0
1790796233.544,8.4,57.9,0,0,0.0,0.0,0,0,0,0,False,0,0.0,0.0,0.0
1790796234.544,8.2,57.9,0,0,0.0,0.0,0,0,0,0,False,0,0.0,0.0,0.0
1790796235.544,6.8,58.0,0,0,0.0,0.0,0,0,0,0,False,0,0.0,0.0,0.0
1790796236.544,7.0,58.0,0,1396635,0.0,15.0,0,0,0,0,False,0,0.0,0.0,0.0
1790796237.544,6.7,58.0,0,12287,0.0,3.0,0,0,0,0,False,0,0.0,0.0,0.0
1790796238.544,6.9,58.0,0,57340,0.0,2.0,0,0,0,0,False,0,0.0,0.0,0.0
1790796239.544,10.2,57.9,0,0,0.0,0.0,0,0,0,0,False,0,0.0,0.0,0.0
1790796240.544,6.9,57.8,0,0,0.0,0.0,0,0,0,0,False,0,0.0,0.0,0.0
1790796241.544,7.0,57.8,0,0,0.0,0.0,0,0,0,0,False,0,0.0,0.0,0.0
1790796242.545,6.8,57.8,0,0,0.0,0.0,0,0,0,0,False,0,0.0,0.0,0.0
1790796243.545,6.9,57.8,0,0,0.0,0.0,0,0,0,0,False,0,0.0,0.0,0.0
1790796244.545,6.8,57.7,0,32766,0.0,2.0,0,0,0,0,False,0,0.0,0.0,0.0
1790796245.545,6.9,57.7,0,0,0.0,0.0,0,0,0,0,False,0,0.0,0.0,0.0
1790796246.545,6.7,57.7,0,0,0.0,0.0,0,0,0,0,False,0,0.0,0.0,0.0
1790796247.545,9.0,57.7,0,8191,0.0,1.0,0,0,0,0,False,0,0.0,0.0,0.0
1790796248.545,7.1,57.8,0,0,0.0,0.0,0,0,0,0,False,0,0.0,0.0,0.0
1790796249.545,11.4,58.4,0,131062,0.0,3.0,0,0,0,0,False,0,0.0,0.0,0.0
1790796250.545,8.6,58.6,0,155637,0.0,12.0,0,0,0,0,False,0,0.0,0.0,0.0
1790796251.545,6.8,58.6,0,323558,0.0,64.0,0,0,0,0,False,0,0.0,0.0,0.0
1790796252.545,7.0,58.5,0,2969391,0.0,31.0,0,0,0,0,False,0,0.0,0.0,0.0
1790796253.545,6.9,58.5,0,0,0.0,0.0,0,0,0,0,False,0,0.0,0.0,0.0
1790796254.545,7.3,58.5,0,0,0.0,0.0,0,0,0,0,False,0,0.0,0.0,0.0
1790796255.546,6.6,58.4,0,0,0.0,0.0,0,0,0,0,False,0,0.0,0.0,0.0
1790796256.546,7.2,58.4,0,0,0.0,0.0,0,0,0,0,False,0,0.0,0.0,0.0
1790796257.546,8.2,58.3,0,12287,0.0,2.0,0,0,0,0,False,0,0.0,0.0,0.0
1790796258.546,7.9,58.3,0,0,0.0,0.0,0,0,0,0,False,0,0.0,0.0,0.0
1790796259.546,6.9,58.3,0,0,0.0,0.0,0,0,0,0,False,0,0.0,0.0,0.0
1790796260.546,8.0,58.2,0,0,0.0,0.0,0,0,0,0,False,0,0.0,0.0,0.0
1790796261.546,9.9,58.1,0,12287,0.0,2.0,0,0,0,0,False,0,0.0,0.0,0.0
1790796262.546,6.9,58.0,0,0,0.0,0.0,0,0,0,0,False,0,0.0,0.0,0.0
1790796263.546,7.2,57.9,0,0,0.0,0.0,0,0,0,0,False,0,0.0,0.0,0.0
1790796264.546,7.6,57.9,597962,2432803,58.0,53.0,0,0,0,0,False,0,0.0,0.0,0.0
1790796265.546,7.1,57.9,0,0,0.0,0.0,0,0,0,0,False,0,0.0,0.0,0.0
1790796266.546,7.1,57.9,0,0,0.0,0.0,0,0,0,0,False,0,0.0,0.0,0.0
1790796267.546,10.2,57.9,0,12287,0.0,2.0,0,0,0,0,False,0,0.0,0.0,0.0
1790796268.546,7.7,58.0,0,24574,0.0,4.0,0,0,0,0,False,0,0.0,0.0,0.0
1790796269.547,6.8,57.9,0,1949554,0.0,22.0,0,0,0,0,False,0,0.0,0.0,0.0
1790796270.547,8.7,57.9,0,0,0.0,0.0,0,0,0,0,False,0,0.0,0.0,0.0
1790796271.547,6.9,57.9,0,0,0.0,0.0,0,0,0,0,False,0,0.0,0.0,0.0
1790796272.547,7.1,57.9,0,0,0.0,0.0,0,0,0,0,False,0,0.0,0.0,0.0
1790796273.547,7.1,57.8,0,0,0.0,0.0,0,0,0,0,False,0,0.0,0.0,0.0
1790796274.547,7.1,57.8,0,188402,0.0,4.0,0,0,0,0,False,0,0.0,0.0,0.0
1790796275.547,7.2,57.8,0,0,0.0,0.0,0,0,0,0,False,0,0.0,0.0,0.0
1790796276.547,6.9,57.8,0,0,0.0,0.0,0,0,0,0,False,0,0.0,0.0,0.0
1790796277.547,7.1,57.8,0,61435,0.0,4.0,0,0,0,0,False,0,0.0,0.0,0.0
1790796278.547,7.1,57.8,0,122870,0.0,16.0,0,0,0,0,False,0,0.0,0.0,0.0
1790796279.547,7.3,57.3,0,0,0.0,0.0,0,0,0,0,False,0,0.0,0.0,0.0
1790796280.547,8.9,57.3,0,0,0.0,0.0,0,0,0,0,False,0,0.0,0.0,0.0
1790796281.547,7.2,57.2,0,0,0.0,0.0,0,0,0,0,False,0,0.0,0.0,0.0
1790796282.548,7.8,57.3,0,4096,0.0,1.0,0,0,0,0,False,0,0.0,0.0,0.0
1790796283.548,7.0,57.3,0,4001476,0.0,44.0,0,0,0,0,False,0,0.0,0.0,0.0
1790796284.548,7.9,57.3,0,90105,0.0,2.0,0,0,0,0,False,0,0.0,0.0,0.0
1790796285.548,6.7,57.3,0,0,0.0,0.0,0,0,0,0,False,0,0.0,0.0,0.0
1790796286.548,6.7,57.3,0,0,0.0,0.0,0,0,0,0,False,0,0.0,0.0,0.0
1790796287.548,6.8,57.3,0,0,0.0,0.0,0,0,0,0,False,0,0.0,0.0,0.0
1790796288.548,6.9,57.3,0,307177,0.0,63.0,0,0,0,0,False,0,0.0,0.0,0.0
1790796289.548,7.0,57.3,0,0,0.0,0.0,0,0,0,0,False,0,0.0,0.0,0.0
1790796290.548,8.7,57.4,0,180211,0.0,4.0,0,0,0,0,False,0,0.0,0.0,0.0
1790796291.548,7.1,57.4,0,0,0.0,0.0,0,0,0,0,False,0,0.0,0.0,0.0
1790796292.548,7.6,57.5,0,12287,0.0,2.0,0,0,0,0,False,0,0.0,0.0,0.0
1790796293.548,6.9,57.5,0,0,0.0,0.0,0,0,0,0,False,0,0.0,0.0,0.0
1790796294.548,9.9,57.9,0,217069,0.0,15.0,0,0,0,0,False,0,0.0,0.0,0.0
1790796295.548,12.5,58.3,0,110584,0.0,3.0,0,0,0,0,False,0,0.0,0.0,0.0
1790796296.549,10.2,58.4,0,155636,0.0,12.0,0,0,0,0,False,0,0.0,0.0,0.0
1790796297.549,10.4,58.4,16384,0,1.0,0.0,0,0,0,0,False,0,0.0,0.0,0.0
1790796298.549,6.9,58.4,4096,24574,1.0,2.0,0,0,0,0,False,0,0.0,0.0,0.0
1790796299.549,6.8,58.4,0,0,0.0,0.0,0,0,0,0,False,0,0.0,0.0,0.0
1790796300.549,8.8,58.3,0,12287,0.0,3.0,0,0,0,0,False,0,0.0,0.0,0.0
1790796301.549,6.8,58.3,0,12287,0.0,3.0,0,0,0,0,False,0,0.0,0.0,0.0
1790796302.549,12.8,58.4,27109433,37111131,1616.9,338.0,0,0,0,0,False,0,0.0,0.0,0.0
1790796303.549,7.7,58.4,3493644,5521022,214.0,54.0,0,0,0,0,False,0,0.0,0.0,0.0
1790796304.549,6.9,58.3,0,0,0.0,0.0,0,0,0,0,False,0,0.0,0.0,0.0
1790796305.549,7.1,58.3,0,0,0.0,0.0,0,0,0,0,False,0,0.0,0.0,0.0
1790796306.549,7.0,58.3,0,0,0.0,0.0,0,0,0,0,False,0,0.0,0.0,0.0
1790796307.549,7.2,58.3,0,0,0.0,0.0,0,0,0,0,False,0,0.0,0.0,0.0
1790796308.549,7.1,58.3,0,1884021,0.0,18.0,0,0,0,0,False,0,0.0,0.0,0.0
1790796309.549,7.1,58.3,0,0,0.0,0.0,0,0,0,0,False,0,0.0,0.0,0.0
1790796310.550,9.2,58.3,0,0,0.0,0.0,0,0,0,0,False,0,0.0,0.0,0.0
1790796311.550,7.4,58.2,0,0,0.0,0.0,0,0,0,0,False,0,0.0,0.0,0.0
1790796312.550,7.2,58.3,8191,638930,2.0,106.0,0,0,0,0,False,0,0.0,0.0,0.0
1790796313.550,7.6,58.2,0,0,0.0,0.0,0,0,0,0,False,0,0.0,0.0,0.0
1790796314.550,6.9,58.2,0,200689,0.0,4.0,0,0,0,0,False,0,0.0,0.0,0.0
1790796315.550,7.1,58.2,0,0,0.0,0.0,0,0,0,0,False,0,0.0,0.0,0.0
1790796316.550,7.1,58.2,0,0,0.0,0.0,0,0,0,0,False,0,0.0,0.0,0.0
1790796317.550,7.3,58.2,0,0,0.0,0.0,0,0,0,0,False,0,0.0,0.0,0.0
1790796318.550,6.8,58.2,0,0,0.0,0.0,0,0,0,0,False,0,0.0,0.0,0.0
1790796319.550,6.9,58.2,0,2621249,0.0,27.0,0,0,0,0,False,0,0.0,0.0,0.0
1790796320.550,8.9,58.2,0,0,0.0,0.0,0,0,0,0,False,0,0.0,0.0,0.0
1790796321.550,6.9,58.2,0,544728,0.0,109.0,0,0,0,0,False,0,0.0,0.0,0.0
1790796322.550,7.2,58.1,0,49148,0.0,2.0,0,0,0,0,False,0,0.0,0.0,0.0
1790796323.550,7.2,58.1,0,12287,0.0,2.0,0,0,0,0,False,0,0.0,0.0,0.0
1790796324.551,7.2,58.1,0,405473,0.0,43.0,0,0,0,0,False,0,0.0,0.0,0.0
1790796325.551,7.6,58.0,0,0,0.0,0.0,0,0,0,0,False,0,0.0,0.0,0.0
1790796326.551,7.4,58.0,0,0,0.0,0.0,0,0,0,0,False,0,0.0,0.0,0.0
1790796327.551,8.6,58.0,0,397283,0.0,5.0,0,0,0,0,False,0,0.0,0.0,0.0
1790796328.551,8.1,58.0,0,4096,0.0,1.0,0,0,0,0,False,0,0.0,0.0,0.0
1790796329.551,6.9,58.0,0,1339294,0.0,17.0,0,0,0,0,False,0,0.0,0.0,0.0
1790796330.551,7.1,58.0,0,0,0.0,0.0,0,0,0,0,False,0,0.0,0.0,0.0
1790796331.551,9.3,57.9,0,24574,0.0,4.0,0,0,0,0,False,0,0.0,0.0,0.0
1790796332.551,7.1,57.9,0,86010,0.0,2.0,0,0,0,0,False,0,0.0,0.0,0.0
1790796333.551,7.4,57.9,0,73723,0.0,5.0,0,0,0,0,False,0,0.0,0.0,0.0
1790796334.551,7.0,57.9,4096,176115,1.0,5.0,0,0,0,0,False,0,0.0,0.0,0.0
1790796335.551,7.1,57.9,0,0,0.0,0.0,0,0,0,0,False,0,0.0,0.0,0.0
1790796336.551,10.7,57.9,0,0,0.0,0.0,0,0,0,0,False,0,0.0,0.0,0.0
1790796337.552,7.3,57.9,0,0,0.0,0.0,0,0,0,0,False,0,0.0,0.0,0.0
1790796338.552,6.9,57.9,0,0,0.0,0.0,0,0,0,0,False,0,0.0,0.0,0.0
1790796339.552,6.8,57.9,0,102392,0.0,2.0,0,0,0,0,False,0,0.0,0.0,0.0
1790796340.552,7.1,57.9,0,1236881,0.0,10.0,0,0,0,0,False,0,0.0,0.0,0.0
1790796341.552,8.9,57.9,0,0,0.0,0.0,0,0,0,0,False,0,0.0,0.0,0.0
1790796342.552,7.0,57.9,0,0,0.0,0.0,0,0,0,0,False,0,0.0,0.0,0.0
1790796343.552,7.1,57.7,0,0,0.0,0.0,0,0,0,0,False,0,0.0,0.0,0.0
1790796344.552,7.1,57.7,0,81913,0.0,2.0,0,0,0,0,False,0,0.0,0.0,0.0
1790796345.552,7.0,57.7,0,0,0.0,0.0,0,0,0,0,False,0,0.0,0.0,0.0
1790796346.552,6.8,57.7,0,0,0.0,0.0,0,0,0,0,False,0,0.0,0.0,0.0
1790796347.552,7.3,57.7,0,0,0.0,0.0,0,0,0,0,False,0,0.0,0.0,0.0
1790796348.552,6.9,57.7,0,0,0.0,0.0,0,0,0,0,False,0,0.0,0.0,0.0
1790796349.552,7.1,57.7,0,2662137,0.0,28.0,0,0,0,0,False,0,0.0,0.0,0.0
1790796350.553,12.4,58.0,0,0,0.0,0.0,0,0,0,0,False,0,0.0,0.0,0.0
1790796351.553,11.0,58.4,0,208880,0.0,12.0,0,0,0,0,False,0,0.0,0.0,0.0
1790796352.553,7.0,58.4,0,0,0.0,0.0,0,0,0,0,False,0,0.0,0.0,0.0
1790796353.553,8.5,58.7,0,8191,0.0,2.0,0,0,0,0,False,0,0.0,0.0,0.0
1790796354.553,7.3,58.7,0,20479,0.0,1.0,0,0,0,0,False,0,0.0,0.0,0.0
1790796355.553,7.1,58.6,0,282601,0.0,62.0,0,0,0,0,False,0,0.0,0.0,0.0
1790796356.553,7.1,58.6,0,118776,0.0,9.0,0,0,0,0,False,0,0.0,0.0,0.0
1790796357.553,7.2,58.5,0,0,0.0,0.0,0,0,0,0,False,0,0.0,0.0,0.0
1790796358.553,6.9,58.5,0,0,0.0,0.0,0,0,0,0,False,0,0.0,0.0,0.0
1790796359.553,7.2,58.4,0,0,0.0,0.0,0,0,0,0,False,0,0.0,0.0,0.0
1790796360.553,9.2,58.3,0,0,0.0,0.0,0,0,0,0,False,0,0.0,0.0,0.0
1790796361.553,7.0,58.2,0,0,0.0,0.0,0,0,0,0,False,0,0.0,0.0,0.0
1790796362.553,7.1,58.1,0,0,0.0,0.0,0,0,0,0,False,0,0.0,0.0,0.0
1790796363.554,7.6,58.1,0,12287,0.0,3.0,0,0,0,0,False,0,0.0,0.0,0.0
1790796364.554,8.7,58.1,0,77818,0.0,2.0,0,0,0,0,False,0,0.0,0.0,0.0
1790796365.554,11.1,58.0,0,1474451,0.0,16.0,0,0,0,0,False,0,0.0,0.0,0.0
1790796366.554,9.0,58.0,0,0,0.0,0.0,0,0,0,0,False,0,0.0,0.0,0.0
1790796367.554,8.1,58.0,0,0,0.0,0.0,0,0,0,0,False,0,0.0,0.0,0.0
1790796368.554,7.4,58.0,0,0,0.0,0.0,0,0,0,0,False,0,0.0,0.0,0.0
1790796369.554,7.2,58.0,0,0,0.0,0.0,0,0,0,0,False,0,0.0,0.0,0.0
1790796370.554,7.3,58.0,0,1302433,0.0,13.0,0,0,0,0,False,0,0.0,0.0,0.0
1790796371.554,7.5,57.9,0,0,0.0,0.0,0,0,0,0,False,0,0.0,0.0,0.0
1790796372.554,7.2,58.0,0,0,0.0,0.0,0,0,0,0,False,0,0.0,0.0,0.0
1790796373.554,9.3,58.0,0,0,0.0,0.0,0,0,0,0,False,0,0.0,0.0,0.0
1790796374.554,7.4,58.0,0,0,0.0,0.0,0,0,0,0,False,0,0.0,0.0,0.0
1790796375.554,6.7,57.9,0,0,0.0,0.0,0,0,0,0,False,0,0.0,0.0,0.0
1790796376.554,6.9,57.9,0,0,0.0,0.0,0,0,0,0,False,0,0.0,0.0,0.0
1790796377.555,7.1,58.0,0,0,0.0,0.0,0,0,0,0,False,0,0.0,0.0,0.0
1790796378.555,6.9,58.0,0,12287,0.0,2.0,0,0,0,0,False,0,0.0,0.0,0.0
1790796379.555,6.9,58.0,0,0,0.0,0.0,0,0,0,0,False,0,0.0,0.0,0.0
1790796380.555,7.2,57.6,0,3051303,0.0,43.0,0,0,0,0,False,0,0.0,0.0,0.0
1790796381.555,7.1,57.6,0,0,0.0,0.0,0,0,0,0,False,0,0.0,0.0,0.0
1790796382.555,6.9,57.6,0,0,0.0,0.0,0,0,0,0,False,0,0.0,0.0,0.0
1790796383.555,7.3,57.5,0,0,0.0,0.0,0,0,0,0,False,0,0.0,0.0,0.0
1790796384.555,9.4,57.5,0,118775,0.0,11.0,0,0,0,0,False,0,0.0,0.0,0.0
1790796385.555,6.9,57.5,0,1327008,0.0,13.0,0,0,0,0,False,0,0.0,0.0,0.0
1790796386.555,7.0,57.5,0,0,0.0,0.0,0,0,0,0,False,0,0.0,0.0,0.0
1790796387.555,7.1,57.5,0,167924,0.0,36.0,0,0,0,0,False,0,0.0,0.0,0.0
1790796388.555,7.0,57.3,0,0,0.0,0.0,0,0,0,0,False,0,0.0,0.0,0.0
1790796389.555,7.5,57.3,0,458719,0.0,6.0,0,0,0,0,False,0,0.0,0.0,0.0
1790796390.556,6.7,57.3,0,20479,0.0,2.0,0,0,0,0,False,0,0.0,0.0,0.0
1790796391.556,6.8,57.3,0,0,0.0,0.0,0,0,0,0,False,0,0.0,0.0,0.0
1790796392.556,6.6,57.3,0,0,0.0,0.0,0,0,0,0,False,0,0.0,0.0,0.0
1790796393.556,7.2,57.3,0,0,0.0,0.0,0,0,0,0,False,0,0.0,0.0,0.0
1790796394.556,10.4,57.3,0,24574,0.0,4.0,0,0,0,0,False,0,0.0,0.0,0.0
1790796395.556,7.3,57.2,0,61435,0.0,2.0,0,0,0,0,False,0,0.0,0.0,0.0
1790796396.556,6.8,57.2,0,540632,0.0,8.0,0,0,0,0,False,0,0.0,0.0,0.0
1790796397.556,6.6,57.2,0,184307,0.0,4.0,0,0,0,0,False,0,0.0,0.0,0.0
1790796398.556,6.4,57.2,0,0,0.0,0.0,0,0,0,0,False,0,0.0,0.0,0.0
1790796399.556,9.1,57.2,0,0,0.0,0.0,0,0,0,0,False,0,0.0,0.0,0.0
1790796400.556,6.9,57.2,0,0,0.0,0.0,0,0,0,0,False,0,0.0,0.0,0.0
1790796401.556,6.8,57.2,0,0,0.0,0.0,0,0,0,0,False,0,0.0,0.0,0.0
1790796402.556,8.7,57.1,0,45052,0.0,2.0,0,0,0,0,False,0,0.0,0.0,0.0
1790796403.556,6.8,57.1,0,0,0.0,0.0,0,0,0,0,False,0,0.0,0.0,0.0
1790796404.557,6.6,57.1,0,0,0.0,0.0,0,0,0,0,False,0,0.0,0.0,0.0
1790796405.557,6.4,57.0,0,0,0.0,0.0,0,0,0,0,False,0,0.0,0.0,0.0
1790796406.557,6.6,57.0,0,0,0.0,0.0,0,0,0,0,False,0,0.0,0.0,0.0
1790796407.557,6.5,57.1,0,0,0.0,0.0,0,0,0,0,False,0,0.0,0.0,0.0
1790796408.557,6.6,57.1,0,0,0.0,0.0,0,0,0,0,False,0,0.0,0.0,0.0
1790796409.557,8.6,57.1,0,0,0.0,0.0,0,0,0,0,False,0,0.0,0.0,0.0
1790796410.557,6.5,57.0,0,45053,0.0,8.0,0,0,0,0,False,0,0.0,0.0,0.0
1790796411.557,6.6,57.1,0,2662210,0.0,28.0,0,0,0,0,False,0,0.0,0.0,0.0
1790796412.557,6.6,57.1,0,0,0.0,0.0,0,0,0,0,False,0,0.0,0.0,0.0
1790796413.557,8.1,57.6,0,0,0.0,0.0,0,0,0,0,False,0,0.0,0.0,0.0
1790796414.557,11.7,58.1,0,86009,0.0,3.0,0,0,0,0,False,0,0.0,0.0,0.0
1790796415.557,8.4,58.5,0,159731,0.0,13.0,0,0,0,0,False,0,0.0,0.0,0.0
1790796416.557,6.7,58.4,0,8191,0.0,1.0,0,0,0,0,False,0,0.0,0.0,0.0
1790796417.557,6.6,58.4,0,0,0.0,0.0,0,0,0,0,False,0,0.0,0.0,0.0
1790796418.558,7.0,58.4,0,0,0.0,0.0,0,0,0,0,False,0,0.0,0.0,0.0
1790796419.558,6.8,58.3,0,0,0.0,0.0,0,0,0,0,False,0,0.0,0.0,0.0
1790796420.558,6.8,58.3,0,163829,0.0,37.0,0,0,0,0,False,0,0.0,0.0,0.0
1790796421.558,8.9,58.3,0,49149,0.0,2.0,0,0,0,0,False,0,0.0,0.0,0.0
1790796422.558,6.8,58.3,0,0,0.0,0.0,0,0,0,0,False,0,0.0,0.0,0.0
1790796423.558,10.5,58.2,0,0,0.0,0.0,0,0,0,0,False,0,0.0,0.0,0.0
1790796424.558,6.6,58.2,0,0,0.0,0.0,0,0,0,0,False,0,0.0,0.0,0.0
1790796425.558,6.6,58.1,0,0,0.0,0.0,0,0,0,0,False,0,0.0,0.0,0.0
1790796426.558,6.3,58.1,0,16383,0.0,4.0,0,0,0,0,False,0,0.0,0.0,0.0
1790796427.558,7.0,58.0,0,12287,0.0,2.0,0,0,0,0,False,0,0.0,0.0,0.0
1790796428.558,6.7,58.0,0,0,0.0,0.0,0,0,0,0,False,0,0.0,0.0,0.0
1790796429.558,9.7,58.1,0,0,0.0,0.0,0,0,0,0,False,0,0.0,0.0,0.0
1790796430.558,6.9,58.0,0,0,0.0,0.0,0,0,0,0,False,0,0.0,0.0,0.0
1790796431.559,6.7,58.0,0,0,0.0,0.0,0,0,0,0,False,0,0.0,0.0,0.0
1790796432.559,6.6,58.0,0,0,0.0,0.0,0,0,0,0,False,0,0.0,0.0,0.0
1790796433.559,8.7,58.0,0,0,0.0,0.0,0,0,0,0,False,0,0.0,0.0,0.0
1790796434.559,7.1,58.0,0,0,0.0,0.0,0,0,0,0,False,0,0.0,0.0,0.0
1790796435.559,6.9,58.0,0,0,0.0,0.0,0,0,0,0,False,0,0.0,0.0,0.0
1790796436.559,6.8,58.0,0,12287,0.0,2.0,0,0,0,0,False,0,0.0,0.0,0.0
1790796437.559,6.8,58.0,0,0,0.0,0.0,0,0,0,0,False,0,0.0,0.0,0.0
1790796438.559,6.6,57.9,0,0,0.0,0.0,0,0,0,0,False,0,0.0,0.0,0.0
1790796439.559,6.9,58.0,0,0,0.0,0.0,0,0,0,0,False,0,0.0,0.0,0.0
1790796440.559,6.9,57.9,0,0,0.0,0.0,0,0,0,0,False,0,0.0,0.0,0.0
1790796441.559,6.9,57.9,0,2416468,0.0,22.0,0,0,0,0,False,0,0.0,0.0,0.0
1790796442.559,6.6,57.9,0,0,0.0,0.0,0,0,0,0,False,0,0.0,0.0,0.0
1790796443.559,7.8,57.9,0,172020,0.0,22.0,0,0,0,0,False,0,0.0,0.0,0.0
1790796444.559,7.8,57.5,0,110584,0.0,13.0,0,0,0,0,False,0,0.0,0.0,0.0
1790796445.560,6.8,57.2,0,16383,0.0,1.0,0,0,0,0,False,0,0.0,0.0,0.0
1790796446.560,6.8,57.2,0,1327023,0.0,14.0,0,0,0,0,False,0,0.0,0.0,0.0
1790796447.560,6.7,57.2,0,0,0.0,0.0,0,0,0,0,False,0,0.0,0.0,0.0
1790796448.560,8.8,57.2,0,0,0.0,0.0,0,0,0,0,False,0,0.0,0.0,0.0
1790796449.560,6.9,57.2,0,0,0.0,0.0,0,0,0,0,False,0,0.0,0.0,0.0
1790796450.560,6.7,57.2,0,65531,0.0,2.0,0,0,0,0,False,0,0.0,0.0,0.0
1790796451.560,6.8,57.2,0,0,0.0,0.0,0,0,0,0,False,0,0.0,0.0,0.0
1790796452.560,9.1,57.3,0,122870,0.0,25.0,0,0,0,0,False,0,0.0,0.0,0.0
1790796453.560,7.8,57.3,0,0,0.0,0.0,0,0,0,0,False,0,0.0,0.0,0.0
1790796454.560,6.8,57.3,0,0,0.0,0.0,0,0,0,0,False,0,0.0,0.0,0.0
1790796455.560,6.5,57.2,0,0,0.0,0.0,0,0,0,0,False,0,0.0,0.0,0.0
1790796456.560,6.8,57.2,0,24574,0.0,4.0,0,0,0,0,False,0,0.0,0.0,0.0
1790796457.560,6.7,57.2,0,0,0.0,0.0,0,0,0,0,False,0,0.0,0.0,0.0
1790796458.560,6.8,57.3,0,0,0.0,0.0,0,0,0,0,False,0,0.0,0.0,0.0
1790796459.561,6.9,57.3,0,0,0.0,0.0,0,0,0,0,False,0,0.0,0.0,0.0
1790796460.561,6.8,57.3,0,40958,0.0,2.0,0,0,0,0,False,0,0.0,0.0,0.0
1790796461.561,9.1,57.1,0,4096,0.0,1.0,0,0,0,0,False,0,0.0,0.0,0.0
1790796462.561,6.8,57.1,0,0,0.0,0.0,0,0,0,0,False,0,0.0,0.0,0.0
1790796463.561,6.8,57.1,0,0,0.0,0.0,0,0,0,0,False,0,0.0,0.0,0.0
1790796464.561,6.6,57.1,0,0,0.0,0.0,0,0,0,0,False,0,0.0,0.0,0.0
1790796465.561,6.8,57.1,0,0,0.0,0.0,0,0,0,0,False,0,0.0,0.0,0.0
1790796466.561,6.8,57.1,0,0,0.0,0.0,0,0,0,0,False,0,0.0,0.0,0.0
1790796467.561,6.7,57.1,0,0,0.0,0.0,0,0,0,0,False,0,0.0,0.0,0.0
1790796468.561,6.7,57.2,0,0,0.0,0.0,0,0,0,0,False,0,0.0,0.0,0.0
1790796469.561,6.8,57.2,0,0,0.0,0.0,0,0,0,0,False,0,0.0,0.0,0.0
1790796470.561,9.6,57.2,0,0,0.0,0.0,0,0,0,0,False,0,0.0,0.0,0.0
1790796471.561,8.3,57.2,0,0,0.0,0.0,0,0,0,0,False,0,0.0,0.0,0.0
1790796472.561,9.2,57.2,0,2674460,0.0,28.0,0,0,0,0,False,0,0.0,0.0,0.0
1790796473.562,8.4,57.6,0,0,0.0,0.0,0,0,0,0,False,0,0.0,0.0,0.0
1790796474.562,7.2,57.6,0,118775,0.0,10.0,0,0,0,0,False,0,0.0,0.0,0.0
1790796475.562,6.5,57.6,0,0,0.0,0.0,0,0,0,0,False,0,0.0,0.0,0.0
1790796476.562,6.9,57.6,0,16383,0.0,1.0,0,0,0,0,False,0,0.0,0.0,0.0
1790796477.562,8.3,57.7,8977741,3292930,554.0,92.0,0,0,0,0,False,0,0.0,0.0,0.0
1790796478.562,6.9,57.7,0,0,0.0,0.0,0,0,0,0,False,0,0.0,0.0,0.0
1790796479.562,6.6,57.6,0,0,0.0,0.0,0,0,0,0,False,0,0.0,0.0,0.0
1790796480.562,7.0,57.6,0,0,0.0,0.0,0,0,0,0,False,0,0.0,0.0,0.0
1790796481.562,7.2,57.6,0,0,0.0,0.0,0,0,0,0,False,0,0.0,0.0,0.0
1790796482.562,10.3,57.6,0,0,0.0,0.0,0,0,0,0,False,0,0.0,0.0,0.0
1790796483.562,11.5,57.6,0,135156,0.0,2.0,0,0,0,0,False,0,0.0,0.0,0.0
1790796484.562,7.8,57.6,0,0,0.0,0.0,0,0,0,0,False,0,0.0,0.0,0.0
1790796485.563,6.9,57.5,0,0,0.0,0.0,0,0,0,0,False,0,0.0,0.0,0.0
1790796486.563,6.8,57.5,0,0,0.0,0.0,0,0,0,0,False,0,0.0,0.0,0.0
1790796487.563,7.0,57.5,0,16383,0.0,4.0,0,0,0,0,False,0,0.0,0.0,0.0
1790796488.563,6.9,57.5,0,2576204,0.0,24.0,0,0,0,0,False,0,0.0,0.0,0.0
1790796489.563,7.0,57.5,0,0,0.0,0.0,0,0,0,0,False,0,0.0,0.0,0.0
1790796490.563,8.7,57.6,0,69627,0.0,4.0,0,0,0,0,False,0,0.0,0.0,0.0
1790796491.563,25.0,58.1,0,393186,0.0,57.0,0,0,0,0,False,0,0.0,0.0,0.0
1790796492.564,39.1,59.1,0,184113,0.0,4.0,1,0,0,1,False,0,0.0,0.0,0.0
1790796493.564,32.0,59.0,0,0,0.0,0.0,1,1,0,1,False,0,0.0,0.0,0.0
1790796494.564,26.5,59.4,0,258029,0.0,13.0,1,1,0,1,False,0,0.0,0.0,0.0
1790796495.564,24.9,59.4,0,0,0.0,0.0,1,1,0,1,False,0,0.0,0.0,0.0
1790796496.564,23.3,59.3,0,0,0.0,0.0,1,1,0,1,False,0,0.0,0.0,0.0
1790796497.564,23.9,59.3,0,0,0.0,0.0,1,1,0,1,False,0,0.0,0.0,0.0
1790796498.565,23.3,59.4,0,0,0.0,0.0,1,1,0,1,False,0,0.0,0.0,0.0
1790796499.565,14.8,58.6,0,139254,0.0,4.0,0,0,0,0,False,0,0.0,0.0,0.0
1790796500.565,6.8,58.6,0,0,0.0,0.0,0,0,0,0,False,0,0.0,0.0,0.0
1790796501.565,7.1,58.5,0,0,0.0,0.0,0,0,0,0,False,0,0.0,0.0,0.0
1790796502.565,6.5,58.4,0,0,0.0,0.0,0,0,0,0,False,0,0.0,0.0,0.0
1790796503.565,7.4,58.3,0,2404183,0.0,22.0,0,0,0,0,False,0,0.0,0.0,0.0
1790796504.565,9.5,58.3,0,163829,0.0,3.0,0,0,0,0,False,0,0.0,0.0,0.0
1790796505.565,6.9,58.2,0,0,0.0,0.0,0,0,0,0,False,0,0.0,0.0,0.0
1790796506.565,7.0,58.2,0,0,0.0,0.0,0,0,0,0,False,0,0.0,0.0,0.0
1790796507.565,7.4,58.2,0,16383,0.0,1.0,0,0,0,0,False,0,0.0,0.0,0.0
1790796508.565,8.0,57.9,0,12287,0.0,1.0,0,0,0,0,False,0,0.0,0.0,0.0
1790796509.565,8.1,57.9,0,0,0.0,0.0,0,0,0,0,False,0,0.0,0.0,0.0
1790796510.565,8.6,57.9,0,4096,0.0,1.0,0,0,0,0,False,0,0.0,0.0,0.0
1790796511.565,11.5,57.9,0,0,0.0,0.0,0,0,0,0,False,0,0.0,0.0,0.0
1790796512.566,8.0,57.9,0,53244,0.0,2.0,0,0,0,0,False,0,0.0,0.0,0.0
1790796513.566,8.4,57.9,0,176120,0.0,4.0,0,0,0,0,False,0,0.0,0.0,0.0
1790796514.566,7.6,57.9,0,0,0.0,0.0,0,0,0,0,False,0,0.0,0.0,0.0
1790796515.566,7.2,57.9,0,0,0.0,0.0,0,0,0,0,False,0,0.0,0.0,0.0
1790796516.566,7.0,57.9,0,0,0.0,0.0,0,0,0,0,False,0,0.0,0.0,0.0
1790796517.566,6.8,57.8,0,0,0.0,0.0,0,0,0,0,False,0,0.0,0.0,0.0
1790796518.566,6.9,57.9,0,303082,0.0,11.0,0,0,0,0,False,0,0.0,0.0,0.0
1790796519.566,6.7,57.8,0,0,0.0,0.0,0,0,0,0,False,0,0.0,0.0,0.0
1790796520.566,6.9,57.8,0,86010,0.0,11.0,0,0,0,0,False,0,0.0,0.0,0.0
1790796521.566,9.5,57.8,0,0,0.0,0.0,0,0,0,0,False,0,0.0,0.0,0.0
1790796522.566,7.5,57.6,0,372709,0.0,38.0,0,0,0,0,False,0,0.0,0.0,0.0
1790796523.566,7.4,57.4,0,430049,0.0,76.0,0,0,0,0,False,0,0.0,0.0,0.0
1790796524.566,6.9,57.3,0,0,0.0,0.0,0,0,0,0,False,0,0.0,0.0,0.0
1790796525.566,6.6,57.3,0,0,0.0,0.0,0,0,0,0,False,0,0.0,0.0,0.0
1790796526.567,7.2,57.3,0,0,0.0,0.0,0,0,0,0,False,0,0.0,0.0,0.0
1790796527.567,7.1,57.3,0,110586,0.0,4.0,0,0,0,0,False,0,0.0,0.0,0.0
1790796528.567,7.0,57.4,0,1314716,0.0,11.0,0,0,0,0,False,0,0.0,0.0,0.0
1790796529.567,7.3,57.4,0,0,0.0,0.0,0,0,0,0,False,0,0.0,0.0,0.0
1790796530.567,6.9,57.4,0,0,0.0,0.0,0,0,0,0,False,0,0.0,0.0,0.0
1790796531.567,7.2,57.4,0,0,0.0,0.0,0,0,0,0,False,0,0.0,0.0,0.0
1790796532.567,7.9,57.4,0,0,0.0,0.0,0,0,0,0,False,0,0.0,0.0,0.0
1790796533.567,12.0,57.7,0,81913,0.0,5.0,0,0,0,0,False,0,0.0,0.0,0.0
1790796534.567,8.2,57.7,0,2797353,0.0,29.0,0,0,0,0,False,0,0.0,0.0,0.0
1790796535.567,6.8,57.7,0,0,0.0,0.0,0,0,0,0,False,0,0.0,0.0,0.0
1790796536.567,7.3,57.8,0,0,0.0,0.0,0,0,0,0,False,0,0.0,0.0,0.0
1790796537.567,6.8,57.7,0,0,0.0,0.0,0,0,0,0,False,0,0.0,0.0,0.0
1790796538.567,7.1,57.7,0,73723,0.0,3.0,0,0,0,0,False,0,0.0,0.0,0.0
1790796539.567,10.2,57.7,0,8191,0.0,1.0,0,0,0,0,False,0,0.0,0.0,0.0
1790796540.568,7.0,57.6,0,0,0.0,0.0,0,0,0,0,False,0,0.0,0.0,0.0
1790796541.568,7.0,57.6,0,0,0.0,0.0,0,0,0,0,False,0,0.0,0.0,0.0
1790796542.568,6.8,57.6,0,0,0.0,0.0,0,0,0,0,False,0,0.0,0.0,0.0
1790796543.568,7.1,57.6,0,0,0.0,0.0,0,0,0,0,False,0,0.0,0.0,0.0
1790796544.568,7.2,57.6,0,40957,0.0,2.0,0,0,0,0,False,0,0.0,0.0,0.0
1790796545.568,7.1,57.6,0,0,0.0,0.0,0,0,0,0,False,0,0.0,0.0,0.0
1790796546.568,6.9,57.6,0,0,0.0,0.0,0,0,0,0,False,0,0.0,0.0,0.0
1790796547.568,6.8,57.6,0,0,0.0,0.0,0,0,0,0,False,0,0.0,0.0,0.0
1790796548.568,7.3,57.7,0,0,0.0,0.0,0,0,0,0,False,0,0.0,0.0,0.0
1790796549.568,11.3,58.2,0,122872,0.0,7.0,0,0,0,0,False,0,0.0,0.0,0.0
1790796550.568,9.3,58.4,0,155637,0.0,12.0,0,0,0,0,False,0,0.0,0.0,0.0
1790796551.568,7.1,58.4,0,0,0.0,0.0,0,0,0,0,False,0,0.0,0.0,0.0
1790796552.568,7.1,58.4,0,0,0.0,0.0,0,0,0,0,False,0,0.0,0.0,0.0
1790796553.569,9.7,58.5,0,90105,0.0,11.0,0,0,0,0,False,0,0.0,0.0,0.0
1790796554.569,7.1,58.4,0,0,0.0,0.0,0,0,0,0,False,0,0.0,0.0,0.0
1790796555.569,7.2,58.4,0,0,0.0,0.0,0,0,0,0,False,0,0.0,0.0,0.0
1790796556.569,7.2,58.4,0,0,0.0,0.0,0,0,0,0,False,0,0.0,0.0,0.0
1790796557.569,6.7,58.4,0,0,0.0,0.0,0,0,0,0,False,0,0.0,0.0,0.0
1790796558.569,7.1,58.4,0,221168,0.0,49.0,0,0,0,0,False,0,0.0,0.0,0.0
1790796559.569,6.9,58.4,0,0,0.0,0.0,0,0,0,0,False,0,0.0,0.0,0.0
1790796560.569,6.9,58.4,0,0,0.0,0.0,0,0,0,0,False,0,0.0,0.0,0.0
1790796561.569,7.0,58.4,0,0,0.0,0.0,0,0,0,0,False,0,0.0,0.0,0.0
1790796562.569,7.1,58.4,0,0,0.0,0.0,0,0,0,0,False,0,0.0,0.0,0.0
1790796563.569,8.3,58.3,0,0,0.0,0.0,0,0,0,0,False,0,0.0,0.0,0.0
1790796564.569,10.0,58.2,0,2408267,0.0,24.0,0,0,0,0,False,0,0.0,0.0,0.0
1790796565.569,8.2,58.2,0,0,0.0,0.0,0,0,0,0,False,0,0.0,0.0,0.0
1790796566.569,8.8,58.2,0,0,0.0,0.0,0,0,0,0,False,0,0.0,0.0,0.0
1790796567.570,8.3,58.1,0,0,0.0,0.0,0,0,0,0,False,0,0.0,0.0,0.0
1790796568.570,11.7,58.1,0,16383,0.0,1.0,0,0,0,0,False,0,0.0,0.0,0.0
1790796569.570,7.0,58.1,0,1236901,0.0,10.0,0,0,0,0,False,0,0.0,0.0,0.0
1790796570.570,6.8,58.1,0,69627,0.0,2.0,0,0,0,0,False,0,0.0,0.0,0.0
1790796571.570,6.9,58.1,0,0,0.0,0.0,0,0,0,0,False,0,0.0,0.0,0.0
1790796572.570,6.7,58.1,0,0,0.0,0.0,0,0,0,0,False,0,0.0,0.0,0.0
1790796573.570,7.1,57.9,0,0,0.0,0.0,0,0,0,0,False,0,0.0,0.0,0.0
1790796574.570,6.9,57.8,0,0,0.0,0.0,0,0,0,0,False,0,0.0,0.0,0.0
1790796575.570,6.9,57.9,0,0,0.0,0.0,0,0,0,0,False,0,0.0,0.0,0.0
1790796576.570,7.1,57.9,0,0,0.0,0.0,0,0,0,0,False,0,0.0,0.0,0.0
1790796577.570,6.8,57.9,0,0,0.0,0.0,0,0,0,0,False,0,0.0,0.0,0.0
1790796578.570,6.8,57.9,0,172019,0.0,16.0,0,0,0,0,False,0,0.0,0.0,0.0
1790796579.570,9.4,57.4,0,0,0.0,0.0,0,0,0,0,False,0,0.0,0.0,0.0
1790796580.570,6.6,57.4,0,49148,0.0,9.0,0,0,0,0,False,0,0.0,0.0,0.0
1790796581.571,6.8,57.3,0,0,0.0,0.0,0,0,0,0,False,0,0.0,0.0,0.0
1790796582.571,6.6,57.3,0,0,0.0,0.0,0,0,0,0,False,0,0.0,0.0,0.0
1790796583.571,7.8,57.4,0,81914,0.0,2.0,0,0,0,0,False,0,0.0,0.0,0.0
1790796584.571,6.9,57.3,0,0,0.0,0.0,0,0,0,0,False,0,0.0,0.0,0.0
1790796585.571,6.5,57.3,0,1314718,0.0,11.0,0,0,0,0,False,0,0.0,0.0,0.0
1790796586.571,7.1,57.4,0,0,0.0,0.0,0,0,0,0,False,0,0.0,0.0,0.0
1790796587.571,7.2,57.3,0,0,0.0,0.0,0,0,0,0,False,0,0.0,0.0,0.0
1790796588.571,6.6,57.3,0,0,0.0,0.0,0,0,0,0,False,0,0.0,0.0,0.0
1790796589.571,6.5,57.3,0,0,0.0,0.0,0,0,0,0,False,0,0.0,0.0,0.0
1790796590.571,6.6,57.3,0,24574,0.0,2.0,0,0,0,0,False,0,0.0,0.0,0.0
1790796591.571,6.5,57.4,0,176115,0.0,4.0,0,0,0,0,False,0,0.0,0.0,0.0
1790796592.571,9.8,57.5,0,0,0.0,0.0,0,0,0,0,False,0,0.0,0.0,0.0
1790796593.571,8.9,57.8,0,0,0.0,0.0,0,0,0,0,False,0,0.0,0.0,0.0
1790796594.571,9.7,58.0,40957,114680,5.0,3.0,0,0,0,0,False,0,0.0,0.0,0.0
1790796595.572,11.7,58.6,0,3329813,0.0,88.0,0,0,0,0,False,0,0.0,0.0,0.0
1790796596.572,8.4,58.8,0,163831,0.0,12.0,0,0,0,0,False,0,0.0,0.0,0.0
1790796597.572,6.7,58.8,0,0,0.0,0.0,0,0,0,0,False,0,0.0,0.0,0.0
1790796598.572,6.8,58.7,0,0,0.0,0.0,0,0,0,0,False,0,0.0,0.0,0.0
1790796599.572,6.5,58.7,0,16383,0.0,1.0,0,0,0,0,False,0,0.0,0.0,0.0
1790796600.572,13.4,58.8,0,32766,0.0,1.0,0,0,0,0,False,0,0.0,0.0,0.0
1790796601.572,30.3,59.3,0,81914,0.0,5.0,2,0,0,2,False,0,0.0,0.0,0.0
1790796602.572,19.1,58.7,0,2043760,0.0,22.0,0,0,0,0,False,0,0.0,0.0,0.0
1790796603.572,8.5,58.8,0,643023,0.0,14.0,0,0,0,0,False,0,0.0,0.0,0.0
1790796604.572,8.4,58.8,0,24574,0.0,3.0,0,0,0,0,False,0,0.0,0.0,0.0
1790796605.572,7.6,58.7,0,0,0.0,0.0,0,0,0,0,False,0,0.0,0.0,0.0
1790796606.572,6.6,58.7,0,0,0.0,0.0,0,0,0,0,False,0,0.0,0.0,0.0
1790796607.572,12.0,58.6,0,0,0.0,0.0,0,0,0,0,False,0,0.0,0.0,0.0
1790796608.572,6.8,58.6,0,1208233,0.0,14.0,0,0,0,0,False,0,0.0,0.0,0.0
1790796609.573,6.6,58.6,0,53244,0.0,2.0,0,0,0,0,False,0,0.0,0.0,0.0
1790796610.573,6.8,58.5,0,4096,0.0,1.0,0,0,0,0,False,0,0.0,0.0,0.0
1790796611.573,6.6,58.5,0,442335,0.0,11.0,0,0,0,0,False,0,0.0,0.0,0.0
1790796612.573,8.9,58.4,0,90105,0.0,1.0,0,0,0,0,False,0,0.0,0.0,0.0
1790796613.573,7.8,58.4,0,0,0.0,0.0,0,0,0,0,False,0,0.0,0.0,0.0
1790796614.573,21.9,59.0,0,32766,0.0,1.0,0,0,0,0,False,0,0.0,0.0,0.0
1790796615.573,24.8,59.7,0,0,0.0,0.0,1,0,0,1,False,0,0.0,0.0,0.0
1790796616.573,12.5,59.0,0,1286031,0.0,12.0,0,0,0,0,False,0,0.0,0.0,0.0
1790796617.573,6.9,59.0,0,0,0.0,0.0,0,0,0,0,False,0,0.0,0.0,0.0
1790796618.573,6.6,59.0,0,630736,0.0,6.0,0,0,0,0,False,0,0.0,0.0,0.0
1790796619.573,6.4,59.0,0,0,0.0,0.0,0,0,0,0,False,0,0.0,0.0,0.0
1790796620.573,6.8,59.0,0,0,0.0,0.0,0,0,0,0,False,0,0.0,0.0,0.0
1790796621.573,7.4,59.0,0,0,0.0,0.0,0,0,0,0,False,0,0.0,0.0,0.0
1790796622.573,6.8,59.0,0,0,0.0,0.0,0,0,0,0,False,0,0.0,0.0,0.0
1790796623.574,7.6,59.0,0,0,0.0,0.0,0,0,0,0,False,0,0.0,0.0,0.0
1790796624.574,7.5,58.8,0,319466,0.0,35.0,0,0,0,0,False,0,0.0,0.0,0.0
1790796625.574,9.6,58.6,0,0,0.0,0.0,0,0,0,0,False,0,0.0,0.0,0.0
1790796626.574,7.9,58.5,0,3006254,0.0,37.0,0,0,0,0,False,0,0.0,0.0,0.0
1790796627.574,8.5,58.4,0,769994,0.0,97.0,0,0,0,0,False,0,0.0,0.0,0.0
1790796628.574,8.6,58.5,0,0,0.0,0.0,0,0,0,0,False,0,0.0,0.0,0.0
1790796629.574,8.1,58.4,0,0,0.0,0.0,0,0,0,0,False,0,0.0,0.0,0.0
1790796630.574,8.0,58.4,0,16383,0.0,1.0,0,0,0,0,False,0,0.0,0.0,0.0
1790796631.574,7.0,58.4,0,1376156,0.0,14.0,0,0,0,0,False,0,0.0,0.0,0.0
1790796632.574,6.9,58.4,0,0,0.0,0.0,0,0,0,0,False,0,0.0,0.0,0.0
1790796633.574,7.1,58.4,0,0,0.0,0.0,0,0,0,0,False,0,0.0,0.0,0.0
1790796634.574,6.8,58.4,0,0,0.0,0.0,0,0,0,0,False,0,0.0,0.0,0.0
1790796635.574,10.2,58.4,0,102393,0.0,3.0,0,0,0,0,False,0,0.0,0.0,0.0
1790796636.575,6.6,58.4,0,53244,0.0,2.0,0,0,0,0,False,0,0.0,0.0,0.0
1790796637.575,6.9,58.4,0,0,0.0,0.0,0,0,0,0,False,0,0.0,0.0,0.0
1790796638.575,6.9,58.4,0,0,0.0,0.0,0,0,0,0,False,0,0.0,0.0,0.0
1790796639.575,6.8,58.4,0,0,0.0,0.0,0,0,0,0,False,0,0.0,0.0,0.0
1790796640.575,6.7,58.4,0,1236902,0.0,10.0,0,0,0,0,False,0,0.0,0.0,0.0
1790796641.575,8.7,58.3,0,0,0.0,0.0,0,0,0,0,False,0,0.0,0.0,0.0
1790796642.575,7.0,58.3,0,0,0.0,0.0,0,0,0,0,False,0,0.0,0.0,0.0
1790796643.575,7.0,58.3,0,430048,0.0,10.0,0,0,0,0,False,0,0.0,0.0,0.0
1790796644.575,6.9,58.3,0,53244,0.0,2.0,0,0,0,0,False,0,0.0,0.0,0.0
1790796645.575,6.7,58.3,0,57340,0.0,1.0,0,0,0,0,False,0,0.0,0.0,0.0
1790796646.575,6.9,58.3,0,0,0.0,0.0,0,0,0,0,False,0,0.0,0.0,0.0
1790796647.575,6.9,58.3,0,0,0.0,0.0,0,0,0,0,False,0,0.0,0.0,0.0
1790796648.575,6.8,58.3,0,0,0.0,0.0,0,0,0,0,False,0,0.0,0.0,0.0
1790796649.575,7.0,58.3,0,0,0.0,0.0,0,0,0,0,False,0,0.0,0.0,0.0
1790796650.576,11.9,58.6,0,15059933,0.0,121.0,0,0,0,0,False,0,0.0,0.0,0.0
1790796651.576,11.5,59.0,0,184310,0.0,12.0,0,0,0,0,False,0,0.0,0.0,0.0
1790796652.576,8.6,58.9,0,0,0.0,0.0,0,0,0,0,False,0,0.0,0.0,0.0
1790796653.576,9.4,59.1,0,0,0.0,0.0,0,0,0,0,False,0,0.0,0.0,0.0
1790796654.576,7.9,59.1,0,126967,0.0,10.0,0,0,0,0,False,0,0.0,0.0,0.0
1790796655.576,6.8,59.0,0,0,0.0,0.0,0,0,0,0,False,0,0.0,0.0,0.0
1790796656.576,6.8,59.0,0,2969381,0.0,31.0,0,0,0,0,False,0,0.0,0.0,0.0
1790796657.576,6.8,58.9,0,0,0.0,0.0,0,0,0,0,False,0,0.0,0.0,0.0
1790796658.576,6.7,59.0,0,0,0.0,0.0,0,0,0,0,False,0,0.0,0.0,0.0
1790796659.576,6.8,59.0,0,0,0.0,0.0,0,0,0,0,False,0,0.0,0.0,0.0
1790796660.576,6.9,58.9,0,49148,0.0,3.0,0,0,0,0,False,0,0.0,0.0,0.0
1790796661.576,6.6,58.9,0,4096,0.0,1.0,0,0,0,0,False,0,0.0,0.0,0.0
1790796662.576,6.8,58.9,0,229359,0.0,48.0,0,0,0,0,False,0,0.0,0.0,0.0
1790796663.576,9.0,58.9,0,0,0.0,0.0,0,0,0,0,False,0,0.0,0.0,0.0
1790796664.577,10.2,58.8,0,0,0.0,0.0,0,0,0,0,False,0,0.0,0.0,0.0
1790796665.577,7.0,58.7,0,0,0.0,0.0,0,0,0,0,False,0,0.0,0.0,0.0
1790796666.577,6.8,58.7,0,16383,0.0,2.0,0,0,0,0,False,0,0.0,0.0,0.0
1790796667.577,6.9,58.7,0,4096,0.0,1.0,0,0,0,0,False,0,0.0,0.0,0.0
1790796668.577,7.0,58.7,0,0,0.0,0.0,0,0,0,0,False,0,0.0,0.0,0.0
1790796669.577,7.0,58.7,0,0,0.0,0.0,0,0,0,0,False,0,0.0,0.0,0.0
1790796670.577,6.9,58.7,0,1236901,0.0,10.0,0,0,0,0,False,0,0.0,0.0,0.0
1790796671.577,6.8,58.7,0,0,0.0,0.0,0,0,0,0,False,0,0.0,0.0,0.0
1790796672.577,6.9,58.7,0,53244,0.0,2.0,0,0,0,0,False,0,0.0,0.0,0.0
1790796673.577,7.1,58.7,0,0,0.0,0.0,0,0,0,0,False,0,0.0,0.0,0.0
1790796674.577,9.0,58.7,0,24574,0.0,4.0,0,0,0,0,False,0,0.0,0.0,0.0
1790796675.577,6.7,58.6,0,0,0.0,0.0,0,0,0,0,False,0,0.0,0.0,0.0
1790796676.577,7.2,58.6,0,0,0.0,0.0,0,0,0,0,False,0,0.0,0.0,0.0
1790796677.577,7.0,58.6,0,0,0.0,0.0,0,0,0,0,False,0,0.0,0.0,0.0
1790796678.578,7.1,58.6,0,0,0.0,0.0,0,0,0,0,False,0,0.0,0.0,0.0
1790796679.578,7.0,58.6,0,0,0.0,0.0,0,0,0,0,False,0,0.0,0.0,0.0
1790796680.578,7.6,58.2,0,77818,0.0,10.0,0,0,0,0,False,0,0.0,0.0,0.0
1790796681.578,6.8,58.2,0,0,0.0,0.0,0,0,0,0,False,0,0.0,0.0,0.0
1790796682.578,7.0,58.2,0,1322909,0.0,13.0,0,0,0,0,False,0,0.0,0.0,0.0
1790796683.578,7.7,58.1,0,0,0.0,0.0,0,0,0,0,False,0,0.0,0.0,0.0
1790796684.578,8.3,58.1,0,110584,0.0,10.0,0,0,0,0,False,0,0.0,0.0,0.0
1790796685.578,8.9,58.1,0,77818,0.0,11.0,0,0,0,0,False,0,0.0,0.0,0.0
1790796686.578,8.5,58.1,0,0,0.0,0.0,0,0,0,0,False,0,0.0,0.0,0.0
1790796687.578,7.8,58.1,0,12287,0.0,2.0,0,0,0,0,False,0,0.0,0.0,0.0
1790796688.578,7.4,57.9,0,0,0.0,0.0,0,0,0,0,False,0,0.0,0.0,0.0
1790796689.578,7.1,57.9,0,434155,0.0,5.0,0,0,0,0,False,0,0.0,0.0,0.0
1790796690.578,6.9,57.9,0,0,0.0,0.0,0,0,0,0,False,0,0.0,0.0,0.0
1790796691.578,7.1,57.9,0,16383,0.0,1.0,0,0,0,0,False,0,0.0,0.0,0.0
1790796692.579,7.3,57.9,0,2801454,0.0,31.0,0,0,0,0,False,0,0.0,0.0,0.0
1790796693.579,9.5,57.9,0,0,0.0,0.0,0,0,0,0,False,0,0.0,0.0,0.0
1790796694.579,7.3,57.9,0,192497,0.0,4.0,0,0,0,0,False,0,0.0,0.0,0.0
1790796695.579,7.1,57.8,0,0,0.0,0.0,0,0,0,0,False,0,0.0,0.0,0.0
1790796696.579,7.3,57.8,0,0,0.0,0.0,0,0,0,0,False,0,0.0,0.0,0.0
1790796697.579,7.3,57.8,0,122870,0.0,26.0,0,0,0,0,False,0,0.0,0.0,0.0
1790796698.579,7.1,57.9,0,0,0.0,0.0,0,0,0,0,False,0,0.0,0.0,0.0
1790796699.579,6.8,57.8,0,69627,0.0,2.0,0,0,0,0,False,0,0.0,0.0,0.0
1790796700.579,7.0,57.8,0,0,0.0,0.0,0,0,0,0,False,0,0.0,0.0,0.0
1790796701.579,7.1,57.8,0,0,0.0,0.0,0,0,0,0,False,0,0.0,0.0,0.0
1790796702.579,7.4,57.8,0,0,0.0,0.0,0,0,0,0,False,0,0.0,0.0,0.0
1790796703.579,10.7,57.8,0,0,0.0,0.0,0,0,0,0,False,0,0.0,0.0,0.0
1790796704.579,10.2,57.8,0,0,0.0,0.0,0,0,0,0,False,0,0.0,0.0,0.0
1790796705.580,8.5,57.8,0,36861,0.0,2.0,0,0,0,0,False,0,0.0,0.0,0.0
1790796706.580,8.2,57.8,0,12287,0.0,3.0,0,0,0,0,False,0,0.0,0.0,0.0
1790796707.580,7.1,57.7,0,0,0.0,0.0,0,0,0,0,False,0,0.0,0.0,0.0
1790796708.580,7.2,57.8,0,0,0.0,0.0,0,0,0,0,False,0,0.0,0.0,0.0
1790796709.580,7.0,57.8,0,0,0.0,0.0,0,0,0,0,False,0,0.0,0.0,0.0
1790796710.580,7.0,57.8,0,0,0.0,0.0,0,0,0,0,False,0,0.0,0.0,0.0
1790796711.580,6.9,57.8,0,0,0.0,0.0,0,0,0,0,False,0,0.0,0.0,0.0
1790796712.580,7.1,57.8,0,0,0.0,0.0,0,0,0,0,False,0,0.0,0.0,0.0
1790796713.580,8.7,58.2,0,12287,0.0,1.0,0,0,0,0,False,0,0.0,0.0,0.0
1790796714.580,7.4,58.2,0,0,0.0,0.0,0,0,0,0,False,0,0.0,0.0,0.0
1790796715.580,6.8,58.2,0,49148,0.0,2.0,0,0,0,0,False,0,0.0,0.0,0.0
1790796716.580,7.1,58.2,0,0,0.0,0.0,0,0,0,0,False,0,0.0,0.0,0.0
1790796717.580,6.9,58.2,0,0,0.0,0.0,0,0,0,0,False,0,0.0,0.0,0.0
1790796718.580,7.1,58.2,0,86010,0.0,12.0,0,0,0,0,False,0,0.0,0.0,0.0
1790796719.581,7.0,58.2,0,0,0.0,0.0,0,0,0,0,False,0,0.0,0.0,0.0
1790796720.581,7.6,58.2,0,0,0.0,0.0,0,0,0,0,False,0,0.0,0.0,0.0
1790796721.581,6.6,58.2,0,0,0.0,0.0,0,0,0,0,False,0,0.0,0.0,0.0
1790796722.581,7.6,58.1,0,16383,0.0,1.0,0,0,0,0,False,0,0.0,0.0,0.0
1790796723.581,10.6,58.1,0,0,0.0,0.0,0,0,0,0,False,0,0.0,0.0,0.0
1790796724.581,8.5,58.1,0,0,0.0,0.0,0,0,0,0,False,0,0.0,0.0,0.0
1790796725.581,7.9,58.1,0,0,0.0,0.0,0,0,0,0,False,0,0.0,0.0,0.0
1790796726.581,6.8,58.1,0,24574,0.0,2.0,0,0,0,0,False,0,0.0,0.0,0.0
1790796727.581,7.1,58.1,0,0,0.0,0.0,0,0,0,0,False,0,0.0,0.0,0.0
1790796728.581,6.6,58.1,0,3448594,0.0,35.0,0,0,0,0,False,0,0.0,0.0,0.0
1790796729.581,9.2,58.2,0,0,0.0,0.0,0,0,0,0,False,0,0.0,0.0,0.0
1790796730.581,6.5,58.1,0,106489,0.0,24.0,0,0,0,0,False,0,0.0,0.0,0.0
1790796731.581,6.7,58.1,0,0,0.0,0.0,0,0,0,0,False,0,0.0,0.0,0.0
1790796732.581,6.5,58.1,0,4096,0.0,1.0,0,0,0,0,False,0,0.0,0.0,0.0
1790796733.582,10.2,58.1,0,28670,0.0,2.0,0,0,0,0,False,0,0.0,0.0,0.0
1790796734.582,6.8,58.1,0,0,0.0,0.0,0,0,0,0,False,0,0.0,0.0,0.0
1790796735.582,8.3,58.4,0,0,0.0,0.0,0,0,0,0,False,0,0.0,0.0,0.0
1790796736.582,10.2,58.7,0,94201,0.0,3.0,0,0,0,0,False,0,0.0,0.0,0.0
1790796737.582,8.6,59.1,0,184307,0.0,16.0,0,0,0,0,False,0,0.0,0.0,0.0
1790796738.582,6.5,59.1,0,0,0.0,0.0,0,0,0,0,False,0,0.0,0.0,0.0
1790796739.582,6.6,59.1,0,0,0.0,0.0,0,0,0,0,False,0,0.0,0.0,0.0
1790796740.582,6.8,59.0,0,0,0.0,0.0,0,0,0,0,False,0,0.0,0.0,0.0
1790796741.582,7.7,58.9,0,0,0.0,0.0,0,0,0,0,False,0,0.0,0.0,0.0
1790796742.582,8.3,58.9,0,0,0.0,0.0,0,0,0,0,False,0,0.0,0.0,0.0
1790796743.582,8.8,59.0,4096,16383,1.0,2.0,0,0,0,0,False,0,0.0,0.0,0.0
1790796744.582,7.0,58.9,0,0,0.0,0.0,0,0,0,0,False,0,0.0,0.0,0.0
1790796745.582,6.7,58.9,0,155636,0.0,16.0,0,0,0,0,False,0,0.0,0.0,0.0
1790796746.582,9.5,58.9,0,0,0.0,0.0,0,0,0,0,False,0,0.0,0.0,0.0
1790796747.583,7.6,58.9,0,0,0.0,0.0,0,0,0,0,False,0,0.0,0.0,0.0
1790796748.583,8.7,58.8,0,0,0.0,0.0,0,0,0,0,False,0,0.0,0.0,0.0
1790796749.583,6.4,58.7,0,16383,0.0,1.0,0,0,0,0,False,0,0.0,0.0,0.0
1790796750.583,6.5,58.7,0,0,0.0,0.0,0,0,0,0,False,0,0.0,0.0,0.0
1790796751.583,6.8,58.7,0,86010,0.0,2.0,0,0,0,0,False,0,0.0,0.0,0.0
1790796752.583,9.2,58.7,0,0,0.0,0.0,0,0,0,0,False,0,0.0,0.0,0.0
1790796753.583,7.1,58.6,0,16383,0.0,1.0,0,0,0,0,False,0,0.0,0.0,0.0
1790796754.583,6.6,58.6,0,12287,0.0,3.0,0,0,0,0,False,0,0.0,0.0,0.0
1790796755.583,10.4,58.6,0,0,0.0,0.0,0,0,0,0,False,0,0.0,0.0,0.0
1790796756.583,7.1,58.5,0,208881,0.0,4.0,0,0,0,0,False,0,0.0,0.0,0.0
1790796757.583,7.0,58.5,0,0,0.0,0.0,0,0,0,0,False,0,0.0,0.0,0.0
1790796758.583,6.8,58.5,0,0,0.0,0.0,0,0,0,0,False,0,0.0,0.0,0.0
1790796759.583,6.6,58.5,0,2961172,0.0,27.0,0,0,0,0,False,0,0.0,0.0,0.0
1790796760.584,6.7,58.4,0,0,0.0,0.0,0,0,0,0,False,0,0.0,0.0,0.0
1790796761.584,6.9,58.3,0,442333,0.0,7.0,0,0,0,0,False,0,0.0,0.0,0.0
1790796762.584,7.1,58.3,0,0,0.0,0.0,0,0,0,0,False,0,0.0,0.0,0.0
1790796763.584,7.3,58.4,0,0,0.0,0.0,0,0,0,0,False,0,0.0,0.0,0.0
1790796764.584,6.8,58.3,0,192499,0.0,43.0,0,0,0,0,False,0,0.0,0.0,0.0
1790796765.584,7.5,58.4,0,262123,0.0,31.0,0,0,0,0,False,0,0.0,0.0,0.0
1790796766.584,9.3,57.9,0,0,0.0,0.0,0,0,0,0,False,0,0.0,0.0,0.0
1790796767.584,6.9,57.8,0,1327001,0.0,11.0,0,0,0,0,False,0,0.0,0.0,0.0
1790796768.584,6.9,57.8,0,0,0.0,0.0,0,0,0,0,False,0,0.0,0.0,0.0
1790796769.584,7.0,57.8,0,1363865,0.0,19.0,0,0,0,0,False,0,0.0,0.0,0.0
1790796770.584,6.9,57.8,0,0,0.0,0.0,0,0,0,0,False,0,0.0,0.0,0.0
1790796771.584,6.6,57.8,0,118775,0.0,2.0,0,0,0,0,False,0,0.0,0.0,0.0
1790796772.584,6.9,57.8,0,0,0.0,0.0,0,0,0,0,False,0,0.0,0.0,0.0
1790796773.585,8.5,58.2,0,0,0.0,0.0,0,0,0,0,False,0,0.0,0.0,0.0
1790796774.585,8.9,58.2,0,389089,0.0,4.0,0,0,0,0,False,0,0.0,0.0,0.0
1790796775.585,8.2,58.2,0,0,0.0,0.0,0,0,0,0,False,0,0.0,0.0,0.0
1790796776.585,7.2,58.2,0,0,0.0,0.0,0,0,0,0,False,0,0.0,0.0,0.0
1790796777.585,6.8,58.2,0,0,0.0,0.0,0,0,0,0,False,0,0.0,0.0,0.0
1790796778.585,6.8,58.2,0,0,0.0,0.0,0,0,0,0,False,0,0.0,0.0,0.0
1790796779.585,6.8,58.2,0,90106,0.0,4.0,0,0,0,0,False,0,0.0,0.0,0.0
1790796780.585,7.0,58.2,0,0,0.0,0.0,0,0,0,0,False,0,0.0,0.0,0.0
1790796781.585,8.7,58.2,0,0,0.0,0.0,0,0,0,0,False,0,0.0,0.0,0.0
1790796782.585,6.9,58.2,0,0,0.0,0.0,0,0,0,0,False,0,0.0,0.0,0.0
1790796783.585,20.1,58.6,0,49148,0.0,2.0,0,0,0,0,False,0,0.0,0.0,0.0
1790796784.585,23.8,58.9,0,180211,0.0,3.0,1,0,0,1,False,0,0.0,0.0,0.0
1790796785.585,9.1,58.3,0,49148,0.0,2.0,0,0,0,0,False,0,0.0,0.0,0.0
1790796786.585,7.0,58.3,0,0,0.0,0.0,0,0,0,0,False,0,0.0,0.0,0.0
1790796787.586,7.1,58.2,0,0,0.0,0.0,0,0,0,0,False,0,0.0,0.0,0.0
1790796788.586,6.8,58.2,0,0,0.0,0.0,0,0,0,0,False,0,0.0,0.0,0.0
1790796789.586,6.8,58.2,0,0,0.0,0.0,0,0,0,0,False,0,0.0,0.0,0.0
1790796790.586,8.1,58.2,0,2817849,0.0,31.0,0,0,0,0,False,0,0.0,0.0,0.0
1790796791.586,8.2,58.2,0,0,0.0,0.0,0,0,0,0,False,0,0.0,0.0,0.0
1790796792.586,9.9,58.2,0,0,0.0,0.0,0,0,0,0,False,0,0.0,0.0,0.0
1790796793.586,15.3,59.0,0,81913,0.0,3.0,0,0,0,0,False,0,0.0,0.0,0.0
1790796794.586,7.5,59.0,0,0,0.0,0.0,0,0,0,0,False,0,0.0,0.0,0.0
1790796795.586,8.3,58.9,0,155637,0.0,12.0,0,0,0,0,False,0,0.0,0.0,0.0
1790796796.586,6.8,58.8,0,491484,0.0,88.0,0,0,0,0,False,0,0.0,0.0,0.0
1790796797.586,7.0,58.8,0,0,0.0,0.0,0,0,0,0,False,0,0.0,0.0,0.0
1790796798.586,17.6,59.3,0,81914,0.0,5.0,0,0,0,0,False,0,0.0,0.0,0.0
1790796799.586,22.3,58.9,0,249835,0.0,12.0,0,0,0,0,False,0,0.0,0.0,0.0
1790796800.587,6.9,58.8,0,0,0.0,0.0,0,0,0,0,False,0,0.0,0.0,0.0
1790796801.587,6.8,58.8,0,0,0.0,0.0,0,0,0,0,False,0,0.0,0.0,0.0
1790796802.587,7.0,58.8,0,0,0.0,0.0,0,0,0,0,False,0,0.0,0.0,0.0
1790796803.587,7.8,58.7,0,139254,0.0,3.0,0,0,0,0,False,0,0.0,0.0,0.0
1790796804.587,7.2,58.6,0,0,0.0,0.0,0,0,0,0,False,0,0.0,0.0,0.0
1790796805.587,6.8,58.6,0,12287,0.0,1.0,0,0,0,0,False,0,0.0,0.0,0.0
1790796806.587,8.0,58.6,0,0,0.0,0.0,0,0,0,0,False,0,0.0,0.0,0.0
1790796807.587,8.6,58.6,0,0,0.0,0.0,0,0,0,0,False,0,0.0,0.0,0.0
1790796808.587,7.9,58.6,0,0,0.0,0.0,0,0,0,0,False,0,0.0,0.0,0.0
1790796809.587,7.0,58.7,0,0,0.0,0.0,0,0,0,0,False,0,0.0,0.0,0.0
1790796810.587,6.8,58.7,0,40957,0.0,2.0,0,0,0,0,False,0,0.0,0.0,0.0
1790796811.587,8.8,58.6,0,0,0.0,0.0,0,0,0,0,False,0,0.0,0.0,0.0
1790796812.587,6.9,58.6,0,0,0.0,0.0,0,0,0,0,False,0,0.0,0.0,0.0
1790796813.587,6.9,58.6,0,0,0.0,0.0,0,0,0,0,False,0,0.0,0.0,0.0
1790796814.588,6.9,58.6,0,57340,0.0,3.0,0,0,0,0,False,0,0.0,0.0,0.0
1790796815.588,6.8,58.6,0,0,0.0,0.0,0,0,0,0,False,0,0.0,0.0,0.0
1790796816.588,6.9,58.6,0,0,0.0,0.0,0,0,0,0,False,0,0.0,0.0,0.0
1790796817.588,6.8,58.6,0,0,0.0,0.0,0,0,0,0,False,0,0.0,0.0,0.0
1790796818.588,7.1,58.3,0,0,0.0,0.0,0,0,0,0,False,0,0.0,0.0,0.0
1790796819.588,7.1,58.3,0,110584,0.0,6.0,0,0,0,0,False,0,0.0,0.0,0.0
1790796820.588,7.0,58.4,0,0,0.0,0.0,0,0,0,0,False,0,0.0,0.0,0.0
1790796821.588,7.3,58.4,0,0,0.0,0.0,0,0,0,0,False,0,0.0,0.0,0.0
1790796822.588,13.5,58.3,0,0,0.0,0.0,0,0,0,0,False,0,0.0,0.0,0.0
1790796823.588,9.1,57.9,0,155636,0.0,15.0,0,0,0,0,False,0,0.0,0.0,0.0
1790796824.588,7.7,57.9,0,0,0.0,0.0,0,0,0,0,False,0,0.0,0.0,0.0
1790796825.588,7.0,57.8,0,4337275,0.0,44.0,0,0,0,0,False,0,0.0,0.0,0.0
1790796826.588,6.9,57.8,0,0,0.0,0.0,0,0,0,0,False,0,0.0,0.0,0.0
1790796827.588,7.1,57.8,0,0,0.0,0.0,0,0,0,0,False,0,0.0,0.0,0.0
1790796828.589,6.9,57.8,0,184306,0.0,42.0,0,0,0,0,False,0,0.0,0.0,0.0
1790796829.589,7.2,57.8,0,208890,0.0,16.0,0,0,0,0,False,0,0.0,0.0,0.0
1790796830.589,7.0,57.8,0,12287,0.0,3.0,0,0,0,0,False,0,0.0,0.0,0.0
1790796831.589,6.8,57.8,0,0,0.0,0.0,0,0,0,0,False,0,0.0,0.0,0.0
1790796832.589,7.2,57.8,0,0,0.0,0.0,0,0,0,0,False,0,0.0,0.0,0.0
1790796833.589,10.0,58.3,0,0,0.0,0.0,0,0,0,0,False,0,0.0,0.0,0.0
1790796834.589,13.3,58.9,0,331752,0.0,7.0,0,0,0,0,False,0,0.0,0.0,0.0
1790796835.589,9.0,59.0,0,176115,0.0,12.0,0,0,0,0,False,0,0.0,0.0,0.0
1790796836.589,7.0,59.0,0,8191,0.0,1.0,0,0,0,0,False,0,0.0,0.0,0.0
1790796837.589,7.9,59.0,0,0,0.0,0.0,0,0,0,0,False,0,0.0,0.0,0.0
1790796838.589,8.7,59.0,0,0,0.0,0.0,0,0,0,0,False,0,0.0,0.0,0.0
1790796839.589,21.9,59.5,0,32766,0.0,1.0,0,0,0,0,False,0,0.0,0.0,0.0
1790796840.589,21.3,59.8,0,126966,0.0,2.0,1,0,0,1,False,0,0.0,0.0,0.0
1790796841.589,8.9,59.0,0,49148,0.0,2.0,0,0,0,0,False,0,0.0,0.0,0.0
1790796842.590,7.4,59.1,0,0,0.0,0.0,0,0,0,0,False,0,0.0,0.0,0.0
1790796843.590,7.1,59.1,0,0,0.0,0.0,0,0,0,0,False,0,0.0,0.0,0.0
1790796844.590,7.3,59.1,0,0,0.0,0.0,0,0,0,0,False,0,0.0,0.0,0.0
1790796845.590,6.9,59.1,0,200689,0.0,4.0,0,0,0,0,False,0,0.0,0.0,0.0
1790796846.590,7.0,59.1,0,4096,0.0,1.0,0,0,0,0,False,0,0.0,0.0,0.0
1790796847.590,7.9,59.0,0,0,0.0,0.0,0,0,0,0,False,0,0.0,0.0,0.0
1790796848.590,7.5,59.1,0,1867637,0.0,29.0,0,0,0,0,False,0,0.0,0.0,0.0
1790796849.590,7.0,59.1,0,0,0.0,0.0,0,0,0,0,False,0,0.0,0.0,0.0
1790796850.590,9.4,59.0,0,0,0.0,0.0,0,0,0,0,False,0,0.0,0.0,0.0
1790796851.590,8.3,59.0,0,0,0.0,0.0,0,0,0,0,False,0,0.0,0.0,0.0
1790796852.590,7.1,59.0,0,0,0.0,0.0,0,0,0,0,False,0,0.0,0.0,0.0
1790796853.590,9.5,58.8,0,0,0.0,0.0,0,0,0,0,False,0,0.0,0.0,0.0
1790796854.590,7.3,58.8,0,49148,0.0,2.0,0,0,0,0,False,0,0.0,0.0,0.0
1790796855.591,6.8,58.8,0,0,0.0,0.0,0,0,0,0,False,0,0.0,0.0,0.0
1790796856.591,6.6,58.8,0,2391929,0.0,21.0,0,0,0,0,False,0,0.0,0.0,0.0
1790796857.591,7.0,58.8,0,0,0.0,0.0,0,0,0,0,False,0,0.0,0.0,0.0
1790796858.591,6.7,58.7,0,180211,0.0,4.0,0,0,0,0,False,0,0.0,0.0,0.0
1790796859.591,6.8,58.6,0,0,0.0,0.0,0,0,0,0,False,0,0.0,0.0,0.0
1790796860.591,7.6,58.6,0,356327,0.0,78.0,0,0,0,0,False,0,0.0,0.0,0.0
1790796861.591,8.5,58.6,0,192498,0.0,9.0,0,0,0,0,False,0,0.0,0.0,0.0
1790796862.591,7.6,58.7,0,0,0.0,0.0,0,0,0,0,False,0,0.0,0.0,0.0
1790796863.591,7.3,58.6,0,311274,0.0,35.0,0,0,0,0,False,0,0.0,0.0,0.0
1790796864.591,9.8,58.4,0,12287,0.0,1.0,0,0,0,0,False,0,0.0,0.0,0.0
1790796865.591,6.7,58.5,0,0,0.0,0.0,0,0,0,0,False,0,0.0,0.0,0.0
1790796866.591,6.7,58.5,0,1335200,0.0,15.0,0,0,0,0,False,0,0.0,0.0,0.0
1790796867.591,6.6,58.5,0,0,0.0,0.0,0,0,0,0,False,0,0.0,0.0,0.0
1790796868.591,6.8,58.5,0,1236901,0.0,10.0,0,0,0,0,False,0,0.0,0.0,0.0
1790796869.592,6.6,58.5,0,102393,0.0,2.0,0,0,0,0,False,0,0.0,0.0,0.0
1790796870.592,6.4,58.5,0,36862,0.0,2.0,0,0,0,0,False,0,0.0,0.0,0.0
1790796871.592,6.6,58.6,0,0,0.0,0.0,0,0,0,0,False,0,0.0,0.0,0.0
1790796872.592,6.8,58.5,0,0,0.0,0.0,0,0,0,0,False,0,0.0,0.0,0.0
1790796873.592,6.8,58.5,0,0,0.0,0.0,0,0,0,0,False,0,0.0,0.0,0.0
1790796874.592,6.8,58.6,0,0,0.0,0.0,0,0,0,0,False,0,0.0,0.0,0.0
1790796875.592,8.0,58.6,0,57340,0.0,2.0,0,0,0,0,False,0,0.0,0.0,0.0
1790796876.592,8.0,58.6,0,28670,0.0,2.0,0,0,0,0,False,0,0.0,0.0,0.0
1790796877.592,7.3,58.5,0,0,0.0,0.0,0,0,0,0,False,0,0.0,0.0,0.0
1790796878.592,6.7,58.1,0,0,0.0,0.0,0,0,0,0,False,0,0.0,0.0,0.0
1790796879.592,6.6,58.1,0,4096,0.0,1.0,0,0,0,0,False,0,0.0,0.0,0.0
1790796880.592,10.1,58.2,0,57340,0.0,2.0,0,0,0,0,False,0,0.0,0.0,0.0
1790796881.592,6.6,58.2,0,0,0.0,0.0,0,0,0,0,False,0,0.0,0.0,0.0
1790796882.592,7.1,58.2,0,12287,0.0,2.0,0,0,0,0,False,0,0.0,0.0,0.0
1790796883.593,6.9,58.2,0,0,0.0,0.0,0,0,0,0,False,0,0.0,0.0,0.0
1790796884.593,9.2,58.2,0,0,0.0,0.0,0,0,0,0,False,0,0.0,0.0,0.0
1790796885.593,6.7,58.2,0,0,0.0,0.0,0,0,0,0,False,0,0.0,0.0,0.0
1790796886.593,7.1,58.2,0,0,0.0,0.0,0,0,0,0,False,0,0.0,0.0,0.0
1790796887.593,6.9,58.2,0,2821904,0.0,31.0,0,0,0,0,False,0,0.0,0.0,0.0
1790796888.593,6.9,58.2,0,0,0.0,0.0,0,0,0,0,False,0,0.0,0.0,0.0
1790796889.593,9.5,58.1,0,0,0.0,0.0,0,0,0,0,False,0,0.0,0.0,0.0
1790796890.593,8.4,58.1,0,0,0.0,0.0,0,0,0,0,False,0,0.0,0.0,0.0
1790796891.593,7.4,58.1,0,0,0.0,0.0,0,0,0,0,False,0,0.0,0.0,0.0
1790796892.593,7.8,58.2,0,12287,0.0,3.0,0,0,0,0,False,0,0.0,0.0,0.0
1790796893.593,6.9,58.2,0,0,0.0,0.0,0,0,0,0,False,0,0.0,0.0,0.0
1790796894.593,9.4,58.6,0,417761,0.0,64.0,0,0,0,0,False,0,0.0,0.0,0.0
1790796895.593,12.2,59.2,69627,106488,1.0,3.0,0,0,0,0,False,0,0.0,0.0,0.0
1790796896.594,9.9,59.2,0,417761,0.0,30.0,0,0,0,0,False,0,0.0,0.0,0.0
1790796897.594,9.8,59.4,0,139260,0.0,7.0,0,0,0,0,False,0,0.0,0.0,0.0
1790796898.594,8.2,59.4,1003447,0,43.0,0.0,0,0,0,0,False,0,0.0,0.0,0.0
1790796899.594,7.2,59.4,0,0,0.0,0.0,0,0,0,0,False,0,0.0,0.0,0.0
1790796900.594,6.8,59.4,0,0,0.0,0.0,0,0,0,0,False,0,0.0,0.0,0.0
1790796901.594,6.8,59.4,0,12287,0.0,3.0,0,0,0,0,False,0,0.0,0.0,0.0
1790796902.594,7.0,59.4,0,0,0.0,0.0,0,0,0,0,False,0,0.0,0.0,0.0
1790796903.594,9.4,59.3,0,57340,0.0,2.0,0,0,0,0,False,0,0.0,0.0,0.0
1790796904.594,7.0,59.2,0,1675144,0.0,19.0,0,0,0,0,False,0,0.0,0.0,0.0
1790796905.594,7.1,59.2,0,0,0.0,0.0,0,0,0,0,False,0,0.0,0.0,0.0
1790796906.594,7.0,59.1,0,16383,0.0,1.0,0,0,0,0,False,0,0.0,0.0,0.0
1790796907.594,7.1,59.1,0,0,0.0,0.0,0,0,0,0,False,0,0.0,0.0,0.0
1790796908.594,7.4,59.0,0,0,0.0,0.0,0,0,0,0,False,0,0.0,0.0,0.0
1790796909.594,10.6,59.0,0,0,0.0,0.0,0,0,0,0,False,0,0.0,0.0,0.0
1790796910.595,6.8,59.0,0,16383,0.0,2.0,0,0,0,0,False,0,0.0,0.0,0.0
1790796911.595,6.8,59.0,0,0,0.0,0.0,0,0,0,0,False,0,0.0,0.0,0.0
1790796912.595,7.4,59.0,0,90105,0.0,1.0,0,0,0,0,False,0,0.0,0.0,0.0
1790796913.595,7.4,59.0,0,0,0.0,0.0,0,0,0,0,False,0,0.0,0.0,0.0
1790796914.595,9.2,58.9,0,0,0.0,0.0,0,0,0,0,False,0,0.0,0.0,0.0
1790796915.595,7.2,58.9,0,0,0.0,0.0,0,0,0,0,False,0,0.0,0.0,0.0
1790796916.595,6.9,58.9,0,0,0.0,0.0,0,0,0,0,False,0,0.0,0.0,0.0
1790796917.595,7.2,58.9,0,53244,0.0,2.0,0,0,0,0,False,0,0.0,0.0,0.0
1790796918.595,8.5,58.8,0,24643834,0.0,224.0,0,0,0,0,False,0,0.0,0.0,0.0
1790796919.595,7.1,58.9,0,0,0.0,0.0,0,0,0,0,False,0,0.0,0.0,0.0
1790796920.595,7.2,58.9,0,0,0.0,0.0,0,0,0,0,False,0,0.0,0.0,0.0
1790796921.595,6.9,58.9,0,0,0.0,0.0,0,0,0,0,False,0,0.0,0.0,0.0
1790796922.595,7.1,58.9,0,0,0.0,0.0,0,0,0,0,False,0,0.0,0.0,0.0
1790796923.595,7.4,58.9,712653,270317,9.0,9.0,0,0,0,0,False,0,0.0,0.0,0.0
1790796924.596,7.5,59.0,0,331752,0.0,44.0,0,0,0,0,False,0,0.0,0.0,0.0
1790796925.596,8.5,58.8,0,544740,0.0,103.0,0,0,0,0,False,0,0.0,0.0,0.0
1790796926.596,8.6,58.8,0,0,0.0,0.0,0,0,0,0,False,0,0.0,0.0,0.0
1790796927.596,7.6,58.8,0,0,0.0,0.0,0,0,0,0,False,0,0.0,0.0,0.0
1790796928.596,6.9,58.8,0,1412999,0.0,18.0,0,0,0,0,False,0,0.0,0.0,0.0
1790796929.596,6.9,58.8,0,0,0.0,0.0,0,0,0,0,False,0,0.0,0.0,0.0
1790796930.596,6.8,58.8,0,102392,0.0,4.0,0,0,0,0,False,0,0.0,0.0,0.0
1790796931.596,7.0,58.8,0,0,0.0,0.0,0,0,0,0,False,0,0.0,0.0,0.0
1790796932.596,7.1,58.7,0,184306,0.0,4.0,0,0,0,0,False,0,0.0,0.0,0.0
1790796933.596,6.7,58.7,0,61436,0.0,3.0,0,0,0,0,False,0,0.0,0.0,0.0
1790796934.596,9.5,58.7,0,0,0.0,0.0,0,0,0,0,False,0,0.0,0.0,0.0
1790796935.596,7.2,58.7,0,0,0.0,0.0,0,0,0,0,False,0,0.0,0.0,0.0
1790796936.596,6.8,58.7,0,0,0.0,0.0,0,0,0,0,False,0,0.0,0.0,0.0
1790796937.597,6.8,58.7,0,114679,0.0,5.0,0,0,0,0,False,0,0.0,0.0,0.0
1790796938.597,7.2,58.7,0,0,0.0,0.0,0,0,0,0,False,0,0.0,0.0,0.0
1790796939.597,6.9,58.7,0,0,0.0,0.0,0,0,0,0,False,0,0.0,0.0,0.0
1790796940.597,6.6,58.7,0,1236892,0.0,10.0,0,0,0,0,False,0,0.0,0.0,0.0
1790796941.597,6.8,58.7,0,0,0.0,0.0,0,0,0,0,False,0,0.0,0.0,0.0
1790796942.597,6.9,58.7,0,0,0.0,0.0,0,0,0,0,False,0,0.0,0.0,0.0
1790796943.597,9.8,58.9,0,73723,0.0,2.0,0,0,0,0,False,0,0.0,0.0,0.0
1790796944.597,24.8,59.5,0,32766,0.0,1.0,0,0,0,0,False,0,0.0,0.0,0.0
1790796945.597,31.5,59.7,0,0,0.0,0.0,1,2,0,1,False,0,0.0,0.0,0.0
1790796946.597,22.6,59.7,0,0,0.0,0.0,1,1,0,1,False,0,0.0,0.0,0.0
1790796947.597,23.5,59.7,0,0,0.0,0.0,1,1,0,1,False,0,0.0,0.0,0.0
1790796948.597,23.6,59.7,0,2502458,0.0,29.0,1,1,0,1,False,0,0.0,0.0,0.0
1790796949.597,16.8,59.7,0,0,0.0,0.0,1,1,0,1,False,0,0.0,0.0,0.0
1790796950.598,28.1,60.1,0,0,0.0,0.0,1,1,0,1,False,0,0.0,0.0,0.0
1790796951.598,21.7,59.3,0,339958,0.0,9.0,0,0,0,0,False,0,0.0,0.0,0.0
1790796952.598,8.3,59.3,0,81914,0.0,6.0,0,0,0,0,False,0,0.0,0.0,0.0
1790796953.598,7.4,59.3,0,0,0.0,0.0,0,0,0,0,False,0,0.0,0.0,0.0
1790796954.598,7.3,59.3,0,237558,0.0,8.0,0,0,0,0,False,0,0.0,0.0,0.0
1790796955.598,6.9,59.3,0,0,0.0,0.0,0,0,0,0,False,0,0.0,0.0,0.0
1790796956.598,7.1,59.3,0,0,0.0,0.0,0,0,0,0,False,0,0.0,0.0,0.0
1790796957.598,7.9,59.2,319465,20479,8.0,2.0,0,0,0,0,False,0,0.0,0.0,0.0
1790796958.598,7.8,59.1,0,122871,0.0,10.0,0,0,0,0,False,0,0.0,0.0,0.0
1790796959.598,8.3,59.1,0,0,0.0,0.0,0,0,0,0,False,0,0.0,0.0,0.0
1790796960.598,8.0,59.1,0,0,0.0,0.0,0,0,0,0,False,0,0.0,0.0,0.0
1790796961.598,6.9,59.0,0,511963,0.0,96.0,0,0,0,0,False,0,0.0,0.0,0.0
1790796962.598,6.8,59.0,0,0,0.0,0.0,0,0,0,0,False,0,0.0,0.0,0.0
1790796963.598,9.4,58.9,0,0,0.0,0.0,0,0,0,0,False,0,0.0,0.0,0.0
1790796964.599,7.5,58.9,0,0,0.0,0.0,0,0,0,0,False,0,0.0,0.0,0.0
1790796965.599,7.0,58.9,0,0,0.0,0.0,0,0,0,0,False,0,0.0,0.0,0.0
1790796966.599,7.3,58.9,0,28670,0.0,2.0,0,0,0,0,False,0,0.0,0.0,0.0
1790796967.599,7.3,58.9,4096,0,1.0,0.0,0,0,0,0,False,0,0.0,0.0,0.0
1790796968.599,7.1,58.9,0,2473798,0.0,25.0,0,0,0,0,False,0,0.0,0.0,0.0
1790796969.599,7.3,58.8,0,4096,0.0,1.0,0,0,0,0,False,0,0.0,0.0,0.0
1790796970.599,7.3,58.8,0,1236898,0.0,10.0,0,0,0,0,False,0,0.0,0.0,0.0
1790796971.599,7.5,58.8,0,0,0.0,0.0,0,0,0,0,False,0,0.0,0.0,0.0
1790796972.599,8.6,58.8,0,0,0.0,0.0,0,0,0,0,False,0,0.0,0.0,0.0
1790796973.599,8.1,58.8,0,57340,0.0,2.0,0,0,0,0,False,0,0.0,0.0,0.0
1790796974.599,8.0,58.8,0,0,0.0,0.0,0,0,0,0,False,0,0.0,0.0,0.0
1790796975.599,6.9,58.8,0,0,0.0,0.0,0,0,0,0,False,0,0.0,0.0,0.0
1790796976.599,9.3,58.7,0,0,0.0,0.0,0,0,0,0,False,0,0.0,0.0,0.0
1790796977.599,8.1,58.7,0,0,0.0,0.0,0,0,0,0,False,0,0.0,0.0,0.0
1790796978.600,9.3,58.7,0,40957,0.0,2.0,0,0,0,0,False,0,0.0,0.0,0.0
1790796979.600,7.5,58.7,0,2961253,0.0,31.0,0,0,0,0,False,0,0.0,0.0,0.0
1790796980.600,7.6,58.3,0,114680,0.0,10.0,0,0,0,0,False,0,0.0,0.0,0.0
1790796981.600,7.5,58.3,0,0,0.0,0.0,0,0,0,0,False,0,0.0,0.0,0.0
1790796982.600,11.0,58.4,0,0,0.0,0.0,0,0,0,0,False,0,0.0,0.0,0.0
1790796983.600,7.3,58.4,0,24574,0.0,2.0,0,0,0,0,False,0,0.0,0.0,0.0
1790796984.600,7.4,58.4,0,1449881,0.0,23.0,0,0,0,0,False,0,0.0,0.0,0.0
1790796985.600,6.6,58.4,0,0,0.0,0.0,0,0,0,0,False,0,0.0,0.0,0.0
1790796986.600,7.1,58.4,0,24574,0.0,4.0,0,0,0,0,False,0,0.0,0.0,0.0
1790796987.600,6.6,58.4,0,0,0.0,0.0,0,0,0,0,False,0,0.0,0.0,0.0
1790796988.600,7.4,58.4,0,0,0.0,0.0,0,0,0,0,False,0,0.0,0.0,0.0
1790796989.600,7.3,58.4,0,421858,0.0,6.0,0,0,0,0,False,0,0.0,0.0,0.0
1790796990.600,7.3,58.4,0,0,0.0,0.0,0,0,0,0,False,0,0.0,0.0,0.0
1790796991.600,8.5,58.4,0,0,0.0,0.0,0,0,0,0,False,0,0.0,0.0,0.0
1790796992.601,7.5,58.4,0,4096,0.0,1.0,0,0,0,0,False,0,0.0,0.0,0.0
1790796993.601,7.5,58.2,0,0,0.0,0.0,0,0,0,0,False,0,0.0,0.0,0.0
1790796994.601,6.8,58.2,0,0,0.0,0.0,0,0,0,0,False,0,0.0,0.0,0.0
1790796995.601,6.9,58.2,0,65531,0.0,2.0,0,0,0,0,False,0,0.0,0.0,0.0
1790796996.601,8.0,58.1,0,184306,0.0,4.0,0,0,0,0,False,0,0.0,0.0,0.0
1790796997.601,7.6,58.1,0,155637,0.0,33.0,0,0,0,0,False,0,0.0,0.0,0.0
1790796998.601,7.5,58.1,0,20478,0.0,2.0,0,0,0,0,False,0,0.0,0.0,0.0
1790796999.601,6.5,58.1,0,0,0.0,0.0,0,0,0,0,False,0,0.0,0.0,0.0
1790797000.601,6.6,58.1,0,0,0.0,0.0,0,0,0,0,False,0,0.0,0.0,0.0
1790797001.601,8.8,58.1,0,49148,0.0,2.0,0,0,0,0,False,0,0.0,0.0,0.0
1790797002.601,7.0,58.1,0,0,0.0,0.0,0,0,0,0,False,0,0.0,0.0,0.0
1790797003.601,8.6,58.2,0,0,0.0,0.0,0,0,0,0,False,0,0.0,0.0,0.0
1790797004.601,7.0,58.2,0,0,0.0,0.0,0,0,0,0,False,0,0.0,0.0,0.0
1790797005.602,6.9,58.2,0,0,0.0,0.0,0,0,0,0,False,0,0.0,0.0,0.0
1790797006.602,10.3,58.2,0,0,0.0,0.0,0,0,0,0,False,0,0.0,0.0,0.0
1790797007.602,7.4,58.2,0,0,0.0,0.0,0,0,0,0,False,0,0.0,0.0,0.0
1790797008.602,8.3,58.2,0,0,0.0,0.0,0,0,0,0,False,0,0.0,0.0,0.0
1790797009.602,7.2,58.2,0,0,0.0,0.0,0,0,0,0,False,0,0.0,0.0,0.0
1790797010.602,6.9,58.2,0,2989857,0.0,41.0,0,0,0,0,False,0,0.0,0.0,0.0
1790797011.602,8.9,58.2,0,0,0.0,0.0,0,0,0,0,False,0,0.0,0.0,0.0
1790797012.602,7.7,58.2,0,0,0.0,0.0,0,0,0,0,False,0,0.0,0.0,0.0
1790797013.602,8.8,58.6,0,0,0.0,0.0,0,0,0,0,False,0,0.0,0.0,0.0
1790797014.602,7.3,58.6,0,0,0.0,0.0,0,0,0,0,False,0,0.0,0.0,0.0
1790797015.602,6.8,58.6,0,49148,0.0,2.0,0,0,0,0,False,0,0.0,0.0,0.0
1790797016.602,7.9,58.6,0,0,0.0,0.0,0,0,0,0,False,0,0.0,0.0,0.0
1790797017.603,6.6,58.6,0,12287,0.0,3.0,0,0,0,0,False,0,0.0,0.0,0.0
1790797018.603,7.1,58.6,0,0,0.0,0.0,0,0,0,0,False,0,0.0,0.0,0.0
1790797019.603,6.9,58.6,0,0,0.0,0.0,0,0,0,0,False,0,0.0,0.0,0.0
1790797020.603,7.3,58.6,0,0,0.0,0.0,0,0,0,0,False,0,0.0,0.0,0.0
1790797021.603,6.9,58.6,0,0,0.0,0.0,0,0,0,0,False,0,0.0,0.0,0.0
1790797022.603,9.7,58.6,0,0,0.0,0.0,0,0,0,0,False,0,0.0,0.0,0.0
1790797023.603,7.9,58.6,0,0,0.0,0.0,0,0,0,0,False,0,0.0,0.0,0.0
1790797024.603,7.8,58.5,0,20478,0.0,2.0,0,0,0,0,False,0,0.0,0.0,0.0
1790797025.603,7.0,58.5,0,0,0.0,0.0,0,0,0,0,False,0,0.0,0.0,0.0
1790797026.603,6.9,58.5,0,0,0.0,0.0,0,0,0,0,False,0,0.0,0.0,0.0
1790797027.603,6.8,58.5,0,0,0.0,0.0,0,0,0,0,False,0,0.0,0.0,0.0
1790797028.603,7.1,58.4,0,0,0.0,0.0,0,0,0,0,False,0,0.0,0.0,0.0
1790797029.603,10.7,58.6,0,16383,0.0,1.0,0,0,0,0,False,0,0.0,0.0,0.0
1790797030.603,7.5,58.6,0,4096,0.0,1.0,0,0,0,0,False,0,0.0,0.0,0.0
1790797031.604,6.9,58.6,0,0,0.0,0.0,0,0,0,0,False,0,0.0,0.0,0.0
1790797032.604,6.6,58.6,0,86012,0.0,19.0,0,0,0,0,False,0,0.0,0.0,0.0
1790797033.604,7.1,58.6,0,0,0.0,0.0,0,0,0,0,False,0,0.0,0.0,0.0
1790797034.604,7.0,58.6,0,0,0.0,0.0,0,0,0,0,False,0,0.0,0.0,0.0
1790797035.604,8.0,58.6,0,12287,0.0,2.0,0,0,0,0,False,0,0.0,0.0,0.0
1790797036.604,8.4,58.6,0,0,0.0,0.0,0,0,0,0,False,0,0.0,0.0,0.0
1790797037.604,7.7,58.6,0,0,0.0,0.0,0,0,0,0,False,0,0.0,0.0,0.0
1790797038.604,6.6,58.5,0,0,0.0,0.0,0,0,0,0,False,0,0.0,0.0,0.0
1790797039.604,6.8,58.6,0,0,0.0,0.0,0,0,0,0,False,0,0.0,0.0,0.0
1790797040.604,8.8,58.6,0,2129763,0.0,21.0,0,0,0,0,False,0,0.0,0.0,0.0
1790797041.604,6.9,58.6,0,0,0.0,0.0,0,0,0,0,False,0,0.0,0.0,0.0
1790797042.604,6.8,58.6,0,0,0.0,0.0,0,0,0,0,False,0,0.0,0.0,0.0
1790797043.604,7.3,58.5,0,69627,0.0,9.0,0,0,0,0,False,0,0.0,0.0,0.0
1790797044.604,10.9,58.5,0,0,0.0,0.0,0,0,0,0,False,0,0.0,0.0,0.0
1790797045.605,7.1,58.5,0,8191,0.0,1.0,0,0,0,0,False,0,0.0,0.0,0.0
1790797046.605,6.9,58.5,0,0,0.0,0.0,0,0,0,0,False,0,0.0,0.0,0.0
1790797047.605,6.7,58.5,0,0,0.0,0.0,0,0,0,0,False,0,0.0,0.0,0.0
1790797048.605,7.3,58.4,0,0,0.0,0.0,0,0,0,0,False,0,0.0,0.0,0.0
1790797049.605,8.6,58.4,0,65531,0.0,6.0,0,0,0,0,False,0,0.0,0.0,0.0
1790797050.605,7.5,58.4,0,0,0.0,0.0,0,0,0,0,False,0,0.0,0.0,0.0
1790797051.605,6.8,58.4,0,0,0.0,0.0,0,0,0,0,False,0,0.0,0.0,0.0
1790797052.605,6.9,58.4,0,0,0.0,0.0,0,0,0,0,False,0,0.0,0.0,0.0
1790797053.605,6.8,58.4,0,0,0.0,0.0,0,0,0,0,False,0,0.0,0.0,0.0
1790797054.605,9.2,58.4,0,0,0.0,0.0,0,0,0,0,False,0,0.0,0.0,0.0
1790797055.605,6.6,58.4,0,0,0.0,0.0,0,0,0,0,False,0,0.0,0.0,0.0
1790797056.605,6.9,58.4,0,12287,0.0,3.0,0,0,0,0,False,0,0.0,0.0,0.0
1790797057.605,6.9,58.4,0,0,0.0,0.0,0,0,0,0,False,0,0.0,0.0,0.0
1790797058.605,7.0,58.2,0,0,0.0,0.0,0,0,0,0,False,0,0.0,0.0,0.0
1790797059.606,7.2,58.2,0,0,0.0,0.0,0,0,0,0,False,0,0.0,0.0,0.0
1790797060.606,7.5,58.2,0,12287,0.0,2.0,0,0,0,0,False,0,0.0,0.0,0.0
1790797061.606,6.8,58.2,0,61435,0.0,2.0,0,0,0,0,False,0,0.0,0.0,0.0
1790797062.606,6.8,58.2,0,0,0.0,0.0,0,0,0,0,False,0,0.0,0.0,0.0
1790797063.606,7.1,58.2,0,0,0.0,0.0,0,0,0,0,False,0,0.0,0.0,0.0
1790797064.606,7.2,58.3,0,0,0.0,0.0,0,0,0,0,False,0,0.0,0.0,0.0
1790797065.606,6.8,58.2,0,0,0.0,0.0,0,0,0,0,False,0,0.0,0.0,0.0
1790797066.606,7.1,58.2,0,81914,0.0,18.0,0,0,0,0,False,0,0.0,0.0,0.0
1790797067.606,7.2,58.2,0,0,0.0,0.0,0,0,0,0,False,0,0.0,0.0,0.0
1790797068.606,7.4,58.2,0,0,0.0,0.0,0,0,0,0,False,0,0.0,0.0,0.0
1790797069.606,6.9,58.2,0,0,0.0,0.0,0,0,0,0,False,0,0.0,0.0,0.0
1790797070.606,10.1,58.2,0,0,0.0,0.0,0,0,0,0,False,0,0.0,0.0,0.0
1790797071.606,6.8,58.2,0,2658113,0.0,27.0,0,0,0,0,False,0,0.0,0.0,0.0
1790797072.606,7.1,58.2,0,0,0.0,0.0,0,0,0,0,False,0,0.0,0.0,0.0
1790797073.607,8.6,58.7,0,40957,0.0,2.0,0,0,0,0,False,0,0.0,0.0,0.0
1790797074.607,10.5,58.7,0,0,0.0,0.0,0,0,0,0,False,0,0.0,0.0,0.0
1790797075.607,7.2,58.7,0,0,0.0,0.0,0,0,0,0,False,0,0.0,0.0,0.0
1790797076.607,7.0,58.7,0,28670,0.0,2.0,0,0,0,0,False,0,0.0,0.0,0.0
1790797077.607,6.8,58.6,0,0,0.0,0.0,0,0,0,0,False,0,0.0,0.0,0.0
1790797078.607,7.4,58.6,0,0,0.0,0.0,0,0,0,0,False,0,0.0,0.0,0.0
1790797079.607,7.1,58.6,0,53244,0.0,2.0,0,0,0,0,False,0,0.0,0.0,0.0
1790797080.607,9.4,58.6,0,12287,0.0,3.0,0,0,0,0,False,0,0.0,0.0,0.0
1790797081.607,7.3,58.6,0,0,0.0,0.0,0,0,0,0,False,0,0.0,0.0,0.0
1790797082.607,6.9,58.5,0,0,0.0,0.0,0,0,0,0,False,0,0.0,0.0,0.0
1790797083.607,7.3,58.6,0,0,0.0,0.0,0,0,0,0,False,0,0.0,0.0,0.0
1790797084.607,7.3,58.6,0,16383,0.0,2.0,0,0,0,0,False,0,0.0,0.0,0.0
1790797085.607,7.6,58.6,0,0,0.0,0.0,0,0,0,0,False,0,0.0,0.0,0.0
1790797086.607,7.1,58.5,0,4096,0.0,1.0,0,0,0,0,False,0,0.0,0.0,0.0
1790797087.608,9.0,58.5,0,0,0.0,0.0,0,0,0,0,False,0,0.0,0.0,0.0
1790797088.608,7.3,58.4,0,1929072,0.0,26.0,0,0,0,0,False,0,0.0,0.0,0.0
1790797089.608,7.2,58.5,0,0,0.0,0.0,0,0,0,0,False,0,0.0,0.0,0.0
1790797090.608,9.3,58.5,0,0,0.0,0.0,0,0,0,0,False,0,0.0,0.0,0.0
1790797091.608,6.9,58.5,0,12287,0.0,1.0,0,0,0,0,False,0,0.0,0.0,0.0
1790797092.608,7.1,58.5,0,0,0.0,0.0,0,0,0,0,False,0,0.0,0.0,0.0
1790797093.608,7.5,58.5,0,0,0.0,0.0,0,0,0,0,False,0,0.0,0.0,0.0
1790797094.608,11.9,59.1,0,94201,0.0,3.0,0,0,0,0,False,0,0.0,0.0,0.0
1790797095.608,9.1,59.5,0,155636,0.0,12.0,0,0,0,0,False,0,0.0,0.0,0.0
1790797096.608,8.6,59.5,0,0,0.0,0.0,0,0,0,0,False,0,0.0,0.0,0.0
1790797097.608,7.8,59.5,0,0,0.0,0.0,0,0,0,0,False,0,0.0,0.0,0.0
1790797098.608,6.9,59.5,0,0,0.0,0.0,0,0,0,0,False,0,0.0,0.0,0.0
1790797099.608,7.9,59.5,0,0,0.0,0.0,0,0,0,0,False,0,0.0,0.0,0.0
1790797100.609,8.2,59.5,0,0,0.0,0.0,0,0,0,0,False,0,0.0,0.0,0.0
1790797101.609,10.2,59.4,0,16383,0.0,2.0,0,0,0,0,False,0,0.0,0.0,0.0
1790797102.609,6.8,59.3,0,2395975,0.0,20.0,0,0,0,0,False,0,0.0,0.0,0.0
1790797103.609,7.5,59.2,0,0,0.0,0.0,0,0,0,0,False,0,0.0,0.0,0.0
1790797104.609,7.3,59.1,0,167923,0.0,36.0,0,0,0,0,False,0,0.0,0.0,0.0
1790797105.609,7.1,59.1,0,0,0.0,0.0,0,0,0,0,False,0,0.0,0.0,0.0
1790797106.609,6.6,59.1,0,0,0.0,0.0,0,0,0,0,False,0,0.0,0.0,0.0
1790797107.609,6.4,59.0,0,0,0.0,0.0,0,0,0,0,False,0,0.0,0.0,0.0
1790797108.609,7.5,59.0,0,16383,0.0,2.0,0,0,0,0,False,0,0.0,0.0,0.0
1790797109.609,6.4,59.0,0,0,0.0,0.0,0,0,0,0,False,0,0.0,0.0,0.0
1790797110.609,8.6,59.0,0,4096,0.0,1.0,0,0,0,0,False,0,0.0,0.0,0.0
1790797111.609,6.6,59.0,0,0,0.0,0.0,0,0,0,0,False,0,0.0,0.0,0.0
1790797112.609,6.5,59.0,0,24574,0.0,4.0,0,0,0,0,False,0,0.0,0.0,0.0
1790797113.610,7.2,59.0,0,0,0.0,0.0,0,0,0,0,False,0,0.0,0.0,0.0
1790797114.610,7.9,59.0,0,12287,0.0,2.0,0,0,0,0,False,0,0.0,0.0,0.0
1790797115.610,7.5,58.9,0,0,0.0,0.0,0,0,0,0,False,0,0.0,0.0,0.0
1790797116.610,6.5,58.9,0,0,0.0,0.0,0,0,0,0,False,0,0.0,0.0,0.0
1790797117.610,6.9,58.9,0,0,0.0,0.0,0,0,0,0,False,0,0.0,0.0,0.0
1790797118.610,6.6,58.9,0,0,0.0,0.0,0,0,0,0,False,0,0.0,0.0,0.0
1790797119.610,6.6,58.9,0,0,0.0,0.0,0,0,0,0,False,0,0.0,0.0,0.0
1790797120.610,8.7,58.9,0,0,0.0,0.0,0,0,0,0,False,0,0.0,0.0,0.0
1790797121.610,6.7,58.9,0,32766,0.0,5.0,0,0,0,0,False,0,0.0,0.0,0.0
1790797122.610,6.9,58.9,0,16383,0.0,1.0,0,0,0,0,False,0,0.0,0.0,0.0
1790797123.610,7.4,58.8,0,217070,0.0,26.0,0,0,0,0,False,0,0.0,0.0,0.0
1790797124.610,7.8,58.3,0,81914,0.0,10.0,0,0,0,0,False,0,0.0,0.0,0.0
1790797125.610,7.0,58.3,0,0,0.0,0.0,0,0,0,0,False,0,0.0,0.0,0.0
1790797126.610,6.8,58.3,0,0,0.0,0.0,0,0,0,0,False,0,0.0,0.0,0.0
1790797127.611,6.7,58.3,0,1359768,0.0,15.0,0,0,0,0,False,0,0.0,0.0,0.0
1790797128.611,6.7,58.3,0,0,0.0,0.0,0,0,0,0,False,0,0.0,0.0,0.0
1790797129.611,6.8,58.3,0,0,0.0,0.0,0,0,0,0,False,0,0.0,0.0,0.0
1790797130.611,8.9,58.3,0,77818,0.0,2.0,0,0,0,0,False,0,0.0,0.0,0.0
1790797131.611,7.1,58.2,0,0,0.0,0.0,0,0,0,0,False,0,0.0,0.0,0.0
1790797132.611,8.1,58.2,0,0,0.0,0.0,0,0,0,0,False,0,0.0,0.0,0.0
1790797133.611,9.2,58.7,0,2670403,0.0,27.0,0,0,0,0,False,0,0.0,0.0,0.0
1790797134.611,6.9,58.8,0,0,0.0,0.0,0,0,0,0,False,0,0.0,0.0,0.0
1790797135.611,6.7,58.8,0,40957,0.0,2.0,0,0,0,0,False,0,0.0,0.0,0.0
1790797136.611,6.6,58.7,0,0,0.0,0.0,0,0,0,0,False,0,0.0,0.0,0.0
1790797137.611,7.4,58.7,0,0,0.0,0.0,0,0,0,0,False,0,0.0,0.0,0.0
1790797138.611,8.0,58.7,0,0,0.0,0.0,0,0,0,0,False,0,0.0,0.0,0.0
1790797139.611,8.8,58.7,0,102393,0.0,22.0,0,0,0,0,False,0,0.0,0.0,0.0
1790797140.612,10.3,58.7,0,0,0.0,0.0,0,0,0,0,False,0,0.0,0.0,0.0
1790797141.612,6.8,58.6,0,16382,0.0,2.0,0,0,0,0,False,0,0.0,0.0,0.0
1790797142.612,6.7,58.6,0,0,0.0,0.0,0,0,0,0,False,0,0.0,0.0,0.0
1790797143.612,7.3,58.6,0,12287,0.0,3.0,0,0,0,0,False,0,0.0,0.0,0.0
1790797144.612,8.1,58.5,0,0,0.0,0.0,0,0,0,0,False,0,0.0,0.0,0.0
1790797145.612,8.0,58.5,0,0,0.0,0.0,0,0,0,0,False,0,0.0,0.0,0.0
1790797146.612,6.6,58.5,0,0,0.0,0.0,0,0,0,0,False,0,0.0,0.0,0.0
1790797147.612,6.9,58.5,0,0,0.0,0.0,0,0,0,0,False,0,0.0,0.0,0.0
1790797148.612,7.4,58.6,0,8191,0.0,1.0,0,0,0,0,False,0,0.0,0.0,0.0
1790797149.612,11.4,59.0,0,118776,0.0,3.0,0,0,0,0,False,0,0.0,0.0,0.0
1790797150.612,11.3,59.2,0,155637,0.0,12.0,0,0,0,0,False,0,0.0,0.0,0.0
1790797151.612,7.8,59.2,0,0,0.0,0.0,0,0,0,0,False,0,0.0,0.0,0.0
1790797152.612,6.9,59.1,0,16383,0.0,1.0,0,0,0,0,False,0,0.0,0.0,0.0
1790797153.612,7.3,59.1,0,0,0.0,0.0,0,0,0,0,False,0,0.0,0.0,0.0
1790797154.613,6.8,59.1,0,90105,0.0,10.0,0,0,0,0,False,0,0.0,0.0,0.0
1790797155.613,6.9,59.1,0,0,0.0,0.0,0,0,0,0,False,0,0.0,0.0,0.0
1790797156.613,6.6,59.1,0,0,0.0,0.0,0,0,0,0,False,0,0.0,0.0,0.0
1790797157.613,6.8,59.0,0,0,0.0,0.0,0,0,0,0,False,0,0.0,0.0,0.0
1790797158.613,6.9,59.0,0,0,0.0,0.0,0,0,0,0,False,0,0.0,0.0,0.0
1790797159.613,6.9,59.1,0,0,0.0,0.0,0,0,0,0,False,0,0.0,0.0,0.0
1790797160.613,9.1,59.1,0,16383,0.0,2.0,0,0,0,0,False,0,0.0,0.0,0.0
1790797161.613,7.0,59.1,0,0,0.0,0.0,0,0,0,0,False,0,0.0,0.0,0.0
1790797162.613,10.0,59.1,0,0,0.0,0.0,0,0,0,0,False,0,0.0,0.0,0.0
1790797163.613,7.6,59.0,0,2400081,0.0,23.0,0,0,0,0,False,0,0.0,0.0,0.0
1790797164.613,7.8,58.9,0,0,0.0,0.0,0,0,0,0,False,0,0.0,0.0,0.0
1790797165.613,7.5,58.9,0,0,0.0,0.0,0,0,0,0,False,0,0.0,0.0,0.0
1790797166.613,8.1,58.8,0,0,0.0,0.0,0,0,0,0,False,0,0.0,0.0,0.0
1790797167.613,6.9,58.8,0,0,0.0,0.0,0,0,0,0,False,0,0.0,0.0,0.0
1790797168.614,6.8,58.9,0,0,0.0,0.0,0,0,0,0,False,0,0.0,0.0,0.0
1790797169.614,6.8,58.8,0,1290173,0.0,12.0,0,0,0,0,False,0,0.0,0.0,0.0
1790797170.614,9.4,58.8,0,0,0.0,0.0,0,0,0,0,False,0,0.0,0.0,0.0
1790797171.614,7.0,58.8,0,0,0.0,0.0,0,0,0,0,False,0,0.0,0.0,0.0
1790797172.614,6.9,58.8,0,147445,0.0,34.0,0,0,0,0,False,0,0.0,0.0,0.0
1790797173.614,7.4,58.7,0,0,0.0,0.0,0,0,0,0,False,0,0.0,0.0,0.0
1790797174.614,7.1,58.7,0,57340,0.0,2.0,0,0,0,0,False,0,0.0,0.0,0.0
1790797175.614,6.8,58.7,0,24574,0.0,4.0,0,0,0,0,False,0,0.0,0.0,0.0
1790797176.614,7.1,58.7,0,0,0.0,0.0,0,0,0,0,False,0,0.0,0.0,0.0
1790797177.614,7.4,58.7,0,0,0.0,0.0,0,0,0,0,False,0,0.0,0.0,0.0
1790797178.614,7.3,58.7,0,151541,0.0,16.0,0,0,0,0,False,0,0.0,0.0,0.0
1790797179.614,9.7,58.2,0,122871,0.0,11.0,0,0,0,0,False,0,0.0,0.0,0.0
1790797180.614,7.5,58.2,0,4096,0.0,1.0,0,0,0,0,False,0,0.0,0.0,0.0
1790797181.614,7.1,58.2,0,0,0.0,0.0,0,0,0,0,False,0,0.0,0.0,0.0
1790797182.615,7.2,58.2,0,0,0.0,0.0,0,0,0,0,False,0,0.0,0.0,0.0
1790797183.615,7.1,58.2,0,12287,0.0,2.0,0,0,0,0,False,0,0.0,0.0,0.0
1790797184.615,7.2,58.1,0,1343392,0.0,15.0,0,0,0,0,False,0,0.0,0.0,0.0
1790797185.615,7.0,58.2,0,114679,0.0,2.0,0,0,0,0,False,0,0.0,0.0,0.0
1790797186.615,7.1,58.2,0,0,0.0,0.0,0,0,0,0,False,0,0.0,0.0,0.0
1790797187.615,7.0,58.2,0,0,0.0,0.0,0,0,0,0,False,0,0.0,0.0,0.0
1790797188.615,7.2,58.1,0,0,0.0,0.0,0,0,0,0,False,0,0.0,0.0,0.0
1790797189.615,9.1,58.1,0,176115,0.0,4.0,0,0,0,0,False,0,0.0,0.0,0.0
1790797190.615,6.9,58.1,0,0,0.0,0.0,0,0,0,0,False,0,0.0,0.0,0.0
1790797191.615,10.5,58.1,0,0,0.0,0.0,0,0,0,0,False,0,0.0,0.0,0.0
1790797192.615,9.2,58.2,0,0,0.0,0.0,0,0,0,0,False,0,0.0,0.0,0.0
1790797193.615,10.0,58.6,0,0,0.0,0.0,0,0,0,0,False,0,0.0,0.0,0.0
1790797194.615,9.9,58.9,0,3337992,0.0,46.0,0,0,0,0,False,0,0.0,0.0,0.0
1790797195.616,9.8,59.3,0,0,0.0,0.0,0,0,0,0,False,0,0.0,0.0,0.0
1790797196.616,9.0,59.2,0,139258,0.0,12.0,0,0,0,0,False,0,0.0,0.0,0.0
1790797197.616,7.4,59.3,0,0,0.0,0.0,0,0,0,0,False,0,0.0,0.0,0.0
1790797198.616,7.1,59.4,0,0,0.0,0.0,0,0,0,0,False,0,0.0,0.0,0.0
1790797199.616,9.4,59.3,8191,20478,1.0,1.0,0,0,0,0,False,0,0.0,0.0,0.0
1790797200.616,7.6,59.4,0,0,0.0,0.0,0,0,0,0,False,0,0.0,0.0,0.0
1790797201.616,8.0,59.3,0,17697546,0.0,169.0,0,0,0,0,False,0,0.0,0.0,0.0
1790797202.616,6.8,59.3,0,0,0.0,0.0,0,0,0,0,False,0,0.0,0.0,0.0
1790797203.616,7.9,59.3,0,0,0.0,0.0,0,0,0,0,False,0,0.0,0.0,0.0
1790797204.616,8.8,59.3,0,0,0.0,0.0,0,0,0,0,False,0,0.0,0.0,0.0
1790797205.616,7.0,59.3,0,360418,0.0,80.0,0,0,0,0,False,0,0.0,0.0,0.0
1790797206.616,6.9,59.3,0,0,0.0,0.0,0,0,0,0,False,0,0.0,0.0,0.0
1790797207.616,7.1,59.3,0,184306,0.0,3.0,0,0,0,0,False,0,0.0,0.0,0.0
1790797208.617,7.2,59.3,0,2076528,0.0,22.0,0,0,0,0,False,0,0.0,0.0,0.0
1790797209.617,9.2,59.3,0,0,0.0,0.0,0,0,0,0,False,0,0.0,0.0,0.0
1790797210.617,7.3,59.3,0,0,0.0,0.0,0,0,0,0,False,0,0.0,0.0,0.0
1790797211.617,7.1,59.3,0,0,0.0,0.0,0,0,0,0,False,0,0.0,0.0,0.0
1790797212.617,7.1,59.3,0,90105,0.0,1.0,0,0,0,0,False,0,0.0,0.0,0.0
1790797213.617,7.9,59.3,0,106488,0.0,3.0,0,0,0,0,False,0,0.0,0.0,0.0
1790797214.617,7.1,59.3,0,0,0.0,0.0,0,0,0,0,False,0,0.0,0.0,0.0
1790797215.617,6.9,59.3,0,0,0.0,0.0,0,0,0,0,False,0,0.0,0.0,0.0
1790797216.617,6.9,59.3,0,0,0.0,0.0,0,0,0,0,False,0,0.0,0.0,0.0
1790797217.617,6.9,59.2,0,1236903,0.0,10.0,0,0,0,0,False,0,0.0,0.0,0.0
1790797218.617,6.9,59.2,0,0,0.0,0.0,0,0,0,0,False,0,0.0,0.0,0.0
1790797219.617,6.9,59.2,0,61435,0.0,2.0,0,0,0,0,False,0,0.0,0.0,0.0
1790797220.617,13.1,59.2,0,196594,0.0,4.0,0,0,0,0,False,0,0.0,0.0,0.0
1790797221.617,8.3,59.2,0,0,0.0,0.0,0,0,0,0,False,0,0.0,0.0,0.0
1790797222.618,6.9,59.2,0,0,0.0,0.0,0,0,0,0,False,0,0.0,0.0,0.0
1790797223.618,7.7,59.1,0,0,0.0,0.0,0,0,0,0,False,0,0.0,0.0,0.0
1790797224.618,7.5,59.0,0,307178,0.0,36.0,0,0,0,0,False,0,0.0,0.0,0.0
1790797225.618,7.8,58.9,0,2568008,0.0,32.0,0,0,0,0,False,0,0.0,0.0,0.0
1790797226.618,6.6,58.9,0,0,0.0,0.0,0,0,0,0,False,0,0.0,0.0,0.0
1790797227.618,6.8,58.9,0,0,0.0,0.0,0,0,0,0,False,0,0.0,0.0,0.0
1790797228.618,8.7,58.8,0,0,0.0,0.0,0,0,0,0,False,0,0.0,0.0,0.0
1790797229.618,9.3,58.8,0,0,0.0,0.0,0,0,0,0,False,0,0.0,0.0,0.0
1790797230.618,6.8,58.8,0,1425297,0.0,13.0,0,0,0,0,False,0,0.0,0.0,0.0
1790797231.618,6.5,58.8,0,4096,0.0,1.0,0,0,0,0,False,0,0.0,0.0,0.0
1790797232.618,6.6,58.8,0,0,0.0,0.0,0,0,0,0,False,0,0.0,0.0,0.0
1790797233.618,7.4,58.9,0,0,0.0,0.0,0,0,0,0,False,0,0.0,0.0,0.0
1790797234.618,8.3,58.8,0,8191,0.0,2.0,0,0,0,0,False,0,0.0,0.0,0.0
1790797235.618,7.7,58.8,0,36861,0.0,3.0,0,0,0,0,False,0,0.0,0.0,0.0
1790797236.619,6.8,58.9,0,24574,0.0,4.0,0,0,0,0,False,0,0.0,0.0,0.0
1790797237.619,6.6,58.9,0,0,0.0,0.0,0,0,0,0,False,0,0.0,0.0,0.0
1790797238.619,7.4,58.8,0,1175467,0.0,83.0,0,0,0,0,False,0,0.0,0.0,0.0
1790797239.619,10.4,58.8,0,1236901,0.0,10.0,0,0,0,0,False,0,0.0,0.0,0.0
1790797240.619,7.9,58.8,0,0,0.0,0.0,0,0,0,0,False,0,0.0,0.0,0.0
1790797241.619,6.8,58.8,0,0,0.0,0.0,0,0,0,0,False,0,0.0,0.0,0.0
1790797242.619,7.1,58.8,0,0,0.0,0.0,0,0,0,0,False,0,0.0,0.0,0.0
1790797243.619,7.4,58.8,0,12287,0.0,3.0,0,0,0,0,False,0,0.0,0.0,0.0
1790797244.619,7.0,58.8,0,16383,0.0,1.0,0,0,0,0,False,0,0.0,0.0,0.0
1790797245.619,6.9,58.8,0,57340,0.0,2.0,0,0,0,0,False,0,0.0,0.0,0.0
1790797246.619,6.8,58.8,0,0,0.0,0.0,0,0,0,0,False,0,0.0,0.0,0.0
1790797247.619,7.0,58.8,0,0,0.0,0.0,0,0,0,0,False,0,0.0,0.0,0.0
1790797248.619,6.8,58.8,0,0,0.0,0.0,0,0,0,0,False,0,0.0,0.0,0.0
1790797249.620,9.4,58.6,0,0,0.0,0.0,0,0,0,0,False,0,0.0,0.0,0.0
1790797250.620,11.8,59.2,0,0,0.0,0.0,0,0,0,0,False,0,0.0,0.0,0.0
1790797251.620,8.7,59.7,0,192498,0.0,12.0,0,0,0,0,False,0,0.0,0.0,0.0
1790797252.620,9.8,59.7,0,57340,0.0,4.0,0,0,0,0,False,0,0.0,0.0,0.0
1790797253.620,24.3,60.1,0,32766,0.0,1.0,0,0,0,0,False,0,0.0,0.0,0.0
1790797254.620,22.3,59.4,0,49149,0.0,2.0,0,0,0,0,False,0,0.0,0.0,0.0
1790797255.620,8.0,59.4,0,3243794,0.0,43.0,0,0,0,0,False,0,0.0,0.0,0.0
1790797256.620,7.0,59.4,0,0,0.0,0.0,0,0,0,0,False,0,0.0,0.0,0.0
1790797257.620,7.6,59.4,0,0,0.0,0.0,0,0,0,0,False,0,0.0,0.0,0.0
1790797258.620,11.7,59.4,0,0,0.0,0.0,0,0,0,0,False,0,0.0,0.0,0.0
1790797259.620,7.4,59.4,0,0,0.0,0.0,0,0,0,0,False,0,0.0,0.0,0.0
1790797260.620,18.4,59.7,0,110584,0.0,3.0,0,0,0,0,False,0,0.0,0.0,0.0
1790797261.620,22.4,60.1,0,0,0.0,0.0,1,0,0,1,False,0,0.0,0.0,0.0
1790797262.620,10.1,59.6,0,49148,0.0,2.0,0,0,0,0,False,0,0.0,0.0,0.0
1790797263.621,7.1,59.6,0,0,0.0,0.0,0,0,0,0,False,0,0.0,0.0,0.0
1790797264.621,9.2,59.6,0,0,0.0,0.0,0,0,0,0,False,0,0.0,0.0,0.0
1790797265.621,23.1,60.0,0,32766,0.0,1.0,0,0,0,0,False,0,0.0,0.0,0.0
1790797266.621,15.8,59.3,0,258029,0.0,6.0,0,0,0,0,False,0,0.0,0.0,0.0
1790797267.621,7.1,59.4,0,401379,0.0,9.0,0,0,0,0,False,0,0.0,0.0,0.0
1790797268.621,8.8,59.4,0,651215,0.0,19.0,0,0,0,0,False,0,0.0,0.0,0.0
1790797269.621,7.9,59.4,0,0,0.0,0.0,0,0,0,0,False,0,0.0,0.0,0.0
1790797270.621,9.4,59.4,0,1236901,0.0,10.0,0,0,0,0,False,0,0.0,0.0,0.0
1790797271.621,7.4,59.3,274412,0,21.0,0.0,0,0,0,0,False,0,0.0,0.0,0.0
1790797272.621,7.8,59.3,0,0,0.0,0.0,0,0,0,0,False,0,0.0,0.0,0.0
1790797273.621,8.5,59.3,0,98295,0.0,16.0,0,0,0,0,False,0,0.0,0.0,0.0
1790797274.621,7.1,59.3,0,81914,0.0,2.0,0,0,0,0,False,0,0.0,0.0,0.0
1790797275.621,6.8,59.2,0,471006,0.0,91.0,0,0,0,0,False,0,0.0,0.0,0.0
1790797276.621,6.9,59.2,0,0,0.0,0.0,0,0,0,0,False,0,0.0,0.0,0.0
1790797277.622,6.9,59.1,0,0,0.0,0.0,0,0,0,0,False,0,0.0,0.0,0.0
1790797278.622,6.9,59.1,0,0,0.0,0.0,0,0,0,0,False,0,0.0,0.0,0.0
1790797279.622,9.0,59.1,0,0,0.0,0.0,0,0,0,0,False,0,0.0,0.0,0.0
1790797280.622,7.8,58.6,0,106488,0.0,10.0,0,0,0,0,False,0,0.0,0.0,0.0
1790797281.622,26.1,59.3,4096,241644,1.0,10.0,0,0,0,0,False,0,0.0,0.0,0.0
1790797282.622,41.9,60.2,24574,241645,5.0,12.0,1,0,0,1,False,0,0.0,0.0,0.0
1790797283.622,52.9,59.8,0,16382,0.0,1.0,2,2,0,2,False,0,0.0,0.0,0.0
1790797284.622,29.0,60.0,0,0,0.0,0.0,1,1,0,1,False,0,0.0,0.0,0.0
1790797285.622,69.4,63.7,0,19069089,0.0,157.0,1,10,0,1,False,0,0.0,0.0,0.0
1790797286.622,9.2,63.3,0,1417108,0.0,14.0,0,0,0,0,False,0,0.0,0.0,0.0
1790797287.622,10.0,63.2,0,0,0.0,0.0,0,0,0,0,False,0,0.0,0.0,0.0
1790797288.622,7.1,63.2,0,708558,0.0,8.0,0,0,0,0,False,0,0.0,0.0,0.0
1790797289.623,10.3,63.1,0,483293,0.0,8.0,0,0,0,0,False,0,0.0,0.0,0.0
1790797290.623,7.6,63.1,0,13773768,0.0,106.0,0,0,0,0,False,0,0.0,0.0,0.0
1790797291.623,6.9,63.1,0,2809654,0.0,30.0,0,0,0,0,False,0,0.0,0.0,0.0
1790797292.623,16.7,63.5,0,32766,0.0,1.0,0,0,0,0,False,0,0.0,0.0,0.0
1790797293.623,33.2,64.4,0,65531,0.0,2.0,1,0,0,1,False,0,0.0,0.0,0.0
1790797294.623,42.8,64.0,0,16383,0.0,1.0,0,0,0,0,False,0,0.0,0.0,0.0
1790797295.623,37.1,64.0,0,270314,0.0,4.0,1,1,0,1,False,0,0.0,0.0,0.0
1790797296.623,16.8,63.5,0,49149,0.0,2.0,0,0,0,0,False,0,0.0,0.0,0.0
1790797297.623,7.0,63.5,0,589779,0.0,7.0,0,0,0,0,False,0,0.0,0.0,0.0
1790797298.623,7.1,63.5,0,1122214,0.0,16.0,0,0,0,0,False,0,0.0,0.0,0.0
1790797299.623,7.5,63.4,0,0,0.0,0.0,0,0,0,0,False,0,0.0,0.0,0.0
1790797300.623,10.6,63.4,0,0,0.0,0.0,0,0,0,0,False,0,0.0,0.0,0.0
1790797301.623,7.1,63.4,0,114679,0.0,10.0,0,0,0,0,False,0,0.0,0.0,0.0
1790797302.624,18.5,63.8,0,32766,0.0,1.0,0,0,0,0,False,0,0.0,0.0,0.0
1790797303.624,25.9,65.4,0,0,0.0,0.0,2,1,0,2,False,0,0.0,0.0,0.0
1790797304.624,19.1,65.2,0,49148,0.0,2.0,0,0,0,0,False,0,0.0,0.0,0.0
1790797305.624,7.3,65.1,0,0,0.0,0.0,0,0,0,0,False,0,0.0,0.0,0.0
1790797306.624,7.0,65.0,0,573398,0.0,6.0,0,0,0,0,False,0,0.0,0.0,0.0
1790797307.624,7.1,65.0,0,0,0.0,0.0,0,0,0,0,False,0,0.0,0.0,0.0
1790797308.624,7.2,64.9,0,0,0.0,0.0,0,0,0,0,False,0,0.0,0.0,0.0
1790797309.624,7.4,64.6,0,0,0.0,0.0,0,0,0,0,False,0,0.0,0.0,0.0
1790797310.624,7.1,64.6,0,0,0.0,0.0,0,0,0,0,False,0,0.0,0.0,0.0
1790797311.624,9.1,64.5,0,20990414,0.0,269.0,0,0,0,0,False,0,0.0,0.0,0.0
1790797312.624,8.6,64.5,0,0,0.0,0.0,0,0,0,0,False,0,0.0,0.0,0.0
1790797313.624,23.8,64.9,0,32765,0.0,1.0,0,0,0,0,False,0,0.0,0.0,0.0
1790797314.624,30.7,65.0,0,0,0.0,0.0,1,1,0,1,False,0,0.0,0.0,0.0
1790797315.624,17.0,64.6,0,671690,0.0,8.0,0,0,0,0,False,0,0.0,0.0,0.0
1790797316.625,8.1,64.6,0,0,0.0,0.0,0,0,0,0,False,0,0.0,0.0,0.0
1790797317.625,9.3,64.5,0,12287,0.0,1.0,0,0,0,0,False,0,0.0,0.0,0.0
1790797318.625,7.8,64.4,0,0,0.0,0.0,0,0,0,0,False,0,0.0,0.0,0.0
1790797319.625,8.4,64.4,0,798661,0.0,21.0,0,0,0,0,False,0,0.0,0.0,0.0
1790797320.625,7.3,64.3,0,0,0.0,0.0,0,0,0,0,False,0,0.0,0.0,0.0
1790797321.625,9.0,64.3,0,0,0.0,0.0,0,0,0,0,False,0,0.0,0.0,0.0
1790797322.625,7.3,64.2,0,0,0.0,0.0,0,0,0,0,False,0,0.0,0.0,0.0
1790797323.625,21.8,64.7,0,32766,0.0,1.0,0,0,0,0,False,0,0.0,0.0,0.0
1790797324.625,27.8,64.9,0,0,0.0,0.0,1,0,0,1,False,0,0.0,0.0,0.0
1790797325.625,12.6,64.3,0,49148,0.0,2.0,0,0,0,0,False,0,0.0,0.0,0.0
1790797326.625,7.0,64.3,0,577494,0.0,6.0,0,0,0,0,False,0,0.0,0.0,0.0
1790797327.625,6.9,64.3,0,1892218,0.0,21.0,0,0,0,0,False,0,0.0,0.0,0.0
1790797328.625,6.9,64.3,0,1195946,0.0,13.0,0,0,0,0,False,0,0.0,0.0,0.0
1790797329.625,11.0,64.4,0,1105839,0.0,15.0,0,0,0,0,False,0,0.0,0.0,0.0
1790797330.626,8.1,64.4,0,24574,0.0,3.0,0,0,0,0,False,0,0.0,0.0,0.0
1790797331.626,6.7,64.4,0,0,0.0,0.0,0,0,0,0,False,0,0.0,0.0,0.0
1790797332.626,6.8,64.3,0,0,0.0,0.0,0,0,0,0,False,0,0.0,0.0,0.0
1790797333.626,6.9,64.3,0,0,0.0,0.0,0,0,0,0,False,0,0.0,0.0,0.0
1790797334.626,9.0,64.3,0,0,0.0,0.0,0,0,0,0,False,0,0.0,0.0,0.0
1790797335.626,6.9,64.3,0,20478,0.0,2.0,0,0,0,0,False,0,0.0,0.0,0.0
1790797336.626,6.8,64.3,0,0,0.0,0.0,0,0,0,0,False,0,0.0,0.0,0.0
1790797337.626,6.7,64.2,0,0,0.0,0.0,0,0,0,0,False,0,0.0,0.0,0.0
1790797338.626,6.9,64.2,0,0,0.0,0.0,0,0,0,0,False,0,0.0,0.0,0.0
1790797339.626,7.2,64.3,4096,94201,1.0,3.0,0,0,0,0,False,0,0.0,0.0,0.0
1790797340.626,6.6,64.2,0,0,0.0,0.0,0,0,0,0,False,0,0.0,0.0,0.0
1790797341.626,6.8,64.2,0,16383,0.0,1.0,0,0,0,0,False,0,0.0,0.0,0.0
1790797342.626,6.5,64.2,0,0,0.0,0.0,0,0,0,0,False,0,0.0,0.0,0.0
1790797343.626,7.5,64.2,2424655,20479,70.0,5.0,0,0,0,0,False,0,0.0,0.0,0.0
1790797344.627,7.3,64.2,0,0,0.0,0.0,0,0,0,0,False,0,0.0,0.0,0.0
1790797345.627,6.8,64.2,0,143352,0.0,3.0,0,0,0,0,False,0,0.0,0.0,0.0
1790797346.627,6.5,64.2,0,786374,0.0,97.0,0,0,0,0,False,0,0.0,0.0,0.0
1790797347.627,6.6,64.3,0,102393,0.0,1.0,0,0,0,0,False,0,0.0,0.0,0.0
1790797348.627,6.9,64.2,0,0,0.0,0.0,0,0,0,0,False,0,0.0,0.0,0.0
1790797349.627,6.8,64.2,0,77818,0.0,3.0,0,0,0,0,False,0,0.0,0.0,0.0
1790797350.627,7.6,64.2,0,0,0.0,0.0,0,0,0,0,False,0,0.0,0.0,0.0
1790797351.627,7.9,64.2,0,0,0.0,0.0,0,0,0,0,False,0,0.0,0.0,0.0
1790797352.627,6.7,64.2,0,0,0.0,0.0,0,0,0,0,False,0,0.0,0.0,0.0
1790797353.627,8.8,64.0,0,12287,0.0,3.0,0,0,0,0,False,0,0.0,0.0,0.0
1790797354.627,7.6,64.0,0,0,0.0,0.0,0,0,0,0,False,0,0.0,0.0,0.0
1790797355.627,10.4,64.0,0,73723,0.0,2.0,0,0,0,0,False,0,0.0,0.0,0.0
1790797356.627,6.8,64.0,0,0,0.0,0.0,0,0,0,0,False,0,0.0,0.0,0.0
1790797357.627,6.6,64.0,0,15027131,0.0,119.0,0,0,0,0,False,0,0.0,0.0,0.0
1790797358.628,6.9,63.9,0,0,0.0,0.0,0,0,0,0,False,0,0.0,0.0,0.0
1790797359.628,6.8,63.9,0,0,0.0,0.0,0,0,0,0,False,0,0.0,0.0,0.0
1790797360.628,6.9,63.9,0,24574,0.0,4.0,0,0,0,0,False,0,0.0,0.0,0.0
1790797361.628,8.0,63.9,0,1347485,0.0,14.0,0,0,0,0,False,0,0.0,0.0,0.0
1790797362.628,8.0,63.9,0,0,0.0,0.0,0,0,0,0,False,0,0.0,0.0,0.0
1790797363.628,7.0,63.9,0,3251977,0.0,28.0,0,0,0,0,False,0,0.0,0.0,0.0
1790797364.628,7.1,63.9,0,0,0.0,0.0,0,0,0,0,False,0,0.0,0.0,0.0
1790797365.628,6.9,63.9,0,0,0.0,0.0,0,0,0,0,False,0,0.0,0.0,0.0
1790797366.628,6.7,63.9,0,24574,0.0,2.0,0,0,0,0,False,0,0.0,0.0,0.0
1790797367.628,6.7,63.9,0,0,0.0,0.0,0,0,0,0,False,0,0.0,0.0,0.0
1790797368.628,6.8,63.9,0,0,0.0,0.0,0,0,0,0,False,0,0.0,0.0,0.0
1790797369.628,9.0,63.9,0,0,0.0,0.0,0,0,0,0,False,0,0.0,0.0,0.0
1790797370.628,6.9,63.9,0,4096,0.0,1.0,0,0,0,0,False,0,0.0,0.0,0.0
1790797371.629,10.0,63.9,0,798659,0.0,9.0,0,0,0,0,False,0,0.0,0.0,0.0
1790797372.629,8.3,63.9,0,16383,0.0,1.0,0,0,0,0,False,0,0.0,0.0,0.0
1790797373.629,8.5,64.3,0,17152735,0.0,134.0,0,0,0,0,False,0,0.0,0.0,0.0
1790797374.629,7.4,64.3,0,0,0.0,0.0,0,0,0,0,False,0,0.0,0.0,0.0
1790797375.629,7.0,64.3,0,0,0.0,0.0,0,0,0,0,False,0,0.0,0.0,0.0
1790797376.629,6.9,64.3,0,0,0.0,0.0,0,0,0,0,False,0,0.0,0.0,0.0
1790797377.629,6.8,64.3,0,0,0.0,0.0,0,0,0,0,False,0,0.0,0.0,0.0
1790797378.629,10.2,64.3,0,77818,0.0,3.0,0,0,0,0,False,0,0.0,0.0,0.0
1790797379.629,24.3,65.0,0,0,0.0,0.0,0,0,0,0,False,0,0.0,0.0,0.0
1790797380.629,39.7,65.1,0,106487,0.0,24.0,2,2,0,2,False,0,0.0,0.0,0.0
1790797381.629,20.9,65.3,0,0,0.0,0.0,1,1,0,1,False,0,0.0,0.0,0.0
1790797382.629,66.1,64.6,0,19003995,0.0,157.0,0,0,0,0,False,0,0.0,0.0,0.0
1790797383.629,9.0,64.5,0,708555,0.0,14.0,0,0,0,0,False,0,0.0,0.0,0.0
1790797384.630,11.0,64.4,0,32766,0.0,1.0,0,0,0,0,False,0,0.0,0.0,0.0
1790797385.630,28.4,65.0,0,0,0.0,0.0,0,0,0,0,False,0,0.0,0.0,0.0
1790797386.630,44.7,65.2,0,0,0.0,0.0,2,2,0,2,False,0,0.0,0.0,0.0
1790797387.630,21.7,65.3,0,0,0.0,0.0,1,1,0,1,False,0,0.0,0.0,0.0
1790797388.630,68.3,65.5,0,16383,0.0,2.0,0,0,0,0,False,0,0.0,0.0,0.0
1790797389.630,7.3,64.6,0,32765,0.0,1.0,0,0,0,0,False,0,0.0,0.0,0.0
1790797390.630,7.1,64.6,0,606155,0.0,6.0,0,0,0,0,False,0,0.0,0.0,0.0
1790797391.630,6.9,64.7,0,0,0.0,0.0,0,0,0,0,False,0,0.0,0.0,0.0
1790797392.630,6.8,64.7,0,925625,0.0,13.0,0,0,0,0,False,0,0.0,0.0,0.0
1790797393.630,9.1,64.8,0,0,0.0,0.0,0,0,0,0,False,0,0.0,0.0,0.0
1790797394.630,22.7,65.4,0,32766,0.0,1.0,0,0,0,0,False,0,0.0,0.0,0.0
1790797395.630,26.5,65.5,0,200689,0.0,6.0,0,0,0,0,False,0,0.0,0.0,0.0
1790797396.630,10.1,65.7,0,348134,0.0,13.0,0,0,0,0,False,0,0.0,0.0,0.0
1790797397.631,6.6,65.4,0,0,0.0,0.0,0,0,0,0,False,0,0.0,0.0,0.0
1790797398.631,6.8,65.3,0,0,0.0,0.0,0,0,0,0,False,0,0.0,0.0,0.0
1790797399.631,6.8,65.3,0,2391895,0.0,21.0,0,0,0,0,False,0,0.0,0.0,0.0
1790797400.631,6.9,65.3,0,0,0.0,0.0,0,0,0,0,False,0,0.0,0.0,0.0
1790797401.631,6.9,65.3,0,0,0.0,0.0,0,0,0,0,False,0,0.0,0.0,0.0
1790797402.631,6.9,65.2,0,16383,0.0,2.0,0,0,0,0,False,0,0.0,0.0,0.0
1790797403.631,9.8,65.1,0,0,0.0,0.0,0,0,0,0,False,0,0.0,0.0,0.0
1790797404.631,7.6,65.0,0,8191,0.0,1.0,0,0,0,0,False,0,0.0,0.0,0.0
1790797405.631,7.5,65.0,0,0,0.0,0.0,0,0,0,0,False,0,0.0,0.0,0.0
1790797406.631,8.5,65.0,0,0,0.0,0.0,0,0,0,0,False,0,0.0,0.0,0.0
1790797407.631,6.9,64.9,0,0,0.0,0.0,0,0,0,0,False,0,0.0,0.0,0.0
1790797408.631,7.0,64.6,0,0,0.0,0.0,0,0,0,0,False,0,0.0,0.0,0.0
1790797409.631,7.0,64.6,0,49148,0.0,2.0,0,0,0,0,False,0,0.0,0.0,0.0
1790797410.631,7.8,64.5,0,0,0.0,0.0,0,0,0,0,False,0,0.0,0.0,0.0
1790797411.632,8.1,64.5,0,0,0.0,0.0,0,0,0,0,False,0,0.0,0.0,0.0
1790797412.632,6.8,64.5,0,0,0.0,0.0,0,0,0,0,False,0,0.0,0.0,0.0
1790797413.632,6.9,64.5,0,106489,0.0,2.0,0,0,0,0,False,0,0.0,0.0,0.0
1790797414.632,10.5,64.5,0,704461,0.0,84.0,0,0,0,0,False,0,0.0,0.0,0.0
1790797415.632,6.9,64.5,0,32765,0.0,2.0,0,0,0,0,False,0,0.0,0.0,0.0
1790797416.632,7.1,64.5,0,0,0.0,0.0,0,0,0,0,False,0,0.0,0.0,0.0
1790797417.632,7.0,64.5,0,0,0.0,0.0,0,0,0,0,False,0,0.0,0.0,0.0
1790797418.632,7.0,64.5,0,0,0.0,0.0,0,0,0,0,False,0,0.0,0.0,0.0
1790797419.632,7.1,64.5,0,0,0.0,0.0,0,0,0,0,False,0,0.0,0.0,0.0
1790797420.632,6.8,64.5,0,0,0.0,0.0,0,0,0,0,False,0,0.0,0.0,0.0
1790797421.632,9.9,64.5,0,36861,0.0,2.0,0,0,0,0,False,0,0.0,0.0,0.0
1790797422.632,8.3,64.4,0,0,0.0,0.0,0,0,0,0,False,0,0.0,0.0,0.0
1790797423.632,7.2,64.4,0,126967,0.0,8.0,0,0,0,0,False,0,0.0,0.0,0.0
1790797424.632,6.9,64.3,0,212974,0.0,27.0,0,0,0,0,False,0,0.0,0.0,0.0
1790797425.633,7.3,63.9,0,0,0.0,0.0,0,0,0,0,False,0,0.0,0.0,0.0
1790797426.633,7.2,63.9,0,0,0.0,0.0,0,0,0,0,False,0,0.0,0.0,0.0
1790797427.633,6.8,63.9,0,0,0.0,0.0,0,0,0,0,False,0,0.0,0.0,0.0
1790797428.633,7.3,63.9,0,24575,0.0,1.0,0,0,0,0,False,0,0.0,0.0,0.0
1790797429.633,6.8,63.8,0,4173523,0.0,46.0,0,0,0,0,False,0,0.0,0.0,0.0
1790797430.633,6.7,63.8,0,0,0.0,0.0,0,0,0,0,False,0,0.0,0.0,0.0
1790797431.633,6.7,63.8,0,90106,0.0,2.0,0,0,0,0,False,0,0.0,0.0,0.0
1790797432.633,6.6,63.8,0,0,0.0,0.0,0,0,0,0,False,0,0.0,0.0,0.0
1790797433.633,11.9,64.3,0,0,0.0,0.0,0,0,0,0,False,0,0.0,0.0,0.0
1790797434.633,23.8,64.8,0,32765,0.0,1.0,0,0,0,0,False,0,0.0,0.0,0.0
1790797435.633,32.3,65.0,0,12287,0.0,1.0,1,2,0,1,False,0,0.0,0.0,0.0
1790797436.633,29.6,65.1,0,0,0.0,0.0,1,1,0,1,False,0,0.0,0.0,0.0
1790797437.633,19.1,65.1,0,204785,0.0,3.0,1,1,0,1,False,0,0.0,0.0,0.0
1790797438.633,19.2,65.1,0,0,0.0,0.0,1,1,0,1,False,0,0.0,0.0,0.0
1790797439.634,19.5,65.1,0,0,0.0,0.0,1,1,0,1,False,0,0.0,0.0,0.0
1790797440.634,20.4,65.0,0,0,0.0,0.0,1,1,0,1,False,0,0.0,0.0,0.0
1790797441.634,19.2,65.0,0,0,0.0,0.0,0,0,0,0,False,0,0.0,0.0,0.0
1790797442.634,11.0,64.1,0,49149,0.0,2.0,0,0,0,0,False,0,0.0,0.0,0.0
1790797443.634,10.4,64.2,0,184307,0.0,3.0,0,0,0,0,False,0,0.0,0.0,0.0
1790797444.634,8.2,64.2,0,16383,0.0,1.0,0,0,0,0,False,0,0.0,0.0,0.0
1790797445.634,7.4,64.1,0,0,0.0,0.0,0,0,0,0,False,0,0.0,0.0,0.0
1790797446.634,6.6,64.1,0,319465,0.0,66.0,0,0,0,0,False,0,0.0,0.0,0.0
1790797447.634,6.6,64.1,0,0,0.0,0.0,0,0,0,0,False,0,0.0,0.0,0.0
1790797448.634,7.6,64.3,0,1343434,0.0,15.0,0,0,0,0,False,0,0.0,0.0,0.0
1790797449.634,10.7,64.7,0,118773,0.0,3.0,0,0,0,0,False,0,0.0,0.0,0.0
1790797450.634,8.9,64.7,0,159732,0.0,13.0,0,0,0,0,False,0,0.0,0.0,0.0
1790797451.634,6.8,64.7,0,0,0.0,0.0,0,0,0,0,False,0,0.0,0.0,0.0
1790797452.634,6.6,64.8,0,0,0.0,0.0,0,0,0,0,False,0,0.0,0.0,0.0
1790797453.635,7.0,64.8,0,0,0.0,0.0,0,0,0,0,False,0,0.0,0.0,0.0
1790797454.635,14.0,64.9,0,32766,0.0,1.0,0,0,0,0,False,0,0.0,0.0,0.0
1790797455.635,25.0,65.5,0,372710,0.0,21.0,0,0,0,0,False,0,0.0,0.0,0.0
1790797456.635,34.1,64.9,0,45053,0.0,2.0,0,0,0,0,False,0,0.0,0.0,0.0
1790797457.635,6.6,64.8,0,0,0.0,0.0,0,0,0,0,False,0,0.0,0.0,0.0
1790797458.635,6.6,64.8,0,0,0.0,0.0,0,0,0,0,False,0,0.0,0.0,0.0
1790797459.635,6.8,64.8,0,0,0.0,0.0,0,0,0,0,False,0,0.0,0.0,0.0
1790797460.635,6.6,64.8,0,2395990,0.0,20.0,0,0,0,0,False,0,0.0,0.0,0.0
1790797461.635,6.9,64.8,0,155637,0.0,3.0,0,0,0,0,False,0,0.0,0.0,0.0
1790797462.635,6.5,64.8,0,0,0.0,0.0,0,0,0,0,False,0,0.0,0.0,0.0
1790797463.635,7.1,64.6,0,0,0.0,0.0,0,0,0,0,False,0,0.0,0.0,0.0
1790797464.635,8.0,64.6,0,0,0.0,0.0,0,0,0,0,False,0,0.0,0.0,0.0
1790797465.635,8.1,64.6,0,16383,0.0,2.0,0,0,0,0,False,0,0.0,0.0,0.0
1790797466.635,6.7,64.6,0,0,0.0,0.0,0,0,0,0,False,0,0.0,0.0,0.0
1790797467.636,6.8,64.6,0,0,0.0,0.0,0,0,0,0,False,0,0.0,0.0,0.0
1790797468.636,7.0,64.6,0,1286027,0.0,12.0,0,0,0,0,False,0,0.0,0.0,0.0
1790797469.636,6.9,64.8,0,65531,0.0,3.0,0,0,0,0,False,0,0.0,0.0,0.0
1790797470.636,6.8,64.8,0,0,0.0,0.0,0,0,0,0,False,0,0.0,0.0,0.0
1790797471.636,9.0,64.8,0,0,0.0,0.0,0,0,0,0,False,0,0.0,0.0,0.0
1790797472.636,10.2,64.8,0,0,0.0,0.0,0,0,0,0,False,0,0.0,0.0,0.0
1790797473.636,7.0,64.7,0,0,0.0,0.0,0,0,0,0,False,0,0.0,0.0,0.0
1790797474.636,7.5,64.7,0,94201,0.0,2.0,0,0,0,0,False,0,0.0,0.0,0.0
1790797475.636,8.6,64.7,0,28670,0.0,2.0,0,0,0,0,False,0,0.0,0.0,0.0
1790797476.636,6.8,64.7,0,0,0.0,0.0,0,0,0,0,False,0,0.0,0.0,0.0
1790797477.636,6.7,64.7,0,0,0.0,0.0,0,0,0,0,False,0,0.0,0.0,0.0
1790797478.636,6.7,64.6,0,176115,0.0,19.0,0,0,0,0,False,0,0.0,0.0,0.0
1790797479.636,7.5,64.1,0,0,0.0,0.0,0,0,0,0,False,0,0.0,0.0,0.0
1790797480.637,6.7,64.1,0,327653,0.0,67.0,0,0,0,0,False,0,0.0,0.0,0.0
1790797481.637,6.7,64.1,0,1339323,0.0,16.0,0,0,0,0,False,0,0.0,0.0,0.0
1790797482.637,9.6,64.5,0,0,0.0,0.0,0,0,0,0,False,0,0.0,0.0,0.0
1790797483.637,11.9,64.7,0,131061,0.0,3.0,0,0,0,0,False,0,0.0,0.0,0.0
1790797484.637,9.5,64.9,0,155635,0.0,12.0,0,0,0,0,False,0,0.0,0.0,0.0
1790797485.637,6.8,64.9,0,0,0.0,0.0,0,0,0,0,False,0,0.0,0.0,0.0
1790797486.637,6.8,64.9,0,188403,0.0,9.0,0,0,0,0,False,0,0.0,0.0,0.0
1790797487.637,6.9,64.8,0,0,0.0,0.0,0,0,0,0,False,0,0.0,0.0,0.0
1790797488.637,6.8,64.8,0,0,0.0,0.0,0,0,0,0,False,0,0.0,0.0,0.0
1790797489.637,7.2,64.8,0,16383,0.0,2.0,0,0,0,0,False,0,0.0,0.0,0.0
1790797490.637,7.7,64.8,0,24574,0.0,1.0,0,0,0,0,False,0,0.0,0.0,0.0
1790797491.637,8.2,64.7,0,2821944,0.0,29.0,0,0,0,0,False,0,0.0,0.0,0.0
1790797492.637,7.8,64.8,0,0,0.0,0.0,0,0,0,0,False,0,0.0,0.0,0.0
1790797493.637,7.6,64.9,0,802760,0.0,10.0,0,0,0,0,False,0,0.0,0.0,0.0
1790797494.638,10.0,65.1,0,417754,0.0,20.0,0,0,0,0,False,0,0.0,0.0,0.0
1790797495.638,6.9,65.1,0,241646,0.0,4.0,0,0,0,0,False,0,0.0,0.0,0.0
1790797496.638,6.9,65.1,0,0,0.0,0.0,0,0,0,0,False,0,0.0,0.0,0.0
1790797497.638,6.8,65.1,0,0,0.0,0.0,0,0,0,0,False,0,0.0,0.0,0.0
1790797498.638,8.9,65.1,0,0,0.0,0.0,0,0,0,0,False,0,0.0,0.0,0.0
1790797499.638,6.8,65.0,0,0,0.0,0.0,0,0,0,0,False,0,0.0,0.0,0.0
1790797500.638,7.1,65.0,0,0,0.0,0.0,0,0,0,0,False,0,0.0,0.0,0.0
1790797501.638,8.5,65.0,0,69627,0.0,5.0,0,0,0,0,False,0,0.0,0.0,0.0
1790797502.638,6.9,65.0,0,0,0.0,0.0,0,0,0,0,False,0,0.0,0.0,0.0
1790797503.638,8.9,64.9,0,0,0.0,0.0,0,0,0,0,False,0,0.0,0.0,0.0
1790797504.638,7.1,64.9,0,0,0.0,0.0,0,0,0,0,False,0,0.0,0.0,0.0
1790797505.638,6.9,64.9,0,16383,0.0,1.0,0,0,0,0,False,0,0.0,0.0,0.0
1790797506.638,6.9,64.8,0,4096,0.0,1.0,0,0,0,0,False,0,0.0,0.0,0.0
1790797507.639,11.0,64.9,0,81914,0.0,3.0,0,0,0,0,False,0,0.0,0.0,0.0
1790797508.639,25.4,65.7,0,425966,0.0,5.0,0,0,0,0,False,0,0.0,0.0,0.0
1790797509.639,34.9,65.0,0,49148,0.0,2.0,0,0,0,0,False,0,0.0,0.0,0.0
1790797510.639,7.5,65.0,0,0,0.0,0.0,0,0,0,0,False,0,0.0,0.0,0.0
1790797511.639,11.5,65.0,0,20478,0.0,1.0,0,0,0,0,False,0,0.0,0.0,0.0
1790797512.639,9.1,65.0,0,499675,0.0,25.0,0,0,0,0,False,0,0.0,0.0,0.0
1790797513.639,8.1,64.9,0,454623,0.0,90.0,0,0,0,0,False,0,0.0,0.0,0.0
1790797514.639,7.0,64.8,0,0,0.0,0.0,0,0,0,0,False,0,0.0,0.0,0.0
1790797515.639,6.9,64.8,0,0,0.0,0.0,0,0,0,0,False,0,0.0,0.0,0.0
1790797516.639,7.4,64.8,0,1335198,0.0,15.0,0,0,0,0,False,0,0.0,0.0,0.0
1790797517.639,7.0,64.8,0,1236903,0.0,10.0,0,0,0,0,False,0,0.0,0.0,0.0
1790797518.639,6.9,64.8,0,180211,0.0,8.0,0,0,0,0,False,0,0.0,0.0,0.0
1790797519.639,13.4,64.9,0,118775,0.0,3.0,0,0,0,0,False,0,0.0,0.0,0.0
1790797520.639,31.3,65.6,0,65531,0.0,2.0,0,0,0,0,False,0,0.0,0.0,0.0
1790797521.640,59.3,66.3,0,16383,0.0,1.0,0,0,0,0,False,0,0.0,0.0,0.0
1790797522.640,19.4,65.3,0,49149,0.0,2.0,0,0,0,0,False,0,0.0,0.0,0.0
1790797523.640,7.6,65.2,0,0,0.0,0.0,0,0,0,0,False,0,0.0,0.0,0.0
1790797524.640,9.8,65.2,0,737222,0.0,24.0,0,0,0,0,False,0,0.0,0.0,0.0
1790797525.640,7.1,65.1,0,0,0.0,0.0,0,0,0,0,False,0,0.0,0.0,0.0
1790797526.640,6.9,65.1,0,0,0.0,0.0,0,0,0,0,False,0,0.0,0.0,0.0
1790797527.640,6.9,65.1,0,2912047,0.0,31.0,0,0,0,0,False,0,0.0,0.0,0.0
1790797528.640,6.9,65.0,0,0,0.0,0.0,0,0,0,0,False,0,0.0,0.0,0.0
1790797529.640,7.0,64.9,0,0,0.0,0.0,0,0,0,0,False,0,0.0,0.0,0.0
1790797530.640,6.9,64.9,0,0,0.0,0.0,0,0,0,0,False,0,0.0,0.0,0.0
1790797531.640,7.1,64.8,0,45053,0.0,2.0,0,0,0,0,False,0,0.0,0.0,0.0
1790797532.640,6.8,64.8,0,1916790,0.0,19.0,0,0,0,0,False,0,0.0,0.0,0.0
1790797533.640,7.0,64.8,0,0,0.0,0.0,0,0,0,0,False,0,0.0,0.0,0.0
1790797534.640,7.2,64.7,0,0,0.0,0.0,0,0,0,0,False,0,0.0,0.0,0.0
1790797535.641,6.8,64.7,0,0,0.0,0.0,0,0,0,0,False,0,0.0,0.0,0.0
1790797536.641,7.0,64.7,0,16383,0.0,1.0,0,0,0,0,False,0,0.0,0.0,0.0
1790797537.641,8.3,64.7,0,0,0.0,0.0,0,0,0,0,False,0,0.0,0.0,0.0
1790797538.641,7.6,64.7,0,0,0.0,0.0,0,0,0,0,False,0,0.0,0.0,0.0
1790797539.641,6.9,64.7,0,0,0.0,0.0,0,0,0,0,False,0,0.0,0.0,0.0
1790797540.641,6.6,64.7,0,1236901,0.0,10.0,0,0,0,0,False,0,0.0,0.0,0.0
1790797541.641,10.1,64.7,0,176115,0.0,3.0,0,0,0,0,False,0,0.0,0.0,0.0
1790797542.641,6.9,64.7,0,0,0.0,0.0,0,0,0,0,False,0,0.0,0.0,0.0
1790797543.641,7.4,64.6,0,0,0.0,0.0,0,0,0,0,False,0,0.0,0.0,0.0
1790797544.641,9.3,64.6,0,0,0.0,0.0,0,0,0,0,False,0,0.0,0.0,0.0
1790797545.641,6.9,64.6,0,0,0.0,0.0,0,0,0,0,False,0,0.0,0.0,0.0
1790797546.641,6.8,64.7,0,0,0.0,0.0,0,0,0,0,False,0,0.0,0.0,0.0
1790797547.641,6.8,64.7,0,53244,0.0,3.0,0,0,0,0,False,0,0.0,0.0,0.0
1790797548.642,6.6,64.7,0,0,0.0,0.0,0,0,0,0,False,0,0.0,0.0,0.0
1790797549.642,7.8,64.6,0,585695,0.0,12.0,0,0,0,0,False,0,0.0,0.0,0.0
1790797550.642,12.4,64.8,0,679886,0.0,85.0,0,0,0,0,False,0,0.0,0.0,0.0
1790797551.642,8.7,65.0,0,15104964,0.0,132.0,0,0,0,0,False,0,0.0,0.0,0.0
1790797552.642,6.8,65.0,4096,0,1.0,0.0,0,0,0,0,False,0,0.0,0.0,0.0
1790797553.642,7.2,64.9,0,0,0.0,0.0,0,0,0,0,False,0,0.0,0.0,0.0
1790797554.642,7.1,64.8,0,0,0.0,0.0,0,0,0,0,False,0,0.0,0.0,0.0
1790797555.642,7.7,64.8,0,147445,0.0,11.0,0,0,0,0,False,0,0.0,0.0,0.0
1790797556.642,7.6,64.9,0,208876,0.0,2.0,0,0,0,0,False,0,0.0,0.0,0.0
1790797557.642,6.5,64.9,0,2957103,0.0,30.0,0,0,0,0,False,0,0.0,0.0,0.0
1790797558.642,6.4,64.8,0,0,0.0,0.0,0,0,0,0,False,0,0.0,0.0,0.0
1790797559.642,6.6,64.8,0,0,0.0,0.0,0,0,0,0,False,0,0.0,0.0,0.0
1790797560.642,9.0,64.8,0,0,0.0,0.0,0,0,0,0,False,0,0.0,0.0,0.0
1790797561.642,6.7,64.8,0,0,0.0,0.0,0,0,0,0,False,0,0.0,0.0,0.0
1790797562.643,6.7,64.8,0,36861,0.0,2.0,0,0,0,0,False,0,0.0,0.0,0.0
1790797563.643,7.0,64.8,0,0,0.0,0.0,0,0,0,0,False,0,0.0,0.0,0.0
1790797564.643,6.8,64.8,0,0,0.0,0.0,0,0,0,0,False,0,0.0,0.0,0.0
1790797565.643,7.3,64.7,0,0,0.0,0.0,0,0,0,0,False,0,0.0,0.0,0.0
1790797566.643,8.0,64.7,0,0,0.0,0.0,0,0,0,0,False,0,0.0,0.0,0.0
1790797567.643,7.3,64.7,0,16383,0.0,1.0,0,0,0,0,False,0,0.0,0.0,0.0
1790797568.643,6.8,64.6,0,1085351,0.0,15.0,0,0,0,0,False,0,0.0,0.0,0.0
1790797569.643,11.9,64.6,0,0,0.0,0.0,0,0,0,0,False,0,0.0,0.0,0.0
1790797570.643,7.4,64.6,0,1236894,0.0,10.0,0,0,0,0,False,0,0.0,0.0,0.0
1790797571.643,6.9,64.5,0,0,0.0,0.0,0,0,0,0,False,0,0.0,0.0,0.0
1790797572.643,6.8,64.6,0,118775,0.0,3.0,0,0,0,0,False,0,0.0,0.0,0.0
1790797573.643,6.9,64.6,0,0,0.0,0.0,0,0,0,0,False,0,0.0,0.0,0.0
1790797574.643,7.1,64.6,0,0,0.0,0.0,0,0,0,0,False,0,0.0,0.0,0.0
1790797575.644,6.9,64.6,0,0,0.0,0.0,0,0,0,0,False,0,0.0,0.0,0.0
1790797576.644,6.8,64.6,0,0,0.0,0.0,0,0,0,0,False,0,0.0,0.0,0.0
1790797577.644,6.5,64.5,0,0,0.0,0.0,0,0,0,0,False,0,0.0,0.0,0.0
1790797578.644,6.6,64.5,0,45053,0.0,2.0,0,0,0,0,False,0,0.0,0.0,0.0
1790797579.644,18.7,65.1,0,32766,0.0,1.0,0,0,0,0,False,0,0.0,0.0,0.0
1790797580.644,26.8,65.2,0,335843,0.0,18.0,1,1,0,1,False,0,0.0,0.0,0.0
1790797581.644,21.3,64.9,0,49148,0.0,2.0,0,0,0,0,False,0,0.0,0.0,0.0
1790797582.644,7.5,64.9,0,196592,0.0,43.0,0,0,0,0,False,0,0.0,0.0,0.0
1790797583.644,7.0,64.8,0,1470354,0.0,15.0,0,0,0,0,False,0,0.0,0.0,0.0
1790797584.644,6.9,64.8,0,0,0.0,0.0,0,0,0,0,False,0,0.0,0.0,0.0
1790797585.644,7.0,64.7,0,0,0.0,0.0,0,0,0,0,False,0,0.0,0.0,0.0
1790797586.644,7.0,64.7,0,606165,0.0,6.0,0,0,0,0,False,0,0.0,0.0,0.0
1790797587.644,7.9,64.5,4096,9264507,1.0,87.0,0,0,0,0,False,0,0.0,0.0,0.0
1790797588.645,7.1,64.3,0,2928414,0.0,31.0,0,0,0,0,False,0,0.0,0.0,0.0
1790797589.645,8.8,64.7,221167,520152,8.0,6.0,0,0,0,0,False,0,0.0,0.0,0.0
1790797590.645,7.6,64.6,0,0,0.0,0.0,0,0,0,0,False,0,0.0,0.0,0.0
1790797591.645,8.0,64.7,0,0,0.0,0.0,0,0,0,0,False,0,0.0,0.0,0.0
1790797592.645,8.9,64.6,0,196594,0.0,4.0,0,0,0,0,False,0,0.0,0.0,0.0
1790797593.645,7.1,64.6,0,0,0.0,0.0,0,0,0,0,False,0,0.0,0.0,0.0
1790797594.645,7.1,64.6,0,0,0.0,0.0,0,0,0,0,False,0,0.0,0.0,0.0
1790797595.645,7.5,64.6,0,0,0.0,0.0,0,0,0,0,False,0,0.0,0.0,0.0
1790797596.645,7.0,64.6,0,0,0.0,0.0,0,0,0,0,False,0,0.0,0.0,0.0
1790797597.645,6.9,64.6,0,1019828,0.0,17.0,0,0,0,0,False,0,0.0,0.0,0.0
1790797598.645,10.0,64.6,0,0,0.0,0.0,0,0,0,0,False,0,0.0,0.0,0.0
1790797599.645,6.9,64.5,0,0,0.0,0.0,0,0,0,0,False,0,0.0,0.0,0.0
1790797600.645,8.2,64.4,0,0,0.0,0.0,0,0,0,0,False,0,0.0,0.0,0.0
1790797601.645,7.5,64.4,0,0,0.0,0.0,0,0,0,0,False,0,0.0,0.0,0.0
1790797602.646,6.8,64.4,0,0,0.0,0.0,0,0,0,0,False,0,0.0,0.0,0.0
1790797603.646,6.9,64.4,0,16383,0.0,2.0,0,0,0,0,False,0,0.0,0.0,0.0
1790797604.646,9.4,64.4,0,0,0.0,0.0,0,0,0,0,False,0,0.0,0.0,0.0
1790797605.646,6.6,64.4,0,0,0.0,0.0,0,0,0,0,False,0,0.0,0.0,0.0
1790797606.646,7.2,64.4,0,0,0.0,0.0,0,0,0,0,False,0,0.0,0.0,0.0
1790797607.646,7.9,64.4,0,0,0.0,0.0,0,0,0,0,False,0,0.0,0.0,0.0
1790797608.646,7.2,64.4,0,0,0.0,0.0,0,0,0,0,False,0,0.0,0.0,0.0
1790797609.646,8.2,64.4,0,12287,0.0,2.0,0,0,0,0,False,0,0.0,0.0,0.0
1790797610.646,8.0,64.4,0,90105,0.0,10.0,0,0,0,0,False,0,0.0,0.0,0.0
1790797611.646,6.8,64.5,0,200689,0.0,9.0,0,0,0,0,False,0,0.0,0.0,0.0
1790797612.646,6.8,64.5,0,0,0.0,0.0,0,0,0,0,False,0,0.0,0.0,0.0
1790797613.646,7.1,64.6,0,42533938,0.0,332.0,0,0,0,0,False,0,0.0,0.0,0.0
1790797614.646,7.6,64.6,0,0,0.0,0.0,0,0,0,0,False,0,0.0,0.0,0.0
1790797615.646,21.8,65.2,0,32765,0.0,1.0,0,0,0,0,False,0,0.0,0.0,0.0
1790797616.647,23.1,65.5,0,0,0.0,0.0,0,0,0,0,False,0,0.0,0.0,0.0
1790797617.647,8.4,64.9,0,1085380,0.0,91.0,0,0,0,0,False,0,0.0,0.0,0.0
1790797618.647,7.2,64.8,0,0,0.0,0.0,0,0,0,0,False,0,0.0,0.0,0.0
1790797619.647,8.9,64.7,0,2445138,0.0,27.0,0,0,0,0,False,0,0.0,0.0,0.0
1790797620.647,7.7,64.7,0,0,0.0,0.0,0,0,0,0,False,0,0.0,0.0,0.0
1790797621.647,7.1,64.7,0,0,0.0,0.0,0,0,0,0,False,0,0.0,0.0,0.0
1790797622.647,7.1,64.7,0,81914,0.0,3.0,0,0,0,0,False,0,0.0,0.0,0.0
1790797623.647,9.5,64.7,0,0,0.0,0.0,0,0,0,0,False,0,0.0,0.0,0.0
1790797624.647,19.4,65.1,0,32766,0.0,1.0,0,0,0,0,False,0,0.0,0.0,0.0
1790797625.647,33.2,65.4,0,0,0.0,0.0,3,1,0,3,False,0,0.0,0.0,0.0
1790797626.647,32.3,65.8,0,0,0.0,0.0,1,1,0,1,False,0,0.0,0.0,0.0
1790797627.647,45.9,65.8,0,581573,0.0,6.0,1,17,0,1,False,0,0.0,0.0,0.0
1790797628.647,37.2,64.9,0,61435,0.0,3.0,0,0,0,0,False,0,0.0,0.0,0.0
1790797629.648,10.2,64.9,0,1056691,0.0,10.0,0,0,0,0,False,0,0.0,0.0,0.0
1790797630.648,7.1,64.9,0,0,0.0,0.0,0,0,0,0,False,0,0.0,0.0,0.0
1790797631.648,7.1,64.9,0,0,0.0,0.0,0,0,0,0,False,0,0.0,0.0,0.0
1790797632.648,7.1,64.9,0,479197,0.0,5.0,0,0,0,0,False,0,0.0,0.0,0.0
1790797633.648,7.9,64.9,0,0,0.0,0.0,0,0,0,0,False,0,0.0,0.0,0.0
1790797634.648,8.7,64.8,0,0,0.0,0.0,0,0,0,0,False,0,0.0,0.0,0.0
1790797635.648,7.4,64.8,0,0,0.0,0.0,0,0,0,0,False,0,0.0,0.0,0.0
1790797636.648,7.1,64.7,0,0,0.0,0.0,0,0,0,0,False,0,0.0,0.0,0.0
1790797637.648,7.1,64.7,0,0,0.0,0.0,0,0,0,0,False,0,0.0,0.0,0.0
1790797638.648,7.0,64.7,0,18991744,0.0,156.0,0,0,0,0,False,0,0.0,0.0,0.0
1790797639.648,6.9,64.7,0,135158,0.0,2.0,0,0,0,0,False,0,0.0,0.0,0.0
1790797640.648,7.0,64.7,0,0,0.0,0.0,0,0,0,0,False,0,0.0,0.0,0.0
1790797641.648,9.6,64.7,0,0,0.0,0.0,0,0,0,0,False,0,0.0,0.0,0.0
1790797642.648,9.6,64.9,0,622547,0.0,11.0,0,0,0,0,False,0,0.0,0.0,0.0
1790797643.649,25.1,65.5,0,13806645,0.0,108.0,0,0,0,0,False,0,0.0,0.0,0.0
1790797644.649,27.8,65.5,0,610259,0.0,6.0,1,1,0,1,False,0,0.0,0.0,0.0
1790797645.649,17.8,64.8,0,45053,0.0,2.0,0,0,0,0,False,0,0.0,0.0,0.0
1790797646.649,6.8,64.8,0,0,0.0,0.0,0,0,0,0,False,0,0.0,0.0,0.0
1790797647.649,6.8,64.8,0,0,0.0,0.0,0,0,0,0,False,0,0.0,0.0,0.0
1790797648.649,8.5,64.8,0,278508,0.0,47.0,0,0,0,0,False,0,0.0,0.0,0.0
1790797649.649,7.1,64.8,0,0,0.0,0.0,0,0,0,0,False,0,0.0,0.0,0.0
1790797650.649,6.8,64.8,0,2408272,0.0,26.0,0,0,0,0,False,0,0.0,0.0,0.0
1790797651.649,7.3,64.7,0,0,0.0,0.0,0,0,0,0,False,0,0.0,0.0,0.0
1790797652.649,8.9,64.7,0,0,0.0,0.0,0,0,0,0,False,0,0.0,0.0,0.0
1790797653.649,6.7,64.7,0,0,0.0,0.0,0,0,0,0,False,0,0.0,0.0,0.0
1790797654.649,12.0,64.7,0,32766,0.0,1.0,0,0,0,0,False,0,0.0,0.0,0.0
1790797655.649,37.0,66.0,0,2060112,0.0,24.0,0,0,0,0,False,0,0.0,0.0,0.0
1790797656.649,36.6,65.6,0,139252,0.0,3.0,3,0,0,3,False,0,0.0,0.0,0.0
1790797657.650,40.2,65.7,0,0,0.0,0.0,2,2,0,2,False,0,0.0,0.0,0.0
1790797658.651,31.7,65.9,0,4092,0.0,1.0,1,0,0,1,False,0,0.0,0.0,0.0
1790797659.651,51.2,65.2,0,19065435,0.0,156.0,0,0,0,0,False,0,0.0,0.0,0.0
1790797660.651,7.2,65.2,0,0,0.0,0.0,0,0,0,0,False,0,0.0,0.0,0.0
1790797661.651,7.3,65.2,0,655309,0.0,6.0,0,0,0,0,False,0,0.0,0.0,0.0
1790797662.651,21.9,65.5,0,32766,0.0,1.0,0,0,0,0,False,0,0.0,0.0,0.0
1790797663.651,37.8,65.6,0,0,0.0,0.0,1,0,0,1,False,0,0.0,0.0,0.0
1790797664.651,14.4,64.9,0,13818879,0.0,109.0,0,0,0,0,False,0,0.0,0.0,0.0
1790797665.651,17.4,65.2,0,32766,0.0,1.0,0,0,0,0,False,0,0.0,0.0,0.0
1790797666.651,33.8,65.3,0,311274,0.0,4.0,1,0,0,1,False,0,0.0,0.0,0.0
1790797667.651,15.9,64.6,0,45052,0.0,2.0,0,0,0,0,False,0,0.0,0.0,0.0
1790797668.651,6.6,64.6,0,0,0.0,0.0,0,0,0,0,False,0,0.0,0.0,0.0
1790797669.651,6.8,64.6,0,0,0.0,0.0,0,0,0,0,False,0,0.0,0.0,0.0
1790797670.652,6.8,64.6,0,0,0.0,0.0,0,0,0,0,False,0,0.0,0.0,0.0
1790797671.652,7.1,64.6,0,0,0.0,0.0,0,0,0,0,False,0,0.0,0.0,0.0
1790797672.652,7.0,64.6,0,131063,0.0,2.0,0,0,0,0,False,0,0.0,0.0,0.0
1790797673.652,8.4,65.0,0,1200042,0.0,16.0,0,0,0,0,False,0,0.0,0.0,0.0
1790797674.652,18.4,65.5,0,32766,0.0,1.0,0,0,0,0,False,0,0.0,0.0,0.0
1790797675.652,31.1,65.7,0,0,0.0,0.0,1,0,0,1,False,0,0.0,0.0,0.0
1790797676.652,14.2,65.0,0,45053,0.0,2.0,0,0,0,0,False,0,0.0,0.0,0.0
1790797677.652,7.0,65.1,0,0,0.0,0.0,0,0,0,0,False,0,0.0,0.0,0.0
1790797678.652,6.9,65.0,0,0,0.0,0.0,0,0,0,0,False,0,0.0,0.0,0.0
1790797679.652,7.3,64.9,0,212976,0.0,3.0,0,0,0,0,False,0,0.0,0.0,0.0
1790797680.652,7.1,64.9,0,0,0.0,0.0,0,0,0,0,False,0,0.0,0.0,0.0
1790797681.652,6.8,64.9,0,700365,0.0,82.0,0,0,0,0,False,0,0.0,0.0,0.0
1790797682.652,9.2,64.9,0,0,0.0,0.0,0,0,0,0,False,0,0.0,0.0,0.0
1790797683.653,7.0,64.9,0,0,0.0,0.0,0,0,0,0,False,0,0.0,0.0,0.0
1790797684.653,7.2,64.8,0,0,0.0,0.0,0,0,0,0,False,0,0.0,0.0,0.0
1790797685.653,6.8,64.8,0,2797359,0.0,29.0,0,0,0,0,False,0,0.0,0.0,0.0
1790797686.653,7.3,64.8,0,16383,0.0,2.0,0,0,0,0,False,0,0.0,0.0,0.0
1790797687.653,6.9,64.8,0,0,0.0,0.0,0,0,0,0,False,0,0.0,0.0,0.0
1790797688.653,7.5,64.8,0,1204139,0.0,14.0,0,0,0,0,False,0,0.0,0.0,0.0
1790797689.653,8.1,64.8,0,0,0.0,0.0,0,0,0,0,False,0,0.0,0.0,0.0
1790797690.653,7.4,64.8,0,86010,0.0,2.0,0,0,0,0,False,0,0.0,0.0,0.0
1790797691.653,8.2,64.8,0,0,0.0,0.0,0,0,0,0,False,0,0.0,0.0,0.0
1790797692.653,7.9,64.8,0,49148,0.0,2.0,0,0,0,0,False,0,0.0,0.0,0.0
1790797693.653,6.9,64.8,0,81914,0.0,10.0,0,0,0,0,False,0,0.0,0.0,0.0
1790797694.653,7.9,64.8,0,0,0.0,0.0,0,0,0,0,False,0,0.0,0.0,0.0
1790797695.653,9.7,64.8,0,0,0.0,0.0,0,0,0,0,False,0,0.0,0.0,0.0
1790797696.653,12.5,65.3,0,110584,0.0,4.0,0,0,0,0,False,0,0.0,0.0,0.0
1790797697.654,8.7,65.6,0,155636,0.0,12.0,0,0,0,0,False,0,0.0,0.0,0.0
1790797698.654,9.1,65.6,0,0,0.0,0.0,0,0,0,0,False,0,0.0,0.0,0.0
1790797699.654,7.0,65.5,0,0,0.0,0.0,0,0,0,0,False,0,0.0,0.0,0.0
1790797700.654,7.1,65.5,0,0,0.0,0.0,0,0,0,0,False,0,0.0,0.0,0.0
1790797701.654,6.6,65.4,0,0,0.0,0.0,0,0,0,0,False,0,0.0,0.0,0.0
1790797702.654,7.6,65.4,0,0,0.0,0.0,0,0,0,0,False,0,0.0,0.0,0.0
1790797703.654,7.9,65.4,0,16383,0.0,2.0,0,0,0,0,False,0,0.0,0.0,0.0
1790797704.654,7.3,65.3,0,126967,0.0,8.0,0,0,0,0,False,0,0.0,0.0,0.0
1790797705.654,7.0,65.3,0,0,0.0,0.0,0,0,0,0,False,0,0.0,0.0,0.0
1790797706.654,8.0,65.2,0,8191,0.0,1.0,0,0,0,0,False,0,0.0,0.0,0.0
1790797707.654,7.5,65.2,0,0,0.0,0.0,0,0,0,0,False,0,0.0,0.0,0.0
1790797708.654,6.6,65.2,0,0,0.0,0.0,0,0,0,0,False,0,0.0,0.0,0.0
1790797709.654,6.6,65.2,0,28670,0.0,2.0,0,0,0,0,False,0,0.0,0.0,0.0
1790797710.654,6.6,65.2,0,24574,0.0,1.0,0,0,0,0,False,0,0.0,0.0,0.0
1790797711.655,6.7,65.2,0,4096,0.0,1.0,0,0,0,0,False,0,0.0,0.0,0.0
1790797712.655,9.0,65.1,0,0,0.0,0.0,0,0,0,0,False,0,0.0,0.0,0.0
1790797713.655,7.7,64.9,0,0,0.0,0.0,0,0,0,0,False,0,0.0,0.0,0.0
1790797714.655,14.9,65.2,0,32766,0.0,1.0,0,0,0,0,False,0,0.0,0.0,0.0
1790797715.655,32.0,65.7,0,98296,0.0,2.0,3,0,0,3,False,0,0.0,0.0,0.0
1790797716.655,51.6,65.9,0,2948880,0.0,29.0,2,2,0,2,False,0,0.0,0.0,0.0
1790797717.655,19.8,66.1,0,176115,0.0,42.0,0,0,0,0,False,0,0.0,0.0,0.0
1790797718.655,63.5,65.3,0,45052,0.0,2.0,0,0,0,0,False,0,0.0,0.0,0.0
1790797719.655,7.1,65.3,0,0,0.0,0.0,0,0,0,0,False,0,0.0,0.0,0.0
1790797720.655,7.3,65.3,0,19548707,0.0,159.0,0,0,0,0,False,0,0.0,0.0,0.0
1790797721.655,7.0,65.3,0,0,0.0,0.0,0,0,0,0,False,0,0.0,0.0,0.0
1790797722.655,7.1,65.3,0,0,0.0,0.0,0,0,0,0,False,0,0.0,0.0,0.0
1790797723.655,7.6,65.3,0,0,0.0,0.0,0,0,0,0,False,0,0.0,0.0,0.0
1790797724.656,11.5,65.1,0,0,0.0,0.0,0,0,0,0,False,0,0.0,0.0,0.0
1790797725.656,9.5,65.1,0,14101529,0.0,134.0,0,0,0,0,False,0,0.0,0.0,0.0
1790797726.656,7.6,64.6,0,151541,0.0,14.0,0,0,0,0,False,0,0.0,0.0,0.0
1790797727.656,7.2,64.5,0,0,0.0,0.0,0,0,0,0,False,0,0.0,0.0,0.0
1790797728.656,7.4,64.5,0,0,0.0,0.0,0,0,0,0,False,0,0.0,0.0,0.0
1790797729.656,7.2,64.4,0,0,0.0,0.0,0,0,0,0,False,0,0.0,0.0,0.0
1790797730.656,6.8,64.3,0,0,0.0,0.0,0,0,0,0,False,0,0.0,0.0,0.0
1790797731.656,6.7,64.4,0,0,0.0,0.0,0,0,0,0,False,0,0.0,0.0,0.0
1790797732.656,6.9,64.4,0,1392540,0.0,13.0,0,0,0,0,False,0,0.0,0.0,0.0
1790797733.656,9.8,64.9,0,0,0.0,0.0,0,0,0,0,False,0,0.0,0.0,0.0
1790797734.656,7.8,64.9,0,0,0.0,0.0,0,0,0,0,False,0,0.0,0.0,0.0
1790797735.656,7.1,64.9,0,0,0.0,0.0,0,0,0,0,False,0,0.0,0.0,0.0
1790797736.656,7.0,64.9,0,479190,0.0,10.0,0,0,0,0,False,0,0.0,0.0,0.0
1790797737.656,7.8,64.9,0,45053,0.0,2.0,0,0,0,0,False,0,0.0,0.0,0.0
1790797738.657,7.6,64.9,0,0,0.0,0.0,0,0,0,0,False,0,0.0,0.0,0.0
1790797739.657,7.2,64.8,0,0,0.0,0.0,0,0,0,0,False,0,0.0,0.0,0.0
1790797740.657,7.3,64.8,0,0,0.0,0.0,0,0,0,0,False,0,0.0,0.0,0.0
1790797741.657,6.8,64.7,0,0,0.0,0.0,0,0,0,0,False,0,0.0,0.0,0.0
1790797742.657,7.0,64.7,0,0,0.0,0.0,0,0,0,0,False,0,0.0,0.0,0.0
1790797743.657,7.3,64.7,0,0,0.0,0.0,0,0,0,0,False,0,0.0,0.0,0.0
1790797744.657,8.6,64.7,0,802754,0.0,10.0,0,0,0,0,False,0,0.0,0.0,0.0
1790797745.657,9.8,64.6,0,0,0.0,0.0,0,0,0,0,False,0,0.0,0.0,0.0
1790797746.657,6.9,64.6,0,0,0.0,0.0,0,0,0,0,False,0,0.0,0.0,0.0
1790797747.657,7.2,64.6,0,2674478,0.0,30.0,0,0,0,0,False,0,0.0,0.0,0.0
1790797748.657,7.9,64.6,0,0,0.0,0.0,0,0,0,0,False,0,0.0,0.0,0.0
1790797749.657,11.6,65.1,0,114680,0.0,3.0,0,0,0,0,False,0,0.0,0.0,0.0
1790797750.657,11.1,65.5,0,184307,0.0,12.0,0,0,0,0,False,0,0.0,0.0,0.0
1790797751.658,22.6,65.9,0,761792,0.0,93.0,0,0,0,0,False,0,0.0,0.0,0.0
1790797752.658,20.2,65.4,0,45054,0.0,2.0,0,0,0,0,False,0,0.0,0.0,0.0
1790797753.658,8.2,65.4,0,0,0.0,0.0,0,0,0,0,False,0,0.0,0.0,0.0
1790797754.658,10.9,65.4,0,0,0.0,0.0,0,0,0,0,False,0,0.0,0.0,0.0
1790797755.658,6.8,65.4,0,0,0.0,0.0,0,0,0,0,False,0,0.0,0.0,0.0
1790797756.658,15.3,65.6,0,60120497,0.0,472.0,0,0,0,0,False,0,0.0,0.0,0.0
1790797757.658,23.8,66.1,0,0,0.0,0.0,1,0,0,1,False,0,0.0,0.0,0.0
1790797758.658,24.2,54.4,0,45053,0.0,2.0,0,0,0,0,False,0,0.0,0.0,0.0
1790797759.658,6.8,54.5,0,0,0.0,0.0,0,0,0,0,False,0,0.0,0.0,0.0
1790797760.658,6.8,54.5,0,0,0.0,0.0,0,0,0,0,False,0,0.0,0.0,0.0
1790797761.658,15.0,54.7,0,32765,0.0,1.0,0,0,0,0,False,0,0.0,0.0,0.0
1790797762.658,31.2,55.2,0,335837,0.0,4.0,1,0,0,1,False,0,0.0,0.0,0.0
1790797763.658,21.8,54.5,0,45052,0.0,2.0,0,0,0,0,False,0,0.0,0.0,0.0
1790797764.659,8.0,54.5,0,0,0.0,0.0,0,0,0,0,False,0,0.0,0.0,0.0
1790797765.659,6.9,54.5,0,0,0.0,0.0,0,0,0,0,False,0,0.0,0.0,0.0
1790797766.659,6.7,54.4,0,0,0.0,0.0,0,0,0,0,False,0,0.0,0.0,0.0
1790797767.659,7.0,54.4,0,520152,0.0,14.0,0,0,0,0,False,0,0.0,0.0,0.0
1790797768.659,7.0,54.2,0,0,0.0,0.0,0,0,0,0,False,0,0.0,0.0,0.0
1790797769.659,6.6,54.2,0,1236907,0.0,10.0,0,0,0,0,False,0,0.0,0.0,0.0
1790797770.659,7.0,54.1,0,0,0.0,0.0,0,0,0,0,False,0,0.0,0.0,0.0
1790797771.659,6.5,54.1,0,0,0.0,0.0,0,0,0,0,False,0,0.0,0.0,0.0
1790797772.659,7.3,54.0,0,0,0.0,0.0,0,0,0,0,False,0,0.0,0.0,0.0
1790797773.659,6.8,54.1,0,86010,0.0,2.0,0,0,0,0,False,0,0.0,0.0,0.0
1790797774.659,8.8,54.0,0,0,0.0,0.0,0,0,0,0,False,0,0.0,0.0,0.0
1790797775.659,7.3,54.0,0,0,0.0,0.0,0,0,0,0,False,0,0.0,0.0,0.0
1790797776.659,7.4,54.0,0,0,0.0,0.0,0,0,0,0,False,0,0.0,0.0,0.0
1790797777.659,6.9,54.0,0,0,0.0,0.0,0,0,0,0,False,0,0.0,0.0,0.0
1790797778.660,7.1,54.0,0,135158,0.0,17.0,0,0,0,0,False,0,0.0,0.0,0.0
1790797779.660,7.4,53.4,0,0,0.0,0.0,0,0,0,0,False,0,0.0,0.0,0.0
1790797780.660,6.9,53.3,0,0,0.0,0.0,0,0,0,0,False,0,0.0,0.0,0.0
1790797781.660,6.6,53.3,0,0,0.0,0.0,0,0,0,0,False,0,0.0,0.0,0.0
1790797782.660,7.5,53.4,0,159732,0.0,6.0,0,0,0,0,False,0,0.0,0.0,0.0
1790797783.660,10.2,53.3,0,4308683,0.0,48.0,0,0,0,0,False,0,0.0,0.0,0.0
1790797784.660,8.8,53.4,0,0,0.0,0.0,0,0,0,0,False,0,0.0,0.0,0.0
1790797785.660,7.6,53.4,0,0,0.0,0.0,0,0,0,0,False,0,0.0,0.0,0.0
1790797786.660,7.5,53.4,0,0,0.0,0.0,0,0,0,0,False,0,0.0,0.0,0.0
1790797787.660,6.6,53.4,0,413666,0.0,78.0,0,0,0,0,False,0,0.0,0.0,0.0
1790797788.660,6.6,53.4,0,90105,0.0,2.0,0,0,0,0,False,0,0.0,0.0,0.0
1790797789.660,8.2,53.3,0,0,0.0,0.0,0,0,0,0,False,0,0.0,0.0,0.0
1790797790.660,6.7,53.3,0,0,0.0,0.0,0,0,0,0,False,0,0.0,0.0,0.0
1790797791.660,15.2,53.6,0,32765,0.0,1.0,0,0,0,0,False,0,0.0,0.0,0.0
1790797792.661,31.1,54.2,0,0,0.0,0.0,1,0,0,1,False,0,0.0,0.0,0.0
1790797793.661,17.9,53.9,0,45053,0.0,2.0,0,0,0,0,False,0,0.0,0.0,0.0
1790797794.661,11.1,54.2,0,389091,0.0,11.0,0,0,0,0,False,0,0.0,0.0,0.0
1790797795.661,11.6,54.8,0,184307,0.0,4.0,0,0,0,0,False,0,0.0,0.0,0.0
1790797796.661,8.9,55.0,0,184306,0.0,12.0,0,0,0,0,False,0,0.0,0.0,0.0
1790797797.661,6.8,55.0,0,0,0.0,0.0,0,0,0,0,False,0,0.0,0.0,0.0
1790797798.661,6.5,55.0,0,94201,0.0,10.0,0,0,0,0,False,0,0.0,0.0,0.0
1790797799.661,6.7,55.0,0,122871,0.0,9.0,0,0,0,0,False,0,0.0,0.0,0.0
1790797800.661,6.9,54.9,0,0,0.0,0.0,0,0,0,0,False,0,0.0,0.0,0.0
1790797801.661,6.6,54.9,0,12287,0.0,3.0,0,0,0,0,False,0,0.0,0.0,0.0
1790797802.661,6.7,54.8,0,0,0.0,0.0,0,0,0,0,False,0,0.0,0.0,0.0
1790797803.661,7.1,54.7,0,0,0.0,0.0,0,0,0,0,False,0,0.0,0.0,0.0
1790797804.661,12.8,54.8,0,81914,0.0,3.0,0,0,0,0,False,0,0.0,0.0,0.0
1790797805.662,29.5,55.3,0,0,0.0,0.0,1,0,0,1,False,0,0.0,0.0,0.0
1790797806.662,37.3,57.7,0,0,0.0,0.0,1,0,0,1,False,0,0.0,0.0,0.0
1790797807.662,25.2,59.8,0,0,0.0,0.0,1,1,0,1,False,0,0.0,0.0,0.0
1790797808.662,23.9,59.8,0,0,0.0,0.0,1,1,0,1,False,0,0.0,0.0,0.0
1790797809.662,24.4,59.7,319464,229359,12.0,3.0,1,1,0,1,False,0,0.0,0.0,0.0
1790797810.662,24.7,59.8,98297,0,1.0,0.0,1,1,0,1,False,0,0.0,0.0,0.0
1790797811.662,23.0,59.7,0,0,0.0,0.0,1,1,0,1,False,0,0.0,0.0,0.0
1790797812.662,23.8,59.7,0,290795,0.0,13.0,1,1,0,1,False,0,0.0,0.0,0.0
1790797813.662,13.8,59.2,0,45052,0.0,2.0,0,0,0,0,False,0,0.0,0.0,0.0
1790797814.662,6.8,59.1,0,0,0.0,0.0,0,0,0,0,False,0,0.0,0.0,0.0
1790797815.662,6.9,59.1,0,0,0.0,0.0,0,0,0,0,False,0,0.0,0.0,0.0
1790797816.662,6.8,59.0,0,0,0.0,0.0,0,0,0,0,False,0,0.0,0.0,0.0
1790797817.662,6.9,59.0,0,1453974,0.0,13.0,0,0,0,0,False,0,0.0,0.0,0.0
1790797818.663,6.7,58.9,0,0,0.0,0.0,0,0,0,0,False,0,0.0,0.0,0.0
1790797819.663,6.8,58.9,0,3636968,0.0,141.0,0,0,0,0,False,0,0.0,0.0,0.0
1790797820.663,11.2,58.8,0,0,0.0,0.0,0,0,0,0,False,0,0.0,0.0,0.0
1790797821.663,7.5,58.7,0,0,0.0,0.0,0,0,0,0,False,0,0.0,0.0,0.0
1790797822.663,7.2,58.7,0,0,0.0,0.0,0,0,0,0,False,0,0.0,0.0,0.0
1790797823.663,7.8,58.6,0,45053,0.0,2.0,0,0,0,0,False,0,0.0,0.0,0.0
1790797824.663,19.0,59.1,0,405474,0.0,35.0,0,0,0,0,False,0,0.0,0.0,0.0
1790797825.663,32.0,59.3,0,0,0.0,0.0,1,0,0,1,False,0,0.0,0.0,0.0
1790797826.663,18.5,58.5,0,45053,0.0,2.0,0,0,0,0,False,0,0.0,0.0,0.0
1790797827.663,7.5,58.5,0,0,0.0,0.0,0,0,0,0,False,0,0.0,0.0,0.0
1790797828.663,7.0,58.5,0,0,0.0,0.0,0,0,0,0,False,0,0.0,0.0,0.0
1790797829.663,7.0,58.5,0,1544060,0.0,20.0,0,0,0,0,False,0,0.0,0.0,0.0
1790797830.663,7.2,58.5,0,397283,0.0,10.0,0,0,0,0,False,0,0.0,0.0,0.0
1790797831.664,10.1,58.4,0,0,0.0,0.0,0,0,0,0,False,0,0.0,0.0,0.0
1790797832.664,7.0,58.4,0,0,0.0,0.0,0,0,0,0,False,0,0.0,0.0,0.0
1790797833.664,7.3,58.2,0,0,0.0,0.0,0,0,0,0,False,0,0.0,0.0,0.0
1790797834.664,7.2,58.2,0,1335200,0.0,16.0,0,0,0,0,False,0,0.0,0.0,0.0
1790797835.664,7.5,58.1,0,81914,0.0,2.0,0,0,0,0,False,0,0.0,0.0,0.0
1790797836.664,7.5,58.1,0,0,0.0,0.0,0,0,0,0,False,0,0.0,0.0,0.0
1790797837.664,7.3,58.0,0,1019830,0.0,14.0,0,0,0,0,False,0,0.0,0.0,0.0
1790797838.664,6.9,58.0,0,12287,0.0,1.0,0,0,0,0,False,0,0.0,0.0,0.0
1790797839.664,6.8,58.0,0,114680,0.0,10.0,0,0,0,0,False,0,0.0,0.0,0.0
1790797840.664,7.0,58.0,0,1236899,0.0,10.0,0,0,0,0,False,0,0.0,0.0,0.0
1790797841.664,8.4,58.0,0,0,0.0,0.0,0,0,0,0,False,0,0.0,0.0,0.0
1790797842.664,7.2,58.0,0,0,0.0,0.0,0,0,0,0,False,0,0.0,0.0,0.0
1790797843.664,9.3,58.0,0,28670,0.0,2.0,0,0,0,0,False,0,0.0,0.0,0.0
1790797844.664,7.0,58.0,0,118775,0.0,6.0,0,0,0,0,False,0,0.0,0.0,0.0
1790797845.665,7.3,58.0,0,1171360,0.0,16.0,0,0,0,0,False,0,0.0,0.0,0.0
1790797846.665,6.7,58.0,0,0,0.0,0.0,0,0,0,0,False,0,0.0,0.0,0.0
1790797847.665,7.2,58.1,0,0,0.0,0.0,0,0,0,0,False,0,0.0,0.0,0.0
1790797848.665,7.3,58.1,0,0,0.0,0.0,0,0,0,0,False,0,0.0,0.0,0.0
1790797849.665,10.3,58.0,0,2658105,0.0,27.0,0,0,0,0,False,0,0.0,0.0,0.0
1790797850.665,11.7,58.1,0,348133,0.0,75.0,0,0,0,0,False,0,0.0,0.0,0.0
1790797851.665,8.5,58.5,0,208879,0.0,14.0,0,0,0,0,False,0,0.0,0.0,0.0
1790797852.665,7.0,58.5,0,0,0.0,0.0,0,0,0,0,False,0,0.0,0.0,0.0
1790797853.665,8.5,58.7,0,0,0.0,0.0,0,0,0,0,False,0,0.0,0.0,0.0
1790797854.665,6.8,58.8,0,0,0.0,0.0,0,0,0,0,False,0,0.0,0.0,0.0
1790797855.665,7.1,58.7,0,0,0.0,0.0,0,0,0,0,False,0,0.0,0.0,0.0
1790797856.665,6.9,58.7,0,0,0.0,0.0,0,0,0,0,False,0,0.0,0.0,0.0
1790797857.665,6.9,58.6,0,53244,0.0,2.0,0,0,0,0,False,0,0.0,0.0,0.0
1790797858.666,6.6,58.6,0,53244,0.0,2.0,0,0,0,0,False,0,0.0,0.0,0.0
1790797859.666,8.5,58.6,0,0,0.0,0.0,0,0,0,0,False,0,0.0,0.0,0.0
1790797860.666,7.3,58.5,0,0,0.0,0.0,0,0,0,0,False,0,0.0,0.0,0.0
1790797861.666,6.8,58.5,0,0,0.0,0.0,0,0,0,0,False,0,0.0,0.0,0.0
1790797862.666,6.7,58.5,0,12287,0.0,3.0,0,0,0,0,False,0,0.0,0.0,0.0
1790797863.666,6.8,58.5,0,0,0.0,0.0,0,0,0,0,False,0,0.0,0.0,0.0
1790797864.666,6.7,58.4,0,36861,0.0,2.0,0,0,0,0,False,0,0.0,0.0,0.0
1790797865.666,7.3,58.4,0,0,0.0,0.0,0,0,0,0,False,0,0.0,0.0,0.0
1790797866.666,6.7,58.3,0,0,0.0,0.0,0,0,0,0,False,0,0.0,0.0,0.0
1790797867.666,6.6,58.3,0,0,0.0,0.0,0,0,0,0,False,0,0.0,0.0,0.0
1790797868.666,6.4,58.4,0,0,0.0,0.0,0,0,0,0,False,0,0.0,0.0,0.0
1790797869.666,6.4,58.3,0,0,0.0,0.0,0,0,0,0,False,0,0.0,0.0,0.0
1790797870.666,8.7,58.4,0,2228038,0.0,22.0,0,0,0,0,False,0,0.0,0.0,0.0
1790797871.667,6.9,58.4,0,0,0.0,0.0,0,0,0,0,False,0,0.0,0.0,0.0
1790797872.667,15.0,58.7,0,32766,0.0,1.0,0,0,0,0,False,0,0.0,0.0,0.0
1790797873.667,28.4,59.1,0,0,0.0,0.0,0,0,0,0,False,0,0.0,0.0,0.0
1790797874.667,25.3,58.4,0,61435,0.0,3.0,0,0,0,0,False,0,0.0,0.0,0.0
1790797875.667,6.8,58.4,0,356327,0.0,13.0,0,0,0,0,False,0,0.0,0.0,0.0
1790797876.667,7.7,58.4,0,0,0.0,0.0,0,0,0,0,False,0,0.0,0.0,0.0
1790797877.667,6.9,58.4,0,0,0.0,0.0,0,0,0,0,False,0,0.0,0.0,0.0
1790797878.667,6.4,58.4,0,0,0.0,0.0,0,0,0,0,False,0,0.0,0.0,0.0
1790797879.667,9.8,58.4,0,0,0.0,0.0,0,0,0,0,False,0,0.0,0.0,0.0
1790797880.667,7.1,58.1,0,3129061,0.0,44.0,0,0,0,0,False,0,0.0,0.0,0.0
1790797881.667,6.5,58.0,0,0,0.0,0.0,0,0,0,0,False,0,0.0,0.0,0.0
1790797882.667,8.7,58.0,0,303081,0.0,62.0,0,0,0,0,False,0,0.0,0.0,0.0
1790797883.667,7.1,57.8,0,0,0.0,0.0,0,0,0,0,False,0,0.0,0.0,0.0
1790797884.667,6.9,57.7,0,0,0.0,0.0,0,0,0,0,False,0,0.0,0.0,0.0
1790797885.668,7.4,57.6,0,1396624,0.0,15.0,0,0,0,0,False,0,0.0,0.0,0.0
1790797886.668,8.1,57.6,0,0,0.0,0.0,0,0,0,0,False,0,0.0,0.0,0.0
1790797887.668,7.2,57.6,0,0,0.0,0.0,0,0,0,0,False,0,0.0,0.0,0.0
1790797888.668,6.7,57.6,0,0,0.0,0.0,0,0,0,0,False,0,0.0,0.0,0.0
1790797889.668,6.6,57.6,0,397283,0.0,5.0,0,0,0,0,False,0,0.0,0.0,0.0
1790797890.668,7.0,57.6,0,0,0.0,0.0,0,0,0,0,False,0,0.0,0.0,0.0
1790797891.668,6.7,57.6,0,0,0.0,0.0,0,0,0,0,False,0,0.0,0.0,0.0
1790797892.668,7.3,57.6,0,0,0.0,0.0,0,0,0,0,False,0,0.0,0.0,0.0
1790797893.668,6.8,57.6,0,188403,0.0,9.0,0,0,0,0,False,0,0.0,0.0,0.0
1790797894.668,10.2,57.6,0,188403,0.0,4.0,0,0,0,0,False,0,0.0,0.0,0.0
1790797895.668,8.3,57.6,0,0,0.0,0.0,0,0,0,0,False,0,0.0,0.0,0.0
1790797896.668,7.2,57.6,0,0,0.0,0.0,0,0,0,0,False,0,0.0,0.0,0.0
1790797897.668,6.9,57.6,0,0,0.0,0.0,0,0,0,0,False,0,0.0,0.0,0.0
1790797898.669,6.7,57.6,0,0,0.0,0.0,0,0,0,0,False,0,0.0,0.0,0.0
1790797899.669,6.9,57.6,0,45054,0.0,2.0,0,0,0,0,False,0,0.0,0.0,0.0
1790797900.669,6.9,57.6,0,4096,0.0,1.0,0,0,0,0,False,0,0.0,0.0,0.0
1790797901.669,9.1,58.2,253934,0,14.0,0.0,0,0,0,0,False,0,0.0,0.0,0.0
1790797902.669,7.3,58.2,0,0,0.0,0.0,0,0,0,0,False,0,0.0,0.0,0.0
1790797903.669,6.8,58.3,0,0,0.0,0.0,0,0,0,0,False,0,0.0,0.0,0.0
1790797904.669,7.1,58.3,0,0,0.0,0.0,0,0,0,0,False,0,0.0,0.0,0.0
1790797905.669,7.2,58.3,0,69627,0.0,4.0,0,0,0,0,False,0,0.0,0.0,0.0
1790797906.669,6.9,58.3,0,0,0.0,0.0,0,0,0,0,False,0,0.0,0.0,0.0
1790797907.669,7.0,58.2,0,147445,0.0,3.0,0,0,0,0,False,0,0.0,0.0,0.0
1790797908.669,8.2,58.2,0,0,0.0,0.0,0,0,0,0,False,0,0.0,0.0,0.0
1790797909.669,7.4,58.2,0,0,0.0,0.0,0,0,0,0,False,0,0.0,0.0,0.0
1790797910.669,7.9,58.2,0,90105,0.0,11.0,0,0,0,0,False,0,0.0,0.0,0.0
1790797911.669,9.3,58.4,0,2801461,0.0,30.0,0,0,0,0,False,0,0.0,0.0,0.0
1790797912.670,10.7,58.7,0,90105,0.0,3.0,0,0,0,0,False,0,0.0,0.0,0.0
1790797913.670,11.4,59.0,0,159735,0.0,12.0,0,0,0,0,False,0,0.0,0.0,0.0
1790797914.670,7.0,59.0,0,0,0.0,0.0,0,0,0,0,False,0,0.0,0.0,0.0
1790797915.670,6.7,58.9,0,0,0.0,0.0,0,0,0,0,False,0,0.0,0.0,0.0
1790797916.670,6.8,58.9,0,466904,0.0,61.0,0,0,0,0,False,0,0.0,0.0,0.0
1790797917.670,10.2,58.8,0,45053,0.0,6.0,0,0,0,0,False,0,0.0,0.0,0.0
1790797918.670,7.6,58.8,0,0,0.0,0.0,0,0,0,0,False,0,0.0,0.0,0.0
1790797919.670,7.2,58.8,0,0,0.0,0.0,0,0,0,0,False,0,0.0,0.0,0.0
1790797920.670,7.2,58.7,0,0,0.0,0.0,0,0,0,0,False,0,0.0,0.0,0.0
1790797921.670,16.5,59.0,0,237550,0.0,18.0,0,0,0,0,False,0,0.0,0.0,0.0
1790797922.670,31.7,59.3,0,4096,0.0,1.0,3,0,0,3,False,0,0.0,0.0,0.0
1790797923.670,54.8,59.4,0,0,0.0,0.0,2,2,0,2,False,0,0.0,0.0,0.0
1790797924.670,26.4,59.7,0,0,0.0,0.0,1,1,0,1,False,0,0.0,0.0,0.0
1790797925.670,72.2,62.9,0,19192497,0.0,163.0,0,0,0,0,False,0,0.0,0.0,0.0
1790797926.671,8.4,62.6,0,0,0.0,0.0,0,0,0,0,False,0,0.0,0.0,0.0
1790797927.671,8.5,62.6,0,704456,0.0,7.0,0,0,0,0,False,0,0.0,0.0,0.0
1790797928.671,7.2,62.6,0,0,0.0,0.0,0,0,0,0,False,0,0.0,0.0,0.0
1790797929.671,9.7,62.6,0,0,0.0,0.0,0,0,0,0,False,0,0.0,0.0,0.0
1790797930.671,6.9,62.6,0,13773745,0.0,107.0,0,0,0,0,False,0,0.0,0.0,0.0
1790797931.671,16.7,62.9,0,32762,0.0,1.0,0,0,0,0,False,0,0.0,0.0,0.0
1790797932.671,28.4,63.5,0,110583,0.0,2.0,0,0,0,0,False,0,0.0,0.0,0.0
1790797933.671,34.0,63.2,0,77818,0.0,3.0,0,0,0,0,False,0,0.0,0.0,0.0
1790797934.671,27.7,63.7,0,0,0.0,0.0,1,0,0,1,False,0,0.0,0.0,0.0
1790797935.671,30.5,63.0,0,45052,0.0,2.0,0,0,0,0,False,0,0.0,0.0,0.0
1790797936.671,6.9,63.0,0,188402,0.0,3.0,0,0,0,0,False,0,0.0,0.0,0.0
1790797937.672,7.2,62.9,0,675788,0.0,7.0,0,0,0,0,False,0,0.0,0.0,0.0
1790797938.672,7.9,62.9,0,0,0.0,0.0,0,0,0,0,False,0,0.0,0.0,0.0
1790797939.672,7.5,62.9,0,0,0.0,0.0,0,0,0,0,False,0,0.0,0.0,0.0
1790797940.672,6.8,62.8,0,0,0.0,0.0,0,0,0,0,False,0,0.0,0.0,0.0
1790797941.672,6.7,62.8,0,2539333,0.0,33.0,0,0,0,0,False,0,0.0,0.0,0.0
1790797942.672,7.5,62.5,0,0,0.0,0.0,0,0,0,0,False,0,0.0,0.0,0.0
1790797943.672,6.9,62.4,0,0,0.0,0.0,0,0,0,0,False,0,0.0,0.0,0.0
1790797944.672,6.9,62.3,0,0,0.0,0.0,0,0,0,0,False,0,0.0,0.0,0.0
1790797945.672,6.7,62.3,0,0,0.0,0.0,0,0,0,0,False,0,0.0,0.0,0.0
1790797946.672,6.6,62.2,0,0,0.0,0.0,0,0,0,0,False,0,0.0,0.0,0.0
1790797947.672,7.8,62.2,0,1384323,0.0,16.0,0,0,0,0,False,0,0.0,0.0,0.0
1790797948.672,7.8,62.2,0,0,0.0,0.0,0,0,0,0,False,0,0.0,0.0,0.0
1790797949.672,6.5,62.2,0,794565,0.0,98.0,0,0,0,0,False,0,0.0,0.0,0.0
1790797950.673,6.8,62.2,0,0,0.0,0.0,0,0,0,0,False,0,0.0,0.0,0.0
1790797951.673,6.7,62.2,0,0,0.0,0.0,0,0,0,0,False,0,0.0,0.0,0.0
1790797952.673,6.8,62.2,0,61436,0.0,3.0,0,0,0,0,False,0,0.0,0.0,0.0
1790797953.673,6.9,62.2,0,0,0.0,0.0,0,0,0,0,False,0,0.0,0.0,0.0
1790797954.673,6.8,62.2,0,0,0.0,0.0,0,0,0,0,False,0,0.0,0.0,0.0
1790797955.673,7.4,62.1,0,618451,0.0,12.0,0,0,0,0,False,0,0.0,0.0,0.0
1790797956.673,13.3,62.0,0,77817,0.0,2.0,0,0,0,0,False,0,0.0,0.0,0.0
1790797957.673,8.3,62.0,0,53244,0.0,5.0,0,0,0,0,False,0,0.0,0.0,0.0
1790797958.673,7.0,62.0,0,0,0.0,0.0,0,0,0,0,False,0,0.0,0.0,0.0
1790797959.673,6.6,61.9,0,0,0.0,0.0,0,0,0,0,False,0,0.0,0.0,0.0
1790797960.673,6.7,61.9,0,0,0.0,0.0,0,0,0,0,False,0,0.0,0.0,0.0
1790797961.673,6.6,61.9,0,0,0.0,0.0,0,0,0,0,False,0,0.0,0.0,0.0
1790797962.673,6.6,61.9,0,20479,0.0,3.0,0,0,0,0,False,0,0.0,0.0,0.0
1790797963.674,6.6,61.9,0,0,0.0,0.0,0,0,0,0,False,0,0.0,0.0,0.0
1790797964.674,6.7,61.8,0,28670,0.0,3.0,0,0,0,0,False,0,0.0,0.0,0.0
1790797965.674,6.6,61.8,0,0,0.0,0.0,0,0,0,0,False,0,0.0,0.0,0.0
1790797966.674,8.0,61.8,0,24574,0.0,1.0,0,0,0,0,False,0,0.0,0.0,0.0
1790797967.674,7.0,61.8,0,0,0.0,0.0,0,0,0,0,False,0,0.0,0.0,0.0
1790797968.674,6.3,61.8,0,0,0.0,0.0,0,0,0,0,False,0,0.0,0.0,0.0
1790797969.674,6.4,61.9,0,49149,0.0,2.0,0,0,0,0,False,0,0.0,0.0,0.0
1790797970.674,10.8,62.0,0,32766,0.0,1.0,0,0,0,0,False,0,0.0,0.0,0.0
1790797971.674,24.7,62.5,0,0,0.0,0.0,0,0,0,0,False,0,0.0,0.0,0.0
1790797972.674,46.4,62.6,0,3305189,0.0,42.0,1,1,0,1,False,0,0.0,0.0,0.0
1790797973.674,32.2,63.0,0,45053,0.0,2.0,0,0,0,0,False,0,0.0,0.0,0.0
1790797974.674,11.4,63.7,0,630735,0.0,7.0,0,0,0,0,False,0,0.0,0.0,0.0
1790797975.674,9.6,63.8,0,163828,0.0,12.0,0,0,0,0,False,0,0.0,0.0,0.0
1790797976.674,7.1,63.8,0,0,0.0,0.0,0,0,0,0,False,0,0.0,0.0,0.0
1790797977.675,6.4,63.8,0,0,0.0,0.0,0,0,0,0,False,0,0.0,0.0,0.0
1790797978.675,8.9,63.7,0,0,0.0,0.0,0,0,0,0,False,0,0.0,0.0,0.0
1790797979.675,6.4,63.6,0,0,0.0,0.0,0,0,0,0,False,0,0.0,0.0,0.0
1790797980.675,8.4,63.5,0,0,0.0,0.0,0,0,0,0,False,0,0.0,0.0,0.0
1790797981.675,7.1,63.4,0,16383,0.0,2.0,0,0,0,0,False,0,0.0,0.0,0.0
1790797982.675,7.7,63.4,16383,683983,3.0,81.0,0,0,0,0,False,0,0.0,0.0,0.0
1790797983.675,7.0,63.4,0,0,0.0,0.0,0,0,0,0,False,0,0.0,0.0,0.0
1790797984.675,6.6,63.3,0,0,0.0,0.0,0,0,0,0,False,0,0.0,0.0,0.0
1790797985.675,9.8,63.3,0,0,0.0,0.0,0,0,0,0,False,0,0.0,0.0,0.0
1790797986.675,6.6,63.3,0,384997,0.0,10.0,0,0,0,0,False,0,0.0,0.0,0.0
1790797987.675,17.8,63.8,0,94201,0.0,3.0,0,0,0,0,False,0,0.0,0.0,0.0
1790797988.675,31.5,64.1,0,0,0.0,0.0,1,0,0,1,False,0,0.0,0.0,0.0
1790797989.675,20.0,63.4,0,45053,0.0,2.0,0,0,0,0,False,0,0.0,0.0,0.0
1790797990.675,8.1,63.4,0,0,0.0,0.0,0,0,0,0,False,0,0.0,0.0,0.0
1790797991.676,6.7,63.4,0,0,0.0,0.0,0,0,0,0,False,0,0.0,0.0,0.0
1790797992.676,12.1,63.4,0,380912,0.0,20.0,0,0,0,0,False,0,0.0,0.0,0.0
1790797993.676,27.1,64.1,0,0,0.0,0.0,1,0,0,1,False,0,0.0,0.0,0.0
1790797994.676,29.1,67.2,0,0,0.0,0.0,1,0,0,1,False,0,0.0,0.0,0.0
1790797995.676,26.1,67.2,0,802758,0.0,10.0,1,1,0,1,False,0,0.0,0.0,0.0
1790797996.676,19.4,67.2,0,0,0.0,0.0,1,1,0,1,False,0,0.0,0.0,0.0
1790797997.676,21.3,67.2,0,0,0.0,0.0,1,1,0,1,False,0,0.0,0.0,0.0
1790797998.676,20.3,67.2,0,167923,0.0,3.0,1,1,0,1,False,0,0.0,0.0,0.0
1790797999.676,20.0,67.2,0,0,0.0,0.0,1,1,0,1,False,0,0.0,0.0,0.0
1790798000.676,18.6,66.4,0,45053,0.0,2.0,0,0,0,0,False,0,0.0,0.0,0.0
1790798001.676,6.7,66.3,0,0,0.0,0.0,0,0,0,0,False,0,0.0,0.0,0.0
1790798002.676,6.7,66.2,0,98297,0.0,1.0,0,0,0,0,False,0,0.0,0.0,0.0
1790798003.676,7.3,66.1,0,421858,0.0,32.0,0,0,0,0,False,0,0.0,0.0,0.0
1790798004.676,8.0,66.0,0,2641730,0.0,39.0,0,0,0,0,False,0,0.0,0.0,0.0
1790798005.677,7.3,65.8,0,0,0.0,0.0,0,0,0,0,False,0,0.0,0.0,0.0
1790798006.677,7.6,65.8,0,0,0.0,0.0,0,0,0,0,False,0,0.0,0.0,0.0
1790798007.677,6.5,65.8,0,0,0.0,0.0,0,0,0,0,False,0,0.0,0.0,0.0
1790798008.677,6.8,65.8,0,417763,0.0,5.0,0,0,0,0,False,0,0.0,0.0,0.0
1790798009.677,6.5,65.8,0,1314721,0.0,11.0,0,0,0,0,False,0,0.0,0.0,0.0
1790798010.677,6.7,65.7,0,0,0.0,0.0,0,0,0,0,False,0,0.0,0.0,0.0
1790798011.677,8.7,65.6,0,0,0.0,0.0,0,0,0,0,False,0,0.0,0.0,0.0
1790798012.677,6.6,65.6,0,0,0.0,0.0,0,0,0,0,False,0,0.0,0.0,0.0
1790798013.677,10.1,65.6,0,61436,0.0,2.0,0,0,0,0,False,0,0.0,0.0,0.0
1790798014.677,6.9,65.5,0,20478,0.0,2.0,0,0,0,0,False,0,0.0,0.0,0.0
1790798015.677,7.3,65.5,0,0,0.0,0.0,0,0,0,0,False,0,0.0,0.0,0.0
1790798016.677,15.5,66.0,0,32766,0.0,1.0,0,0,0,0,False,0,0.0,0.0,0.0
1790798017.677,28.1,66.4,0,413663,0.0,11.0,1,0,0,1,False,0,0.0,0.0,0.0
1790798018.677,25.6,65.7,0,282603,0.0,56.0,0,0,0,0,False,0,0.0,0.0,0.0
1790798019.678,6.6,65.7,0,0,0.0,0.0,0,0,0,0,False,0,0.0,0.0,0.0
1790798020.678,6.9,65.7,0,188407,0.0,3.0,0,0,0,0,False,0,0.0,0.0,0.0
1790798021.678,6.6,65.7,0,0,0.0,0.0,0,0,0,0,False,0,0.0,0.0,0.0
1790798022.678,7.5,65.6,0,0,0.0,0.0,0,0,0,0,False,0,0.0,0.0,0.0
1790798023.678,7.5,65.5,0,0,0.0,0.0,0,0,0,0,False,0,0.0,0.0,0.0
1790798024.678,9.6,65.5,0,4096,0.0,1.0,0,0,0,0,False,0,0.0,0.0,0.0
1790798025.678,7.4,65.4,0,0,0.0,0.0,0,0,0,0,False,0,0.0,0.0,0.0
1790798026.678,6.9,65.1,0,204785,0.0,4.0,0,0,0,0,False,0,0.0,0.0,0.0
1790798027.678,6.7,65.1,0,12287,0.0,1.0,0,0,0,0,False,0,0.0,0.0,0.0
1790798028.678,21.0,65.5,0,32766,0.0,1.0,0,0,0,0,False,0,0.0,0.0,0.0
1790798029.678,32.5,65.8,0,32766,0.0,1.0,1,0,0,1,False,0,0.0,0.0,0.0
1790798030.678,10.8,65.2,0,49148,0.0,2.0,0,0,0,0,False,0,0.0,0.0,0.0
1790798031.678,6.7,65.2,0,229359,0.0,3.0,0,0,0,0,False,0,0.0,0.0,0.0
1790798032.678,7.3,65.2,0,0,0.0,0.0,0,0,0,0,False,0,0.0,0.0,0.0
1790798033.679,9.5,65.8,0,12287,0.0,1.0,0,0,0,0,False,0,0.0,0.0,0.0
1790798034.679,7.1,65.8,0,0,0.0,0.0,0,0,0,0,False,0,0.0,0.0,0.0
1790798035.679,6.8,65.8,0,0,0.0,0.0,0,0,0,0,False,0,0.0,0.0,0.0
1790798036.679,6.9,65.7,0,0,0.0,0.0,0,0,0,0,False,0,0.0,0.0,0.0
1790798037.679,6.9,65.7,0,0,0.0,0.0,0,0,0,0,False,0,0.0,0.0,0.0
1790798038.679,7.4,65.7,0,53244,0.0,2.0,0,0,0,0,False,0,0.0,0.0,0.0
1790798039.679,7.7,65.7,0,0,0.0,0.0,0,0,0,0,False,0,0.0,0.0,0.0
1790798040.679,7.1,65.6,0,2801450,0.0,30.0,0,0,0,0,False,0,0.0,0.0,0.0
1790798041.679,6.7,65.6,0,0,0.0,0.0,0,0,0,0,False,0,0.0,0.0,0.0
1790798042.679,6.9,65.5,0,0,0.0,0.0,0,0,0,0,False,0,0.0,0.0,0.0
1790798043.679,8.8,65.5,0,0,0.0,0.0,0,0,0,0,False,0,0.0,0.0,0.0
1790798044.679,7.4,65.4,0,0,0.0,0.0,0,0,0,0,False,0,0.0,0.0,0.0
1790798045.680,8.2,65.4,0,0,0.0,0.0,0,0,0,0,False,0,0.0,0.0,0.0
1790798046.680,9.4,65.6,0,16383,0.0,2.0,0,0,0,0,False,0,0.0,0.0,0.0
1790798047.680,23.7,66.0,0,32765,0.0,1.0,0,0,0,0,False,0,0.0,0.0,0.0
1790798048.680,40.3,66.4,0,401376,0.0,12.0,0,0,0,0,False,0,0.0,0.0,0.0
1790798049.680,10.4,66.1,0,344039,0.0,6.0,0,0,0,0,False,0,0.0,0.0,0.0
1790798050.680,13.4,66.4,4096,196594,1.0,13.0,0,0,0,0,False,0,0.0,0.0,0.0
1790798051.680,28.4,66.8,0,405473,0.0,78.0,0,0,0,0,False,0,0.0,0.0,0.0
1790798052.680,30.4,66.8,0,0,0.0,0.0,1,0,0,1,False,0,0.0,0.0,0.0
1790798053.680,23.6,66.9,0,249837,0.0,11.0,1,1,0,1,False,0,0.0,0.0,0.0
1790798054.680,19.2,66.9,0,0,0.0,0.0,1,1,0,1,False,0,0.0,0.0,0.0
1790798055.680,21.6,66.9,0,0,0.0,0.0,1,1,0,1,False,0,0.0,0.0,0.0
1790798056.680,19.6,66.9,0,0,0.0,0.0,1,1,0,1,False,0,0.0,0.0,0.0
1790798057.680,18.6,66.9,0,0,0.0,0.0,1,1,0,1,False,0,0.0,0.0,0.0
1790798058.681,19.0,66.1,0,94199,0.0,4.0,0,0,0,0,False,0,0.0,0.0,0.0
1790798059.681,6.9,66.0,0,0,0.0,0.0,0,0,0,0,False,0,0.0,0.0,0.0
1790798060.681,8.7,65.9,0,0,0.0,0.0,0,0,0,0,False,0,0.0,0.0,0.0
1790798061.681,6.7,65.9,0,0,0.0,0.0,0,0,0,0,False,0,0.0,0.0,0.0
1790798062.681,6.4,65.8,0,0,0.0,0.0,0,0,0,0,False,0,0.0,0.0,0.0
1790798063.681,7.4,65.8,0,0,0.0,0.0,0,0,0,0,False,0,0.0,0.0,0.0
1790798064.681,6.8,65.7,0,176115,0.0,3.0,0,0,0,0,False,0,0.0,0.0,0.0
1790798065.681,7.2,65.7,0,81913,0.0,1.0,0,0,0,0,False,0,0.0,0.0,0.0
1790798066.681,6.6,65.7,0,0,0.0,0.0,0,0,0,0,False,0,0.0,0.0,0.0
1790798067.681,6.4,65.7,0,0,0.0,0.0,0,0,0,0,False,0,0.0,0.0,0.0
1790798068.681,6.6,65.7,0,1236905,0.0,10.0,0,0,0,0,False,0,0.0,0.0,0.0
1790798069.681,6.7,65.7,0,65531,0.0,2.0,0,0,0,0,False,0,0.0,0.0,0.0
1790798070.681,6.4,65.7,0,0,0.0,0.0,0,0,0,0,False,0,0.0,0.0,0.0
1790798071.682,10.3,65.7,0,0,0.0,0.0,0,0,0,0,False,0,0.0,0.0,0.0
1790798072.682,6.9,65.7,0,0,0.0,0.0,0,0,0,0,False,0,0.0,0.0,0.0
1790798073.682,6.9,65.6,0,0,0.0,0.0,0,0,0,0,False,0,0.0,0.0,0.0
1790798074.682,6.6,65.6,0,188403,0.0,4.0,0,0,0,0,False,0,0.0,0.0,0.0
1790798075.682,6.9,65.6,0,0,0.0,0.0,0,0,0,0,False,0,0.0,0.0,0.0
1790798076.682,6.9,65.6,0,2395946,0.0,22.0,0,0,0,0,False,0,0.0,0.0,0.0
1790798077.682,7.4,65.5,0,0,0.0,0.0,0,0,0,0,False,0,0.0,0.0,0.0
1790798078.682,7.5,65.5,0,163829,0.0,16.0,0,0,0,0,False,0,0.0,0.0,0.0
1790798079.682,6.8,65.1,0,393188,0.0,12.0,0,0,0,0,False,0,0.0,0.0,0.0
1790798080.682,10.1,65.1,0,4096,0.0,1.0,0,0,0,0,False,0,0.0,0.0,0.0
1790798081.682,6.8,65.1,0,1339296,0.0,16.0,0,0,0,0,False,0,0.0,0.0,0.0
1790798082.682,9.0,65.1,0,0,0.0,0.0,0,0,0,0,False,0,0.0,0.0,0.0
1790798083.682,7.1,65.1,0,0,0.0,0.0,0,0,0,0,False,0,0.0,0.0,0.0
1790798084.683,7.3,65.1,0,393188,0.0,59.0,0,0,0,0,False,0,0.0,0.0,0.0
1790798085.683,6.6,65.1,0,106488,0.0,10.0,0,0,0,0,False,0,0.0,0.0,0.0
1790798086.683,6.6,65.1,0,0,0.0,0.0,0,0,0,0,False,0,0.0,0.0,0.0
1790798087.683,6.6,65.0,0,0,0.0,0.0,0,0,0,0,False,0,0.0,0.0,0.0
1790798088.683,6.6,65.1,0,0,0.0,0.0,0,0,0,0,False,0,0.0,0.0,0.0
1790798089.683,6.9,65.0,0,24574,0.0,1.0,0,0,0,0,False,0,0.0,0.0,0.0
1790798090.683,6.7,65.1,0,0,0.0,0.0,0,0,0,0,False,0,0.0,0.0,0.0
1790798091.683,8.0,65.1,0,0,0.0,0.0,0,0,0,0,False,0,0.0,0.0,0.0
1790798092.683,7.6,65.1,0,98297,0.0,3.0,0,0,0,0,False,0,0.0,0.0,0.0
1790798093.683,9.4,65.2,0,0,0.0,0.0,0,0,0,0,False,0,0.0,0.0,0.0
1790798094.683,9.4,65.4,0,1961840,0.0,30.0,0,0,0,0,False,0,0.0,0.0,0.0
1790798095.683,9.7,65.7,0,184306,0.0,4.0,0,0,0,0,False,0,0.0,0.0,0.0
1790798096.683,8.8,66.0,0,163827,0.0,12.0,0,0,0,0,False,0,0.0,0.0,0.0
1790798097.683,7.8,65.9,0,0,0.0,0.0,0,0,0,0,False,0,0.0,0.0,0.0
1790798098.684,15.4,66.1,0,32765,0.0,1.0,0,0,0,0,False,0,0.0,0.0,0.0
1790798099.684,27.5,66.5,0,0,0.0,0.0,1,0,0,1,False,0,0.0,0.0,0.0
1790798100.684,31.2,66.5,0,0,0.0,0.0,1,1,0,1,False,0,0.0,0.0,0.0
1790798101.684,16.7,66.5,0,204785,0.0,6.0,1,1,0,1,False,0,0.0,0.0,0.0
1790798102.684,14.2,66.5,0,0,0.0,0.0,1,1,0,1,False,0,0.0,0.0,0.0
1790798103.684,14.9,66.6,0,0,0.0,0.0,1,1,0,1,False,0,0.0,0.0,0.0
1790798104.684,15.3,66.6,0,0,0.0,0.0,1,1,0,1,False,0,0.0,0.0,0.0
1790798105.684,14.2,66.6,0,0,0.0,0.0,0,0,0,0,False,0,0.0,0.0,0.0
1790798106.684,8.3,65.9,0,49148,0.0,2.0,0,0,0,0,False,0,0.0,0.0,0.0
1790798107.684,6.8,65.9,0,200688,0.0,3.0,0,0,0,0,False,0,0.0,0.0,0.0
1790798108.684,6.7,65.9,0,0,0.0,0.0,0,0,0,0,False,0,0.0,0.0,0.0
1790798109.684,12.4,65.8,0,16383,0.0,1.0,0,0,0,0,False,0,0.0,0.0,0.0
1790798110.684,7.5,65.8,0,237551,0.0,8.0,0,0,0,0,False,0,0.0,0.0,0.0
1790798111.684,7.0,65.8,0,2965280,0.0,28.0,0,0,0,0,False,0,0.0,0.0,0.0
1790798112.685,6.9,65.7,0,90103,0.0,1.0,0,0,0,0,False,0,0.0,0.0,0.0
1790798113.685,8.6,65.7,0,0,0.0,0.0,0,0,0,0,False,0,0.0,0.0,0.0
1790798114.685,7.2,65.7,0,471006,0.0,98.0,0,0,0,0,False,0,0.0,0.0,0.0
1790798115.685,6.5,65.7,0,57340,0.0,2.0,0,0,0,0,False,0,0.0,0.0,0.0
1790798116.685,6.9,65.6,0,0,0.0,0.0,0,0,0,0,False,0,0.0,0.0,0.0
1790798117.685,6.9,65.7,0,1236902,0.0,10.0,0,0,0,0,False,0,0.0,0.0,0.0
1790798118.685,7.2,65.6,0,0,0.0,0.0,0,0,0,0,False,0,0.0,0.0,0.0
1790798119.685,7.3,65.6,0,0,0.0,0.0,0,0,0,0,False,0,0.0,0.0,0.0
1790798120.685,6.9,65.6,0,229360,0.0,6.0,0,0,0,0,False,0,0.0,0.0,0.0
1790798121.685,9.0,65.6,0,1982318,0.0,19.0,0,0,0,0,False,0,0.0,0.0,0.0
1790798122.685,7.3,65.6,0,122871,0.0,10.0,0,0,0,0,False,0,0.0,0.0,0.0
1790798123.685,7.8,65.3,0,0,0.0,0.0,0,0,0,0,False,0,0.0,0.0,0.0
1790798124.685,10.5,65.3,0,266221,0.0,31.0,0,0,0,0,False,0,0.0,0.0,0.0
1790798125.686,22.7,65.7,0,32766,0.0,1.0,0,0,0,0,False,0,0.0,0.0,0.0
1790798126.686,20.7,65.2,0,49149,0.0,2.0,0,0,0,0,False,0,0.0,0.0,0.0
1790798127.686,6.8,65.3,0,1494929,0.0,23.0,0,0,0,0,False,0,0.0,0.0,0.0
1790798128.686,6.9,65.3,0,0,0.0,0.0,0,0,0,0,False,0,0.0,0.0,0.0
1790798129.686,6.8,65.3,0,0,0.0,0.0,0,0,0,0,False,0,0.0,0.0,0.0
1790798130.686,7.7,65.3,0,266220,0.0,5.0,0,0,0,0,False,0,0.0,0.0,0.0
1790798131.686,7.3,65.3,0,4096,0.0,1.0,0,0,0,0,False,0,0.0,0.0,0.0
1790798132.686,6.9,65.3,0,0,0.0,0.0,0,0,0,0,False,0,0.0,0.0,0.0
1790798133.686,7.0,65.3,0,0,0.0,0.0,0,0,0,0,False,0,0.0,0.0,0.0
1790798134.686,12.1,65.4,0,61435,0.0,4.0,0,0,0,0,False,0,0.0,0.0,0.0
1790798135.686,23.6,66.0,0,45053,0.0,2.0,0,0,0,0,False,0,0.0,0.0,0.0
1790798136.686,23.9,66.1,0,4096,0.0,1.0,1,0,0,1,False,0,0.0,0.0,0.0
1790798137.686,16.8,66.1,0,0,0.0,0.0,1,1,0,1,False,0,0.0,0.0,0.0
1790798138.686,15.2,66.2,0,32766,0.0,1.0,1,1,0,1,False,0,0.0,0.0,0.0
1790798139.687,31.4,66.7,0,266219,0.0,5.0,1,1,0,1,False,0,0.0,0.0,0.0
1790798140.687,55.5,67.5,0,1310606,0.0,13.0,4,1,0,4,False,0,0.0,0.0,0.0
1790798141.687,72.5,67.9,0,0,0.0,0.0,3,3,0,3,False,0,0.0,0.0,0.0
1790798142.687,64.5,67.9,0,3030796,0.0,37.0,4,3,0,4,False,0,0.0,0.0,0.0
1790798143.688,59.8,67.5,0,49113,0.0,2.0,2,1,0,2,False,0,0.0,0.0,0.0
1790798144.688,50.2,66.4,0,32765,0.0,2.0,0,0,0,0,False,0,0.0,0.0,0.0
1790798145.688,6.6,66.5,0,46182345,0.0,367.0,0,0,0,0,False,0,0.0,0.0,0.0
1790798146.688,6.8,66.4,0,765896,0.0,100.0,0,0,0,0,False,0,0.0,0.0,0.0
1790798147.688,9.0,66.4,0,0,0.0,0.0,0,0,0,0,False,0,0.0,0.0,0.0
1790798148.688,26.0,67.0,0,32766,0.0,1.0,0,0,0,0,False,0,0.0,0.0,0.0
1790798149.688,37.8,66.6,0,0,0.0,0.0,2,1,0,2,False,0,0.0,0.0,0.0
1790798150.688,27.4,66.5,0,737223,0.0,9.0,0,0,0,0,False,0,0.0,0.0,0.0
1790798151.688,8.6,66.5,0,147445,0.0,12.0,0,0,0,0,False,0,0.0,0.0,0.0
1790798152.688,6.5,66.5,0,0,0.0,0.0,0,0,0,0,False,0,0.0,0.0,0.0
1790798153.688,9.1,66.7,0,126967,0.0,11.0,0,0,0,0,False,0,0.0,0.0,0.0
1790798154.688,7.4,66.5,0,0,0.0,0.0,0,0,0,0,False,0,0.0,0.0,0.0
1790798155.689,6.6,66.4,0,0,0.0,0.0,0,0,0,0,False,0,0.0,0.0,0.0
1790798156.689,8.0,66.4,0,0,0.0,0.0,0,0,0,0,False,0,0.0,0.0,0.0
1790798157.689,7.2,66.3,0,0,0.0,0.0,0,0,0,0,False,0,0.0,0.0,0.0
1790798158.689,6.5,66.2,0,0,0.0,0.0,0,0,0,0,False,0,0.0,0.0,0.0
1790798159.689,7.0,66.1,8191,2187089,2.0,51.0,0,0,0,0,False,0,0.0,0.0,0.0
1790798160.689,6.8,66.1,0,0,0.0,0.0,0,0,0,0,False,0,0.0,0.0,0.0
1790798161.689,6.6,66.0,0,0,0.0,0.0,0,0,0,0,False,0,0.0,0.0,0.0
1790798162.689,9.1,65.9,0,0,0.0,0.0,0,0,0,0,False,0,0.0,0.0,0.0
1790798163.689,10.2,65.9,0,0,0.0,0.0,0,0,0,0,False,0,0.0,0.0,0.0
1790798164.689,6.6,65.9,0,139254,0.0,10.0,0,0,0,0,False,0,0.0,0.0,0.0
1790798165.689,6.5,65.8,0,0,0.0,0.0,0,0,0,0,False,0,0.0,0.0,0.0
1790798166.689,6.5,65.9,0,0,0.0,0.0,0,0,0,0,False,0,0.0,0.0,0.0
1790798167.689,6.6,65.8,0,0,0.0,0.0,0,0,0,0,False,0,0.0,0.0,0.0
1790798168.690,6.7,65.8,0,0,0.0,0.0,0,0,0,0,False,0,0.0,0.0,0.0
1790798169.690,7.6,65.8,0,53245,0.0,2.0,0,0,0,0,False,0,0.0,0.0,0.0
1790798170.690,18.4,66.1,0,1269668,0.0,11.0,0,0,0,0,False,0,0.0,0.0,0.0
1790798171.690,29.2,66.4,0,0,0.0,0.0,1,0,0,1,False,0,0.0,0.0,0.0
1790798172.690,22.8,65.6,0,1453975,0.0,19.0,0,0,0,0,False,0,0.0,0.0,0.0
1790798173.690,9.4,65.7,0,3092253,0.0,32.0,0,0,0,0,False,0,0.0,0.0,0.0
1790798174.690,23.2,66.3,0,32765,0.0,1.0,0,0,0,0,False,0,0.0,0.0,0.0
1790798175.690,49.9,66.4,0,372710,0.0,5.0,3,3,0,3,False,0,0.0,0.0,0.0
1790798176.690,60.3,67.1,4096,31961976,1.0,289.0,1,1,0,1,False,0,0.0,0.0,0.0
1790798177.693,47.9,67.2,0,0,0.0,0.0,2,0,0,2,False,0,0.0,0.0,0.0
1790798178.693,80.9,67.4,0,0,0.0,0.0,1,0,0,1,False,0,0.0,0.0,0.0
1790798179.693,32.2,66.6,0,12287,0.0,1.0,1,1,0,1,False,0,0.0,0.0,0.0
1790798180.693,23.7,66.0,0,815041,0.0,17.0,1,1,0,1,False,0,0.0,0.0,0.0
1790798181.693,19.7,66.0,0,1028013,0.0,145.0,1,1,0,1,False,0,0.0,0.0,0.0
1790798182.693,19.8,66.0,0,0,0.0,0.0,1,1,0,1,False,0,0.0,0.0,0.0
1790798183.693,22.5,66.0,0,114679,0.0,10.0,1,1,0,1,False,0,0.0,0.0,0.0
1790798184.693,20.3,65.9,0,1843049,0.0,19.0,1,1,0,1,False,0,0.0,0.0,0.0
1790798185.693,11.8,65.1,0,16383,0.0,1.0,0,0,0,0,False,0,0.0,0.0,0.0
1790798186.693,7.5,65.1,0,0,0.0,0.0,0,0,0,0,False,0,0.0,0.0,0.0
1790798187.693,19.2,65.6,0,36861,0.0,2.0,0,0,0,0,False,0,0.0,0.0,0.0
1790798188.694,33.4,65.8,0,0,0.0,0.0,2,1,0,2,False,0,0.0,0.0,0.0
1790798189.694,42.7,66.0,0,1478557,0.0,14.0,1,0,0,1,False,0,0.0,0.0,0.0
1790798190.694,9.9,65.2,0,49148,0.0,2.0,0,0,0,0,False,0,0.0,0.0,0.0
1790798191.694,6.9,65.2,0,0,0.0,0.0,0,0,0,0,False,0,0.0,0.0,0.0
1790798192.694,6.6,65.2,0,0,0.0,0.0,0,0,0,0,False,0,0.0,0.0,0.0
1790798193.694,21.0,65.6,0,32766,0.0,1.0,0,0,0,0,False,0,0.0,0.0,0.0
1790798194.694,33.6,65.9,0,557015,0.0,7.0,0,0,0,0,False,0,0.0,0.0,0.0
1790798195.694,12.3,65.2,0,49148,0.0,2.0,0,0,0,0,False,0,0.0,0.0,0.0
1790798196.694,7.2,65.2,0,0,0.0,0.0,0,0,0,0,False,0,0.0,0.0,0.0
1790798197.694,6.6,65.2,0,0,0.0,0.0,0,0,0,0,False,0,0.0,0.0,0.0
1790798198.694,9.1,65.2,0,0,0.0,0.0,0,0,0,0,False,0,0.0,0.0,0.0
1790798199.694,6.9,65.1,0,0,0.0,0.0,0,0,0,0,False,0,0.0,0.0,0.0
1790798200.694,6.9,65.2,0,131063,0.0,2.0,0,0,0,0,False,0,0.0,0.0,0.0
1790798201.694,7.5,65.1,0,0,0.0,0.0,0,0,0,0,False,0,0.0,0.0,0.0
1790798202.695,8.0,65.1,0,0,0.0,0.0,0,0,0,0,False,0,0.0,0.0,0.0
1790798203.695,7.1,65.1,0,0,0.0,0.0,0,0,0,0,False,0,0.0,0.0,0.0
1790798204.695,7.0,65.1,0,3927786,0.0,47.0,0,0,0,0,False,0,0.0,0.0,0.0
1790798205.695,6.8,65.0,0,0,0.0,0.0,0,0,0,0,False,0,0.0,0.0,0.0
1790798206.695,16.6,65.0,0,32766,0.0,1.0,0,0,0,0,False,0,0.0,0.0,0.0
1790798207.695,25.1,65.8,0,143350,0.0,2.0,0,0,0,0,False,0,0.0,0.0,0.0
1790798208.695,33.9,65.2,0,49148,0.0,2.0,0,0,0,0,False,0,0.0,0.0,0.0
1790798209.695,7.3,65.2,0,204785,0.0,3.0,0,0,0,0,False,0,0.0,0.0,0.0
1790798210.695,7.2,65.2,0,188402,0.0,4.0,0,0,0,0,False,0,0.0,0.0,0.0
1790798211.695,7.0,65.2,0,0,0.0,0.0,0,0,0,0,False,0,0.0,0.0,0.0
1790798212.695,7.0,65.2,0,0,0.0,0.0,0,0,0,0,False,0,0.0,0.0,0.0
1790798213.695,10.9,65.4,0,0,0.0,0.0,0,0,0,0,False,0,0.0,0.0,0.0
1790798214.695,6.8,65.4,0,630738,0.0,71.0,0,0,0,0,False,0,0.0,0.0,0.0
1790798215.695,6.9,65.3,0,81914,0.0,2.0,0,0,0,0,False,0,0.0,0.0,0.0
1790798216.696,21.7,65.8,0,98297,0.0,3.0,0,0,0,0,False,0,0.0,0.0,0.0
1790798217.696,43.8,67.0,0,0,0.0,0.0,4,0,0,4,False,0,0.0,0.0,0.0
1790798218.696,59.0,66.3,0,802746,0.0,16.0,2,2,0,2,False,0,0.0,0.0,0.0
1790798219.696,32.3,67.0,0,32765,0.0,1.0,1,1,0,1,False,0,0.0,0.0,0.0
1790798220.696,78.4,67.3,0,32765,0.0,1.0,0,0,0,0,False,0,0.0,0.0,0.0
1790798221.696,50.5,66.6,0,65531,0.0,3.0,0,0,0,0,False,0,0.0,0.0,0.0
1790798222.696,44.4,67.0,0,19151248,0.0,156.0,2,1,0,2,False,0,0.0,0.0,0.0
1790798223.696,55.9,68.1,0,712648,0.0,8.0,0,0,0,0,False,0,0.0,0.0,0.0
1790798224.696,60.8,67.6,0,16383,0.0,1.0,4,2,0,4,False,0,0.0,0.0,0.0
1790798225.696,39.4,67.4,0,49148,0.0,2.0,1,1,0,1,False,0,0.0,0.0,0.0
1790798226.700,61.3,67.4,0,0,0.0,0.0,1,15,0,1,False,0,0.0,0.0,0.0
1790798227.700,31.2,67.4,0,49147,0.0,2.0,0,0,0,0,False,0,0.0,0.0,0.0
1790798228.700,36.0,67.1,0,618448,0.0,6.0,2,1,0,2,False,0,0.0,0.0,0.0
1790798229.700,25.3,66.7,0,49148,0.0,2.0,0,0,0,0,False,0,0.0,0.0,0.0
1790798230.700,6.8,66.6,0,0,0.0,0.0,0,0,0,0,False,0,0.0,0.0,0.0
1790798231.700,7.0,66.6,0,0,0.0,0.0,0,0,0,0,False,0,0.0,0.0,0.0
1790798232.700,21.2,66.8,0,32766,0.0,1.0,0,0,0,0,False,0,0.0,0.0,0.0
1790798233.700,27.0,67.0,0,597968,0.0,6.0,1,0,0,1,False,0,0.0,0.0,0.0
1790798234.700,26.0,66.9,0,0,0.0,0.0,1,1,0,1,False,0,0.0,0.0,0.0
1790798235.700,23.2,66.9,0,4230824,0.0,41.0,1,1,0,1,False,0,0.0,0.0,0.0
1790798236.701,21.0,66.9,0,0,0.0,0.0,1,1,0,1,False,0,0.0,0.0,0.0
1790798237.701,19.3,66.8,0,0,0.0,0.0,1,1,0,1,False,0,0.0,0.0,0.0
1790798238.701,19.6,66.8,0,102392,0.0,2.0,1,1,0,1,False,0,0.0,0.0,0.0
1790798239.701,31.8,67.2,0,65531,0.0,2.0,1,1,0,1,False,0,0.0,0.0,0.0
1790798240.701,34.0,66.9,0,950195,0.0,12.0,1,0,0,1,False,0,0.0,0.0,0.0
1790798241.701,22.2,66.1,0,49148,0.0,2.0,0,0,0,0,False,0,0.0,0.0,0.0
1790798242.701,10.0,66.2,0,0,0.0,0.0,0,0,0,0,False,0,0.0,0.0,0.0
1790798243.701,27.0,66.7,0,32766,0.0,1.0,0,0,0,0,False,0,0.0,0.0,0.0
1790798244.701,51.7,66.6,0,249836,0.0,3.0,3,2,0,3,False,0,0.0,0.0,0.0
1790798245.701,33.1,67.0,0,12287,0.0,1.0,1,1,0,1,False,0,0.0,0.0,0.0
1790798246.704,59.0,67.0,0,277860,0.0,55.9,1,14,0,1,False,0,0.0,0.0,0.0
1790798247.704,16.6,66.2,0,49148,0.0,2.0,0,0,0,0,False,0,0.0,0.0,0.0
1790798248.704,6.7,66.2,0,19192383,0.0,156.0,0,0,0,0,False,0,0.0,0.0,0.0
1790798249.704,6.7,66.2,0,614349,0.0,6.0,0,0,0,0,False,0,0.0,0.0,0.0
1790798250.704,19.6,66.6,0,32765,0.0,1.0,0,0,0,0,False,0,0.0,0.0,0.0
1790798251.704,36.5,66.7,0,0,0.0,0.0,3,0,0,3,False,0,0.0,0.0,0.0
1790798252.704,30.1,66.8,0,0,0.0,0.0,1,1,0,1,False,0,0.0,0.0,0.0
1790798253.704,41.6,66.8,0,0,0.0,0.0,1,0,0,1,False,0,0.0,0.0,0.0
1790798254.704,40.1,66.2,0,45051,0.0,2.0,0,0,0,0,False,0,0.0,0.0,0.0
1790798255.704,6.8,66.2,0,630734,0.0,9.0,0,0,0,0,False,0,0.0,0.0,0.0
1790798256.704,6.8,66.1,0,0,0.0,0.0,0,0,0,0,False,0,0.0,0.0,0.0
1790798257.705,8.1,66.0,0,0,0.0,0.0,0,0,0,0,False,0,0.0,0.0,0.0
1790798258.705,6.9,65.8,0,0,0.0,0.0,0,0,0,0,False,0,0.0,0.0,0.0
1790798259.705,9.1,65.8,0,0,0.0,0.0,0,0,0,0,False,0,0.0,0.0,0.0
1790798260.705,22.4,66.2,0,36861,0.0,2.0,0,0,0,0,False,0,0.0,0.0,0.0
1790798261.705,21.0,65.6,0,45052,0.0,2.0,0,0,0,0,False,0,0.0,0.0,0.0
1790798262.705,8.6,65.6,0,0,0.0,0.0,0,0,0,0,False,0,0.0,0.0,0.0
1790798263.705,7.4,65.6,0,19003949,0.0,152.0,0,0,0,0,False,0,0.0,0.0,0.0
1790798264.705,7.9,65.6,0,700357,0.0,14.0,0,0,0,0,False,0,0.0,0.0,0.0
1790798265.705,10.1,65.6,0,2678561,0.0,30.0,0,0,0,0,False,0,0.0,0.0,0.0
1790798266.705,6.9,65.5,0,0,0.0,0.0,0,0,0,0,False,0,0.0,0.0,0.0
1790798267.705,6.6,65.5,0,1376136,0.0,18.0,0,0,0,0,False,0,0.0,0.0,0.0
1790798268.705,9.8,65.6,0,13773708,0.0,107.0,0,0,0,0,False,0,0.0,0.0,0.0
1790798269.706,23.5,66.1,0,32765,0.0,1.0,0,0,0,0,False,0,0.0,0.0,0.0
1790798270.706,26.7,65.3,0,196596,0.0,5.0,0,0,0,0,False,0,0.0,0.0,0.0
1790798271.706,7.9,65.4,0,0,0.0,0.0,0,0,0,0,False,0,0.0,0.0,0.0
1790798272.706,6.7,65.4,0,0,0.0,0.0,0,0,0,0,False,0,0.0,0.0,0.0
1790798273.706,9.0,65.7,0,0,0.0,0.0,0,0,0,0,False,0,0.0,0.0,0.0
1790798274.706,6.9,65.7,0,0,0.0,0.0,0,0,0,0,False,0,0.0,0.0,0.0
1790798275.706,20.0,66.2,0,327651,0.0,5.0,0,0,0,0,False,0,0.0,0.0,0.0
1790798276.706,31.7,66.5,0,0,0.0,0.0,1,0,0,1,False,0,0.0,0.0,0.0
1790798277.706,18.4,65.9,0,49147,0.0,2.0,0,0,0,0,False,0,0.0,0.0,0.0
1790798278.706,8.9,65.9,0,0,0.0,0.0,0,0,0,0,False,0,0.0,0.0,0.0
1790798279.706,22.2,66.3,0,32765,0.0,1.0,0,0,0,0,False,0,0.0,0.0,0.0
1790798280.706,35.6,66.5,0,720827,0.0,70.0,1,0,0,1,False,0,0.0,0.0,0.0
1790798281.706,10.8,65.8,0,49149,0.0,2.0,0,0,0,0,False,0,0.0,0.0,0.0
1790798282.707,6.9,65.8,0,0,0.0,0.0,0,0,0,0,False,0,0.0,0.0,0.0
1790798283.707,9.9,65.7,0,0,0.0,0.0,0,0,0,0,False,0,0.0,0.0,0.0
1790798284.707,7.8,65.7,0,0,0.0,0.0,0,0,0,0,False,0,0.0,0.0,0.0
1790798285.707,6.9,65.7,0,0,0.0,0.0,0,0,0,0,False,0,0.0,0.0,0.0
1790798286.707,7.1,65.7,0,143351,0.0,3.0,0,0,0,0,False,0,0.0,0.0,0.0
1790798287.707,7.2,65.7,0,0,0.0,0.0,0,0,0,0,False,0,0.0,0.0,0.0
1790798288.707,8.3,65.7,0,81914,0.0,10.0,0,0,0,0,False,0,0.0,0.0,0.0
1790798289.707,7.7,65.6,0,0,0.0,0.0,0,0,0,0,False,0,0.0,0.0,0.0
1790798290.707,6.8,65.6,0,0,0.0,0.0,0,0,0,0,False,0,0.0,0.0,0.0
1790798291.707,7.0,65.5,0,0,0.0,0.0,0,0,0,0,False,0,0.0,0.0,0.0
1790798292.707,7.1,65.5,0,0,0.0,0.0,0,0,0,0,False,0,0.0,0.0,0.0
1790798293.707,7.0,65.5,0,0,0.0,0.0,0,0,0,0,False,0,0.0,0.0,0.0
1790798294.707,7.7,65.5,0,40957,0.0,3.0,0,0,0,0,False,0,0.0,0.0,0.0
1790798295.707,17.0,65.9,0,49148,0.0,4.0,0,0,0,0,False,0,0.0,0.0,0.0
1790798296.708,30.3,66.3,0,2142035,0.0,20.0,1,0,0,1,False,0,0.0,0.0,0.0
1790798297.708,29.8,66.1,0,602091,0.0,12.0,0,0,0,0,False,0,0.0,0.0,0.0
1790798298.708,37.0,67.0,0,249838,0.0,4.0,1,0,0,1,False,0,0.0,0.0,0.0
1790798299.708,23.3,66.4,0,372707,0.0,15.0,0,0,0,0,False,0,0.0,0.0,0.0
1790798300.708,7.7,66.4,0,0,0.0,0.0,0,0,0,0,False,0,0.0,0.0,0.0
1790798301.708,10.2,66.4,0,0,0.0,0.0,0,0,0,0,False,0,0.0,0.0,0.0
1790798302.708,7.1,66.4,0,0,0.0,0.0,0,0,0,0,False,0,0.0,0.0,0.0
1790798303.708,9.6,66.3,0,0,0.0,0.0,0,0,0,0,False,0,0.0,0.0,0.0
1790798304.708,7.3,66.3,0,114680,0.0,1.0,0,0,0,0,False,0,0.0,0.0,0.0
1790798305.708,6.8,66.2,0,32766,0.0,2.0,0,0,0,0,False,0,0.0,0.0,0.0
1790798306.708,7.7,66.2,0,12287,0.0,1.0,0,0,0,0,False,0,0.0,0.0,0.0
1790798307.708,13.5,66.2,0,32766,0.0,1.0,0,0,0,0,False,0,0.0,0.0,0.0
1790798308.708,27.6,66.8,0,0,0.0,0.0,1,0,0,1,False,0,0.0,0.0,0.0
1790798309.708,23.6,66.3,0,49148,0.0,2.0,0,0,0,0,False,0,0.0,0.0,0.0
1790798310.709,6.9,66.3,0,0,0.0,0.0,0,0,0,0,False,0,0.0,0.0,0.0
1790798311.709,6.4,66.3,0,241654,0.0,53.0,0,0,0,0,False,0,0.0,0.0,0.0
1790798312.709,6.8,66.2,0,192498,0.0,4.0,0,0,0,0,False,0,0.0,0.0,0.0
1790798313.709,6.7,66.2,0,0,0.0,0.0,0,0,0,0,False,0,0.0,0.0,0.0
1790798314.709,7.0,66.1,0,0,0.0,0.0,0,0,0,0,False,0,0.0,0.0,0.0
1790798315.709,7.6,66.1,0,0,0.0,0.0,0,0,0,0,False,0,0.0,0.0,0.0
1790798316.709,6.8,66.0,0,0,0.0,0.0,0,0,0,0,False,0,0.0,0.0,0.0
1790798317.709,6.7,66.0,0,0,0.0,0.0,0,0,0,0,False,0,0.0,0.0,0.0
1790798318.709,6.7,65.9,0,0,0.0,0.0,0,0,0,0,False,0,0.0,0.0,0.0
1790798319.709,6.6,65.9,0,0,0.0,0.0,0,0,0,0,False,0,0.0,0.0,0.0
1790798320.709,6.5,65.9,0,0,0.0,0.0,0,0,0,0,False,0,0.0,0.0,0.0
1790798321.709,7.4,65.9,0,0,0.0,0.0,0,0,0,0,False,0,0.0,0.0,0.0
1790798322.709,7.2,65.9,0,4096,0.0,1.0,0,0,0,0,False,0,0.0,0.0,0.0
1790798323.709,9.2,65.7,0,0,0.0,0.0,0,0,0,0,False,0,0.0,0.0,0.0
1790798324.710,6.8,65.6,0,16383,0.0,1.0,0,0,0,0,False,0,0.0,0.0,0.0
1790798325.710,6.4,65.6,0,0,0.0,0.0,0,0,0,0,False,0,0.0,0.0,0.0
1790798326.710,6.5,65.5,0,0,0.0,0.0,0,0,0,0,False,0,0.0,0.0,0.0
1790798327.710,6.8,65.5,0,3186462,0.0,56.0,0,0,0,0,False,0,0.0,0.0,0.0
1790798328.710,7.7,65.1,0,274411,0.0,9.0,0,0,0,0,False,0,0.0,0.0,0.0
1790798329.710,7.7,65.1,0,0,0.0,0.0,0,0,0,0,False,0,0.0,0.0,0.0
1790798330.710,6.4,65.1,0,0,0.0,0.0,0,0,0,0,False,0,0.0,0.0,0.0
1790798331.710,6.6,65.1,0,0,0.0,0.0,0,0,0,0,False,0,0.0,0.0,0.0
1790798332.710,6.6,65.1,0,1372061,0.0,16.0,0,0,0,0,False,0,0.0,0.0,0.0
1790798333.710,8.2,65.6,0,86010,0.0,2.0,0,0,0,0,False,0,0.0,0.0,0.0
1790798334.710,9.1,65.6,0,0,0.0,0.0,0,0,0,0,False,0,0.0,0.0,0.0
1790798335.710,6.8,65.6,0,0,0.0,0.0,0,0,0,0,False,0,0.0,0.0,0.0
1790798336.710,6.8,65.6,0,0,0.0,0.0,0,0,0,0,False,0,0.0,0.0,0.0
1790798337.710,10.8,65.7,0,0,0.0,0.0,0,0,0,0,False,0,0.0,0.0,0.0
1790798338.711,23.4,66.1,0,32766,0.0,1.0,0,0,0,0,False,0,0.0,0.0,0.0
1790798339.711,50.9,66.3,0,61436,0.0,2.0,3,2,0,3,False,0,0.0,0.0,0.0
1790798340.711,49.8,66.6,0,49148,0.0,1.0,1,1,0,1,False,0,0.0,0.0,0.0
1790798341.713,43.3,66.9,0,572263,0.0,7.0,1,17,0,1,False,0,0.0,0.0,0.0
1790798342.713,37.4,66.2,0,49147,0.0,2.0,0,0,0,0,False,0,0.0,0.0,0.0
1790798343.713,7.5,66.1,0,233455,0.0,34.0,0,0,0,0,False,0,0.0,0.0,0.0
1790798344.713,8.0,66.1,0,0,0.0,0.0,0,0,0,0,False,0,0.0,0.0,0.0
1790798345.713,8.0,66.1,0,18926163,0.0,153.0,0,0,0,0,False,0,0.0,0.0,0.0
1790798346.713,9.1,66.8,0,548823,0.0,6.0,0,0,0,0,False,0,0.0,0.0,0.0
1790798347.713,6.8,66.8,0,0,0.0,0.0,0,0,0,0,False,0,0.0,0.0,0.0
1790798348.713,8.4,67.0,0,0,0.0,0.0,0,0,0,0,False,0,0.0,0.0,0.0
1790798349.713,10.2,67.4,0,356321,0.0,7.0,0,0,0,0,False,0,0.0,0.0,0.0
1790798350.713,8.7,67.2,4096,14007281,1.0,119.0,0,0,0,0,False,0,0.0,0.0,0.0
1790798351.714,7.0,67.2,0,0,0.0,0.0,0,0,0,0,False,0,0.0,0.0,0.0
1790798352.714,8.0,67.2,0,0,0.0,0.0,0,0,0,0,False,0,0.0,0.0,0.0
1790798353.714,9.5,67.1,0,0,0.0,0.0,0,0,0,0,False,0,0.0,0.0,0.0
1790798354.714,6.8,67.0,0,0,0.0,0.0,0,0,0,0,False,0,0.0,0.0,0.0
1790798355.714,6.7,67.0,0,0,0.0,0.0,0,0,0,0,False,0,0.0,0.0,0.0
1790798356.714,8.1,67.0,0,20478,0.0,2.0,0,0,0,0,False,0,0.0,0.0,0.0
1790798357.714,22.7,67.3,0,32766,0.0,1.0,0,0,0,0,False,0,0.0,0.0,0.0
1790798358.714,33.9,67.4,0,3157667,0.0,39.0,1,0,0,1,False,0,0.0,0.0,0.0
1790798359.714,30.6,67.3,0,540629,0.0,10.0,1,1,0,1,False,0,0.0,0.0,0.0
1790798360.714,21.5,67.4,0,0,0.0,0.0,1,1,0,1,False,0,0.0,0.0,0.0
1790798361.714,20.3,67.4,0,32765,0.0,1.0,1,1,0,1,False,0,0.0,0.0,0.0
1790798362.714,35.2,68.0,0,32765,0.0,1.0,1,1,0,1,False,0,0.0,0.0,0.0
1790798363.715,40.9,68.2,0,266216,0.0,3.0,2,1,0,2,False,0,0.0,0.0,0.0
1790798364.715,43.6,68.2,0,0,0.0,0.0,2,2,0,2,False,0,0.0,0.0,0.0
1790798365.715,29.3,68.0,0,16383,0.0,1.0,1,1,0,1,False,0,0.0,0.0,0.0
1790798366.715,17.8,68.0,0,90104,0.0,1.0,1,1,0,1,False,0,0.0,0.0,0.0
1790798367.715,17.3,67.9,0,0,0.0,0.0,1,1,0,1,False,0,0.0,0.0,0.0
1790798368.715,20.2,67.9,0,1240988,0.0,11.0,1,1,0,1,False,0,0.0,0.0,0.0
1790798369.715,19.5,67.9,0,249837,0.0,3.0,1,1,0,1,False,0,0.0,0.0,0.0
1790798370.715,14.4,67.4,0,49149,0.0,2.0,0,0,0,0,False,0,0.0,0.0,0.0
1790798371.715,6.8,67.3,0,1200043,0.0,13.0,0,0,0,0,False,0,0.0,0.0,0.0
1790798372.715,7.2,67.2,0,0,0.0,0.0,0,0,0,0,False,0,0.0,0.0,0.0
1790798373.715,8.1,67.2,0,364517,0.0,20.0,0,0,0,0,False,0,0.0,0.0,0.0
1790798374.715,7.3,67.1,0,339944,0.0,3.0,0,0,0,0,False,0,0.0,0.0,0.0
1790798375.715,6.6,67.0,0,0,0.0,0.0,0,0,0,0,False,0,0.0,0.0,0.0
1790798376.716,7.4,66.8,0,16383,0.0,1.0,0,0,0,0,False,0,0.0,0.0,0.0
1790798377.716,21.0,67.1,0,749517,0.0,117.0,0,0,0,0,False,0,0.0,0.0,0.0
1790798378.716,26.3,67.3,0,20478,0.0,2.0,1,0,0,1,False,0,0.0,0.0,0.0
1790798379.716,26.0,66.4,0,757705,0.0,13.0,0,0,0,0,False,0,0.0,0.0,0.0
1790798380.716,43.6,67.4,0,0,0.0,0.0,0,0,0,0,False,0,0.0,0.0,0.0
1790798381.716,21.7,66.0,0,57340,0.0,3.0,0,0,0,0,False,0,0.0,0.0,0.0
1790798382.716,7.0,66.0,0,0,0.0,0.0,0,0,0,0,False,0,0.0,0.0,0.0
1790798383.716,8.2,66.0,0,1335195,0.0,15.0,0,0,0,0,False,0,0.0,0.0,0.0
1790798384.716,7.7,66.0,0,442337,0.0,5.0,0,0,0,0,False,0,0.0,0.0,0.0
1790798385.716,6.9,66.0,0,0,0.0,0.0,0,0,0,0,False,0,0.0,0.0,0.0
1790798386.716,21.0,66.5,0,32766,0.0,1.0,0,0,0,0,False,0,0.0,0.0,0.0
1790798387.716,27.5,66.9,65534,32767,1.0,1.0,1,1,0,1,False,0,0.0,0.0,0.0
1790798388.716,34.0,67.1,0,2711358,0.0,31.0,0,0,0,0,False,0,0.0,0.0,0.0
1790798389.716,25.0,67.4,0,77818,0.0,3.0,0,0,0,0,False,0,0.0,0.0,0.0
1790798390.716,25.2,67.1,0,1572753,0.0,19.0,0,0,0,0,False,0,0.0,0.0,0.0
1790798391.717,18.4,66.6,0,864195,0.0,11.0,0,0,0,0,False,0,0.0,0.0,0.0
1790798392.717,8.0,66.6,0,0,0.0,0.0,0,0,0,0,False,0,0.0,0.0,0.0
1790798393.717,12.3,66.9,0,4804264,0.0,42.0,0,0,0,0,False,0,0.0,0.0,0.0
1790798394.717,13.7,67.4,0,15027081,0.0,148.0,0,0,0,0,False,0,0.0,0.0,0.0
1790798395.717,10.2,67.6,0,0,0.0,0.0,0,0,0,0,False,0,0.0,0.0,0.0
1790798396.717,8.7,67.5,0,155636,0.0,12.0,0,0,0,0,False,0,0.0,0.0,0.0
1790798397.717,6.9,67.4,0,180211,0.0,4.0,0,0,0,0,False,0,0.0,0.0,0.0
1790798398.717,6.6,67.3,0,126967,0.0,10.0,0,0,0,0,False,0,0.0,0.0,0.0
1790798399.717,6.9,67.2,0,0,0.0,0.0,0,0,0,0,False,0,0.0,0.0,0.0
1790798400.717,7.1,67.1,0,0,0.0,0.0,0,0,0,0,False,0,0.0,0.0,0.0
1790798401.717,6.5,67.1,0,12287,0.0,3.0,0,0,0,0,False,0,0.0,0.0,0.0
1790798402.717,6.9,67.0,0,0,0.0,0.0,0,0,0,0,False,0,0.0,0.0,0.0
1790798403.717,6.9,66.9,0,0,0.0,0.0,0,0,0,0,False,0,0.0,0.0,0.0
1790798404.717,7.0,66.8,0,0,0.0,0.0,0,0,0,0,False,0,0.0,0.0,0.0
1790798405.718,6.7,66.9,0,28670,0.0,2.0,0,0,0,0,False,0,0.0,0.0,0.0
1790798406.718,13.5,67.0,0,81915,0.0,3.0,0,0,0,0,False,0,0.0,0.0,0.0
1790798407.718,39.6,68.1,0,32766,0.0,1.0,0,0,0,0,False,0,0.0,0.0,0.0
1790798408.718,34.7,67.8,0,12287,0.0,1.0,1,0,0,1,False,0,0.0,0.0,0.0
1790798409.718,25.1,67.8,0,831416,0.0,130.0,1,1,0,1,False,0,0.0,0.0,0.0
1790798410.718,17.1,67.8,0,0,0.0,0.0,1,1,0,1,False,0,0.0,0.0,0.0
1790798411.718,16.6,67.8,0,245741,0.0,3.0,1,1,0,1,False,0,0.0,0.0,0.0
1790798412.718,20.3,67.8,0,155636,0.0,3.0,1,1,0,1,False,0,0.0,0.0,0.0
1790798413.718,36.5,68.4,0,0,0.0,0.0,1,1,0,1,False,0,0.0,0.0,0.0
1790798414.718,30.9,68.5,0,0,0.0,0.0,2,1,0,2,False,0,0.0,0.0,0.0
1790798415.718,20.6,67.8,0,12287,0.0,1.0,1,1,0,1,False,0,0.0,0.0,0.0
1790798416.718,13.9,67.7,0,258029,0.0,3.0,1,1,0,1,False,0,0.0,0.0,0.0
1790798417.718,14.2,67.7,0,1236901,0.0,10.0,1,1,0,1,False,0,0.0,0.0,0.0
1790798418.719,14.5,67.6,0,0,0.0,0.0,1,1,0,1,False,0,0.0,0.0,0.0
1790798419.719,15.1,67.6,0,2563911,0.0,24.0,1,1,0,1,False,0,0.0,0.0,0.0
1790798420.719,11.3,66.7,0,430048,0.0,7.0,0,0,0,0,False,0,0.0,0.0,0.0
1790798421.719,7.3,66.7,0,671694,0.0,11.0,0,0,0,0,False,0,0.0,0.0,0.0
1790798422.719,7.1,66.7,0,81914,0.0,1.0,0,0,0,0,False,0,0.0,0.0,0.0
1790798423.719,7.6,66.7,0,0,0.0,0.0,0,0,0,0,False,0,0.0,0.0,0.0
1790798424.719,7.3,66.7,0,344038,0.0,35.0,0,0,0,0,False,0,0.0,0.0,0.0
1790798425.719,7.5,66.5,0,0,0.0,0.0,0,0,0,0,False,0,0.0,0.0,0.0
1790798426.719,6.6,66.4,0,0,0.0,0.0,0,0,0,0,False,0,0.0,0.0,0.0
1790798427.719,7.6,66.5,0,0,0.0,0.0,0,0,0,0,False,0,0.0,0.0,0.0
1790798428.719,7.3,66.5,0,0,0.0,0.0,0,0,0,0,False,0,0.0,0.0,0.0
1790798429.719,6.6,66.5,0,1331101,0.0,15.0,0,0,0,0,False,0,0.0,0.0,0.0
1790798430.719,6.8,66.5,0,57339,0.0,4.0,0,0,0,0,False,0,0.0,0.0,0.0
1790798431.719,6.5,66.5,0,0,0.0,0.0,0,0,0,0,False,0,0.0,0.0,0.0
1790798432.720,6.6,66.5,0,0,0.0,0.0,0,0,0,0,False,0,0.0,0.0,0.0
1790798433.720,6.8,66.6,0,0,0.0,0.0,0,0,0,0,False,0,0.0,0.0,0.0
1790798434.720,8.5,66.7,0,1552274,0.0,18.0,0,0,0,0,False,0,0.0,0.0,0.0
1790798435.720,22.4,67.2,0,135158,0.0,3.0,0,0,0,0,False,0,0.0,0.0,0.0
1790798436.720,28.5,67.4,0,0,0.0,0.0,1,0,0,1,False,0,0.0,0.0,0.0
1790798437.720,16.6,67.4,0,16383,0.0,1.0,1,1,0,1,False,0,0.0,0.0,0.0
1790798438.720,15.2,67.4,0,0,0.0,0.0,1,1,0,1,False,0,0.0,0.0,0.0
1790798439.720,15.0,67.4,0,1236896,0.0,10.0,1,1,0,1,False,0,0.0,0.0,0.0
1790798440.720,14.5,67.4,0,172019,0.0,5.0,1,1,0,1,False,0,0.0,0.0,0.0
1790798441.720,14.5,67.4,0,184306,0.0,4.0,1,1,0,1,False,0,0.0,0.0,0.0
1790798442.720,11.8,66.6,0,552918,0.0,96.0,0,0,0,0,False,0,0.0,0.0,0.0
1790798443.720,9.7,66.6,0,0,0.0,0.0,0,0,0,0,False,0,0.0,0.0,0.0
1790798444.720,7.1,66.5,0,0,0.0,0.0,0,0,0,0,False,0,0.0,0.0,0.0
1790798445.720,7.1,66.5,0,0,0.0,0.0,0,0,0,0,False,0,0.0,0.0,0.0
1790798446.721,8.0,66.5,0,0,0.0,0.0,0,0,0,0,False,0,0.0,0.0,0.0
1790798447.721,7.8,66.5,0,253940,0.0,4.0,0,0,0,0,False,0,0.0,0.0,0.0
1790798448.721,6.5,66.5,0,0,0.0,0.0,0,0,0,0,False,0,0.0,0.0,0.0
1790798449.721,7.3,66.1,0,0,0.0,0.0,0,0,0,0,False,0,0.0,0.0,0.0
1790798450.721,11.6,66.5,0,2821892,0.0,27.0,0,0,0,0,False,0,0.0,0.0,0.0
1790798451.721,8.9,66.7,0,208881,0.0,12.0,0,0,0,0,False,0,0.0,0.0,0.0
1790798452.721,6.9,66.7,0,274411,0.0,10.0,0,0,0,0,False,0,0.0,0.0,0.0
1790798453.721,7.1,66.7,0,0,0.0,0.0,0,0,0,0,False,0,0.0,0.0,0.0
1790798454.721,7.7,66.7,0,0,0.0,0.0,0,0,0,0,False,0,0.0,0.0,0.0
1790798455.721,6.8,66.6,0,0,0.0,0.0,0,0,0,0,False,0,0.0,0.0,0.0
1790798456.721,6.6,66.6,0,131062,0.0,10.0,0,0,0,0,False,0,0.0,0.0,0.0
1790798457.721,7.8,66.5,0,0,0.0,0.0,0,0,0,0,False,0,0.0,0.0,0.0
1790798458.721,7.2,66.5,0,0,0.0,0.0,0,0,0,0,False,0,0.0,0.0,0.0
1790798459.721,6.8,66.5,0,0,0.0,0.0,0,0,0,0,False,0,0.0,0.0,0.0
1790798460.722,9.2,66.5,0,0,0.0,0.0,0,0,0,0,False,0,0.0,0.0,0.0
1790798461.722,12.1,66.5,0,32765,0.0,1.0,0,0,0,0,False,0,0.0,0.0,0.0
1790798462.722,24.9,67.2,0,0,0.0,0.0,0,0,0,0,False,0,0.0,0.0,0.0
1790798463.722,12.7,66.5,0,49148,0.0,2.0,0,0,0,0,False,0,0.0,0.0,0.0
1790798464.722,7.1,66.5,0,0,0.0,0.0,0,0,0,0,False,0,0.0,0.0,0.0
1790798465.722,6.9,66.5,0,184304,0.0,4.0,0,0,0,0,False,0,0.0,0.0,0.0
1790798466.722,7.0,66.5,0,274411,0.0,3.0,0,0,0,0,False,0,0.0,0.0,0.0
1790798467.722,7.1,66.5,0,0,0.0,0.0,0,0,0,0,False,0,0.0,0.0,0.0
1790798468.722,7.2,66.5,0,69626,0.0,3.0,0,0,0,0,False,0,0.0,0.0,0.0
1790798469.722,11.1,66.5,0,118774,0.0,4.0,0,0,0,0,False,0,0.0,0.0,0.0
1790798470.722,22.6,67.0,0,1277853,0.0,12.0,0,0,0,0,False,0,0.0,0.0,0.0
1790798471.722,21.0,66.4,0,49148,0.0,2.0,0,0,0,0,False,0,0.0,0.0,0.0
1790798472.723,8.0,66.5,0,0,0.0,0.0,0,0,0,0,False,0,0.0,0.0,0.0
1790798473.723,7.3,66.5,0,24574,0.0,1.0,0,0,0,0,False,0,0.0,0.0,0.0
1790798474.723,10.8,66.6,0,0,0.0,0.0,0,0,0,0,False,0,0.0,0.0,0.0
1790798475.723,8.3,66.5,0,253933,0.0,3.0,0,0,0,0,False,0,0.0,0.0,0.0
1790798476.723,7.4,66.4,0,0,0.0,0.0,0,0,0,0,False,0,0.0,0.0,0.0
1790798477.723,6.9,66.5,0,0,0.0,0.0,0,0,0,0,False,0,0.0,0.0,0.0
1790798478.723,6.8,66.5,0,442336,0.0,81.0,0,0,0,0,False,0,0.0,0.0,0.0
1790798479.723,7.0,66.4,0,0,0.0,0.0,0,0,0,0,False,0,0.0,0.0,0.0
1790798480.723,7.1,66.0,0,86010,0.0,10.0,0,0,0,0,False,0,0.0,0.0,0.0
1790798481.723,6.8,66.0,0,2940717,0.0,33.0,0,0,0,0,False,0,0.0,0.0,0.0
1790798482.723,7.1,66.0,0,0,0.0,0.0,0,0,0,0,False,0,0.0,0.0,0.0
1790798483.723,7.8,66.0,0,0,0.0,0.0,0,0,0,0,False,0,0.0,0.0,0.0
1790798484.723,18.7,66.2,0,233453,0.0,9.0,0,0,0,0,False,0,0.0,0.0,0.0
1790798485.723,25.5,66.8,0,98296,0.0,3.0,1,0,0,1,False,0,0.0,0.0,0.0
1790798486.724,26.8,66.7,0,1372058,0.0,15.0,0,0,0,0,False,0,0.0,0.0,0.0
1790798487.724,26.0,66.8,0,0,0.0,0.0,1,1,0,1,False,0,0.0,0.0,0.0
1790798488.724,15.4,66.4,0,49149,0.0,2.0,0,0,0,0,False,0,0.0,0.0,0.0
1790798489.724,6.7,66.4,0,982966,0.0,9.0,0,0,0,0,False,0,0.0,0.0,0.0
1790798490.724,6.9,66.4,0,0,0.0,0.0,0,0,0,0,False,0,0.0,0.0,0.0
1790798491.724,6.6,66.4,0,0,0.0,0.0,0,0,0,0,False,0,0.0,0.0,0.0
1790798492.724,6.6,66.4,0,0,0.0,0.0,0,0,0,0,False,0,0.0,0.0,0.0
1790798493.724,6.6,66.4,0,4096,0.0,1.0,0,0,0,0,False,0,0.0,0.0,0.0
1790798494.724,7.4,66.4,0,0,0.0,0.0,0,0,0,0,False,0,0.0,0.0,0.0
1790798495.724,7.4,66.3,0,49148,0.0,2.0,0,0,0,0,False,0,0.0,0.0,0.0
1790798496.724,6.4,66.3,0,0,0.0,0.0,0,0,0,0,False,0,0.0,0.0,0.0
1790798497.724,6.6,66.3,0,708556,0.0,12.0,0,0,0,0,False,0,0.0,0.0,0.0
1790798498.724,6.4,66.1,0,16383,0.0,1.0,0,0,0,0,False,0,0.0,0.0,0.0
1790798499.725,8.9,66.1,0,172019,0.0,11.0,0,0,0,0,False,0,0.0,0.0,0.0
1790798500.725,22.3,66.6,0,32766,0.0,1.0,0,0,0,0,False,0,0.0,0.0,0.0
1790798501.725,23.7,66.8,0,4096,0.0,1.0,1,0,0,1,False,0,0.0,0.0,0.0
1790798502.725,16.6,66.8,0,0,0.0,0.0,1,1,0,1,False,0,0.0,0.0,0.0
1790798503.725,17.8,66.8,0,0,0.0,0.0,1,1,0,1,False,0,0.0,0.0,0.0
1790798504.725,14.4,66.8,0,368612,0.0,4.0,1,1,0,1,False,0,0.0,0.0,0.0
1790798505.725,14.0,66.7,0,0,0.0,0.0,1,1,0,1,False,0,0.0,0.0,0.0
1790798506.725,14.5,66.8,0,0,0.0,0.0,1,1,0,1,False,0,0.0,0.0,0.0
1790798507.725,23.0,66.2,0,81914,0.0,3.0,0,0,0,0,False,0,0.0,0.0,0.0
1790798508.725,22.9,66.5,0,0,0.0,0.0,1,0,0,1,False,0,0.0,0.0,0.0
1790798509.725,10.4,65.9,0,315369,0.0,13.0,0,0,0,0,False,0,0.0,0.0,0.0
1790798510.725,6.5,66.0,0,0,0.0,0.0,0,0,0,0,False,0,0.0,0.0,0.0
1790798511.725,7.4,65.9,0,3407611,0.0,121.0,0,0,0,0,False,0,0.0,0.0,0.0
1790798512.726,9.0,66.2,0,0,0.0,0.0,0,0,0,0,False,0,0.0,0.0,0.0
1790798513.726,10.8,66.2,0,0,0.0,0.0,0,0,0,0,False,0,0.0,0.0,0.0
1790798514.726,6.8,66.2,0,0,0.0,0.0,0,0,0,0,False,0,0.0,0.0,0.0
1790798515.726,7.1,66.2,0,876481,0.0,14.0,0,0,0,0,False,0,0.0,0.0,0.0
1790798516.726,7.3,66.2,0,0,0.0,0.0,0,0,0,0,False,0,0.0,0.0,0.0
1790798517.726,6.9,66.1,0,57340,0.0,2.0,0,0,0,0,False,0,0.0,0.0,0.0
1790798518.726,6.6,66.1,0,176115,0.0,4.0,0,0,0,0,False,0,0.0,0.0,0.0
1790798519.726,6.8,66.1,0,0,0.0,0.0,0,0,0,0,False,0,0.0,0.0,0.0
1790798520.726,6.8,66.1,0,0,0.0,0.0,0,0,0,0,False,0,0.0,0.0,0.0
1790798521.726,6.8,66.0,0,0,0.0,0.0,0,0,0,0,False,0,0.0,0.0,0.0
1790798522.726,7.2,66.0,0,0,0.0,0.0,0,0,0,0,False,0,0.0,0.0,0.0
1790798523.726,9.2,66.0,0,0,0.0,0.0,0,0,0,0,False,0,0.0,0.0,0.0
1790798524.726,6.9,66.0,0,57340,0.0,2.0,0,0,0,0,False,0,0.0,0.0,0.0
1790798525.726,6.7,66.0,0,0,0.0,0.0,0,0,0,0,False,0,0.0,0.0,0.0
1790798526.727,6.8,66.0,0,0,0.0,0.0,0,0,0,0,False,0,0.0,0.0,0.0
1790798527.727,13.6,66.1,0,32767,0.0,1.0,0,0,0,0,False,0,0.0,0.0,0.0
1790798528.727,26.7,66.9,0,0,0.0,0.0,0,0,0,0,False,0,0.0,0.0,0.0
1790798529.727,47.1,67.5,0,167923,0.0,5.0,2,2,0,2,False,0,0.0,0.0,0.0
1790798530.727,19.2,67.8,0,720844,0.0,16.0,0,0,0,0,False,0,0.0,0.0,0.0
1790798531.727,64.8,68.1,0,978874,0.0,13.0,0,0,0,0,False,0,0.0,0.0,0.0
1790798532.727,7.9,68.0,4096,7351775,1.0,64.0,0,0,0,0,False,0,0.0,0.0,0.0
1790798533.727,7.1,67.5,0,2338611,0.0,25.0,0,0,0,0,False,0,0.0,0.0,0.0
1790798534.727,7.3,67.6,0,18995835,0.0,154.0,0,0,0,0,False,0,0.0,0.0,0.0
1790798535.727,11.3,67.8,0,32766,0.0,1.0,0,0,0,0,False,0,0.0,0.0,0.0
1790798536.727,27.7,68.4,0,0,0.0,0.0,0,0,0,0,False,0,0.0,0.0,0.0
1790798537.727,23.4,68.5,0,0,0.0,0.0,1,1,0,1,False,0,0.0,0.0,0.0
1790798538.727,15.1,68.1,0,757706,0.0,9.0,0,0,0,0,False,0,0.0,0.0,0.0
1790798539.727,7.1,68.1,0,0,0.0,0.0,0,0,0,0,False,0,0.0,0.0,0.0
1790798540.728,6.7,68.1,0,0,0.0,0.0,0,0,0,0,False,0,0.0,0.0,0.0
1790798541.728,6.8,68.0,0,0,0.0,0.0,0,0,0,0,False,0,0.0,0.0,0.0
1790798542.728,7.2,67.9,0,2961179,0.0,35.0,0,0,0,0,False,0,0.0,0.0,0.0
1790798543.728,9.5,67.8,0,0,0.0,0.0,0,0,0,0,False,0,0.0,0.0,0.0
1790798544.728,6.9,67.9,0,0,0.0,0.0,0,0,0,0,False,0,0.0,0.0,0.0
1790798545.728,8.2,67.8,0,0,0.0,0.0,0,0,0,0,False,0,0.0,0.0,0.0
1790798546.728,7.3,67.8,0,0,0.0,0.0,0,0,0,0,False,0,0.0,0.0,0.0
1790798547.728,6.9,67.7,0,1290146,0.0,17.0,0,0,0,0,False,0,0.0,0.0,0.0
1790798548.728,7.0,67.6,0,901054,0.0,115.0,0,0,0,0,False,0,0.0,0.0,0.0
1790798549.728,7.1,67.5,0,0,0.0,0.0,0,0,0,0,False,0,0.0,0.0,0.0
1790798550.728,6.8,67.5,0,0,0.0,0.0,0,0,0,0,False,0,0.0,0.0,0.0
1790798551.728,7.0,67.4,0,0,0.0,0.0,0,0,0,0,False,0,0.0,0.0,0.0
1790798552.728,7.3,67.4,0,0,0.0,0.0,0,0,0,0,False,0,0.0,0.0,0.0
1790798553.729,8.5,67.3,0,0,0.0,0.0,0,0,0,0,False,0,0.0,0.0,0.0
1790798554.729,7.3,67.2,0,12287,0.0,2.0,0,0,0,0,False,0,0.0,0.0,0.0
1790798555.729,7.1,67.2,0,0,0.0,0.0,0,0,0,0,False,0,0.0,0.0,0.0
1790798556.729,6.8,67.2,0,0,0.0,0.0,0,0,0,0,False,0,0.0,0.0,0.0
1790798557.729,6.9,67.2,0,12287,0.0,3.0,0,0,0,0,False,0,0.0,0.0,0.0
1790798558.729,6.9,67.2,0,180211,0.0,22.0,0,0,0,0,False,0,0.0,0.0,0.0
1790798559.729,8.1,67.1,0,0,0.0,0.0,0,0,0,0,False,0,0.0,0.0,0.0
1790798560.729,7.1,67.1,0,0,0.0,0.0,0,0,0,0,False,0,0.0,0.0,0.0
1790798561.729,6.9,67.0,0,0,0.0,0.0,0,0,0,0,False,0,0.0,0.0,0.0
1790798562.729,7.4,67.0,0,1335199,0.0,16.0,0,0,0,0,False,0,0.0,0.0,0.0
1790798563.729,17.3,67.4,0,32766,0.0,1.0,0,0,0,0,False,0,0.0,0.0,0.0
1790798564.729,23.2,67.9,0,0,0.0,0.0,1,0,0,1,False,0,0.0,0.0,0.0
1790798565.729,13.3,67.2,0,65531,0.0,3.0,0,0,0,0,False,0,0.0,0.0,0.0
1790798566.730,7.1,67.0,0,0,0.0,0.0,0,0,0,0,False,0,0.0,0.0,0.0
1790798567.730,7.0,67.1,0,184304,0.0,3.0,0,0,0,0,False,0,0.0,0.0,0.0
1790798568.730,7.6,67.0,0,0,0.0,0.0,0,0,0,0,False,0,0.0,0.0,0.0
1790798569.730,7.8,67.0,0,0,0.0,0.0,0,0,0,0,False,0,0.0,0.0,0.0
1790798570.730,12.6,67.0,0,42585923,0.0,335.0,0,0,0,0,False,0,0.0,0.0,0.0
1790798571.730,25.3,67.6,0,0,0.0,0.0,0,0,0,0,False,0,0.0,0.0,0.0
1790798572.730,42.7,67.7,0,659397,0.0,6.0,2,2,0,2,False,0,0.0,0.0,0.0
1790798573.732,22.4,68.0,0,2527083,0.0,27.0,1,0,0,1,False,0,0.0,0.0,0.0
1790798574.732,60.4,67.8,0,45052,0.0,2.0,0,0,0,0,False,0,0.0,0.0,0.0
1790798575.732,6.9,67.8,0,0,0.0,0.0,0,0,0,0,False,0,0.0,0.0,0.0
1790798576.732,6.6,67.8,0,0,0.0,0.0,0,0,0,0,False,0,0.0,0.0,0.0
1790798577.732,7.0,67.8,0,0,0.0,0.0,0,0,0,0,False,0,0.0,0.0,0.0
1790798578.732,6.6,67.7,0,1220521,0.0,18.0,0,0,0,0,False,0,0.0,0.0,0.0
1790798579.732,10.5,67.7,4096,1970032,1.0,101.0,0,0,0,0,False,0,0.0,0.0,0.0
1790798580.732,8.0,67.7,0,0,0.0,0.0,0,0,0,0,False,0,0.0,0.0,0.0
1790798581.732,6.9,67.6,0,0,0.0,0.0,0,0,0,0,False,0,0.0,0.0,0.0
1790798582.732,8.6,67.5,0,0,0.0,0.0,0,0,0,0,False,0,0.0,0.0,0.0
1790798583.732,12.7,67.6,0,241646,0.0,5.0,0,0,0,0,False,0,0.0,0.0,0.0
1790798584.733,25.2,67.9,0,0,0.0,0.0,0,0,0,0,False,0,0.0,0.0,0.0
1790798585.733,35.0,67.8,0,0,0.0,0.0,1,2,0,1,False,0,0.0,0.0,0.0
1790798586.733,22.5,67.8,0,0,0.0,0.0,1,1,0,1,False,0,0.0,0.0,0.0
1790798587.733,20.3,67.8,0,0,0.0,0.0,1,1,0,1,False,0,0.0,0.0,0.0
1790798588.733,21.2,67.8,0,237551,0.0,3.0,1,1,0,1,False,0,0.0,0.0,0.0
1790798589.733,19.2,67.8,0,0,0.0,0.0,1,1,0,1,False,0,0.0,0.0,0.0
1790798590.733,19.7,67.7,0,0,0.0,0.0,1,1,0,1,False,0,0.0,0.0,0.0
1790798591.733,18.2,66.8,0,49148,0.0,2.0,0,0,0,0,False,0,0.0,0.0,0.0
1790798592.733,8.0,66.7,0,0,0.0,0.0,0,0,0,0,False,0,0.0,0.0,0.0
1790798593.733,6.8,66.7,0,0,0.0,0.0,0,0,0,0,False,0,0.0,0.0,0.0
1790798594.733,6.6,66.7,0,0,0.0,0.0,0,0,0,0,False,0,0.0,0.0,0.0
1790798595.733,6.6,66.7,0,204785,0.0,3.0,0,0,0,0,False,0,0.0,0.0,0.0
1790798596.733,6.5,66.7,0,98297,0.0,11.0,0,0,0,0,False,0,0.0,0.0,0.0
1790798597.734,6.8,66.7,0,0,0.0,0.0,0,0,0,0,False,0,0.0,0.0,0.0
1790798598.734,6.8,66.7,0,0,0.0,0.0,0,0,0,0,False,0,0.0,0.0,0.0
1790798599.734,11.9,67.2,0,86010,0.0,3.0,0,0,0,0,False,0,0.0,0.0,0.0
1790798600.734,9.8,67.4,0,151541,0.0,12.0,0,0,0,0,False,0,0.0,0.0,0.0
1790798601.734,11.8,67.3,0,0,0.0,0.0,0,0,0,0,False,0,0.0,0.0,0.0
1790798602.734,6.7,67.3,0,0,0.0,0.0,0,0,0,0,False,0,0.0,0.0,0.0
1790798603.734,9.2,67.3,0,2432841,0.0,23.0,0,0,0,0,False,0,0.0,0.0,0.0
1790798604.734,6.7,67.2,0,0,0.0,0.0,0,0,0,0,False,0,0.0,0.0,0.0
1790798605.734,6.9,67.2,0,0,0.0,0.0,0,0,0,0,False,0,0.0,0.0,0.0
1790798606.734,6.4,67.2,0,135158,0.0,3.0,0,0,0,0,False,0,0.0,0.0,0.0
1790798607.734,6.7,67.2,0,0,0.0,0.0,0,0,0,0,False,0,0.0,0.0,0.0
1790798608.734,6.7,67.0,0,0,0.0,0.0,0,0,0,0,False,0,0.0,0.0,0.0
1790798609.734,6.7,67.0,0,0,0.0,0.0,0,0,0,0,False,0,0.0,0.0,0.0
1790798610.734,6.7,66.9,0,647122,0.0,83.0,0,0,0,0,False,0,0.0,0.0,0.0
1790798611.735,6.6,66.9,0,0,0.0,0.0,0,0,0,0,False,0,0.0,0.0,0.0
1790798612.735,6.6,66.9,0,40957,0.0,2.0,0,0,0,0,False,0,0.0,0.0,0.0
1790798613.735,6.6,66.9,0,0,0.0,0.0,0,0,0,0,False,0,0.0,0.0,0.0
1790798614.735,7.2,66.8,0,69627,0.0,1.0,0,0,0,0,False,0,0.0,0.0,0.0
1790798615.735,6.8,66.8,0,0,0.0,0.0,0,0,0,0,False,0,0.0,0.0,0.0
1790798616.735,6.6,66.8,0,12287,0.0,1.0,0,0,0,0,False,0,0.0,0.0,0.0
1790798617.735,6.8,66.8,0,0,0.0,0.0,0,0,0,0,False,0,0.0,0.0,0.0
1790798618.735,7.0,66.8,0,0,0.0,0.0,0,0,0,0,False,0,0.0,0.0,0.0
1790798619.735,6.5,66.8,0,40957,0.0,2.0,0,0,0,0,False,0,0.0,0.0,0.0
1790798620.735,7.1,66.9,0,0,0.0,0.0,0,0,0,0,False,0,0.0,0.0,0.0
1790798621.735,10.4,66.9,0,57340,0.0,2.0,0,0,0,0,False,0,0.0,0.0,0.0
1790798622.735,24.6,67.7,0,933821,0.0,11.0,0,0,0,0,False,0,0.0,0.0,0.0
1790798623.735,55.0,67.7,0,0,0.0,0.0,3,2,0,3,False,0,0.0,0.0,0.0
1790798624.736,42.9,68.0,0,4096,0.0,1.0,1,1,0,1,False,0,0.0,0.0,0.0
1790798625.739,57.5,68.3,0,0,0.0,0.0,1,15,0,1,False,0,0.0,0.0,0.0
1790798626.739,18.4,67.8,0,19606037,0.0,161.0,0,0,0,0,False,0,0.0,0.0,0.0
1790798627.740,7.1,67.8,0,241644,0.0,4.0,0,0,0,0,False,0,0.0,0.0,0.0
1790798628.740,7.9,67.8,0,270317,0.0,30.0,0,0,0,0,False,0,0.0,0.0,0.0
1790798629.740,7.1,67.3,0,69627,0.0,4.0,0,0,0,0,False,0,0.0,0.0,0.0
1790798630.740,11.8,67.3,0,32766,0.0,1.0,0,0,0,0,False,0,0.0,0.0,0.0
1790798631.740,25.4,67.9,0,0,0.0,0.0,0,0,0,0,False,0,0.0,0.0,0.0
1790798632.740,16.0,67.5,0,13822959,0.0,109.0,0,0,0,0,False,0,0.0,0.0,0.0
1790798633.740,8.4,67.8,0,0,0.0,0.0,0,0,0,0,False,0,0.0,0.0,0.0
1790798634.740,6.8,67.8,0,4431554,0.0,45.0,0,0,0,0,False,0,0.0,0.0,0.0
1790798635.740,6.9,67.8,0,0,0.0,0.0,0,0,0,0,False,0,0.0,0.0,0.0
1790798636.740,13.6,67.8,0,32766,0.0,1.0,0,0,0,0,False,0,0.0,0.0,0.0
1790798637.740,28.4,68.2,0,0,0.0,0.0,3,0,0,3,False,0,0.0,0.0,0.0
1790798638.740,48.1,68.2,0,65531,0.0,2.0,2,2,0,2,False,0,0.0,0.0,0.0
1790798639.741,35.3,68.8,0,565203,0.0,6.0,0,0,0,0,False,0,0.0,0.0,0.0
1790798640.741,80.3,68.8,0,0,0.0,0.0,1,0,0,1,False,0,0.0,0.0,0.0
1790798641.741,29.8,67.9,0,1634179,0.0,23.0,1,1,0,1,False,0,0.0,0.0,0.0
1790798642.741,22.2,68.0,0,0,0.0,0.0,1,1,0,1,False,0,0.0,0.0,0.0
1790798643.741,20.9,68.0,0,696266,0.0,92.0,1,1,0,1,False,0,0.0,0.0,0.0
1790798644.741,21.3,68.0,0,0,0.0,0.0,1,1,0,1,False,0,0.0,0.0,0.0
1790798645.741,20.8,68.0,0,0,0.0,0.0,1,1,0,1,False,0,0.0,0.0,0.0
1790798646.741,19.7,68.0,0,69626,0.0,2.0,1,1,0,1,False,0,0.0,0.0,0.0
1790798647.741,13.7,67.2,0,49148,0.0,2.0,0,0,0,0,False,0,0.0,0.0,0.0
1790798648.741,9.4,67.6,0,249838,0.0,4.0,0,0,0,0,False,0,0.0,0.0,0.0
1790798649.741,9.8,67.9,0,0,0.0,0.0,0,0,0,0,False,0,0.0,0.0,0.0
1790798650.741,10.3,68.0,0,163828,0.0,12.0,0,0,0,0,False,0,0.0,0.0,0.0
1790798651.741,6.7,67.9,0,0,0.0,0.0,0,0,0,0,False,0,0.0,0.0,0.0
1790798652.742,7.2,67.9,0,0,0.0,0.0,0,0,0,0,False,0,0.0,0.0,0.0
1790798653.742,10.1,67.8,0,0,0.0,0.0,0,0,0,0,False,0,0.0,0.0,0.0
1790798654.742,7.5,67.8,0,0,0.0,0.0,0,0,0,0,False,0,0.0,0.0,0.0
1790798655.742,7.0,67.7,0,0,0.0,0.0,0,0,0,0,False,0,0.0,0.0,0.0
1790798656.742,7.0,67.7,0,12287,0.0,2.0,0,0,0,0,False,0,0.0,0.0,0.0
1790798657.742,7.4,67.7,0,16383,0.0,1.0,0,0,0,0,False,0,0.0,0.0,0.0
1790798658.742,7.4,67.6,0,0,0.0,0.0,0,0,0,0,False,0,0.0,0.0,0.0
1790798659.742,6.8,67.6,0,90105,0.0,10.0,0,0,0,0,False,0,0.0,0.0,0.0
1790798660.742,6.9,67.6,0,0,0.0,0.0,0,0,0,0,False,0,0.0,0.0,0.0
1790798661.742,6.7,67.6,0,0,0.0,0.0,0,0,0,0,False,0,0.0,0.0,0.0
1790798662.742,6.8,67.6,0,114679,0.0,1.0,0,0,0,0,False,0,0.0,0.0,0.0
1790798663.742,15.5,67.7,0,32766,0.0,1.0,0,0,0,0,False,0,0.0,0.0,0.0
1790798664.742,31.0,68.2,0,131062,0.0,2.0,3,0,0,3,False,0,0.0,0.0,0.0
1790798665.743,34.2,68.4,0,2395945,0.0,22.0,2,2,0,2,False,0,0.0,0.0,0.0
1790798666.746,32.2,68.4,0,0,0.0,0.0,1,17,0,1,False,0,0.0,0.0,0.0
1790798667.746,46.1,68.4,0,19003777,0.0,155.0,0,0,0,0,False,0,0.0,0.0,0.0
1790798668.746,7.6,68.5,0,1236891,0.0,10.0,0,0,0,0,False,0,0.0,0.0,0.0
1790798669.746,6.7,68.5,0,659405,0.0,6.0,0,0,0,0,False,0,0.0,0.0,0.0
1790798670.746,6.9,68.5,0,0,0.0,0.0,0,0,0,0,False,0,0.0,0.0,0.0
1790798671.746,6.7,68.5,0,0,0.0,0.0,0,0,0,0,False,0,0.0,0.0,0.0
1790798672.746,7.1,68.5,0,14412645,0.0,119.0,0,0,0,0,False,0,0.0,0.0,0.0
1790798673.746,9.9,68.4,0,0,0.0,0.0,0,0,0,0,False,0,0.0,0.0,0.0
1790798674.746,6.5,68.4,0,0,0.0,0.0,0,0,0,0,False,0,0.0,0.0,0.0
1790798675.746,15.2,68.6,0,114679,0.0,3.0,0,0,0,0,False,0,0.0,0.0,0.0
1790798676.746,25.9,68.7,0,0,0.0,0.0,2,0,0,2,False,0,0.0,0.0,0.0
1790798677.747,16.6,67.9,0,266221,0.0,51.0,0,0,0,0,False,0,0.0,0.0,0.0
1790798678.747,7.0,67.9,0,704458,0.0,21.0,0,0,0,0,False,0,0.0,0.0,0.0
1790798679.747,20.9,68.1,0,32765,0.0,1.0,0,0,0,0,False,0,0.0,0.0,0.0
1790798680.747,25.5,68.3,0,1343376,0.0,16.0,1,0,0,1,False,0,0.0,0.0,0.0
1790798681.747,10.3,67.5,0,49149,0.0,3.0,0,0,0,0,False,0,0.0,0.0,0.0
1790798682.747,6.6,67.5,0,0,0.0,0.0,0,0,0,0,False,0,0.0,0.0,0.0
1790798683.747,6.9,67.5,0,0,0.0,0.0,0,0,0,0,False,0,0.0,0.0,0.0
1790798684.747,6.7,67.5,0,454623,0.0,6.0,0,0,0,0,False,0,0.0,0.0,0.0
1790798685.747,6.8,67.5,0,0,0.0,0.0,0,0,0,0,False,0,0.0,0.0,0.0
1790798686.747,6.6,67.5,0,0,0.0,0.0,0,0,0,0,False,0,0.0,0.0,0.0
1790798687.747,7.2,67.4,0,0,0.0,0.0,0,0,0,0,False,0,0.0,0.0,0.0
1790798688.747,8.0,67.4,0,0,0.0,0.0,0,0,0,0,False,0,0.0,0.0,0.0
1790798689.747,7.0,67.4,0,28670,0.0,2.0,0,0,0,0,False,0,0.0,0.0,0.0
1790798690.747,6.9,67.3,0,0,0.0,0.0,0,0,0,0,False,0,0.0,0.0,0.0
1790798691.748,6.6,67.3,0,0,0.0,0.0,0,0,0,0,False,0,0.0,0.0,0.0
1790798692.748,7.9,67.4,0,0,0.0,0.0,0,0,0,0,False,0,0.0,0.0,0.0
1790798693.748,10.1,67.4,0,0,0.0,0.0,0,0,0,0,False,0,0.0,0.0,0.0
1790798694.748,9.9,67.8,0,303082,0.0,16.0,0,0,0,0,False,0,0.0,0.0,0.0
1790798695.748,9.5,68.1,0,0,0.0,0.0,0,0,0,0,False,0,0.0,0.0,0.0
1790798696.748,8.5,68.3,0,3174170,0.0,42.0,0,0,0,0,False,0,0.0,0.0,0.0
1790798697.748,6.9,68.3,0,0,0.0,0.0,0,0,0,0,False,0,0.0,0.0,0.0
1790798698.748,7.0,68.2,0,200689,0.0,5.0,0,0,0,0,False,0,0.0,0.0,0.0
1790798699.748,6.6,68.2,0,0,0.0,0.0,0,0,0,0,False,0,0.0,0.0,0.0
1790798700.748,6.8,68.2,0,0,0.0,0.0,0,0,0,0,False,0,0.0,0.0,0.0
1790798701.748,10.0,68.3,0,12287,0.0,3.0,0,0,0,0,False,0,0.0,0.0,0.0
1790798702.748,23.5,68.7,0,32766,0.0,1.0,0,0,0,0,False,0,0.0,0.0,0.0
1790798703.748,40.5,68.8,0,1339292,0.0,18.0,2,2,0,2,False,0,0.0,0.0,0.0
1790798704.748,20.9,68.8,0,0,0.0,0.0,1,1,0,1,False,0,0.0,0.0,0.0
1790798705.749,66.7,68.3,0,12287,0.0,1.0,0,0,0,0,False,0,0.0,0.0,0.0
1790798706.749,6.9,68.4,0,32767,0.0,1.0,0,0,0,0,False,0,0.0,0.0,0.0
1790798707.749,10.0,68.5,0,0,0.0,0.0,0,0,0,0,False,0,0.0,0.0,0.0
1790798708.749,7.2,68.5,0,19602054,0.0,163.0,0,0,0,0,False,0,0.0,0.0,0.0
1790798709.749,7.1,68.5,0,774088,0.0,112.0,0,0,0,0,False,0,0.0,0.0,0.0
1790798710.749,7.5,68.5,0,0,0.0,0.0,0,0,0,0,False,0,0.0,0.0,0.0
1790798711.749,7.0,68.5,0,0,0.0,0.0,0,0,0,0,False,0,0.0,0.0,0.0
1790798712.749,6.9,68.5,0,90106,0.0,1.0,0,0,0,0,False,0,0.0,0.0,0.0
1790798713.749,11.7,68.6,0,13921295,0.0,110.0,0,0,0,0,False,0,0.0,0.0,0.0
1790798714.749,22.3,68.9,0,32766,0.0,1.0,0,0,0,0,False,0,0.0,0.0,0.0
1790798715.749,24.7,68.3,0,2359127,0.0,25.0,0,0,0,0,False,0,0.0,0.0,0.0
1790798716.749,6.8,68.3,0,790471,0.0,8.0,0,0,0,0,False,0,0.0,0.0,0.0
1790798717.749,7.0,68.4,0,1236899,0.0,10.0,0,0,0,0,False,0,0.0,0.0,0.0
1790798718.749,6.9,68.4,0,0,0.0,0.0,0,0,0,0,False,0,0.0,0.0,0.0
1790798719.750,6.9,68.4,0,0,0.0,0.0,0,0,0,0,False,0,0.0,0.0,0.0
1790798720.750,6.8,68.4,0,0,0.0,0.0,0,0,0,0,False,0,0.0,0.0,0.0
1790798721.750,6.8,68.5,0,0,0.0,0.0,0,0,0,0,False,0,0.0,0.0,0.0
1790798722.750,6.9,68.4,0,262125,0.0,3.0,0,0,0,0,False,0,0.0,0.0,0.0
1790798723.750,7.2,68.4,0,0,0.0,0.0,0,0,0,0,False,0,0.0,0.0,0.0
1790798724.750,9.5,68.3,0,303082,0.0,41.0,0,0,0,0,False,0,0.0,0.0,0.0
1790798725.750,7.3,68.2,0,0,0.0,0.0,0,0,0,0,False,0,0.0,0.0,0.0
1790798726.750,6.8,68.2,0,3555069,0.0,40.0,0,0,0,0,False,0,0.0,0.0,0.0
1790798727.750,7.4,68.2,0,0,0.0,0.0,0,0,0,0,False,0,0.0,0.0,0.0
1790798728.750,7.0,68.1,0,0,0.0,0.0,0,0,0,0,False,0,0.0,0.0,0.0
1790798729.750,6.9,68.1,0,17152780,0.0,139.0,0,0,0,0,False,0,0.0,0.0,0.0
1790798730.750,6.7,68.1,0,0,0.0,0.0,0,0,0,0,False,0,0.0,0.0,0.0
1790798731.750,6.8,68.1,0,167924,0.0,3.0,0,0,0,0,False,0,0.0,0.0,0.0
1790798732.750,6.9,68.1,0,4096,0.0,1.0,0,0,0,0,False,0,0.0,0.0,0.0
1790798733.751,7.1,68.1,0,0,0.0,0.0,0,0,0,0,False,0,0.0,0.0,0.0
1790798734.751,6.9,68.1,0,15416219,0.0,126.0,0,0,0,0,False,0,0.0,0.0,0.0
1790798735.751,7.0,68.1,0,4096,0.0,1.0,0,0,0,0,False,0,0.0,0.0,0.0
1790798736.751,6.4,68.1,0,0,0.0,0.0,0,0,0,0,False,0,0.0,0.0,0.0
1790798737.751,9.9,68.1,0,0,0.0,0.0,0,0,0,0,False,0,0.0,0.0,0.0
1790798738.751,7.2,67.9,0,0,0.0,0.0,0,0,0,0,False,0,0.0,0.0,0.0
1790798739.751,6.6,67.9,0,1302427,0.0,12.0,0,0,0,0,False,0,0.0,0.0,0.0
1790798740.751,6.6,67.9,0,0,0.0,0.0,0,0,0,0,False,0,0.0,0.0,0.0
1790798741.751,6.9,67.8,0,0,0.0,0.0,0,0,0,0,False,0,0.0,0.0,0.0
1790798742.751,9.1,67.8,0,0,0.0,0.0,0,0,0,0,False,0,0.0,0.0,0.0
1790798743.751,8.0,67.9,0,0,0.0,0.0,0,0,0,0,False,0,0.0,0.0,0.0
1790798744.751,24.9,68.3,0,782276,0.0,97.0,0,0,0,0,False,0,0.0,0.0,0.0
1790798745.751,22.5,67.9,0,135157,0.0,4.0,0,0,0,0,False,0,0.0,0.0,0.0
1790798746.752,6.9,68.0,0,0,0.0,0.0,0,0,0,0,False,0,0.0,0.0,0.0
1790798747.752,6.8,67.9,0,0,0.0,0.0,0,0,0,0,False,0,0.0,0.0,0.0
1790798748.752,7.0,67.9,0,925629,0.0,9.0,0,0,0,0,False,0,0.0,0.0,0.0
1790798749.752,8.1,67.6,0,0,0.0,0.0,0,0,0,0,False,0,0.0,0.0,0.0
1790798750.752,12.4,68.2,0,376805,0.0,4.0,0,0,0,0,False,0,0.0,0.0,0.0
1790798751.752,8.7,68.6,0,167924,0.0,15.0,0,0,0,0,False,0,0.0,0.0,0.0
1790798752.752,6.9,68.6,0,0,0.0,0.0,0,0,0,0,False,0,0.0,0.0,0.0
1790798753.752,9.2,68.9,0,0,0.0,0.0,0,0,0,0,False,0,0.0,0.0,0.0
1790798754.752,7.5,68.8,0,0,0.0,0.0,0,0,0,0,False,0,0.0,0.0,0.0
1790798755.752,7.1,68.8,0,131063,0.0,10.0,0,0,0,0,False,0,0.0,0.0,0.0
1790798756.752,6.9,68.7,0,0,0.0,0.0,0,0,0,0,False,0,0.0,0.0,0.0
1790798757.752,7.1,68.7,0,0,0.0,0.0,0,0,0,0,False,0,0.0,0.0,0.0
1790798758.752,7.1,68.7,0,0,0.0,0.0,0,0,0,0,False,0,0.0,0.0,0.0
1790798759.752,6.9,68.6,0,0,0.0,0.0,0,0,0,0,False,0,0.0,0.0,0.0
1790798760.753,8.2,68.6,0,16383,0.0,1.0,0,0,0,0,False,0,0.0,0.0,0.0
1790798761.753,6.6,68.5,0,0,0.0,0.0,0,0,0,0,False,0,0.0,0.0,0.0
1790798762.753,7.0,68.5,0,2961184,0.0,29.0,0,0,0,0,False,0,0.0,0.0,0.0
1790798763.753,9.5,68.4,0,0,0.0,0.0,0,0,0,0,False,0,0.0,0.0,0.0
1790798764.753,6.9,68.4,0,0,0.0,0.0,0,0,0,0,False,0,0.0,0.0,0.0
1790798765.753,7.6,68.3,0,131062,0.0,9.0,0,0,0,0,False,0,0.0,0.0,0.0
1790798766.753,9.9,68.3,0,0,0.0,0.0,0,0,0,0,False,0,0.0,0.0,0.0
1790798767.753,6.5,68.3,0,0,0.0,0.0,0,0,0,0,False,0,0.0,0.0,0.0
1790798768.753,7.6,68.2,0,0,0.0,0.0,0,0,0,0,False,0,0.0,0.0,0.0
1790798769.753,7.4,68.2,0,0,0.0,0.0,0,0,0,0,False,0,0.0,0.0,0.0
1790798770.753,10.7,68.3,0,1269662,0.0,11.0,0,0,0,0,False,0,0.0,0.0,0.0
1790798771.753,24.2,68.9,0,94200,0.0,2.0,0,0,0,0,False,0,0.0,0.0,0.0
1790798772.753,30.5,68.3,0,45052,0.0,2.0,0,0,0,0,False,0,0.0,0.0,0.0
1790798773.753,7.8,68.2,0,0,0.0,0.0,0,0,0,0,False,0,0.0,0.0,0.0
1790798774.754,6.7,68.2,0,0,0.0,0.0,0,0,0,0,False,0,0.0,0.0,0.0
1790798775.754,6.6,68.3,0,274413,0.0,46.0,0,0,0,0,False,0,0.0,0.0,0.0
1790798776.754,6.4,68.3,0,0,0.0,0.0,0,0,0,0,False,0,0.0,0.0,0.0
1790798777.754,6.3,68.3,0,577508,0.0,6.0,0,0,0,0,False,0,0.0,0.0,0.0
1790798778.754,6.8,68.3,0,0,0.0,0.0,0,0,0,0,False,0,0.0,0.0,0.0
1790798779.754,6.9,68.2,0,0,0.0,0.0,0,0,0,0,False,0,0.0,0.0,0.0
1790798780.754,20.4,68.4,0,139253,0.0,11.0,0,0,0,0,False,0,0.0,0.0,0.0
1790798781.754,21.5,68.0,0,45052,0.0,2.0,0,0,0,0,False,0,0.0,0.0,0.0
1790798782.754,6.9,68.0,0,0,0.0,0.0,0,0,0,0,False,0,0.0,0.0,0.0
1790798783.754,7.4,68.0,0,1322908,0.0,13.0,0,0,0,0,False,0,0.0,0.0,0.0
1790798784.754,9.6,68.0,0,0,0.0,0.0,0,0,0,0,False,0,0.0,0.0,0.0
1790798785.754,7.8,67.9,0,0,0.0,0.0,0,0,0,0,False,0,0.0,0.0,0.0
1790798786.754,6.5,67.9,0,196594,0.0,3.0,0,0,0,0,False,0,0.0,0.0,0.0
1790798787.755,6.6,67.8,0,0,0.0,0.0,0,0,0,0,False,0,0.0,0.0,0.0
1790798788.755,6.6,67.8,0,4096,0.0,1.0,0,0,0,0,False,0,0.0,0.0,0.0
1790798789.755,6.5,67.8,0,397283,0.0,6.0,0,0,0,0,False,0,0.0,0.0,0.0
1790798790.755,6.8,67.8,0,16383,0.0,1.0,0,0,0,0,False,0,0.0,0.0,0.0
1790798791.755,6.4,67.8,0,0,0.0,0.0,0,0,0,0,False,0,0.0,0.0,0.0
1790798792.755,7.6,67.8,0,0,0.0,0.0,0,0,0,0,False,0,0.0,0.0,0.0
1790798793.755,8.0,67.7,0,2801414,0.0,28.0,0,0,0,0,False,0,0.0,0.0,0.0
1790798794.755,6.8,67.7,0,0,0.0,0.0,0,0,0,0,False,0,0.0,0.0,0.0
1790798795.755,10.7,67.7,0,53244,0.0,2.0,0,0,0,0,False,0,0.0,0.0,0.0
1790798796.755,7.0,67.7,0,528336,0.0,11.0,0,0,0,0,False,0,0.0,0.0,0.0
1790798797.755,19.7,68.1,0,32766,0.0,1.0,0,0,0,0,False,0,0.0,0.0,0.0
1790798798.755,21.2,68.4,0,0,0.0,0.0,1,0,0,1,False,0,0.0,0.0,0.0
1790798799.755,8.4,67.7,0,45053,0.0,2.0,0,0,0,0,False,0,0.0,0.0,0.0
1790798800.755,8.0,67.6,0,0,0.0,0.0,0,0,0,0,False,0,0.0,0.0,0.0
1790798801.756,7.2,67.6,0,155635,0.0,3.0,0,0,0,0,False,0,0.0,0.0,0.0
1790798802.756,6.9,67.6,0,0,0.0,0.0,0,0,0,0,False,0,0.0,0.0,0.0
1790798803.756,7.4,67.4,0,4096,0.0,1.0,0,0,0,0,False,0,0.0,0.0,0.0
1790798804.756,7.2,67.5,0,0,0.0,0.0,0,0,0,0,False,0,0.0,0.0,0.0
1790798805.756,6.8,67.4,0,0,0.0,0.0,0,0,0,0,False,0,0.0,0.0,0.0
1790798806.756,6.7,67.4,0,15027142,0.0,118.0,0,0,0,0,False,0,0.0,0.0,0.0
1790798807.756,7.0,67.4,0,0,0.0,0.0,0,0,0,0,False,0,0.0,0.0,0.0
1790798808.756,9.2,67.3,0,597973,0.0,75.0,0,0,0,0,False,0,0.0,0.0,0.0
1790798809.756,7.1,67.3,0,200690,0.0,12.0,0,0,0,0,False,0,0.0,0.0,0.0
1790798810.756,6.8,67.3,0,0,0.0,0.0,0,0,0,0,False,0,0.0,0.0,0.0
1790798811.756,6.9,67.3,0,176115,0.0,4.0,0,0,0,0,False,0,0.0,0.0,0.0
1790798812.756,7.2,67.3,0,0,0.0,0.0,0,0,0,0,False,0,0.0,0.0,0.0
1790798813.756,9.7,67.7,0,12287,0.0,1.0,0,0,0,0,False,0,0.0,0.0,0.0
1790798814.757,6.8,67.7,0,0,0.0,0.0,0,0,0,0,False,0,0.0,0.0,0.0
1790798815.757,6.6,67.7,0,0,0.0,0.0,0,0,0,0,False,0,0.0,0.0,0.0
1790798816.757,6.8,67.7,0,65531,0.0,3.0,0,0,0,0,False,0,0.0,0.0,0.0
1790798817.757,6.9,67.7,0,114680,0.0,2.0,0,0,0,0,False,0,0.0,0.0,0.0
1790798818.757,6.9,67.7,0,0,0.0,0.0,0,0,0,0,False,0,0.0,0.0,0.0
1790798819.757,6.7,67.7,0,0,0.0,0.0,0,0,0,0,False,0,0.0,0.0,0.0
1790798820.757,7.3,67.6,0,0,0.0,0.0,0,0,0,0,False,0,0.0,0.0,0.0
1790798821.757,10.1,67.6,0,16383,0.0,1.0,0,0,0,0,False,0,0.0,0.0,0.0
1790798822.757,7.3,67.6,0,0,0.0,0.0,0,0,0,0,False,0,0.0,0.0,0.0
1790798823.757,7.0,67.6,0,0,0.0,0.0,0,0,0,0,False,0,0.0,0.0,0.0
1790798824.757,6.7,67.6,0,2793272,0.0,28.0,0,0,0,0,False,0,0.0,0.0,0.0
1790798825.757,6.9,67.6,0,28670,0.0,2.0,0,0,0,0,False,0,0.0,0.0,0.0
1790798826.757,6.4,67.6,0,0,0.0,0.0,0,0,0,0,False,0,0.0,0.0,0.0
1790798827.757,7.2,67.6,0,0,0.0,0.0,0,0,0,0,False,0,0.0,0.0,0.0
1790798828.758,7.8,67.6,0,180211,0.0,8.0,0,0,0,0,False,0,0.0,0.0,0.0
1790798829.758,10.8,67.6,0,0,0.0,0.0,0,0,0,0,False,0,0.0,0.0,0.0
1790798830.758,7.1,67.6,0,0,0.0,0.0,0,0,0,0,False,0,0.0,0.0,0.0
1790798831.758,7.0,67.6,0,24574,0.0,1.0,0,0,0,0,False,0,0.0,0.0,0.0
1790798832.758,8.3,67.5,0,0,0.0,0.0,0,0,0,0,False,0,0.0,0.0,0.0
1790798833.758,7.6,67.6,0,0,0.0,0.0,0,0,0,0,False,0,0.0,0.0,0.0
1790798834.758,10.3,67.6,0,53244,0.0,2.0,0,0,0,0,False,0,0.0,0.0,0.0
1790798835.758,7.2,67.6,0,0,0.0,0.0,0,0,0,0,False,0,0.0,0.0,0.0
1790798836.758,7.0,67.5,0,937917,0.0,12.0,0,0,0,0,False,0,0.0,0.0,0.0
1790798837.758,6.9,67.6,0,0,0.0,0.0,0,0,0,0,False,0,0.0,0.0,0.0
1790798838.758,7.1,67.6,0,0,0.0,0.0,0,0,0,0,False,0,0.0,0.0,0.0
1790798839.758,6.9,67.6,0,0,0.0,0.0,0,0,0,0,False,0,0.0,0.0,0.0
1790798840.758,7.3,67.6,0,196594,0.0,38.0,0,0,0,0,False,0,0.0,0.0,0.0
1790798841.758,8.4,67.6,0,0,0.0,0.0,0,0,0,0,False,0,0.0,0.0,0.0
1790798842.759,6.9,67.5,0,0,0.0,0.0,0,0,0,0,False,0,0.0,0.0,0.0
1790798843.759,7.8,67.5,0,106490,0.0,11.0,0,0,0,0,False,0,0.0,0.0,0.0
1790798844.759,7.3,67.5,0,8191,0.0,1.0,0,0,0,0,False,0,0.0,0.0,0.0
1790798845.759,7.0,67.5,0,0,0.0,0.0,0,0,0,0,False,0,0.0,0.0,0.0
1790798846.759,7.4,67.5,0,0,0.0,0.0,0,0,0,0,False,0,0.0,0.0,0.0
1790798847.759,7.0,67.5,0,0,0.0,0.0,0,0,0,0,False,0,0.0,0.0,0.0
1790798848.759,9.8,67.2,0,0,0.0,0.0,0,0,0,0,False,0,0.0,0.0,0.0
1790798849.759,7.4,67.2,0,73723,0.0,2.0,0,0,0,0,False,0,0.0,0.0,0.0
1790798850.759,7.0,67.2,0,0,0.0,0.0,0,0,0,0,False,0,0.0,0.0,0.0
1790798851.759,6.8,67.2,0,0,0.0,0.0,0,0,0,0,False,0,0.0,0.0,0.0
1790798852.759,6.6,67.2,0,20478,0.0,2.0,0,0,0,0,False,0,0.0,0.0,0.0
1790798853.759,7.4,67.2,0,0,0.0,0.0,0,0,0,0,False,0,0.0,0.0,0.0
1790798854.759,7.2,67.2,0,2674483,0.0,31.0,0,0,0,0,False,0,0.0,0.0,0.0
1790798855.759,8.0,67.2,0,0,0.0,0.0,0,0,0,0,False,0,0.0,0.0,0.0
1790798856.760,7.0,67.3,0,0,0.0,0.0,0,0,0,0,False,0,0.0,0.0,0.0
1790798857.760,6.6,67.3,0,20479,0.0,2.0,0,0,0,0,False,0,0.0,0.0,0.0
1790798858.760,6.7,67.3,0,0,0.0,0.0,0,0,0,0,False,0,0.0,0.0,0.0
1790798859.760,7.0,67.3,0,24574,0.0,4.0,0,0,0,0,False,0,0.0,0.0,0.0
1790798860.760,6.6,67.3,0,0,0.0,0.0,0,0,0,0,False,0,0.0,0.0,0.0
1790798861.760,6.5,67.3,0,0,0.0,0.0,0,0,0,0,False,0,0.0,0.0,0.0
1790798862.760,7.0,67.3,0,0,0.0,0.0,0,0,0,0,False,0,0.0,0.0,0.0
1790798863.760,11.6,67.3,0,0,0.0,0.0,0,0,0,0,False,0,0.0,0.0,0.0
1790798864.760,6.4,67.3,0,16383,0.0,3.0,0,0,0,0,False,0,0.0,0.0,0.0
1790798865.760,6.6,67.3,0,0,0.0,0.0,0,0,0,0,False,0,0.0,0.0,0.0
1790798866.760,6.6,67.3,0,0,0.0,0.0,0,0,0,0,False,0,0.0,0.0,0.0
1790798867.760,8.8,67.3,0,0,0.0,0.0,0,0,0,0,False,0,0.0,0.0,0.0
1790798868.760,8.9,67.4,0,0,0.0,0.0,0,0,0,0,False,0,0.0,0.0,0.0
1790798869.760,22.5,68.0,0,32765,0.0,1.0,0,0,0,0,False,0,0.0,0.0,0.0
1790798870.761,16.8,67.5,0,45052,0.0,2.0,0,0,0,0,False,0,0.0,0.0,0.0
1790798871.761,6.7,67.6,0,0,0.0,0.0,0,0,0,0,False,0,0.0,0.0,0.0
1790798872.761,6.7,67.5,0,0,0.0,0.0,0,0,0,0,False,0,0.0,0.0,0.0
1790798873.761,9.9,67.9,0,1138609,0.0,15.0,0,0,0,0,False,0,0.0,0.0,0.0
1790798874.761,7.4,67.9,0,208879,0.0,39.0,0,0,0,0,False,0,0.0,0.0,0.0
1790798875.761,6.9,67.9,0,8191,0.0,1.0,0,0,0,0,False,0,0.0,0.0,0.0
1790798876.761,6.8,67.9,0,0,0.0,0.0,0,0,0,0,False,0,0.0,0.0,0.0
1790798877.761,7.0,67.9,0,0,0.0,0.0,0,0,0,0,False,0,0.0,0.0,0.0
1790798878.761,7.2,67.9,0,110583,0.0,10.0,0,0,0,0,False,0,0.0,0.0,0.0
1790798879.761,8.6,67.8,0,0,0.0,0.0,0,0,0,0,False,0,0.0,0.0,0.0
1790798880.761,6.7,67.7,0,0,0.0,0.0,0,0,0,0,False,0,0.0,0.0,0.0
1790798881.761,6.7,67.7,0,0,0.0,0.0,0,0,0,0,False,0,0.0,0.0,0.0
1790798882.761,6.6,67.7,0,16383,0.0,1.0,0,0,0,0,False,0,0.0,0.0,0.0
1790798883.762,7.1,67.6,0,0,0.0,0.0,0,0,0,0,False,0,0.0,0.0,0.0
1790798884.762,6.7,67.6,0,36861,0.0,2.0,0,0,0,0,False,0,0.0,0.0,0.0
1790798885.762,7.2,67.6,0,2109256,0.0,19.0,0,0,0,0,False,0,0.0,0.0,0.0
1790798886.762,7.7,67.6,0,0,0.0,0.0,0,0,0,0,False,0,0.0,0.0,0.0
1790798887.762,6.8,67.5,0,0,0.0,0.0,0,0,0,0,False,0,0.0,0.0,0.0
1790798888.762,6.7,67.5,0,0,0.0,0.0,0,0,0,0,False,0,0.0,0.0,0.0
1790798889.762,7.6,67.5,0,0,0.0,0.0,0,0,0,0,False,0,0.0,0.0,0.0
1790798890.762,10.4,67.5,0,0,0.0,0.0,0,0,0,0,False,0,0.0,0.0,0.0
1790798891.762,6.8,67.5,0,192497,0.0,10.0,0,0,0,0,False,0,0.0,0.0,0.0
1790798892.762,9.9,67.5,0,0,0.0,0.0,0,0,0,0,False,0,0.0,0.0,0.0
1790798893.762,32.0,68.6,0,98296,0.0,3.0,0,0,0,0,False,0,0.0,0.0,0.0
1790798894.762,43.2,69.2,0,0,0.0,0.0,2,0,0,2,False,0,0.0,0.0,0.0
1790798895.762,36.6,68.4,0,45052,0.0,2.0,1,1,0,1,False,0,0.0,0.0,0.0
1790798896.763,16.8,68.4,0,0,0.0,0.0,1,1,0,1,False,0,0.0,0.0,0.0
1790798897.763,19.4,68.4,0,0,0.0,0.0,1,1,0,1,False,0,0.0,0.0,0.0
1790798898.763,18.2,68.4,0,397283,0.0,4.0,1,1,0,1,False,0,0.0,0.0,0.0
1790798899.763,22.3,68.5,0,0,0.0,0.0,1,1,0,1,False,0,0.0,0.0,0.0
1790798900.763,27.7,68.9,0,90105,0.0,3.0,1,1,0,1,False,0,0.0,0.0,0.0
1790798901.763,16.8,68.2,0,344034,0.0,14.0,0,0,0,0,False,0,0.0,0.0,0.0
1790798902.763,6.6,68.2,0,0,0.0,0.0,0,0,0,0,False,0,0.0,0.0,0.0
1790798903.763,7.3,68.1,0,77818,0.0,1.0,0,0,0,0,False,0,0.0,0.0,0.0
1790798904.763,6.9,68.2,0,0,0.0,0.0,0,0,0,0,False,0,0.0,0.0,0.0
1790798905.763,6.8,68.1,0,4096,0.0,1.0,0,0,0,0,False,0,0.0,0.0,0.0
1790798906.763,8.1,68.1,0,0,0.0,0.0,0,0,0,0,False,0,0.0,0.0,0.0
1790798907.763,6.7,68.1,0,28670,0.0,2.0,0,0,0,0,False,0,0.0,0.0,0.0
1790798908.763,6.8,67.9,0,0,0.0,0.0,0,0,0,0,False,0,0.0,0.0,0.0
1790798909.764,6.7,67.9,0,520148,0.0,87.0,0,0,0,0,False,0,0.0,0.0,0.0
1790798910.764,6.7,67.9,0,675789,0.0,10.0,0,0,0,0,False,0,0.0,0.0,0.0
1790798911.764,8.9,67.9,0,0,0.0,0.0,0,0,0,0,False,0,0.0,0.0,0.0
1790798912.764,6.5,67.8,0,0,0.0,0.0,0,0,0,0,False,0,0.0,0.0,0.0
1790798913.764,7.0,67.8,0,45053,0.0,3.0,0,0,0,0,False,0,0.0,0.0,0.0
1790798914.764,7.3,67.8,0,4096,0.0,1.0,0,0,0,0,False,0,0.0,0.0,0.0
1790798915.764,6.8,67.8,0,0,0.0,0.0,0,0,0,0,False,0,0.0,0.0,0.0
1790798916.764,6.8,67.8,0,2944818,0.0,28.0,0,0,0,0,False,0,0.0,0.0,0.0
1790798917.764,6.8,67.8,0,0,0.0,0.0,0,0,0,0,False,0,0.0,0.0,0.0
1790798918.764,7.3,67.8,0,0,0.0,0.0,0,0,0,0,False,0,0.0,0.0,0.0
1790798919.764,6.9,67.9,0,16383,0.0,2.0,0,0,0,0,False,0,0.0,0.0,0.0
1790798920.764,6.9,67.9,0,0,0.0,0.0,0,0,0,0,False,0,0.0,0.0,0.0
1790798921.764,7.0,67.9,0,4096,0.0,1.0,0,0,0,0,False,0,0.0,0.0,0.0
1790798922.765,6.8,67.8,0,397283,0.0,10.0,0,0,0,0,False,0,0.0,0.0,0.0
1790798923.765,9.3,67.9,0,0,0.0,0.0,0,0,0,0,False,0,0.0,0.0,0.0
1790798924.765,7.0,67.8,0,0,0.0,0.0,0,0,0,0,False,0,0.0,0.0,0.0
1790798925.765,6.6,67.8,0,0,0.0,0.0,0,0,0,0,False,0,0.0,0.0,0.0
1790798926.765,7.1,67.8,0,0,0.0,0.0,0,0,0,0,False,0,0.0,0.0,0.0
1790798927.765,6.9,67.8,0,0,0.0,0.0,0,0,0,0,False,0,0.0,0.0,0.0
1790798928.765,7.2,67.8,0,28670,0.0,3.0,0,0,0,0,False,0,0.0,0.0,0.0
1790798929.765,10.8,67.8,0,65531,0.0,7.0,0,0,0,0,False,0,0.0,0.0,0.0
1790798930.765,7.4,67.4,0,163828,0.0,20.0,0,0,0,0,False,0,0.0,0.0,0.0
1790798931.765,6.9,67.5,0,53244,0.0,5.0,0,0,0,0,False,0,0.0,0.0,0.0
1790798932.765,7.1,67.5,0,0,0.0,0.0,0,0,0,0,False,0,0.0,0.0,0.0
1790798933.765,9.1,67.7,0,0,0.0,0.0,0,0,0,0,False,0,0.0,0.0,0.0
1790798934.765,6.9,67.7,0,24574,0.0,1.0,0,0,0,0,False,0,0.0,0.0,0.0
1790798935.765,7.1,67.7,0,0,0.0,0.0,0,0,0,0,False,0,0.0,0.0,0.0
1790798936.766,7.4,67.7,0,1404828,0.0,13.0,0,0,0,0,False,0,0.0,0.0,0.0
1790798937.766,6.8,67.7,0,0,0.0,0.0,0,0,0,0,False,0,0.0,0.0,0.0
1790798938.766,6.9,67.7,0,0,0.0,0.0,0,0,0,0,False,0,0.0,0.0,0.0
1790798939.766,7.8,67.7,0,0,0.0,0.0,0,0,0,0,False,0,0.0,0.0,0.0
1790798940.766,9.3,67.7,0,0,0.0,0.0,0,0,0,0,False,0,0.0,0.0,0.0
1790798941.766,7.0,67.7,0,0,0.0,0.0,0,0,0,0,False,0,0.0,0.0,0.0
1790798942.766,6.8,67.7,0,20478,0.0,2.0,0,0,0,0,False,0,0.0,0.0,0.0
1790798943.766,9.8,67.6,0,0,0.0,0.0,0,0,0,0,False,0,0.0,0.0,0.0
1790798944.766,6.8,67.5,0,139254,0.0,25.0,0,0,0,0,False,0,0.0,0.0,0.0
1790798945.766,6.9,67.5,0,0,0.0,0.0,0,0,0,0,False,0,0.0,0.0,0.0
1790798946.766,6.9,67.5,0,2797363,0.0,29.0,0,0,0,0,False,0,0.0,0.0,0.0
1790798947.766,7.1,67.5,0,0,0.0,0.0,0,0,0,0,False,0,0.0,0.0,0.0
1790798948.766,7.5,67.6,0,0,0.0,0.0,0,0,0,0,False,0,0.0,0.0,0.0
1790798949.766,11.3,68.2,0,118775,0.0,3.0,0,0,0,0,False,0,0.0,0.0,0.0
1790798950.767,8.9,68.4,0,163826,0.0,12.0,0,0,0,0,False,0,0.0,0.0,0.0
1790798951.767,6.9,68.4,0,0,0.0,0.0,0,0,0,0,False,0,0.0,0.0,0.0
1790798952.767,7.6,68.4,0,0,0.0,0.0,0,0,0,0,False,0,0.0,0.0,0.0
1790798953.767,7.4,68.4,0,0,0.0,0.0,0,0,0,0,False,0,0.0,0.0,0.0
1790798954.767,6.6,68.4,0,12287,0.0,3.0,0,0,0,0,False,0,0.0,0.0,0.0
1790798955.767,6.3,68.4,0,0,0.0,0.0,0,0,0,0,False,0,0.0,0.0,0.0
1790798956.767,6.6,68.4,0,16383,0.0,2.0,0,0,0,0,False,0,0.0,0.0,0.0
1790798957.767,6.3,68.4,0,0,0.0,0.0,0,0,0,0,False,0,0.0,0.0,0.0
1790798958.767,9.9,68.3,0,0,0.0,0.0,0,0,0,0,False,0,0.0,0.0,0.0
1790798959.767,6.9,68.3,0,0,0.0,0.0,0,0,0,0,False,0,0.0,0.0,0.0
1790798960.767,7.8,68.3,0,77818,0.0,11.0,0,0,0,0,False,0,0.0,0.0,0.0
1790798961.767,9.0,68.3,0,0,0.0,0.0,0,0,0,0,False,0,0.0,0.0,0.0
1790798962.767,6.7,68.2,0,0,0.0,0.0,0,0,0,0,False,0,0.0,0.0,0.0
1790798963.767,7.4,68.1,0,0,0.0,0.0,0,0,0,0,False,0,0.0,0.0,0.0
1790798964.768,7.0,68.1,0,0,0.0,0.0,0,0,0,0,False,0,0.0,0.0,0.0
1790798965.768,6.7,68.0,0,0,0.0,0.0,0,0,0,0,False,0,0.0,0.0,0.0
1790798966.768,7.3,68.0,0,0,0.0,0.0,0,0,0,0,False,0,0.0,0.0,0.0
1790798967.768,7.2,68.0,0,8191,0.0,1.0,0,0,0,0,False,0,0.0,0.0,0.0
1790798968.768,7.0,68.0,0,1236905,0.0,10.0,0,0,0,0,False,0,0.0,0.0,0.0
1790798969.768,6.9,68.0,0,0,0.0,0.0,0,0,0,0,False,0,0.0,0.0,0.0
1790798970.768,6.7,68.0,0,0,0.0,0.0,0,0,0,0,False,0,0.0,0.0,0.0
1790798971.768,7.0,68.0,0,0,0.0,0.0,0,0,0,0,False,0,0.0,0.0,0.0
1790798972.768,6.5,68.0,0,0,0.0,0.0,0,0,0,0,False,0,0.0,0.0,0.0
1790798973.768,9.3,67.8,0,102392,0.0,2.0,0,0,0,0,False,0,0.0,0.0,0.0
1790798974.768,6.9,67.8,0,0,0.0,0.0,0,0,0,0,False,0,0.0,0.0,0.0
1790798975.768,11.0,67.8,0,49148,0.0,2.0,0,0,0,0,False,0,0.0,0.0,0.0
1790798976.768,24.9,68.6,0,0,0.0,0.0,0,0,0,0,False,0,0.0,0.0,0.0
1790798977.769,14.9,67.9,0,2993935,0.0,31.0,0,0,0,0,False,0,0.0,0.0,0.0
1790798978.769,6.8,67.9,0,286702,0.0,17.0,0,0,0,0,False,0,0.0,0.0,0.0
1790798979.769,7.3,67.6,0,0,0.0,0.0,0,0,0,0,False,0,0.0,0.0,0.0
1790798980.769,7.3,67.6,0,327656,0.0,67.0,0,0,0,0,False,0,0.0,0.0,0.0
1790798981.769,8.3,67.6,0,4096,0.0,1.0,0,0,0,0,False,0,0.0,0.0,0.0
1790798982.769,6.8,67.5,0,1339294,0.0,16.0,0,0,0,0,False,0,0.0,0.0,0.0
1790798983.769,6.9,67.5,0,0,0.0,0.0,0,0,0,0,False,0,0.0,0.0,0.0
1790798984.769,6.8,67.4,0,1036216,0.0,15.0,0,0,0,0,False,0,0.0,0.0,0.0
1790798985.769,6.4,67.4,0,126967,0.0,8.0,0,0,0,0,False,0,0.0,0.0,0.0
1790798986.769,6.8,67.4,0,0,0.0,0.0,0,0,0,0,False,0,0.0,0.0,0.0
1790798987.769,9.8,67.4,0,0,0.0,0.0,0,0,0,0,False,0,0.0,0.0,0.0
1790798988.769,7.2,67.4,0,176113,0.0,4.0,0,0,0,0,False,0,0.0,0.0,0.0
1790798989.769,9.2,67.3,0,0,0.0,0.0,0,0,0,0,False,0,0.0,0.0,0.0
1790798990.770,6.5,67.3,0,0,0.0,0.0,0,0,0,0,False,0,0.0,0.0,0.0
1790798991.770,6.5,67.3,0,0,0.0,0.0,0,0,0,0,False,0,0.0,0.0,0.0
1790798992.770,7.9,67.3,0,0,0.0,0.0,0,0,0,0,False,0,0.0,0.0,0.0
1790798993.770,12.6,67.8,0,0,0.0,0.0,0,0,0,0,False,0,0.0,0.0,0.0
1790798994.770,27.0,68.9,1048479,389084,18.0,12.0,0,0,0,0,False,0,0.0,0.0,0.0
1790798995.770,40.6,69.0,0,0,0.0,0.0,3,4,0,3,False,0,0.0,0.0,0.0
1790798996.770,28.0,69.4,0,1077135,0.0,18.0,1,1,0,1,False,0,0.0,0.0,0.0
1790798997.771,63.9,69.4,0,0,0.0,0.0,1,11,0,1,False,0,0.0,0.0,0.0
1790798998.771,11.6,68.6,0,49149,0.0,3.0,0,0,0,0,False,0,0.0,0.0,0.0
1790798999.771,7.8,68.6,0,692174,0.0,10.0,0,0,0,0,False,0,0.0,0.0,0.0
1790799000.771,6.9,68.6,0,18971406,0.0,153.0,0,0,0,0,False,0,0.0,0.0,0.0
1790799001.771,6.8,68.6,0,0,0.0,0.0,0,0,0,0,False,0,0.0,0.0,0.0
1790799002.771,9.0,68.5,0,12287,0.0,3.0,0,0,0,0,False,0,0.0,0.0,0.0
1790799003.771,8.0,68.6,0,253933,0.0,14.0,0,0,0,0,False,0,0.0,0.0,0.0
1790799004.771,21.6,69.0,0,98295,0.0,4.0,0,0,0,0,False,0,0.0,0.0,0.0
1790799005.771,17.3,68.5,0,13822995,0.0,110.0,0,0,0,0,False,0,0.0,0.0,0.0
1790799006.771,7.1,68.4,0,0,0.0,0.0,0,0,0,0,False,0,0.0,0.0,0.0
1790799007.771,6.7,68.4,0,0,0.0,0.0,0,0,0,0,False,0,0.0,0.0,0.0
1790799008.771,6.3,68.4,0,2965292,0.0,28.0,0,0,0,0,False,0,0.0,0.0,0.0
1790799009.771,7.4,68.4,0,184307,0.0,3.0,0,0,0,0,False,0,0.0,0.0,0.0
1790799010.772,7.7,68.3,0,0,0.0,0.0,0,0,0,0,False,0,0.0,0.0,0.0
1790799011.772,6.5,68.3,0,0,0.0,0.0,0,0,0,0,False,0,0.0,0.0,0.0
1790799012.772,20.1,68.7,0,122871,0.0,2.0,0,0,0,0,False,0,0.0,0.0,0.0
1790799013.772,32.5,69.0,0,0,0.0,0.0,1,0,0,1,False,0,0.0,0.0,0.0
1790799014.772,16.0,68.3,0,45053,0.0,2.0,0,0,0,0,False,0,0.0,0.0,0.0
1790799015.772,6.7,68.3,0,933822,0.0,106.0,0,0,0,0,False,0,0.0,0.0,0.0
1790799016.772,6.8,68.3,0,0,0.0,0.0,0,0,0,0,False,0,0.0,0.0,0.0
1790799017.772,9.5,68.3,0,1871736,0.0,21.0,0,0,0,0,False,0,0.0,0.0,0.0
1790799018.772,7.9,68.2,0,0,0.0,0.0,0,0,0,0,False,0,0.0,0.0,0.0
1790799019.772,9.1,68.3,0,0,0.0,0.0,0,0,0,0,False,0,0.0,0.0,0.0
1790799020.772,23.1,68.9,0,282603,0.0,5.0,0,0,0,0,False,0,0.0,0.0,0.0
1790799021.772,36.4,69.0,0,0,0.0,0.0,0,0,0,0,False,0,0.0,0.0,0.0
1790799022.772,8.0,68.2,0,45053,0.0,2.0,0,0,0,0,False,0,0.0,0.0,0.0
1790799023.772,7.6,68.2,0,8191,0.0,2.0,0,0,0,0,False,0,0.0,0.0,0.0
1790799024.773,7.6,68.3,0,413663,0.0,29.0,0,0,0,0,False,0,0.0,0.0,0.0
1790799025.773,8.3,68.1,0,0,0.0,0.0,0,0,0,0,False,0,0.0,0.0,0.0
1790799026.773,11.3,68.1,0,0,0.0,0.0,0,0,0,0,False,0,0.0,0.0,0.0
1790799027.773,6.8,68.1,0,0,0.0,0.0,0,0,0,0,False,0,0.0,0.0,0.0
1790799028.773,7.1,68.0,0,1347486,0.0,17.0,0,0,0,0,False,0,0.0,0.0,0.0
1790799029.773,7.3,67.9,0,0,0.0,0.0,0,0,0,0,False,0,0.0,0.0,0.0
1790799030.773,7.4,67.9,0,65531,0.0,2.0,0,0,0,0,False,0,0.0,0.0,0.0
1790799031.773,6.7,67.9,0,16383,0.0,1.0,0,0,0,0,False,0,0.0,0.0,0.0
1790799032.773,6.7,68.0,0,4096,0.0,1.0,0,0,0,0,False,0,0.0,0.0,0.0
1790799033.773,9.5,68.0,0,0,0.0,0.0,0,0,0,0,False,0,0.0,0.0,0.0
1790799034.773,6.8,67.9,0,1339285,0.0,16.0,0,0,0,0,False,0,0.0,0.0,0.0
1790799035.773,6.8,67.9,0,159732,0.0,12.0,0,0,0,0,False,0,0.0,0.0,0.0
1790799036.773,6.9,68.0,0,57340,0.0,1.0,0,0,0,0,False,0,0.0,0.0,0.0
1790799037.774,6.8,67.9,0,0,0.0,0.0,0,0,0,0,False,0,0.0,0.0,0.0
1790799038.774,8.4,67.8,0,0,0.0,0.0,0,0,0,0,False,0,0.0,0.0,0.0
1790799039.774,7.1,67.8,0,3763945,0.0,36.0,0,0,0,0,False,0,0.0,0.0,0.0
1790799040.774,7.4,67.8,0,114680,0.0,2.0,0,0,0,0,False,0,0.0,0.0,0.0
1790799041.774,21.7,68.3,0,32766,0.0,1.0,0,0,0,0,False,0,0.0,0.0,0.0
1790799042.774,22.8,68.6,0,0,0.0,0.0,1,1,0,1,False,0,0.0,0.0,0.0
1790799043.774,17.5,68.0,0,45053,0.0,2.0,0,0,0,0,False,0,0.0,0.0,0.0
1790799044.774,8.3,68.0,0,0,0.0,0.0,0,0,0,0,False,0,0.0,0.0,0.0
1790799045.774,6.8,68.0,0,0,0.0,0.0,0,0,0,0,False,0,0.0,0.0,0.0
1790799046.774,8.8,67.9,0,1281953,0.0,105.0,0,0,0,0,False,0,0.0,0.0,0.0
1790799047.774,7.0,67.9,0,0,0.0,0.0,0,0,0,0,False,0,0.0,0.0,0.0
1790799048.774,6.6,67.9,0,528339,0.0,11.0,0,0,0,0,False,0,0.0,0.0,0.0
1790799049.774,7.3,67.7,0,0,0.0,0.0,0,0,0,0,False,0,0.0,0.0,0.0
1790799050.774,10.8,68.2,0,0,0.0,0.0,0,0,0,0,False,0,0.0,0.0,0.0
1790799051.775,8.5,68.3,0,323560,0.0,15.0,0,0,0,0,False,0,0.0,0.0,0.0
1790799052.775,6.3,68.2,0,0,0.0,0.0,0,0,0,0,False,0,0.0,0.0,0.0
1790799053.775,8.2,68.5,0,0,0.0,0.0,0,0,0,0,False,0,0.0,0.0,0.0
1790799054.775,8.2,68.5,0,0,0.0,0.0,0,0,0,0,False,0,0.0,0.0,0.0
1790799055.775,10.3,68.5,0,131063,0.0,10.0,0,0,0,0,False,0,0.0,0.0,0.0
1790799056.775,6.6,68.4,0,0,0.0,0.0,0,0,0,0,False,0,0.0,0.0,0.0
1790799057.775,6.6,68.4,0,0,0.0,0.0,0,0,0,0,False,0,0.0,0.0,0.0
1790799058.775,7.3,68.4,0,0,0.0,0.0,0,0,0,0,False,0,0.0,0.0,0.0
1790799059.775,6.6,68.3,0,0,0.0,0.0,0,0,0,0,False,0,0.0,0.0,0.0
1790799060.775,6.5,68.3,0,0,0.0,0.0,0,0,0,0,False,0,0.0,0.0,0.0
1790799061.775,7.2,68.3,0,0,0.0,0.0,0,0,0,0,False,0,0.0,0.0,0.0
1790799062.775,8.1,68.3,0,16383,0.0,1.0,0,0,0,0,False,0,0.0,0.0,0.0
1790799063.775,8.4,68.3,0,0,0.0,0.0,0,0,0,0,False,0,0.0,0.0,0.0
1790799064.775,8.2,68.3,0,0,0.0,0.0,0,0,0,0,False,0,0.0,0.0,0.0
1790799065.776,6.7,68.2,0,0,0.0,0.0,0,0,0,0,False,0,0.0,0.0,0.0
1790799066.776,6.8,68.2,0,0,0.0,0.0,0,0,0,0,False,0,0.0,0.0,0.0
1790799067.776,7.1,68.2,0,196594,0.0,11.0,0,0,0,0,False,0,0.0,0.0,0.0
1790799068.776,7.0,68.2,0,552921,0.0,20.0,0,0,0,0,False,0,0.0,0.0,0.0
1790799069.776,6.6,68.2,0,2961189,0.0,31.0,0,0,0,0,False,0,0.0,0.0,0.0
1790799070.776,7.3,68.2,0,1236900,0.0,10.0,0,0,0,0,False,0,0.0,0.0,0.0
1790799071.776,6.5,68.2,0,0,0.0,0.0,0,0,0,0,False,0,0.0,0.0,0.0
1790799072.776,6.5,68.2,0,53244,0.0,1.0,0,0,0,0,False,0,0.0,0.0,0.0
1790799073.776,6.7,68.2,0,0,0.0,0.0,0,0,0,0,False,0,0.0,0.0,0.0
1790799074.776,6.9,68.2,0,192497,0.0,18.0,0,0,0,0,False,0,0.0,0.0,0.0
1790799075.776,6.9,68.2,0,0,0.0,0.0,0,0,0,0,False,0,0.0,0.0,0.0
1790799076.776,6.9,68.2,0,0,0.0,0.0,0,0,0,0,False,0,0.0,0.0,0.0
1790799077.776,7.0,68.2,0,0,0.0,0.0,0,0,0,0,False,0,0.0,0.0,0.0
1790799078.776,6.7,68.2,0,0,0.0,0.0,0,0,0,0,False,0,0.0,0.0,0.0
1790799079.777,6.9,68.2,0,12287,0.0,3.0,0,0,0,0,False,0,0.0,0.0,0.0
1790799080.777,8.3,67.7,0,196598,0.0,14.0,0,0,0,0,False,0,0.0,0.0,0.0
1790799081.777,8.6,67.7,0,0,0.0,0.0,0,0,0,0,False,0,0.0,0.0,0.0
1790799082.777,9.0,67.6,0,405471,0.0,81.0,0,0,0,0,False,0,0.0,0.0,0.0
1790799083.777,7.4,67.5,0,0,0.0,0.0,0,0,0,0,False,0,0.0,0.0,0.0
1790799084.777,10.2,67.5,0,0,0.0,0.0,0,0,0,0,False,0,0.0,0.0,0.0
1790799085.777,6.6,67.5,0,1331097,0.0,14.0,0,0,0,0,False,0,0.0,0.0,0.0
1790799086.777,7.1,67.5,0,98296,0.0,2.0,0,0,0,0,False,0,0.0,0.0,0.0
1790799087.777,7.2,67.5,0,0,0.0,0.0,0,0,0,0,False,0,0.0,0.0,0.0
1790799088.777,7.8,67.5,0,4096,0.0,1.0,0,0,0,0,False,0,0.0,0.0,0.0
1790799089.777,6.6,67.5,0,479193,0.0,8.0,0,0,0,0,False,0,0.0,0.0,0.0
1790799090.777,6.8,67.5,0,0,0.0,0.0,0,0,0,0,False,0,0.0,0.0,0.0
1790799091.777,7.0,67.5,0,0,0.0,0.0,0,0,0,0,False,0,0.0,0.0,0.0
1790799092.778,6.7,67.5,0,12287,0.0,2.0,0,0,0,0,False,0,0.0,0.0,0.0
1790799093.778,7.3,67.3,0,0,0.0,0.0,0,0,0,0,False,0,0.0,0.0,0.0
1790799094.778,6.8,67.3,0,0,0.0,0.0,0,0,0,0,False,0,0.0,0.0,0.0
1790799095.778,6.9,67.3,0,86010,0.0,2.0,0,0,0,0,False,0,0.0,0.0,0.0
1790799096.778,6.8,67.3,0,0,0.0,0.0,0,0,0,0,False,0,0.0,0.0,0.0
1790799097.778,9.0,67.3,0,0,0.0,0.0,0,0,0,0,False,0,0.0,0.0,0.0
1790799098.778,6.7,67.3,0,937915,0.0,11.0,0,0,0,0,False,0,0.0,0.0,0.0
1790799099.778,6.7,67.3,0,0,0.0,0.0,0,0,0,0,False,0,0.0,0.0,0.0
1790799100.778,6.9,67.3,0,2817833,0.0,30.0,0,0,0,0,False,0,0.0,0.0,0.0
1790799101.778,6.7,67.3,0,0,0.0,0.0,0,0,0,0,False,0,0.0,0.0,0.0
1790799102.778,6.8,67.3,0,0,0.0,0.0,0,0,0,0,False,0,0.0,0.0,0.0
1790799103.778,7.7,67.3,0,0,0.0,0.0,0,0,0,0,False,0,0.0,0.0,0.0
1790799104.778,8.2,67.3,0,49148,0.0,2.0,0,0,0,0,False,0,0.0,0.0,0.0
1790799105.779,6.8,67.3,0,0,0.0,0.0,0,0,0,0,False,0,0.0,0.0,0.0
1790799106.779,7.0,67.3,0,0,0.0,0.0,0,0,0,0,False,0,0.0,0.0,0.0
1790799107.779,6.6,67.3,0,0,0.0,0.0,0,0,0,0,False,0,0.0,0.0,0.0
1790799108.779,6.8,67.3,0,0,0.0,0.0,0,0,0,0,False,0,0.0,0.0,0.0
1790799109.779,7.0,67.3,0,86010,0.0,10.0,0,0,0,0,False,0,0.0,0.0,0.0
1790799110.779,6.8,67.3,0,24574,0.0,4.0,0,0,0,0,False,0,0.0,0.0,0.0
1790799111.779,7.1,67.3,0,0,0.0,0.0,0,0,0,0,False,0,0.0,0.0,0.0
1790799112.779,10.1,67.3,0,0,0.0,0.0,0,0,0,0,False,0,0.0,0.0,0.0
1790799113.779,12.6,67.9,0,0,0.0,0.0,0,0,0,0,False,0,0.0,0.0,0.0
1790799114.779,7.2,67.9,0,0,0.0,0.0,0,0,0,0,False,0,0.0,0.0,0.0
1790799115.779,7.0,67.8,0,49148,0.0,3.0,0,0,0,0,False,0,0.0,0.0,0.0
1790799116.779,7.3,67.8,0,0,0.0,0.0,0,0,0,0,False,0,0.0,0.0,0.0
1790799117.779,8.0,67.8,0,159733,0.0,35.0,0,0,0,0,False,0,0.0,0.0,0.0
1790799118.779,6.9,67.7,0,0,0.0,0.0,0,0,0,0,False,0,0.0,0.0,0.0
1790799119.780,7.2,67.7,0,200690,0.0,4.0,0,0,0,0,False,0,0.0,0.0,0.0
1790799120.780,6.9,67.7,0,0,0.0,0.0,0,0,0,0,False,0,0.0,0.0,0.0
1790799121.780,9.8,67.7,0,0,0.0,0.0,0,0,0,0,False,0,0.0,0.0,0.0
1790799122.780,31.7,68.5,0,98296,0.0,3.0,0,0,0,0,False,0,0.0,0.0,0.0
1790799123.780,54.9,69.2,0,16383,0.0,1.0,1,0,0,1,False,0,0.0,0.0,0.0
1790799124.780,53.3,69.2,0,1146794,0.0,15.0,0,0,0,0,False,0,0.0,0.0,0.0
1790799125.780,10.1,68.9,0,45053,0.0,2.0,0,0,0,0,False,0,0.0,0.0,0.0
1790799126.780,7.0,68.9,0,0,0.0,0.0,0,0,0,0,False,0,0.0,0.0,0.0
1790799127.780,6.9,68.9,0,0,0.0,0.0,0,0,0,0,False,0,0.0,0.0,0.0
1790799128.780,13.6,69.0,0,32766,0.0,1.0,0,0,0,0,False,0,0.0,0.0,0.0
1790799129.780,28.6,69.2,0,593877,0.0,6.0,0,0,0,0,False,0,0.0,0.0,0.0
1790799130.780,28.7,68.8,0,45053,0.0,2.0,0,0,0,0,False,0,0.0,0.0,0.0
1790799131.780,7.0,68.7,0,0,0.0,0.0,0,0,0,0,False,0,0.0,0.0,0.0
1790799132.780,6.9,68.7,0,0,0.0,0.0,0,0,0,0,False,0,0.0,0.0,0.0
1790799133.781,7.2,68.5,0,0,0.0,0.0,0,0,0,0,False,0,0.0,0.0,0.0
1790799134.781,7.0,68.3,0,4096,0.0,1.0,0,0,0,0,False,0,0.0,0.0,0.0
1790799135.781,6.8,68.3,0,298987,0.0,4.0,0,0,0,0,False,0,0.0,0.0,0.0
1790799136.781,7.0,68.2,0,2244450,0.0,19.0,0,0,0,0,False,0,0.0,0.0,0.0
1790799137.781,7.8,68.1,0,0,0.0,0.0,0,0,0,0,False,0,0.0,0.0,0.0
1790799138.781,7.6,68.1,0,0,0.0,0.0,0,0,0,0,False,0,0.0,0.0,0.0
1790799139.781,7.2,68.1,0,73722,0.0,3.0,0,0,0,0,False,0,0.0,0.0,0.0
1790799140.781,6.8,68.1,0,0,0.0,0.0,0,0,0,0,False,0,0.0,0.0,0.0
1790799141.781,10.2,68.0,0,659399,0.0,11.0,0,0,0,0,False,0,0.0,0.0,0.0
1790799142.781,6.8,68.0,0,0,0.0,0.0,0,0,0,0,False,0,0.0,0.0,0.0
1790799143.781,7.4,68.0,0,225263,0.0,24.0,0,0,0,0,False,0,0.0,0.0,0.0
1790799144.781,7.0,67.9,0,0,0.0,0.0,0,0,0,0,False,0,0.0,0.0,0.0
1790799145.781,6.8,67.8,0,0,0.0,0.0,0,0,0,0,False,0,0.0,0.0,0.0
1790799146.781,7.0,67.8,0,4096,0.0,1.0,0,0,0,0,False,0,0.0,0.0,0.0
1790799147.782,6.6,67.8,0,0,0.0,0.0,0,0,0,0,False,0,0.0,0.0,0.0
1790799148.782,6.6,67.7,0,0,0.0,0.0,0,0,0,0,False,0,0.0,0.0,0.0
1790799149.782,9.3,67.7,0,61435,0.0,3.0,0,0,0,0,False,0,0.0,0.0,0.0
1790799150.782,9.7,67.8,0,679888,0.0,78.0,0,0,0,0,False,0,0.0,0.0,0.0
1790799151.782,23.8,68.3,0,32765,0.0,1.0,0,0,0,0,False,0,0.0,0.0,0.0
1790799152.782,50.6,68.4,0,0,0.0,0.0,3,2,0,3,False,0,0.0,0.0,0.0
1790799153.782,42.7,68.6,0,0,0.0,0.0,1,1,0,1,False,0,0.0,0.0,0.0
1790799154.785,55.4,68.6,0,15494561,0.0,129.7,1,17,0,1,False,0,0.0,0.0,0.0
1790799155.785,46.5,68.5,0,12287,0.0,1.0,0,0,0,0,False,0,0.0,0.0,0.0
1790799156.785,39.8,68.5,0,12287,0.0,3.0,1,1,0,1,False,0,0.0,0.0,0.0
1790799157.785,28.0,68.1,86006,69624,4.0,8.0,0,0,0,0,False,0,0.0,0.0,0.0
1790799158.785,21.0,68.3,0,32764,0.0,1.0,0,0,0,0,False,0,0.0,0.0,0.0
1790799159.785,23.0,68.5,0,712645,0.0,7.0,0,0,0,0,False,0,0.0,0.0,0.0
1790799160.785,8.0,67.8,0,45051,0.0,2.0,0,0,0,0,False,0,0.0,0.0,0.0
1790799161.785,6.9,67.8,0,4096,0.0,1.0,0,0,0,0,False,0,0.0,0.0,0.0
1790799162.785,6.8,67.8,0,0,0.0,0.0,0,0,0,0,False,0,0.0,0.0,0.0
1790799163.785,7.1,67.8,0,0,0.0,0.0,0,0,0,0,False,0,0.0,0.0,0.0
1790799164.786,6.7,67.7,0,0,0.0,0.0,0,0,0,0,False,0,0.0,0.0,0.0
1790799165.786,8.1,67.7,0,122871,0.0,2.0,0,0,0,0,False,0,0.0,0.0,0.0
1790799166.786,6.9,67.7,0,0,0.0,0.0,0,0,0,0,False,0,0.0,0.0,0.0
1790799167.786,6.5,67.6,0,0,0.0,0.0,0,0,0,0,False,0,0.0,0.0,0.0
1790799168.786,16.9,68.1,0,32766,0.0,1.0,0,0,0,0,False,0,0.0,0.0,0.0
1790799169.786,33.1,68.4,0,0,0.0,0.0,3,0,0,3,False,0,0.0,0.0,0.0
1790799170.786,37.4,68.4,0,4096,0.0,1.0,2,2,0,2,False,0,0.0,0.0,0.0
1790799171.787,35.2,68.4,0,0,0.0,0.0,1,0,0,1,False,0,0.0,0.0,0.0
1790799172.787,48.8,67.9,0,4763178,0.0,50.0,0,0,0,0,False,0,0.0,0.0,0.0
1790799173.787,9.6,68.3,0,589782,0.0,6.0,0,0,0,0,False,0,0.0,0.0,0.0
1790799174.787,7.7,68.3,0,19065453,0.0,155.0,0,0,0,0,False,0,0.0,0.0,0.0
1790799175.787,6.9,68.3,0,0,0.0,0.0,0,0,0,0,False,0,0.0,0.0,0.0
1790799176.787,6.9,68.2,0,0,0.0,0.0,0,0,0,0,False,0,0.0,0.0,0.0
1790799177.787,8.1,68.3,0,0,0.0,0.0,0,0,0,0,False,0,0.0,0.0,0.0
1790799178.787,22.2,68.7,0,200690,0.0,4.0,0,0,0,0,False,0,0.0,0.0,0.0
1790799179.787,35.6,68.8,0,0,0.0,0.0,0,0,0,0,False,0,0.0,0.0,0.0
1790799180.787,9.5,68.0,0,45053,0.0,2.0,0,0,0,0,False,0,0.0,0.0,0.0
1790799181.787,10.0,68.0,0,0,0.0,0.0,0,0,0,0,False,0,0.0,0.0,0.0
1790799182.787,7.8,68.0,0,0,0.0,0.0,0,0,0,0,False,0,0.0,0.0,0.0
1790799183.788,7.0,68.0,0,0,0.0,0.0,0,0,0,0,False,0,0.0,0.0,0.0
1790799184.788,7.1,68.0,0,270321,0.0,4.0,0,0,0,0,False,0,0.0,0.0,0.0
1790799185.788,6.5,68.0,0,778182,0.0,93.0,0,0,0,0,False,0,0.0,0.0,0.0
1790799186.788,6.7,68.0,0,0,0.0,0.0,0,0,0,0,False,0,0.0,0.0,0.0
1790799187.788,7.0,68.0,0,17095449,0.0,131.0,0,0,0,0,False,0,0.0,0.0,0.0
1790799188.788,6.8,68.0,0,126967,0.0,10.0,0,0,0,0,False,0,0.0,0.0,0.0
1790799189.788,6.9,68.0,0,0,0.0,0.0,0,0,0,0,False,0,0.0,0.0,0.0
1790799190.788,7.3,68.0,0,0,0.0,0.0,0,0,0,0,False,0,0.0,0.0,0.0
1790799191.788,6.3,68.0,0,0,0.0,0.0,0,0,0,0,False,0,0.0,0.0,0.0
1790799192.788,8.8,68.0,0,0,0.0,0.0,0,0,0,0,False,0,0.0,0.0,0.0
1790799193.788,7.6,68.0,0,0,0.0,0.0,0,0,0,0,False,0,0.0,0.0,0.0
1790799194.788,7.6,68.0,0,0,0.0,0.0,0,0,0,0,False,0,0.0,0.0,0.0
1790799195.788,6.7,68.0,0,16383,0.0,2.0,0,0,0,0,False,0,0.0,0.0,0.0
1790799196.788,7.6,68.0,0,0,0.0,0.0,0,0,0,0,False,0,0.0,0.0,0.0
1790799197.789,7.0,68.0,0,0,0.0,0.0,0,0,0,0,False,0,0.0,0.0,0.0
1790799198.789,7.1,68.0,0,0,0.0,0.0,0,0,0,0,False,0,0.0,0.0,0.0
1790799199.789,6.7,68.0,0,0,0.0,0.0,0,0,0,0,False,0,0.0,0.0,0.0
1790799200.789,6.9,68.0,0,0,0.0,0.0,0,0,0,0,False,0,0.0,0.0,0.0
1790799201.789,15.2,68.5,0,102392,0.0,3.0,0,0,0,0,False,0,0.0,0.0,0.0
1790799202.789,8.9,68.7,0,2555714,0.0,34.0,0,0,0,0,False,0,0.0,0.0,0.0
1790799203.789,9.0,68.6,0,176114,0.0,8.0,0,0,0,0,False,0,0.0,0.0,0.0
1790799204.789,7.9,68.6,0,0,0.0,0.0,0,0,0,0,False,0,0.0,0.0,0.0
1790799205.789,7.3,68.5,0,16383,0.0,1.0,0,0,0,0,False,0,0.0,0.0,0.0
1790799206.789,7.0,68.6,0,0,0.0,0.0,0,0,0,0,False,0,0.0,0.0,0.0
1790799207.789,6.8,68.5,0,61436,0.0,3.0,0,0,0,0,False,0,0.0,0.0,0.0
1790799208.789,6.9,68.5,0,0,0.0,0.0,0,0,0,0,False,0,0.0,0.0,0.0
1790799209.789,6.9,68.5,0,0,0.0,0.0,0,0,0,0,False,0,0.0,0.0,0.0
1790799210.789,6.7,68.5,0,53244,0.0,2.0,0,0,0,0,False,0,0.0,0.0,0.0
1790799211.790,6.9,68.5,0,0,0.0,0.0,0,0,0,0,False,0,0.0,0.0,0.0
1790799212.790,7.7,68.4,0,0,0.0,0.0,0,0,0,0,False,0,0.0,0.0,0.0
1790799213.790,8.5,68.2,0,65531,0.0,2.0,0,0,0,0,False,0,0.0,0.0,0.0
1790799214.790,6.8,68.2,0,0,0.0,0.0,0,0,0,0,False,0,0.0,0.0,0.0
1790799215.790,6.8,68.2,0,0,0.0,0.0,0,0,0,0,False,0,0.0,0.0,0.0
1790799216.790,6.6,68.2,0,0,0.0,0.0,0,0,0,0,False,0,0.0,0.0,0.0
1790799217.790,7.5,68.2,0,0,0.0,0.0,0,0,0,0,False,0,0.0,0.0,0.0
1790799218.790,7.0,68.2,0,0,0.0,0.0,0,0,0,0,False,0,0.0,0.0,0.0
1790799219.790,6.8,68.2,0,245742,0.0,47.0,0,0,0,0,False,0,0.0,0.0,0.0
1790799220.790,7.4,68.2,0,0,0.0,0.0,0,0,0,0,False,0,0.0,0.0,0.0
1790799221.790,10.8,68.2,0,0,0.0,0.0,0,0,0,0,False,0,0.0,0.0,0.0
1790799222.790,9.8,68.1,0,0,0.0,0.0,0,0,0,0,False,0,0.0,0.0,0.0
1790799223.790,7.5,68.1,0,4096,0.0,1.0,0,0,0,0,False,0,0.0,0.0,0.0
1790799224.791,8.1,68.1,0,32766,0.0,2.0,0,0,0,0,False,0,0.0,0.0,0.0
1790799225.791,7.2,68.1,0,0,0.0,0.0,0,0,0,0,False,0,0.0,0.0,0.0
1790799226.791,6.8,68.1,0,0,0.0,0.0,0,0,0,0,False,0,0.0,0.0,0.0
1790799227.791,7.6,68.1,0,0,0.0,0.0,0,0,0,0,False,0,0.0,0.0,0.0
1790799228.791,7.1,68.1,0,0,0.0,0.0,0,0,0,0,False,0,0.0,0.0,0.0
1790799229.791,7.4,68.1,0,0,0.0,0.0,0,0,0,0,False,0,0.0,0.0,0.0
1790799230.791,10.3,68.0,0,0,0.0,0.0,0,0,0,0,False,0,0.0,0.0,0.0
1790799231.791,7.7,67.7,0,1417116,0.0,41.0,0,0,0,0,False,0,0.0,0.0,0.0
1790799232.791,6.9,67.6,0,0,0.0,0.0,0,0,0,0,False,0,0.0,0.0,0.0
1790799233.791,11.3,67.8,0,4169415,0.0,45.0,0,0,0,0,False,0,0.0,0.0,0.0
1790799234.791,7.8,67.9,0,0,0.0,0.0,0,0,0,0,False,0,0.0,0.0,0.0
1790799235.791,7.0,67.9,0,24574,0.0,4.0,0,0,0,0,False,0,0.0,0.0,0.0
1790799236.791,6.5,67.9,0,12287,0.0,2.0,0,0,0,0,False,0,0.0,0.0,0.0
1790799237.791,6.8,67.9,0,90105,0.0,2.0,0,0,0,0,False,0,0.0,0.0,0.0
1790799238.792,7.7,67.9,0,8191,0.0,1.0,0,0,0,0,False,0,0.0,0.0,0.0
1790799239.792,6.8,67.9,0,0,0.0,0.0,0,0,0,0,False,0,0.0,0.0,0.0
1790799240.792,6.6,67.9,0,0,0.0,0.0,0,0,0,0,False,0,0.0,0.0,0.0
1790799241.792,6.4,67.9,0,0,0.0,0.0,0,0,0,0,False,0,0.0,0.0,0.0
1790799242.792,6.6,67.9,0,61436,0.0,2.0,0,0,0,0,False,0,0.0,0.0,0.0
1790799243.792,6.8,67.9,0,0,0.0,0.0,0,0,0,0,False,0,0.0,0.0,0.0
1790799244.792,6.7,67.9,0,0,0.0,0.0,0,0,0,0,False,0,0.0,0.0,0.0
1790799245.792,6.7,67.9,0,0,0.0,0.0,0,0,0,0,False,0,0.0,0.0,0.0
1790799246.792,6.8,67.9,0,0,0.0,0.0,0,0,0,0,False,0,0.0,0.0,0.0
1790799247.792,7.0,67.9,0,0,0.0,0.0,0,0,0,0,False,0,0.0,0.0,0.0
1790799248.792,9.9,68.4,0,368612,0.0,7.0,0,0,0,0,False,0,0.0,0.0,0.0
1790799249.792,8.9,68.6,0,0,0.0,0.0,0,0,0,0,False,0,0.0,0.0,0.0
1790799250.793,12.3,68.8,0,192496,0.0,13.0,0,0,0,0,False,0,0.0,0.0,0.0
1790799251.793,24.0,69.2,0,0,0.0,0.0,0,0,0,0,False,0,0.0,0.0,0.0
1790799252.793,41.8,69.4,0,0,0.0,0.0,0,0,0,0,False,0,0.0,0.0,0.0
1790799253.793,10.1,68.7,0,45053,0.0,2.0,0,0,0,0,False,0,0.0,0.0,0.0
1790799254.793,7.6,68.7,0,0,0.0,0.0,0,0,0,0,False,0,0.0,0.0,0.0
1790799255.793,7.4,68.7,0,200688,0.0,49.0,0,0,0,0,False,0,0.0,0.0,0.0
1790799256.793,6.5,68.7,0,585686,0.0,6.0,0,0,0,0,False,0,0.0,0.0,0.0
1790799257.793,6.4,68.7,0,0,0.0,0.0,0,0,0,0,False,0,0.0,0.0,0.0
1790799258.793,11.5,68.7,0,32766,0.0,1.0,0,0,0,0,False,0,0.0,0.0,0.0
1790799259.793,28.4,69.3,0,0,0.0,0.0,1,0,0,1,False,0,0.0,0.0,0.0
1790799260.793,10.9,68.6,0,45053,0.0,2.0,0,0,0,0,False,0,0.0,0.0,0.0
1790799261.793,6.3,68.6,0,249839,0.0,12.0,0,0,0,0,False,0,0.0,0.0,0.0
1790799262.793,7.6,68.6,0,0,0.0,0.0,0,0,0,0,False,0,0.0,0.0,0.0
1790799263.793,10.3,68.6,0,0,0.0,0.0,0,0,0,0,False,0,0.0,0.0,0.0
1790799264.794,22.8,69.2,0,2441008,0.0,24.0,0,0,0,0,False,0,0.0,0.0,0.0
1790799265.794,16.6,68.5,0,45052,0.0,2.0,0,0,0,0,False,0,0.0,0.0,0.0
1790799266.794,6.6,68.5,0,675777,0.0,12.0,0,0,0,0,False,0,0.0,0.0,0.0
1790799267.794,6.6,68.5,0,0,0.0,0.0,0,0,0,0,False,0,0.0,0.0,0.0
1790799268.794,6.9,68.5,0,1236905,0.0,10.0,0,0,0,0,False,0,0.0,0.0,0.0
1790799269.794,6.8,68.5,0,1032119,0.0,15.0,0,0,0,0,False,0,0.0,0.0,0.0
1790799270.794,6.8,68.5,0,0,0.0,0.0,0,0,0,0,False,0,0.0,0.0,0.0
1790799271.794,6.6,68.5,0,0,0.0,0.0,0,0,0,0,False,0,0.0,0.0,0.0
1790799272.794,7.2,68.5,0,0,0.0,0.0,0,0,0,0,False,0,0.0,0.0,0.0
1790799273.794,9.4,68.5,0,0,0.0,0.0,0,0,0,0,False,0,0.0,0.0,0.0
1790799274.794,7.1,68.4,0,32765,0.0,2.0,0,0,0,0,False,0,0.0,0.0,0.0
1790799275.794,8.2,68.5,0,0,0.0,0.0,0,0,0,0,False,0,0.0,0.0,0.0
1790799276.794,7.1,68.4,0,0,0.0,0.0,0,0,0,0,False,0,0.0,0.0,0.0
1790799277.795,6.8,68.6,0,0,0.0,0.0,0,0,0,0,False,0,0.0,0.0,0.0
1790799278.795,7.1,68.4,0,126970,0.0,16.0,0,0,0,0,False,0,0.0,0.0,0.0
1790799279.795,6.9,68.1,0,24574,0.0,5.0,0,0,0,0,False,0,0.0,0.0,0.0
1790799280.795,6.6,68.1,0,0,0.0,0.0,0,0,0,0,False,0,0.0,0.0,0.0
1790799281.795,7.1,68.1,0,0,0.0,0.0,0,0,0,0,False,0,0.0,0.0,0.0
1790799282.795,7.0,68.1,0,90106,0.0,2.0,0,0,0,0,False,0,0.0,0.0,0.0
1790799283.795,8.5,68.1,0,0,0.0,0.0,0,0,0,0,False,0,0.0,0.0,0.0
1790799284.795,7.7,68.1,0,1412998,0.0,13.0,0,0,0,0,False,0,0.0,0.0,0.0
1790799285.795,7.0,68.1,0,0,0.0,0.0,0,0,0,0,False,0,0.0,0.0,0.0
1790799286.795,6.6,68.0,0,0,0.0,0.0,0,0,0,0,False,0,0.0,0.0,0.0
1790799287.795,6.7,68.0,0,15756110,0.0,206.0,0,0,0,0,False,0,0.0,0.0,0.0
1790799288.795,6.4,68.0,0,0,0.0,0.0,0,0,0,0,False,0,0.0,0.0,0.0
1790799289.795,6.8,68.0,0,90106,0.0,2.0,0,0,0,0,False,0,0.0,0.0,0.0
1790799290.795,6.8,68.0,0,0,0.0,0.0,0,0,0,0,False,0,0.0,0.0,0.0
1790799291.796,6.9,68.0,0,0,0.0,0.0,0,0,0,0,False,0,0.0,0.0,0.0
1790799292.796,7.6,68.1,0,24575,0.0,1.0,0,0,0,0,False,0,0.0,0.0,0.0
1790799293.796,10.1,68.8,0,106488,0.0,3.0,0,0,0,0,False,0,0.0,0.0,0.0
1790799294.796,11.4,69.0,0,151539,0.0,14.0,0,0,0,0,False,0,0.0,0.0,0.0
1790799295.796,9.7,68.8,0,3141359,0.0,40.0,0,0,0,0,False,0,0.0,0.0,0.0
1790799296.796,8.0,68.8,0,0,0.0,0.0,0,0,0,0,False,0,0.0,0.0,0.0
1790799297.796,10.8,68.8,0,40957,0.0,2.0,0,0,0,0,False,0,0.0,0.0,0.0
1790799298.796,7.1,68.8,0,24574,0.0,4.0,0,0,0,0,False,0,0.0,0.0,0.0
1790799299.796,8.1,68.8,0,0,0.0,0.0,0,0,0,0,False,0,0.0,0.0,0.0
1790799300.796,7.1,68.8,0,204782,0.0,4.0,0,0,0,0,False,0,0.0,0.0,0.0
1790799301.796,6.7,68.8,0,0,0.0,0.0,0,0,0,0,False,0,0.0,0.0,0.0
1790799302.796,6.9,68.8,0,12287,0.0,3.0,0,0,0,0,False,0,0.0,0.0,0.0
1790799303.796,9.5,68.8,0,0,0.0,0.0,0,0,0,0,False,0,0.0,0.0,0.0
1790799304.797,8.0,68.7,0,1843062,0.0,26.0,0,0,0,0,False,0,0.0,0.0,0.0
1790799305.797,7.1,68.7,0,0,0.0,0.0,0,0,0,0,False,0,0.0,0.0,0.0
1790799306.797,6.7,68.7,0,0,0.0,0.0,0,0,0,0,False,0,0.0,0.0,0.0
1790799307.797,7.1,68.7,0,0,0.0,0.0,0,0,0,0,False,0,0.0,0.0,0.0
1790799308.797,6.7,68.7,0,0,0.0,0.0,0,0,0,0,False,0,0.0,0.0,0.0
1790799309.797,6.9,68.7,0,0,0.0,0.0,0,0,0,0,False,0,0.0,0.0,0.0
1790799310.797,7.1,68.7,0,24574,0.0,2.0,0,0,0,0,False,0,0.0,0.0,0.0
1790799311.797,7.1,68.7,0,0,0.0,0.0,0,0,0,0,False,0,0.0,0.0,0.0
1790799312.797,7.7,68.7,0,90105,0.0,1.0,0,0,0,0,False,0,0.0,0.0,0.0
1790799313.797,7.3,68.7,0,0,0.0,0.0,0,0,0,0,False,0,0.0,0.0,0.0
1790799314.797,7.0,68.6,0,0,0.0,0.0,0,0,0,0,False,0,0.0,0.0,0.0
1790799315.797,7.5,68.6,0,69627,0.0,2.0,0,0,0,0,False,0,0.0,0.0,0.0
1790799316.797,8.4,68.6,0,0,0.0,0.0,0,0,0,0,False,0,0.0,0.0,0.0
1790799317.797,7.4,68.6,0,1236900,0.0,10.0,0,0,0,0,False,0,0.0,0.0,0.0
1790799318.798,6.9,68.6,0,0,0.0,0.0,0,0,0,0,False,0,0.0,0.0,0.0
1790799319.798,6.9,68.7,0,0,0.0,0.0,0,0,0,0,False,0,0.0,0.0,0.0
1790799320.798,6.8,68.6,0,290794,0.0,58.0,0,0,0,0,False,0,0.0,0.0,0.0
1790799321.798,6.9,68.6,0,0,0.0,0.0,0,0,0,0,False,0,0.0,0.0,0.0
1790799322.798,7.2,68.7,0,0,0.0,0.0,0,0,0,0,False,0,0.0,0.0,0.0
1790799323.798,10.2,68.6,0,249838,0.0,25.0,0,0,0,0,False,0,0.0,0.0,0.0
1790799324.798,7.6,68.4,0,122871,0.0,18.0,0,0,0,0,False,0,0.0,0.0,0.0
1790799325.798,7.3,68.4,0,3686131,0.0,42.0,0,0,0,0,False,0,0.0,0.0,0.0
1790799326.798,7.1,68.4,0,0,0.0,0.0,0,0,0,0,False,0,0.0,0.0,0.0
1790799327.798,7.3,68.4,0,0,0.0,0.0,0,0,0,0,False,0,0.0,0.0,0.0
1790799328.798,6.8,68.4,0,16383,0.0,1.0,0,0,0,0,False,0,0.0,0.0,0.0
1790799329.798,7.2,68.4,0,77817,0.0,5.0,0,0,0,0,False,0,0.0,0.0,0.0
1790799330.798,7.2,68.4,0,0,0.0,0.0,0,0,0,0,False,0,0.0,0.0,0.0
1790799331.798,6.6,68.4,0,0,0.0,0.0,0,0,0,0,False,0,0.0,0.0,0.0
1790799332.799,7.1,68.4,0,8191,0.0,2.0,0,0,0,0,False,0,0.0,0.0,0.0
1790799333.799,7.6,68.4,0,4096,0.0,1.0,0,0,0,0,False,0,0.0,0.0,0.0
1790799334.799,6.9,68.4,0,0,0.0,0.0,0,0,0,0,False,0,0.0,0.0,0.0
1790799335.799,6.9,68.4,0,0,0.0,0.0,0,0,0,0,False,0,0.0,0.0,0.0
1790799336.799,9.8,68.4,0,12287,0.0,2.0,0,0,0,0,False,0,0.0,0.0,0.0
1790799337.799,6.4,68.4,0,0,0.0,0.0,0,0,0,0,False,0,0.0,0.0,0.0
1790799338.799,6.7,68.2,0,0,0.0,0.0,0,0,0,0,False,0,0.0,0.0,0.0
1790799339.799,6.4,68.2,0,1236897,0.0,10.0,0,0,0,0,False,0,0.0,0.0,0.0
1790799340.799,7.7,68.2,0,86010,0.0,3.0,0,0,0,0,False,0,0.0,0.0,0.0
1790799341.799,6.5,68.2,0,0,0.0,0.0,0,0,0,0,False,0,0.0,0.0,0.0
1790799342.799,6.8,68.2,0,0,0.0,0.0,0,0,0,0,False,0,0.0,0.0,0.0
1790799343.799,8.3,68.2,0,0,0.0,0.0,0,0,0,0,False,0,0.0,0.0,0.0
1790799344.799,7.3,68.2,0,0,0.0,0.0,0,0,0,0,False,0,0.0,0.0,0.0
1790799345.800,6.5,68.2,0,0,0.0,0.0,0,0,0,0,False,0,0.0,0.0,0.0
1790799346.800,6.1,68.2,0,24574,0.0,2.0,0,0,0,0,False,0,0.0,0.0,0.0
1790799347.800,6.7,68.2,0,0,0.0,0.0,0,0,0,0,False,0,0.0,0.0,0.0
1790799348.800,7.9,68.1,0,0,0.0,0.0,0,0,0,0,False,0,0.0,0.0,0.0
1790799349.800,7.0,67.9,0,0,0.0,0.0,0,0,0,0,False,0,0.0,0.0,0.0
1790799350.800,11.2,68.5,0,0,0.0,0.0,0,0,0,0,False,0,0.0,0.0,0.0
1790799351.800,8.6,68.6,0,192496,0.0,12.0,0,0,0,0,False,0,0.0,0.0,0.0
1790799352.800,6.7,68.6,0,0,0.0,0.0,0,0,0,0,False,0,0.0,0.0,0.0
1790799353.800,8.9,69.0,0,0,0.0,0.0,0,0,0,0,False,0,0.0,0.0,0.0
1790799354.800,6.7,69.0,0,176114,0.0,42.0,0,0,0,0,False,0,0.0,0.0,0.0
1790799355.800,6.8,69.0,0,131062,0.0,10.0,0,0,0,0,False,0,0.0,0.0,0.0
1790799356.800,7.6,69.0,0,2961198,0.0,31.0,0,0,0,0,False,0,0.0,0.0,0.0
1790799357.800,7.2,69.0,0,0,0.0,0.0,0,0,0,0,False,0,0.0,0.0,0.0
1790799358.801,6.8,68.9,0,0,0.0,0.0,0,0,0,0,False,0,0.0,0.0,0.0
1790799359.801,6.7,68.9,0,12287,0.0,2.0,0,0,0,0,False,0,0.0,0.0,0.0
1790799360.801,6.9,68.8,0,0,0.0,0.0,0,0,0,0,False,0,0.0,0.0,0.0
1790799361.801,6.7,68.8,0,24574,0.0,4.0,0,0,0,0,False,0,0.0,0.0,0.0
1790799362.801,6.6,68.8,0,16383,0.0,2.0,0,0,0,0,False,0,0.0,0.0,0.0
1790799363.801,7.2,68.8,0,0,0.0,0.0,0,0,0,0,False,0,0.0,0.0,0.0
1790799364.801,11.0,68.8,0,0,0.0,0.0,0,0,0,0,False,0,0.0,0.0,0.0
1790799365.801,7.5,68.7,0,0,0.0,0.0,0,0,0,0,False,0,0.0,0.0,0.0
1790799366.801,6.7,68.7,0,0,0.0,0.0,0,0,0,0,False,0,0.0,0.0,0.0
1790799367.801,9.5,68.6,0,0,0.0,0.0,0,0,0,0,False,0,0.0,0.0,0.0
1790799368.801,6.7,68.6,0,0,0.0,0.0,0,0,0,0,False,0,0.0,0.0,0.0
1790799369.801,7.0,68.6,0,0,0.0,0.0,0,0,0,0,False,0,0.0,0.0,0.0
1790799370.801,6.9,68.5,0,1236886,0.0,10.0,0,0,0,0,False,0,0.0,0.0,0.0
1790799371.801,6.4,68.5,0,806853,0.0,11.0,0,0,0,0,False,0,0.0,0.0,0.0
1790799372.802,7.1,68.5,0,53244,0.0,2.0,0,0,0,0,False,0,0.0,0.0,0.0
1790799373.802,7.1,68.5,0,0,0.0,0.0,0,0,0,0,False,0,0.0,0.0,0.0
1790799374.802,7.1,68.5,0,0,0.0,0.0,0,0,0,0,False,0,0.0,0.0,0.0
1790799375.802,6.7,68.5,0,0,0.0,0.0,0,0,0,0,False,0,0.0,0.0,0.0
1790799376.802,6.6,68.5,0,0,0.0,0.0,0,0,0,0,False,0,0.0,0.0,0.0
1790799377.802,6.7,68.5,0,0,0.0,0.0,0,0,0,0,False,0,0.0,0.0,0.0
1790799378.802,6.5,68.5,0,0,0.0,0.0,0,0,0,0,False,0,0.0,0.0,0.0
1790799379.802,6.6,68.4,0,0,0.0,0.0,0,0,0,0,False,0,0.0,0.0,0.0
1790799380.802,7.3,68.0,0,106488,0.0,10.0,0,0,0,0,False,0,0.0,0.0,0.0
1790799381.802,6.6,68.0,0,0,0.0,0.0,0,0,0,0,False,0,0.0,0.0,0.0
1790799382.802,9.2,68.0,0,1322913,0.0,13.0,0,0,0,0,False,0,0.0,0.0,0.0
1790799383.802,7.3,67.8,0,0,0.0,0.0,0,0,0,0,False,0,0.0,0.0,0.0
1790799384.802,6.9,67.8,0,0,0.0,0.0,0,0,0,0,False,0,0.0,0.0,0.0
1790799385.802,7.9,67.7,0,0,0.0,0.0,0,0,0,0,False,0,0.0,0.0,0.0
1790799386.803,7.3,67.7,0,139253,0.0,24.0,0,0,0,0,False,0,0.0,0.0,0.0
1790799387.803,6.8,67.7,0,2801526,0.0,30.0,0,0,0,0,False,0,0.0,0.0,0.0
1790799388.803,7.0,67.8,0,0,0.0,0.0,0,0,0,0,False,0,0.0,0.0,0.0
1790799389.803,6.7,67.7,0,438240,0.0,7.0,0,0,0,0,False,0,0.0,0.0,0.0
1790799390.803,6.7,67.7,0,0,0.0,0.0,0,0,0,0,False,0,0.0,0.0,0.0
1790799391.803,6.8,67.7,0,0,0.0,0.0,0,0,0,0,False,0,0.0,0.0,0.0
1790799392.803,6.6,67.7,0,212977,0.0,7.0,0,0,0,0,False,0,0.0,0.0,0.0
1790799393.803,8.1,67.7,0,0,0.0,0.0,0,0,0,0,False,0,0.0,0.0,0.0
1790799394.803,11.0,67.7,0,0,0.0,0.0,0,0,0,0,False,0,0.0,0.0,0.0
1790799395.803,7.1,67.7,0,0,0.0,0.0,0,0,0,0,False,0,0.0,0.0,0.0
1790799396.803,9.1,67.7,0,0,0.0,0.0,0,0,0,0,False,0,0.0,0.0,0.0
1790799397.803,6.9,67.7,0,0,0.0,0.0,0,0,0,0,False,0,0.0,0.0,0.0
1790799398.803,6.5,67.7,0,45053,0.0,2.0,0,0,0,0,False,0,0.0,0.0,0.0
1790799399.803,6.5,67.7,0,0,0.0,0.0,0,0,0,0,False,0,0.0,0.0,0.0
1790799400.804,6.8,67.7,0,0,0.0,0.0,0,0,0,0,False,0,0.0,0.0,0.0
1790799401.804,7.1,67.7,0,0,0.0,0.0,0,0,0,0,False,0,0.0,0.0,0.0
1790799402.804,8.3,67.7,0,4096,0.0,1.0,0,0,0,0,False,0,0.0,0.0,0.0
1790799403.804,7.1,67.7,0,0,0.0,0.0,0,0,0,0,False,0,0.0,0.0,0.0
1790799404.804,6.9,67.7,0,0,0.0,0.0,0,0,0,0,False,0,0.0,0.0,0.0
1790799405.804,6.9,67.8,0,0,0.0,0.0,0,0,0,0,False,0,0.0,0.0,0.0
1790799406.804,6.9,67.8,0,675792,0.0,10.0,0,0,0,0,False,0,0.0,0.0,0.0
1790799407.804,6.9,67.8,0,12287,0.0,2.0,0,0,0,0,False,0,0.0,0.0,0.0
1790799408.804,6.9,67.8,0,0,0.0,0.0,0,0,0,0,False,0,0.0,0.0,0.0
1790799409.804,6.9,67.8,0,86010,0.0,10.0,0,0,0,0,False,0,0.0,0.0,0.0
1790799410.804,8.3,67.8,0,0,0.0,0.0,0,0,0,0,False,0,0.0,0.0,0.0
1790799411.804,7.2,67.8,0,0,0.0,0.0,0,0,0,0,False,0,0.0,0.0,0.0
1790799412.804,7.0,67.8,0,0,0.0,0.0,0,0,0,0,False,0,0.0,0.0,0.0
1790799413.804,11.2,68.1,0,0,0.0,0.0,0,0,0,0,False,0,0.0,0.0,0.0
1790799414.805,7.0,68.1,0,0,0.0,0.0,0,0,0,0,False,0,0.0,0.0,0.0
1790799415.805,7.2,68.1,0,61437,0.0,2.0,0,0,0,0,False,0,0.0,0.0,0.0
1790799416.805,6.9,68.1,0,0,0.0,0.0,0,0,0,0,False,0,0.0,0.0,0.0
1790799417.805,7.1,68.1,0,167924,0.0,33.0,0,0,0,0,False,0,0.0,0.0,0.0
1790799418.805,8.2,68.1,0,0,0.0,0.0,0,0,0,0,False,0,0.0,0.0,0.0
1790799419.805,7.3,68.1,0,0,0.0,0.0,0,0,0,0,False,0,0.0,0.0,0.0
1790799420.805,8.7,68.1,0,12287,0.0,2.0,0,0,0,0,False,0,0.0,0.0,0.0
1790799421.805,6.7,68.1,0,0,0.0,0.0,0,0,0,0,False,0,0.0,0.0,0.0
1790799422.805,8.8,68.3,131063,61436,1.0,4.0,0,0,0,0,False,0,0.0,0.0,0.0
1790799423.805,27.9,68.9,0,2211678,0.0,21.0,0,0,0,0,False,0,0.0,0.0,0.0
1790799424.805,41.5,69.9,0,24574,0.0,4.0,1,1,0,1,False,0,0.0,0.0,0.0
1790799425.805,30.1,68.3,0,57340,0.0,3.0,0,0,0,0,False,0,0.0,0.0,0.0
1790799426.805,7.8,68.2,0,0,0.0,0.0,0,0,0,0,False,0,0.0,0.0,0.0
1790799427.805,7.9,68.3,0,0,0.0,0.0,0,0,0,0,False,0,0.0,0.0,0.0
1790799428.806,6.5,68.3,0,655312,0.0,6.0,0,0,0,0,False,0,0.0,0.0,0.0
1790799429.806,10.0,68.4,0,0,0.0,0.0,0,0,0,0,False,0,0.0,0.0,0.0
1790799430.806,6.9,68.4,0,0,0.0,0.0,0,0,0,0,False,0,0.0,0.0,0.0
1790799431.806,6.7,68.3,0,0,0.0,0.0,0,0,0,0,False,0,0.0,0.0,0.0
1790799432.806,10.2,68.3,0,0,0.0,0.0,0,0,0,0,False,0,0.0,0.0,0.0
1790799433.806,7.1,68.3,0,0,0.0,0.0,0,0,0,0,False,0,0.0,0.0,0.0
1790799434.806,7.5,68.3,0,20478,0.0,2.0,0,0,0,0,False,0,0.0,0.0,0.0
1790799435.806,7.6,68.2,0,0,0.0,0.0,0,0,0,0,False,0,0.0,0.0,0.0
1790799436.806,6.6,68.2,0,0,0.0,0.0,0,0,0,0,False,0,0.0,0.0,0.0
1790799437.806,6.6,68.2,0,0,0.0,0.0,0,0,0,0,False,0,0.0,0.0,0.0
1790799438.806,6.6,68.2,0,0,0.0,0.0,0,0,0,0,False,0,0.0,0.0,0.0
1790799439.806,6.7,68.2,0,0,0.0,0.0,0,0,0,0,False,0,0.0,0.0,0.0
1790799440.806,6.6,68.2,0,0,0.0,0.0,0,0,0,0,False,0,0.0,0.0,0.0
1790799441.806,6.6,68.2,0,675792,0.0,10.0,0,0,0,0,False,0,0.0,0.0,0.0
1790799442.807,7.1,68.2,0,0,0.0,0.0,0,0,0,0,False,0,0.0,0.0,0.0
1790799443.807,8.8,68.1,0,86010,0.0,10.0,0,0,0,0,False,0,0.0,0.0,0.0
1790799444.807,6.8,68.1,0,0,0.0,0.0,0,0,0,0,False,0,0.0,0.0,0.0
1790799445.807,9.3,68.3,0,0,0.0,0.0,0,0,0,0,False,0,0.0,0.0,0.0
1790799446.807,23.1,68.9,0,32765,0.0,1.0,0,0,0,0,False,0,0.0,0.0,0.0
1790799447.807,23.1,68.4,0,45052,0.0,2.0,0,0,0,0,False,0,0.0,0.0,0.0
1790799448.807,6.8,68.3,0,589779,0.0,7.0,0,0,0,0,False,0,0.0,0.0,0.0
1790799449.807,6.5,68.3,0,0,0.0,0.0,0,0,0,0,False,0,0.0,0.0,0.0
1790799450.807,9.4,68.2,0,0,0.0,0.0,0,0,0,0,False,0,0.0,0.0,0.0
1790799451.807,8.0,68.2,0,14941086,0.0,126.0,0,0,0,0,False,0,0.0,0.0,0.0
1790799452.807,6.8,68.2,0,172020,0.0,10.0,0,0,0,0,False,0,0.0,0.0,0.0
1790799453.807,7.1,68.2,0,3358481,0.0,105.0,0,0,0,0,False,0,0.0,0.0,0.0
1790799454.807,6.6,68.2,0,0,0.0,0.0,0,0,0,0,False,0,0.0,0.0,0.0
1790799455.808,13.1,68.3,0,950205,0.0,14.0,0,0,0,0,False,0,0.0,0.0,0.0
1790799456.808,25.0,68.8,0,36656578,0.0,282.0,1,0,0,1,False,0,0.0,0.0,0.0
1790799457.808,28.4,68.8,0,405472,0.0,5.0,1,1,0,1,False,0,0.0,0.0,0.0
1790799458.808,19.6,68.7,0,0,0.0,0.0,1,1,0,1,False,0,0.0,0.0,0.0
1790799459.808,22.5,68.8,0,32765,0.0,1.0,1,1,0,1,False,0,0.0,0.0,0.0
1790799460.808,39.2,69.1,0,32765,0.0,1.0,1,1,0,1,False,0,0.0,0.0,0.0
1790799461.808,48.4,69.5,0,32765,0.0,1.0,3,2,0,3,False,0,0.0,0.0,0.0
1790799462.808,55.3,69.2,0,626639,0.0,8.0,1,1,0,1,False,0,0.0,0.0,0.0
1790799463.808,45.5,69.5,0,4096,0.0,1.0,3,2,0,3,False,0,0.0,0.0,0.0
1790799464.808,37.9,68.1,0,61435,0.0,3.0,0,0,0,0,False,0,0.0,0.0,0.0
1790799465.808,14.2,68.4,0,32766,0.0,1.0,0,0,0,0,False,0,0.0,0.0,0.0
1790799466.808,25.8,68.9,0,0,0.0,0.0,2,0,0,2,False,0,0.0,0.0,0.0
1790799467.809,16.7,68.4,0,49148,0.0,2.0,0,0,0,0,False,0,0.0,0.0,0.0
1790799468.809,7.6,68.4,0,614354,0.0,6.0,0,0,0,0,False,0,0.0,0.0,0.0
1790799469.809,7.5,68.4,0,0,0.0,0.0,0,0,0,0,False,0,0.0,0.0,0.0
1790799470.809,22.0,68.8,0,32765,0.0,1.0,0,0,0,0,False,0,0.0,0.0,0.0
1790799471.809,18.7,68.5,0,49148,0.0,2.0,0,0,0,0,False,0,0.0,0.0,0.0
1790799472.809,6.6,68.5,0,0,0.0,0.0,0,0,0,0,False,0,0.0,0.0,0.0
1790799473.809,11.3,68.8,0,0,0.0,0.0,0,0,0,0,False,0,0.0,0.0,0.0
1790799474.809,6.8,68.7,0,0,0.0,0.0,0,0,0,0,False,0,0.0,0.0,0.0
1790799475.809,6.7,68.7,0,184305,0.0,3.0,0,0,0,0,False,0,0.0,0.0,0.0
1790799476.809,13.6,68.8,0,32765,0.0,1.0,0,0,0,0,False,0,0.0,0.0,0.0
1790799477.809,24.6,69.1,0,0,0.0,0.0,0,0,0,0,False,0,0.0,0.0,0.0
1790799478.809,11.4,68.2,0,274412,0.0,14.0,0,0,0,0,False,0,0.0,0.0,0.0
1790799479.809,6.6,68.2,0,0,0.0,0.0,0,0,0,0,False,0,0.0,0.0,0.0
1790799480.810,7.0,68.2,0,0,0.0,0.0,0,0,0,0,False,0,0.0,0.0,0.0
1790799481.810,6.8,68.2,0,16383,0.0,1.0,0,0,0,0,False,0,0.0,0.0,0.0
1790799482.810,6.8,68.2,0,0,0.0,0.0,0,0,0,0,False,0,0.0,0.0,0.0
1790799483.810,8.8,68.2,0,0,0.0,0.0,0,0,0,0,False,0,0.0,0.0,0.0
1790799484.810,8.3,68.2,0,2109288,0.0,19.0,0,0,0,0,False,0,0.0,0.0,0.0
1790799485.810,7.2,68.2,0,0,0.0,0.0,0,0,0,0,False,0,0.0,0.0,0.0
1790799486.810,10.2,68.2,0,274412,0.0,6.0,0,0,0,0,False,0,0.0,0.0,0.0
1790799487.810,32.6,69.4,0,1843058,0.0,24.0,0,0,0,0,False,0,0.0,0.0,0.0
1790799488.810,60.8,70.0,0,716735,0.0,78.0,0,0,0,0,False,0,0.0,0.0,0.0
1790799489.811,64.6,70.8,0,0,0.0,0.0,3,1,0,3,False,0,0.0,0.0,0.0
1790799490.811,57.0,70.2,0,16383,0.0,1.0,4,3,0,4,False,0,0.0,0.0,0.0
1790799491.811,36.5,69.7,0,741061,0.0,9.0,1,0,0,1,False,0,0.0,0.0,0.0
1790799492.811,56.8,68.8,0,32892325,0.0,266.0,0,0,0,0,False,0,0.0,0.0,0.0
1790799493.811,24.5,69.5,0,0,0.0,0.0,0,0,0,0,False,0,0.0,0.0,0.0
1790799494.811,41.8,69.5,0,32766,0.0,1.0,2,2,0,2,False,0,0.0,0.0,0.0
1790799495.811,38.4,69.9,0,32766,0.0,1.0,1,1,0,1,False,0,0.0,0.0,0.0
1790799496.811,71.0,69.4,0,659406,0.0,7.0,0,0,0,0,False,0,0.0,0.0,0.0
1790799497.812,21.4,68.9,0,77818,0.0,3.0,0,0,0,0,False,0,0.0,0.0,0.0
1790799498.812,25.5,69.5,0,0,0.0,0.0,0,0,0,0,False,0,0.0,0.0,0.0
1790799499.812,32.8,69.4,0,0,0.0,0.0,1,1,0,1,False,0,0.0,0.0,0.0
1790799500.812,21.9,68.8,0,45053,0.0,2.0,0,0,0,0,False,0,0.0,0.0,0.0
1790799501.812,9.6,68.8,0,0,0.0,0.0,0,0,0,0,False,0,0.0,0.0,0.0
1790799502.812,11.7,69.2,0,688078,0.0,9.0,0,0,0,0,False,0,0.0,0.0,0.0
1790799503.812,9.8,69.4,0,172019,0.0,11.0,0,0,0,0,False,0,0.0,0.0,0.0
1790799504.812,20.7,69.5,0,65531,0.0,4.0,0,0,0,0,False,0,0.0,0.0,0.0
1790799505.812,27.2,69.7,0,0,0.0,0.0,1,0,0,1,False,0,0.0,0.0,0.0
1790799506.812,25.3,69.7,0,0,0.0,0.0,1,1,0,1,False,0,0.0,0.0,0.0
1790799507.812,20.4,69.6,0,0,0.0,0.0,1,1,0,1,False,0,0.0,0.0,0.0
1790799508.812,20.6,69.6,0,0,0.0,0.0,1,1,0,1,False,0,0.0,0.0,0.0
1790799509.812,17.5,69.6,0,212977,0.0,3.0,1,1,0,1,False,0,0.0,0.0,0.0
1790799510.813,28.0,69.8,0,98297,0.0,3.0,1,1,0,1,False,0,0.0,0.0,0.0
1790799511.813,52.8,70.7,0,32766,0.0,1.0,1,1,0,1,False,0,0.0,0.0,0.0
1790799512.813,46.3,70.4,0,12287,0.0,1.0,2,0,0,2,False,0,0.0,0.0,0.0
1790799513.813,38.5,69.7,0,12287,0.0,1.0,1,1,0,1,False,0,0.0,0.0,0.0
1790799514.813,17.8,69.6,0,298986,0.0,5.0,1,1,0,1,False,0,0.0,0.0,0.0
1790799515.813,17.5,69.6,0,2948890,0.0,29.0,1,1,0,1,False,0,0.0,0.0,0.0
1790799516.813,20.1,69.6,0,0,0.0,0.0,1,1,0,1,False,0,0.0,0.0,0.0
1790799517.813,22.8,69.5,0,2514750,0.0,25.0,1,1,0,1,False,0,0.0,0.0,0.0
1790799518.813,20.9,69.5,0,0,0.0,0.0,1,1,0,1,False,0,0.0,0.0,0.0
1790799519.813,14.1,68.7,0,45052,0.0,2.0,0,0,0,0,False,0,0.0,0.0,0.0
1790799520.813,6.9,68.7,0,204784,0.0,4.0,0,0,0,0,False,0,0.0,0.0,0.0
1790799521.813,8.0,68.7,0,0,0.0,0.0,0,0,0,0,False,0,0.0,0.0,0.0
1790799522.813,7.5,68.6,0,1089457,0.0,103.0,0,0,0,0,False,0,0.0,0.0,0.0
1790799523.814,7.4,68.6,0,0,0.0,0.0,0,0,0,0,False,0,0.0,0.0,0.0
1790799524.814,7.0,68.6,0,0,0.0,0.0,0,0,0,0,False,0,0.0,0.0,0.0
1790799525.814,20.5,69.1,0,32766,0.0,1.0,0,0,0,0,False,0,0.0,0.0,0.0
1790799526.814,32.5,69.3,0,0,0.0,0.0,3,2,0,3,False,0,0.0,0.0,0.0
1790799527.814,31.1,69.7,0,655302,0.0,8.0,1,1,0,1,False,0,0.0,0.0,0.0
1790799528.814,68.7,70.2,0,0,0.0,0.0,1,15,0,1,False,0,0.0,0.0,0.0
1790799529.814,34.0,69.8,0,77818,0.0,3.0,0,0,0,0,False,0,0.0,0.0,0.0
1790799530.814,24.4,69.7,0,12287,0.0,1.0,0,0,0,0,False,0,0.0,0.0,0.0
1790799531.814,44.1,69.7,0,0,0.0,0.0,2,2,0,2,False,0,0.0,0.0,0.0
1790799532.814,22.2,69.4,0,991159,0.0,32.0,1,1,0,1,False,0,0.0,0.0,0.0
1790799533.814,76.5,69.7,0,34088643,0.0,322.0,0,0,0,0,False,0,0.0,0.0,0.0
1790799534.814,38.8,69.9,0,77818,0.0,3.0,0,0,0,0,False,0,0.0,0.0,0.0
1790799535.815,48.4,70.2,0,1392519,0.0,16.0,2,2,0,2,False,0,0.0,0.0,0.0
1790799536.815,43.9,69.6,0,45052,0.0,2.0,1,1,0,1,False,0,0.0,0.0,0.0
1790799537.815,23.0,69.5,0,712652,0.0,7.0,1,1,0,1,False,0,0.0,0.0,0.0
1790799538.815,20.0,69.5,0,0,0.0,0.0,1,1,0,1,False,0,0.0,0.0,0.0
1790799539.815,20.2,69.5,0,0,0.0,0.0,1,1,0,1,False,0,0.0,0.0,0.0
1790799540.815,23.3,69.6,0,0,0.0,0.0,1,1,0,1,False,0,0.0,0.0,0.0
1790799541.815,41.7,70.1,0,131062,0.0,4.0,1,1,0,1,False,0,0.0,0.0,0.0
1790799542.815,63.9,70.6,0,245740,0.0,5.0,1,0,0,1,False,0,0.0,0.0,0.0
1790799543.815,57.3,70.3,0,12287,0.0,1.0,1,0,0,1,False,0,0.0,0.0,0.0
1790799544.815,54.3,69.6,0,45052,0.0,2.0,1,1,0,1,False,0,0.0,0.0,0.0
1790799545.815,32.5,70.0,0,2699019,0.0,29.0,1,1,0,1,False,0,0.0,0.0,0.0
1790799546.815,38.9,70.3,0,0,0.0,0.0,2,1,0,2,False,0,0.0,0.0,0.0
1790799547.816,26.6,69.5,0,339938,0.0,6.0,1,1,0,1,False,0,0.0,0.0,0.0
1790799548.816,24.3,70.0,0,2203491,0.0,26.0,1,1,0,1,False,0,0.0,0.0,0.0
1790799549.816,23.5,70.0,0,0,0.0,0.0,1,1,0,1,False,0,0.0,0.0,0.0
1790799550.816,25.0,69.2,0,212975,0.0,14.0,0,0,0,0,False,0,0.0,0.0,0.0
1790799551.816,24.2,69.9,0,0,0.0,0.0,0,0,0,0,False,0,0.0,0.0,0.0
1790799552.816,20.2,69.2,0,45052,0.0,2.0,0,0,0,0,False,0,0.0,0.0,0.0
1790799553.816,11.3,69.3,0,0,0.0,0.0,0,0,0,0,False,0,0.0,0.0,0.0
1790799554.816,23.6,69.8,0,32765,0.0,1.0,0,0,0,0,False,0,0.0,0.0,0.0
1790799555.816,17.9,69.1,0,671693,0.0,8.0,0,0,0,0,False,0,0.0,0.0,0.0
1790799556.816,6.9,69.1,0,0,0.0,0.0,0,0,0,0,False,0,0.0,0.0,0.0
1790799557.816,9.9,69.1,0,0,0.0,0.0,0,0,0,0,False,0,0.0,0.0,0.0
1790799558.816,14.2,58.0,0,704461,0.0,103.0,0,0,0,0,False,0,0.0,0.0,0.0
1790799559.817,7.0,57.9,0,0,0.0,0.0,0,0,0,0,False,0,0.0,0.0,0.0
1790799560.817,6.7,57.9,0,0,0.0,0.0,0,0,0,0,False,0,0.0,0.0,0.0
1790799561.817,8.3,57.8,0,294891,0.0,4.0,0,0,0,0,False,0,0.0,0.0,0.0
1790799562.817,7.3,57.8,0,81914,0.0,10.0,0,0,0,0,False,0,0.0,0.0,0.0
1790799563.817,21.8,58.2,0,298986,0.0,5.0,0,0,0,0,False,0,0.0,0.0,0.0
1790799564.817,40.6,58.7,0,65530,0.0,2.0,2,1,0,2,False,0,0.0,0.0,0.0
1790799565.817,42.2,58.5,0,12287,0.0,1.0,0,0,0,0,False,0,0.0,0.0,0.0
1790799566.817,50.8,59.1,0,0,0.0,0.0,2,2,0,2,False,0,0.0,0.0,0.0
1790799567.817,26.6,59.3,0,0,0.0,0.0,1,1,0,1,False,0,0.0,0.0,0.0
1790799568.817,71.1,63.5,0,20867080,0.0,170.0,1,8,0,1,False,0,0.0,0.0,0.0
1790799569.817,10.6,63.7,0,12287,0.0,1.0,0,0,0,0,False,0,0.0,0.0,0.0
1790799570.817,7.3,63.6,0,0,0.0,0.0,0,0,0,0,False,0,0.0,0.0,0.0
1790799571.817,7.0,63.6,0,0,0.0,0.0,0,0,0,0,False,0,0.0,0.0,0.0
1790799572.818,6.8,63.5,0,0,0.0,0.0,0,0,0,0,False,0,0.0,0.0,0.0
1790799573.818,7.0,63.4,0,548827,0.0,6.0,0,0,0,0,False,0,0.0,0.0,0.0
1790799574.818,20.3,63.7,0,13806566,0.0,107.0,0,0,0,0,False,0,0.0,0.0,0.0
1790799575.818,32.0,64.3,0,0,0.0,0.0,1,0,0,1,False,0,0.0,0.0,0.0
1790799576.818,23.9,63.5,0,3026700,0.0,32.0,0,0,0,0,False,0,0.0,0.0,0.0
1790799577.818,27.1,64.2,0,0,0.0,0.0,1,0,0,1,False,0,0.0,0.0,0.0
1790799578.818,22.8,63.6,0,438238,0.0,21.0,0,0,0,0,False,0,0.0,0.0,0.0
1790799579.818,6.8,63.4,0,1806209,0.0,21.0,0,0,0,0,False,0,0.0,0.0,0.0
1790799580.818,13.6,63.5,0,32765,0.0,1.0,0,0,0,0,False,0,0.0,0.0,0.0
1790799581.818,29.0,64.0,0,1372051,0.0,17.0,1,0,0,1,False,0,0.0,0.0,0.0
1790799582.818,38.3,63.8,0,307176,0.0,7.0,0,0,0,0,False,0,0.0,0.0,0.0
1790799583.818,34.7,64.0,0,4096,0.0,1.0,0,0,0,0,False,0,0.0,0.0,0.0
1790799584.818,9.0,63.3,0,49148,0.0,2.0,0,0,0,0,False,0,0.0,0.0,0.0
1790799585.819,8.0,63.3,0,0,0.0,0.0,0,0,0,0,False,0,0.0,0.0,0.0
1790799586.819,6.8,63.2,0,0,0.0,0.0,0,0,0,0,False,0,0.0,0.0,0.0
1790799587.819,10.0,63.1,0,0,0.0,0.0,0,0,0,0,False,0,0.0,0.0,0.0
1790799588.819,7.1,63.0,0,212977,0.0,3.0,0,0,0,0,False,0,0.0,0.0,0.0
1790799589.819,6.8,63.0,0,0,0.0,0.0,0,0,0,0,False,0,0.0,0.0,0.0
1790799590.819,6.9,63.0,0,0,0.0,0.0,0,0,0,0,False,0,0.0,0.0,0.0
1790799591.819,6.6,62.9,0,0,0.0,0.0,0,0,0,0,False,0,0.0,0.0,0.0
1790799592.819,8.6,62.9,0,765897,0.0,90.0,0,0,0,0,False,0,0.0,0.0,0.0
1790799593.819,13.3,63.3,0,0,0.0,0.0,0,0,0,0,False,0,0.0,0.0,0.0
1790799594.819,11.4,63.9,0,237550,0.0,8.0,0,0,0,0,False,0,0.0,0.0,0.0
1790799595.819,8.8,63.9,0,0,0.0,0.0,0,0,0,0,False,0,0.0,0.0,0.0
1790799596.819,8.8,64.0,0,176115,0.0,12.0,0,0,0,0,False,0,0.0,0.0,0.0
1790799597.819,7.0,64.0,0,0,0.0,0.0,0,0,0,0,False,0,0.0,0.0,0.0
1790799598.819,7.7,64.0,0,0,0.0,0.0,0,0,0,0,False,0,0.0,0.0,0.0
1790799599.820,22.1,64.3,0,131063,0.0,3.0,0,0,0,0,False,0,0.0,0.0,0.0
1790799600.820,36.8,64.6,0,0,0.0,0.0,1,0,0,1,False,0,0.0,0.0,0.0
1790799601.820,12.3,64.1,0,450524,0.0,9.0,0,0,0,0,False,0,0.0,0.0,0.0
1790799602.820,6.7,64.0,0,12287,0.0,3.0,0,0,0,0,False,0,0.0,0.0,0.0
1790799603.820,9.6,64.0,0,126967,0.0,10.0,0,0,0,0,False,0,0.0,0.0,0.0
1790799604.820,7.3,64.0,0,0,0.0,0.0,0,0,0,0,False,0,0.0,0.0,0.0
1790799605.820,8.2,63.9,0,0,0.0,0.0,0,0,0,0,False,0,0.0,0.0,0.0
1790799606.820,7.5,63.9,0,0,0.0,0.0,0,0,0,0,False,0,0.0,0.0,0.0
1790799607.820,7.1,63.8,0,2965285,0.0,28.0,0,0,0,0,False,0,0.0,0.0,0.0
1790799608.820,10.8,64.0,0,32766,0.0,1.0,0,0,0,0,False,0,0.0,0.0,0.0
1790799609.820,25.1,64.6,0,57340,0.0,2.0,0,0,0,0,False,0,0.0,0.0,0.0
1790799610.820,36.5,64.0,0,565206,0.0,15.0,0,0,0,0,False,0,0.0,0.0,0.0
1790799611.820,8.3,64.0,0,0,0.0,0.0,0,0,0,0,False,0,0.0,0.0,0.0
1790799612.820,8.5,63.9,0,372709,0.0,13.0,0,0,0,0,False,0,0.0,0.0,0.0
1790799613.821,8.9,63.9,0,0,0.0,0.0,0,0,0,0,False,0,0.0,0.0,0.0
1790799614.821,8.0,63.9,0,0,0.0,0.0,0,0,0,0,False,0,0.0,0.0,0.0
1790799615.821,18.1,64.2,0,32766,0.0,1.0,0,0,0,0,False,0,0.0,0.0,0.0
1790799616.821,33.6,64.4,0,0,0.0,0.0,1,0,0,1,False,0,0.0,0.0,0.0
1790799617.821,21.4,64.0,0,1286047,0.0,12.0,0,0,0,0,False,0,0.0,0.0,0.0
1790799618.821,7.1,64.0,0,245742,0.0,3.0,0,0,0,0,False,0,0.0,0.0,0.0
1790799619.821,6.6,64.0,0,0,0.0,0.0,0,0,0,0,False,0,0.0,0.0,0.0
1790799620.821,7.3,63.9,0,4096,0.0,1.0,0,0,0,0,False,0,0.0,0.0,0.0
1790799621.821,21.9,64.4,0,32766,0.0,1.0,0,0,0,0,False,0,0.0,0.0,0.0
1790799622.821,33.0,64.6,0,12287,0.0,2.0,1,0,0,1,False,0,0.0,0.0,0.0
1790799623.821,18.0,63.8,0,49148,0.0,2.0,0,0,0,0,False,0,0.0,0.0,0.0
1790799624.821,8.9,63.7,0,466910,0.0,35.0,0,0,0,0,False,0,0.0,0.0,0.0
1790799625.821,11.5,63.5,0,2805556,0.0,136.0,0,0,0,0,False,0,0.0,0.0,0.0
1790799626.822,29.2,64.3,0,65531,0.0,2.0,0,0,0,0,False,0,0.0,0.0,0.0
1790799627.822,60.6,65.4,0,1339028,0.0,17.0,1,0,0,1,False,0,0.0,0.0,0.0
1790799628.822,42.1,65.0,0,16383,0.0,1.0,2,1,0,2,False,0,0.0,0.0,0.0
1790799629.822,22.1,64.2,0,49148,0.0,2.0,0,0,0,0,False,0,0.0,0.0,0.0
1790799630.822,8.1,64.2,0,868286,0.0,10.0,0,0,0,0,False,0,0.0,0.0,0.0
1790799631.822,6.7,64.2,0,0,0.0,0.0,0,0,0,0,False,0,0.0,0.0,0.0
1790799632.822,6.5,64.1,0,0,0.0,0.0,0,0,0,0,False,0,0.0,0.0,0.0
1790799633.822,9.5,64.1,0,0,0.0,0.0,0,0,0,0,False,0,0.0,0.0,0.0
1790799634.822,6.3,64.0,0,12287,0.0,3.0,0,0,0,0,False,0,0.0,0.0,0.0
1790799635.822,11.0,64.0,0,81914,0.0,3.0,0,0,0,0,False,0,0.0,0.0,0.0
1790799636.822,25.1,64.8,0,0,0.0,0.0,0,0,0,0,False,0,0.0,0.0,0.0
1790799637.823,45.8,64.8,0,16383,0.0,1.0,0,0,0,0,False,0,0.0,0.0,0.0
1790799638.823,8.1,64.0,0,2559799,0.0,27.0,0,0,0,0,False,0,0.0,0.0,0.0
1790799639.823,22.4,64.3,0,1269666,0.0,11.0,0,0,0,0,False,0,0.0,0.0,0.0
1790799640.823,35.4,65.4,0,1220480,0.0,19.0,1,0,0,1,False,0,0.0,0.0,0.0
1790799641.823,47.1,66.0,0,0,0.0,0.0,1,1,0,1,False,0,0.0,0.0,0.0
1790799642.823,66.6,66.3,0,1671020,0.0,21.0,4,3,0,4,False,0,0.0,0.0,0.0
1790799643.823,70.1,66.9,0,0,0.0,0.0,3,3,0,3,False,0,0.0,0.0,0.0
1790799644.823,59.2,67.0,0,0,0.0,0.0,3,2,0,3,False,0,0.0,0.0,0.0
1790799645.823,76.7,66.3,0,19761264,0.0,164.0,2,17,0,2,False,0,0.0,0.0,0.0
1790799646.824,39.6,65.6,0,12287,0.0,1.0,1,1,0,1,False,0,0.0,0.0,0.0
1790799647.824,26.3,65.3,0,0,0.0,0.0,1,1,0,1,False,0,0.0,0.0,0.0
1790799648.824,20.5,65.2,0,0,0.0,0.0,1,0,0,1,False,0,0.0,0.0,0.0
1790799649.824,11.2,64.2,0,16383,0.0,1.0,0,0,0,0,False,0,0.0,0.0,0.0
1790799650.824,11.2,64.6,0,0,0.0,0.0,0,0,0,0,False,0,0.0,0.0,0.0
1790799651.824,8.7,64.8,0,442335,0.0,16.0,0,0,0,0,False,0,0.0,0.0,0.0
1790799652.824,6.8,64.8,0,0,0.0,0.0,0,0,0,0,False,0,0.0,0.0,0.0
1790799653.824,10.7,65.0,0,0,0.0,0.0,0,0,0,0,False,0,0.0,0.0,0.0
1790799654.824,7.0,64.9,0,0,0.0,0.0,0,0,0,0,False,0,0.0,0.0,0.0
1790799655.824,9.1,64.9,0,147446,0.0,10.0,0,0,0,0,False,0,0.0,0.0,0.0
1790799656.824,23.4,65.5,0,32765,0.0,1.0,0,0,0,0,False,0,0.0,0.0,0.0
1790799657.829,44.2,65.8,0,32627,0.0,1.0,1,0,0,1,False,0,0.0,0.0,0.0
1790799658.829,32.4,65.4,0,49148,0.0,2.0,0,0,0,0,False,0,0.0,0.0,0.0
1790799659.829,32.8,65.6,0,0,0.0,0.0,1,0,0,1,False,0,0.0,0.0,0.0
1790799660.829,25.8,65.6,0,12287,0.0,3.0,1,1,0,1,False,0,0.0,0.0,0.0
1790799661.829,19.8,65.6,0,831423,0.0,59.0,1,1,0,1,False,0,0.0,0.0,0.0
1790799662.829,20.0,65.7,0,0,0.0,0.0,1,1,0,1,False,0,0.0,0.0,0.0
1790799663.829,26.0,65.8,0,65531,0.0,2.0,1,1,0,1,False,0,0.0,0.0,0.0
1790799664.829,39.4,66.5,0,0,0.0,0.0,1,1,0,1,False,0,0.0,0.0,0.0
1790799665.829,49.0,66.5,0,0,0.0,0.0,2,3,0,2,False,0,0.0,0.0,0.0
1790799666.829,37.1,65.1,0,651215,0.0,9.0,0,0,0,0,False,0,0.0,0.0,0.0
1790799667.829,6.9,65.1,0,0,0.0,0.0,0,0,0,0,False,0,0.0,0.0,0.0
1790799668.829,7.2,65.2,0,2957093,0.0,30.0,0,0,0,0,False,0,0.0,0.0,0.0
1790799669.830,6.9,65.1,0,0,0.0,0.0,0,0,0,0,False,0,0.0,0.0,0.0
1790799670.830,7.2,65.2,0,1236909,0.0,10.0,0,0,0,0,False,0,0.0,0.0,0.0
1790799671.830,7.3,65.1,0,0,0.0,0.0,0,0,0,0,False,0,0.0,0.0,0.0
1790799672.830,10.2,65.0,0,1793910,0.0,22.0,0,0,0,0,False,0,0.0,0.0,0.0
1790799673.830,38.0,66.1,0,98295,0.0,3.0,0,0,0,0,False,0,0.0,0.0,0.0
1790799674.830,54.7,66.5,0,0,0.0,0.0,2,0,0,2,False,0,0.0,0.0,0.0
1790799675.830,28.6,65.0,0,65530,0.0,3.0,0,0,0,0,False,0,0.0,0.0,0.0
1790799676.830,6.9,65.0,0,212977,0.0,3.0,0,0,0,0,False,0,0.0,0.0,0.0
1790799677.830,6.7,65.1,0,0,0.0,0.0,0,0,0,0,False,0,0.0,0.0,0.0
1790799678.830,6.9,65.0,0,270317,0.0,4.0,0,0,0,0,False,0,0.0,0.0,0.0
1790799679.830,19.9,65.5,0,32766,0.0,1.0,0,0,0,0,False,0,0.0,0.0,0.0
1790799680.830,32.0,65.6,0,114675,0.0,10.0,1,0,0,1,False,0,0.0,0.0,0.0
1790799681.831,20.0,64.9,0,49148,0.0,2.0,0,0,0,0,False,0,0.0,0.0,0.0
1790799682.831,6.8,64.9,0,0,0.0,0.0,0,0,0,0,False,0,0.0,0.0,0.0
1790799683.831,8.8,64.8,0,0,0.0,0.0,0,0,0,0,False,0,0.0,0.0,0.0
1790799684.831,13.9,65.4,4096,1634176,1.0,19.0,0,0,0,0,False,0,0.0,0.0,0.0
1790799685.831,11.5,65.5,2097002,24041795,21.0,232.0,0,0,0,0,False,0,0.0,0.0,0.0
1790799686.831,8.1,65.4,0,0,0.0,0.0,0,0,0,0,False,0,0.0,0.0,0.0
1790799687.831,6.9,65.4,0,0,0.0,0.0,0,0,0,0,False,0,0.0,0.0,0.0
1790799688.831,6.8,65.3,0,0,0.0,0.0,0,0,0,0,False,0,0.0,0.0,0.0
1790799689.831,7.8,65.3,0,401378,0.0,5.0,0,0,0,0,False,0,0.0,0.0,0.0
1790799690.831,8.2,65.3,0,0,0.0,0.0,0,0,0,0,False,0,0.0,0.0,0.0
1790799691.831,8.3,65.2,0,0,0.0,0.0,0,0,0,0,False,0,0.0,0.0,0.0
1790799692.831,7.4,65.2,0,966577,0.0,135.0,0,0,0,0,False,0,0.0,0.0,0.0
1790799693.831,9.8,65.2,0,0,0.0,0.0,0,0,0,0,False,0,0.0,0.0,0.0
1790799694.831,13.8,65.2,0,110584,0.0,3.0,0,0,0,0,False,0,0.0,0.0,0.0
1790799695.832,28.0,65.7,0,0,0.0,0.0,0,0,0,0,False,0,0.0,0.0,0.0
1790799696.832,27.4,65.1,0,49150,0.0,2.0,0,0,0,0,False,0,0.0,0.0,0.0
1790799697.832,7.0,65.1,0,0,0.0,0.0,0,0,0,0,False,0,0.0,0.0,0.0
1790799698.832,7.1,65.0,0,0,0.0,0.0,0,0,0,0,False,0,0.0,0.0,0.0
1790799699.832,7.2,65.0,0,3125027,0.0,33.0,0,0,0,0,False,0,0.0,0.0,0.0
1790799700.832,7.5,65.0,0,0,0.0,0.0,0,0,0,0,False,0,0.0,0.0,0.0
1790799701.832,9.7,65.1,0,0,0.0,0.0,0,0,0,0,False,0,0.0,0.0,0.0
1790799702.832,25.6,65.6,0,32765,0.0,1.0,0,0,0,0,False,0,0.0,0.0,0.0
1790799703.833,51.0,65.7,0,0,0.0,0.0,3,2,0,3,False,0,0.0,0.0,0.0
1790799704.833,32.3,65.9,0,774084,0.0,14.0,1,1,0,1,False,0,0.0,0.0,0.0
1790799705.834,60.5,66.0,0,1816892,0.0,16.0,1,15,0,1,False,0,0.0,0.0,0.0
1790799706.834,18.8,65.2,0,49148,0.0,2.0,0,0,0,0,False,0,0.0,0.0,0.0
1790799707.834,7.0,65.1,0,19003958,0.0,153.0,0,0,0,0,False,0,0.0,0.0,0.0
1790799708.834,7.0,65.1,0,0,0.0,0.0,0,0,0,0,False,0,0.0,0.0,0.0
1790799709.834,6.9,65.1,0,610260,0.0,14.0,0,0,0,0,False,0,0.0,0.0,0.0
1790799710.834,7.0,65.1,0,0,0.0,0.0,0,0,0,0,False,0,0.0,0.0,0.0
1790799711.834,8.3,65.1,0,0,0.0,0.0,0,0,0,0,False,0,0.0,0.0,0.0
1790799712.834,10.5,65.1,0,13773761,0.0,107.0,0,0,0,0,False,0,0.0,0.0,0.0
1790799713.834,8.0,65.0,0,0,0.0,0.0,0,0,0,0,False,0,0.0,0.0,0.0
1790799714.834,7.8,65.0,0,335845,0.0,27.0,0,0,0,0,False,0,0.0,0.0,0.0
1790799715.834,22.0,65.0,0,32766,0.0,1.0,0,0,0,0,False,0,0.0,0.0,0.0
1790799716.834,39.8,65.4,0,65531,0.0,2.0,1,1,0,1,False,0,0.0,0.0,0.0
1790799717.835,51.5,65.5,0,16383,0.0,1.0,0,0,0,0,False,0,0.0,0.0,0.0
1790799718.835,38.5,65.7,0,827339,0.0,9.0,1,0,0,1,False,0,0.0,0.0,0.0
1790799719.835,15.0,64.9,0,1367966,0.0,14.0,0,0,0,0,False,0,0.0,0.0,0.0
1790799720.835,8.2,64.9,0,577493,0.0,7.0,0,0,0,0,False,0,0.0,0.0,0.0
1790799721.835,7.1,64.8,0,8191,0.0,2.0,0,0,0,0,False,0,0.0,0.0,0.0
1790799722.835,20.9,65.1,0,32766,0.0,1.0,0,0,0,0,False,0,0.0,0.0,0.0
1790799723.835,23.2,65.3,0,0,0.0,0.0,0,0,0,0,False,0,0.0,0.0,0.0
1790799724.835,8.2,64.7,0,49148,0.0,2.0,0,0,0,0,False,0,0.0,0.0,0.0
1790799725.835,6.4,64.7,0,638930,0.0,91.0,0,0,0,0,False,0,0.0,0.0,0.0
1790799726.835,6.8,64.7,0,184306,0.0,3.0,0,0,0,0,False,0,0.0,0.0,0.0
1790799727.835,19.0,65.1,0,32766,0.0,1.0,0,0,0,0,False,0,0.0,0.0,0.0
1790799728.835,22.7,65.4,0,0,0.0,0.0,1,0,0,1,False,0,0.0,0.0,0.0
1790799729.835,9.3,64.7,0,49148,0.0,2.0,0,0,0,0,False,0,0.0,0.0,0.0
1790799730.835,6.8,64.7,0,2531140,0.0,27.0,0,0,0,0,False,0,0.0,0.0,0.0
1790799731.836,6.7,64.6,0,0,0.0,0.0,0,0,0,0,False,0,0.0,0.0,0.0
1790799732.836,6.6,64.6,0,172019,0.0,3.0,0,0,0,0,False,0,0.0,0.0,0.0
1790799733.836,9.0,64.5,0,0,0.0,0.0,0,0,0,0,False,0,0.0,0.0,0.0
1790799734.836,6.8,64.5,0,0,0.0,0.0,0,0,0,0,False,0,0.0,0.0,0.0
1790799735.836,6.8,64.5,0,1372061,0.0,17.0,0,0,0,0,False,0,0.0,0.0,0.0
1790799736.836,7.6,64.5,0,0,0.0,0.0,0,0,0,0,False,0,0.0,0.0,0.0
1790799737.836,20.5,64.9,0,49149,0.0,2.0,0,0,0,0,False,0,0.0,0.0,0.0
1790799738.836,24.4,65.3,0,0,0.0,0.0,1,0,0,1,False,0,0.0,0.0,0.0
1790799739.836,13.0,64.6,0,49149,0.0,2.0,0,0,0,0,False,0,0.0,0.0,0.0
1790799740.836,6.7,64.6,0,0,0.0,0.0,0,0,0,0,False,0,0.0,0.0,0.0
1790799741.836,10.6,64.6,0,0,0.0,0.0,0,0,0,0,False,0,0.0,0.0,0.0
1790799742.836,6.6,64.6,0,282602,0.0,4.0,0,0,0,0,False,0,0.0,0.0,0.0
1790799743.836,7.0,64.4,0,0,0.0,0.0,0,0,0,0,False,0,0.0,0.0,0.0
1790799744.837,7.1,64.3,0,0,0.0,0.0,0,0,0,0,False,0,0.0,0.0,0.0
1790799745.837,20.9,64.8,0,147451,0.0,11.0,0,0,0,0,False,0,0.0,0.0,0.0
1790799746.837,32.5,65.2,0,0,0.0,0.0,1,0,0,1,False,0,0.0,0.0,0.0
1790799747.837,13.2,64.4,0,49148,0.0,2.0,0,0,0,0,False,0,0.0,0.0,0.0
1790799748.837,10.4,64.4,0,225264,0.0,4.0,0,0,0,0,False,0,0.0,0.0,0.0
1790799749.837,24.6,65.1,0,0,0.0,0.0,0,0,0,0,False,0,0.0,0.0,0.0
1790799750.837,42.3,65.1,0,557009,0.0,6.0,1,1,0,1,False,0,0.0,0.0,0.0
1790799751.837,29.5,64.6,0,761800,0.0,13.0,0,0,0,0,False,0,0.0,0.0,0.0
1790799752.837,24.7,65.2,0,0,0.0,0.0,0,0,0,0,False,0,0.0,0.0,0.0
1790799753.837,33.1,64.5,0,49148,0.0,2.0,0,0,0,0,False,0,0.0,0.0,0.0
1790799754.837,7.1,64.5,0,0,0.0,0.0,0,0,0,0,False,0,0.0,0.0,0.0
1790799755.837,6.9,64.5,0,12287,0.0,3.0,0,0,0,0,False,0,0.0,0.0,0.0
1790799756.837,6.8,64.5,0,597967,0.0,6.0,0,0,0,0,False,0,0.0,0.0,0.0
1790799757.838,13.2,64.7,0,716746,0.0,79.0,0,0,0,0,False,0,0.0,0.0,0.0
1790799758.838,29.2,65.2,0,0,0.0,0.0,4,0,0,4,False,0,0.0,0.0,0.0
1790799759.838,51.7,65.3,0,0,0.0,0.0,2,2,0,2,False,0,0.0,0.0,0.0
1790799760.838,20.0,65.5,0,2670385,0.0,27.0,1,1,0,1,False,0,0.0,0.0,0.0
1790799761.838,66.7,65.0,0,49148,0.0,2.0,0,0,0,0,False,0,0.0,0.0,0.0
1790799762.838,6.9,65.0,0,0,0.0,0.0,0,0,0,0,False,0,0.0,0.0,0.0
1790799763.838,7.0,65.0,0,19602012,0.0,162.0,0,0,0,0,False,0,0.0,0.0,0.0
1790799764.838,6.9,65.0,0,0,0.0,0.0,0,0,0,0,False,0,0.0,0.0,0.0
1790799765.838,6.6,65.0,0,0,0.0,0.0,0,0,0,0,False,0,0.0,0.0,0.0
1790799766.838,7.9,65.0,0,0,0.0,0.0,0,0,0,0,False,0,0.0,0.0,0.0
1790799767.838,23.0,65.6,0,1298302,0.0,18.0,0,0,0,0,False,0,0.0,0.0,0.0
1790799768.838,28.5,65.7,0,14367480,0.0,112.0,1,0,0,1,False,0,0.0,0.0,0.0
1790799769.839,8.9,65.0,0,49148,0.0,2.0,0,0,0,0,False,0,0.0,0.0,0.0
1790799770.839,10.0,65.0,0,0,0.0,0.0,0,0,0,0,False,0,0.0,0.0,0.0
1790799771.839,6.8,65.0,0,0,0.0,0.0,0,0,0,0,False,0,0.0,0.0,0.0
1790799772.839,6.6,65.0,0,0,0.0,0.0,0,0,0,0,False,0,0.0,0.0,0.0
1790799773.839,12.1,65.3,0,606165,0.0,6.0,0,0,0,0,False,0,0.0,0.0,0.0
1790799774.839,6.9,65.4,0,0,0.0,0.0,0,0,0,0,False,0,0.0,0.0,0.0
1790799775.839,7.1,65.3,0,0,0.0,0.0,0,0,0,0,False,0,0.0,0.0,0.0
1790799776.839,9.1,65.3,0,0,0.0,0.0,0,0,0,0,False,0,0.0,0.0,0.0
1790799777.839,22.6,65.7,0,32765,0.0,1.0,0,0,0,0,False,0,0.0,0.0,0.0
1790799778.839,23.7,65.9,0,266220,0.0,3.0,0,0,0,0,False,0,0.0,0.0,0.0
1790799779.839,7.1,65.3,0,49148,0.0,2.0,0,0,0,0,False,0,0.0,0.0,0.0
1790799780.839,6.8,65.3,0,0,0.0,0.0,0,0,0,0,False,0,0.0,0.0,0.0
1790799781.839,6.7,65.1,0,0,0.0,0.0,0,0,0,0,False,0,0.0,0.0,0.0
1790799782.839,6.8,65.1,0,0,0.0,0.0,0,0,0,0,False,0,0.0,0.0,0.0
1790799783.840,7.3,65.1,0,421855,0.0,7.0,0,0,0,0,False,0,0.0,0.0,0.0
1790799784.840,7.9,65.1,0,0,0.0,0.0,0,0,0,0,False,0,0.0,0.0,0.0
1790799785.840,24.2,65.8,0,131062,0.0,4.0,0,0,0,0,False,0,0.0,0.0,0.0
1790799786.840,58.1,67.2,0,32766,0.0,1.0,0,0,0,0,False,0,0.0,0.0,0.0
1790799787.840,45.8,66.2,0,32765,0.0,2.0,1,0,0,1,False,0,0.0,0.0,0.0
1790799788.840,30.5,66.2,0,286697,0.0,4.0,1,1,0,1,False,0,0.0,0.0,0.0
1790799789.840,20.3,66.2,0,0,0.0,0.0,1,1,0,1,False,0,0.0,0.0,0.0
1790799790.840,19.7,66.2,0,0,0.0,0.0,1,1,0,1,False,0,0.0,0.0,0.0
1790799791.840,19.8,66.2,0,0,0.0,0.0,1,1,0,1,False,0,0.0,0.0,0.0
1790799792.840,22.2,66.1,0,2113380,0.0,18.0,1,1,0,1,False,0,0.0,0.0,0.0
1790799793.840,21.1,66.1,0,86009,0.0,2.0,1,1,0,1,False,0,0.0,0.0,0.0
1790799794.840,26.7,65.6,0,831428,0.0,93.0,0,0,0,0,False,0,0.0,0.0,0.0
1790799795.840,27.7,66.0,0,0,0.0,0.0,2,1,0,2,False,0,0.0,0.0,0.0
1790799796.841,21.3,65.4,0,49148,0.0,2.0,0,0,0,0,False,0,0.0,0.0,0.0
1790799797.841,22.6,66.0,0,32766,0.0,1.0,0,0,0,0,False,0,0.0,0.0,0.0
1790799798.841,20.9,65.5,0,1544080,0.0,20.0,0,0,0,0,False,0,0.0,0.0,0.0
1790799799.841,22.8,66.0,0,851905,0.0,10.0,0,0,0,0,False,0,0.0,0.0,0.0
1790799800.841,29.0,66.4,0,32766,0.0,1.0,1,0,0,1,False,0,0.0,0.0,0.0
1790799801.841,34.5,66.5,0,114680,0.0,4.0,0,0,0,0,False,0,0.0,0.0,0.0
1790799802.841,56.1,67.0,0,0,0.0,0.0,3,2,0,3,False,0,0.0,0.0,0.0
1790799803.841,66.8,67.1,0,909231,0.0,19.0,5,4,0,5,False,0,0.0,0.0,0.0
1790799804.841,55.9,67.4,0,49545284,0.0,407.0,2,2,0,2,False,0,0.0,0.0,0.0
1790799805.841,84.7,68.4,0,1314702,0.0,20.0,2,8,0,2,False,0,0.0,0.0,0.0
1790799806.842,80.8,67.9,0,45040,0.0,2.0,1,9,0,1,False,0,0.0,0.0,0.0
1790799807.842,52.5,67.6,0,36861,0.0,3.0,1,1,0,1,False,0,0.0,0.0,0.0
1790799808.842,31.2,66.1,0,61436,0.0,3.0,0,0,0,0,False,0,0.0,0.0,0.0
1790799809.842,7.0,66.1,0,0,0.0,0.0,0,0,0,0,False,0,0.0,0.0,0.0
1790799810.842,7.4,66.1,0,0,0.0,0.0,0,0,0,0,False,0,0.0,0.0,0.0
1790799811.842,6.9,66.1,0,683982,0.0,7.0,0,0,0,0,False,0,0.0,0.0,0.0
1790799812.842,6.8,66.1,0,0,0.0,0.0,0,0,0,0,False,0,0.0,0.0,0.0
1790799813.842,10.6,65.9,0,0,0.0,0.0,0,0,0,0,False,0,0.0,0.0,0.0
1790799814.842,18.5,66.3,0,32765,0.0,1.0,0,0,0,0,False,0,0.0,0.0,0.0
1790799815.842,30.9,66.6,0,0,0.0,0.0,1,0,0,1,False,0,0.0,0.0,0.0
1790799816.842,31.0,66.4,0,0,0.0,0.0,1,1,0,1,False,0,0.0,0.0,0.0
1790799817.842,20.3,66.4,0,0,0.0,0.0,1,1,0,1,False,0,0.0,0.0,0.0
1790799818.843,17.4,66.4,0,0,0.0,0.0,1,1,0,1,False,0,0.0,0.0,0.0
1790799819.843,17.1,66.4,0,192499,0.0,3.0,1,1,0,1,False,0,0.0,0.0,0.0
1790799820.843,20.0,66.3,0,0,0.0,0.0,1,1,0,1,False,0,0.0,0.0,0.0
1790799821.843,24.2,66.5,0,65531,0.0,2.0,1,1,0,1,False,0,0.0,0.0,0.0
1790799822.843,32.4,66.3,0,2965286,0.0,31.0,0,0,0,0,False,0,0.0,0.0,0.0
1790799823.843,14.8,65.6,0,45053,0.0,2.0,0,0,0,0,False,0,0.0,0.0,0.0
1790799824.843,6.6,65.6,0,0,0.0,0.0,0,0,0,0,False,0,0.0,0.0,0.0
1790799825.843,17.1,66.1,0,241647,0.0,4.0,0,0,0,0,False,0,0.0,0.0,0.0
1790799826.843,24.6,66.4,0,0,0.0,0.0,2,0,0,2,False,0,0.0,0.0,0.0
1790799827.843,16.4,65.9,0,45053,0.0,2.0,0,0,0,0,False,0,0.0,0.0,0.0
1790799828.843,6.7,66.0,0,0,0.0,0.0,0,0,0,0,False,0,0.0,0.0,0.0
1790799829.843,6.7,66.0,0,2572101,0.0,27.0,0,0,0,0,False,0,0.0,0.0,0.0
1790799830.843,6.6,65.9,0,978874,0.0,77.0,0,0,0,0,False,0,0.0,0.0,0.0
1790799831.843,6.6,66.0,0,0,0.0,0.0,0,0,0,0,False,0,0.0,0.0,0.0
1790799832.844,12.9,65.9,0,196594,0.0,18.0,0,0,0,0,False,0,0.0,0.0,0.0
1790799833.844,29.1,66.8,0,135161,0.0,11.0,1,0,0,1,False,0,0.0,0.0,0.0
1790799834.844,28.6,66.6,0,0,0.0,0.0,1,1,0,1,False,0,0.0,0.0,0.0
1790799835.844,20.0,66.6,0,663501,0.0,17.0,1,1,0,1,False,0,0.0,0.0,0.0
1790799836.844,22.1,66.6,0,0,0.0,0.0,1,1,0,1,False,0,0.0,0.0,0.0
1790799837.844,19.1,66.5,0,0,0.0,0.0,1,1,0,1,False,0,0.0,0.0,0.0
1790799838.844,20.1,66.5,0,1335183,0.0,15.0,1,1,0,1,False,0,0.0,0.0,0.0
1790799839.844,15.0,66.5,0,0,0.0,0.0,1,1,0,1,False,0,0.0,0.0,0.0
1790799840.844,11.0,65.6,0,139254,0.0,4.0,0,0,0,0,False,0,0.0,0.0,0.0
1790799841.844,6.7,65.6,0,0,0.0,0.0,0,0,0,0,False,0,0.0,0.0,0.0
1790799842.844,6.5,65.6,0,0,0.0,0.0,0,0,0,0,False,0,0.0,0.0,0.0
1790799843.844,6.9,65.6,0,0,0.0,0.0,0,0,0,0,False,0,0.0,0.0,0.0
1790799844.844,6.6,65.5,0,0,0.0,0.0,0,0,0,0,False,0,0.0,0.0,0.0
1790799845.845,6.6,65.5,0,0,0.0,0.0,0,0,0,0,False,0,0.0,0.0,0.0
1790799846.845,20.7,66.0,0,225273,0.0,4.0,0,0,0,0,False,0,0.0,0.0,0.0
1790799847.845,37.5,66.9,0,65530,0.0,2.0,1,0,0,1,False,0,0.0,0.0,0.0
1790799848.845,28.8,67.0,0,282602,0.0,5.0,1,0,0,1,False,0,0.0,0.0,0.0
1790799849.845,13.0,66.6,0,49148,0.0,2.0,0,0,0,0,False,0,0.0,0.0,0.0
1790799850.845,8.7,66.7,0,331750,0.0,13.0,0,0,0,0,False,0,0.0,0.0,0.0
1790799851.845,9.9,66.7,0,0,0.0,0.0,0,0,0,0,False,0,0.0,0.0,0.0
1790799852.845,19.8,66.7,0,32765,0.0,1.0,0,0,0,0,False,0,0.0,0.0,0.0
1790799853.845,34.5,67.3,0,3018509,0.0,32.0,1,0,0,1,False,0,0.0,0.0,0.0
1790799854.845,37.0,67.6,0,81914,0.0,3.0,2,0,0,2,False,0,0.0,0.0,0.0
1790799855.845,40.1,68.4,0,643024,0.0,6.0,0,0,0,0,False,0,0.0,0.0,0.0
1790799856.845,20.5,66.8,0,94199,0.0,4.0,0,0,0,0,False,0,0.0,0.0,0.0
1790799857.845,40.0,68.2,0,65531,0.0,2.0,1,0,0,1,False,0,0.0,0.0,0.0
1790799858.846,47.3,68.4,0,0,0.0,0.0,1,0,0,1,False,0,0.0,0.0,0.0
1790799859.846,38.2,67.5,0,49150,0.0,2.0,1,1,0,1,False,0,0.0,0.0,0.0
1790799860.846,18.7,67.5,0,2289484,0.0,26.0,1,1,0,1,False,0,0.0,0.0,0.0
1790799861.846,18.1,67.5,0,876461,0.0,118.0,1,1,0,1,False,0,0.0,0.0,0.0
1790799862.846,15.6,67.5,0,0,0.0,0.0,1,1,0,1,False,0,0.0,0.0,0.0
1790799863.846,17.9,67.4,0,0,0.0,0.0,1,1,0,1,False,0,0.0,0.0,0.0
1790799864.846,20.3,66.6,0,49148,0.0,2.0,0,0,0,0,False,0,0.0,0.0,0.0
1790799865.846,24.6,67.4,0,245740,0.0,4.0,0,0,0,0,False,0,0.0,0.0,0.0
1790799866.846,22.2,67.4,0,331749,0.0,4.0,1,0,0,1,False,0,0.0,0.0,0.0
1790799867.846,18.2,67.6,0,32765,0.0,1.0,1,1,0,1,False,0,0.0,0.0,0.0
1790799868.846,32.1,68.0,0,294887,0.0,5.0,1,1,0,1,False,0,0.0,0.0,0.0
1790799869.846,42.2,68.3,0,98295,0.0,3.0,1,1,0,1,False,0,0.0,0.0,0.0
1790799870.847,50.5,68.4,0,49147,0.0,2.0,1,1,0,1,False,0,0.0,0.0,0.0
1790799871.847,45.3,68.8,0,0,0.0,0.0,2,1,0,2,False,0,0.0,0.0,0.0
1790799872.847,18.8,67.2,0,65529,0.0,3.0,1,1,0,1,False,0,0.0,0.0,0.0
1790799873.847,11.3,66.2,0,376803,0.0,5.0,0,0,0,0,False,0,0.0,0.0,0.0
1790799874.847,6.9,66.3,0,0,0.0,0.0,0,0,0,0,False,0,0.0,0.0,0.0
1790799875.847,6.8,66.3,0,0,0.0,0.0,0,0,0,0,False,0,0.0,0.0,0.0
1790799876.847,6.9,66.3,0,0,0.0,0.0,0,0,0,0,False,0,0.0,0.0,0.0
1790799877.847,6.9,66.3,0,925631,0.0,9.0,0,0,0,0,False,0,0.0,0.0,0.0
1790799878.847,13.4,66.0,0,1703804,0.0,41.0,0,0,0,0,False,0,0.0,0.0,0.0
1790799879.847,25.0,66.4,0,28670,0.0,5.0,0,0,0,0,False,0,0.0,0.0,0.0
1790799880.847,22.6,66.5,0,4096,0.0,1.0,1,1,0,1,False,0,0.0,0.0,0.0
1790799881.847,13.5,65.9,0,65531,0.0,5.0,0,0,0,0,False,0,0.0,0.0,0.0
1790799882.848,6.8,65.9,0,0,0.0,0.0,0,0,0,0,False,0,0.0,0.0,0.0
1790799883.848,9.6,65.9,0,0,0.0,0.0,0,0,0,0,False,0,0.0,0.0,0.0
1790799884.848,6.9,65.9,0,4931229,0.0,48.0,0,0,0,0,False,0,0.0,0.0,0.0
1790799885.848,6.6,65.8,0,298986,0.0,3.0,0,0,0,0,False,0,0.0,0.0,0.0
1790799886.848,8.1,65.8,0,0,0.0,0.0,0,0,0,0,False,0,0.0,0.0,0.0
1790799887.848,7.8,65.8,0,0,0.0,0.0,0,0,0,0,False,0,0.0,0.0,0.0
1790799888.848,13.5,66.1,0,32766,0.0,1.0,0,0,0,0,False,0,0.0,0.0,0.0
1790799889.848,25.3,66.6,0,139254,0.0,5.0,0,0,0,0,False,0,0.0,0.0,0.0
1790799890.848,11.6,65.9,0,69627,0.0,4.0,0,0,0,0,False,0,0.0,0.0,0.0
1790799891.848,6.9,65.9,0,1245093,0.0,17.0,0,0,0,0,False,0,0.0,0.0,0.0
1790799892.848,7.8,66.0,0,0,0.0,0.0,0,0,0,0,False,0,0.0,0.0,0.0
1790799893.848,8.8,66.4,0,0,0.0,0.0,0,0,0,0,False,0,0.0,0.0,0.0
1790799894.848,15.5,66.9,0,397282,0.0,11.0,0,0,0,0,False,0,0.0,0.0,0.0
1790799895.848,17.1,67.3,0,32766,0.0,1.0,0,0,0,0,False,0,0.0,0.0,0.0
1790799896.849,28.3,67.6,0,352226,0.0,16.0,2,0,0,2,False,0,0.0,0.0,0.0
1790799897.849,30.9,68.0,0,425954,0.0,78.0,0,0,0,0,False,0,0.0,0.0,0.0
1790799898.849,26.6,67.8,0,16383,0.0,1.0,0,0,0,0,False,0,0.0,0.0,0.0
1790799899.849,12.1,67.2,0,49148,0.0,2.0,0,0,0,0,False,0,0.0,0.0,0.0
1790799900.849,9.0,67.2,0,0,0.0,0.0,0,0,0,0,False,0,0.0,0.0,0.0
1790799901.849,6.7,67.1,0,647122,0.0,8.0,0,0,0,0,False,0,0.0,0.0,0.0
1790799902.849,7.4,67.1,0,212976,0.0,7.0,0,0,0,0,False,0,0.0,0.0,0.0
1790799903.849,10.8,67.1,0,0,0.0,0.0,0,0,0,0,False,0,0.0,0.0,0.0
1790799904.849,7.2,67.0,0,0,0.0,0.0,0,0,0,0,False,0,0.0,0.0,0.0
1790799905.849,6.9,67.0,0,0,0.0,0.0,0,0,0,0,False,0,0.0,0.0,0.0
1790799906.849,7.0,67.0,0,24574,0.0,1.0,0,0,0,0,False,0,0.0,0.0,0.0
1790799907.849,6.9,67.0,0,65531,0.0,2.0,0,0,0,0,False,0,0.0,0.0,0.0
1790799908.849,6.8,66.9,0,0,0.0,0.0,0,0,0,0,False,0,0.0,0.0,0.0
1790799909.850,6.9,67.0,0,90106,0.0,10.0,0,0,0,0,False,0,0.0,0.0,0.0
1790799910.850,6.8,67.0,0,0,0.0,0.0,0,0,0,0,False,0,0.0,0.0,0.0
1790799911.850,7.7,67.0,0,0,0.0,0.0,0,0,0,0,False,0,0.0,0.0,0.0
1790799912.850,7.3,67.0,0,90106,0.0,1.0,0,0,0,0,False,0,0.0,0.0,0.0
1790799913.850,10.2,66.9,0,32766,0.0,1.0,0,0,0,0,False,0,0.0,0.0,0.0
1790799914.850,23.8,67.6,0,0,0.0,0.0,0,0,0,0,False,0,0.0,0.0,0.0
1790799915.850,30.7,67.4,0,258028,0.0,8.0,0,0,0,0,False,0,0.0,0.0,0.0
1790799916.850,57.3,69.1,0,1269664,0.0,11.0,0,0,0,0,False,0,0.0,0.0,0.0
1790799917.850,54.8,69.9,0,0,0.0,0.0,3,1,0,3,False,0,0.0,0.0,0.0
1790799918.850,41.5,68.6,0,32765,0.0,2.0,1,1,0,1,False,0,0.0,0.0,0.0
1790799919.850,15.2,68.6,0,0,0.0,0.0,1,1,0,1,False,0,0.0,0.0,0.0
1790799920.850,15.4,68.6,0,3235588,0.0,31.0,1,1,0,1,False,0,0.0,0.0,0.0
1790799921.850,14.7,68.6,0,0,0.0,0.0,1,1,0,1,False,0,0.0,0.0,0.0
1790799922.850,15.0,68.6,0,1204137,0.0,15.0,1,1,0,1,False,0,0.0,0.0,0.0
1790799923.851,15.4,68.5,0,0,0.0,0.0,1,1,0,1,False,0,0.0,0.0,0.0
1790799924.851,14.3,67.7,0,454622,0.0,34.0,0,0,0,0,False,0,0.0,0.0,0.0
1790799925.851,7.6,67.5,0,32766,0.0,8.0,0,0,0,0,False,0,0.0,0.0,0.0
1790799926.851,6.7,67.5,0,0,0.0,0.0,0,0,0,0,False,0,0.0,0.0,0.0
1790799927.851,7.3,67.4,0,212976,0.0,4.0,0,0,0,0,False,0,0.0,0.0,0.0
1790799928.851,8.3,67.2,0,0,0.0,0.0,0,0,0,0,False,0,0.0,0.0,0.0
1790799929.851,7.9,67.1,0,0,0.0,0.0,0,0,0,0,False,0,0.0,0.0,0.0
1790799930.851,7.8,67.1,0,1380249,0.0,13.0,0,0,0,0,False,0,0.0,0.0,0.0
1790799931.851,16.1,67.4,0,40957,0.0,3.0,0,0,0,0,False,0,0.0,0.0,0.0
1790799932.851,24.7,67.8,0,2465591,0.0,106.0,1,0,0,1,False,0,0.0,0.0,0.0
1790799933.851,20.3,67.9,0,0,0.0,0.0,1,1,0,1,False,0,0.0,0.0,0.0
1790799934.851,14.5,67.8,0,0,0.0,0.0,1,1,0,1,False,0,0.0,0.0,0.0
1790799935.851,14.4,67.8,0,184306,0.0,3.0,1,1,0,1,False,0,0.0,0.0,0.0
1790799936.852,25.4,68.1,0,65531,0.0,2.0,1,1,0,1,False,0,0.0,0.0,0.0
1790799937.852,31.8,68.5,0,0,0.0,0.0,2,1,0,2,False,0,0.0,0.0,0.0
1790799938.852,18.9,67.7,0,49148,0.0,2.0,0,0,0,0,False,0,0.0,0.0,0.0
1790799939.852,9.3,66.9,0,1253268,0.0,11.0,0,0,0,0,False,0,0.0,0.0,0.0
1790799940.852,7.2,66.9,0,0,0.0,0.0,0,0,0,0,False,0,0.0,0.0,0.0
1790799941.852,7.1,66.9,0,237550,0.0,3.0,0,0,0,0,False,0,0.0,0.0,0.0
1790799942.852,7.1,66.9,0,0,0.0,0.0,0,0,0,0,False,0,0.0,0.0,0.0
1790799943.852,9.9,66.9,0,0,0.0,0.0,0,0,0,0,False,0,0.0,0.0,0.0
1790799944.852,10.5,66.9,0,32766,0.0,1.0,0,0,0,0,False,0,0.0,0.0,0.0
1790799945.852,24.7,67.6,0,0,0.0,0.0,0,0,0,0,False,0,0.0,0.0,0.0
1790799946.852,23.5,67.7,0,0,0.0,0.0,1,1,0,1,False,0,0.0,0.0,0.0
1790799947.852,14.3,67.7,0,6532620,0.0,55.0,1,1,0,1,False,0,0.0,0.0,0.0
1790799948.852,14.3,67.7,0,348131,0.0,5.0,1,1,0,1,False,0,0.0,0.0,0.0
1790799949.853,15.3,67.5,0,32766,0.0,1.0,1,1,0,1,False,0,0.0,0.0,0.0
1790799950.853,35.4,68.3,0,2850594,0.0,29.0,1,1,0,1,False,0,0.0,0.0,0.0
1790799951.853,36.8,69.0,0,237539,0.0,7.0,2,1,0,2,False,0,0.0,0.0,0.0
1790799952.853,28.7,68.1,0,36041432,0.0,283.0,1,1,0,1,False,0,0.0,0.0,0.0
1790799953.853,20.8,68.4,0,741321,0.0,13.0,1,1,0,1,False,0,0.0,0.0,0.0
1790799954.853,14.4,68.4,0,0,0.0,0.0,1,1,0,1,False,0,0.0,0.0,0.0
1790799955.853,15.2,68.3,0,0,0.0,0.0,1,1,0,1,False,0,0.0,0.0,0.0
1790799956.853,16.2,68.3,0,356321,0.0,12.0,1,1,0,1,False,0,0.0,0.0,0.0
1790799957.853,14.2,68.2,0,40957,0.0,2.0,0,0,0,0,False,0,0.0,0.0,0.0
1790799958.853,8.9,67.4,0,49148,0.0,2.0,0,0,0,0,False,0,0.0,0.0,0.0
1790799959.853,6.8,67.4,0,0,0.0,0.0,0,0,0,0,False,0,0.0,0.0,0.0
1790799960.853,6.9,67.4,0,0,0.0,0.0,0,0,0,0,False,0,0.0,0.0,0.0
1790799961.854,7.0,67.3,0,0,0.0,0.0,0,0,0,0,False,0,0.0,0.0,0.0
1790799962.854,8.1,67.3,0,196600,0.0,3.0,0,0,0,0,False,0,0.0,0.0,0.0
1790799963.854,9.4,67.3,0,86009,0.0,1.0,0,0,0,0,False,0,0.0,0.0,0.0
1790799964.854,6.7,67.3,0,0,0.0,0.0,0,0,0,0,False,0,0.0,0.0,0.0
1790799965.854,6.6,67.2,0,0,0.0,0.0,0,0,0,0,False,0,0.0,0.0,0.0
1790799966.854,6.5,67.3,0,503771,0.0,94.0,0,0,0,0,False,0,0.0,0.0,0.0
1790799967.854,6.8,67.2,0,0,0.0,0.0,0,0,0,0,False,0,0.0,0.0,0.0
1790799968.854,6.7,67.2,0,40957,0.0,3.0,0,0,0,0,False,0,0.0,0.0,0.0
1790799969.854,6.7,67.2,0,0,0.0,0.0,0,0,0,0,False,0,0.0,0.0,0.0
1790799970.854,6.8,67.2,0,1236902,0.0,10.0,0,0,0,0,False,0,0.0,0.0,0.0
1790799971.854,9.5,67.5,0,90104,0.0,4.0,0,0,0,0,False,0,0.0,0.0,0.0
1790799972.854,36.2,68.5,0,98295,0.0,3.0,0,0,0,0,False,0,0.0,0.0,0.0
1790799973.854,43.2,69.0,0,24574,0.0,1.0,1,0,0,1,False,0,0.0,0.0,0.0
1790799974.855,13.9,67.5,0,65531,0.0,3.0,0,0,0,0,False,0,0.0,0.0,0.0
1790799975.855,7.5,67.5,0,0,0.0,0.0,0,0,0,0,False,0,0.0,0.0,0.0
1790799976.855,21.5,67.9,0,32765,0.0,1.0,0,0,0,0,False,0,0.0,0.0,0.0
1790799977.855,26.2,68.2,0,417754,0.0,5.0,1,0,0,1,False,0,0.0,0.0,0.0
1790799978.855,35.1,68.8,0,32766,0.0,1.0,1,1,0,1,False,0,0.0,0.0,0.0
1790799979.855,30.3,69.0,0,0,0.0,0.0,2,1,0,2,False,0,0.0,0.0,0.0
1790799980.855,32.4,68.1,0,487384,0.0,18.0,1,1,0,1,False,0,0.0,0.0,0.0
1790799981.855,58.3,69.2,0,2977537,0.0,34.0,1,1,0,1,False,0,0.0,0.0,0.0
1790799982.855,63.8,70.1,0,131061,0.0,4.0,2,1,0,2,False,0,0.0,0.0,0.0
1790799983.855,67.4,69.7,0,65530,0.0,3.0,1,1,0,1,False,0,0.0,0.0,0.0
1790799984.855,58.2,69.4,0,1159051,0.0,20.0,3,2,0,3,False,0,0.0,0.0,0.0
1790799985.855,35.1,67.2,0,774086,0.0,11.0,0,0,0,0,False,0,0.0,0.0,0.0
1790799986.856,29.3,68.1,0,1453973,0.0,16.0,0,0,0,0,False,0,0.0,0.0,0.0
1790799987.856,55.7,69.2,0,32766,0.0,1.0,2,0,0,2,False,0,0.0,0.0,0.0
1790799988.856,55.2,69.5,0,53244,0.0,3.0,3,2,0,3,False,0,0.0,0.0,0.0
1790799989.856,44.9,67.9,0,1224604,0.0,14.0,0,0,0,0,False,0,0.0,0.0,0.0
1790799990.856,25.0,67.7,0,81914,0.0,3.0,0,0,0,0,False,0,0.0,0.0,0.0
1790799991.856,26.3,68.1,0,0,0.0,0.0,1,0,0,1,False,0,0.0,0.0,0.0
1790799992.856,29.7,68.0,0,0,0.0,0.0,1,1,0,1,False,0,0.0,0.0,0.0
1790799993.856,31.3,68.6,0,65531,0.0,2.0,1,1,0,1,False,0,0.0,0.0,0.0
1790799994.856,39.4,68.7,0,344037,0.0,4.0,2,1,0,2,False,0,0.0,0.0,0.0
1790799995.856,24.4,68.0,0,49148,0.0,2.0,1,1,0,1,False,0,0.0,0.0,0.0
1790799996.856,15.6,67.9,0,0,0.0,0.0,1,1,0,1,False,0,0.0,0.0,0.0
1790799997.856,21.8,68.0,0,32765,0.0,1.0,1,1,0,1,False,0,0.0,0.0,0.0
1790799998.856,35.5,67.6,0,729035,0.0,95.0,0,0,0,0,False,0,0.0,0.0,0.0
1790799999.857,25.0,67.2,0,659399,0.0,8.0,0,0,0,0,False,0,0.0,0.0,0.0
1790800000.857,8.1,67.2,0,0,0.0,0.0,0,0,0,0,False,0,0.0,0.0,0.0
1790800001.857,12.8,67.2,0,266221,0.0,13.0,0,0,0,0,False,0,0.0,0.0,0.0
1790800002.857,39.4,68.3,0,102392,0.0,4.0,0,0,0,0,False,0,0.0,0.0,0.0
1790800003.857,57.5,69.0,0,98296,0.0,3.0,1,1,0,1,False,0,0.0,0.0,0.0
1790800004.857,66.6,69.5,0,516045,0.0,6.0,3,0,0,3,False,0,0.0,0.0,0.0
1790800005.857,50.8,69.2,0,16382,0.0,1.0,4,2,0,4,False,0,0.0,0.0,0.0
1790800006.859,28.3,68.7,0,785199,0.0,9.0,1,0,0,1,False,0,0.0,0.0,0.0
1790800007.859,68.2,68.2,0,49148,0.0,2.0,0,0,0,0,False,0,0.0,0.0,0.0
1790800008.859,28.2,68.7,0,65531,0.0,2.0,0,0,0,0,False,0,0.0,0.0,0.0
1790800009.859,41.5,68.6,0,46195425,0.0,377.0,0,0,0,0,False,0,0.0,0.0,0.0
1790800010.859,40.1,69.2,0,0,0.0,0.0,1,1,0,1,False,0,0.0,0.0,0.0
1790800011.859,47.4,68.5,0,16383,0.0,1.0,1,0,0,1,False,0,0.0,0.0,0.0
1790800012.859,19.1,68.6,0,2527040,0.0,26.0,1,1,0,1,False,0,0.0,0.0,0.0
1790800013.859,26.5,68.8,0,0,0.0,0.0,1,1,0,1,False,0,0.0,0.0,0.0
1790800014.859,28.3,69.1,0,98295,0.0,3.0,1,1,0,1,False,0,0.0,0.0,0.0
1790800015.859,50.1,70.0,0,5267016,0.0,52.0,1,1,0,1,False,0,0.0,0.0,0.0
1790800016.859,48.5,69.8,0,49148,0.0,2.0,1,1,0,1,False,0,0.0,0.0,0.0
1790800017.859,48.5,69.4,0,53244,0.0,3.0,1,1,0,1,False,0,0.0,0.0,0.0
1790800018.860,33.5,68.9,0,16383,0.0,1.0,1,0,0,1,False,0,0.0,0.0,0.0
1790800019.860,18.7,68.4,0,81917,0.0,3.0,0,0,0,0,False,0,0.0,0.0,0.0
1790800020.860,22.6,68.9,0,380899,0.0,4.0,1,0,0,1,False,0,0.0,0.0,0.0
1790800021.860,12.9,68.5,0,147444,0.0,7.0,0,0,0,0,False,0,0.0,0.0,0.0
1790800022.860,24.3,68.9,0,0,0.0,0.0,0,0,0,0,False,0,0.0,0.0,0.0
1790800023.860,12.8,68.1,0,49148,0.0,2.0,0,0,0,0,False,0,0.0,0.0,0.0
1790800024.860,6.9,68.1,0,0,0.0,0.0,0,0,0,0,False,0,0.0,0.0,0.0
1790800025.860,7.6,68.1,0,0,0.0,0.0,0,0,0,0,False,0,0.0,0.0,0.0
1790800026.860,21.9,68.7,0,274411,0.0,4.0,0,0,0,0,False,0,0.0,0.0,0.0
1790800027.860,18.6,68.0,0,49148,0.0,2.0,0,0,0,0,False,0,0.0,0.0,0.0
1790800028.860,18.7,68.4,0,32765,0.0,1.0,0,0,0,0,False,0,0.0,0.0,0.0
1790800029.860,25.0,68.8,0,0,0.0,0.0,1,0,0,1,False,0,0.0,0.0,0.0
1790800030.860,9.0,67.9,0,733129,0.0,86.0,0,0,0,0,False,0,0.0,0.0,0.0
1790800031.861,6.7,67.9,0,0,0.0,0.0,0,0,0,0,False,0,0.0,0.0,0.0
1790800032.861,7.1,67.9,0,204786,0.0,3.0,0,0,0,0,False,0,0.0,0.0,0.0
1790800033.861,7.8,67.9,0,0,0.0,0.0,0,0,0,0,False,0,0.0,0.0,0.0
1790800034.861,12.4,68.1,0,32766,0.0,1.0,0,0,0,0,False,0,0.0,0.0,0.0
1790800035.861,45.0,69.6,0,131062,0.0,4.0,0,0,0,0,False,0,0.0,0.0,0.0
1790800036.861,51.1,69.7,0,16383,0.0,1.0,0,0,0,0,False,0,0.0,0.0,0.0
1790800037.861,40.2,69.1,0,16383,0.0,1.0,2,2,0,2,False,0,0.0,0.0,0.0
1790800038.861,22.7,69.0,0,32765,0.0,1.0,1,1,0,1,False,0,0.0,0.0,0.0
1790800039.861,72.8,68.5,0,19978616,0.0,168.0,0,0,0,0,False,0,0.0,0.0,0.0
1790800040.862,41.5,69.4,0,0,0.0,0.0,0,0,0,0,False,0,0.0,0.0,0.0
1790800041.862,34.9,69.0,0,16383,0.0,1.0,0,0,0,0,False,0,0.0,0.0,0.0
1790800042.862,25.5,68.8,0,2260811,0.0,25.0,0,0,0,0,False,0,0.0,0.0,0.0
1790800043.862,41.5,69.5,0,376802,0.0,12.0,2,1,0,2,False,0,0.0,0.0,0.0
1790800044.862,44.1,69.8,0,81913,0.0,3.0,0,0,0,0,False,0,0.0,0.0,0.0
1790800045.862,27.7,69.0,0,49148,0.0,2.0,0,0,0,0,False,0,0.0,0.0,0.0
1790800046.862,51.7,69.5,0,2707252,0.0,28.0,2,2,0,2,False,0,0.0,0.0,0.0
1790800047.862,38.5,69.8,0,0,0.0,0.0,3,1,0,3,False,0,0.0,0.0,0.0
1790800048.862,73.0,70.0,0,794554,0.0,10.0,0,0,0,0,False,0,0.0,0.0,0.0
1790800049.862,29.3,69.2,0,98297,0.0,3.0,0,0,0,0,False,0,0.0,0.0,0.0
1790800050.862,53.0,70.2,0,446431,0.0,8.0,2,1,0,2,False,0,0.0,0.0,0.0
1790800051.862,44.2,69.2,0,32766,0.0,2.0,0,0,0,0,False,0,0.0,0.0,0.0
1790800052.863,38.7,69.2,0,0,0.0,0.0,2,2,0,2,False,0,0.0,0.0,0.0
1790800053.863,23.5,69.0,0,0,0.0,0.0,0,0,0,0,False,0,0.0,0.0,0.0
1790800054.863,65.8,68.4,0,49148,0.0,2.0,0,0,0,0,False,0,0.0,0.0,0.0
1790800055.863,7.1,68.3,0,19970563,0.0,165.0,0,0,0,0,False,0,0.0,0.0,0.0
1790800056.863,8.3,68.3,0,0,0.0,0.0,0,0,0,0,False,0,0.0,0.0,0.0
1790800057.863,7.1,68.3,0,0,0.0,0.0,0,0,0,0,False,0,0.0,0.0,0.0
1790800058.863,6.7,68.3,0,303081,0.0,7.0,0,0,0,0,False,0,0.0,0.0,0.0
1790800059.863,6.8,68.3,0,0,0.0,0.0,0,0,0,0,False,0,0.0,0.0,0.0
1790800060.863,8.3,68.2,0,13884410,0.0,108.0,0,0,0,0,False,0,0.0,0.0,0.0
1790800061.863,6.8,68.1,0,0,0.0,0.0,0,0,0,0,False,0,0.0,0.0,0.0
1790800062.863,6.8,68.1,0,778180,0.0,92.0,0,0,0,0,False,0,0.0,0.0,0.0
1790800063.863,6.8,68.1,0,4096,0.0,1.0,0,0,0,0,False,0,0.0,0.0,0.0
1790800064.863,6.9,68.1,0,0,0.0,0.0,0,0,0,0,False,0,0.0,0.0,0.0
1790800065.864,6.8,68.1,0,0,0.0,0.0,0,0,0,0,False,0,0.0,0.0,0.0
1790800066.864,6.6,68.1,0,49148,0.0,2.0,0,0,0,0,False,0,0.0,0.0,0.0
1790800067.864,6.7,68.1,0,0,0.0,0.0,0,0,0,0,False,0,0.0,0.0,0.0
1790800068.864,6.6,68.1,0,0,0.0,0.0,0,0,0,0,False,0,0.0,0.0,0.0
1790800069.864,6.8,68.0,0,0,0.0,0.0,0,0,0,0,False,0,0.0,0.0,0.0
1790800070.864,6.9,68.0,0,0,0.0,0.0,0,0,0,0,False,0,0.0,0.0,0.0
1790800071.864,6.9,68.0,0,0,0.0,0.0,0,0,0,0,False,0,0.0,0.0,0.0
1790800072.864,6.7,68.0,0,0,0.0,0.0,0,0,0,0,False,0,0.0,0.0,0.0
1790800073.864,8.5,68.2,0,2797369,0.0,27.0,0,0,0,0,False,0,0.0,0.0,0.0
1790800074.864,6.9,68.2,0,40957,0.0,2.0,0,0,0,0,False,0,0.0,0.0,0.0
1790800075.864,6.9,68.2,0,12602497,0.0,99.0,0,0,0,0,False,0,0.0,0.0,0.0
1790800076.864,6.7,68.2,0,0,0.0,0.0,0,0,0,0,False,0,0.0,0.0,0.0
1790800077.864,6.6,68.2,0,1744769,0.0,20.0,0,0,0,0,False,0,0.0,0.0,0.0
1790800078.864,6.6,68.2,0,0,0.0,0.0,0,0,0,0,False,0,0.0,0.0,0.0
1790800079.865,10.0,68.2,0,0,0.0,0.0,0,0,0,0,False,0,0.0,0.0,0.0
1790800080.865,7.5,68.1,0,10595779,0.0,90.0,0,0,0,0,False,0,0.0,0.0,0.0
1790800081.865,7.2,68.2,0,0,0.0,0.0,0,0,0,0,False,0,0.0,0.0,0.0
1790800082.865,7.5,68.2,0,0,0.0,0.0,0,0,0,0,False,0,0.0,0.0,0.0
1790800083.865,6.9,68.2,0,110584,0.0,10.0,0,0,0,0,False,0,0.0,0.0,0.0
1790800084.865,7.4,68.2,0,0,0.0,0.0,0,0,0,0,False,0,0.0,0.0,0.0
1790800085.865,6.9,68.2,0,0,0.0,0.0,0,0,0,0,False,0,0.0,0.0,0.0
1790800086.865,6.9,68.2,0,0,0.0,0.0,0,0,0,0,False,0,0.0,0.0,0.0
1790800087.865,7.3,68.1,0,0,0.0,0.0,0,0,0,0,False,0,0.0,0.0,0.0
1790800088.865,7.0,68.1,0,0,0.0,0.0,0,0,0,0,False,0,0.0,0.0,0.0
1790800089.865,7.1,68.1,0,49148,0.0,3.0,0,0,0,0,False,0,0.0,0.0,0.0
1790800090.865,7.2,68.2,0,0,0.0,0.0,0,0,0,0,False,0,0.0,0.0,0.0
1790800091.865,6.9,68.2,0,0,0.0,0.0,0,0,0,0,False,0,0.0,0.0,0.0
1790800092.865,7.2,68.2,0,0,0.0,0.0,0,0,0,0,False,0,0.0,0.0,0.0
1790800093.866,10.1,68.2,0,0,0.0,0.0,0,0,0,0,False,0,0.0,0.0,0.0
1790800094.866,6.8,68.1,0,0,0.0,0.0,0,0,0,0,False,0,0.0,0.0,0.0
1790800095.866,7.1,68.1,0,16383,0.0,2.0,0,0,0,0,False,0,0.0,0.0,0.0
1790800096.866,8.1,68.1,0,0,0.0,0.0,0,0,0,0,False,0,0.0,0.0,0.0
1790800097.866,8.3,68.1,0,159732,0.0,34.0,0,0,0,0,False,0,0.0,0.0,0.0
1790800098.866,12.5,68.2,0,32766,0.0,1.0,0,0,0,0,False,0,0.0,0.0,0.0
1790800099.866,25.2,69.0,0,0,0.0,0.0,0,0,0,0,False,0,0.0,0.0,0.0
1790800100.866,22.8,69.3,0,0,0.0,0.0,1,1,0,1,False,0,0.0,0.0,0.0
1790800101.866,15.3,68.5,0,18524830,0.0,150.0,0,0,0,0,False,0,0.0,0.0,0.0
1790800102.866,7.5,68.6,0,647121,0.0,7.0,0,0,0,0,False,0,0.0,0.0,0.0
1790800103.866,7.9,68.5,0,0,0.0,0.0,0,0,0,0,False,0,0.0,0.0,0.0
1790800104.866,12.1,68.9,0,2354971,0.0,22.0,0,0,0,0,False,0,0.0,0.0,0.0
1790800105.867,8.7,69.0,0,159731,0.0,12.0,0,0,0,0,False,0,0.0,0.0,0.0
1790800106.867,7.2,69.0,0,8388158,0.0,64.0,0,0,0,0,False,0,0.0,0.0,0.0
1790800107.867,10.2,68.9,0,0,0.0,0.0,0,0,0,0,False,0,0.0,0.0,0.0
1790800108.867,7.0,68.8,0,0,0.0,0.0,0,0,0,0,False,0,0.0,0.0,0.0
1790800109.867,6.8,68.8,0,368613,0.0,9.0,0,0,0,0,False,0,0.0,0.0,0.0
1790800110.867,6.8,68.8,0,0,0.0,0.0,0,0,0,0,False,0,0.0,0.0,0.0
1790800111.867,6.6,68.7,0,126966,0.0,2.0,0,0,0,0,False,0,0.0,0.0,0.0
1790800112.867,6.8,68.7,0,0,0.0,0.0,0,0,0,0,False,0,0.0,0.0,0.0
1790800113.867,9.7,68.4,0,0,0.0,0.0,0,0,0,0,False,0,0.0,0.0,0.0
1790800114.867,6.9,68.3,0,0,0.0,0.0,0,0,0,0,False,0,0.0,0.0,0.0
1790800115.867,6.9,68.4,0,0,0.0,0.0,0,0,0,0,False,0,0.0,0.0,0.0
1790800116.867,6.8,68.4,0,0,0.0,0.0,0,0,0,0,False,0,0.0,0.0,0.0
1790800117.867,6.8,68.3,0,0,0.0,0.0,0,0,0,0,False,0,0.0,0.0,0.0
1790800118.867,7.0,68.1,0,0,0.0,0.0,0,0,0,0,False,0,0.0,0.0,0.0
1790800119.868,6.7,68.1,0,4096,0.0,1.0,0,0,0,0,False,0,0.0,0.0,0.0
1790800120.868,7.3,68.2,0,0,0.0,0.0,0,0,0,0,False,0,0.0,0.0,0.0
1790800121.868,8.1,68.1,0,0,0.0,0.0,0,0,0,0,False,0,0.0,0.0,0.0
1790800122.868,8.2,68.1,0,0,0.0,0.0,0,0,0,0,False,0,0.0,0.0,0.0
1790800123.868,8.8,68.2,0,0,0.0,0.0,0,0,0,0,False,0,0.0,0.0,0.0
1790800124.868,8.2,68.1,0,28670,0.0,3.0,0,0,0,0,False,0,0.0,0.0,0.0
1790800125.868,8.1,68.1,0,0,0.0,0.0,0,0,0,0,False,0,0.0,0.0,0.0
1790800126.868,7.6,68.1,0,0,0.0,0.0,0,0,0,0,False,0,0.0,0.0,0.0
1790800127.868,7.1,68.1,0,0,0.0,0.0,0,0,0,0,False,0,0.0,0.0,0.0
1790800128.868,6.7,68.1,0,0,0.0,0.0,0,0,0,0,False,0,0.0,0.0,0.0
1790800129.868,6.9,68.1,0,0,0.0,0.0,0,0,0,0,False,0,0.0,0.0,0.0
1790800130.868,6.9,68.2,0,0,0.0,0.0,0,0,0,0,False,0,0.0,0.0,0.0
1790800131.868,6.8,68.1,0,0,0.0,0.0,0,0,0,0,False,0,0.0,0.0,0.0
1790800132.868,6.9,68.1,0,16383,0.0,1.0,0,0,0,0,False,0,0.0,0.0,0.0
1790800133.869,11.2,68.4,0,1429402,0.0,99.0,0,0,0,0,False,0,0.0,0.0,0.0
1790800134.869,7.3,68.1,0,221176,0.0,27.0,0,0,0,0,False,0,0.0,0.0,0.0
1790800135.869,7.0,68.1,0,2981678,0.0,35.0,0,0,0,0,False,0,0.0,0.0,0.0
1790800136.869,10.1,68.1,0,0,0.0,0.0,0,0,0,0,False,0,0.0,0.0,0.0
1790800137.869,7.0,68.1,0,19888730,0.0,154.0,0,0,0,0,False,0,0.0,0.0,0.0
1790800138.869,6.9,68.1,0,0,0.0,0.0,0,0,0,0,False,0,0.0,0.0,0.0
1790800139.869,6.9,68.0,0,106488,0.0,2.0,0,0,0,0,False,0,0.0,0.0,0.0
1790800140.869,7.1,68.0,0,1339295,0.0,15.0,0,0,0,0,False,0,0.0,0.0,0.0
1790800141.869,6.9,68.1,0,0,0.0,0.0,0,0,0,0,False,0,0.0,0.0,0.0
1790800142.869,6.8,68.0,0,0,0.0,0.0,0,0,0,0,False,0,0.0,0.0,0.0
1790800143.869,7.3,68.0,0,0,0.0,0.0,0,0,0,0,False,0,0.0,0.0,0.0
1790800144.869,7.0,67.9,0,0,0.0,0.0,0,0,0,0,False,0,0.0,0.0,0.0
1790800145.869,7.0,68.0,0,0,0.0,0.0,0,0,0,0,False,0,0.0,0.0,0.0
1790800146.869,6.9,68.0,0,24574,0.0,2.0,0,0,0,0,False,0,0.0,0.0,0.0
1790800147.870,10.6,68.1,0,0,0.0,0.0,0,0,0,0,False,0,0.0,0.0,0.0
1790800148.870,27.4,69.2,0,430053,0.0,8.0,0,0,0,0,False,0,0.0,0.0,0.0
1790800149.870,45.3,69.4,0,0,0.0,0.0,3,2,0,3,False,0,0.0,0.0,0.0
1790800150.870,26.2,69.6,0,905146,0.0,17.0,1,1,0,1,False,0,0.0,0.0,0.0
1790800151.870,67.0,69.7,0,0,0.0,0.0,1,12,0,1,False,0,0.0,0.0,0.0
1790800152.870,13.4,69.0,0,49148,0.0,2.0,0,0,0,0,False,0,0.0,0.0,0.0
1790800153.870,9.9,69.0,0,0,0.0,0.0,0,0,0,0,False,0,0.0,0.0,0.0
1790800154.870,7.0,69.0,0,0,0.0,0.0,0,0,0,0,False,0,0.0,0.0,0.0
1790800155.871,6.9,69.0,0,0,0.0,0.0,0,0,0,0,False,0,0.0,0.0,0.0
1790800156.871,7.1,68.9,0,557029,0.0,6.0,0,0,0,0,False,0,0.0,0.0,0.0
1790800157.871,7.0,68.9,0,18963002,0.0,153.0,0,0,0,0,False,0,0.0,0.0,0.0
1790800158.871,6.9,68.8,0,0,0.0,0.0,0,0,0,0,False,0,0.0,0.0,0.0
1790800159.871,7.1,68.7,0,0,0.0,0.0,0,0,0,0,False,0,0.0,0.0,0.0
1790800160.871,7.3,68.7,0,0,0.0,0.0,0,0,0,0,False,0,0.0,0.0,0.0
1790800161.871,7.6,68.7,0,0,0.0,0.0,0,0,0,0,False,0,0.0,0.0,0.0
1790800162.871,7.4,68.6,0,13876113,0.0,109.0,0,0,0,0,False,0,0.0,0.0,0.0
1790800163.871,7.6,68.6,0,0,0.0,0.0,0,0,0,0,False,0,0.0,0.0,0.0
1790800164.871,7.2,68.6,0,937901,0.0,118.0,0,0,0,0,False,0,0.0,0.0,0.0
1790800165.871,7.1,68.5,0,2404169,0.0,23.0,0,0,0,0,False,0,0.0,0.0,0.0
1790800166.871,7.5,68.5,0,0,0.0,0.0,0,0,0,0,False,0,0.0,0.0,0.0
1790800167.871,7.3,68.5,0,0,0.0,0.0,0,0,0,0,False,0,0.0,0.0,0.0
1790800168.872,7.5,68.3,0,1236903,0.0,10.0,0,0,0,0,False,0,0.0,0.0,0.0
1790800169.872,6.8,68.3,0,0,0.0,0.0,0,0,0,0,False,0,0.0,0.0,0.0
1790800170.872,7.1,68.3,0,0,0.0,0.0,0,0,0,0,False,0,0.0,0.0,0.0
1790800171.872,7.1,68.3,0,573388,0.0,12.0,0,0,0,0,False,0,0.0,0.0,0.0
1790800172.872,8.0,68.3,0,0,0.0,0.0,0,0,0,0,False,0,0.0,0.0,0.0
1790800173.872,7.6,68.3,0,0,0.0,0.0,0,0,0,0,False,0,0.0,0.0,0.0
1790800174.872,6.8,68.2,0,0,0.0,0.0,0,0,0,0,False,0,0.0,0.0,0.0
1790800175.872,10.1,68.3,0,0,0.0,0.0,0,0,0,0,False,0,0.0,0.0,0.0
1790800176.872,6.9,68.2,0,0,0.0,0.0,0,0,0,0,False,0,0.0,0.0,0.0
1790800177.872,6.8,68.2,0,20479,0.0,2.0,0,0,0,0,False,0,0.0,0.0,0.0
1790800178.872,7.5,68.1,0,23222576,0.0,195.0,0,0,0,0,False,0,0.0,0.0,0.0
1790800179.872,6.9,67.8,0,0,0.0,0.0,0,0,0,0,False,0,0.0,0.0,0.0
1790800180.872,6.6,67.8,0,4096,0.0,1.0,0,0,0,0,False,0,0.0,0.0,0.0
1790800181.872,6.9,67.8,0,1351581,0.0,17.0,0,0,0,0,False,0,0.0,0.0,0.0
1790800182.873,8.6,67.8,0,0,0.0,0.0,0,0,0,0,False,0,0.0,0.0,0.0
1790800183.873,10.1,67.7,0,16776004,0.0,130.0,0,0,0,0,False,0,0.0,0.0,0.0
1790800184.873,6.8,67.6,0,106488,0.0,2.0,0,0,0,0,False,0,0.0,0.0,0.0
1790800185.873,6.9,67.6,0,0,0.0,0.0,0,0,0,0,False,0,0.0,0.0,0.0
1790800186.873,6.8,67.6,0,0,0.0,0.0,0,0,0,0,False,0,0.0,0.0,0.0
1790800187.873,6.8,67.6,0,0,0.0,0.0,0,0,0,0,False,0,0.0,0.0,0.0
1790800188.873,6.8,67.6,0,0,0.0,0.0,0,0,0,0,False,0,0.0,0.0,0.0
1790800189.873,6.8,67.6,0,0,0.0,0.0,0,0,0,0,False,0,0.0,0.0,0.0
1790800190.873,7.0,67.6,0,0,0.0,0.0,0,0,0,0,False,0,0.0,0.0,0.0
1790800191.873,6.7,67.6,0,0,0.0,0.0,0,0,0,0,False,0,0.0,0.0,0.0
1790800192.873,7.8,67.7,0,0,0.0,0.0,0,0,0,0,False,0,0.0,0.0,0.0
1790800193.873,8.6,68.2,0,0,0.0,0.0,0,0,0,0,False,0,0.0,0.0,0.0
1790800194.873,11.4,69.0,2133864,266221,59.0,9.0,0,0,0,0,False,0,0.0,0.0,0.0
1790800195.874,14.1,69.8,1781632,274412,97.0,55.0,0,0,0,0,False,0,0.0,0.0,0.0
1790800196.874,16.8,69.9,1146821,3452750,29.0,43.0,0,0,0,0,False,0,0.0,0.0,0.0
1790800197.874,14.5,69.9,0,0,0.0,0.0,0,0,0,0,False,0,0.0,0.0,0.0
1790800198.874,7.5,69.9,0,2068327,0.0,388.0,0,0,0,0,False,0,0.0,0.0,0.0
1790800199.874,6.6,69.8,0,0,0.0,0.0,0,0,0,0,False,0,0.0,0.0,0.0
1790800200.874,7.4,69.8,0,0,0.0,0.0,0,0,0,0,False,0,0.0,0.0,0.0
1790800201.874,6.8,69.8,0,0,0.0,0.0,0,0,0,0,False,0,0.0,0.0,0.0
1790800202.874,6.8,69.7,0,36862,0.0,7.0,0,0,0,0,False,0,0.0,0.0,0.0
1790800203.874,7.5,69.7,0,184306,0.0,4.0,0,0,0,0,False,0,0.0,0.0,0.0
1790800204.874,6.7,69.6,0,0,0.0,0.0,0,0,0,0,False,0,0.0,0.0,0.0
1790800205.874,10.6,69.6,0,0,0.0,0.0,0,0,0,0,False,0,0.0,0.0,0.0
1790800206.874,7.0,69.6,0,0,0.0,0.0,0,0,0,0,False,0,0.0,0.0,0.0
1790800207.874,6.6,69.5,0,0,0.0,0.0,0,0,0,0,False,0,0.0,0.0,0.0
1790800208.874,6.7,69.5,0,77818,0.0,4.0,0,0,0,0,False,0,0.0,0.0,0.0
1790800209.874,6.4,69.4,0,0,0.0,0.0,0,0,0,0,False,0,0.0,0.0,0.0
1790800210.875,6.7,69.4,0,0,0.0,0.0,0,0,0,0,False,0,0.0,0.0,0.0
1790800211.875,6.7,69.3,0,0,0.0,0.0,0,0,0,0,False,0,0.0,0.0,0.0
1790800212.875,6.8,69.3,0,90106,0.0,1.0,0,0,0,0,False,0,0.0,0.0,0.0
1790800213.875,10.0,69.2,4096,19884648,1.0,154.0,0,0,0,0,False,0,0.0,0.0,0.0
1790800214.875,6.7,69.2,0,77818,0.0,2.0,0,0,0,0,False,0,0.0,0.0,0.0
1790800215.875,6.6,69.2,4096,4096,1.0,1.0,0,0,0,0,False,0,0.0,0.0,0.0
1790800216.875,7.6,69.2,20478,8191,2.0,3.0,0,0,0,0,False,0,0.0,0.0,0.0
1790800217.875,6.5,69.2,0,16383,0.0,1.0,0,0,0,0,False,0,0.0,0.0,0.0
1790800218.875,6.4,69.1,0,0,0.0,0.0,0,0,0,0,False,0,0.0,0.0,0.0
1790800219.875,6.5,69.1,0,0,0.0,0.0,0,0,0,0,False,0,0.0,0.0,0.0
1790800220.875,6.6,69.1,0,507864,0.0,5.0,0,0,0,0,False,0,0.0,0.0,0.0
1790800221.875,6.4,69.1,0,0,0.0,0.0,0,0,0,0,False,0,0.0,0.0,0.0
1790800222.875,6.7,69.2,0,0,0.0,0.0,0,0,0,0,False,0,0.0,0.0,0.0
1790800223.876,7.2,69.1,0,0,0.0,0.0,0,0,0,0,False,0,0.0,0.0,0.0
1790800224.876,7.3,69.0,0,286706,0.0,33.0,0,0,0,0,False,0,0.0,0.0,0.0
1790800225.876,7.6,68.8,0,0,0.0,0.0,0,0,0,0,False,0,0.0,0.0,0.0
1790800226.876,6.9,68.7,0,1097637,0.0,140.0,0,0,0,0,False,0,0.0,0.0,0.0
1790800227.876,6.4,68.7,0,39285507,0.0,340.0,0,0,0,0,False,0,0.0,0.0,0.0
1790800228.876,6.9,68.7,0,0,0.0,0.0,0,0,0,0,False,0,0.0,0.0,0.0
1790800229.876,6.6,68.7,0,0,0.0,0.0,0,0,0,0,False,0,0.0,0.0,0.0
1790800230.876,6.9,68.7,0,0,0.0,0.0,0,0,0,0,False,0,0.0,0.0,0.0
1790800231.876,6.6,68.7,0,3534595,0.0,252.0,0,0,0,0,False,0,0.0,0.0,0.0
1790800232.876,6.6,68.7,0,4096,0.0,1.0,0,0,0,0,False,0,0.0,0.0,0.0
1790800233.876,13.0,68.4,0,12287,0.0,3.0,0,0,0,0,False,0,0.0,0.0,0.0
1790800234.876,6.7,68.4,0,1613704,0.0,18.0,0,0,0,0,False,0,0.0,0.0,0.0
1790800235.876,6.7,68.4,0,4096,0.0,1.0,0,0,0,0,False,0,0.0,0.0,0.0
1790800236.877,6.7,68.4,0,0,0.0,0.0,0,0,0,0,False,0,0.0,0.0,0.0
1790800237.877,6.3,68.4,0,217075,0.0,3.0,0,0,0,0,False,0,0.0,0.0,0.0
1790800238.877,6.8,68.4,0,0,0.0,0.0,0,0,0,0,False,0,0.0,0.0,0.0
1790800239.877,6.7,68.4,0,1253284,0.0,11.0,0,0,0,0,False,0,0.0,0.0,0.0
1790800240.877,6.9,68.4,0,0,0.0,0.0,0,0,0,0,False,0,0.0,0.0,0.0
1790800241.877,6.6,68.3,0,0,0.0,0.0,0,0,0,0,False,0,0.0,0.0,0.0
1790800242.877,6.8,68.3,0,0,0.0,0.0,0,0,0,0,False,0,0.0,0.0,0.0
1790800243.877,7.6,68.3,0,0,0.0,0.0,0,0,0,0,False,0,0.0,0.0,0.0
1790800244.877,6.6,68.3,0,57340,0.0,2.0,0,0,0,0,False,0,0.0,0.0,0.0
1790800245.877,6.7,68.3,0,86010,0.0,11.0,0,0,0,0,False,0,0.0,0.0,0.0
1790800246.877,6.6,68.2,0,0,0.0,0.0,0,0,0,0,False,0,0.0,0.0,0.0
1790800247.877,6.6,68.3,0,4096,0.0,1.0,0,0,0,0,False,0,0.0,0.0,0.0
1790800248.877,6.9,68.3,0,0,0.0,0.0,0,0,0,0,False,0,0.0,0.0,0.0
1790800249.877,7.3,68.1,0,0,0.0,0.0,0,0,0,0,False,0,0.0,0.0,0.0
1790800250.878,11.2,68.4,0,0,0.0,0.0,0,0,0,0,False,0,0.0,0.0,0.0
1790800251.878,8.5,68.6,0,212984,0.0,13.0,0,0,0,0,False,0,0.0,0.0,0.0
1790800252.878,6.6,68.6,0,0,0.0,0.0,0,0,0,0,False,0,0.0,0.0,0.0
1790800253.878,8.9,68.8,0,0,0.0,0.0,0,0,0,0,False,0,0.0,0.0,0.0
1790800254.878,6.6,68.7,0,0,0.0,0.0,0,0,0,0,False,0,0.0,0.0,0.0
1790800255.878,6.7,68.8,0,8191,0.0,2.0,0,0,0,0,False,0,0.0,0.0,0.0
1790800256.878,6.6,68.8,0,0,0.0,0.0,0,0,0,0,False,0,0.0,0.0,0.0
1790800257.878,6.8,68.9,0,45053,0.0,2.0,0,0,0,0,False,0,0.0,0.0,0.0
1790800258.878,6.6,68.8,0,0,0.0,0.0,0,0,0,0,False,0,0.0,0.0,0.0
1790800259.878,6.6,68.8,0,0,0.0,0.0,0,0,0,0,False,0,0.0,0.0,0.0
1790800260.878,6.9,68.8,0,147445,0.0,5.0,0,0,0,0,False,0,0.0,0.0,0.0
1790800261.878,9.4,68.7,0,0,0.0,0.0,0,0,0,0,False,0,0.0,0.0,0.0
1790800262.878,9.9,68.7,0,679886,0.0,89.0,0,0,0,0,False,0,0.0,0.0,0.0
1790800263.878,7.1,68.6,0,2817844,0.0,28.0,0,0,0,0,False,0,0.0,0.0,0.0
1790800264.879,6.7,68.6,0,24574,0.0,4.0,0,0,0,0,False,0,0.0,0.0,0.0
1790800265.879,6.6,68.6,0,0,0.0,0.0,0,0,0,0,False,0,0.0,0.0,0.0
1790800266.879,6.8,68.6,0,0,0.0,0.0,0,0,0,0,False,0,0.0,0.0,0.0
1790800267.879,6.6,68.6,0,0,0.0,0.0,0,0,0,0,False,0,0.0,0.0,0.0
1790800268.879,6.9,68.5,0,20479,0.0,1.0,0,0,0,0,False,0,0.0,0.0,0.0
1790800269.879,6.9,68.6,0,1261478,0.0,12.0,0,0,0,0,False,0,0.0,0.0,0.0
1790800270.879,6.9,68.5,0,12287,0.0,2.0,0,0,0,0,False,0,0.0,0.0,0.0
1790800271.879,6.7,68.6,0,0,0.0,0.0,0,0,0,0,False,0,0.0,0.0,0.0
1790800272.879,6.8,68.6,0,0,0.0,0.0,0,0,0,0,False,0,0.0,0.0,0.0
1790800273.879,9.6,68.5,0,0,0.0,0.0,0,0,0,0,False,0,0.0,0.0,0.0
1790800274.879,7.0,68.5,0,0,0.0,0.0,0,0,0,0,False,0,0.0,0.0,0.0
1790800275.879,7.2,68.5,0,65531,0.0,2.0,0,0,0,0,False,0,0.0,0.0,0.0
1790800276.879,6.8,68.3,0,49148,0.0,8.0,0,0,0,0,False,0,0.0,0.0,0.0
1790800277.879,6.9,68.4,0,0,0.0,0.0,0,0,0,0,False,0,0.0,0.0,0.0
1790800278.880,6.8,68.4,0,0,0.0,0.0,0,0,0,0,False,0,0.0,0.0,0.0
1790800279.880,6.6,68.4,0,98299,0.0,10.0,0,0,0,0,False,0,0.0,0.0,0.0
1790800280.880,7.5,68.0,0,0,0.0,0.0,0,0,0,0,False,0,0.0,0.0,0.0
1790800281.880,6.8,68.0,0,0,0.0,0.0,0,0,0,0,False,0,0.0,0.0,0.0
1790800282.880,6.8,68.0,0,0,0.0,0.0,0,0,0,0,False,0,0.0,0.0,0.0
1790800283.880,7.5,68.0,0,1322903,0.0,13.0,0,0,0,0,False,0,0.0,0.0,0.0
1790800284.880,7.0,67.9,0,106488,0.0,10.0,0,0,0,0,False,0,0.0,0.0,0.0
1790800285.880,6.8,67.9,0,0,0.0,0.0,0,0,0,0,False,0,0.0,0.0,0.0
1790800286.880,7.3,67.9,0,0,0.0,0.0,0,0,0,0,False,0,0.0,0.0,0.0
1790800287.880,7.1,67.9,0,0,0.0,0.0,0,0,0,0,False,0,0.0,0.0,0.0
1790800288.880,7.1,67.9,0,8191,0.0,1.0,0,0,0,0,False,0,0.0,0.0,0.0
1790800289.880,7.0,67.9,0,421858,0.0,5.0,0,0,0,0,False,0,0.0,0.0,0.0
1790800290.880,7.0,67.9,0,0,0.0,0.0,0,0,0,0,False,0,0.0,0.0,0.0
1790800291.881,17.8,68.3,0,122871,0.0,5.0,0,0,0,0,False,0,0.0,0.0,0.0
1790800292.881,32.3,68.7,0,0,0.0,0.0,1,0,0,1,False,0,0.0,0.0,0.0
1790800293.881,21.9,67.9,0,2985731,0.0,34.0,0,0,0,0,False,0,0.0,0.0,0.0
1790800294.881,6.9,68.0,0,479190,0.0,6.0,0,0,0,0,False,0,0.0,0.0,0.0
1790800295.881,7.1,67.9,0,114680,0.0,7.0,0,0,0,0,False,0,0.0,0.0,0.0
1790800296.881,6.8,68.0,0,0,0.0,0.0,0,0,0,0,False,0,0.0,0.0,0.0
1790800297.881,6.9,67.9,0,0,0.0,0.0,0,0,0,0,False,0,0.0,0.0,0.0
1790800298.881,7.1,68.0,0,0,0.0,0.0,0,0,0,0,False,0,0.0,0.0,0.0
1790800299.881,7.0,67.9,0,421858,0.0,80.0,0,0,0,0,False,0,0.0,0.0,0.0
1790800300.881,7.1,67.9,0,53244,0.0,2.0,0,0,0,0,False,0,0.0,0.0,0.0
1790800301.881,6.9,67.9,0,16383,0.0,1.0,0,0,0,0,False,0,0.0,0.0,0.0
1790800302.881,7.3,67.9,0,0,0.0,0.0,0,0,0,0,False,0,0.0,0.0,0.0
1790800303.881,9.2,67.9,0,0,0.0,0.0,0,0,0,0,False,0,0.0,0.0,0.0
1790800304.882,6.8,67.9,0,4096,0.0,1.0,0,0,0,0,False,0,0.0,0.0,0.0
1790800305.882,13.0,68.1,0,32766,0.0,1.0,0,0,0,0,False,0,0.0,0.0,0.0
1790800306.882,27.4,68.8,0,208880,0.0,12.0,0,0,0,0,False,0,0.0,0.0,0.0
1790800307.882,27.1,68.0,0,49148,0.0,2.0,0,0,0,0,False,0,0.0,0.0,0.0
1790800308.882,6.9,68.0,0,4096,0.0,1.0,0,0,0,0,False,0,0.0,0.0,0.0
1790800309.882,6.7,68.0,0,0,0.0,0.0,0,0,0,0,False,0,0.0,0.0,0.0
1790800310.882,6.7,68.0,0,0,0.0,0.0,0,0,0,0,False,0,0.0,0.0,0.0
1790800311.882,6.9,68.0,0,0,0.0,0.0,0,0,0,0,False,0,0.0,0.0,0.0
1790800312.882,6.6,68.0,0,192497,0.0,3.0,0,0,0,0,False,0,0.0,0.0,0.0
1790800313.882,11.2,68.0,0,0,0.0,0.0,0,0,0,0,False,0,0.0,0.0,0.0
1790800314.882,22.2,68.5,0,32765,0.0,1.0,0,0,0,0,False,0,0.0,0.0,0.0
1790800315.882,38.4,68.8,0,0,0.0,0.0,2,1,0,2,False,0,0.0,0.0,0.0
1790800316.882,18.3,68.1,0,49148,0.0,2.0,0,0,0,0,False,0,0.0,0.0,0.0
1790800317.882,7.0,68.1,0,0,0.0,0.0,0,0,0,0,False,0,0.0,0.0,0.0
1790800318.883,7.0,68.1,0,585681,0.0,6.0,0,0,0,0,False,0,0.0,0.0,0.0
1790800319.883,6.7,68.0,0,0,0.0,0.0,0,0,0,0,False,0,0.0,0.0,0.0
1790800320.883,6.8,68.0,0,0,0.0,0.0,0,0,0,0,False,0,0.0,0.0,0.0
1790800321.883,6.6,68.0,0,90105,0.0,11.0,0,0,0,0,False,0,0.0,0.0,0.0
1790800322.883,6.6,68.0,0,0,0.0,0.0,0,0,0,0,False,0,0.0,0.0,0.0
1790800323.883,7.1,68.0,0,0,0.0,0.0,0,0,0,0,False,0,0.0,0.0,0.0
1790800324.883,6.8,68.0,0,1621899,0.0,17.0,0,0,0,0,False,0,0.0,0.0,0.0
1790800325.883,6.7,68.0,0,0,0.0,0.0,0,0,0,0,False,0,0.0,0.0,0.0
1790800326.883,6.7,68.0,0,176115,0.0,3.0,0,0,0,0,False,0,0.0,0.0,0.0
1790800327.883,7.4,67.9,0,593876,0.0,12.0,0,0,0,0,False,0,0.0,0.0,0.0
1790800328.883,6.6,68.0,0,0,0.0,0.0,0,0,0,0,False,0,0.0,0.0,0.0
1790800329.883,9.8,67.9,0,0,0.0,0.0,0,0,0,0,False,0,0.0,0.0,0.0
1790800330.883,10.4,67.9,0,0,0.0,0.0,0,0,0,0,False,0,0.0,0.0,0.0
1790800331.884,6.5,67.9,0,716748,0.0,81.0,0,0,0,0,False,0,0.0,0.0,0.0
1790800332.884,6.6,67.9,0,0,0.0,0.0,0,0,0,0,False,0,0.0,0.0,0.0
1790800333.884,7.1,67.9,0,0,0.0,0.0,0,0,0,0,False,0,0.0,0.0,0.0
1790800334.884,6.6,67.9,0,0,0.0,0.0,0,0,0,0,False,0,0.0,0.0,0.0
1790800335.884,6.9,68.0,0,0,0.0,0.0,0,0,0,0,False,0,0.0,0.0,0.0
1790800336.884,11.5,68.4,0,81916,0.0,3.0,0,0,0,0,False,0,0.0,0.0,0.0
1790800337.884,8.6,68.3,0,163827,0.0,12.0,0,0,0,0,False,0,0.0,0.0,0.0
1790800338.884,7.1,68.3,0,0,0.0,0.0,0,0,0,0,False,0,0.0,0.0,0.0
1790800339.884,6.9,68.3,0,0,0.0,0.0,0,0,0,0,False,0,0.0,0.0,0.0
1790800340.884,12.7,68.5,0,0,0.0,0.0,0,0,0,0,False,0,0.0,0.0,0.0
1790800341.884,23.8,69.2,0,32766,0.0,1.0,0,0,0,0,False,0,0.0,0.0,0.0
1790800342.884,34.8,68.5,0,217072,0.0,5.0,0,0,0,0,False,0,0.0,0.0,0.0
1790800343.884,8.0,68.5,0,675790,0.0,10.0,0,0,0,0,False,0,0.0,0.0,0.0
1790800344.884,6.8,68.4,0,0,0.0,0.0,0,0,0,0,False,0,0.0,0.0,0.0
1790800345.885,6.8,68.4,0,0,0.0,0.0,0,0,0,0,False,0,0.0,0.0,0.0
1790800346.885,6.8,68.4,0,0,0.0,0.0,0,0,0,0,False,0,0.0,0.0,0.0
1790800347.885,6.7,68.4,0,15027131,0.0,117.0,0,0,0,0,False,0,0.0,0.0,0.0
1790800348.885,6.9,68.4,0,155636,0.0,3.0,0,0,0,0,False,0,0.0,0.0,0.0
1790800349.885,6.5,68.3,0,0,0.0,0.0,0,0,0,0,False,0,0.0,0.0,0.0
1790800350.885,7.0,68.3,0,0,0.0,0.0,0,0,0,0,False,0,0.0,0.0,0.0
1790800351.885,6.8,68.3,0,0,0.0,0.0,0,0,0,0,False,0,0.0,0.0,0.0
1790800352.885,7.3,68.3,0,0,0.0,0.0,0,0,0,0,False,0,0.0,0.0,0.0
1790800353.885,7.2,68.3,0,28670,0.0,2.0,0,0,0,0,False,0,0.0,0.0,0.0
1790800354.885,9.6,68.2,0,0,0.0,0.0,0,0,0,0,False,0,0.0,0.0,0.0
1790800355.885,7.0,68.3,0,2408259,0.0,25.0,0,0,0,0,False,0,0.0,0.0,0.0
1790800356.885,7.8,68.3,0,0,0.0,0.0,0,0,0,0,False,0,0.0,0.0,0.0
1790800357.885,8.6,68.2,0,0,0.0,0.0,0,0,0,0,False,0,0.0,0.0,0.0
1790800358.886,8.5,68.1,0,188402,0.0,9.0,0,0,0,0,False,0,0.0,0.0,0.0
1790800359.886,8.4,68.0,0,0,0.0,0.0,0,0,0,0,False,0,0.0,0.0,0.0
1790800360.886,8.1,68.0,0,4096,0.0,1.0,0,0,0,0,False,0,0.0,0.0,0.0
1790800361.886,7.7,68.0,0,1093525,0.0,17.0,0,0,0,0,False,0,0.0,0.0,0.0
1790800362.886,6.8,68.0,0,327656,0.0,63.0,0,0,0,0,False,0,0.0,0.0,0.0
1790800363.886,10.4,68.0,0,0,0.0,0.0,0,0,0,0,False,0,0.0,0.0,0.0
1790800364.886,6.9,68.0,0,0,0.0,0.0,0,0,0,0,False,0,0.0,0.0,0.0
1790800365.886,6.9,68.0,0,278508,0.0,26.0,0,0,0,0,False,0,0.0,0.0,0.0
1790800366.886,7.4,67.7,0,0,0.0,0.0,0,0,0,0,False,0,0.0,0.0,0.0
1790800367.886,6.8,67.7,0,0,0.0,0.0,0,0,0,0,False,0,0.0,0.0,0.0
1790800368.886,7.3,67.7,0,0,0.0,0.0,0,0,0,0,False,0,0.0,0.0,0.0
1790800369.886,6.8,67.7,0,0,0.0,0.0,0,0,0,0,False,0,0.0,0.0,0.0
1790800370.886,6.8,67.7,0,1339296,0.0,15.0,0,0,0,0,False,0,0.0,0.0,0.0
1790800371.887,6.9,67.7,0,0,0.0,0.0,0,0,0,0,False,0,0.0,0.0,0.0
1790800372.887,9.2,67.7,0,98300,0.0,4.0,0,0,0,0,False,0,0.0,0.0,0.0
1790800373.887,14.4,68.5,0,135158,0.0,3.0,0,0,0,0,False,0,0.0,0.0,0.0
1790800374.887,10.0,68.5,0,0,0.0,0.0,0,0,0,0,False,0,0.0,0.0,0.0
1790800375.887,9.3,68.6,0,1990513,0.0,45.0,0,0,0,0,False,0,0.0,0.0,0.0
1790800376.887,6.9,68.6,8191,0,2.0,0.0,0,0,0,0,False,0,0.0,0.0,0.0
1790800377.887,6.8,68.6,0,12287,0.0,1.0,0,0,0,0,False,0,0.0,0.0,0.0
1790800378.887,6.9,68.5,0,937917,0.0,12.0,0,0,0,0,False,0,0.0,0.0,0.0
1790800379.887,7.1,68.5,0,0,0.0,0.0,0,0,0,0,False,0,0.0,0.0,0.0
1790800380.887,7.3,68.5,0,0,0.0,0.0,0,0,0,0,False,0,0.0,0.0,0.0
1790800381.887,7.2,68.5,0,40957,0.0,2.0,0,0,0,0,False,0,0.0,0.0,0.0
1790800382.887,6.9,68.5,0,0,0.0,0.0,0,0,0,0,False,0,0.0,0.0,0.0
1790800383.887,9.4,68.5,0,0,0.0,0.0,0,0,0,0,False,0,0.0,0.0,0.0
1790800384.887,6.8,68.5,0,0,0.0,0.0,0,0,0,0,False,0,0.0,0.0,0.0
1790800385.888,7.1,68.5,0,0,0.0,0.0,0,0,0,0,False,0,0.0,0.0,0.0
1790800386.888,7.2,68.5,0,0,0.0,0.0,0,0,0,0,False,0,0.0,0.0,0.0
1790800387.888,6.9,68.5,0,0,0.0,0.0,0,0,0,0,False,0,0.0,0.0,0.0
1790800388.888,6.8,68.5,0,0,0.0,0.0,0,0,0,0,False,0,0.0,0.0,0.0
1790800389.888,6.7,68.5,0,0,0.0,0.0,0,0,0,0,False,0,0.0,0.0,0.0
1790800390.888,6.9,68.4,0,12287,0.0,3.0,0,0,0,0,False,0,0.0,0.0,0.0
1790800391.888,7.0,68.5,0,2965290,0.0,32.0,0,0,0,0,False,0,0.0,0.0,0.0
1790800392.888,7.0,68.5,0,0,0.0,0.0,0,0,0,0,False,0,0.0,0.0,0.0
1790800393.888,7.1,68.5,0,1253286,0.0,11.0,0,0,0,0,False,0,0.0,0.0,0.0
1790800394.888,6.7,68.4,0,0,0.0,0.0,0,0,0,0,False,0,0.0,0.0,0.0
1790800395.888,6.9,68.4,0,61436,0.0,2.0,0,0,0,0,False,0,0.0,0.0,0.0
1790800396.888,6.9,68.5,0,860100,0.0,90.0,0,0,0,0,False,0,0.0,0.0,0.0
1790800397.888,6.7,68.4,0,0,0.0,0.0,0,0,0,0,False,0,0.0,0.0,0.0
1790800398.888,6.9,68.5,0,0,0.0,0.0,0,0,0,0,False,0,0.0,0.0,0.0
1790800399.889,7.2,68.4,0,0,0.0,0.0,0,0,0,0,False,0,0.0,0.0,0.0
1790800400.889,6.7,68.4,0,0,0.0,0.0,0,0,0,0,False,0,0.0,0.0,0.0
1790800401.889,10.3,68.4,0,0,0.0,0.0,0,0,0,0,False,0,0.0,0.0,0.0
1790800402.889,6.4,68.4,0,36861,0.0,6.0,0,0,0,0,False,0,0.0,0.0,0.0
1790800403.889,7.5,68.3,0,102393,0.0,14.0,0,0,0,0,False,0,0.0,0.0,0.0
1790800404.889,6.9,68.0,0,53244,0.0,3.0,0,0,0,0,False,0,0.0,0.0,0.0
1790800405.889,13.8,68.3,0,0,0.0,0.0,0,0,0,0,False,0,0.0,0.0,0.0
1790800406.889,7.6,68.5,0,1548170,0.0,24.0,0,0,0,0,False,0,0.0,0.0,0.0
1790800407.889,7.6,68.4,0,86010,0.0,6.0,0,0,0,0,False,0,0.0,0.0,0.0
1790800408.889,6.7,68.4,0,0,0.0,0.0,0,0,0,0,False,0,0.0,0.0,0.0
1790800409.889,6.8,68.4,0,0,0.0,0.0,0,0,0,0,False,0,0.0,0.0,0.0
1790800410.889,7.6,68.4,0,0,0.0,0.0,0,0,0,0,False,0,0.0,0.0,0.0
1790800411.889,7.4,68.3,0,0,0.0,0.0,0,0,0,0,False,0,0.0,0.0,0.0
1790800412.889,6.6,68.4,0,12287,0.0,2.0,0,0,0,0,False,0,0.0,0.0,0.0
1790800413.890,7.3,68.1,0,0,0.0,0.0,0,0,0,0,False,0,0.0,0.0,0.0
1790800414.890,6.6,68.1,0,0,0.0,0.0,0,0,0,0,False,0,0.0,0.0,0.0
1790800415.890,6.7,68.1,0,0,0.0,0.0,0,0,0,0,False,0,0.0,0.0,0.0
1790800416.890,6.3,68.1,0,0,0.0,0.0,0,0,0,0,False,0,0.0,0.0,0.0
1790800417.890,6.6,68.1,0,0,0.0,0.0,0,0,0,0,False,0,0.0,0.0,0.0
1790800418.890,7.0,68.1,0,0,0.0,0.0,0,0,0,0,False,0,0.0,0.0,0.0
1790800419.890,6.5,68.2,0,32766,0.0,2.0,0,0,0,0,False,0,0.0,0.0,0.0
1790800420.890,6.4,68.1,0,0,0.0,0.0,0,0,0,0,False,0,0.0,0.0,0.0
1790800421.890,10.0,68.1,0,2854696,0.0,33.0,0,0,0,0,False,0,0.0,0.0,0.0
1790800422.890,6.7,68.2,0,0,0.0,0.0,0,0,0,0,False,0,0.0,0.0,0.0
1790800423.890,9.8,68.2,0,16383,0.0,1.0,0,0,0,0,False,0,0.0,0.0,0.0
1790800424.890,6.9,68.2,0,0,0.0,0.0,0,0,0,0,False,0,0.0,0.0,0.0
1790800425.890,6.9,68.2,0,0,0.0,0.0,0,0,0,0,False,0,0.0,0.0,0.0
1790800426.890,7.2,68.2,0,16383,0.0,2.0,0,0,0,0,False,0,0.0,0.0,0.0
1790800427.891,6.3,68.2,0,0,0.0,0.0,0,0,0,0,False,0,0.0,0.0,0.0
1790800428.891,6.7,68.2,0,0,0.0,0.0,0,0,0,0,False,0,0.0,0.0,0.0
1790800429.891,6.7,68.1,0,0,0.0,0.0,0,0,0,0,False,0,0.0,0.0,0.0
1790800430.891,6.5,68.2,0,0,0.0,0.0,0,0,0,0,False,0,0.0,0.0,0.0
1790800431.891,6.8,68.2,0,0,0.0,0.0,0,0,0,0,False,0,0.0,0.0,0.0
1790800432.891,7.4,68.2,0,12287,0.0,2.0,0,0,0,0,False,0,0.0,0.0,0.0
1790800433.891,8.8,68.5,0,1109933,0.0,49.0,0,0,0,0,False,0,0.0,0.0,0.0
1790800434.891,7.0,68.6,0,90105,0.0,8.0,0,0,0,0,False,0,0.0,0.0,0.0
1790800435.891,7.1,68.1,0,360419,0.0,29.0,0,0,0,0,False,0,0.0,0.0,0.0
1790800436.891,6.8,68.1,0,0,0.0,0.0,0,0,0,0,False,0,0.0,0.0,0.0
1790800437.891,6.9,68.1,0,1376142,0.0,13.0,0,0,0,0,False,0,0.0,0.0,0.0
1790800438.891,6.6,68.1,0,0,0.0,0.0,0,0,0,0,False,0,0.0,0.0,0.0
1790800439.891,6.6,68.1,0,0,0.0,0.0,0,0,0,0,False,0,0.0,0.0,0.0
1790800440.892,6.5,68.1,0,0,0.0,0.0,0,0,0,0,False,0,0.0,0.0,0.0
1790800441.892,6.8,68.2,0,98297,0.0,2.0,0,0,0,0,False,0,0.0,0.0,0.0
1790800442.892,6.8,68.2,0,0,0.0,0.0,0,0,0,0,False,0,0.0,0.0,0.0
1790800443.892,9.6,68.2,0,0,0.0,0.0,0,0,0,0,False,0,0.0,0.0,0.0
1790800444.892,6.6,68.2,0,0,0.0,0.0,0,0,0,0,False,0,0.0,0.0,0.0
1790800445.892,6.4,68.2,0,0,0.0,0.0,0,0,0,0,False,0,0.0,0.0,0.0
1790800446.892,6.7,68.2,0,0,0.0,0.0,0,0,0,0,False,0,0.0,0.0,0.0
1790800447.892,7.5,68.2,0,0,0.0,0.0,0,0,0,0,False,0,0.0,0.0,0.0
1790800448.892,8.8,68.4,0,114679,0.0,3.0,0,0,0,0,False,0,0.0,0.0,0.0
1790800449.892,9.5,68.6,0,0,0.0,0.0,0,0,0,0,False,0,0.0,0.0,0.0
1790800450.892,8.8,68.7,0,147445,0.0,12.0,0,0,0,0,False,0,0.0,0.0,0.0
1790800451.892,7.0,68.8,0,0,0.0,0.0,0,0,0,0,False,0,0.0,0.0,0.0
1790800452.892,6.9,68.8,0,2952992,0.0,28.0,0,0,0,0,False,0,0.0,0.0,0.0
1790800453.893,7.1,68.7,0,12287,0.0,3.0,0,0,0,0,False,0,0.0,0.0,0.0
1790800454.893,7.0,68.7,0,12287,0.0,2.0,0,0,0,0,False,0,0.0,0.0,0.0
1790800455.893,7.6,68.7,0,0,0.0,0.0,0,0,0,0,False,0,0.0,0.0,0.0
1790800456.893,6.6,68.7,0,20478,0.0,2.0,0,0,0,0,False,0,0.0,0.0,0.0
1790800457.893,6.5,68.7,0,0,0.0,0.0,0,0,0,0,False,0,0.0,0.0,0.0
1790800458.893,6.8,68.6,0,0,0.0,0.0,0,0,0,0,False,0,0.0,0.0,0.0
1790800459.893,6.5,68.6,0,0,0.0,0.0,0,0,0,0,False,0,0.0,0.0,0.0
1790800460.893,12.5,68.5,0,0,0.0,0.0,0,0,0,0,False,0,0.0,0.0,0.0
1790800461.893,6.9,68.5,0,0,0.0,0.0,0,0,0,0,False,0,0.0,0.0,0.0
1790800462.893,6.9,68.6,0,0,0.0,0.0,0,0,0,0,False,0,0.0,0.0,0.0
1790800463.893,7.4,68.5,0,0,0.0,0.0,0,0,0,0,False,0,0.0,0.0,0.0
1790800464.893,7.0,68.5,0,16383,0.0,2.0,0,0,0,0,False,0,0.0,0.0,0.0
1790800465.893,6.6,68.5,0,319466,0.0,61.0,0,0,0,0,False,0,0.0,0.0,0.0
1790800466.893,6.7,68.5,0,0,0.0,0.0,0,0,0,0,False,0,0.0,0.0,0.0
1790800467.894,6.6,68.5,0,4096,0.0,1.0,0,0,0,0,False,0,0.0,0.0,0.0
1790800468.894,6.9,68.5,0,1236928,0.0,10.0,0,0,0,0,False,0,0.0,0.0,0.0
1790800469.894,6.4,68.5,0,0,0.0,0.0,0,0,0,0,False,0,0.0,0.0,0.0
1790800470.894,6.4,68.5,0,0,0.0,0.0,0,0,0,0,False,0,0.0,0.0,0.0
1790800471.894,6.7,68.5,0,53244,0.0,2.0,0,0,0,0,False,0,0.0,0.0,0.0
1790800472.894,9.0,68.5,0,0,0.0,0.0,0,0,0,0,False,0,0.0,0.0,0.0
1790800473.894,7.3,68.3,0,0,0.0,0.0,0,0,0,0,False,0,0.0,0.0,0.0
1790800474.894,8.0,68.3,0,0,0.0,0.0,0,0,0,0,False,0,0.0,0.0,0.0
1790800475.894,6.9,68.3,0,0,0.0,0.0,0,0,0,0,False,0,0.0,0.0,0.0
1790800476.894,6.8,68.3,0,0,0.0,0.0,0,0,0,0,False,0,0.0,0.0,0.0
1790800477.894,6.7,68.3,0,65531,0.0,2.0,0,0,0,0,False,0,0.0,0.0,0.0
1790800478.894,7.1,68.2,0,139254,0.0,19.0,0,0,0,0,False,0,0.0,0.0,0.0
1790800479.894,7.2,67.9,0,114680,0.0,10.0,0,0,0,0,False,0,0.0,0.0,0.0
1790800480.894,6.8,67.9,0,0,0.0,0.0,0,0,0,0,False,0,0.0,0.0,0.0
1790800481.895,6.8,67.9,0,0,0.0,0.0,0,0,0,0,False,0,0.0,0.0,0.0
1790800482.895,6.7,67.9,0,0,0.0,0.0,0,0,0,0,False,0,0.0,0.0,0.0
1790800483.895,7.0,67.9,0,4259529,0.0,45.0,0,0,0,0,False,0,0.0,0.0,0.0
1790800484.895,9.0,67.9,0,98297,0.0,6.0,0,0,0,0,False,0,0.0,0.0,0.0
1790800485.895,6.6,67.8,0,12287,0.0,2.0,0,0,0,0,False,0,0.0,0.0,0.0
1790800486.895,7.5,67.9,0,0,0.0,0.0,0,0,0,0,False,0,0.0,0.0,0.0
1790800487.895,7.0,67.8,0,0,0.0,0.0,0,0,0,0,False,0,0.0,0.0,0.0
1790800488.895,6.9,67.8,0,0,0.0,0.0,0,0,0,0,False,0,0.0,0.0,0.0
1790800489.895,6.7,67.8,0,0,0.0,0.0,0,0,0,0,False,0,0.0,0.0,0.0
1790800490.895,6.7,67.8,0,0,0.0,0.0,0,0,0,0,False,0,0.0,0.0,0.0
1790800491.895,6.7,67.8,0,16383,0.0,2.0,0,0,0,0,False,0,0.0,0.0,0.0
1790800492.895,7.5,67.9,0,0,0.0,0.0,0,0,0,0,False,0,0.0,0.0,0.0
1790800493.895,8.3,68.4,0,0,0.0,0.0,0,0,0,0,False,0,0.0,0.0,0.0
1790800494.895,11.0,68.8,0,221167,0.0,6.0,0,0,0,0,False,0,0.0,0.0,0.0
1790800495.895,8.0,68.7,0,0,0.0,0.0,0,0,0,0,False,0,0.0,0.0,0.0
1790800496.896,9.2,68.8,0,438236,0.0,73.0,0,0,0,0,False,0,0.0,0.0,0.0
1790800497.896,6.8,68.8,0,0,0.0,0.0,0,0,0,0,False,0,0.0,0.0,0.0
1790800498.896,6.5,68.8,0,4096,0.0,1.0,0,0,0,0,False,0,0.0,0.0,0.0
1790800499.896,12.5,68.8,0,0,0.0,0.0,0,0,0,0,False,0,0.0,0.0,0.0
1790800500.896,6.9,68.8,0,0,0.0,0.0,0,0,0,0,False,0,0.0,0.0,0.0
1790800501.896,6.9,68.8,0,40957,0.0,2.0,0,0,0,0,False,0,0.0,0.0,0.0
1790800502.896,7.1,68.7,0,12287,0.0,3.0,0,0,0,0,False,0,0.0,0.0,0.0
1790800503.896,7.2,68.7,0,118775,0.0,10.0,0,0,0,0,False,0,0.0,0.0,0.0
1790800504.896,7.1,68.7,0,2293593,0.0,25.0,0,0,0,0,False,0,0.0,0.0,0.0
1790800505.896,6.8,68.7,0,0,0.0,0.0,0,0,0,0,False,0,0.0,0.0,0.0
1790800506.896,6.9,68.7,0,0,0.0,0.0,0,0,0,0,False,0,0.0,0.0,0.0
1790800507.896,6.9,68.7,0,0,0.0,0.0,0,0,0,0,False,0,0.0,0.0,0.0
1790800508.897,7.5,68.5,0,0,0.0,0.0,0,0,0,0,False,0,0.0,0.0,0.0
1790800509.897,23.6,69.1,0,155636,0.0,5.0,0,0,0,0,False,0,0.0,0.0,0.0
1790800510.897,47.0,70.0,0,65530,0.0,2.0,1,0,0,1,False,0,0.0,0.0,0.0
1790800511.897,60.2,69.9,0,49149,0.0,2.0,2,1,0,2,False,0,0.0,0.0,0.0
1790800512.897,57.8,69.6,0,102390,0.0,2.0,0,0,0,0,False,0,0.0,0.0,0.0
1790800513.897,26.4,68.8,0,2613050,0.0,26.0,0,0,0,0,False,0,0.0,0.0,0.0
1790800514.897,7.4,68.8,0,0,0.0,0.0,0,0,0,0,False,0,0.0,0.0,0.0
1790800515.897,6.8,68.9,0,683980,0.0,8.0,0,0,0,0,False,0,0.0,0.0,0.0
1790800516.897,7.2,68.9,0,741322,0.0,13.0,0,0,0,0,False,0,0.0,0.0,0.0
1790800517.897,6.9,68.9,0,0,0.0,0.0,0,0,0,0,False,0,0.0,0.0,0.0
1790800518.897,7.0,68.9,0,0,0.0,0.0,0,0,0,0,False,0,0.0,0.0,0.0
1790800519.897,7.6,68.9,0,0,0.0,0.0,0,0,0,0,False,0,0.0,0.0,0.0
1790800520.897,7.8,68.8,0,0,0.0,0.0,0,0,0,0,False,0,0.0,0.0,0.0
1790800521.898,12.6,68.7,0,45053,0.0,2.0,0,0,0,0,False,0,0.0,0.0,0.0
1790800522.898,8.5,68.7,0,0,0.0,0.0,0,0,0,0,False,0,0.0,0.0,0.0
1790800523.898,8.1,68.6,0,0,0.0,0.0,0,0,0,0,False,0,0.0,0.0,0.0
1790800524.898,7.8,68.4,0,417763,0.0,47.0,0,0,0,0,False,0,0.0,0.0,0.0
1790800525.898,7.3,68.4,0,0,0.0,0.0,0,0,0,0,False,0,0.0,0.0,0.0
1790800526.898,6.8,68.3,0,0,0.0,0.0,0,0,0,0,False,0,0.0,0.0,0.0
1790800527.898,6.9,68.4,0,0,0.0,0.0,0,0,0,0,False,0,0.0,0.0,0.0
1790800528.898,10.0,68.3,0,0,0.0,0.0,0,0,0,0,False,0,0.0,0.0,0.0
1790800529.898,6.7,68.3,0,1335199,0.0,16.0,0,0,0,0,False,0,0.0,0.0,0.0
1790800530.898,6.9,68.3,0,0,0.0,0.0,0,0,0,0,False,0,0.0,0.0,0.0
1790800531.898,7.1,68.3,0,49148,0.0,3.0,0,0,0,0,False,0,0.0,0.0,0.0
1790800532.898,7.1,68.2,0,802756,0.0,102.0,0,0,0,0,False,0,0.0,0.0,0.0
1790800533.898,9.9,68.2,0,0,0.0,0.0,0,0,0,0,False,0,0.0,0.0,0.0
1790800534.898,7.0,68.2,0,4096,0.0,1.0,0,0,0,0,False,0,0.0,0.0,0.0
1790800535.899,7.4,68.2,0,0,0.0,0.0,0,0,0,0,False,0,0.0,0.0,0.0
1790800536.899,6.9,68.2,0,0,0.0,0.0,0,0,0,0,False,0,0.0,0.0,0.0
1790800537.899,6.8,68.2,0,0,0.0,0.0,0,0,0,0,False,0,0.0,0.0,0.0
1790800538.899,6.9,68.2,0,0,0.0,0.0,0,0,0,0,False,0,0.0,0.0,0.0
1790800539.899,6.8,68.2,0,1236904,0.0,10.0,0,0,0,0,False,0,0.0,0.0,0.0
1790800540.899,6.6,68.2,0,163828,0.0,11.0,0,0,0,0,False,0,0.0,0.0,0.0
1790800541.899,6.8,68.2,0,102393,0.0,1.0,0,0,0,0,False,0,0.0,0.0,0.0
1790800542.899,7.0,68.2,0,0,0.0,0.0,0,0,0,0,False,0,0.0,0.0,0.0
1790800543.899,7.3,68.3,0,0,0.0,0.0,0,0,0,0,False,0,0.0,0.0,0.0
1790800544.899,7.2,68.3,0,2183007,0.0,23.0,0,0,0,0,False,0,0.0,0.0,0.0
1790800545.899,7.2,68.3,0,0,0.0,0.0,0,0,0,0,False,0,0.0,0.0,0.0
1790800546.899,7.1,68.3,0,81914,0.0,4.0,0,0,0,0,False,0,0.0,0.0,0.0
1790800547.899,6.7,68.3,0,24574,0.0,4.0,0,0,0,0,False,0,0.0,0.0,0.0
1790800548.899,7.2,68.1,0,0,0.0,0.0,0,0,0,0,False,0,0.0,0.0,0.0
1790800549.900,7.9,67.9,0,0,0.0,0.0,0,0,0,0,False,0,0.0,0.0,0.0
1790800550.900,11.4,68.4,0,0,0.0,0.0,0,0,0,0,False,0,0.0,0.0,0.0
1790800551.900,9.0,68.4,0,229359,0.0,12.0,0,0,0,0,False,0,0.0,0.0,0.0
1790800552.900,6.8,68.4,0,0,0.0,0.0,0,0,0,0,False,0,0.0,0.0,0.0
1790800553.900,11.1,68.6,0,0,0.0,0.0,0,0,0,0,False,0,0.0,0.0,0.0
1790800554.900,7.1,68.5,0,0,0.0,0.0,0,0,0,0,False,0,0.0,0.0,0.0
1790800555.900,6.5,68.5,0,0,0.0,0.0,0,0,0,0,False,0,0.0,0.0,0.0
1790800556.900,6.7,68.5,0,0,0.0,0.0,0,0,0,0,False,0,0.0,0.0,0.0
1790800557.900,9.9,68.5,0,53244,0.0,2.0,0,0,0,0,False,0,0.0,0.0,0.0
1790800558.900,6.6,68.5,0,0,0.0,0.0,0,0,0,0,False,0,0.0,0.0,0.0
1790800559.900,6.8,68.5,0,0,0.0,0.0,0,0,0,0,False,0,0.0,0.0,0.0
1790800560.900,6.9,68.4,0,0,0.0,0.0,0,0,0,0,False,0,0.0,0.0,0.0
1790800561.900,7.0,68.4,0,0,0.0,0.0,0,0,0,0,False,0,0.0,0.0,0.0
1790800562.901,6.4,68.4,0,0,0.0,0.0,0,0,0,0,False,0,0.0,0.0,0.0
1790800563.901,8.2,68.5,0,0,0.0,0.0,0,0,0,0,False,0,0.0,0.0,0.0
1790800564.901,7.0,68.5,0,0,0.0,0.0,0,0,0,0,False,0,0.0,0.0,0.0
1790800565.901,6.5,68.5,0,0,0.0,0.0,0,0,0,0,False,0,0.0,0.0,0.0
1790800566.901,6.5,68.5,0,0,0.0,0.0,0,0,0,0,False,0,0.0,0.0,0.0
1790800567.901,6.7,68.5,0,0,0.0,0.0,0,0,0,0,False,0,0.0,0.0,0.0
1790800568.901,16.5,69.0,0,712651,0.0,11.0,0,0,0,0,False,0,0.0,0.0,0.0
1790800569.901,29.9,69.3,0,1290119,0.0,12.0,1,0,0,1,False,0,0.0,0.0,0.0
1790800570.901,22.6,68.6,0,49148,0.0,2.0,0,0,0,0,False,0,0.0,0.0,0.0
1790800571.901,6.9,68.6,0,106488,0.0,26.0,0,0,0,0,False,0,0.0,0.0,0.0
1790800572.901,6.9,68.6,0,0,0.0,0.0,0,0,0,0,False,0,0.0,0.0,0.0
1790800573.901,10.0,68.6,0,0,0.0,0.0,0,0,0,0,False,0,0.0,0.0,0.0
1790800574.901,7.4,68.6,0,0,0.0,0.0,0,0,0,0,False,0,0.0,0.0,0.0
1790800575.902,6.6,68.6,0,3194639,0.0,34.0,0,0,0,0,False,0,0.0,0.0,0.0
1790800576.902,6.7,68.6,0,0,0.0,0.0,0,0,0,0,False,0,0.0,0.0,0.0
1790800577.902,7.8,68.6,0,16383,0.0,1.0,0,0,0,0,False,0,0.0,0.0,0.0
1790800578.902,8.1,68.6,0,98297,0.0,10.0,0,0,0,0,False,0,0.0,0.0,0.0
1790800579.902,7.3,68.6,0,274406,0.0,19.0,0,0,0,0,False,0,0.0,0.0,0.0
1790800580.902,7.0,68.1,0,0,0.0,0.0,0,0,0,0,False,0,0.0,0.0,0.0
1790800581.902,6.8,68.1,0,20479,0.0,2.0,0,0,0,0,False,0,0.0,0.0,0.0
1790800582.902,6.5,68.1,0,0,0.0,0.0,0,0,0,0,False,0,0.0,0.0,0.0
1790800583.902,7.1,68.0,0,0,0.0,0.0,0,0,0,0,False,0,0.0,0.0,0.0
1790800584.902,6.9,68.0,0,0,0.0,0.0,0,0,0,0,False,0,0.0,0.0,0.0
1790800585.902,6.6,68.0,0,0,0.0,0.0,0,0,0,0,False,0,0.0,0.0,0.0
1790800586.902,6.7,68.0,0,1388447,0.0,16.0,0,0,0,0,False,0,0.0,0.0,0.0
1790800587.902,6.6,67.9,0,0,0.0,0.0,0,0,0,0,False,0,0.0,0.0,0.0
1790800588.903,6.9,67.9,0,0,0.0,0.0,0,0,0,0,False,0,0.0,0.0,0.0
1790800589.903,9.1,67.9,0,409571,0.0,5.0,0,0,0,0,False,0,0.0,0.0,0.0
1790800590.903,6.7,67.9,0,0,0.0,0.0,0,0,0,0,False,0,0.0,0.0,0.0
1790800591.903,6.7,67.9,0,0,0.0,0.0,0,0,0,0,False,0,0.0,0.0,0.0
1790800592.903,6.9,67.8,0,0,0.0,0.0,0,0,0,0,False,0,0.0,0.0,0.0
1790800593.903,7.6,67.8,0,196594,0.0,4.0,0,0,0,0,False,0,0.0,0.0,0.0
1790800594.903,6.8,67.8,0,0,0.0,0.0,0,0,0,0,False,0,0.0,0.0,0.0
1790800595.903,6.7,67.8,0,0,0.0,0.0,0,0,0,0,False,0,0.0,0.0,0.0
1790800596.903,10.1,67.8,0,0,0.0,0.0,0,0,0,0,False,0,0.0,0.0,0.0
1790800597.903,6.6,67.9,0,0,0.0,0.0,0,0,0,0,False,0,0.0,0.0,0.0
1790800598.903,6.7,67.6,0,69627,0.0,2.0,0,0,0,0,False,0,0.0,0.0,0.0
1790800599.903,6.9,67.6,0,0,0.0,0.0,0,0,0,0,False,0,0.0,0.0,0.0
1790800600.903,8.7,67.6,0,0,0.0,0.0,0,0,0,0,False,0,0.0,0.0,0.0
1790800601.903,6.7,67.6,0,831423,0.0,13.0,0,0,0,0,False,0,0.0,0.0,0.0
1790800602.904,6.6,67.6,0,0,0.0,0.0,0,0,0,0,False,0,0.0,0.0,0.0
1790800603.904,13.5,67.7,0,81914,0.0,3.0,0,0,0,0,False,0,0.0,0.0,0.0
1790800604.904,28.3,68.3,0,98296,0.0,2.0,4,0,0,4,False,0,0.0,0.0,0.0
1790800605.904,56.8,68.3,0,0,0.0,0.0,2,3,0,2,False,0,0.0,0.0,0.0
1790800606.904,18.6,68.3,0,2985760,0.0,72.0,1,2,0,1,False,0,0.0,0.0,0.0
1790800607.904,67.0,68.0,0,45053,0.0,2.0,0,0,0,0,False,0,0.0,0.0,0.0
1790800608.904,6.8,68.0,0,18958951,0.0,152.0,0,0,0,0,False,0,0.0,0.0,0.0
1790800609.904,7.2,68.1,0,1167271,0.0,25.0,0,0,0,0,False,0,0.0,0.0,0.0
1790800610.904,8.1,68.1,0,0,0.0,0.0,0,0,0,0,False,0,0.0,0.0,0.0
1790800611.904,7.2,68.1,0,0,0.0,0.0,0,0,0,0,False,0,0.0,0.0,0.0
1790800612.904,8.9,68.2,0,0,0.0,0.0,0,0,0,0,False,0,0.0,0.0,0.0
1790800613.904,8.5,68.6,0,13773820,0.0,106.0,0,0,0,0,False,0,0.0,0.0,0.0
1790800614.904,9.1,68.5,0,19417752,0.0,178.0,0,0,0,0,False,0,0.0,0.0,0.0
1790800615.905,6.8,68.6,0,0,0.0,0.0,0,0,0,0,False,0,0.0,0.0,0.0
1790800616.905,6.9,68.6,0,0,0.0,0.0,0,0,0,0,False,0,0.0,0.0,0.0
1790800617.905,6.5,68.6,0,0,0.0,0.0,0,0,0,0,False,0,0.0,0.0,0.0
1790800618.905,6.5,68.6,0,0,0.0,0.0,0,0,0,0,False,0,0.0,0.0,0.0
1790800619.905,6.7,68.6,0,0,0.0,0.0,0,0,0,0,False,0,0.0,0.0,0.0
1790800620.905,7.1,68.5,0,163828,0.0,3.0,0,0,0,0,False,0,0.0,0.0,0.0
1790800621.905,7.5,68.5,0,0,0.0,0.0,0,0,0,0,False,0,0.0,0.0,0.0
1790800622.905,7.2,68.5,0,0,0.0,0.0,0,0,0,0,False,0,0.0,0.0,0.0
1790800623.905,9.5,68.5,0,0,0.0,0.0,0,0,0,0,False,0,0.0,0.0,0.0
1790800624.905,7.1,68.5,0,0,0.0,0.0,0,0,0,0,False,0,0.0,0.0,0.0
1790800625.905,7.0,68.5,0,0,0.0,0.0,0,0,0,0,False,0,0.0,0.0,0.0
1790800626.905,9.9,68.4,0,0,0.0,0.0,0,0,0,0,False,0,0.0,0.0,0.0
1790800627.905,7.0,68.4,0,0,0.0,0.0,0,0,0,0,False,0,0.0,0.0,0.0
1790800628.906,6.6,68.4,0,0,0.0,0.0,0,0,0,0,False,0,0.0,0.0,0.0
1790800629.906,10.2,68.4,0,24574,0.0,2.0,0,0,0,0,False,0,0.0,0.0,0.0
1790800630.906,6.9,68.4,0,0,0.0,0.0,0,0,0,0,False,0,0.0,0.0,0.0
1790800631.906,6.6,68.4,0,0,0.0,0.0,0,0,0,0,False,0,0.0,0.0,0.0
1790800632.906,6.9,68.4,0,937915,0.0,12.0,0,0,0,0,False,0,0.0,0.0,0.0
1790800633.906,7.1,68.4,0,12598395,0.0,97.0,0,0,0,0,False,0,0.0,0.0,0.0
1790800634.906,6.9,68.4,0,0,0.0,0.0,0,0,0,0,False,0,0.0,0.0,0.0
1790800635.906,7.8,68.4,0,53244,0.0,2.0,0,0,0,0,False,0,0.0,0.0,0.0
1790800636.906,8.3,68.4,0,0,0.0,0.0,0,0,0,0,False,0,0.0,0.0,0.0
1790800637.906,7.8,68.4,0,2252638,0.0,23.0,0,0,0,0,False,0,0.0,0.0,0.0
1790800638.906,6.9,68.4,0,10472725,0.0,80.0,0,0,0,0,False,0,0.0,0.0,0.0
1790800639.906,7.2,68.5,0,0,0.0,0.0,0,0,0,0,False,0,0.0,0.0,0.0
1790800640.906,9.3,68.5,0,856001,0.0,113.0,0,0,0,0,False,0,0.0,0.0,0.0
1790800641.906,7.4,68.5,0,0,0.0,0.0,0,0,0,0,False,0,0.0,0.0,0.0
1790800642.907,6.8,68.5,0,16383,0.0,1.0,0,0,0,0,False,0,0.0,0.0,0.0
1790800643.907,7.9,68.4,0,102397,0.0,9.0,0,0,0,0,False,0,0.0,0.0,0.0
1790800644.907,7.1,68.4,0,0,0.0,0.0,0,0,0,0,False,0,0.0,0.0,0.0
1790800645.907,7.4,68.4,0,0,0.0,0.0,0,0,0,0,False,0,0.0,0.0,0.0
1790800646.907,6.8,68.4,0,0,0.0,0.0,0,0,0,0,False,0,0.0,0.0,0.0
1790800647.907,7.1,68.4,0,12287,0.0,2.0,0,0,0,0,False,0,0.0,0.0,0.0
1790800648.907,6.7,68.4,0,0,0.0,0.0,0,0,0,0,False,0,0.0,0.0,0.0
1790800649.907,6.7,68.3,0,24574,0.0,2.0,0,0,0,0,False,0,0.0,0.0,0.0
1790800650.907,9.2,68.3,0,0,0.0,0.0,0,0,0,0,False,0,0.0,0.0,0.0
1790800651.907,8.0,68.3,0,0,0.0,0.0,0,0,0,0,False,0,0.0,0.0,0.0
1790800652.907,8.1,68.3,0,0,0.0,0.0,0,0,0,0,False,0,0.0,0.0,0.0
1790800653.907,8.3,68.2,0,0,0.0,0.0,0,0,0,0,False,0,0.0,0.0,0.0
1790800654.907,10.4,68.2,0,0,0.0,0.0,0,0,0,0,False,0,0.0,0.0,0.0
1790800655.908,7.0,68.1,0,36861,0.0,2.0,0,0,0,0,False,0,0.0,0.0,0.0
1790800656.908,7.0,68.1,0,0,0.0,0.0,0,0,0,0,False,0,0.0,0.0,0.0
1790800657.908,6.9,68.1,0,12287,0.0,3.0,0,0,0,0,False,0,0.0,0.0,0.0
1790800658.908,7.2,68.1,0,0,0.0,0.0,0,0,0,0,False,0,0.0,0.0,0.0
1790800659.908,7.6,68.1,0,0,0.0,0.0,0,0,0,0,False,0,0.0,0.0,0.0
1790800660.908,7.4,68.1,0,0,0.0,0.0,0,0,0,0,False,0,0.0,0.0,0.0
1790800661.908,7.1,68.1,0,0,0.0,0.0,0,0,0,0,False,0,0.0,0.0,0.0
1790800662.908,11.0,68.0,0,4096,0.0,1.0,0,0,0,0,False,0,0.0,0.0,0.0
1790800663.908,7.3,68.0,0,0,0.0,0.0,0,0,0,0,False,0,0.0,0.0,0.0
1790800664.908,7.5,68.0,0,24574,0.0,4.0,0,0,0,0,False,0,0.0,0.0,0.0
1790800665.908,7.0,68.0,0,0,0.0,0.0,0,0,0,0,False,0,0.0,0.0,0.0
1790800666.908,6.8,68.0,0,0,0.0,0.0,0,0,0,0,False,0,0.0,0.0,0.0
1790800667.908,6.9,68.0,0,0,0.0,0.0,0,0,0,0,False,0,0.0,0.0,0.0
1790800668.909,7.2,68.0,0,0,0.0,0.0,0,0,0,0,False,0,0.0,0.0,0.0
1790800669.909,7.2,68.0,0,36685887,0.0,283.0,0,0,0,0,False,0,0.0,0.0,0.0
1790800670.909,8.2,68.0,0,0,0.0,0.0,0,0,0,0,False,0,0.0,0.0,0.0
1790800671.909,8.1,68.0,0,24574,0.0,4.0,0,0,0,0,False,0,0.0,0.0,0.0
1790800672.909,7.3,68.0,0,0,0.0,0.0,0,0,0,0,False,0,0.0,0.0,0.0
1790800673.909,10.8,68.3,0,2662211,0.0,28.0,0,0,0,0,False,0,0.0,0.0,0.0
1790800674.909,7.5,68.4,0,45053,0.0,9.0,0,0,0,0,False,0,0.0,0.0,0.0
1790800675.909,6.9,68.4,0,102393,0.0,2.0,0,0,0,0,False,0,0.0,0.0,0.0
1790800676.909,7.0,68.5,0,0,0.0,0.0,0,0,0,0,False,0,0.0,0.0,0.0
1790800677.909,6.8,68.5,0,0,0.0,0.0,0,0,0,0,False,0,0.0,0.0,0.0
1790800678.909,7.1,68.5,0,16383,0.0,1.0,0,0,0,0,False,0,0.0,0.0,0.0
1790800679.909,7.4,68.5,0,0,0.0,0.0,0,0,0,0,False,0,0.0,0.0,0.0
1790800680.909,8.6,68.5,0,0,0.0,0.0,0,0,0,0,False,0,0.0,0.0,0.0
1790800681.909,8.2,68.5,0,28670,0.0,2.0,0,0,0,0,False,0,0.0,0.0,0.0
1790800682.910,6.8,68.5,0,0,0.0,0.0,0,0,0,0,False,0,0.0,0.0,0.0
1790800683.910,10.0,68.5,0,45053,0.0,8.0,0,0,0,0,False,0,0.0,0.0,0.0
1790800684.910,7.5,68.4,0,0,0.0,0.0,0,0,0,0,False,0,0.0,0.0,0.0
1790800685.910,6.7,68.4,0,0,0.0,0.0,0,0,0,0,False,0,0.0,0.0,0.0
1790800686.910,7.1,68.5,0,0,0.0,0.0,0,0,0,0,False,0,0.0,0.0,0.0
1790800687.910,7.0,68.5,0,180211,0.0,4.0,0,0,0,0,False,0,0.0,0.0,0.0
1790800688.910,6.7,68.5,0,0,0.0,0.0,0,0,0,0,False,0,0.0,0.0,0.0
1790800689.910,7.2,68.4,0,0,0.0,0.0,0,0,0,0,False,0,0.0,0.0,0.0
1790800690.910,6.9,68.4,0,0,0.0,0.0,0,0,0,0,False,0,0.0,0.0,0.0
1790800691.910,7.0,68.4,0,0,0.0,0.0,0,0,0,0,False,0,0.0,0.0,0.0
1790800692.910,6.9,68.4,0,53244,0.0,2.0,0,0,0,0,False,0,0.0,0.0,0.0
1790800693.910,9.5,68.4,0,0,0.0,0.0,0,0,0,0,False,0,0.0,0.0,0.0
1790800694.910,7.1,68.4,0,0,0.0,0.0,0,0,0,0,False,0,0.0,0.0,0.0
1790800695.910,7.0,68.4,0,16383,0.0,1.0,0,0,0,0,False,0,0.0,0.0,0.0
1790800696.911,7.6,68.4,0,0,0.0,0.0,0,0,0,0,False,0,0.0,0.0,0.0
1790800697.911,8.3,68.4,0,0,0.0,0.0,0,0,0,0,False,0,0.0,0.0,0.0
1790800698.911,7.6,68.5,0,0,0.0,0.0,0,0,0,0,False,0,0.0,0.0,0.0
1790800699.911,6.6,68.5,0,0,0.0,0.0,0,0,0,0,False,0,0.0,0.0,0.0
1790800700.911,6.6,68.5,0,20479,0.0,2.0,0,0,0,0,False,0,0.0,0.0,0.0
1790800701.911,6.6,68.4,0,0,0.0,0.0,0,0,0,0,False,0,0.0,0.0,0.0
1790800702.911,6.6,68.4,0,12287,0.0,3.0,0,0,0,0,False,0,0.0,0.0,0.0
1790800703.911,9.4,68.4,0,2125669,0.0,21.0,0,0,0,0,False,0,0.0,0.0,0.0
1790800704.911,6.9,68.3,0,32766,0.0,4.0,0,0,0,0,False,0,0.0,0.0,0.0
1790800705.911,6.4,68.3,0,200689,0.0,37.0,0,0,0,0,False,0,0.0,0.0,0.0
1790800706.911,11.4,68.8,0,90106,0.0,3.0,0,0,0,0,False,0,0.0,0.0,0.0
1790800707.911,8.2,69.4,0,151541,0.0,11.0,0,0,0,0,False,0,0.0,0.0,0.0
1790800708.911,6.6,69.2,0,4096,0.0,1.0,0,0,0,0,False,0,0.0,0.0,0.0
1790800709.911,6.6,69.1,0,0,0.0,0.0,0,0,0,0,False,0,0.0,0.0,0.0
1790800710.912,6.5,69.0,0,0,0.0,0.0,0,0,0,0,False,0,0.0,0.0,0.0
1790800711.912,9.9,69.0,0,0,0.0,0.0,0,0,0,0,False,0,0.0,0.0,0.0
1790800712.912,6.7,69.0,0,0,0.0,0.0,0,0,0,0,False,0,0.0,0.0,0.0
1790800713.912,8.6,68.7,0,16383,0.0,2.0,0,0,0,0,False,0,0.0,0.0,0.0
1790800714.912,8.0,68.7,0,16383,0.0,1.0,0,0,0,0,False,0,0.0,0.0,0.0
1790800715.912,7.2,68.6,0,0,0.0,0.0,0,0,0,0,False,0,0.0,0.0,0.0
1790800716.912,6.6,68.6,0,0,0.0,0.0,0,0,0,0,False,0,0.0,0.0,0.0
1790800717.912,6.6,68.6,0,0,0.0,0.0,0,0,0,0,False,0,0.0,0.0,0.0
1790800718.912,6.6,68.6,0,0,0.0,0.0,0,0,0,0,False,0,0.0,0.0,0.0
1790800719.912,6.5,68.6,0,40957,0.0,3.0,0,0,0,0,False,0,0.0,0.0,0.0
1790800720.912,6.5,68.5,0,0,0.0,0.0,0,0,0,0,False,0,0.0,0.0,0.0
1790800721.912,6.4,68.5,0,0,0.0,0.0,0,0,0,0,False,0,0.0,0.0,0.0
1790800722.912,6.6,68.5,0,0,0.0,0.0,0,0,0,0,False,0,0.0,0.0,0.0
1790800723.912,6.9,68.5,0,0,0.0,0.0,0,0,0,0,False,0,0.0,0.0,0.0
1790800724.913,6.8,68.5,0,4096,0.0,1.0,0,0,0,0,False,0,0.0,0.0,0.0
1790800725.913,6.6,68.5,0,12287,0.0,2.0,0,0,0,0,False,0,0.0,0.0,0.0
1790800726.913,9.3,68.5,0,0,0.0,0.0,0,0,0,0,False,0,0.0,0.0,0.0
1790800727.913,6.8,68.5,0,0,0.0,0.0,0,0,0,0,False,0,0.0,0.0,0.0
1790800728.913,6.9,68.5,0,0,0.0,0.0,0,0,0,0,False,0,0.0,0.0,0.0
1790800729.913,8.3,68.5,0,36861,0.0,2.0,0,0,0,0,False,0,0.0,0.0,0.0
1790800730.913,8.2,68.5,0,0,0.0,0.0,0,0,0,0,False,0,0.0,0.0,0.0
1790800731.913,7.1,68.5,0,0,0.0,0.0,0,0,0,0,False,0,0.0,0.0,0.0
1790800732.913,6.8,68.5,0,0,0.0,0.0,0,0,0,0,False,0,0.0,0.0,0.0
1790800733.913,8.2,68.8,0,24574,0.0,4.0,0,0,0,0,False,0,0.0,0.0,0.0
1790800734.913,6.6,68.7,0,0,0.0,0.0,0,0,0,0,False,0,0.0,0.0,0.0
1790800735.913,6.6,68.7,0,1224608,0.0,13.0,0,0,0,0,False,0,0.0,0.0,0.0
1790800736.913,7.3,68.3,0,270314,0.0,38.0,0,0,0,0,False,0,0.0,0.0,0.0
1790800737.914,11.7,68.4,0,258028,0.0,39.0,0,0,0,0,False,0,0.0,0.0,0.0
1790800738.914,23.7,69.1,0,0,0.0,0.0,0,0,0,0,False,0,0.0,0.0,0.0
1790800739.914,12.2,68.5,8191,4365913,1.0,47.0,0,0,0,0,False,0,0.0,0.0,0.0
1790800740.914,6.6,68.5,0,0,0.0,0.0,0,0,0,0,False,0,0.0,0.0,0.0
1790800741.914,6.7,68.5,0,0,0.0,0.0,0,0,0,0,False,0,0.0,0.0,0.0
1790800742.914,9.9,68.5,0,0,0.0,0.0,0,0,0,0,False,0,0.0,0.0,0.0
1790800743.914,8.7,68.5,0,167923,0.0,3.0,0,0,0,0,False,0,0.0,0.0,0.0
1790800744.914,6.8,68.4,0,0,0.0,0.0,0,0,0,0,False,0,0.0,0.0,0.0
1790800745.914,6.6,68.4,0,0,0.0,0.0,0,0,0,0,False,0,0.0,0.0,0.0
1790800746.914,6.5,68.4,0,0,0.0,0.0,0,0,0,0,False,0,0.0,0.0,0.0
1790800747.914,6.6,68.4,0,0,0.0,0.0,0,0,0,0,False,0,0.0,0.0,0.0
1790800748.914,8.7,68.6,0,159730,0.0,5.0,0,0,0,0,False,0,0.0,0.0,0.0
1790800749.914,9.5,68.8,0,0,0.0,0.0,0,0,0,0,False,0,0.0,0.0,0.0
1790800750.915,8.7,69.0,0,151541,0.0,12.0,0,0,0,0,False,0,0.0,0.0,0.0
1790800751.915,6.6,69.0,0,0,0.0,0.0,0,0,0,0,False,0,0.0,0.0,0.0
1790800752.915,7.6,69.0,0,0,0.0,0.0,0,0,0,0,False,0,0.0,0.0,0.0
1790800753.915,10.8,69.1,0,0,0.0,0.0,0,0,0,0,False,0,0.0,0.0,0.0
1790800754.915,7.4,69.1,0,0,0.0,0.0,0,0,0,0,False,0,0.0,0.0,0.0
1790800755.915,6.8,69.1,0,0,0.0,0.0,0,0,0,0,False,0,0.0,0.0,0.0
1790800756.915,6.6,69.1,0,32765,0.0,3.0,0,0,0,0,False,0,0.0,0.0,0.0
1790800757.915,6.6,69.1,0,0,0.0,0.0,0,0,0,0,False,0,0.0,0.0,0.0
1790800758.915,6.9,69.1,0,0,0.0,0.0,0,0,0,0,False,0,0.0,0.0,0.0
1790800759.915,6.7,69.1,0,0,0.0,0.0,0,0,0,0,False,0,0.0,0.0,0.0
1790800760.915,6.9,69.1,0,0,0.0,0.0,0,0,0,0,False,0,0.0,0.0,0.0
1790800761.915,6.8,69.1,0,0,0.0,0.0,0,0,0,0,False,0,0.0,0.0,0.0
1790800762.915,6.8,69.1,0,16383,0.0,2.0,0,0,0,0,False,0,0.0,0.0,0.0
1790800763.915,7.1,69.0,0,0,0.0,0.0,0,0,0,0,False,0,0.0,0.0,0.0
1790800764.916,7.0,69.0,0,40957,0.0,7.0,0,0,0,0,False,0,0.0,0.0,0.0
1790800765.916,7.3,69.0,0,4096,0.0,1.0,0,0,0,0,False,0,0.0,0.0,0.0
1790800766.916,6.6,69.0,0,86010,0.0,10.0,0,0,0,0,False,0,0.0,0.0,0.0
1790800767.916,6.6,68.9,0,0,0.0,0.0,0,0,0,0,False,0,0.0,0.0,0.0
1790800768.916,6.6,68.9,0,1511304,0.0,68.0,0,0,0,0,False,0,0.0,0.0,0.0
1790800769.916,6.6,68.8,4096,176115,1.0,12.0,0,0,0,0,False,0,0.0,0.0,0.0
1790800770.916,10.0,68.8,0,2535244,0.0,23.0,0,0,0,0,False,0,0.0,0.0,0.0
1790800771.916,6.5,68.9,0,0,0.0,0.0,0,0,0,0,False,0,0.0,0.0,0.0
1790800772.916,6.7,68.8,0,8191,0.0,1.0,0,0,0,0,False,0,0.0,0.0,0.0
1790800773.916,9.6,68.8,0,0,0.0,0.0,0,0,0,0,False,0,0.0,0.0,0.0
1790800774.916,6.7,68.7,0,98295,0.0,2.0,0,0,0,0,False,0,0.0,0.0,0.0
1790800775.916,6.7,68.8,0,0,0.0,0.0,0,0,0,0,False,0,0.0,0.0,0.0
1790800776.916,7.0,68.8,0,0,0.0,0.0,0,0,0,0,False,0,0.0,0.0,0.0
1790800777.916,8.4,68.8,0,4096,0.0,1.0,0,0,0,0,False,0,0.0,0.0,0.0
1790800778.917,8.3,68.4,0,122871,0.0,16.0,0,0,0,0,False,0,0.0,0.0,0.0
1790800779.917,7.2,68.1,0,0,0.0,0.0,0,0,0,0,False,0,0.0,0.0,0.0
1790800780.917,6.5,68.1,0,1339291,0.0,16.0,0,0,0,0,False,0,0.0,0.0,0.0
1790800781.917,6.6,68.0,0,0,0.0,0.0,0,0,0,0,False,0,0.0,0.0,0.0
1790800782.917,6.8,68.0,0,4096,0.0,1.0,0,0,0,0,False,0,0.0,0.0,0.0
1790800783.917,6.8,68.1,0,0,0.0,0.0,0,0,0,0,False,0,0.0,0.0,0.0
1790800784.917,6.8,68.1,0,90105,0.0,2.0,0,0,0,0,False,0,0.0,0.0,0.0
1790800785.917,6.6,68.1,0,0,0.0,0.0,0,0,0,0,False,0,0.0,0.0,0.0
1790800786.917,6.9,68.1,0,0,0.0,0.0,0,0,0,0,False,0,0.0,0.0,0.0
1790800787.917,6.8,68.1,0,12287,0.0,2.0,0,0,0,0,False,0,0.0,0.0,0.0
1790800788.917,6.7,68.1,0,184306,0.0,4.0,0,0,0,0,False,0,0.0,0.0,0.0
1790800789.917,7.0,68.2,0,0,0.0,0.0,0,0,0,0,False,0,0.0,0.0,0.0
1790800790.917,6.8,68.2,0,0,0.0,0.0,0,0,0,0,False,0,0.0,0.0,0.0
1790800791.918,7.4,68.2,0,0,0.0,0.0,0,0,0,0,False,0,0.0,0.0,0.0
1790800792.918,11.8,68.2,0,0,0.0,0.0,0,0,0,0,False,0,0.0,0.0,0.0
1790800793.918,10.0,68.5,0,0,0.0,0.0,0,0,0,0,False,0,0.0,0.0,0.0
1790800794.918,14.6,69.2,0,270316,0.0,10.0,0,0,0,0,False,0,0.0,0.0,0.0
1790800795.918,8.3,69.1,0,237550,0.0,4.0,0,0,0,0,False,0,0.0,0.0,0.0
1790800796.918,9.7,69.4,0,409570,0.0,28.0,0,0,0,0,False,0,0.0,0.0,0.0
1790800797.918,7.6,69.4,0,73723,0.0,6.0,0,0,0,0,False,0,0.0,0.0,0.0
1790800798.918,12.4,69.4,0,98297,0.0,6.0,0,0,0,0,False,0,0.0,0.0,0.0
1790800799.918,7.0,69.4,0,0,0.0,0.0,0,0,0,0,False,0,0.0,0.0,0.0
1790800800.918,7.0,69.3,0,380900,0.0,78.0,0,0,0,0,False,0,0.0,0.0,0.0
1790800801.918,7.8,69.3,0,2981658,0.0,29.0,0,0,0,0,False,0,0.0,0.0,0.0
1790800802.918,7.1,69.3,0,12287,0.0,3.0,0,0,0,0,False,0,0.0,0.0,0.0
1790800803.918,9.7,69.2,0,24574,0.0,2.0,0,0,0,0,False,0,0.0,0.0,0.0
1790800804.918,7.3,69.1,0,0,0.0,0.0,0,0,0,0,False,0,0.0,0.0,0.0
1790800805.919,7.2,69.1,0,196593,0.0,4.0,0,0,0,0,False,0,0.0,0.0,0.0
1790800806.919,7.2,69.1,0,0,0.0,0.0,0,0,0,0,False,0,0.0,0.0,0.0
1790800807.919,7.7,69.1,0,0,0.0,0.0,0,0,0,0,False,0,0.0,0.0,0.0
1790800808.919,7.3,69.0,0,131062,0.0,10.0,0,0,0,0,False,0,0.0,0.0,0.0
1790800809.919,6.8,69.0,0,0,0.0,0.0,0,0,0,0,False,0,0.0,0.0,0.0
1790800810.919,6.6,68.9,0,0,0.0,0.0,0,0,0,0,False,0,0.0,0.0,0.0
1790800811.919,6.7,69.0,0,0,0.0,0.0,0,0,0,0,False,0,0.0,0.0,0.0
1790800812.919,6.8,69.0,0,90105,0.0,1.0,0,0,0,0,False,0,0.0,0.0,0.0
1790800813.919,7.3,69.0,0,0,0.0,0.0,0,0,0,0,False,0,0.0,0.0,0.0
1790800814.919,8.0,69.0,0,53244,0.0,2.0,0,0,0,0,False,0,0.0,0.0,0.0
1790800815.919,8.2,68.9,0,0,0.0,0.0,0,0,0,0,False,0,0.0,0.0,0.0
1790800816.919,7.2,69.0,0,0,0.0,0.0,0,0,0,0,False,0,0.0,0.0,0.0
1790800817.919,6.8,68.9,0,0,0.0,0.0,0,0,0,0,False,0,0.0,0.0,0.0
1790800818.920,6.9,68.9,0,16383,0.0,1.0,0,0,0,0,False,0,0.0,0.0,0.0
1790800819.920,6.9,69.0,0,1236930,0.0,10.0,0,0,0,0,False,0,0.0,0.0,0.0
1790800820.920,6.7,69.0,0,0,0.0,0.0,0,0,0,0,False,0,0.0,0.0,0.0
1790800821.920,6.9,69.0,0,0,0.0,0.0,0,0,0,0,False,0,0.0,0.0,0.0
1790800822.920,6.9,69.1,0,0,0.0,0.0,0,0,0,0,False,0,0.0,0.0,0.0
1790800823.920,7.5,69.0,0,77818,0.0,2.0,0,0,0,0,False,0,0.0,0.0,0.0
1790800824.920,10.4,68.8,0,204784,0.0,28.0,0,0,0,0,False,0,0.0,0.0,0.0
1790800825.920,7.6,68.8,0,0,0.0,0.0,0,0,0,0,False,0,0.0,0.0,0.0
1790800826.920,6.4,68.8,0,1359764,0.0,20.0,0,0,0,0,False,0,0.0,0.0,0.0
1790800827.920,6.8,68.8,0,12287,0.0,3.0,0,0,0,0,False,0,0.0,0.0,0.0
1790800828.920,10.0,68.8,0,24574,0.0,1.0,0,0,0,0,False,0,0.0,0.0,0.0
1790800829.920,6.7,68.7,0,0,0.0,0.0,0,0,0,0,False,0,0.0,0.0,0.0
1790800830.920,6.6,68.7,0,98297,0.0,2.0,0,0,0,0,False,0,0.0,0.0,0.0
1790800831.920,7.4,68.7,0,1990518,0.0,21.0,0,0,0,0,False,0,0.0,0.0,0.0
1790800832.921,6.4,68.7,0,0,0.0,0.0,0,0,0,0,False,0,0.0,0.0,0.0
1790800833.921,6.9,68.5,0,4096,0.0,1.0,0,0,0,0,False,0,0.0,0.0,0.0
1790800834.921,6.6,68.5,0,1679235,0.0,62.0,0,0,0,0,False,0,0.0,0.0,0.0
1790800835.921,6.8,68.5,0,0,0.0,0.0,0,0,0,0,False,0,0.0,0.0,0.0
1790800836.921,6.4,68.5,0,0,0.0,0.0,0,0,0,0,False,0,0.0,0.0,0.0
1790800837.921,6.3,68.5,0,65531,0.0,2.0,0,0,0,0,False,0,0.0,0.0,0.0
1790800838.921,6.3,68.5,0,0,0.0,0.0,0,0,0,0,False,0,0.0,0.0,0.0
1790800839.921,7.6,68.5,0,1236902,0.0,10.0,0,0,0,0,False,0,0.0,0.0,0.0
1790800840.921,7.8,68.5,0,0,0.0,0.0,0,0,0,0,False,0,0.0,0.0,0.0
1790800841.921,6.3,68.5,0,0,0.0,0.0,0,0,0,0,False,0,0.0,0.0,0.0
1790800842.921,6.5,68.5,0,0,0.0,0.0,0,0,0,0,False,0,0.0,0.0,0.0
1790800843.921,6.7,68.5,0,0,0.0,0.0,0,0,0,0,False,0,0.0,0.0,0.0
1790800844.921,7.0,68.5,0,53244,0.0,2.0,0,0,0,0,False,0,0.0,0.0,0.0
1790800845.922,6.8,68.5,0,0,0.0,0.0,0,0,0,0,False,0,0.0,0.0,0.0
1790800846.922,6.4,68.6,0,0,0.0,0.0,0,0,0,0,False,0,0.0,0.0,0.0
1790800847.922,7.2,68.6,0,0,0.0,0.0,0,0,0,0,False,0,0.0,0.0,0.0
1790800848.922,6.5,68.6,0,188403,0.0,6.0,0,0,0,0,False,0,0.0,0.0,0.0
1790800849.922,8.2,68.6,0,0,0.0,0.0,0,0,0,0,False,0,0.0,0.0,0.0
1790800850.922,9.9,68.7,0,0,0.0,0.0,0,0,0,0,False,0,0.0,0.0,0.0
1790800851.922,11.1,68.8,0,245742,0.0,12.0,0,0,0,0,False,0,0.0,0.0,0.0
1790800852.922,8.0,68.8,0,0,0.0,0.0,0,0,0,0,False,0,0.0,0.0,0.0
1790800853.922,9.8,69.0,0,0,0.0,0.0,0,0,0,0,False,0,0.0,0.0,0.0
1790800854.922,7.1,69.0,0,0,0.0,0.0,0,0,0,0,False,0,0.0,0.0,0.0
1790800855.922,6.7,69.0,0,0,0.0,0.0,0,0,0,0,False,0,0.0,0.0,0.0
1790800856.922,6.4,69.0,0,0,0.0,0.0,0,0,0,0,False,0,0.0,0.0,0.0
1790800857.922,6.6,69.0,0,45053,0.0,2.0,0,0,0,0,False,0,0.0,0.0,0.0
1790800858.922,6.7,68.9,0,0,0.0,0.0,0,0,0,0,False,0,0.0,0.0,0.0
1790800859.923,6.8,68.9,0,319464,0.0,18.0,0,0,0,0,False,0,0.0,0.0,0.0
1790800860.923,6.8,68.9,0,0,0.0,0.0,0,0,0,0,False,0,0.0,0.0,0.0
1790800861.923,6.7,68.8,0,0,0.0,0.0,0,0,0,0,False,0,0.0,0.0,0.0
1790800862.923,6.7,68.8,0,2957098,0.0,30.0,0,0,0,0,False,0,0.0,0.0,0.0
1790800863.923,6.7,68.8,0,0,0.0,0.0,0,0,0,0,False,0,0.0,0.0,0.0
1790800864.923,9.2,68.8,0,0,0.0,0.0,0,0,0,0,False,0,0.0,0.0,0.0
1790800865.923,6.9,68.8,0,53244,0.0,2.0,0,0,0,0,False,0,0.0,0.0,0.0
1790800866.923,9.9,68.8,0,0,0.0,0.0,0,0,0,0,False,0,0.0,0.0,0.0
1790800867.923,9.0,68.7,0,0,0.0,0.0,0,0,0,0,False,0,0.0,0.0,0.0
1790800868.923,6.7,68.7,0,794565,0.0,71.0,0,0,0,0,False,0,0.0,0.0,0.0
1790800869.923,6.7,68.7,0,1306531,0.0,11.0,0,0,0,0,False,0,0.0,0.0,0.0
1790800870.923,7.1,68.6,0,0,0.0,0.0,0,0,0,0,False,0,0.0,0.0,0.0
1790800871.923,6.9,68.6,0,0,0.0,0.0,0,0,0,0,False,0,0.0,0.0,0.0
1790800872.923,7.0,68.6,0,0,0.0,0.0,0,0,0,0,False,0,0.0,0.0,0.0
1790800873.924,7.2,68.7,0,98297,0.0,16.0,0,0,0,0,False,0,0.0,0.0,0.0
1790800874.924,6.8,68.7,0,81918,0.0,2.0,0,0,0,0,False,0,0.0,0.0,0.0
1790800875.924,7.7,68.7,0,0,0.0,0.0,0,0,0,0,False,0,0.0,0.0,0.0
1790800876.924,7.1,68.7,0,0,0.0,0.0,0,0,0,0,False,0,0.0,0.0,0.0
1790800877.924,6.7,68.7,0,0,0.0,0.0,0,0,0,0,False,0,0.0,0.0,0.0
1790800878.924,6.8,68.7,0,0,0.0,0.0,0,0,0,0,False,0,0.0,0.0,0.0
1790800879.924,7.1,68.7,0,106488,0.0,12.0,0,0,0,0,False,0,0.0,0.0,0.0
1790800880.924,7.6,68.3,0,905131,0.0,16.0,0,0,0,0,False,0,0.0,0.0,0.0
1790800881.924,14.0,68.2,0,0,0.0,0.0,0,0,0,0,False,0,0.0,0.0,0.0
1790800882.924,12.7,68.3,53244,0,6.0,0.0,0,0,0,0,False,0,0.0,0.0,0.0
1790800883.924,9.8,68.4,0,1601437,0.0,26.0,0,0,0,0,False,0,0.0,0.0,0.0
1790800884.924,6.9,68.4,0,86010,0.0,10.0,0,0,0,0,False,0,0.0,0.0,0.0
1790800885.924,6.9,68.4,0,0,0.0,0.0,0,0,0,0,False,0,0.0,0.0,0.0
1790800886.924,6.8,68.5,0,0,0.0,0.0,0,0,0,0,False,0,0.0,0.0,0.0
1790800887.925,6.5,68.5,0,0,0.0,0.0,0,0,0,0,False,0,0.0,0.0,0.0
1790800888.925,7.0,68.5,0,8191,0.0,1.0,0,0,0,0,False,0,0.0,0.0,0.0
1790800889.925,6.8,68.4,0,704462,0.0,14.0,0,0,0,0,False,0,0.0,0.0,0.0
1790800890.925,6.6,68.4,0,12287,0.0,3.0,0,0,0,0,False,0,0.0,0.0,0.0
1790800891.925,6.5,68.4,0,155637,0.0,17.0,0,0,0,0,False,0,0.0,0.0,0.0
1790800892.925,6.7,68.4,0,0,0.0,0.0,0,0,0,0,False,0,0.0,0.0,0.0
1790800893.925,9.2,68.3,0,3002138,0.0,29.0,0,0,0,0,False,0,0.0,0.0,0.0
1790800894.925,7.0,68.3,0,0,0.0,0.0,0,0,0,0,False,0,0.0,0.0,0.0
1790800895.925,8.1,68.3,0,0,0.0,0.0,0,0,0,0,False,0,0.0,0.0,0.0
1790800896.925,8.3,68.2,0,0,0.0,0.0,0,0,0,0,False,0,0.0,0.0,0.0
1790800897.925,10.2,68.2,0,0,0.0,0.0,0,0,0,0,False,0,0.0,0.0,0.0
1790800898.925,6.6,68.2,0,430048,0.0,86.0,0,0,0,0,False,0,0.0,0.0,0.0
1790800899.925,6.7,68.1,0,0,0.0,0.0,0,0,0,0,False,0,0.0,0.0,0.0
1790800900.926,6.8,68.1,0,0,0.0,0.0,0,0,0,0,False,0,0.0,0.0,0.0
1790800901.926,6.6,68.1,0,0,0.0,0.0,0,0,0,0,False,0,0.0,0.0,0.0
1790800902.926,6.9,68.1,0,0,0.0,0.0,0,0,0,0,False,0,0.0,0.0,0.0
1790800903.926,7.3,68.1,0,4096,0.0,1.0,0,0,0,0,False,0,0.0,0.0,0.0
1790800904.926,6.8,68.1,0,16383,0.0,2.0,0,0,0,0,False,0,0.0,0.0,0.0
1790800905.926,6.8,68.1,0,0,0.0,0.0,0,0,0,0,False,0,0.0,0.0,0.0
1790800906.926,6.8,68.1,0,393184,0.0,5.0,0,0,0,0,False,0,0.0,0.0,0.0
1790800907.926,6.9,68.1,0,0,0.0,0.0,0,0,0,0,False,0,0.0,0.0,0.0
1790800908.926,7.2,68.1,0,0,0.0,0.0,0,0,0,0,False,0,0.0,0.0,0.0
1790800909.926,8.2,68.1,0,131062,0.0,10.0,0,0,0,0,False,0,0.0,0.0,0.0
1790800910.926,7.8,68.1,0,12287,0.0,2.0,0,0,0,0,False,0,0.0,0.0,0.0
1790800911.926,7.2,68.1,0,0,0.0,0.0,0,0,0,0,False,0,0.0,0.0,0.0
1790800912.927,14.8,68.0,0,32766,0.0,1.0,0,0,0,0,False,0,0.0,0.0,0.0
1790800913.927,28.8,68.4,0,1388449,0.0,15.0,0,0,0,0,False,0,0.0,0.0,0.0
1790800914.927,11.0,67.6,0,45053,0.0,2.0,0,0,0,0,False,0,0.0,0.0,0.0
1790800915.927,6.8,67.6,0,4096,0.0,1.0,0,0,0,0,False,0,0.0,0.0,0.0
1790800916.927,6.8,67.7,0,221165,0.0,3.0,0,0,0,0,False,0,0.0,0.0,0.0
1790800917.927,7.6,67.7,0,0,0.0,0.0,0,0,0,0,False,0,0.0,0.0,0.0
1790800918.927,6.8,67.7,0,102393,0.0,2.0,0,0,0,0,False,0,0.0,0.0,0.0
1790800919.927,6.6,67.7,0,0,0.0,0.0,0,0,0,0,False,0,0.0,0.0,0.0
1790800920.927,6.9,67.7,0,0,0.0,0.0,0,0,0,0,False,0,0.0,0.0,0.0
1790800921.927,7.2,67.6,0,0,0.0,0.0,0,0,0,0,False,0,0.0,0.0,0.0
1790800922.927,7.5,67.6,0,188403,0.0,9.0,0,0,0,0,False,0,0.0,0.0,0.0
1790800923.927,7.2,67.6,0,0,0.0,0.0,0,0,0,0,False,0,0.0,0.0,0.0
1790800924.927,6.9,67.6,0,2973474,0.0,33.0,0,0,0,0,False,0,0.0,0.0,0.0
1790800925.927,10.2,67.6,0,0,0.0,0.0,0,0,0,0,False,0,0.0,0.0,0.0
1790800926.928,6.9,67.6,0,0,0.0,0.0,0,0,0,0,False,0,0.0,0.0,0.0
1790800927.928,6.9,67.6,0,0,0.0,0.0,0,0,0,0,False,0,0.0,0.0,0.0
1790800928.928,7.5,67.6,0,0,0.0,0.0,0,0,0,0,False,0,0.0,0.0,0.0
1790800929.928,9.7,67.6,0,16383,0.0,2.0,0,0,0,0,False,0,0.0,0.0,0.0
1790800930.928,7.1,67.7,0,0,0.0,0.0,0,0,0,0,False,0,0.0,0.0,0.0
1790800931.928,6.9,67.7,0,0,0.0,0.0,0,0,0,0,False,0,0.0,0.0,0.0
1790800932.928,7.4,67.6,0,0,0.0,0.0,0,0,0,0,False,0,0.0,0.0,0.0
1790800933.928,7.2,67.6,0,0,0.0,0.0,0,0,0,0,False,0,0.0,0.0,0.0
1790800934.928,6.9,67.6,0,0,0.0,0.0,0,0,0,0,False,0,0.0,0.0,0.0
1790800935.928,7.2,67.6,0,282602,0.0,52.0,0,0,0,0,False,0,0.0,0.0,0.0
1790800936.928,7.7,67.6,0,0,0.0,0.0,0,0,0,0,False,0,0.0,0.0,0.0
1790800937.928,8.4,67.6,0,0,0.0,0.0,0,0,0,0,False,0,0.0,0.0,0.0
1790800938.928,7.5,67.6,0,0,0.0,0.0,0,0,0,0,False,0,0.0,0.0,0.0
1790800939.928,7.6,67.6,0,77818,0.0,3.0,0,0,0,0,False,0,0.0,0.0,0.0
1790800940.929,7.5,67.6,0,16383,0.0,1.0,0,0,0,0,False,0,0.0,0.0,0.0
1790800941.929,7.4,67.6,0,0,0.0,0.0,0,0,0,0,False,0,0.0,0.0,0.0
1790800942.929,9.3,67.6,0,77818,0.0,8.0,0,0,0,0,False,0,0.0,0.0,0.0
1790800943.929,7.4,67.6,0,0,0.0,0.0,0,0,0,0,False,0,0.0,0.0,0.0
1790800944.929,7.9,67.5,0,0,0.0,0.0,0,0,0,0,False,0,0.0,0.0,0.0
1790800945.929,7.7,67.6,0,0,0.0,0.0,0,0,0,0,False,0,0.0,0.0,0.0
1790800946.929,6.8,67.6,0,53244,0.0,2.0,0,0,0,0,False,0,0.0,0.0,0.0
1790800947.929,6.8,67.6,0,0,0.0,0.0,0,0,0,0,False,0,0.0,0.0,0.0
1790800948.929,6.6,67.6,0,0,0.0,0.0,0,0,0,0,False,0,0.0,0.0,0.0
1790800949.929,6.6,67.6,0,90106,0.0,3.0,0,0,0,0,False,0,0.0,0.0,0.0
1790800950.929,6.8,67.5,0,0,0.0,0.0,0,0,0,0,False,0,0.0,0.0,0.0
1790800951.929,6.5,67.5,0,0,0.0,0.0,0,0,0,0,False,0,0.0,0.0,0.0
1790800952.929,6.7,67.5,0,0,0.0,0.0,0,0,0,0,False,0,0.0,0.0,0.0
1790800953.929,9.8,67.3,0,12287,0.0,3.0,0,0,0,0,False,0,0.0,0.0,0.0
1790800954.930,7.9,67.3,0,3329815,0.0,33.0,0,0,0,0,False,0,0.0,0.0,0.0
1790800955.930,9.0,67.3,0,0,0.0,0.0,0,0,0,0,False,0,0.0,0.0,0.0
1790800956.930,6.7,67.4,0,0,0.0,0.0,0,0,0,0,False,0,0.0,0.0,0.0
1790800957.930,6.8,67.4,0,0,0.0,0.0,0,0,0,0,False,0,0.0,0.0,0.0
1790800958.930,6.5,67.4,0,0,0.0,0.0,0,0,0,0,False,0,0.0,0.0,0.0
1790800959.930,6.6,67.4,0,4096,0.0,1.0,0,0,0,0,False,0,0.0,0.0,0.0
1790800960.930,6.5,67.4,0,12287,0.0,2.0,0,0,0,0,False,0,0.0,0.0,0.0
1790800961.930,6.5,67.4,0,0,0.0,0.0,0,0,0,0,False,0,0.0,0.0,0.0
1790800962.930,6.6,67.4,0,0,0.0,0.0,0,0,0,0,False,0,0.0,0.0,0.0
1790800963.930,6.8,67.4,0,0,0.0,0.0,0,0,0,0,False,0,0.0,0.0,0.0
1790800964.930,7.7,67.4,0,0,0.0,0.0,0,0,0,0,False,0,0.0,0.0,0.0
1790800965.930,7.8,67.4,0,0,0.0,0.0,0,0,0,0,False,0,0.0,0.0,0.0
1790800966.930,6.7,67.4,0,110584,0.0,25.0,0,0,0,0,False,0,0.0,0.0,0.0
1790800967.930,6.6,67.5,0,12287,0.0,2.0,0,0,0,0,False,0,0.0,0.0,0.0
1790800968.931,6.4,67.4,0,0,0.0,0.0,0,0,0,0,False,0,0.0,0.0,0.0
1790800969.931,6.4,67.4,0,0,0.0,0.0,0,0,0,0,False,0,0.0,0.0,0.0
1790800970.931,6.6,67.4,0,4096,0.0,1.0,0,0,0,0,False,0,0.0,0.0,0.0
1790800971.931,8.8,67.4,0,16383,0.0,3.0,0,0,0,0,False,0,0.0,0.0,0.0
1790800972.931,6.8,67.4,0,0,0.0,0.0,0,0,0,0,False,0,0.0,0.0,0.0
1790800973.931,8.3,67.9,0,45053,0.0,2.0,0,0,0,0,False,0,0.0,0.0,0.0
1790800974.931,6.6,67.9,0,0,0.0,0.0,0,0,0,0,False,0,0.0,0.0,0.0
1790800975.931,6.8,67.9,0,16383,0.0,1.0,0,0,0,0,False,0,0.0,0.0,0.0
1790800976.931,6.9,67.9,0,0,0.0,0.0,0,0,0,0,False,0,0.0,0.0,0.0
1790800977.931,6.5,67.8,0,0,0.0,0.0,0,0,0,0,False,0,0.0,0.0,0.0
1790800978.931,6.8,67.8,0,0,0.0,0.0,0,0,0,0,False,0,0.0,0.0,0.0
1790800979.931,7.8,67.8,0,36861,0.0,2.0,0,0,0,0,False,0,0.0,0.0,0.0
1790800980.931,7.8,67.8,0,0,0.0,0.0,0,0,0,0,False,0,0.0,0.0,0.0
1790800981.932,6.7,67.8,0,0,0.0,0.0,0,0,0,0,False,0,0.0,0.0,0.0
1790800982.932,6.8,67.8,0,20479,0.0,5.0,0,0,0,0,False,0,0.0,0.0,0.0
1790800983.932,9.3,67.8,0,151540,0.0,8.0,0,0,0,0,False,0,0.0,0.0,0.0
1790800984.932,9.7,67.7,0,24574,0.0,4.0,0,0,0,0,False,0,0.0,0.0,0.0
1790800985.932,6.8,67.7,0,2379595,0.0,23.0,0,0,0,0,False,0,0.0,0.0,0.0
1790800986.932,6.6,67.7,0,0,0.0,0.0,0,0,0,0,False,0,0.0,0.0,0.0
1790800987.932,6.6,67.7,0,0,0.0,0.0,0,0,0,0,False,0,0.0,0.0,0.0
1790800988.932,6.5,67.7,0,0,0.0,0.0,0,0,0,0,False,0,0.0,0.0,0.0
1790800989.932,6.5,67.7,0,0,0.0,0.0,0,0,0,0,False,0,0.0,0.0,0.0
1790800990.932,6.6,67.7,0,0,0.0,0.0,0,0,0,0,False,0,0.0,0.0,0.0
1790800991.932,7.0,67.7,0,0,0.0,0.0,0,0,0,0,False,0,0.0,0.0,0.0
1790800992.932,8.2,67.6,0,16383,0.0,2.0,0,0,0,0,False,0,0.0,0.0,0.0
1790800993.932,7.8,67.7,0,0,0.0,0.0,0,0,0,0,False,0,0.0,0.0,0.0
1790800994.933,6.8,67.7,0,0,0.0,0.0,0,0,0,0,False,0,0.0,0.0,0.0
1790800995.933,6.7,67.7,0,0,0.0,0.0,0,0,0,0,False,0,0.0,0.0,0.0
1790800996.933,6.5,67.7,0,176113,0.0,4.0,0,0,0,0,False,0,0.0,0.0,0.0
1790800997.933,6.4,67.7,0,0,0.0,0.0,0,0,0,0,False,0,0.0,0.0,0.0
1790800998.933,6.6,67.7,0,139253,0.0,31.0,0,0,0,0,False,0,0.0,0.0,0.0
1790800999.933,6.8,67.7,0,0,0.0,0.0,0,0,0,0,False,0,0.0,0.0,0.0
1790801000.933,6.7,67.7,0,0,0.0,0.0,0,0,0,0,False,0,0.0,0.0,0.0
1790801001.933,6.5,67.8,0,49148,0.0,2.0,0,0,0,0,False,0,0.0,0.0,0.0
1790801002.933,6.6,67.8,0,16383,0.0,1.0,0,0,0,0,False,0,0.0,0.0,0.0
1790801003.933,9.8,67.7,0,0,0.0,0.0,0,0,0,0,False,0,0.0,0.0,0.0
1790801004.933,7.6,67.6,0,0,0.0,0.0,0,0,0,0,False,0,0.0,0.0,0.0
1790801005.933,8.4,67.6,0,696264,0.0,12.0,0,0,0,0,False,0,0.0,0.0,0.0
1790801006.933,7.3,67.6,0,0,0.0,0.0,0,0,0,0,False,0,0.0,0.0,0.0
1790801007.934,11.4,68.2,0,94201,0.0,3.0,0,0,0,0,False,0,0.0,0.0,0.0
1790801008.934,10.0,68.4,0,94201,0.0,6.0,0,0,0,0,False,0,0.0,0.0,0.0
1790801009.934,7.6,68.2,0,57340,0.0,6.0,0,0,0,0,False,0,0.0,0.0,0.0
1790801010.934,6.8,68.1,0,0,0.0,0.0,0,0,0,0,False,0,0.0,0.0,0.0
1790801011.934,6.6,68.1,0,0,0.0,0.0,0,0,0,0,False,0,0.0,0.0,0.0
1790801012.934,6.6,68.1,0,0,0.0,0.0,0,0,0,0,False,0,0.0,0.0,0.0
1790801013.934,9.4,68.1,0,12287,0.0,3.0,0,0,0,0,False,0,0.0,0.0,0.0
1790801014.934,6.7,68.1,0,0,0.0,0.0,0,0,0,0,False,0,0.0,0.0,0.0
1790801015.934,6.8,68.1,0,12287,0.0,3.0,0,0,0,0,False,0,0.0,0.0,0.0
1790801016.934,6.8,68.1,0,17083227,0.0,132.0,0,0,0,0,False,0,0.0,0.0,0.0
1790801017.934,8.0,68.0,0,0,0.0,0.0,0,0,0,0,False,0,0.0,0.0,0.0
1790801018.934,8.2,68.0,0,0,0.0,0.0,0,0,0,0,False,0,0.0,0.0,0.0
1790801019.934,6.8,68.1,0,0,0.0,0.0,0,0,0,0,False,0,0.0,0.0,0.0
1790801020.934,7.0,68.0,0,0,0.0,0.0,0,0,0,0,False,0,0.0,0.0,0.0
1790801021.935,9.9,68.0,0,3034919,0.0,33.0,0,0,0,0,False,0,0.0,0.0,0.0
1790801022.935,6.6,68.0,0,0,0.0,0.0,0,0,0,0,False,0,0.0,0.0,0.0
1790801023.935,7.1,68.0,0,0,0.0,0.0,0,0,0,0,False,0,0.0,0.0,0.0
1790801024.935,6.6,68.0,0,0,0.0,0.0,0,0,0,0,False,0,0.0,0.0,0.0
1790801025.935,7.0,67.9,0,0,0.0,0.0,0,0,0,0,False,0,0.0,0.0,0.0
1790801026.935,6.8,67.8,0,0,0.0,0.0,0,0,0,0,False,0,0.0,0.0,0.0
1790801027.935,6.7,67.8,0,24574,0.0,2.0,0,0,0,0,False,0,0.0,0.0,0.0
1790801028.935,6.9,67.8,0,0,0.0,0.0,0,0,0,0,False,0,0.0,0.0,0.0
1790801029.935,7.1,67.8,0,0,0.0,0.0,0,0,0,0,False,0,0.0,0.0,0.0
1790801030.935,7.1,67.8,0,0,0.0,0.0,0,0,0,0,False,0,0.0,0.0,0.0
1790801031.935,6.7,67.8,0,0,0.0,0.0,0,0,0,0,False,0,0.0,0.0,0.0
1790801032.935,6.8,67.8,0,204785,0.0,44.0,0,0,0,0,False,0,0.0,0.0,0.0
1790801033.935,10.9,68.4,0,12287,0.0,2.0,0,0,0,0,False,0,0.0,0.0,0.0
1790801034.935,6.9,68.4,0,45053,0.0,2.0,0,0,0,0,False,0,0.0,0.0,0.0
1790801035.936,7.0,68.4,0,0,0.0,0.0,0,0,0,0,False,0,0.0,0.0,0.0
1790801036.936,8.0,68.3,0,45055,0.0,8.0,0,0,0,0,False,0,0.0,0.0,0.0
1790801037.936,7.4,67.9,0,131063,0.0,17.0,0,0,0,0,False,0,0.0,0.0,0.0
1790801038.936,6.9,67.9,0,0,0.0,0.0,0,0,0,0,False,0,0.0,0.0,0.0
1790801039.936,7.8,67.9,0,0,0.0,0.0,0,0,0,0,False,0,0.0,0.0,0.0
1790801040.936,6.8,67.9,0,0,0.0,0.0,0,0,0,0,False,0,0.0,0.0,0.0
1790801041.936,6.7,67.8,0,1355679,0.0,14.0,0,0,0,0,False,0,0.0,0.0,0.0
1790801042.936,7.7,67.8,0,0,0.0,0.0,0,0,0,0,False,0,0.0,0.0,0.0
1790801043.936,8.6,67.8,0,73722,0.0,2.0,0,0,0,0,False,0,0.0,0.0,0.0
1790801044.936,7.2,67.8,0,0,0.0,0.0,0,0,0,0,False,0,0.0,0.0,0.0
1790801045.936,7.1,67.7,0,0,0.0,0.0,0,0,0,0,False,0,0.0,0.0,0.0
1790801046.936,6.9,67.7,0,24574,0.0,4.0,0,0,0,0,False,0,0.0,0.0,0.0
1790801047.936,6.8,67.7,0,0,0.0,0.0,0,0,0,0,False,0,0.0,0.0,0.0
1790801048.936,10.5,68.3,0,114680,0.0,3.0,0,0,0,0,False,0,0.0,0.0,0.0
1790801049.937,8.7,68.2,0,0,0.0,0.0,0,0,0,0,False,0,0.0,0.0,0.0
1790801050.937,12.1,68.2,0,163831,0.0,12.0,0,0,0,0,False,0,0.0,0.0,0.0
1790801051.937,6.8,68.2,0,0,0.0,0.0,0,0,0,0,False,0,0.0,0.0,0.0
1790801052.937,9.4,68.2,0,3628738,0.0,40.0,0,0,0,0,False,0,0.0,0.0,0.0
1790801053.937,7.3,68.2,0,0,0.0,0.0,0,0,0,0,False,0,0.0,0.0,0.0
1790801054.937,6.7,68.2,0,0,0.0,0.0,0,0,0,0,False,0,0.0,0.0,0.0
1790801055.937,8.2,68.2,0,0,0.0,0.0,0,0,0,0,False,0,0.0,0.0,0.0
1790801056.937,7.3,68.2,0,16383,0.0,2.0,0,0,0,0,False,0,0.0,0.0,0.0
1790801057.937,6.5,68.2,0,0,0.0,0.0,0,0,0,0,False,0,0.0,0.0,0.0
1790801058.937,6.6,68.2,0,0,0.0,0.0,0,0,0,0,False,0,0.0,0.0,0.0
1790801059.937,6.5,68.2,0,0,0.0,0.0,0,0,0,0,False,0,0.0,0.0,0.0
1790801060.937,6.6,68.2,0,0,0.0,0.0,0,0,0,0,False,0,0.0,0.0,0.0
1790801061.937,6.5,68.1,0,0,0.0,0.0,0,0,0,0,False,0,0.0,0.0,0.0
1790801062.938,6.6,68.1,0,0,0.0,0.0,0,0,0,0,False,0,0.0,0.0,0.0
1790801063.938,9.6,68.1,0,16383,0.0,1.0,0,0,0,0,False,0,0.0,0.0,0.0
1790801064.938,7.0,68.1,0,208880,0.0,43.0,0,0,0,0,False,0,0.0,0.0,0.0
1790801065.938,7.0,68.0,0,0,0.0,0.0,0,0,0,0,False,0,0.0,0.0,0.0
1790801066.938,7.0,68.0,0,0,0.0,0.0,0,0,0,0,False,0,0.0,0.0,0.0
1790801067.938,7.0,68.0,0,106487,0.0,11.0,0,0,0,0,False,0,0.0,0.0,0.0
1790801068.938,8.1,68.1,0,1236900,0.0,10.0,0,0,0,0,False,0,0.0,0.0,0.0
1790801069.938,7.8,68.1,0,0,0.0,0.0,0,0,0,0,False,0,0.0,0.0,0.0
1790801070.938,6.7,68.1,0,0,0.0,0.0,0,0,0,0,False,0,0.0,0.0,0.0
1790801071.938,6.6,68.1,0,0,0.0,0.0,0,0,0,0,False,0,0.0,0.0,0.0
1790801072.938,6.7,68.0,0,0,0.0,0.0,0,0,0,0,False,0,0.0,0.0,0.0
1790801073.938,7.1,68.1,0,0,0.0,0.0,0,0,0,0,False,0,0.0,0.0,0.0
1790801074.938,6.9,68.1,0,65531,0.0,2.0,0,0,0,0,False,0,0.0,0.0,0.0
1790801075.939,8.2,68.1,0,0,0.0,0.0,0,0,0,0,False,0,0.0,0.0,0.0
1790801076.939,7.5,68.1,0,0,0.0,0.0,0,0,0,0,False,0,0.0,0.0,0.0
1790801077.939,6.4,68.1,0,12287,0.0,3.0,0,0,0,0,False,0,0.0,0.0,0.0
1790801078.939,7.1,68.0,0,126967,0.0,17.0,0,0,0,0,False,0,0.0,0.0,0.0
1790801079.939,10.0,67.7,0,0,0.0,0.0,0,0,0,0,False,0,0.0,0.0,0.0
1790801080.939,6.3,67.6,0,0,0.0,0.0,0,0,0,0,False,0,0.0,0.0,0.0
1790801081.939,6.4,67.7,0,0,0.0,0.0,0,0,0,0,False,0,0.0,0.0,0.0
1790801082.939,6.6,67.7,0,3882718,0.0,42.0,0,0,0,0,False,0,0.0,0.0,0.0
1790801083.939,9.4,67.5,0,90105,0.0,2.0,0,0,0,0,False,0,0.0,0.0,0.0
1790801084.939,6.4,67.4,0,0,0.0,0.0,0,0,0,0,False,0,0.0,0.0,0.0
1790801085.939,6.5,67.4,0,0,0.0,0.0,0,0,0,0,False,0,0.0,0.0,0.0
1790801086.939,6.7,67.4,0,0,0.0,0.0,0,0,0,0,False,0,0.0,0.0,0.0
1790801087.939,6.7,67.4,0,0,0.0,0.0,0,0,0,0,False,0,0.0,0.0,0.0
1790801088.940,6.7,67.4,0,229357,0.0,6.0,0,0,0,0,False,0,0.0,0.0,0.0
1790801089.940,6.4,67.4,0,0,0.0,0.0,0,0,0,0,False,0,0.0,0.0,0.0
1790801090.940,7.8,67.9,0,0,0.0,0.0,0,0,0,0,False,0,0.0,0.0,0.0
1790801091.940,7.9,67.8,8191,9342321,2.0,87.0,0,0,0,0,False,0,0.0,0.0,0.0
1790801092.940,7.7,67.9,0,0,0.0,0.0,0,0,0,0,False,0,0.0,0.0,0.0
1790801093.940,6.9,67.9,0,0,0.0,0.0,0,0,0,0,False,0,0.0,0.0,0.0
1790801094.940,12.0,68.3,0,303083,0.0,9.0,0,0,0,0,False,0,0.0,0.0,0.0
1790801095.940,7.1,68.5,0,0,0.0,0.0,0,0,0,0,False,0,0.0,0.0,0.0
1790801096.940,8.5,68.7,0,159732,0.0,12.0,0,0,0,0,False,0,0.0,0.0,0.0
1790801097.940,6.7,68.7,0,0,0.0,0.0,0,0,0,0,False,0,0.0,0.0,0.0
1790801098.940,7.1,68.7,0,446431,0.0,85.0,0,0,0,0,False,0,0.0,0.0,0.0
1790801099.940,9.0,68.6,0,0,0.0,0.0,0,0,0,0,False,0,0.0,0.0,0.0
1790801100.940,6.9,68.6,0,0,0.0,0.0,0,0,0,0,False,0,0.0,0.0,0.0
1790801101.940,6.9,68.6,0,69627,0.0,2.0,0,0,0,0,False,0,0.0,0.0,0.0
1790801102.941,7.2,68.6,0,12287,0.0,3.0,0,0,0,0,False,0,0.0,0.0,0.0
1790801103.941,7.1,68.6,0,0,0.0,0.0,0,0,0,0,False,0,0.0,0.0,0.0
1790801104.941,7.2,68.5,0,0,0.0,0.0,0,0,0,0,False,0,0.0,0.0,0.0
1790801105.941,6.9,68.5,0,0,0.0,0.0,0,0,0,0,False,0,0.0,0.0,0.0
1790801106.941,7.0,68.5,0,221168,0.0,6.0,0,0,0,0,False,0,0.0,0.0,0.0
1790801107.941,6.8,68.5,0,0,0.0,0.0,0,0,0,0,False,0,0.0,0.0,0.0
1790801108.941,7.6,68.5,0,24574,0.0,4.0,0,0,0,0,False,0,0.0,0.0,0.0
1790801109.941,9.1,68.5,0,81913,0.0,8.0,0,0,0,0,False,0,0.0,0.0,0.0
1790801110.941,6.8,68.4,0,0,0.0,0.0,0,0,0,0,False,0,0.0,0.0,0.0
1790801111.941,7.6,68.4,0,0,0.0,0.0,0,0,0,0,False,0,0.0,0.0,0.0
1790801112.941,6.5,68.4,0,90106,0.0,1.0,0,0,0,0,False,0,0.0,0.0,0.0
1790801113.941,7.2,68.4,0,2961182,0.0,27.0,0,0,0,0,False,0,0.0,0.0,0.0
1790801114.941,7.6,68.4,0,0,0.0,0.0,0,0,0,0,False,0,0.0,0.0,0.0
1790801115.942,8.4,68.3,0,2375505,0.0,25.0,0,0,0,0,False,0,0.0,0.0,0.0
1790801116.942,6.9,68.3,0,0,0.0,0.0,0,0,0,0,False,0,0.0,0.0,0.0
1790801117.942,10.0,68.3,0,1236897,0.0,10.0,0,0,0,0,False,0,0.0,0.0,0.0
1790801118.942,6.8,68.3,0,0,0.0,0.0,0,0,0,0,False,0,0.0,0.0,0.0
1790801119.942,6.8,68.3,0,0,0.0,0.0,0,0,0,0,False,0,0.0,0.0,0.0
1790801120.942,9.0,68.4,0,69627,0.0,2.0,0,0,0,0,False,0,0.0,0.0,0.0
1790801121.942,7.3,68.2,0,0,0.0,0.0,0,0,0,0,False,0,0.0,0.0,0.0
1790801122.942,6.7,68.2,0,0,0.0,0.0,0,0,0,0,False,0,0.0,0.0,0.0
1790801123.942,7.8,68.2,0,651218,0.0,10.0,0,0,0,0,False,0,0.0,0.0,0.0
1790801124.942,7.4,68.1,0,262125,0.0,32.0,0,0,0,0,False,0,0.0,0.0,0.0
1790801125.942,8.8,68.1,0,16383,0.0,1.0,0,0,0,0,False,0,0.0,0.0,0.0
1790801126.942,7.1,68.1,0,0,0.0,0.0,0,0,0,0,False,0,0.0,0.0,0.0
1790801127.942,6.8,68.1,0,0,0.0,0.0,0,0,0,0,False,0,0.0,0.0,0.0
1790801128.942,7.9,68.1,0,1331107,0.0,15.0,0,0,0,0,False,0,0.0,0.0,0.0
1790801129.943,6.9,68.1,0,245743,0.0,6.0,0,0,0,0,False,0,0.0,0.0,0.0
1790801130.943,6.8,68.1,0,0,0.0,0.0,0,0,0,0,False,0,0.0,0.0,0.0
1790801131.943,6.6,68.1,0,0,0.0,0.0,0,0,0,0,False,0,0.0,0.0,0.0
1790801132.943,9.0,68.1,0,229359,0.0,51.0,0,0,0,0,False,0,0.0,0.0,0.0
1790801133.943,7.0,68.1,0,0,0.0,0.0,0,0,0,0,False,0,0.0,0.0,0.0
1790801134.943,6.9,68.1,0,8191,0.0,2.0,0,0,0,0,False,0,0.0,0.0,0.0
1790801135.943,8.9,68.1,0,69627,0.0,3.0,0,0,0,0,False,0,0.0,0.0,0.0
1790801136.943,6.9,67.9,0,0,0.0,0.0,0,0,0,0,False,0,0.0,0.0,0.0
1790801137.943,6.9,67.9,0,0,0.0,0.0,0,0,0,0,False,0,0.0,0.0,0.0
1790801138.943,6.9,67.9,0,0,0.0,0.0,0,0,0,0,False,0,0.0,0.0,0.0
1790801139.943,7.3,67.9,0,1236901,0.0,10.0,0,0,0,0,False,0,0.0,0.0,0.0
1790801140.943,6.8,67.9,0,12287,0.0,3.0,0,0,0,0,False,0,0.0,0.0,0.0
1790801141.943,6.7,67.9,0,0,0.0,0.0,0,0,0,0,False,0,0.0,0.0,0.0
1790801142.943,7.0,67.9,0,69627,0.0,2.0,0,0,0,0,False,0,0.0,0.0,0.0
1790801143.944,10.8,67.9,0,0,0.0,0.0,0,0,0,0,False,0,0.0,0.0,0.0
1790801144.944,7.6,67.9,0,2936619,0.0,31.0,0,0,0,0,False,0,0.0,0.0,0.0
1790801145.944,6.9,67.8,0,4096,0.0,1.0,0,0,0,0,False,0,0.0,0.0,0.0
1790801146.944,6.8,67.8,0,0,0.0,0.0,0,0,0,0,False,0,0.0,0.0,0.0
1790801147.944,10.2,67.8,0,0,0.0,0.0,0,0,0,0,False,0,0.0,0.0,0.0
1790801148.944,6.9,67.8,0,0,0.0,0.0,0,0,0,0,False,0,0.0,0.0,0.0
1790801149.944,7.0,67.8,0,24574,0.0,2.0,0,0,0,0,False,0,0.0,0.0,0.0
1790801150.944,6.7,67.8,0,0,0.0,0.0,0,0,0,0,False,0,0.0,0.0,0.0
1790801151.944,6.5,67.8,0,0,0.0,0.0,0,0,0,0,False,0,0.0,0.0,0.0
1790801152.944,6.7,67.8,0,0,0.0,0.0,0,0,0,0,False,0,0.0,0.0,0.0
1790801153.944,8.5,68.2,0,0,0.0,0.0,0,0,0,0,False,0,0.0,0.0,0.0
1790801154.944,7.1,68.1,0,73722,0.0,2.0,0,0,0,0,False,0,0.0,0.0,0.0
1790801155.944,7.1,68.2,0,122870,0.0,13.0,0,0,0,0,False,0,0.0,0.0,0.0
1790801156.945,7.2,68.2,0,0,0.0,0.0,0,0,0,0,False,0,0.0,0.0,0.0
1790801157.945,7.1,68.2,0,0,0.0,0.0,0,0,0,0,False,0,0.0,0.0,0.0
1790801158.945,8.2,68.2,0,0,0.0,0.0,0,0,0,0,False,0,0.0,0.0,0.0
1790801159.945,8.0,68.2,0,0,0.0,0.0,0,0,0,0,False,0,0.0,0.0,0.0
1790801160.945,7.1,68.2,0,0,0.0,0.0,0,0,0,0,False,0,0.0,0.0,0.0
1790801161.945,6.6,68.2,0,12287,0.0,2.0,0,0,0,0,False,0,0.0,0.0,0.0
1790801162.945,6.9,68.2,0,0,0.0,0.0,0,0,0,0,False,0,0.0,0.0,0.0
1790801163.945,9.7,68.2,0,0,0.0,0.0,0,0,0,0,False,0,0.0,0.0,0.0
1790801164.945,7.1,68.1,0,0,0.0,0.0,0,0,0,0,False,0,0.0,0.0,0.0
1790801165.945,6.8,68.1,0,0,0.0,0.0,0,0,0,0,False,0,0.0,0.0,0.0
1790801166.945,6.8,68.1,0,139253,0.0,31.0,0,0,0,0,False,0,0.0,0.0,0.0
1790801167.945,6.9,68.0,0,0,0.0,0.0,0,0,0,0,False,0,0.0,0.0,0.0
1790801168.945,6.8,68.0,0,0,0.0,0.0,0,0,0,0,False,0,0.0,0.0,0.0
1790801169.945,7.0,68.0,0,0,0.0,0.0,0,0,0,0,False,0,0.0,0.0,0.0
1790801170.946,7.0,68.0,0,1236874,0.0,10.0,0,0,0,0,False,0,0.0,0.0,0.0
1790801171.946,6.8,68.1,0,24574,0.0,4.0,0,0,0,0,False,0,0.0,0.0,0.0
1790801172.946,6.8,68.1,0,0,0.0,0.0,0,0,0,0,False,0,0.0,0.0,0.0
1790801173.946,9.6,68.0,0,0,0.0,0.0,0,0,0,0,False,0,0.0,0.0,0.0
1790801174.946,6.6,68.0,0,0,0.0,0.0,0,0,0,0,False,0,0.0,0.0,0.0
1790801175.946,10.1,68.0,0,2993969,0.0,32.0,0,0,0,0,False,0,0.0,0.0,0.0
1790801176.946,7.0,68.0,0,0,0.0,0.0,0,0,0,0,False,0,0.0,0.0,0.0
1790801177.946,7.1,68.0,0,0,0.0,0.0,0,0,0,0,False,0,0.0,0.0,0.0
1790801178.946,7.1,68.0,0,0,0.0,0.0,0,0,0,0,False,0,0.0,0.0,0.0
1790801179.946,6.8,68.0,0,0,0.0,0.0,0,0,0,0,False,0,0.0,0.0,0.0
1790801180.946,7.4,67.7,0,98296,0.0,11.0,0,0,0,0,False,0,0.0,0.0,0.0
1790801181.946,6.7,67.7,0,0,0.0,0.0,0,0,0,0,False,0,0.0,0.0,0.0
1790801182.946,6.9,67.7,0,0,0.0,0.0,0,0,0,0,False,0,0.0,0.0,0.0
1790801183.947,7.5,67.7,0,0,0.0,0.0,0,0,0,0,False,0,0.0,0.0,0.0
1790801184.947,7.0,67.7,0,0,0.0,0.0,0,0,0,0,False,0,0.0,0.0,0.0
1790801185.947,6.9,67.6,0,49148,0.0,4.0,0,0,0,0,False,0,0.0,0.0,0.0
1790801186.947,6.8,67.6,0,16383,0.0,1.0,0,0,0,0,False,0,0.0,0.0,0.0
1790801187.947,6.2,67.6,0,0,0.0,0.0,0,0,0,0,False,0,0.0,0.0,0.0
1790801188.947,7.6,67.7,0,0,0.0,0.0,0,0,0,0,False,0,0.0,0.0,0.0
1790801189.947,8.2,67.7,0,397282,0.0,5.0,0,0,0,0,False,0,0.0,0.0,0.0
1790801190.947,7.2,67.7,0,0,0.0,0.0,0,0,0,0,False,0,0.0,0.0,0.0
1790801191.947,6.8,67.7,0,0,0.0,0.0,0,0,0,0,False,0,0.0,0.0,0.0
1790801192.947,6.5,67.7,0,0,0.0,0.0,0,0,0,0,False,0,0.0,0.0,0.0
1790801193.947,9.5,67.6,0,0,0.0,0.0,0,0,0,0,False,0,0.0,0.0,0.0
1790801194.947,6.5,67.7,0,212977,0.0,6.0,0,0,0,0,False,0,0.0,0.0,0.0
1790801195.947,6.6,67.6,0,0,0.0,0.0,0,0,0,0,False,0,0.0,0.0,0.0
1790801196.947,6.4,67.6,0,0,0.0,0.0,0,0,0,0,False,0,0.0,0.0,0.0
1790801197.948,6.3,67.6,0,0,0.0,0.0,0,0,0,0,False,0,0.0,0.0,0.0
1790801198.948,6.3,67.6,0,0,0.0,0.0,0,0,0,0,False,0,0.0,0.0,0.0
1790801199.948,6.4,67.6,0,0,0.0,0.0,0,0,0,0,False,0,0.0,0.0,0.0
1790801200.948,7.9,67.6,0,45053,0.0,2.0,0,0,0,0,False,0,0.0,0.0,0.0
1790801201.948,7.7,67.6,0,4096,0.0,1.0,0,0,0,0,False,0,0.0,0.0,0.0
1790801202.948,6.6,67.6,0,0,0.0,0.0,0,0,0,0,False,0,0.0,0.0,0.0
1790801203.948,7.3,67.5,0,12287,0.0,3.0,0,0,0,0,False,0,0.0,0.0,0.0
1790801204.948,8.0,67.5,0,0,0.0,0.0,0,0,0,0,False,0,0.0,0.0,0.0
1790801205.948,8.2,67.4,0,0,0.0,0.0,0,0,0,0,False,0,0.0,0.0,0.0
1790801206.948,7.0,67.4,0,2912050,0.0,56.0,0,0,0,0,False,0,0.0,0.0,0.0
1790801207.948,6.7,67.4,0,0,0.0,0.0,0,0,0,0,False,0,0.0,0.0,0.0
1790801208.948,6.6,67.4,0,0,0.0,0.0,0,0,0,0,False,0,0.0,0.0,0.0
1790801209.948,7.5,67.5,0,73723,0.0,10.0,0,0,0,0,False,0,0.0,0.0,0.0
1790801210.948,8.5,67.5,0,0,0.0,0.0,0,0,0,0,False,0,0.0,0.0,0.0
1790801211.949,9.5,67.4,0,0,0.0,0.0,0,0,0,0,False,0,0.0,0.0,0.0
1790801212.949,6.5,67.4,0,0,0.0,0.0,0,0,0,0,False,0,0.0,0.0,0.0
1790801213.949,11.8,67.8,0,0,0.0,0.0,0,0,0,0,False,0,0.0,0.0,0.0
1790801214.949,6.8,67.8,0,0,0.0,0.0,0,0,0,0,False,0,0.0,0.0,0.0
1790801215.949,6.7,67.8,0,40957,0.0,2.0,0,0,0,0,False,0,0.0,0.0,0.0
1790801216.949,6.5,67.8,0,0,0.0,0.0,0,0,0,0,False,0,0.0,0.0,0.0
1790801217.949,6.8,67.9,0,176115,0.0,10.0,0,0,0,0,False,0,0.0,0.0,0.0
1790801218.949,6.7,67.9,0,0,0.0,0.0,0,0,0,0,False,0,0.0,0.0,0.0
1790801219.949,7.8,67.8,0,0,0.0,0.0,0,0,0,0,False,0,0.0,0.0,0.0
1790801220.949,7.1,67.8,0,0,0.0,0.0,0,0,0,0,False,0,0.0,0.0,0.0
1790801221.949,6.8,67.8,0,0,0.0,0.0,0,0,0,0,False,0,0.0,0.0,0.0
1790801222.949,10.3,67.8,0,0,0.0,0.0,0,0,0,0,False,0,0.0,0.0,0.0
1790801223.949,8.3,67.9,0,49148,0.0,2.0,0,0,0,0,False,0,0.0,0.0,0.0
1790801224.949,6.6,67.8,0,0,0.0,0.0,0,0,0,0,False,0,0.0,0.0,0.0
1790801225.950,6.8,67.8,0,0,0.0,0.0,0,0,0,0,False,0,0.0,0.0,0.0
1790801226.950,6.8,67.8,0,0,0.0,0.0,0,0,0,0,False,0,0.0,0.0,0.0
1790801227.950,6.5,67.8,0,0,0.0,0.0,0,0,0,0,False,0,0.0,0.0,0.0
1790801228.950,6.9,67.8,0,0,0.0,0.0,0,0,0,0,False,0,0.0,0.0,0.0
1790801229.950,9.4,67.9,0,0,0.0,0.0,0,0,0,0,False,0,0.0,0.0,0.0
1790801230.950,7.1,67.9,0,65531,0.0,2.0,0,0,0,0,False,0,0.0,0.0,0.0
1790801231.950,6.7,67.9,0,0,0.0,0.0,0,0,0,0,False,0,0.0,0.0,0.0
1790801232.950,6.7,67.9,0,0,0.0,0.0,0,0,0,0,False,0,0.0,0.0,0.0
1790801233.950,7.8,68.0,0,0,0.0,0.0,0,0,0,0,False,0,0.0,0.0,0.0
1790801234.950,8.4,68.0,0,24574,0.0,4.0,0,0,0,0,False,0,0.0,0.0,0.0
1790801235.950,7.0,68.0,0,0,0.0,0.0,0,0,0,0,False,0,0.0,0.0,0.0
1790801236.950,6.7,68.0,0,2137960,0.0,22.0,0,0,0,0,False,0,0.0,0.0,0.0
1790801237.950,6.6,68.0,0,0,0.0,0.0,0,0,0,0,False,0,0.0,0.0,0.0
1790801238.950,8.9,68.0,0,0,0.0,0.0,0,0,0,0,False,0,0.0,0.0,0.0
1790801239.951,6.8,68.0,0,98297,0.0,21.0,0,0,0,0,False,0,0.0,0.0,0.0
1790801240.951,7.0,68.0,0,0,0.0,0.0,0,0,0,0,False,0,0.0,0.0,0.0
1790801241.951,6.7,68.0,0,16383,0.0,1.0,0,0,0,0,False,0,0.0,0.0,0.0
1790801242.951,6.9,68.0,0,0,0.0,0.0,0,0,0,0,False,0,0.0,0.0,0.0
1790801243.951,7.2,67.9,0,90105,0.0,9.0,0,0,0,0,False,0,0.0,0.0,0.0
1790801244.951,7.0,67.9,0,0,0.0,0.0,0,0,0,0,False,0,0.0,0.0,0.0
1790801245.951,8.2,67.9,0,0,0.0,0.0,0,0,0,0,False,0,0.0,0.0,0.0
1790801246.951,7.7,67.8,0,0,0.0,0.0,0,0,0,0,False,0,0.0,0.0,0.0
1790801247.951,6.6,67.8,0,8191,0.0,1.0,0,0,0,0,False,0,0.0,0.0,0.0
1790801248.951,9.3,67.8,0,1208230,0.0,17.0,0,0,0,0,False,0,0.0,0.0,0.0
1790801249.951,6.7,67.8,0,0,0.0,0.0,0,0,0,0,False,0,0.0,0.0,0.0
1790801250.951,6.6,67.8,0,0,0.0,0.0,0,0,0,0,False,0,0.0,0.0,0.0
1790801251.951,6.8,67.8,0,0,0.0,0.0,0,0,0,0,False,0,0.0,0.0,0.0
1790801252.952,6.6,67.8,0,0,0.0,0.0,0,0,0,0,False,0,0.0,0.0,0.0
1790801253.952,10.3,67.8,0,2408271,0.0,24.0,0,0,0,0,False,0,0.0,0.0,0.0
1790801254.952,6.6,67.8,0,24574,0.0,2.0,0,0,0,0,False,0,0.0,0.0,0.0
1790801255.952,7.0,67.8,0,0,0.0,0.0,0,0,0,0,False,0,0.0,0.0,0.0
1790801256.952,7.1,67.8,0,0,0.0,0.0,0,0,0,0,False,0,0.0,0.0,0.0
1790801257.952,7.1,67.8,0,16383,0.0,4.0,0,0,0,0,False,0,0.0,0.0,0.0
1790801258.952,7.4,67.6,0,8191,0.0,2.0,0,0,0,0,False,0,0.0,0.0,0.0
1790801259.952,9.3,67.6,0,0,0.0,0.0,0,0,0,0,False,0,0.0,0.0,0.0
1790801260.952,6.9,67.6,0,36861,0.0,2.0,0,0,0,0,False,0,0.0,0.0,0.0
1790801261.952,7.8,67.5,0,0,0.0,0.0,0,0,0,0,False,0,0.0,0.0,0.0
1790801262.952,7.0,67.5,0,4096,0.0,1.0,0,0,0,0,False,0,0.0,0.0,0.0
1790801263.952,7.0,67.6,0,0,0.0,0.0,0,0,0,0,False,0,0.0,0.0,0.0
1790801264.952,7.3,67.6,0,0,0.0,0.0,0,0,0,0,False,0,0.0,0.0,0.0
1790801265.953,8.2,67.6,0,0,0.0,0.0,0,0,0,0,False,0,0.0,0.0,0.0
1790801266.953,7.1,67.6,0,12287,0.0,3.0,0,0,0,0,False,0,0.0,0.0,0.0
1790801267.953,6.6,67.6,0,2662206,0.0,28.0,0,0,0,0,False,0,0.0,0.0,0.0
1790801268.953,6.9,67.6,0,0,0.0,0.0,0,0,0,0,False,0,0.0,0.0,0.0
1790801269.953,9.0,67.6,0,0,0.0,0.0,0,0,0,0,False,0,0.0,0.0,0.0
1790801270.953,7.0,67.6,0,0,0.0,0.0,0,0,0,0,False,0,0.0,0.0,0.0
1790801271.953,7.2,67.6,0,0,0.0,0.0,0,0,0,0,False,0,0.0,0.0,0.0
1790801272.953,6.9,67.5,0,0,0.0,0.0,0,0,0,0,False,0,0.0,0.0,0.0
1790801273.953,8.9,67.9,0,40957,0.0,2.0,0,0,0,0,False,0,0.0,0.0,0.0
1790801274.953,7.4,67.9,0,86010,0.0,18.0,0,0,0,0,False,0,0.0,0.0,0.0
1790801275.953,7.0,67.9,0,0,0.0,0.0,0,0,0,0,False,0,0.0,0.0,0.0
1790801276.953,7.0,67.9,0,0,0.0,0.0,0,0,0,0,False,0,0.0,0.0,0.0
1790801277.953,7.0,67.9,0,16383,0.0,1.0,0,0,0,0,False,0,0.0,0.0,0.0
1790801278.953,7.2,67.9,0,45053,0.0,4.0,0,0,0,0,False,0,0.0,0.0,0.0
1790801279.954,9.7,67.9,0,0,0.0,0.0,0,0,0,0,False,0,0.0,0.0,0.0
1790801280.954,7.3,67.9,0,0,0.0,0.0,0,0,0,0,False,0,0.0,0.0,0.0
1790801281.954,6.9,67.8,0,0,0.0,0.0,0,0,0,0,False,0,0.0,0.0,0.0
1790801282.954,6.9,67.8,0,0,0.0,0.0,0,0,0,0,False,0,0.0,0.0,0.0
1790801283.954,7.2,67.9,0,0,0.0,0.0,0,0,0,0,False,0,0.0,0.0,0.0
1790801284.954,6.9,67.8,0,16383,0.0,2.0,0,0,0,0,False,0,0.0,0.0,0.0
1790801285.954,6.9,67.8,0,0,0.0,0.0,0,0,0,0,False,0,0.0,0.0,0.0
1790801286.954,7.1,67.8,0,0,0.0,0.0,0,0,0,0,False,0,0.0,0.0,0.0
1790801287.954,7.0,67.8,0,0,0.0,0.0,0,0,0,0,False,0,0.0,0.0,0.0
1790801288.954,7.0,67.9,0,49148,0.0,8.0,0,0,0,0,False,0,0.0,0.0,0.0
1790801289.954,9.0,67.9,0,0,0.0,0.0,0,0,0,0,False,0,0.0,0.0,0.0
1790801290.954,6.8,67.9,0,0,0.0,0.0,0,0,0,0,False,0,0.0,0.0,0.0
1790801291.954,10.3,67.9,0,0,0.0,0.0,0,0,0,0,False,0,0.0,0.0,0.0
1790801292.955,8.3,67.8,0,0,0.0,0.0,0,0,0,0,False,0,0.0,0.0,0.0
1790801293.955,8.1,67.8,0,0,0.0,0.0,0,0,0,0,False,0,0.0,0.0,0.0
1790801294.955,6.7,67.8,0,0,0.0,0.0,0,0,0,0,False,0,0.0,0.0,0.0
1790801295.955,6.8,67.8,0,16383,0.0,2.0,0,0,0,0,False,0,0.0,0.0,0.0
1790801296.955,20.1,68.3,0,90106,0.0,5.0,0,0,0,0,False,0,0.0,0.0,0.0
1790801297.955,23.9,68.5,0,126967,0.0,8.0,1,0,0,1,False,0,0.0,0.0,0.0
1790801298.955,9.3,67.8,0,45053,0.0,2.0,0,0,0,0,False,0,0.0,0.0,0.0
1790801299.955,6.8,67.7,0,0,0.0,0.0,0,0,0,0,False,0,0.0,0.0,0.0
1790801300.955,9.0,67.7,0,0,0.0,0.0,0,0,0,0,False,0,0.0,0.0,0.0
1790801301.955,17.4,68.2,0,360423,0.0,5.0,0,0,0,0,False,0,0.0,0.0,0.0
1790801302.955,22.6,68.4,0,0,0.0,0.0,1,0,0,1,False,0,0.0,0.0,0.0
1790801303.955,11.8,67.7,0,2162529,0.0,22.0,0,0,0,0,False,0,0.0,0.0,0.0
1790801304.955,8.4,67.7,0,0,0.0,0.0,0,0,0,0,False,0,0.0,0.0,0.0
1790801305.955,6.8,67.7,0,0,0.0,0.0,0,0,0,0,False,0,0.0,0.0,0.0
1790801306.956,6.8,67.7,0,0,0.0,0.0,0,0,0,0,False,0,0.0,0.0,0.0
1790801307.956,6.6,67.8,0,200695,0.0,3.0,0,0,0,0,False,0,0.0,0.0,0.0
1790801308.956,11.4,68.2,0,86010,0.0,3.0,0,0,0,0,False,0,0.0,0.0,0.0
1790801309.956,8.2,68.5,0,610260,0.0,91.0,0,0,0,0,False,0,0.0,0.0,0.0
1790801310.956,15.9,68.6,0,32766,0.0,1.0,0,0,0,0,False,0,0.0,0.0,0.0
1790801311.956,25.3,68.8,0,0,0.0,0.0,1,0,0,1,False,0,0.0,0.0,0.0
1790801312.956,21.1,68.1,0,45052,0.0,2.0,0,0,0,0,False,0,0.0,0.0,0.0
1790801313.956,14.2,68.2,0,32766,0.0,1.0,0,0,0,0,False,0,0.0,0.0,0.0
1790801314.956,27.7,68.8,0,208881,0.0,3.0,0,0,0,0,False,0,0.0,0.0,0.0
1790801315.956,27.1,67.9,0,45052,0.0,2.0,0,0,0,0,False,0,0.0,0.0,0.0
1790801316.956,6.5,67.9,0,0,0.0,0.0,0,0,0,0,False,0,0.0,0.0,0.0
1790801317.956,6.5,67.9,0,4096,0.0,1.0,0,0,0,0,False,0,0.0,0.0,0.0
1790801318.956,6.4,67.9,0,16383,0.0,1.0,0,0,0,0,False,0,0.0,0.0,0.0
1790801319.956,10.0,67.9,0,0,0.0,0.0,0,0,0,0,False,0,0.0,0.0,0.0
1790801320.957,7.3,67.9,0,188402,0.0,3.0,0,0,0,0,False,0,0.0,0.0,0.0
1790801321.957,8.3,67.9,0,24575,0.0,6.0,0,0,0,0,False,0,0.0,0.0,0.0
1790801322.957,6.9,67.9,0,0,0.0,0.0,0,0,0,0,False,0,0.0,0.0,0.0
1790801323.957,8.9,68.0,0,4096,0.0,1.0,0,0,0,0,False,0,0.0,0.0,0.0
1790801324.957,6.7,68.0,0,0,0.0,0.0,0,0,0,0,False,0,0.0,0.0,0.0
1790801325.957,6.3,68.0,0,0,0.0,0.0,0,0,0,0,False,0,0.0,0.0,0.0
1790801326.957,6.6,67.9,0,94201,0.0,11.0,0,0,0,0,False,0,0.0,0.0,0.0
1790801327.957,6.4,67.9,0,0,0.0,0.0,0,0,0,0,False,0,0.0,0.0,0.0
1790801328.957,6.4,67.9,0,618453,0.0,13.0,0,0,0,0,False,0,0.0,0.0,0.0
1790801329.957,6.8,67.9,0,0,0.0,0.0,0,0,0,0,False,0,0.0,0.0,0.0
1790801330.957,6.7,67.9,0,98297,0.0,1.0,0,0,0,0,False,0,0.0,0.0,0.0
1790801331.957,6.5,67.9,0,0,0.0,0.0,0,0,0,0,False,0,0.0,0.0,0.0
1790801332.957,6.4,67.9,0,0,0.0,0.0,0,0,0,0,False,0,0.0,0.0,0.0
1790801333.957,10.1,68.3,0,57339,0.0,2.0,0,0,0,0,False,0,0.0,0.0,0.0
1790801334.958,6.8,68.3,0,2948905,0.0,29.0,0,0,0,0,False,0,0.0,0.0,0.0
1790801335.958,6.7,68.3,0,8192,0.0,2.0,0,0,0,0,False,0,0.0,0.0,0.0
1790801336.958,6.8,68.3,0,0,0.0,0.0,0,0,0,0,False,0,0.0,0.0,0.0
1790801337.958,6.7,68.2,0,192497,0.0,25.0,0,0,0,0,False,0,0.0,0.0,0.0
1790801338.958,8.8,67.8,0,0,0.0,0.0,0,0,0,0,False,0,0.0,0.0,0.0
1790801339.958,7.8,67.8,0,65531,0.0,4.0,0,0,0,0,False,0,0.0,0.0,0.0
1790801340.958,7.0,67.8,0,352230,0.0,70.0,0,0,0,0,False,0,0.0,0.0,0.0
1790801341.958,6.9,67.8,0,0,0.0,0.0,0,0,0,0,False,0,0.0,0.0,0.0
1790801342.958,9.2,67.8,0,0,0.0,0.0,0,0,0,0,False,0,0.0,0.0,0.0
1790801343.958,7.0,67.8,0,0,0.0,0.0,0,0,0,0,False,0,0.0,0.0,0.0
1790801344.958,6.7,67.7,0,1380254,0.0,13.0,0,0,0,0,False,0,0.0,0.0,0.0
1790801345.958,6.6,67.7,0,12287,0.0,1.0,0,0,0,0,False,0,0.0,0.0,0.0
1790801346.958,7.0,67.7,0,0,0.0,0.0,0,0,0,0,False,0,0.0,0.0,0.0
1790801347.959,6.7,67.7,0,0,0.0,0.0,0,0,0,0,False,0,0.0,0.0,0.0
1790801348.959,13.4,68.3,0,139254,0.0,3.0,0,0,0,0,False,0,0.0,0.0,0.0
1790801349.959,8.4,68.3,0,0,0.0,0.0,0,0,0,0,False,0,0.0,0.0,0.0
1790801350.959,9.7,68.3,0,159732,0.0,13.0,0,0,0,0,False,0,0.0,0.0,0.0
1790801351.959,8.0,68.3,0,0,0.0,0.0,0,0,0,0,False,0,0.0,0.0,0.0
1790801352.959,6.9,68.3,0,864182,0.0,9.0,0,0,0,0,False,0,0.0,0.0,0.0
1790801353.959,9.4,68.3,0,0,0.0,0.0,0,0,0,0,False,0,0.0,0.0,0.0
1790801354.959,6.9,68.3,0,0,0.0,0.0,0,0,0,0,False,0,0.0,0.0,0.0
1790801355.959,7.1,68.3,0,0,0.0,0.0,0,0,0,0,False,0,0.0,0.0,0.0
1790801356.959,8.4,68.3,0,49149,0.0,2.0,0,0,0,0,False,0,0.0,0.0,0.0
1790801357.959,7.5,68.3,0,0,0.0,0.0,0,0,0,0,False,0,0.0,0.0,0.0
1790801358.959,26.7,54.6,0,32766,0.0,1.0,0,0,0,0,False,0,0.0,0.0,0.0
1790801359.959,31.2,54.9,0,114678,0.0,11.0,1,0,0,1,False,0,0.0,0.0,0.0
1790801360.959,16.2,54.1,0,45053,0.0,2.0,0,0,0,0,False,0,0.0,0.0,0.0
1790801361.960,7.1,54.1,0,0,0.0,0.0,0,0,0,0,False,0,0.0,0.0,0.0
1790801362.960,7.5,54.1,0,0,0.0,0.0,0,0,0,0,False,0,0.0,0.0,0.0
1790801363.960,7.9,54.0,0,204785,0.0,3.0,0,0,0,0,False,0,0.0,0.0,0.0
1790801364.960,6.8,53.9,0,2961190,0.0,31.0,0,0,0,0,False,0,0.0,0.0,0.0
1790801365.960,6.7,53.9,0,0,0.0,0.0,0,0,0,0,False,0,0.0,0.0,0.0
1790801366.960,6.8,53.9,0,0,0.0,0.0,0,0,0,0,False,0,0.0,0.0,0.0
1790801367.960,6.7,53.9,0,0,0.0,0.0,0,0,0,0,False,0,0.0,0.0,0.0
1790801368.960,6.8,53.9,0,1376156,0.0,20.0,0,0,0,0,False,0,0.0,0.0,0.0
1790801369.960,6.6,53.9,0,0,0.0,0.0,0,0,0,0,False,0,0.0,0.0,0.0
1790801370.960,6.5,53.9,0,0,0.0,0.0,0,0,0,0,False,0,0.0,0.0,0.0
1790801371.960,6.6,53.9,0,16383,0.0,1.0,0,0,0,0,False,0,0.0,0.0,0.0
1790801372.960,6.6,53.9,0,0,0.0,0.0,0,0,0,0,False,0,0.0,0.0,0.0
1790801373.960,7.1,53.7,0,0,0.0,0.0,0,0,0,0,False,0,0.0,0.0,0.0
1790801374.961,6.9,53.7,0,45053,0.0,2.0,0,0,0,0,False,0,0.0,0.0,0.0
1790801375.961,8.0,53.7,0,360421,0.0,71.0,0,0,0,0,False,0,0.0,0.0,0.0
1790801376.961,10.6,53.7,0,0,0.0,0.0,0,0,0,0,False,0,0.0,0.0,0.0
1790801377.961,6.5,53.7,0,0,0.0,0.0,0,0,0,0,False,0,0.0,0.0,0.0
1790801378.961,10.4,53.5,0,131063,0.0,17.0,0,0,0,0,False,0,0.0,0.0,0.0
1790801379.961,7.0,53.1,0,4096,0.0,1.0,0,0,0,0,False,0,0.0,0.0,0.0
1790801380.961,6.8,53.1,0,32766,0.0,5.0,0,0,0,0,False,0,0.0,0.0,0.0
1790801381.961,6.9,53.2,0,0,0.0,0.0,0,0,0,0,False,0,0.0,0.0,0.0
1790801382.961,7.3,53.2,0,147443,0.0,5.0,0,0,0,0,False,0,0.0,0.0,0.0
1790801383.961,9.3,53.2,0,0,0.0,0.0,0,0,0,0,False,0,0.0,0.0,0.0
1790801384.961,6.9,53.2,0,0,0.0,0.0,0,0,0,0,False,0,0.0,0.0,0.0
1790801385.961,7.1,53.2,0,1314723,0.0,11.0,0,0,0,0,False,0,0.0,0.0,0.0
1790801386.961,8.0,53.2,0,0,0.0,0.0,0,0,0,0,False,0,0.0,0.0,0.0
1790801387.961,8.2,53.2,0,0,0.0,0.0,0,0,0,0,False,0,0.0,0.0,0.0
1790801388.962,7.1,53.2,0,57340,0.0,2.0,0,0,0,0,False,0,0.0,0.0,0.0
1790801389.962,7.0,53.2,0,0,0.0,0.0,0,0,0,0,False,0,0.0,0.0,0.0
1790801390.962,6.9,53.2,0,819142,0.0,20.0,0,0,0,0,False,0,0.0,0.0,0.0
1790801391.962,6.9,53.2,0,53244,0.0,2.0,0,0,0,0,False,0,0.0,0.0,0.0
1790801392.962,9.0,53.3,0,0,0.0,0.0,0,0,0,0,False,0,0.0,0.0,0.0
1790801393.962,13.9,53.9,0,32766,0.0,1.0,0,0,0,0,False,0,0.0,0.0,0.0
1790801394.962,34.1,55.1,0,274410,0.0,9.0,0,0,0,0,False,0,0.0,0.0,0.0
1790801395.962,52.0,57.0,0,2965293,0.0,28.0,3,2,0,3,False,0,0.0,0.0,0.0
1790801396.962,33.1,60.7,0,1032107,0.0,20.0,1,1,0,1,False,0,0.0,0.0,0.0
1790801397.963,39.3,61.6,0,32751,0.0,1.0,1,17,0,1,False,0,0.0,0.0,0.0
1790801398.963,62.6,63.7,16383,45053,1.0,2.0,0,0,0,0,False,0,0.0,0.0,0.0
1790801399.963,30.1,64.0,0,0,0.0,0.0,2,0,0,2,False,0,0.0,0.0,0.0
1790801400.963,35.5,64.0,0,0,0.0,0.0,1,0,0,1,False,0,0.0,0.0,0.0
1790801401.963,13.9,63.6,0,737224,0.0,10.0,0,0,0,0,False,0,0.0,0.0,0.0
1790801402.963,25.0,64.1,0,0,0.0,0.0,0,0,0,0,False,0,0.0,0.0,0.0
1790801403.963,14.3,63.6,0,266221,0.0,16.0,0,0,0,0,False,0,0.0,0.0,0.0
1790801404.963,10.6,63.7,0,0,0.0,0.0,0,0,0,0,False,0,0.0,0.0,0.0
1790801405.963,24.2,64.1,0,32766,0.0,1.0,0,0,0,0,False,0,0.0,0.0,0.0
1790801406.963,28.8,64.2,0,12287,0.0,1.0,0,0,0,0,False,0,0.0,0.0,0.0
1790801407.963,6.9,63.7,0,794565,0.0,9.0,0,0,0,0,False,0,0.0,0.0,0.0
1790801408.963,6.8,63.6,0,888766,0.0,123.0,0,0,0,0,False,0,0.0,0.0,0.0
1790801409.964,6.8,63.5,0,0,0.0,0.0,0,0,0,0,False,0,0.0,0.0,0.0
1790801410.964,6.9,63.5,0,0,0.0,0.0,0,0,0,0,False,0,0.0,0.0,0.0
1790801411.964,7.0,63.4,0,0,0.0,0.0,0,0,0,0,False,0,0.0,0.0,0.0
1790801412.964,6.8,63.4,0,274411,0.0,14.0,0,0,0,0,False,0,0.0,0.0,0.0
1790801413.964,9.3,63.3,0,0,0.0,0.0,0,0,0,0,False,0,0.0,0.0,0.0
1790801414.964,6.8,63.3,0,0,0.0,0.0,0,0,0,0,False,0,0.0,0.0,0.0
1790801415.964,8.2,63.2,0,0,0.0,0.0,0,0,0,0,False,0,0.0,0.0,0.0
1790801416.964,7.9,63.1,0,0,0.0,0.0,0,0,0,0,False,0,0.0,0.0,0.0
1790801417.964,6.7,63.0,0,0,0.0,0.0,0,0,0,0,False,0,0.0,0.0,0.0
1790801418.964,6.8,63.0,0,1298329,0.0,12.0,0,0,0,0,False,0,0.0,0.0,0.0
1790801419.964,6.9,63.0,0,0,0.0,0.0,0,0,0,0,False,0,0.0,0.0,0.0
1790801420.964,6.5,63.0,0,0,0.0,0.0,0,0,0,0,False,0,0.0,0.0,0.0
1790801421.964,6.5,62.9,0,1388436,0.0,19.0,0,0,0,0,False,0,0.0,0.0,0.0
1790801422.965,6.4,62.9,0,4096,0.0,1.0,0,0,0,0,False,0,0.0,0.0,0.0
1790801423.965,7.1,62.8,0,0,0.0,0.0,0,0,0,0,False,0,0.0,0.0,0.0
1790801424.965,7.4,62.6,0,360420,0.0,37.0,0,0,0,0,False,0,0.0,0.0,0.0
1790801425.965,7.0,62.5,0,0,0.0,0.0,0,0,0,0,False,0,0.0,0.0,0.0
1790801426.965,8.0,62.5,0,2637632,0.0,35.0,0,0,0,0,False,0,0.0,0.0,0.0
1790801427.965,10.8,62.5,0,188402,0.0,3.0,0,0,0,0,False,0,0.0,0.0,0.0
1790801428.965,6.6,62.5,0,0,0.0,0.0,0,0,0,0,False,0,0.0,0.0,0.0
1790801429.965,6.6,62.4,0,0,0.0,0.0,0,0,0,0,False,0,0.0,0.0,0.0
1790801430.965,6.3,62.5,0,86009,0.0,4.0,0,0,0,0,False,0,0.0,0.0,0.0
1790801431.965,6.8,62.4,0,1331101,0.0,13.0,0,0,0,0,False,0,0.0,0.0,0.0
1790801432.965,6.6,62.3,0,16383,0.0,1.0,0,0,0,0,False,0,0.0,0.0,0.0
1790801433.965,9.5,62.1,0,0,0.0,0.0,0,0,0,0,False,0,0.0,0.0,0.0
1790801434.965,6.5,62.1,0,0,0.0,0.0,0,0,0,0,False,0,0.0,0.0,0.0
1790801435.966,6.6,62.1,0,1470309,0.0,18.0,0,0,0,0,False,0,0.0,0.0,0.0
1790801436.966,6.8,62.1,0,98299,0.0,2.0,0,0,0,0,False,0,0.0,0.0,0.0
1790801437.966,7.7,62.1,0,15027167,0.0,120.0,0,0,0,0,False,0,0.0,0.0,0.0
1790801438.966,7.6,62.1,0,0,0.0,0.0,0,0,0,0,False,0,0.0,0.0,0.0
1790801439.966,6.6,62.1,0,1236907,0.0,10.0,0,0,0,0,False,0,0.0,0.0,0.0
1790801440.966,6.4,62.1,0,0,0.0,0.0,0,0,0,0,False,0,0.0,0.0,0.0
1790801441.966,6.7,62.1,0,0,0.0,0.0,0,0,0,0,False,0,0.0,0.0,0.0
1790801442.966,6.6,62.1,0,131063,0.0,2.0,0,0,0,0,False,0,0.0,0.0,0.0
1790801443.966,7.2,62.2,0,335848,0.0,65.0,0,0,0,0,False,0,0.0,0.0,0.0
1790801444.966,6.8,62.2,0,0,0.0,0.0,0,0,0,0,False,0,0.0,0.0,0.0
1790801445.966,6.6,62.2,0,0,0.0,0.0,0,0,0,0,False,0,0.0,0.0,0.0
1790801446.966,6.7,62.2,0,0,0.0,0.0,0,0,0,0,False,0,0.0,0.0,0.0
1790801447.966,6.9,62.2,0,0,0.0,0.0,0,0,0,0,False,0,0.0,0.0,0.0
1790801448.966,8.0,62.3,0,0,0.0,0.0,0,0,0,0,False,0,0.0,0.0,0.0
1790801449.967,8.9,62.2,0,0,0.0,0.0,0,0,0,0,False,0,0.0,0.0,0.0
1790801450.967,10.3,62.5,0,8191,0.0,2.0,0,0,0,0,False,0,0.0,0.0,0.0
1790801451.967,8.6,62.9,0,208881,0.0,12.0,0,0,0,0,False,0,0.0,0.0,0.0
1790801452.967,6.8,62.9,0,12287,0.0,3.0,0,0,0,0,False,0,0.0,0.0,0.0
1790801453.967,10.6,63.2,0,0,0.0,0.0,0,0,0,0,False,0,0.0,0.0,0.0
1790801454.967,6.9,63.2,0,0,0.0,0.0,0,0,0,0,False,0,0.0,0.0,0.0
1790801455.967,6.7,63.1,0,131063,0.0,10.0,0,0,0,0,False,0,0.0,0.0,0.0
1790801456.967,10.2,63.0,0,0,0.0,0.0,0,0,0,0,False,0,0.0,0.0,0.0
1790801457.967,6.7,63.0,0,2961186,0.0,31.0,0,0,0,0,False,0,0.0,0.0,0.0
1790801458.967,6.9,62.9,0,0,0.0,0.0,0,0,0,0,False,0,0.0,0.0,0.0
1790801459.967,8.0,62.9,0,0,0.0,0.0,0,0,0,0,False,0,0.0,0.0,0.0
1790801460.967,7.5,62.8,0,0,0.0,0.0,0,0,0,0,False,0,0.0,0.0,0.0
1790801461.967,6.8,62.7,0,0,0.0,0.0,0,0,0,0,False,0,0.0,0.0,0.0
1790801462.967,6.6,62.7,0,0,0.0,0.0,0,0,0,0,False,0,0.0,0.0,0.0
1790801463.968,7.0,62.7,0,24574,0.0,4.0,0,0,0,0,False,0,0.0,0.0,0.0
1790801464.968,6.6,62.7,0,0,0.0,0.0,0,0,0,0,False,0,0.0,0.0,0.0
1790801465.968,6.6,62.7,0,0,0.0,0.0,0,0,0,0,False,0,0.0,0.0,0.0
1790801466.968,7.0,62.7,0,0,0.0,0.0,0,0,0,0,False,0,0.0,0.0,0.0
1790801467.968,6.6,62.7,0,794560,0.0,8.0,0,0,0,0,False,0,0.0,0.0,0.0
1790801468.968,6.8,62.6,0,0,0.0,0.0,0,0,0,0,False,0,0.0,0.0,0.0
1790801469.968,7.0,62.7,0,1257381,0.0,12.0,0,0,0,0,False,0,0.0,0.0,0.0
1790801470.968,13.1,62.7,0,36861,0.0,2.0,0,0,0,0,False,0,0.0,0.0,0.0
1790801471.968,25.7,63.4,0,0,0.0,0.0,0,0,0,0,False,0,0.0,0.0,0.0
1790801472.968,46.0,63.6,0,0,0.0,0.0,2,2,0,2,False,0,0.0,0.0,0.0
1790801473.968,22.8,63.8,0,0,0.0,0.0,1,1,0,1,False,0,0.0,0.0,0.0
1790801474.968,69.1,63.1,0,692174,0.0,8.0,0,0,0,0,False,0,0.0,0.0,0.0
1790801475.968,6.5,63.0,0,0,0.0,0.0,0,0,0,0,False,0,0.0,0.0,0.0
1790801476.968,7.0,63.1,0,0,0.0,0.0,0,0,0,0,False,0,0.0,0.0,0.0
1790801477.969,9.2,62.9,0,0,0.0,0.0,0,0,0,0,False,0,0.0,0.0,0.0
1790801478.969,6.8,62.9,0,0,0.0,0.0,0,0,0,0,False,0,0.0,0.0,0.0
1790801479.969,7.0,62.8,0,200686,0.0,12.0,0,0,0,0,False,0,0.0,0.0,0.0
1790801480.969,8.2,62.4,0,0,0.0,0.0,0,0,0,0,False,0,0.0,0.0,0.0
1790801481.969,8.3,62.3,0,0,0.0,0.0,0,0,0,0,False,0,0.0,0.0,0.0
1790801482.969,6.6,62.2,0,2051946,0.0,104.0,0,0,0,0,False,0,0.0,0.0,0.0
1790801483.969,7.2,62.2,0,491483,0.0,11.0,0,0,0,0,False,0,0.0,0.0,0.0
1790801484.969,7.0,62.1,0,0,0.0,0.0,0,0,0,0,False,0,0.0,0.0,0.0
1790801485.969,6.8,62.1,0,0,0.0,0.0,0,0,0,0,False,0,0.0,0.0,0.0
1790801486.969,17.2,62.3,0,102392,0.0,4.0,0,0,0,0,False,0,0.0,0.0,0.0
1790801487.969,29.1,62.7,0,2817805,0.0,34.0,1,0,0,1,False,0,0.0,0.0,0.0
1790801488.969,35.2,63.5,0,0,0.0,0.0,1,1,0,1,False,0,0.0,0.0,0.0
1790801489.970,21.9,63.5,0,597969,0.0,6.0,1,1,0,1,False,0,0.0,0.0,0.0
1790801490.970,19.1,63.5,0,0,0.0,0.0,1,1,0,1,False,0,0.0,0.0,0.0
1790801491.970,19.2,63.6,0,0,0.0,0.0,1,1,0,1,False,0,0.0,0.0,0.0
1790801492.970,19.9,63.6,0,0,0.0,0.0,1,1,0,1,False,0,0.0,0.0,0.0
1790801493.970,23.5,63.5,0,16383,0.0,1.0,1,1,0,1,False,0,0.0,0.0,0.0
1790801494.970,16.4,62.8,0,192497,0.0,5.0,0,0,0,0,False,0,0.0,0.0,0.0
1790801495.970,7.2,62.8,0,0,0.0,0.0,0,0,0,0,False,0,0.0,0.0,0.0
1790801496.970,6.9,62.8,0,0,0.0,0.0,0,0,0,0,False,0,0.0,0.0,0.0
1790801497.970,6.9,62.7,0,274412,0.0,4.0,0,0,0,0,False,0,0.0,0.0,0.0
1790801498.970,6.6,62.7,0,0,0.0,0.0,0,0,0,0,False,0,0.0,0.0,0.0
1790801499.970,7.4,62.6,0,0,0.0,0.0,0,0,0,0,False,0,0.0,0.0,0.0
1790801500.970,7.3,62.6,0,0,0.0,0.0,0,0,0,0,False,0,0.0,0.0,0.0
1790801501.970,21.8,63.1,0,32765,0.0,1.0,0,0,0,0,False,0,0.0,0.0,0.0
1790801502.970,34.5,63.4,0,622545,0.0,7.0,2,1,0,2,False,0,0.0,0.0,0.0
1790801503.971,28.8,63.2,0,49148,0.0,3.0,0,0,0,0,False,0,0.0,0.0,0.0
1790801504.971,19.2,62.8,0,188402,0.0,5.0,0,0,0,0,False,0,0.0,0.0,0.0
1790801505.971,7.0,62.8,0,0,0.0,0.0,0,0,0,0,False,0,0.0,0.0,0.0
1790801506.971,7.4,62.8,0,0,0.0,0.0,0,0,0,0,False,0,0.0,0.0,0.0
1790801507.971,8.1,62.8,0,937914,0.0,12.0,0,0,0,0,False,0,0.0,0.0,0.0
1790801508.971,7.3,62.8,0,602061,0.0,6.0,0,0,0,0,False,0,0.0,0.0,0.0
1790801509.971,7.1,62.8,0,94201,0.0,10.0,0,0,0,0,False,0,0.0,0.0,0.0
1790801510.971,6.9,62.8,0,0,0.0,0.0,0,0,0,0,False,0,0.0,0.0,0.0
1790801511.971,7.2,62.8,0,0,0.0,0.0,0,0,0,0,False,0,0.0,0.0,0.0
1790801512.971,6.9,62.7,0,0,0.0,0.0,0,0,0,0,False,0,0.0,0.0,0.0
1790801513.971,7.3,62.7,0,0,0.0,0.0,0,0,0,0,False,0,0.0,0.0,0.0
1790801514.971,7.2,62.7,0,720841,0.0,12.0,0,0,0,0,False,0,0.0,0.0,0.0
1790801515.971,10.8,62.7,0,0,0.0,0.0,0,0,0,0,False,0,0.0,0.0,0.0
1790801516.972,22.6,63.3,0,704447,0.0,81.0,0,0,0,0,False,0,0.0,0.0,0.0
1790801517.972,20.3,62.7,0,45053,0.0,2.0,0,0,0,0,False,0,0.0,0.0,0.0
1790801518.972,6.7,62.7,0,2039625,0.0,19.0,0,0,0,0,False,0,0.0,0.0,0.0
1790801519.972,7.3,62.7,0,167921,0.0,3.0,0,0,0,0,False,0,0.0,0.0,0.0
1790801520.972,7.0,62.7,0,0,0.0,0.0,0,0,0,0,False,0,0.0,0.0,0.0
1790801521.972,7.0,62.6,0,0,0.0,0.0,0,0,0,0,False,0,0.0,0.0,0.0
1790801522.972,7.1,62.6,0,0,0.0,0.0,0,0,0,0,False,0,0.0,0.0,0.0
1790801523.972,7.1,62.7,0,0,0.0,0.0,0,0,0,0,False,0,0.0,0.0,0.0
1790801524.972,10.2,62.7,0,106487,0.0,3.0,0,0,0,0,False,0,0.0,0.0,0.0
1790801525.972,6.7,62.7,0,0,0.0,0.0,0,0,0,0,False,0,0.0,0.0,0.0
1790801526.972,7.1,62.6,0,0,0.0,0.0,0,0,0,0,False,0,0.0,0.0,0.0
1790801527.972,6.6,62.6,0,0,0.0,0.0,0,0,0,0,False,0,0.0,0.0,0.0
1790801528.973,6.4,62.6,0,0,0.0,0.0,0,0,0,0,False,0,0.0,0.0,0.0
1790801529.973,10.9,62.6,0,24575,0.0,2.0,0,0,0,0,False,0,0.0,0.0,0.0
1790801530.973,7.7,62.6,0,0,0.0,0.0,0,0,0,0,False,0,0.0,0.0,0.0
1790801531.973,6.7,62.6,0,0,0.0,0.0,0,0,0,0,False,0,0.0,0.0,0.0
1790801532.973,6.6,62.6,0,0,0.0,0.0,0,0,0,0,False,0,0.0,0.0,0.0
1790801533.973,7.1,62.6,0,0,0.0,0.0,0,0,0,0,False,0,0.0,0.0,0.0
1790801534.973,6.7,62.6,0,15125486,0.0,122.0,0,0,0,0,False,0,0.0,0.0,0.0
1790801535.973,7.1,62.6,0,0,0.0,0.0,0,0,0,0,False,0,0.0,0.0,0.0
1790801536.973,6.7,62.6,0,0,0.0,0.0,0,0,0,0,False,0,0.0,0.0,0.0
1790801537.973,6.4,62.6,0,0,0.0,0.0,0,0,0,0,False,0,0.0,0.0,0.0
1790801538.973,6.7,62.6,0,0,0.0,0.0,0,0,0,0,False,0,0.0,0.0,0.0
1790801539.973,6.7,62.6,0,0,0.0,0.0,0,0,0,0,False,0,0.0,0.0,0.0
1790801540.973,7.9,62.6,0,90105,0.0,2.0,0,0,0,0,False,0,0.0,0.0,0.0
1790801541.973,9.6,62.6,0,0,0.0,0.0,0,0,0,0,False,0,0.0,0.0,0.0
1790801542.974,6.3,62.6,0,0,0.0,0.0,0,0,0,0,False,0,0.0,0.0,0.0
1790801543.974,6.8,62.5,0,0,0.0,0.0,0,0,0,0,False,0,0.0,0.0,0.0
1790801544.974,6.9,62.3,0,0,0.0,0.0,0,0,0,0,False,0,0.0,0.0,0.0
1790801545.974,6.5,62.3,0,0,0.0,0.0,0,0,0,0,False,0,0.0,0.0,0.0
1790801546.974,6.3,62.3,0,188402,0.0,9.0,0,0,0,0,False,0,0.0,0.0,0.0
1790801547.974,6.4,62.3,0,0,0.0,0.0,0,0,0,0,False,0,0.0,0.0,0.0
1790801548.974,6.3,62.3,0,0,0.0,0.0,0,0,0,0,False,0,0.0,0.0,0.0
1790801549.974,6.6,62.2,0,2953002,0.0,74.0,0,0,0,0,False,0,0.0,0.0,0.0
1790801550.974,6.7,62.3,0,0,0.0,0.0,0,0,0,0,False,0,0.0,0.0,0.0
1790801551.974,6.9,62.2,0,0,0.0,0.0,0,0,0,0,False,0,0.0,0.0,0.0
1790801552.974,6.3,62.2,0,0,0.0,0.0,0,0,0,0,False,0,0.0,0.0,0.0
1790801553.974,6.6,62.2,0,0,0.0,0.0,0,0,0,0,False,0,0.0,0.0,0.0
1790801554.974,12.9,62.2,0,0,0.0,0.0,0,0,0,0,False,0,0.0,0.0,0.0
1790801555.974,6.7,62.1,0,28670,0.0,3.0,0,0,0,0,False,0,0.0,0.0,0.0
1790801556.975,6.9,62.1,0,0,0.0,0.0,0,0,0,0,False,0,0.0,0.0,0.0
1790801557.975,6.5,62.1,0,0,0.0,0.0,0,0,0,0,False,0,0.0,0.0,0.0
1790801558.975,6.6,62.1,0,0,0.0,0.0,0,0,0,0,False,0,0.0,0.0,0.0
1790801559.975,7.7,62.1,0,12287,0.0,3.0,0,0,0,0,False,0,0.0,0.0,0.0
1790801560.975,6.3,62.1,0,675792,0.0,10.0,0,0,0,0,False,0,0.0,0.0,0.0
1790801561.975,6.6,62.1,0,16383,0.0,2.0,0,0,0,0,False,0,0.0,0.0,0.0
1790801562.975,6.6,62.1,0,0,0.0,0.0,0,0,0,0,False,0,0.0,0.0,0.0
1790801563.975,6.7,62.2,0,0,0.0,0.0,0,0,0,0,False,0,0.0,0.0,0.0
1790801564.975,6.8,62.2,0,4096,0.0,1.0,0,0,0,0,False,0,0.0,0.0,0.0
1790801565.975,6.5,62.2,0,4096,0.0,1.0,0,0,0,0,False,0,0.0,0.0,0.0
1790801566.975,7.2,62.2,0,0,0.0,0.0,0,0,0,0,False,0,0.0,0.0,0.0
1790801567.975,6.6,62.2,0,0,0.0,0.0,0,0,0,0,False,0,0.0,0.0,0.0
1790801568.975,7.3,62.3,0,0,0.0,0.0,0,0,0,0,False,0,0.0,0.0,0.0
1790801569.976,8.1,62.3,0,0,0.0,0.0,0,0,0,0,False,0,0.0,0.0,0.0
1790801570.976,6.7,62.3,0,0,0.0,0.0,0,0,0,0,False,0,0.0,0.0,0.0
1790801571.976,6.8,62.3,0,36861,0.0,2.0,0,0,0,0,False,0,0.0,0.0,0.0
1790801572.976,9.3,62.2,0,0,0.0,0.0,0,0,0,0,False,0,0.0,0.0,0.0
1790801573.976,8.9,62.6,0,0,0.0,0.0,0,0,0,0,False,0,0.0,0.0,0.0
1790801574.976,6.8,62.6,0,110583,0.0,10.0,0,0,0,0,False,0,0.0,0.0,0.0
1790801575.976,7.5,62.6,0,0,0.0,0.0,0,0,0,0,False,0,0.0,0.0,0.0
1790801576.976,6.7,62.6,0,0,0.0,0.0,0,0,0,0,False,0,0.0,0.0,0.0
1790801577.976,6.8,62.6,0,24574,0.0,4.0,0,0,0,0,False,0,0.0,0.0,0.0
1790801578.976,6.6,62.6,0,0,0.0,0.0,0,0,0,0,False,0,0.0,0.0,0.0
1790801579.976,7.5,62.6,0,2109291,0.0,19.0,0,0,0,0,False,0,0.0,0.0,0.0
1790801580.976,8.0,62.5,0,0,0.0,0.0,0,0,0,0,False,0,0.0,0.0,0.0
1790801581.976,6.7,62.5,0,0,0.0,0.0,0,0,0,0,False,0,0.0,0.0,0.0
1790801582.976,10.0,62.5,0,0,0.0,0.0,0,0,0,0,False,0,0.0,0.0,0.0
1790801583.977,9.3,62.6,0,0,0.0,0.0,0,0,0,0,False,0,0.0,0.0,0.0
1790801584.977,6.9,62.5,0,0,0.0,0.0,0,0,0,0,False,0,0.0,0.0,0.0
1790801585.977,20.2,63.1,0,32766,0.0,1.0,0,0,0,0,False,0,0.0,0.0,0.0
1790801586.977,24.3,63.3,0,176115,0.0,16.0,0,0,0,0,False,0,0.0,0.0,0.0
1790801587.977,8.5,62.7,0,45053,0.0,2.0,0,0,0,0,False,0,0.0,0.0,0.0
1790801588.977,6.6,62.7,0,0,0.0,0.0,0,0,0,0,False,0,0.0,0.0,0.0
1790801589.977,6.6,62.7,0,0,0.0,0.0,0,0,0,0,False,0,0.0,0.0,0.0
1790801590.977,7.2,62.6,0,0,0.0,0.0,0,0,0,0,False,0,0.0,0.0,0.0
1790801591.977,8.1,62.6,0,0,0.0,0.0,0,0,0,0,False,0,0.0,0.0,0.0
1790801592.977,6.6,62.6,0,303082,0.0,4.0,0,0,0,0,False,0,0.0,0.0,0.0
1790801593.977,6.9,62.6,0,0,0.0,0.0,0,0,0,0,False,0,0.0,0.0,0.0
1790801594.977,6.8,62.6,0,0,0.0,0.0,0,0,0,0,False,0,0.0,0.0,0.0
1790801595.977,6.7,62.6,0,0,0.0,0.0,0,0,0,0,False,0,0.0,0.0,0.0
1790801596.977,6.9,62.6,0,0,0.0,0.0,0,0,0,0,False,0,0.0,0.0,0.0
1790801597.978,6.7,62.6,0,679885,0.0,10.0,0,0,0,0,False,0,0.0,0.0,0.0
1790801598.978,6.5,62.5,0,0,0.0,0.0,0,0,0,0,False,0,0.0,0.0,0.0
1790801599.978,13.4,62.7,0,32765,0.0,1.0,0,0,0,0,False,0,0.0,0.0,0.0
1790801600.978,26.6,63.3,0,0,0.0,0.0,1,0,0,1,False,0,0.0,0.0,0.0
1790801601.978,35.7,63.4,0,0,0.0,0.0,1,1,0,1,False,0,0.0,0.0,0.0
1790801602.978,22.8,63.4,0,172020,0.0,3.0,1,1,0,1,False,0,0.0,0.0,0.0
1790801603.978,20.2,63.3,0,0,0.0,0.0,1,1,0,1,False,0,0.0,0.0,0.0
1790801604.978,19.7,63.3,0,0,0.0,0.0,1,1,0,1,False,0,0.0,0.0,0.0
1790801605.978,20.3,63.2,0,8191,0.0,1.0,1,1,0,1,False,0,0.0,0.0,0.0
1790801606.978,19.7,63.1,0,0,0.0,0.0,1,1,0,1,False,0,0.0,0.0,0.0
1790801607.978,17.4,62.2,0,139253,0.0,4.0,0,0,0,0,False,0,0.0,0.0,0.0
1790801608.978,7.5,62.2,0,0,0.0,0.0,0,0,0,0,False,0,0.0,0.0,0.0
1790801609.978,15.1,62.9,0,618449,0.0,13.0,0,0,0,0,False,0,0.0,0.0,0.0
1790801610.979,18.5,63.6,0,249837,0.0,14.0,0,0,0,0,False,0,0.0,0.0,0.0
1790801611.979,40.3,64.4,0,32767,0.0,1.0,1,0,0,1,False,0,0.0,0.0,0.0
1790801612.979,27.5,63.9,0,16383,0.0,1.0,0,0,0,0,False,0,0.0,0.0,0.0
1790801613.979,11.2,63.3,0,49148,0.0,2.0,0,0,0,0,False,0,0.0,0.0,0.0
1790801614.979,6.7,63.3,0,0,0.0,0.0,0,0,0,0,False,0,0.0,0.0,0.0
1790801615.979,8.8,63.2,0,3178227,0.0,33.0,0,0,0,0,False,0,0.0,0.0,0.0
1790801616.979,7.2,63.1,0,114679,0.0,2.0,0,0,0,0,False,0,0.0,0.0,0.0
1790801617.979,6.8,63.1,0,479196,0.0,83.0,0,0,0,0,False,0,0.0,0.0,0.0
1790801618.979,6.8,63.0,0,0,0.0,0.0,0,0,0,0,False,0,0.0,0.0,0.0
1790801619.979,6.6,63.0,0,0,0.0,0.0,0,0,0,0,False,0,0.0,0.0,0.0
1790801620.979,6.7,63.0,0,4096,0.0,1.0,0,0,0,0,False,0,0.0,0.0,0.0
1790801621.979,7.0,62.9,0,53244,0.0,2.0,0,0,0,0,False,0,0.0,0.0,0.0
1790801622.979,8.5,62.9,0,0,0.0,0.0,0,0,0,0,False,0,0.0,0.0,0.0
1790801623.980,7.8,62.9,0,0,0.0,0.0,0,0,0,0,False,0,0.0,0.0,0.0
1790801624.980,6.7,62.9,0,0,0.0,0.0,0,0,0,0,False,0,0.0,0.0,0.0
1790801625.980,6.9,62.8,0,0,0.0,0.0,0,0,0,0,False,0,0.0,0.0,0.0
1790801626.980,6.8,62.8,0,0,0.0,0.0,0,0,0,0,False,0,0.0,0.0,0.0
1790801627.980,7.4,62.8,0,0,0.0,0.0,0,0,0,0,False,0,0.0,0.0,0.0
1790801628.980,7.5,62.8,0,1077167,0.0,14.0,0,0,0,0,False,0,0.0,0.0,0.0
1790801629.980,6.9,62.8,0,0,0.0,0.0,0,0,0,0,False,0,0.0,0.0,0.0
1790801630.980,7.1,62.8,0,0,0.0,0.0,0,0,0,0,False,0,0.0,0.0,0.0
1790801631.980,6.8,62.8,0,0,0.0,0.0,0,0,0,0,False,0,0.0,0.0,0.0
1790801632.980,6.8,62.8,0,12287,0.0,1.0,0,0,0,0,False,0,0.0,0.0,0.0
1790801633.980,8.6,63.2,0,20478,0.0,3.0,0,0,0,0,False,0,0.0,0.0,0.0
1790801634.980,6.9,63.2,0,0,0.0,0.0,0,0,0,0,False,0,0.0,0.0,0.0
1790801635.980,6.9,63.2,0,172019,0.0,12.0,0,0,0,0,False,0,0.0,0.0,0.0
1790801636.980,6.8,63.2,0,0,0.0,0.0,0,0,0,0,False,0,0.0,0.0,0.0
1790801637.981,9.5,63.2,0,0,0.0,0.0,0,0,0,0,False,0,0.0,0.0,0.0
1790801638.981,10.8,63.1,0,139253,0.0,18.0,0,0,0,0,False,0,0.0,0.0,0.0
1790801639.981,8.7,62.7,0,0,0.0,0.0,0,0,0,0,False,0,0.0,0.0,0.0
1790801640.981,7.4,62.6,0,331752,0.0,10.0,0,0,0,0,False,0,0.0,0.0,0.0
1790801641.981,6.8,62.6,0,1372041,0.0,15.0,0,0,0,0,False,0,0.0,0.0,0.0
1790801642.981,6.8,62.5,0,36861,0.0,1.0,0,0,0,0,False,0,0.0,0.0,0.0
1790801643.981,6.9,62.5,0,0,0.0,0.0,0,0,0,0,False,0,0.0,0.0,0.0
1790801644.981,6.5,62.5,0,0,0.0,0.0,0,0,0,0,False,0,0.0,0.0,0.0
1790801645.981,6.5,62.5,0,77818,0.0,2.0,0,0,0,0,False,0,0.0,0.0,0.0
1790801646.981,6.6,62.5,0,2670402,0.0,28.0,0,0,0,0,False,0,0.0,0.0,0.0
1790801647.981,6.6,62.5,0,53243,0.0,2.0,0,0,0,0,False,0,0.0,0.0,0.0
1790801648.981,10.9,63.2,0,143349,0.0,4.0,0,0,0,0,False,0,0.0,0.0,0.0
1790801649.981,8.6,63.3,0,0,0.0,0.0,0,0,0,0,False,0,0.0,0.0,0.0
1790801650.982,9.9,63.3,0,172016,0.0,12.0,0,0,0,0,False,0,0.0,0.0,0.0
1790801651.982,6.3,63.3,0,0,0.0,0.0,0,0,0,0,False,0,0.0,0.0,0.0
1790801652.982,9.1,63.2,0,249838,0.0,52.0,0,0,0,0,False,0,0.0,0.0,0.0
1790801653.982,6.8,63.2,0,0,0.0,0.0,0,0,0,0,False,0,0.0,0.0,0.0
1790801654.982,6.6,63.2,0,0,0.0,0.0,0,0,0,0,False,0,0.0,0.0,0.0
1790801655.982,6.5,63.2,0,0,0.0,0.0,0,0,0,0,False,0,0.0,0.0,0.0
1790801656.982,6.6,63.2,0,16383,0.0,2.0,0,0,0,0,False,0,0.0,0.0,0.0
1790801657.982,6.7,63.2,0,0,0.0,0.0,0,0,0,0,False,0,0.0,0.0,0.0
1790801658.982,6.4,63.2,0,0,0.0,0.0,0,0,0,0,False,0,0.0,0.0,0.0
1790801659.982,6.6,63.1,0,0,0.0,0.0,0,0,0,0,False,0,0.0,0.0,0.0
1790801660.982,7.8,63.1,0,0,0.0,0.0,0,0,0,0,False,0,0.0,0.0,0.0
1790801661.982,7.1,63.1,0,0,0.0,0.0,0,0,0,0,False,0,0.0,0.0,0.0
1790801662.982,6.5,63.1,0,0,0.0,0.0,0,0,0,0,False,0,0.0,0.0,0.0
1790801663.983,7.3,63.0,0,0,0.0,0.0,0,0,0,0,False,0,0.0,0.0,0.0
1790801664.983,6.8,63.0,0,12287,0.0,2.0,0,0,0,0,False,0,0.0,0.0,0.0
1790801665.983,8.8,62.9,0,0,0.0,0.0,0,0,0,0,False,0,0.0,0.0,0.0
1790801666.983,9.9,62.9,0,8191,0.0,1.0,0,0,0,0,False,0,0.0,0.0,0.0
1790801667.983,6.2,62.9,0,0,0.0,0.0,0,0,0,0,False,0,0.0,0.0,0.0
1790801668.983,6.8,62.7,0,1236902,0.0,10.0,0,0,0,0,False,0,0.0,0.0,0.0
1790801669.983,6.5,62.6,0,155634,0.0,10.0,0,0,0,0,False,0,0.0,0.0,0.0
1790801670.983,8.2,62.6,0,24574,0.0,3.0,0,0,0,0,False,0,0.0,0.0,0.0
1790801671.983,7.8,62.6,0,0,0.0,0.0,0,0,0,0,False,0,0.0,0.0,0.0
1790801672.983,6.5,62.6,0,12287,0.0,3.0,0,0,0,0,False,0,0.0,0.0,0.0
1790801673.983,6.9,62.6,0,0,0.0,0.0,0,0,0,0,False,0,0.0,0.0,0.0
1790801674.983,6.6,62.6,0,0,0.0,0.0,0,0,0,0,False,0,0.0,0.0,0.0
1790801675.983,6.9,62.6,0,0,0.0,0.0,0,0,0,0,False,0,0.0,0.0,0.0
1790801676.983,6.7,62.6,0,40957,0.0,2.0,0,0,0,0,False,0,0.0,0.0,0.0
1790801677.984,6.8,62.6,0,2948887,0.0,29.0,0,0,0,0,False,0,0.0,0.0,0.0
1790801678.984,7.3,62.5,0,143348,0.0,17.0,0,0,0,0,False,0,0.0,0.0,0.0
1790801679.984,7.5,62.2,0,0,0.0,0.0,0,0,0,0,False,0,0.0,0.0,0.0
1790801680.984,6.9,62.2,0,0,0.0,0.0,0,0,0,0,False,0,0.0,0.0,0.0
1790801681.984,6.7,62.2,0,4096,0.0,1.0,0,0,0,0,False,0,0.0,0.0,0.0
1790801682.984,6.5,62.2,0,1339293,0.0,16.0,0,0,0,0,False,0,0.0,0.0,0.0
1790801683.984,9.5,62.1,0,0,0.0,0.0,0,0,0,0,False,0,0.0,0.0,0.0
1790801684.984,6.5,62.1,0,90105,0.0,2.0,0,0,0,0,False,0,0.0,0.0,0.0
1790801685.984,7.7,62.1,0,0,0.0,0.0,0,0,0,0,False,0,0.0,0.0,0.0
1790801686.984,6.5,62.1,0,167923,0.0,36.0,0,0,0,0,False,0,0.0,0.0,0.0
1790801687.984,7.0,62.2,0,0,0.0,0.0,0,0,0,0,False,0,0.0,0.0,0.0
1790801688.984,8.3,62.2,0,0,0.0,0.0,0,0,0,0,False,0,0.0,0.0,0.0
1790801689.984,6.9,62.2,0,0,0.0,0.0,0,0,0,0,False,0,0.0,0.0,0.0
1790801690.985,6.6,62.2,0,0,0.0,0.0,0,0,0,0,False,0,0.0,0.0,0.0
1790801691.985,6.7,62.2,0,0,0.0,0.0,0,0,0,0,False,0,0.0,0.0,0.0
1790801692.985,7.8,62.4,0,0,0.0,0.0,0,0,0,0,False,0,0.0,0.0,0.0
1790801693.985,8.3,62.9,0,0,0.0,0.0,0,0,0,0,False,0,0.0,0.0,0.0
1790801694.985,12.8,63.7,0,208880,0.0,6.0,0,0,0,0,False,0,0.0,0.0,0.0
1790801695.985,10.5,63.6,0,0,0.0,0.0,0,0,0,0,False,0,0.0,0.0,0.0
1790801696.985,8.5,63.8,0,139253,0.0,12.0,0,0,0,0,False,0,0.0,0.0,0.0
1790801697.985,6.9,63.8,0,0,0.0,0.0,0,0,0,0,False,0,0.0,0.0,0.0
1790801698.985,6.8,63.8,0,0,0.0,0.0,0,0,0,0,False,0,0.0,0.0,0.0
1790801699.985,7.7,63.8,0,0,0.0,0.0,0,0,0,0,False,0,0.0,0.0,0.0
1790801700.985,8.9,63.7,0,0,0.0,0.0,0,0,0,0,False,0,0.0,0.0,0.0
1790801701.985,22.6,64.3,0,2215770,0.0,23.0,0,0,0,0,False,0,0.0,0.0,0.0
1790801702.985,22.3,63.8,0,49148,0.0,2.0,0,0,0,0,False,0,0.0,0.0,0.0
1790801703.986,9.5,63.8,0,212973,0.0,13.0,0,0,0,0,False,0,0.0,0.0,0.0
1790801704.986,6.9,63.8,0,0,0.0,0.0,0,0,0,0,False,0,0.0,0.0,0.0
1790801705.986,6.7,63.7,0,0,0.0,0.0,0,0,0,0,False,0,0.0,0.0,0.0
1790801706.986,6.7,63.7,0,0,0.0,0.0,0,0,0,0,False,0,0.0,0.0,0.0
1790801707.986,6.8,63.6,0,241646,0.0,3.0,0,0,0,0,False,0,0.0,0.0,0.0
1790801708.986,6.9,63.6,0,192498,0.0,5.0,0,0,0,0,False,0,0.0,0.0,0.0
1790801709.986,6.9,63.5,0,126965,0.0,10.0,0,0,0,0,False,0,0.0,0.0,0.0
1790801710.986,6.7,63.5,0,0,0.0,0.0,0,0,0,0,False,0,0.0,0.0,0.0
1790801711.986,7.2,63.5,0,0,0.0,0.0,0,0,0,0,False,0,0.0,0.0,0.0
1790801712.986,7.2,63.4,0,90105,0.0,1.0,0,0,0,0,False,0,0.0,0.0,0.0
1790801713.986,9.2,63.4,0,2965291,0.0,28.0,0,0,0,0,False,0,0.0,0.0,0.0
1790801714.986,6.8,63.4,0,0,0.0,0.0,0,0,0,0,False,0,0.0,0.0,0.0
1790801715.987,6.8,63.4,0,73723,0.0,2.0,0,0,0,0,False,0,0.0,0.0,0.0
1790801716.987,7.1,63.3,0,0,0.0,0.0,0,0,0,0,False,0,0.0,0.0,0.0
1790801717.987,6.8,63.3,0,1236904,0.0,10.0,0,0,0,0,False,0,0.0,0.0,0.0
1790801718.987,6.6,63.3,0,0,0.0,0.0,0,0,0,0,False,0,0.0,0.0,0.0
1790801719.987,7.0,63.3,0,0,0.0,0.0,0,0,0,0,False,0,0.0,0.0,0.0
1790801720.987,6.9,63.3,0,0,0.0,0.0,0,0,0,0,False,0,0.0,0.0,0.0
1790801721.987,6.9,63.2,0,61436,0.0,2.0,0,0,0,0,False,0,0.0,0.0,0.0
1790801722.987,7.3,63.3,0,0,0.0,0.0,0,0,0,0,False,0,0.0,0.0,0.0
1790801723.987,7.8,63.2,0,8191,0.0,2.0,0,0,0,0,False,0,0.0,0.0,0.0
1790801724.987,7.6,63.1,0,245742,0.0,31.0,0,0,0,0,False,0,0.0,0.0,0.0
1790801725.987,8.0,63.0,0,466905,0.0,88.0,0,0,0,0,False,0,0.0,0.0,0.0
1790801726.987,6.6,63.0,0,0,0.0,0.0,0,0,0,0,False,0,0.0,0.0,0.0
1790801727.987,6.9,63.0,0,0,0.0,0.0,0,0,0,0,False,0,0.0,0.0,0.0
1790801728.987,7.1,63.0,0,1335197,0.0,16.0,0,0,0,0,False,0,0.0,0.0,0.0
1790801729.988,8.0,63.0,0,69627,0.0,2.0,0,0,0,0,False,0,0.0,0.0,0.0
1790801730.988,7.2,63.0,0,0,0.0,0.0,0,0,0,0,False,0,0.0,0.0,0.0
1790801731.988,6.6,63.0,0,0,0.0,0.0,0,0,0,0,False,0,0.0,0.0,0.0
1790801732.988,7.2,63.0,0,8191,0.0,2.0,0,0,0,0,False,0,0.0,0.0,0.0
1790801733.988,10.5,62.9,0,0,0.0,0.0,0,0,0,0,False,0,0.0,0.0,0.0
1790801734.988,10.4,62.8,0,53244,0.0,2.0,0,0,0,0,False,0,0.0,0.0,0.0
1790801735.988,7.5,62.8,0,77818,0.0,5.0,0,0,0,0,False,0,0.0,0.0,0.0
1790801736.988,7.0,62.8,0,0,0.0,0.0,0,0,0,0,False,0,0.0,0.0,0.0
1790801737.988,7.4,62.8,0,0,0.0,0.0,0,0,0,0,False,0,0.0,0.0,0.0
1790801738.988,7.1,62.8,0,0,0.0,0.0,0,0,0,0,False,0,0.0,0.0,0.0
1790801739.988,6.8,62.8,0,1253282,0.0,11.0,0,0,0,0,False,0,0.0,0.0,0.0
1790801740.988,6.9,62.8,0,0,0.0,0.0,0,0,0,0,False,0,0.0,0.0,0.0
1790801741.988,7.0,62.8,0,0,0.0,0.0,0,0,0,0,False,0,0.0,0.0,0.0
1790801742.988,7.3,62.7,0,0,0.0,0.0,0,0,0,0,False,0,0.0,0.0,0.0
1790801743.989,7.4,62.7,0,2805555,0.0,29.0,0,0,0,0,False,0,0.0,0.0,0.0
1790801744.989,6.9,62.7,0,1204182,0.0,12.0,0,0,0,0,False,0,0.0,0.0,0.0
1790801745.989,13.6,63.0,0,90105,0.0,3.0,0,0,0,0,False,0,0.0,0.0,0.0
1790801746.989,25.1,63.6,0,0,0.0,0.0,0,0,0,0,False,0,0.0,0.0,0.0
1790801747.989,12.0,62.9,0,65531,0.0,5.0,0,0,0,0,False,0,0.0,0.0,0.0
1790801748.989,7.1,62.9,0,0,0.0,0.0,0,0,0,0,False,0,0.0,0.0,0.0
1790801749.989,6.9,62.9,0,0,0.0,0.0,0,0,0,0,False,0,0.0,0.0,0.0
1790801750.989,6.8,62.9,0,0,0.0,0.0,0,0,0,0,False,0,0.0,0.0,0.0
1790801751.989,6.8,62.9,0,212977,0.0,3.0,0,0,0,0,False,0,0.0,0.0,0.0
1790801752.989,7.1,62.9,0,0,0.0,0.0,0,0,0,0,False,0,0.0,0.0,0.0
1790801753.989,11.0,63.2,0,0,0.0,0.0,0,0,0,0,False,0,0.0,0.0,0.0
1790801754.989,7.0,63.2,0,0,0.0,0.0,0,0,0,0,False,0,0.0,0.0,0.0
1790801755.989,6.6,63.2,0,126967,0.0,10.0,0,0,0,0,False,0,0.0,0.0,0.0
1790801756.989,6.4,63.2,0,0,0.0,0.0,0,0,0,0,False,0,0.0,0.0,0.0
1790801757.990,6.6,63.1,0,0,0.0,0.0,0,0,0,0,False,0,0.0,0.0,0.0
1790801758.990,6.9,63.1,0,0,0.0,0.0,0,0,0,0,False,0,0.0,0.0,0.0
1790801759.990,6.6,63.1,0,0,0.0,0.0,0,0,0,0,False,0,0.0,0.0,0.0
1790801760.990,6.9,63.1,0,282603,0.0,58.0,0,0,0,0,False,0,0.0,0.0,0.0
1790801761.990,6.3,63.1,0,0,0.0,0.0,0,0,0,0,False,0,0.0,0.0,0.0
1790801762.990,10.2,63.0,0,0,0.0,0.0,0,0,0,0,False,0,0.0,0.0,0.0
1790801763.990,6.7,63.0,0,0,0.0,0.0,0,0,0,0,False,0,0.0,0.0,0.0
1790801764.990,6.3,62.9,0,0,0.0,0.0,0,0,0,0,False,0,0.0,0.0,0.0
1790801765.990,15.2,63.1,0,221169,0.0,10.0,0,0,0,0,False,0,0.0,0.0,0.0
1790801766.990,24.6,63.7,0,0,0.0,0.0,1,0,0,1,False,0,0.0,0.0,0.0
1790801767.990,10.5,63.0,0,49148,0.0,2.0,0,0,0,0,False,0,0.0,0.0,0.0
1790801768.990,6.4,62.9,0,0,0.0,0.0,0,0,0,0,False,0,0.0,0.0,0.0
1790801769.990,6.7,63.0,0,1236900,0.0,10.0,0,0,0,0,False,0,0.0,0.0,0.0
1790801770.990,6.8,63.0,0,212977,0.0,4.0,0,0,0,0,False,0,0.0,0.0,0.0
1790801771.991,6.4,63.0,0,0,0.0,0.0,0,0,0,0,False,0,0.0,0.0,0.0
1790801772.991,6.5,63.0,0,0,0.0,0.0,0,0,0,0,False,0,0.0,0.0,0.0
1790801773.991,9.8,63.0,0,0,0.0,0.0,0,0,0,0,False,0,0.0,0.0,0.0
1790801774.991,6.7,62.9,0,2936621,0.0,29.0,0,0,0,0,False,0,0.0,0.0,0.0
1790801775.991,6.6,62.9,0,0,0.0,0.0,0,0,0,0,False,0,0.0,0.0,0.0
1790801776.991,7.1,62.9,0,16383,0.0,2.0,0,0,0,0,False,0,0.0,0.0,0.0
1790801777.991,6.7,62.9,0,0,0.0,0.0,0,0,0,0,False,0,0.0,0.0,0.0
1790801778.991,6.4,62.9,0,0,0.0,0.0,0,0,0,0,False,0,0.0,0.0,0.0
1790801779.991,7.1,62.6,0,86010,0.0,10.0,0,0,0,0,False,0,0.0,0.0,0.0
1790801780.991,6.6,62.6,0,73723,0.0,2.0,0,0,0,0,False,0,0.0,0.0,0.0
1790801781.991,6.6,62.6,0,0,0.0,0.0,0,0,0,0,False,0,0.0,0.0,0.0
1790801782.991,11.5,62.7,0,32766,0.0,1.0,0,0,0,0,False,0,0.0,0.0,0.0
1790801783.991,25.5,63.5,0,0,0.0,0.0,0,0,0,0,False,0,0.0,0.0,0.0
1790801784.991,24.4,63.3,0,57340,0.0,3.0,0,0,0,0,False,0,0.0,0.0,0.0
1790801785.992,7.6,63.3,0,606161,0.0,6.0,0,0,0,0,False,0,0.0,0.0,0.0
1790801786.992,15.6,63.6,0,32767,0.0,1.0,0,0,0,0,False,0,0.0,0.0,0.0
1790801787.992,24.2,64.0,0,0,0.0,0.0,1,0,0,1,False,0,0.0,0.0,0.0
1790801788.992,10.4,63.4,0,49148,0.0,2.0,0,0,0,0,False,0,0.0,0.0,0.0
1790801789.992,6.7,63.4,0,548825,0.0,7.0,0,0,0,0,False,0,0.0,0.0,0.0
1790801790.992,6.9,63.4,0,0,0.0,0.0,0,0,0,0,False,0,0.0,0.0,0.0
1790801791.992,10.1,63.4,0,0,0.0,0.0,0,0,0,0,False,0,0.0,0.0,0.0
1790801792.992,6.9,63.5,0,0,0.0,0.0,0,0,0,0,False,0,0.0,0.0,0.0
1790801793.992,7.3,63.4,0,0,0.0,0.0,0,0,0,0,False,0,0.0,0.0,0.0
1790801794.992,6.4,63.4,0,0,0.0,0.0,0,0,0,0,False,0,0.0,0.0,0.0
1790801795.992,6.7,63.4,0,49148,0.0,2.0,0,0,0,0,False,0,0.0,0.0,0.0
1790801796.992,6.6,63.4,0,720835,0.0,12.0,0,0,0,0,False,0,0.0,0.0,0.0
1790801797.992,9.3,63.4,0,0,0.0,0.0,0,0,0,0,False,0,0.0,0.0,0.0
1790801798.993,6.6,63.1,0,0,0.0,0.0,0,0,0,0,False,0,0.0,0.0,0.0
1790801799.993,6.6,63.1,0,0,0.0,0.0,0,0,0,0,False,0,0.0,0.0,0.0
1790801800.993,6.4,63.1,0,4096,0.0,1.0,0,0,0,0,False,0,0.0,0.0,0.0
1790801801.993,6.8,63.0,0,683981,0.0,77.0,0,0,0,0,False,0,0.0,0.0,0.0
1790801802.993,6.9,63.1,0,0,0.0,0.0,0,0,0,0,False,0,0.0,0.0,0.0
1790801803.993,7.9,63.0,0,0,0.0,0.0,0,0,0,0,False,0,0.0,0.0,0.0
1790801804.993,8.1,63.0,0,32765,0.0,2.0,0,0,0,0,False,0,0.0,0.0,0.0
1790801805.993,6.5,63.0,0,0,0.0,0.0,0,0,0,0,False,0,0.0,0.0,0.0
1790801806.993,6.7,63.0,0,0,0.0,0.0,0,0,0,0,False,0,0.0,0.0,0.0
1790801807.993,6.8,63.0,0,0,0.0,0.0,0,0,0,0,False,0,0.0,0.0,0.0
1790801808.993,6.6,63.0,0,0,0.0,0.0,0,0,0,0,False,0,0.0,0.0,0.0
1790801809.993,6.7,62.9,0,86010,0.0,10.0,0,0,0,0,False,0,0.0,0.0,0.0
1790801810.993,9.0,62.9,0,2793281,0.0,29.0,0,0,0,0,False,0,0.0,0.0,0.0
1790801811.993,6.5,62.9,0,0,0.0,0.0,0,0,0,0,False,0,0.0,0.0,0.0
1790801812.994,6.9,62.9,0,0,0.0,0.0,0,0,0,0,False,0,0.0,0.0,0.0
1790801813.994,10.9,63.4,0,0,0.0,0.0,0,0,0,0,False,0,0.0,0.0,0.0
1790801814.994,7.1,63.4,0,0,0.0,0.0,0,0,0,0,False,0,0.0,0.0,0.0
1790801815.994,7.1,63.4,0,0,0.0,0.0,0,0,0,0,False,0,0.0,0.0,0.0
1790801816.994,7.2,63.4,0,15145701,0.0,123.0,0,0,0,0,False,0,0.0,0.0,0.0
1790801817.994,18.6,63.8,0,32765,0.0,1.0,0,0,0,0,False,0,0.0,0.0,0.0
1790801818.994,22.5,64.1,0,339943,0.0,5.0,1,0,0,1,False,0,0.0,0.0,0.0
1790801819.994,14.4,64.0,0,49148,0.0,2.0,0,0,0,0,False,0,0.0,0.0,0.0
1790801820.994,7.6,64.0,0,0,0.0,0.0,0,0,0,0,False,0,0.0,0.0,0.0
1790801821.994,6.6,64.0,0,0,0.0,0.0,0,0,0,0,False,0,0.0,0.0,0.0
1790801822.994,6.8,63.9,0,0,0.0,0.0,0,0,0,0,False,0,0.0,0.0,0.0
1790801823.994,9.5,63.9,0,0,0.0,0.0,0,0,0,0,False,0,0.0,0.0,0.0
1790801824.994,6.9,63.8,0,389091,0.0,4.0,0,0,0,0,False,0,0.0,0.0,0.0
1790801825.995,6.9,63.7,0,0,0.0,0.0,0,0,0,0,False,0,0.0,0.0,0.0
1790801826.995,7.1,63.7,0,0,0.0,0.0,0,0,0,0,False,0,0.0,0.0,0.0
1790801827.995,13.5,63.6,0,229358,0.0,10.0,0,0,0,0,False,0,0.0,0.0,0.0
1790801828.995,25.6,64.2,0,0,0.0,0.0,2,0,0,2,False,0,0.0,0.0,0.0
1790801829.995,26.3,64.5,0,0,0.0,0.0,1,0,0,1,False,0,0.0,0.0,0.0
1790801830.995,12.3,63.8,0,630737,0.0,8.0,0,0,0,0,False,0,0.0,0.0,0.0
1790801831.995,6.9,63.8,0,16383,0.0,1.0,0,0,0,0,False,0,0.0,0.0,0.0
1790801832.995,7.7,63.8,0,0,0.0,0.0,0,0,0,0,False,0,0.0,0.0,0.0
1790801833.995,7.5,63.8,0,0,0.0,0.0,0,0,0,0,False,0,0.0,0.0,0.0
1790801834.995,7.0,63.8,0,679879,0.0,81.0,0,0,0,0,False,0,0.0,0.0,0.0
1790801835.995,7.8,63.7,0,0,0.0,0.0,0,0,0,0,False,0,0.0,0.0,0.0
1790801836.995,7.6,63.7,0,36861,0.0,2.0,0,0,0,0,False,0,0.0,0.0,0.0
1790801837.995,7.8,63.6,0,0,0.0,0.0,0,0,0,0,False,0,0.0,0.0,0.0
1790801838.995,7.8,63.6,0,0,0.0,0.0,0,0,0,0,False,0,0.0,0.0,0.0
1790801839.996,7.2,63.6,0,0,0.0,0.0,0,0,0,0,False,0,0.0,0.0,0.0
1790801840.996,7.1,63.6,0,3882867,0.0,38.0,0,0,0,0,False,0,0.0,0.0,0.0
1790801841.996,7.1,63.5,0,0,0.0,0.0,0,0,0,0,False,0,0.0,0.0,0.0
1790801842.996,7.8,63.5,0,0,0.0,0.0,0,0,0,0,False,0,0.0,0.0,0.0
1790801843.996,11.4,63.4,0,180211,0.0,12.0,0,0,0,0,False,0,0.0,0.0,0.0
1790801844.996,7.4,63.3,0,0,0.0,0.0,0,0,0,0,False,0,0.0,0.0,0.0
1790801845.996,7.1,63.3,0,0,0.0,0.0,0,0,0,0,False,0,0.0,0.0,0.0
1790801846.996,15.5,63.7,0,155637,0.0,15.0,0,0,0,0,False,0,0.0,0.0,0.0
1790801847.996,23.9,64.2,0,0,0.0,0.0,1,0,0,1,False,0,0.0,0.0,0.0
1790801848.996,11.0,63.4,0,49148,0.0,2.0,0,0,0,0,False,0,0.0,0.0,0.0
1790801849.996,7.1,63.4,0,0,0.0,0.0,0,0,0,0,False,0,0.0,0.0,0.0
1790801850.996,6.8,63.4,0,298986,0.0,5.0,0,0,0,0,False,0,0.0,0.0,0.0
1790801851.996,6.6,63.5,0,16383,0.0,1.0,0,0,0,0,False,0,0.0,0.0,0.0
1790801852.996,6.8,63.5,0,376805,0.0,5.0,0,0,0,0,False,0,0.0,0.0,0.0
1790801853.997,8.3,63.3,0,0,0.0,0.0,0,0,0,0,False,0,0.0,0.0,0.0
1790801854.997,7.9,63.3,0,0,0.0,0.0,0,0,0,0,False,0,0.0,0.0,0.0
1790801855.997,7.0,63.3,0,0,0.0,0.0,0,0,0,0,False,0,0.0,0.0,0.0
1790801856.997,8.3,63.9,4096,2973486,1.0,28.0,0,0,0,0,False,0,0.0,0.0,0.0
1790801857.997,8.0,63.8,0,11377861,0.0,105.0,0,0,0,0,False,0,0.0,0.0,0.0
1790801858.997,6.6,63.7,0,511963,0.0,10.0,0,0,0,0,False,0,0.0,0.0,0.0
1790801859.997,6.5,63.7,0,0,0.0,0.0,0,0,0,0,False,0,0.0,0.0,0.0
1790801860.997,10.2,63.7,0,0,0.0,0.0,0,0,0,0,False,0,0.0,0.0,0.0
1790801861.997,6.7,63.7,0,4096,0.0,1.0,0,0,0,0,False,0,0.0,0.0,0.0
1790801862.997,6.9,63.7,0,122871,0.0,3.0,0,0,0,0,False,0,0.0,0.0,0.0
1790801863.997,7.0,63.7,0,0,0.0,0.0,0,0,0,0,False,0,0.0,0.0,0.0
1790801864.997,7.1,63.6,0,0,0.0,0.0,0,0,0,0,False,0,0.0,0.0,0.0
1790801865.997,6.6,63.6,0,0,0.0,0.0,0,0,0,0,False,0,0.0,0.0,0.0
1790801866.997,6.7,63.6,0,184307,0.0,4.0,0,0,0,0,False,0,0.0,0.0,0.0
1790801867.998,6.8,63.6,0,487389,0.0,100.0,0,0,0,0,False,0,0.0,0.0,0.0
1790801868.998,6.6,63.6,0,937927,0.0,12.0,0,0,0,0,False,0,0.0,0.0,0.0
1790801869.998,6.8,63.6,0,0,0.0,0.0,0,0,0,0,False,0,0.0,0.0,0.0
1790801870.998,6.3,63.6,0,0,0.0,0.0,0,0,0,0,False,0,0.0,0.0,0.0
1790801871.998,7.4,63.6,0,2842387,0.0,30.0,0,0,0,0,False,0,0.0,0.0,0.0
1790801872.998,7.0,63.6,0,0,0.0,0.0,0,0,0,0,False,0,0.0,0.0,0.0
1790801873.998,11.0,63.7,0,0,0.0,0.0,0,0,0,0,False,0,0.0,0.0,0.0
1790801874.998,7.7,63.7,0,0,0.0,0.0,0,0,0,0,False,0,0.0,0.0,0.0
1790801875.998,6.5,63.6,0,0,0.0,0.0,0,0,0,0,False,0,0.0,0.0,0.0
1790801876.998,6.5,63.5,0,0,0.0,0.0,0,0,0,0,False,0,0.0,0.0,0.0
1790801877.998,6.4,63.5,0,0,0.0,0.0,0,0,0,0,False,0,0.0,0.0,0.0
1790801878.998,6.6,63.6,0,20478,0.0,2.0,0,0,0,0,False,0,0.0,0.0,0.0
1790801879.998,6.4,63.6,0,0,0.0,0.0,0,0,0,0,False,0,0.0,0.0,0.0
1790801880.999,6.4,63.6,0,0,0.0,0.0,0,0,0,0,False,0,0.0,0.0,0.0
1790801881.999,7.1,63.6,0,0,0.0,0.0,0,0,0,0,False,0,0.0,0.0,0.0
1790801882.999,6.6,63.6,0,24574,0.0,1.0,0,0,0,0,False,0,0.0,0.0,0.0
1790801883.999,6.8,63.6,0,106493,0.0,10.0,0,0,0,0,False,0,0.0,0.0,0.0
1790801884.999,6.4,63.6,0,0,0.0,0.0,0,0,0,0,False,0,0.0,0.0,0.0
1790801885.999,6.6,63.6,0,0,0.0,0.0,0,0,0,0,False,0,0.0,0.0,0.0
1790801886.999,6.8,63.5,0,0,0.0,0.0,0,0,0,0,False,0,0.0,0.0,0.0
1790801887.999,6.6,63.5,0,28670,0.0,3.0,0,0,0,0,False,0,0.0,0.0,0.0
1790801888.999,10.5,63.5,0,49149,0.0,3.0,0,0,0,0,False,0,0.0,0.0,0.0
1790801889.999,7.9,63.6,0,24574,0.0,4.0,0,0,0,0,False,0,0.0,0.0,0.0
1790801890.999,7.2,63.5,0,0,0.0,0.0,0,0,0,0,False,0,0.0,0.0,0.0
1790801891.999,12.2,63.6,0,32766,0.0,1.0,0,0,0,0,False,0,0.0,0.0,0.0
1790801893.000,27.4,64.3,0,0,0.0,0.0,2,0,0,2,False,0,0.0,0.0,0.0
1790801894.000,19.6,63.7,0,651212,0.0,9.0,0,0,0,0,False,0,0.0,0.0,0.0
1790801895.000,7.0,63.7,0,0,0.0,0.0,0,0,0,0,False,0,0.0,0.0,0.0
1790801896.000,7.1,63.7,0,0,0.0,0.0,0,0,0,0,False,0,0.0,0.0,0.0
1790801897.000,6.4,63.8,0,0,0.0,0.0,0,0,0,0,False,0,0.0,0.0,0.0
1790801898.000,6.6,63.8,0,0,0.0,0.0,0,0,0,0,False,0,0.0,0.0,0.0
1790801899.000,19.6,64.1,0,151541,0.0,3.0,0,0,0,0,False,0,0.0,0.0,0.0
1790801900.000,23.8,64.4,0,0,0.0,0.0,1,0,0,1,False,0,0.0,0.0,0.0
1790801901.000,14.6,63.8,0,81913,0.0,3.0,0,0,0,0,False,0,0.0,0.0,0.0
1790801902.000,26.4,64.5,0,0,0.0,0.0,2,0,0,2,False,0,0.0,0.0,0.0
1790801903.000,29.0,65.1,0,1974120,0.0,40.0,1,0,0,1,False,0,0.0,0.0,0.0
1790801904.000,11.5,64.3,0,49148,0.0,2.0,0,0,0,0,False,0,0.0,0.0,0.0
1790801905.000,6.8,64.3,0,610262,0.0,6.0,0,0,0,0,False,0,0.0,0.0,0.0
1790801906.001,6.9,64.3,0,0,0.0,0.0,0,0,0,0,False,0,0.0,0.0,0.0
1790801907.001,8.0,64.3,0,0,0.0,0.0,0,0,0,0,False,0,0.0,0.0,0.0
1790801908.001,7.6,64.3,0,0,0.0,0.0,0,0,0,0,False,0,0.0,0.0,0.0
1790801909.001,6.5,64.3,0,0,0.0,0.0,0,0,0,0,False,0,0.0,0.0,0.0
1790801910.001,7.2,64.2,0,12287,0.0,2.0,0,0,0,0,False,0,0.0,0.0,0.0
1790801911.001,12.7,64.6,0,81914,0.0,3.0,0,0,0,0,False,0,0.0,0.0,0.0
1790801912.001,9.4,64.8,0,159732,0.0,12.0,0,0,0,0,False,0,0.0,0.0,0.0
1790801913.001,6.5,64.8,0,0,0.0,0.0,0,0,0,0,False,0,0.0,0.0,0.0
1790801914.001,7.0,64.7,0,86010,0.0,12.0,0,0,0,0,False,0,0.0,0.0,0.0
1790801915.001,6.8,64.7,0,0,0.0,0.0,0,0,0,0,False,0,0.0,0.0,0.0
1790801916.001,8.0,64.7,0,0,0.0,0.0,0,0,0,0,False,0,0.0,0.0,0.0
1790801917.001,9.8,64.6,0,0,0.0,0.0,0,0,0,0,False,0,0.0,0.0,0.0
1790801918.001,6.8,64.6,0,0,0.0,0.0,0,0,0,0,False,0,0.0,0.0,0.0
1790801919.002,20.3,65.0,0,32766,0.0,1.0,0,0,0,0,False,0,0.0,0.0,0.0
1790801920.002,21.9,65.2,0,274413,0.0,4.0,1,0,0,1,False,0,0.0,0.0,0.0
1790801921.002,10.3,64.7,0,1109935,0.0,16.0,0,0,0,0,False,0,0.0,0.0,0.0
1790801922.002,7.8,64.7,0,0,0.0,0.0,0,0,0,0,False,0,0.0,0.0,0.0
1790801923.002,6.8,64.7,0,8191,0.0,2.0,0,0,0,0,False,0,0.0,0.0,0.0
1790801924.002,7.0,64.7,0,159732,0.0,4.0,0,0,0,0,False,0,0.0,0.0,0.0
1790801925.002,6.7,64.7,0,0,0.0,0.0,0,0,0,0,False,0,0.0,0.0,0.0
1790801926.002,9.5,64.6,0,196593,0.0,3.0,0,0,0,0,False,0,0.0,0.0,0.0
1790801927.002,6.6,64.5,0,0,0.0,0.0,0,0,0,0,False,0,0.0,0.0,0.0
1790801928.002,6.9,64.5,0,0,0.0,0.0,0,0,0,0,False,0,0.0,0.0,0.0
1790801929.002,6.6,64.5,0,0,0.0,0.0,0,0,0,0,False,0,0.0,0.0,0.0
1790801930.002,6.9,64.4,0,0,0.0,0.0,0,0,0,0,False,0,0.0,0.0,0.0
1790801931.002,6.9,64.4,0,0,0.0,0.0,0,0,0,0,False,0,0.0,0.0,0.0
1790801932.002,8.1,64.4,0,0,0.0,0.0,0,0,0,0,False,0,0.0,0.0,0.0
1790801933.003,7.3,64.3,0,0,0.0,0.0,0,0,0,0,False,0,0.0,0.0,0.0
1790801934.003,7.3,64.3,0,2301857,0.0,23.0,0,0,0,0,False,0,0.0,0.0,0.0
1790801935.003,7.0,64.3,0,42480653,0.0,332.0,0,0,0,0,False,0,0.0,0.0,0.0
1790801936.003,6.9,64.3,0,704461,0.0,89.0,0,0,0,0,False,0,0.0,0.0,0.0
1790801937.003,6.8,64.3,0,0,0.0,0.0,0,0,0,0,False,0,0.0,0.0,0.0
1790801938.003,7.0,64.3,0,0,0.0,0.0,0,0,0,0,False,0,0.0,0.0,0.0
1790801939.003,6.9,64.3,0,0,0.0,0.0,0,0,0,0,False,0,0.0,0.0,0.0
1790801940.003,7.0,64.3,0,241647,0.0,19.0,0,0,0,0,False,0,0.0,0.0,0.0
1790801941.003,7.5,63.8,0,0,0.0,0.0,0,0,0,0,False,0,0.0,0.0,0.0
1790801942.003,8.6,63.9,0,0,0.0,0.0,0,0,0,0,False,0,0.0,0.0,0.0
1790801943.003,7.9,63.9,0,0,0.0,0.0,0,0,0,0,False,0,0.0,0.0,0.0
1790801944.003,9.6,63.8,0,1589134,0.0,21.0,0,0,0,0,False,0,0.0,0.0,0.0
1790801945.003,6.9,63.8,0,0,0.0,0.0,0,0,0,0,False,0,0.0,0.0,0.0
1790801946.003,10.2,63.8,0,0,0.0,0.0,0,0,0,0,False,0,0.0,0.0,0.0
1790801947.004,7.1,63.9,0,163828,0.0,9.0,0,0,0,0,False,0,0.0,0.0,0.0
1790801948.004,6.9,63.9,0,0,0.0,0.0,0,0,0,0,False,0,0.0,0.0,0.0
1790801949.004,11.2,64.5,0,118775,0.0,3.0,0,0,0,0,False,0,0.0,0.0,0.0
1790801950.004,7.9,64.7,0,0,0.0,0.0,0,0,0,0,False,0,0.0,0.0,0.0
1790801951.004,8.9,64.6,0,163828,0.0,12.0,0,0,0,0,False,0,0.0,0.0,0.0
1790801952.004,6.9,64.6,0,0,0.0,0.0,0,0,0,0,False,0,0.0,0.0,0.0
1790801953.004,7.2,64.6,0,24574,0.0,4.0,0,0,0,0,False,0,0.0,0.0,0.0
1790801954.004,7.2,64.5,0,0,0.0,0.0,0,0,0,0,False,0,0.0,0.0,0.0
1790801955.004,8.7,64.4,0,40957,0.0,2.0,0,0,0,0,False,0,0.0,0.0,0.0
1790801956.004,6.9,64.4,0,0,0.0,0.0,0,0,0,0,False,0,0.0,0.0,0.0
1790801957.004,6.9,64.4,0,36861,0.0,2.0,0,0,0,0,False,0,0.0,0.0,0.0
1790801958.004,6.9,64.4,0,0,0.0,0.0,0,0,0,0,False,0,0.0,0.0,0.0
1790801959.004,7.4,64.4,0,176115,0.0,4.0,0,0,0,0,False,0,0.0,0.0,0.0
1790801960.004,8.4,64.4,0,0,0.0,0.0,0,0,0,0,False,0,0.0,0.0,0.0
1790801961.005,12.5,64.5,0,1101739,0.0,14.0,0,0,0,0,False,0,0.0,0.0,0.0
1790801962.005,26.0,65.1,0,0,0.0,0.0,1,0,0,1,False,0,0.0,0.0,0.0
1790801963.005,16.8,64.6,0,49148,0.0,2.0,0,0,0,0,False,0,0.0,0.0,0.0
1790801964.005,7.2,64.6,0,3264276,0.0,35.0,0,0,0,0,False,0,0.0,0.0,0.0
1790801965.005,6.7,64.6,0,0,0.0,0.0,0,0,0,0,False,0,0.0,0.0,0.0
1790801966.005,6.8,64.6,0,0,0.0,0.0,0,0,0,0,False,0,0.0,0.0,0.0
1790801967.005,6.7,64.6,0,0,0.0,0.0,0,0,0,0,False,0,0.0,0.0,0.0
1790801968.005,6.8,64.6,0,0,0.0,0.0,0,0,0,0,False,0,0.0,0.0,0.0
1790801969.005,6.6,64.5,0,1236898,0.0,10.0,0,0,0,0,False,0,0.0,0.0,0.0
1790801970.005,12.8,64.6,0,0,0.0,0.0,0,0,0,0,False,0,0.0,0.0,0.0
1790801971.005,24.4,65.0,0,540622,0.0,89.0,0,0,0,0,False,0,0.0,0.0,0.0
1790801972.005,16.5,64.4,0,49148,0.0,2.0,0,0,0,0,False,0,0.0,0.0,0.0
1790801973.006,6.9,64.4,0,0,0.0,0.0,0,0,0,0,False,0,0.0,0.0,0.0
1790801974.006,7.1,64.4,0,0,0.0,0.0,0,0,0,0,False,0,0.0,0.0,0.0
1790801975.006,15.5,64.7,0,32765,0.0,1.0,0,0,0,0,False,0,0.0,0.0,0.0
1790801976.006,25.4,65.2,0,0,0.0,0.0,2,1,0,2,False,0,0.0,0.0,0.0
1790801977.006,29.8,64.7,0,655313,0.0,8.0,0,0,0,0,False,0,0.0,0.0,0.0
1790801978.006,7.4,64.6,0,0,0.0,0.0,0,0,0,0,False,0,0.0,0.0,0.0
1790801979.006,7.0,64.4,0,786375,0.0,34.0,0,0,0,0,False,0,0.0,0.0,0.0
1790801980.006,6.6,64.0,0,36861,0.0,6.0,0,0,0,0,False,0,0.0,0.0,0.0
1790801981.006,6.7,64.0,0,0,0.0,0.0,0,0,0,0,False,0,0.0,0.0,0.0
1790801982.006,8.8,63.9,0,0,0.0,0.0,0,0,0,0,False,0,0.0,0.0,0.0
1790801983.006,6.7,63.9,0,0,0.0,0.0,0,0,0,0,False,0,0.0,0.0,0.0
1790801984.006,7.0,63.8,0,667596,0.0,12.0,0,0,0,0,False,0,0.0,0.0,0.0
1790801985.006,6.7,63.8,0,1404808,0.0,13.0,0,0,0,0,False,0,0.0,0.0,0.0
1790801986.007,7.8,63.8,0,16383,0.0,1.0,0,0,0,0,False,0,0.0,0.0,0.0
1790801987.007,7.3,63.7,0,0,0.0,0.0,0,0,0,0,False,0,0.0,0.0,0.0
1790801988.007,6.4,63.7,0,0,0.0,0.0,0,0,0,0,False,0,0.0,0.0,0.0
1790801989.007,6.5,63.7,0,0,0.0,0.0,0,0,0,0,False,0,0.0,0.0,0.0
1790801990.007,6.6,63.7,0,28670,0.0,2.0,0,0,0,0,False,0,0.0,0.0,0.0
1790801991.007,6.3,63.6,0,0,0.0,0.0,0,0,0,0,False,0,0.0,0.0,0.0
1790801992.007,6.4,63.6,0,0,0.0,0.0,0,0,0,0,False,0,0.0,0.0,0.0
1790801993.007,7.5,63.7,0,0,0.0,0.0,0,0,0,0,False,0,0.0,0.0,0.0
1790801994.007,10.5,64.2,0,0,0.0,0.0,0,0,0,0,False,0,0.0,0.0,0.0
1790801995.007,12.8,65.0,0,245741,0.0,9.0,0,0,0,0,False,0,0.0,0.0,0.0
1790801996.007,7.8,64.7,0,102392,0.0,1.0,0,0,0,0,False,0,0.0,0.0,0.0
1790801997.007,10.1,64.9,0,172020,0.0,12.0,0,0,0,0,False,0,0.0,0.0,0.0
1790801998.007,6.6,64.9,0,0,0.0,0.0,0,0,0,0,False,0,0.0,0.0,0.0
1790801999.007,6.8,64.9,0,0,0.0,0.0,0,0,0,0,False,0,0.0,0.0,0.0
1790802000.008,6.5,64.9,0,2965268,0.0,28.0,0,0,0,0,False,0,0.0,0.0,0.0
1790802001.008,6.6,64.8,0,0,0.0,0.0,0,0,0,0,False,0,0.0,0.0,0.0
1790802002.008,6.9,64.8,0,2072408,0.0,120.0,0,0,0,0,False,0,0.0,0.0,0.0
1790802003.008,6.8,64.8,0,0,0.0,0.0,0,0,0,0,False,0,0.0,0.0,0.0
1790802004.008,7.3,64.8,0,12287,0.0,3.0,0,0,0,0,False,0,0.0,0.0,0.0
1790802005.008,8.5,64.8,0,69627,0.0,4.0,0,0,0,0,False,0,0.0,0.0,0.0
1790802006.008,24.0,65.4,0,32766,0.0,1.0,0,0,0,0,False,0,0.0,0.0,0.0
1790802007.008,16.2,64.9,0,53244,0.0,3.0,0,0,0,0,False,0,0.0,0.0,0.0
1790802008.008,6.6,65.0,0,0,0.0,0.0,0,0,0,0,False,0,0.0,0.0,0.0
1790802009.008,6.9,64.9,0,200690,0.0,11.0,0,0,0,0,False,0,0.0,0.0,0.0
1790802010.008,6.9,64.9,0,192498,0.0,7.0,0,0,0,0,False,0,0.0,0.0,0.0
1790802011.008,6.9,64.8,0,42480694,0.0,332.0,0,0,0,0,False,0,0.0,0.0,0.0
1790802012.008,8.1,64.8,0,0,0.0,0.0,0,0,0,0,False,0,0.0,0.0,0.0
1790802013.009,6.9,64.8,0,90106,0.0,1.0,0,0,0,0,False,0,0.0,0.0,0.0
1790802014.009,7.0,64.8,0,0,0.0,0.0,0,0,0,0,False,0,0.0,0.0,0.0
1790802015.009,6.6,64.8,0,0,0.0,0.0,0,0,0,0,False,0,0.0,0.0,0.0
1790802016.009,9.9,64.8,0,212976,0.0,11.0,0,0,0,0,False,0,0.0,0.0,0.0
1790802017.009,6.8,64.8,0,16383,0.0,1.0,0,0,0,0,False,0,0.0,0.0,0.0
1790802018.009,6.4,64.8,0,1236904,0.0,10.0,0,0,0,0,False,0,0.0,0.0,0.0
1790802019.009,7.2,64.7,0,0,0.0,0.0,0,0,0,0,False,0,0.0,0.0,0.0
1790802020.009,7.0,64.7,0,0,0.0,0.0,0,0,0,0,False,0,0.0,0.0,0.0
1790802021.009,7.0,64.6,0,221167,0.0,4.0,0,0,0,0,False,0,0.0,0.0,0.0
1790802022.009,6.9,64.6,0,0,0.0,0.0,0,0,0,0,False,0,0.0,0.0,0.0
1790802023.009,6.7,64.6,0,0,0.0,0.0,0,0,0,0,False,0,0.0,0.0,0.0
1790802024.009,9.9,64.5,0,0,0.0,0.0,0,0,0,0,False,0,0.0,0.0,0.0
1790802025.009,7.6,64.4,0,258029,0.0,28.0,0,0,0,0,False,0,0.0,0.0,0.0
1790802026.009,7.1,64.3,0,45053,0.0,9.0,0,0,0,0,False,0,0.0,0.0,0.0
1790802027.010,6.6,64.3,0,0,0.0,0.0,0,0,0,0,False,0,0.0,0.0,0.0
1790802028.010,6.6,64.3,0,0,0.0,0.0,0,0,0,0,False,0,0.0,0.0,0.0
1790802029.010,6.9,64.3,0,0,0.0,0.0,0,0,0,0,False,0,0.0,0.0,0.0
1790802030.010,6.5,64.3,0,4096,0.0,1.0,0,0,0,0,False,0,0.0,0.0,0.0
1790802031.010,6.8,64.3,0,3288853,0.0,33.0,0,0,0,0,False,0,0.0,0.0,0.0
1790802032.010,6.7,64.3,0,0,0.0,0.0,0,0,0,0,False,0,0.0,0.0,0.0
1790802033.010,6.4,64.3,0,376805,0.0,72.0,0,0,0,0,False,0,0.0,0.0,0.0
1790802034.010,6.9,64.2,0,0,0.0,0.0,0,0,0,0,False,0,0.0,0.0,0.0
1790802035.010,6.7,64.2,0,1331103,0.0,15.0,0,0,0,0,False,0,0.0,0.0,0.0
1790802036.010,8.2,64.2,0,0,0.0,0.0,0,0,0,0,False,0,0.0,0.0,0.0
1790802037.010,7.4,64.2,0,188402,0.0,15.0,0,0,0,0,False,0,0.0,0.0,0.0
1790802038.010,6.4,64.1,0,0,0.0,0.0,0,0,0,0,False,0,0.0,0.0,0.0
1790802039.010,7.0,64.1,0,0,0.0,0.0,0,0,0,0,False,0,0.0,0.0,0.0
1790802040.010,6.9,64.1,0,1236901,0.0,10.0,0,0,0,0,False,0,0.0,0.0,0.0
1790802041.011,14.1,64.2,0,32766,0.0,1.0,0,0,0,0,False,0,0.0,0.0,0.0
1790802042.011,25.6,64.9,0,131065,0.0,2.0,0,0,0,0,False,0,0.0,0.0,0.0
1790802043.011,12.3,64.1,0,49148,0.0,2.0,0,0,0,0,False,0,0.0,0.0,0.0
1790802044.011,8.8,64.1,0,0,0.0,0.0,0,0,0,0,False,0,0.0,0.0,0.0
1790802045.011,10.3,64.1,0,0,0.0,0.0,0,0,0,0,False,0,0.0,0.0,0.0
1790802046.011,7.0,64.1,0,0,0.0,0.0,0,0,0,0,False,0,0.0,0.0,0.0
1790802047.011,7.0,64.1,0,200689,0.0,10.0,0,0,0,0,False,0,0.0,0.0,0.0
1790802048.011,6.8,64.2,0,159733,0.0,3.0,0,0,0,0,False,0,0.0,0.0,0.0
1790802049.011,8.1,64.0,0,0,0.0,0.0,0,0,0,0,False,0,0.0,0.0,0.0
1790802050.011,8.6,63.9,0,0,0.0,0.0,0,0,0,0,False,0,0.0,0.0,0.0
1790802051.011,11.8,64.2,0,0,0.0,0.0,0,0,0,0,False,0,0.0,0.0,0.0
1790802052.011,10.2,64.5,0,196594,0.0,12.0,0,0,0,0,False,0,0.0,0.0,0.0
1790802053.011,9.7,64.5,0,0,0.0,0.0,0,0,0,0,False,0,0.0,0.0,0.0
1790802054.011,8.7,64.7,0,0,0.0,0.0,0,0,0,0,False,0,0.0,0.0,0.0
1790802055.012,7.0,64.7,0,0,0.0,0.0,0,0,0,0,False,0,0.0,0.0,0.0
1790802056.012,6.9,64.6,0,151541,0.0,10.0,0,0,0,0,False,0,0.0,0.0,0.0
1790802057.012,6.9,64.6,0,0,0.0,0.0,0,0,0,0,False,0,0.0,0.0,0.0
1790802058.012,6.9,64.6,0,0,0.0,0.0,0,0,0,0,False,0,0.0,0.0,0.0
1790802059.012,6.9,64.6,0,0,0.0,0.0,0,0,0,0,False,0,0.0,0.0,0.0
1790802060.012,6.8,64.5,0,0,0.0,0.0,0,0,0,0,False,0,0.0,0.0,0.0
1790802061.012,7.4,64.5,0,0,0.0,0.0,0,0,0,0,False,0,0.0,0.0,0.0
1790802062.012,8.3,64.4,0,2965290,0.0,30.0,0,0,0,0,False,0,0.0,0.0,0.0
1790802063.012,7.7,64.4,0,0,0.0,0.0,0,0,0,0,False,0,0.0,0.0,0.0
1790802064.012,7.3,64.4,0,0,0.0,0.0,0,0,0,0,False,0,0.0,0.0,0.0
1790802065.012,6.7,64.4,0,0,0.0,0.0,0,0,0,0,False,0,0.0,0.0,0.0
1790802066.012,6.9,64.4,0,0,0.0,0.0,0,0,0,0,False,0,0.0,0.0,0.0
1790802067.012,9.5,64.4,0,339941,0.0,66.0,0,0,0,0,False,0,0.0,0.0,0.0
1790802068.013,6.9,64.3,0,0,0.0,0.0,0,0,0,0,False,0,0.0,0.0,0.0
1790802069.013,10.7,64.3,0,32766,0.0,1.0,0,0,0,0,False,0,0.0,0.0,0.0
1790802070.013,24.6,65.1,0,1236895,0.0,10.0,0,0,0,0,False,0,0.0,0.0,0.0
1790802071.013,15.4,64.4,0,49148,0.0,2.0,0,0,0,0,False,0,0.0,0.0,0.0
1790802072.013,7.2,64.4,0,0,0.0,0.0,0,0,0,0,False,0,0.0,0.0,0.0
1790802073.013,7.0,64.5,0,61435,0.0,2.0,0,0,0,0,False,0,0.0,0.0,0.0
1790802074.013,10.5,64.4,0,0,0.0,0.0,0,0,0,0,False,0,0.0,0.0,0.0
1790802075.013,7.2,64.4,0,204784,0.0,3.0,0,0,0,0,False,0,0.0,0.0,0.0
1790802076.013,6.7,64.4,0,0,0.0,0.0,0,0,0,0,False,0,0.0,0.0,0.0
1790802077.013,6.6,64.4,0,0,0.0,0.0,0,0,0,0,False,0,0.0,0.0,0.0
1790802078.013,6.7,64.4,0,28670,0.0,2.0,0,0,0,0,False,0,0.0,0.0,0.0
1790802079.013,6.9,64.4,0,188402,0.0,9.0,0,0,0,0,False,0,0.0,0.0,0.0
1790802080.013,6.8,64.4,0,114679,0.0,10.0,0,0,0,0,False,0,0.0,0.0,0.0
1790802081.014,9.5,63.9,0,0,0.0,0.0,0,0,0,0,False,0,0.0,0.0,0.0
1790802082.014,6.8,63.9,0,8191,0.0,2.0,0,0,0,0,False,0,0.0,0.0,0.0
1790802083.014,6.6,63.9,0,0,0.0,0.0,0,0,0,0,False,0,0.0,0.0,0.0
1790802084.014,7.3,63.8,0,937908,0.0,12.0,0,0,0,0,False,0,0.0,0.0,0.0
1790802085.014,6.8,63.8,0,0,0.0,0.0,0,0,0,0,False,0,0.0,0.0,0.0
1790802086.014,7.7,63.7,0,0,0.0,0.0,0,0,0,0,False,0,0.0,0.0,0.0
1790802087.014,8.5,63.8,0,1363853,0.0,15.0,0,0,0,0,False,0,0.0,0.0,0.0
1790802088.014,22.0,64.2,0,32765,0.0,1.0,0,0,0,0,False,0,0.0,0.0,0.0
1790802089.014,23.1,64.0,0,16383,0.0,1.0,0,0,0,0,False,0,0.0,0.0,0.0
1790802090.014,6.9,63.9,0,700367,0.0,8.0,0,0,0,0,False,0,0.0,0.0,0.0
1790802091.014,6.4,63.9,0,0,0.0,0.0,0,0,0,0,False,0,0.0,0.0,0.0
1790802092.014,6.7,63.9,0,2809651,0.0,30.0,0,0,0,0,False,0,0.0,0.0,0.0
1790802093.014,8.7,63.9,0,0,0.0,0.0,0,0,0,0,False,0,0.0,0.0,0.0
1790802094.014,7.1,64.0,0,0,0.0,0.0,0,0,0,0,False,0,0.0,0.0,0.0
1790802095.015,6.3,63.9,0,69627,0.0,2.0,0,0,0,0,False,0,0.0,0.0,0.0
1790802096.015,9.5,63.8,0,0,0.0,0.0,0,0,0,0,False,0,0.0,0.0,0.0
1790802097.015,7.6,63.9,0,0,0.0,0.0,0,0,0,0,False,0,0.0,0.0,0.0
1790802098.015,6.4,63.9,0,0,0.0,0.0,0,0,0,0,False,0,0.0,0.0,0.0
1790802099.015,6.6,63.9,0,0,0.0,0.0,0,0,0,0,False,0,0.0,0.0,0.0
1790802100.015,6.5,63.9,0,0,0.0,0.0,0,0,0,0,False,0,0.0,0.0,0.0
1790802101.015,6.6,63.9,0,0,0.0,0.0,0,0,0,0,False,0,0.0,0.0,0.0
1790802102.015,6.4,63.9,0,12287,0.0,2.0,0,0,0,0,False,0,0.0,0.0,0.0
1790802103.015,10.2,63.9,0,4096,0.0,1.0,0,0,0,0,False,0,0.0,0.0,0.0
1790802104.015,9.7,63.9,0,0,0.0,0.0,0,0,0,0,False,0,0.0,0.0,0.0
1790802105.015,6.6,63.8,0,0,0.0,0.0,0,0,0,0,False,0,0.0,0.0,0.0
1790802106.015,7.3,63.8,0,397278,0.0,73.0,0,0,0,0,False,0,0.0,0.0,0.0
1790802107.015,7.0,63.8,0,0,0.0,0.0,0,0,0,0,False,0,0.0,0.0,0.0
1790802108.015,6.5,63.8,0,0,0.0,0.0,0,0,0,0,False,0,0.0,0.0,0.0
1790802109.016,6.7,63.8,0,16383,0.0,1.0,0,0,0,0,False,0,0.0,0.0,0.0
1790802110.016,6.5,63.8,0,294896,0.0,18.0,0,0,0,0,False,0,0.0,0.0,0.0
1790802111.016,7.4,63.8,0,0,0.0,0.0,0,0,0,0,False,0,0.0,0.0,0.0
1790802112.016,8.2,63.8,0,0,0.0,0.0,0,0,0,0,False,0,0.0,0.0,0.0
1790802113.016,6.7,63.8,0,0,0.0,0.0,0,0,0,0,False,0,0.0,0.0,0.0
1790802114.016,7.0,63.8,0,0,0.0,0.0,0,0,0,0,False,0,0.0,0.0,0.0
1790802115.016,8.3,63.8,0,0,0.0,0.0,0,0,0,0,False,0,0.0,0.0,0.0
1790802116.016,6.7,63.8,0,0,0.0,0.0,0,0,0,0,False,0,0.0,0.0,0.0
1790802117.016,6.5,63.8,0,0,0.0,0.0,0,0,0,0,False,0,0.0,0.0,0.0
1790802118.016,6.9,63.8,0,0,0.0,0.0,0,0,0,0,False,0,0.0,0.0,0.0
1790802119.016,7.1,63.9,0,253934,0.0,7.0,0,0,0,0,False,0,0.0,0.0,0.0
1790802120.016,8.9,63.8,0,0,0.0,0.0,0,0,0,0,False,0,0.0,0.0,0.0
1790802121.016,7.0,63.8,0,0,0.0,0.0,0,0,0,0,False,0,0.0,0.0,0.0
1790802122.016,6.6,63.8,0,0,0.0,0.0,0,0,0,0,False,0,0.0,0.0,0.0
1790802123.017,7.0,63.8,0,2150236,0.0,22.0,0,0,0,0,False,0,0.0,0.0,0.0
1790802124.017,7.4,63.8,0,831429,0.0,12.0,0,0,0,0,False,0,0.0,0.0,0.0
1790802125.017,6.8,63.8,0,61436,0.0,2.0,0,0,0,0,False,0,0.0,0.0,0.0
1790802126.017,7.0,63.8,0,0,0.0,0.0,0,0,0,0,False,0,0.0,0.0,0.0
1790802127.017,6.9,63.8,0,0,0.0,0.0,0,0,0,0,False,0,0.0,0.0,0.0
1790802128.017,7.0,63.8,0,0,0.0,0.0,0,0,0,0,False,0,0.0,0.0,0.0
1790802129.017,7.4,63.8,0,0,0.0,0.0,0,0,0,0,False,0,0.0,0.0,0.0
1790802130.017,10.0,63.8,0,0,0.0,0.0,0,0,0,0,False,0,0.0,0.0,0.0
1790802131.017,7.1,63.8,0,0,0.0,0.0,0,0,0,0,False,0,0.0,0.0,0.0
1790802132.017,10.3,63.8,0,28670,0.0,2.0,0,0,0,0,False,0,0.0,0.0,0.0
1790802133.017,7.1,63.9,0,0,0.0,0.0,0,0,0,0,False,0,0.0,0.0,0.0
1790802134.017,7.3,63.9,0,0,0.0,0.0,0,0,0,0,False,0,0.0,0.0,0.0
1790802135.017,6.9,63.8,0,0,0.0,0.0,0,0,0,0,False,0,0.0,0.0,0.0
1790802136.017,6.6,63.8,0,0,0.0,0.0,0,0,0,0,False,0,0.0,0.0,0.0
1790802137.018,11.9,64.4,0,86009,0.0,3.0,0,0,0,0,False,0,0.0,0.0,0.0
1790802138.018,7.7,64.7,0,98297,0.0,6.0,0,0,0,0,False,0,0.0,0.0,0.0
1790802139.018,8.1,64.6,0,73722,0.0,7.0,0,0,0,0,False,0,0.0,0.0,0.0
1790802140.018,6.5,64.6,0,0,0.0,0.0,0,0,0,0,False,0,0.0,0.0,0.0
1790802141.018,8.7,64.6,0,212976,0.0,45.0,0,0,0,0,False,0,0.0,0.0,0.0
1790802142.018,6.7,64.5,0,24574,0.0,4.0,0,0,0,0,False,0,0.0,0.0,0.0
1790802143.018,6.8,64.5,0,0,0.0,0.0,0,0,0,0,False,0,0.0,0.0,0.0
1790802144.018,7.2,64.5,0,20478,0.0,2.0,0,0,0,0,False,0,0.0,0.0,0.0
1790802145.018,6.9,64.5,0,0,0.0,0.0,0,0,0,0,False,0,0.0,0.0,0.0
1790802146.018,6.5,64.5,0,0,0.0,0.0,0,0,0,0,False,0,0.0,0.0,0.0
1790802147.018,7.0,64.5,0,122870,0.0,16.0,0,0,0,0,False,0,0.0,0.0,0.0
1790802148.018,6.8,64.4,0,77818,0.0,10.0,0,0,0,0,False,0,0.0,0.0,0.0
1790802149.018,7.8,64.4,0,65533,0.0,5.0,0,0,0,0,False,0,0.0,0.0,0.0
1790802150.019,21.7,65.0,0,32766,0.0,1.0,0,0,0,0,False,0,0.0,0.0,0.0
1790802151.019,25.0,65.1,0,81917,0.0,3.0,0,0,0,0,False,0,0.0,0.0,0.0
1790802152.019,28.1,65.1,0,0,0.0,0.0,0,0,0,0,False,0,0.0,0.0,0.0
1790802153.019,12.2,64.4,0,49148,0.0,2.0,0,0,0,0,False,0,0.0,0.0,0.0
1790802154.019,7.3,64.5,0,2977563,0.0,31.0,0,0,0,0,False,0,0.0,0.0,0.0
1790802155.019,6.9,64.4,0,274409,0.0,4.0,0,0,0,0,False,0,0.0,0.0,0.0
1790802156.019,6.9,64.4,0,0,0.0,0.0,0,0,0,0,False,0,0.0,0.0,0.0
1790802157.019,20.3,64.8,0,32766,0.0,1.0,0,0,0,0,False,0,0.0,0.0,0.0
1790802158.019,27.4,65.0,0,0,0.0,0.0,2,0,0,2,False,0,0.0,0.0,0.0
1790802159.019,15.4,64.6,0,61435,0.0,5.0,0,0,0,0,False,0,0.0,0.0,0.0
1790802160.019,21.8,65.0,0,32766,0.0,1.0,0,0,0,0,False,0,0.0,0.0,0.0
1790802161.019,30.3,65.5,0,667593,0.0,8.0,1,0,0,1,False,0,0.0,0.0,0.0
1790802162.019,29.8,65.3,0,966580,0.0,10.0,0,0,0,0,False,0,0.0,0.0,0.0
1790802163.020,19.8,64.8,0,49148,0.0,2.0,0,0,0,0,False,0,0.0,0.0,0.0
1790802164.020,9.8,64.8,0,4096,0.0,1.0,0,0,0,0,False,0,0.0,0.0,0.0
1790802165.020,10.6,64.8,0,0,0.0,0.0,0,0,0,0,False,0,0.0,0.0,0.0
1790802166.020,7.3,64.8,0,0,0.0,0.0,0,0,0,0,False,0,0.0,0.0,0.0
1790802167.020,7.6,64.4,0,745401,0.0,22.0,0,0,0,0,False,0,0.0,0.0,0.0
1790802168.020,6.7,64.4,0,0,0.0,0.0,0,0,0,0,False,0,0.0,0.0,0.0
1790802169.020,6.7,64.3,0,1347484,0.0,16.0,0,0,0,0,False,0,0.0,0.0,0.0
1790802170.020,6.5,64.3,0,16383,0.0,1.0,0,0,0,0,False,0,0.0,0.0,0.0
1790802171.020,12.2,64.3,0,32766,0.0,1.0,0,0,0,0,False,0,0.0,0.0,0.0
1790802172.020,26.4,64.9,0,1560464,0.0,19.0,2,0,0,2,False,0,0.0,0.0,0.0
1790802173.020,20.3,64.2,0,49148,0.0,2.0,0,0,0,0,False,0,0.0,0.0,0.0
1790802174.020,8.8,64.7,0,0,0.0,0.0,0,0,0,0,False,0,0.0,0.0,0.0
1790802175.020,6.9,64.7,0,200689,0.0,40.0,0,0,0,0,False,0,0.0,0.0,0.0
1790802176.021,6.8,64.7,0,0,0.0,0.0,0,0,0,0,False,0,0.0,0.0,0.0
1790802177.021,7.0,64.7,0,0,0.0,0.0,0,0,0,0,False,0,0.0,0.0,0.0
1790802178.021,6.7,64.6,0,606163,0.0,6.0,0,0,0,0,False,0,0.0,0.0,0.0
1790802179.021,6.8,64.5,0,90105,0.0,10.0,0,0,0,0,False,0,0.0,0.0,0.0
1790802180.021,6.7,64.5,0,0,0.0,0.0,0,0,0,0,False,0,0.0,0.0,0.0
1790802181.021,7.0,64.5,0,0,0.0,0.0,0,0,0,0,False,0,0.0,0.0,0.0
1790802182.021,12.0,64.5,0,32766,0.0,1.0,0,0,0,0,False,0,0.0,0.0,0.0
1790802183.021,28.8,65.2,0,0,0.0,0.0,0,0,0,0,False,0,0.0,0.0,0.0
1790802184.021,24.4,64.6,0,733105,0.0,16.0,0,0,0,0,False,0,0.0,0.0,0.0
1790802185.021,6.6,64.6,0,0,0.0,0.0,0,0,0,0,False,0,0.0,0.0,0.0
1790802186.021,7.3,64.5,0,278493,0.0,4.0,0,0,0,0,False,0,0.0,0.0,0.0
1790802187.021,6.7,64.5,0,0,0.0,0.0,0,0,0,0,False,0,0.0,0.0,0.0
1790802188.022,6.9,64.5,0,0,0.0,0.0,0,0,0,0,False,0,0.0,0.0,0.0
1790802189.022,7.0,64.4,0,0,0.0,0.0,0,0,0,0,False,0,0.0,0.0,0.0
1790802190.022,7.0,64.4,0,3387117,0.0,36.0,0,0,0,0,False,0,0.0,0.0,0.0
1790802191.022,11.5,64.4,0,36861,0.0,2.0,0,0,0,0,False,0,0.0,0.0,0.0
1790802192.022,25.7,65.1,0,0,0.0,0.0,0,0,0,0,False,0,0.0,0.0,0.0
1790802193.022,45.1,65.3,0,0,0.0,0.0,2,2,0,2,False,0,0.0,0.0,0.0
1790802194.022,21.6,65.4,0,0,0.0,0.0,1,1,0,1,False,0,0.0,0.0,0.0
1790802195.022,72.6,64.7,0,634834,0.0,8.0,0,0,0,0,False,0,0.0,0.0,0.0
1790802196.022,24.8,65.4,0,19024509,0.0,156.0,0,0,0,0,False,0,0.0,0.0,0.0
1790802197.022,15.5,64.7,0,16383,0.0,1.0,0,0,0,0,False,0,0.0,0.0,0.0
1790802198.022,6.8,64.7,0,0,0.0,0.0,0,0,0,0,False,0,0.0,0.0,0.0
1790802199.022,7.2,64.6,0,0,0.0,0.0,0,0,0,0,False,0,0.0,0.0,0.0
1790802200.022,6.7,64.6,0,241645,0.0,3.0,0,0,0,0,False,0,0.0,0.0,0.0
1790802201.023,9.1,64.6,0,13773830,0.0,107.0,0,0,0,0,False,0,0.0,0.0,0.0
1790802202.023,6.9,64.6,0,0,0.0,0.0,0,0,0,0,False,0,0.0,0.0,0.0
1790802203.023,7.2,64.5,0,1437591,0.0,18.0,0,0,0,0,False,0,0.0,0.0,0.0
1790802204.023,16.4,64.8,0,32765,0.0,1.0,0,0,0,0,False,0,0.0,0.0,0.0
1790802205.023,38.4,65.9,0,188381,0.0,5.0,4,0,0,4,False,0,0.0,0.0,0.0
1790802206.023,57.2,66.2,0,0,0.0,0.0,4,3,0,4,False,0,0.0,0.0,0.0
1790802207.023,60.9,66.1,0,147444,0.0,5.0,1,1,0,1,False,0,0.0,0.0,0.0
1790802208.023,76.8,66.7,0,0,0.0,0.0,1,15,0,1,False,0,0.0,0.0,0.0
1790802209.023,65.5,66.4,0,118772,0.0,25.0,4,0,0,4,False,0,0.0,0.0,0.0
1790802210.023,65.9,66.6,0,761748,0.0,8.0,3,2,0,3,False,0,0.0,0.0,0.0
1790802211.024,60.3,67.1,0,32765,0.0,1.0,2,2,0,2,False,0,0.0,0.0,0.0
1790802212.024,69.7,67.6,0,569248,0.0,7.0,2,17,0,2,False,0,0.0,0.0,0.0
1790802213.024,66.9,67.0,0,16383,0.0,1.0,2,1,0,2,False,0,0.0,0.0,0.0
1790802214.024,37.4,67.4,0,683979,0.0,17.0,1,1,0,1,False,0,0.0,0.0,0.0
1790802215.024,19.8,67.4,0,0,0.0,0.0,1,1,0,1,False,0,0.0,0.0,0.0
1790802216.024,19.8,67.4,0,0,0.0,0.0,1,1,0,1,False,0,0.0,0.0,0.0
1790802217.024,23.9,67.3,0,32765,0.0,1.0,1,1,0,1,False,0,0.0,0.0,0.0
1790802218.024,30.1,67.1,0,16383,0.0,1.0,0,0,0,0,False,0,0.0,0.0,0.0
1790802219.024,32.9,66.4,0,274412,0.0,5.0,0,0,0,0,False,0,0.0,0.0,0.0
1790802220.024,7.0,66.3,0,2404173,0.0,24.0,0,0,0,0,False,0,0.0,0.0,0.0
1790802221.024,10.3,66.3,0,0,0.0,0.0,0,0,0,0,False,0,0.0,0.0,0.0
1790802222.024,6.6,66.3,0,0,0.0,0.0,0,0,0,0,False,0,0.0,0.0,0.0
1790802223.025,18.3,66.6,0,32766,0.0,1.0,0,0,0,0,False,0,0.0,0.0,0.0
1790802224.025,34.6,66.9,0,167922,0.0,3.0,1,0,0,1,False,0,0.0,0.0,0.0
1790802225.025,19.3,66.2,0,49148,0.0,2.0,0,0,0,0,False,0,0.0,0.0,0.0
1790802226.025,7.0,66.1,0,16383,0.0,1.0,0,0,0,0,False,0,0.0,0.0,0.0
1790802227.025,6.9,66.1,0,0,0.0,0.0,0,0,0,0,False,0,0.0,0.0,0.0
1790802228.025,6.7,66.1,0,0,0.0,0.0,0,0,0,0,False,0,0.0,0.0,0.0
1790802229.025,7.1,65.9,0,0,0.0,0.0,0,0,0,0,False,0,0.0,0.0,0.0
1790802230.025,6.9,65.8,0,184306,0.0,3.0,0,0,0,0,False,0,0.0,0.0,0.0
1790802231.025,6.9,65.8,0,0,0.0,0.0,0,0,0,0,False,0,0.0,0.0,0.0
1790802232.025,7.4,65.8,0,303081,0.0,4.0,0,0,0,0,False,0,0.0,0.0,0.0
1790802233.025,6.8,65.8,0,0,0.0,0.0,0,0,0,0,False,0,0.0,0.0,0.0
1790802234.025,8.9,66.1,0,1970031,0.0,21.0,0,0,0,0,False,0,0.0,0.0,0.0
1790802235.025,6.5,66.1,0,0,0.0,0.0,0,0,0,0,False,0,0.0,0.0,0.0
1790802236.026,7.0,66.2,0,245741,0.0,6.0,0,0,0,0,False,0,0.0,0.0,0.0
1790802237.026,6.6,66.2,0,0,0.0,0.0,0,0,0,0,False,0,0.0,0.0,0.0
1790802238.026,6.7,66.2,0,0,0.0,0.0,0,0,0,0,False,0,0.0,0.0,0.0
1790802239.026,6.9,66.2,0,0,0.0,0.0,0,0,0,0,False,0,0.0,0.0,0.0
1790802240.026,6.6,66.2,0,0,0.0,0.0,0,0,0,0,False,0,0.0,0.0,0.0
1790802241.026,6.8,66.1,0,1097642,0.0,130.0,0,0,0,0,False,0,0.0,0.0,0.0
1790802242.026,7.6,66.0,0,12287,0.0,1.0,0,0,0,0,False,0,0.0,0.0,0.0
1790802243.026,7.6,65.6,0,0,0.0,0.0,0,0,0,0,False,0,0.0,0.0,0.0
1790802244.026,7.7,65.6,0,0,0.0,0.0,0,0,0,0,False,0,0.0,0.0,0.0
1790802245.026,6.8,65.6,0,0,0.0,0.0,0,0,0,0,False,0,0.0,0.0,0.0
1790802246.026,7.0,65.6,0,1396630,0.0,16.0,0,0,0,0,False,0,0.0,0.0,0.0
1790802247.026,6.8,65.6,0,0,0.0,0.0,0,0,0,0,False,0,0.0,0.0,0.0
1790802248.026,7.1,65.6,0,81914,0.0,2.0,0,0,0,0,False,0,0.0,0.0,0.0
1790802249.026,13.6,66.1,0,384991,0.0,7.0,0,0,0,0,False,0,0.0,0.0,0.0
1790802250.027,12.1,66.3,0,0,0.0,0.0,0,0,0,0,False,0,0.0,0.0,0.0
1790802251.027,9.1,66.3,0,3133169,0.0,43.0,0,0,0,0,False,0,0.0,0.0,0.0
1790802252.027,11.0,66.2,0,45052,0.0,2.0,0,0,0,0,False,0,0.0,0.0,0.0
1790802253.027,24.6,66.7,0,0,0.0,0.0,0,0,0,0,False,0,0.0,0.0,0.0
1790802254.027,31.5,65.9,0,49148,0.0,2.0,0,0,0,0,False,0,0.0,0.0,0.0
1790802255.027,8.4,66.0,0,0,0.0,0.0,0,0,0,0,False,0,0.0,0.0,0.0
1790802256.027,22.3,66.6,0,241644,0.0,4.0,0,0,0,0,False,0,0.0,0.0,0.0
1790802257.027,34.7,66.6,0,16383,0.0,1.0,0,0,0,0,False,0,0.0,0.0,0.0
1790802258.027,11.2,65.9,0,49148,0.0,2.0,0,0,0,0,False,0,0.0,0.0,0.0
1790802259.027,6.9,65.9,0,0,0.0,0.0,0,0,0,0,False,0,0.0,0.0,0.0
1790802260.027,7.0,65.9,0,0,0.0,0.0,0,0,0,0,False,0,0.0,0.0,0.0
1790802261.027,7.2,65.9,0,876477,0.0,12.0,0,0,0,0,False,0,0.0,0.0,0.0
1790802262.028,6.9,66.0,0,0,0.0,0.0,0,0,0,0,False,0,0.0,0.0,0.0
1790802263.028,7.3,66.0,0,180213,0.0,3.0,0,0,0,0,False,0,0.0,0.0,0.0
1790802264.028,10.5,65.9,0,0,0.0,0.0,0,0,0,0,False,0,0.0,0.0,0.0
1790802265.028,8.6,66.0,0,335848,0.0,10.0,0,0,0,0,False,0,0.0,0.0,0.0
1790802266.028,23.2,66.5,0,40957,0.0,2.0,0,0,0,0,False,0,0.0,0.0,0.0
1790802267.028,30.4,66.7,0,0,0.0,0.0,0,0,0,0,False,0,0.0,0.0,0.0
1790802268.028,8.2,65.9,0,49148,0.0,2.0,0,0,0,0,False,0,0.0,0.0,0.0
1790802269.028,6.8,65.9,0,1441672,0.0,13.0,0,0,0,0,False,0,0.0,0.0,0.0
1790802270.028,6.9,65.9,0,0,0.0,0.0,0,0,0,0,False,0,0.0,0.0,0.0
1790802271.028,6.8,65.9,0,0,0.0,0.0,0,0,0,0,False,0,0.0,0.0,0.0
1790802272.028,6.7,65.9,0,413663,0.0,79.0,0,0,0,0,False,0,0.0,0.0,0.0
1790802273.028,6.7,65.9,0,122870,0.0,11.0,0,0,0,0,False,0,0.0,0.0,0.0
1790802274.028,7.3,65.6,0,0,0.0,0.0,0,0,0,0,False,0,0.0,0.0,0.0
1790802275.029,6.6,65.6,0,0,0.0,0.0,0,0,0,0,False,0,0.0,0.0,0.0
1790802276.029,6.4,65.6,0,0,0.0,0.0,0,0,0,0,False,0,0.0,0.0,0.0
1790802277.029,6.4,65.6,0,0,0.0,0.0,0,0,0,0,False,0,0.0,0.0,0.0
1790802278.029,6.9,65.6,0,0,0.0,0.0,0,0,0,0,False,0,0.0,0.0,0.0
1790802279.029,10.8,65.5,0,217072,0.0,23.0,0,0,0,0,False,0,0.0,0.0,0.0
1790802280.029,6.8,65.1,0,0,0.0,0.0,0,0,0,0,False,0,0.0,0.0,0.0
1790802281.029,7.4,65.1,0,0,0.0,0.0,0,0,0,0,False,0,0.0,0.0,0.0
1790802282.029,12.0,65.2,0,4062927,0.0,48.0,0,0,0,0,False,0,0.0,0.0,0.0
1790802283.029,25.6,65.9,0,0,0.0,0.0,0,0,0,0,False,0,0.0,0.0,0.0
1790802284.029,44.0,66.2,0,0,0.0,0.0,2,2,0,2,False,0,0.0,0.0,0.0
1790802285.029,27.2,66.1,0,782276,0.0,10.0,1,1,0,1,False,0,0.0,0.0,0.0
1790802286.029,84.5,66.6,0,81913,0.0,3.0,0,0,0,0,False,0,0.0,0.0,0.0
1790802287.030,62.8,67.4,0,65530,0.0,2.0,1,0,0,1,False,0,0.0,0.0,0.0
1790802288.030,65.8,67.5,0,32945726,0.0,269.0,3,1,0,3,False,0,0.0,0.0,0.0
1790802289.030,42.3,66.4,0,32766,0.0,2.0,1,0,0,1,False,0,0.0,0.0,0.0
1790802290.030,9.4,65.7,0,712642,0.0,8.0,0,0,0,0,False,0,0.0,0.0,0.0
1790802291.030,6.9,65.6,0,0,0.0,0.0,0,0,0,0,False,0,0.0,0.0,0.0
1790802292.030,6.9,65.6,0,0,0.0,0.0,0,0,0,0,False,0,0.0,0.0,0.0
1790802293.030,8.4,65.6,0,0,0.0,0.0,0,0,0,0,False,0,0.0,0.0,0.0
1790802294.030,10.6,65.9,0,0,0.0,0.0,0,0,0,0,False,0,0.0,0.0,0.0
1790802295.030,12.4,66.4,0,200689,0.0,6.0,0,0,0,0,False,0,0.0,0.0,0.0
1790802296.030,7.7,66.4,0,0,0.0,0.0,0,0,0,0,False,0,0.0,0.0,0.0
1790802297.030,8.8,66.4,0,1863524,0.0,31.0,0,0,0,0,False,0,0.0,0.0,0.0
1790802298.030,7.1,66.5,0,0,0.0,0.0,0,0,0,0,False,0,0.0,0.0,0.0
1790802299.031,6.9,66.4,0,0,0.0,0.0,0,0,0,0,False,0,0.0,0.0,0.0
1790802300.031,7.2,66.4,0,0,0.0,0.0,0,0,0,0,False,0,0.0,0.0,0.0
1790802301.031,7.0,66.3,0,0,0.0,0.0,0,0,0,0,False,0,0.0,0.0,0.0
1790802302.031,7.1,66.3,0,73723,0.0,5.0,0,0,0,0,False,0,0.0,0.0,0.0
1790802303.031,7.5,66.3,0,0,0.0,0.0,0,0,0,0,False,0,0.0,0.0,0.0
1790802304.031,7.3,66.3,0,1023921,0.0,133.0,0,0,0,0,False,0,0.0,0.0,0.0
1790802305.031,18.5,66.6,0,32765,0.0,1.0,0,0,0,0,False,0,0.0,0.0,0.0
1790802306.031,29.7,66.8,0,0,0.0,0.0,1,0,0,1,False,0,0.0,0.0,0.0
1790802307.031,25.8,66.8,0,0,0.0,0.0,1,1,0,1,False,0,0.0,0.0,0.0
1790802308.031,20.2,66.9,0,0,0.0,0.0,1,1,0,1,False,0,0.0,0.0,0.0
1790802309.031,20.6,66.9,0,0,0.0,0.0,1,1,0,1,False,0,0.0,0.0,0.0
1790802310.031,21.1,66.9,0,2129752,0.0,21.0,1,1,0,1,False,0,0.0,0.0,0.0
1790802311.032,20.3,66.9,0,184306,0.0,4.0,1,1,0,1,False,0,0.0,0.0,0.0
1790802312.032,26.0,67.1,0,65530,0.0,2.0,1,1,0,1,False,0,0.0,0.0,0.0
1790802313.032,31.6,67.0,0,2670397,0.0,26.0,0,0,0,0,False,0,0.0,0.0,0.0
1790802314.032,24.1,66.4,0,81914,0.0,3.0,0,0,0,0,False,0,0.0,0.0,0.0
1790802315.032,24.6,67.0,0,0,0.0,0.0,0,0,0,0,False,0,0.0,0.0,0.0
1790802316.032,12.6,66.1,0,389086,0.0,6.0,0,0,0,0,False,0,0.0,0.0,0.0
1790802317.032,8.3,66.2,0,0,0.0,0.0,0,0,0,0,False,0,0.0,0.0,0.0
1790802318.032,9.0,66.2,0,1236899,0.0,10.0,0,0,0,0,False,0,0.0,0.0,0.0
1790802319.032,10.5,66.3,0,245742,0.0,5.0,0,0,0,0,False,0,0.0,0.0,0.0
1790802320.032,24.8,67.0,0,0,0.0,0.0,0,0,0,0,False,0,0.0,0.0,0.0
1790802321.032,29.4,67.0,0,278506,0.0,4.0,1,0,0,1,False,0,0.0,0.0,0.0
1790802322.032,18.2,67.0,0,0,0.0,0.0,1,1,0,1,False,0,0.0,0.0,0.0
1790802323.032,22.4,67.0,0,8191,0.0,2.0,1,1,0,1,False,0,0.0,0.0,0.0
1790802324.033,23.0,66.9,0,0,0.0,0.0,1,1,0,1,False,0,0.0,0.0,0.0
1790802325.033,18.7,66.7,0,303080,0.0,29.0,1,1,0,1,False,0,0.0,0.0,0.0
1790802326.033,20.5,66.7,0,0,0.0,0.0,1,1,0,1,False,0,0.0,0.0,0.0
1790802327.033,18.3,65.9,0,49148,0.0,2.0,0,0,0,0,False,0,0.0,0.0,0.0
1790802328.033,6.9,65.9,0,2097003,0.0,29.0,0,0,0,0,False,0,0.0,0.0,0.0
1790802329.033,7.3,65.7,0,0,0.0,0.0,0,0,0,0,False,0,0.0,0.0,0.0
1790802330.033,7.1,65.6,0,245742,0.0,3.0,0,0,0,0,False,0,0.0,0.0,0.0
1790802331.033,6.8,65.6,0,0,0.0,0.0,0,0,0,0,False,0,0.0,0.0,0.0
1790802332.033,7.0,65.6,0,8191,0.0,2.0,0,0,0,0,False,0,0.0,0.0,0.0
1790802333.033,6.7,65.5,0,4096,0.0,1.0,0,0,0,0,False,0,0.0,0.0,0.0
1790802334.033,7.4,65.6,0,0,0.0,0.0,0,0,0,0,False,0,0.0,0.0,0.0
1790802335.033,6.9,65.6,0,0,0.0,0.0,0,0,0,0,False,0,0.0,0.0,0.0
1790802336.033,8.5,65.6,0,0,0.0,0.0,0,0,0,0,False,0,0.0,0.0,0.0
1790802337.033,6.8,65.5,0,0,0.0,0.0,0,0,0,0,False,0,0.0,0.0,0.0
1790802338.034,7.2,65.6,0,0,0.0,0.0,0,0,0,0,False,0,0.0,0.0,0.0
1790802339.034,6.9,65.5,0,0,0.0,0.0,0,0,0,0,False,0,0.0,0.0,0.0
1790802340.034,6.9,65.5,0,1236903,0.0,10.0,0,0,0,0,False,0,0.0,0.0,0.0
1790802341.034,7.4,65.5,0,544727,0.0,91.0,0,0,0,0,False,0,0.0,0.0,0.0
1790802342.034,6.6,65.5,0,0,0.0,0.0,0,0,0,0,False,0,0.0,0.0,0.0
1790802343.034,7.4,65.5,0,0,0.0,0.0,0,0,0,0,False,0,0.0,0.0,0.0
1790802344.034,7.2,65.6,0,2846516,0.0,32.0,0,0,0,0,False,0,0.0,0.0,0.0
1790802345.034,7.3,65.5,0,0,0.0,0.0,0,0,0,0,False,0,0.0,0.0,0.0
1790802346.034,6.7,65.6,0,0,0.0,0.0,0,0,0,0,False,0,0.0,0.0,0.0
1790802347.034,6.6,65.6,0,0,0.0,0.0,0,0,0,0,False,0,0.0,0.0,0.0
1790802348.034,10.5,65.6,0,0,0.0,0.0,0,0,0,0,False,0,0.0,0.0,0.0
1790802349.034,6.4,65.6,0,16383,0.0,1.0,0,0,0,0,False,0,0.0,0.0,0.0
1790802350.034,7.4,65.6,0,0,0.0,0.0,0,0,0,0,False,0,0.0,0.0,0.0
1790802351.034,6.3,65.6,0,0,0.0,0.0,0,0,0,0,False,0,0.0,0.0,0.0
1790802352.035,7.0,65.6,0,49148,0.0,2.0,0,0,0,0,False,0,0.0,0.0,0.0
1790802353.035,6.6,65.6,0,0,0.0,0.0,0,0,0,0,False,0,0.0,0.0,0.0
1790802354.035,8.1,66.2,0,40957,0.0,2.0,0,0,0,0,False,0,0.0,0.0,0.0
1790802355.035,7.3,66.1,0,147445,0.0,11.0,0,0,0,0,False,0,0.0,0.0,0.0
1790802356.035,6.5,66.1,0,110584,0.0,11.0,0,0,0,0,False,0,0.0,0.0,0.0
1790802357.035,7.3,66.1,0,0,0.0,0.0,0,0,0,0,False,0,0.0,0.0,0.0
1790802358.035,6.9,66.2,0,0,0.0,0.0,0,0,0,0,False,0,0.0,0.0,0.0
1790802359.035,7.2,66.2,0,0,0.0,0.0,0,0,0,0,False,0,0.0,0.0,0.0
1790802360.035,18.4,66.6,0,69627,0.0,6.0,0,0,0,0,False,0,0.0,0.0,0.0
1790802361.035,32.7,66.9,0,122870,0.0,2.0,3,1,0,3,False,0,0.0,0.0,0.0
1790802362.035,37.1,67.2,0,98296,0.0,3.0,1,1,0,1,False,0,0.0,0.0,0.0
1790802363.036,58.7,68.3,0,98270,0.0,3.0,1,0,0,1,False,0,0.0,0.0,0.0
1790802364.036,84.7,68.4,131058,16382,1.0,1.0,0,0,0,0,False,0,0.0,0.0,0.0
1790802365.036,52.2,68.0,0,19060221,0.0,157.0,1,1,0,1,False,0,0.0,0.0,0.0
1790802366.036,22.4,66.6,0,712645,0.0,9.0,0,0,0,0,False,0,0.0,0.0,0.0
1790802367.036,6.9,66.6,0,0,0.0,0.0,0,0,0,0,False,0,0.0,0.0,0.0
1790802368.036,6.8,66.6,0,0,0.0,0.0,0,0,0,0,False,0,0.0,0.0,0.0
1790802369.036,7.2,66.5,0,0,0.0,0.0,0,0,0,0,False,0,0.0,0.0,0.0
1790802370.036,6.9,66.5,0,1236905,0.0,10.0,0,0,0,0,False,0,0.0,0.0,0.0
1790802371.036,7.3,66.5,0,0,0.0,0.0,0,0,0,0,False,0,0.0,0.0,0.0
1790802372.036,6.7,66.5,0,135158,0.0,2.0,0,0,0,0,False,0,0.0,0.0,0.0
1790802373.036,6.9,66.5,0,0,0.0,0.0,0,0,0,0,False,0,0.0,0.0,0.0
1790802374.036,9.8,66.5,0,0,0.0,0.0,0,0,0,0,False,0,0.0,0.0,0.0
1790802375.037,6.9,66.4,0,3681946,0.0,121.0,0,0,0,0,False,0,0.0,0.0,0.0
1790802376.037,10.9,66.4,0,0,0.0,0.0,0,0,0,0,False,0,0.0,0.0,0.0
1790802377.037,6.9,66.3,0,0,0.0,0.0,0,0,0,0,False,0,0.0,0.0,0.0
1790802378.037,7.5,66.3,0,0,0.0,0.0,0,0,0,0,False,0,0.0,0.0,0.0
1790802379.037,7.0,66.3,0,0,0.0,0.0,0,0,0,0,False,0,0.0,0.0,0.0
1790802380.037,7.1,66.0,0,114680,0.0,12.0,0,0,0,0,False,0,0.0,0.0,0.0
1790802381.037,7.3,66.0,0,0,0.0,0.0,0,0,0,0,False,0,0.0,0.0,0.0
1790802382.037,16.4,66.3,0,32766,0.0,1.0,0,0,0,0,False,0,0.0,0.0,0.0
1790802383.037,27.2,66.7,0,0,0.0,0.0,1,0,0,1,False,0,0.0,0.0,0.0
1790802384.037,11.3,65.9,0,49148,0.0,2.0,0,0,0,0,False,0,0.0,0.0,0.0
1790802385.037,7.4,65.8,0,4096,0.0,1.0,0,0,0,0,False,0,0.0,0.0,0.0
1790802386.037,7.2,65.9,0,946109,0.0,12.0,0,0,0,0,False,0,0.0,0.0,0.0
1790802387.037,11.8,65.9,0,270316,0.0,4.0,0,0,0,0,False,0,0.0,0.0,0.0
1790802388.038,25.4,66.5,0,0,0.0,0.0,0,0,0,0,False,0,0.0,0.0,0.0
1790802389.038,40.2,66.8,0,0,0.0,0.0,2,2,0,2,False,0,0.0,0.0,0.0
1790802390.040,24.1,66.7,0,27214231,0.0,230.6,1,0,0,1,False,0,0.0,0.0,0.0
1790802391.040,55.3,66.1,0,1679190,0.0,23.0,0,0,0,0,False,0,0.0,0.0,0.0
1790802392.040,6.5,66.1,0,0,0.0,0.0,0,0,0,0,False,0,0.0,0.0,0.0
1790802393.040,6.9,66.1,0,0,0.0,0.0,0,0,0,0,False,0,0.0,0.0,0.0
1790802394.040,7.2,66.1,0,0,0.0,0.0,0,0,0,0,False,0,0.0,0.0,0.0
1790802395.040,7.0,66.1,0,10099852,0.0,79.0,0,0,0,0,False,0,0.0,0.0,0.0
1790802396.040,6.6,66.1,0,0,0.0,0.0,0,0,0,0,False,0,0.0,0.0,0.0
1790802397.040,6.6,66.1,0,0,0.0,0.0,0,0,0,0,False,0,0.0,0.0,0.0
1790802398.040,6.5,66.1,0,0,0.0,0.0,0,0,0,0,False,0,0.0,0.0,0.0
1790802399.040,7.0,66.1,0,0,0.0,0.0,0,0,0,0,False,0,0.0,0.0,0.0
1790802400.040,6.7,66.1,0,0,0.0,0.0,0,0,0,0,False,0,0.0,0.0,0.0
1790802401.041,6.8,66.1,0,36861,0.0,3.0,0,0,0,0,False,0,0.0,0.0,0.0
1790802402.041,7.0,66.1,0,0,0.0,0.0,0,0,0,0,False,0,0.0,0.0,0.0
1790802403.041,6.7,66.1,0,0,0.0,0.0,0,0,0,0,False,0,0.0,0.0,0.0
1790802404.041,9.9,66.1,0,0,0.0,0.0,0,0,0,0,False,0,0.0,0.0,0.0
1790802405.041,10.3,66.1,0,0,0.0,0.0,0,0,0,0,False,0,0.0,0.0,0.0
1790802406.041,6.7,66.1,0,2670397,0.0,27.0,0,0,0,0,False,0,0.0,0.0,0.0
1790802407.041,6.8,66.1,0,0,0.0,0.0,0,0,0,0,False,0,0.0,0.0,0.0
1790802408.041,7.2,66.1,0,0,0.0,0.0,0,0,0,0,False,0,0.0,0.0,0.0
1790802409.041,7.5,66.1,0,0,0.0,0.0,0,0,0,0,False,0,0.0,0.0,0.0
1790802410.041,22.7,66.5,0,172020,0.0,11.0,0,0,0,0,False,0,0.0,0.0,0.0
1790802411.041,22.9,65.9,0,704462,0.0,77.0,0,0,0,0,False,0,0.0,0.0,0.0
1790802412.041,6.6,65.9,0,0,0.0,0.0,0,0,0,0,False,0,0.0,0.0,0.0
1790802413.041,7.5,66.0,0,0,0.0,0.0,0,0,0,0,False,0,0.0,0.0,0.0
1790802414.041,12.3,66.5,0,32766,0.0,1.0,0,0,0,0,False,0,0.0,0.0,0.0
1790802415.042,24.7,67.1,0,0,0.0,0.0,0,0,0,0,False,0,0.0,0.0,0.0
1790802416.042,26.3,66.5,0,323556,0.0,6.0,0,0,0,0,False,0,0.0,0.0,0.0
1790802417.042,6.9,66.6,0,0,0.0,0.0,0,0,0,0,False,0,0.0,0.0,0.0
1790802418.042,7.4,66.6,0,0,0.0,0.0,0,0,0,0,False,0,0.0,0.0,0.0
1790802419.042,11.8,66.7,0,757711,0.0,9.0,0,0,0,0,False,0,0.0,0.0,0.0
1790802420.042,25.7,67.4,0,0,0.0,0.0,0,0,0,0,False,0,0.0,0.0,0.0
1790802421.042,18.1,66.7,4096,225264,1.0,5.0,0,0,0,0,False,0,0.0,0.0,0.0
1790802422.042,25.1,67.4,0,0,0.0,0.0,0,0,0,0,False,0,0.0,0.0,0.0
1790802423.042,13.4,66.6,0,798662,0.0,14.0,0,0,0,0,False,0,0.0,0.0,0.0
1790802424.042,10.1,66.6,0,0,0.0,0.0,0,0,0,0,False,0,0.0,0.0,0.0
1790802425.042,19.1,67.0,0,307178,0.0,5.0,0,0,0,0,False,0,0.0,0.0,0.0
1790802426.042,25.3,67.3,0,0,0.0,0.0,1,0,0,1,False,0,0.0,0.0,0.0
1790802427.042,10.7,66.6,0,49148,0.0,2.0,0,0,0,0,False,0,0.0,0.0,0.0
1790802428.043,7.8,66.6,0,0,0.0,0.0,0,0,0,0,False,0,0.0,0.0,0.0
1790802429.043,7.1,66.6,0,0,0.0,0.0,0,0,0,0,False,0,0.0,0.0,0.0
1790802430.043,13.1,66.7,0,368612,0.0,5.0,0,0,0,0,False,0,0.0,0.0,0.0
1790802431.043,26.0,67.4,0,0,0.0,0.0,0,0,0,0,False,0,0.0,0.0,0.0
1790802432.043,23.9,67.2,0,81914,0.0,3.0,0,0,0,0,False,0,0.0,0.0,0.0
1790802433.043,22.7,67.5,0,0,0.0,0.0,1,0,0,1,False,0,0.0,0.0,0.0
1790802434.043,13.1,66.8,0,49149,0.0,2.0,0,0,0,0,False,0,0.0,0.0,0.0
1790802435.043,8.5,66.7,0,0,0.0,0.0,0,0,0,0,False,0,0.0,0.0,0.0
1790802436.043,6.9,66.7,0,229358,0.0,3.0,0,0,0,0,False,0,0.0,0.0,0.0
1790802437.043,6.9,66.7,0,0,0.0,0.0,0,0,0,0,False,0,0.0,0.0,0.0
1790802438.043,6.5,66.7,0,0,0.0,0.0,0,0,0,0,False,0,0.0,0.0,0.0
1790802439.043,6.6,66.7,0,0,0.0,0.0,0,0,0,0,False,0,0.0,0.0,0.0
1790802440.043,7.1,66.7,0,0,0.0,0.0,0,0,0,0,False,0,0.0,0.0,0.0
1790802441.043,6.8,66.7,0,0,0.0,0.0,0,0,0,0,False,0,0.0,0.0,0.0
1790802442.044,7.0,66.7,0,2805538,0.0,29.0,0,0,0,0,False,0,0.0,0.0,0.0
1790802443.044,6.6,66.6,0,0,0.0,0.0,0,0,0,0,False,0,0.0,0.0,0.0
1790802444.044,10.1,66.6,0,86009,0.0,10.0,0,0,0,0,False,0,0.0,0.0,0.0
1790802445.044,7.5,66.6,0,0,0.0,0.0,0,0,0,0,False,0,0.0,0.0,0.0
1790802446.044,7.0,66.6,0,741307,0.0,88.0,0,0,0,0,False,0,0.0,0.0,0.0
1790802447.044,6.6,66.6,0,1290145,0.0,12.0,0,0,0,0,False,0,0.0,0.0,0.0
1790802448.044,6.6,66.5,0,0,0.0,0.0,0,0,0,0,False,0,0.0,0.0,0.0
1790802449.044,7.2,66.6,0,0,0.0,0.0,0,0,0,0,False,0,0.0,0.0,0.0
1790802450.044,6.9,66.6,0,40957,0.0,2.0,0,0,0,0,False,0,0.0,0.0,0.0
1790802451.044,6.9,66.6,0,0,0.0,0.0,0,0,0,0,False,0,0.0,0.0,0.0
1790802452.044,6.6,66.6,0,110584,0.0,2.0,0,0,0,0,False,0,0.0,0.0,0.0
1790802453.044,6.9,66.6,0,532442,0.0,11.0,0,0,0,0,False,0,0.0,0.0,0.0
1790802454.044,7.1,66.6,0,0,0.0,0.0,0,0,0,0,False,0,0.0,0.0,0.0
1790802455.044,7.1,66.6,0,0,0.0,0.0,0,0,0,0,False,0,0.0,0.0,0.0
1790802456.045,6.8,66.7,0,36861,0.0,2.0,0,0,0,0,False,0,0.0,0.0,0.0
1790802457.045,20.8,67.2,0,69630,0.0,7.0,0,0,0,0,False,0,0.0,0.0,0.0
1790802458.045,33.2,68.1,0,65531,0.0,2.0,2,0,0,2,False,0,0.0,0.0,0.0
1790802459.045,35.6,67.9,0,16383,0.0,1.0,4,0,0,4,False,0,0.0,0.0,0.0
1790802460.045,38.1,68.0,0,0,0.0,0.0,2,2,0,2,False,0,0.0,0.0,0.0
1790802461.045,30.3,68.1,0,0,0.0,0.0,1,0,0,1,False,0,0.0,0.0,0.0
1790802462.045,49.9,67.2,0,19679427,0.0,162.0,0,0,0,0,False,0,0.0,0.0,0.0
1790802463.045,7.2,67.3,0,0,0.0,0.0,0,0,0,0,False,0,0.0,0.0,0.0
1790802464.045,10.6,67.5,0,0,0.0,0.0,0,0,0,0,False,0,0.0,0.0,0.0
1790802465.045,23.6,68.0,0,32766,0.0,1.0,0,0,0,0,False,0,0.0,0.0,0.0
1790802466.045,41.7,68.0,0,0,0.0,0.0,2,2,0,2,False,0,0.0,0.0,0.0
1790802467.045,31.9,68.4,0,737223,0.0,9.0,1,1,0,1,False,0,0.0,0.0,0.0
1790802468.046,77.2,68.7,0,32746,0.0,1.0,1,9,0,1,False,0,0.0,0.0,0.0
1790802469.046,51.6,68.6,0,12287,0.0,1.0,1,0,0,1,False,0,0.0,0.0,0.0
1790802470.046,50.9,68.0,0,49148,0.0,2.0,1,0,0,1,False,0,0.0,0.0,0.0
1790802471.046,21.1,68.0,0,0,0.0,0.0,1,1,0,1,False,0,0.0,0.0,0.0
1790802472.046,22.4,68.0,0,3292935,0.0,33.0,1,1,0,1,False,0,0.0,0.0,0.0
1790802473.047,25.3,68.0,0,0,0.0,0.0,1,1,0,1,False,0,0.0,0.0,0.0
1790802474.047,23.1,68.4,0,0,0.0,0.0,1,1,0,1,False,0,0.0,0.0,0.0
1790802475.047,19.6,68.4,0,0,0.0,0.0,1,1,0,1,False,0,0.0,0.0,0.0
1790802476.047,19.1,67.5,0,16383,0.0,1.0,0,0,0,0,False,0,0.0,0.0,0.0
1790802477.047,6.6,67.5,0,12287,0.0,1.0,0,0,0,0,False,0,0.0,0.0,0.0
1790802478.047,7.0,67.4,0,212977,0.0,3.0,0,0,0,0,False,0,0.0,0.0,0.0
1790802479.047,6.4,67.4,0,0,0.0,0.0,0,0,0,0,False,0,0.0,0.0,0.0
1790802480.047,6.6,67.4,0,708553,0.0,81.0,0,0,0,0,False,0,0.0,0.0,0.0
1790802481.047,7.1,67.3,0,0,0.0,0.0,0,0,0,0,False,0,0.0,0.0,0.0
1790802482.047,9.8,67.3,0,32766,0.0,1.0,0,0,0,0,False,0,0.0,0.0,0.0
1790802483.047,24.5,67.9,0,0,0.0,0.0,0,0,0,0,False,0,0.0,0.0,0.0
1790802484.047,33.8,67.1,0,49148,0.0,2.0,0,0,0,0,False,0,0.0,0.0,0.0
1790802485.047,10.9,67.1,0,1945464,0.0,26.0,0,0,0,0,False,0,0.0,0.0,0.0
1790802486.048,24.4,67.9,0,0,0.0,0.0,0,0,0,0,False,0,0.0,0.0,0.0
1790802487.048,39.9,67.9,0,0,0.0,0.0,1,1,0,1,False,0,0.0,0.0,0.0
1790802488.048,25.7,67.3,0,49148,0.0,2.0,0,0,0,0,False,0,0.0,0.0,0.0
1790802489.048,7.1,67.3,0,0,0.0,0.0,0,0,0,0,False,0,0.0,0.0,0.0
1790802490.048,7.5,67.3,0,581589,0.0,6.0,0,0,0,0,False,0,0.0,0.0,0.0
1790802491.048,22.0,67.8,0,32766,0.0,1.0,0,0,0,0,False,0,0.0,0.0,0.0
1790802492.048,34.8,68.0,0,0,0.0,0.0,1,0,0,1,False,0,0.0,0.0,0.0
1790802493.048,13.9,67.2,0,266219,0.0,6.0,0,0,0,0,False,0,0.0,0.0,0.0
1790802494.048,7.0,67.2,0,0,0.0,0.0,0,0,0,0,False,0,0.0,0.0,0.0
1790802495.048,7.0,67.2,0,0,0.0,0.0,0,0,0,0,False,0,0.0,0.0,0.0
1790802496.048,7.2,67.2,0,221168,0.0,3.0,0,0,0,0,False,0,0.0,0.0,0.0
1790802497.048,22.5,67.9,0,65531,0.0,2.0,0,0,0,0,False,0,0.0,0.0,0.0
1790802498.048,48.0,68.5,0,167923,0.0,11.0,1,0,0,1,False,0,0.0,0.0,0.0
1790802499.048,42.9,67.9,0,16383,0.0,1.0,1,0,0,1,False,0,0.0,0.0,0.0
1790802500.049,12.9,67.2,0,49148,0.0,2.0,0,0,0,0,False,0,0.0,0.0,0.0
1790802501.049,7.4,67.2,0,0,0.0,0.0,0,0,0,0,False,0,0.0,0.0,0.0
1790802502.049,6.7,67.2,0,0,0.0,0.0,0,0,0,0,False,0,0.0,0.0,0.0
1790802503.049,10.2,67.3,0,2338651,0.0,22.0,0,0,0,0,False,0,0.0,0.0,0.0
1790802504.049,8.4,67.2,0,0,0.0,0.0,0,0,0,0,False,0,0.0,0.0,0.0
1790802505.049,7.1,67.2,0,0,0.0,0.0,0,0,0,0,False,0,0.0,0.0,0.0
1790802506.049,6.8,67.2,0,0,0.0,0.0,0,0,0,0,False,0,0.0,0.0,0.0
1790802507.049,7.4,67.2,0,0,0.0,0.0,0,0,0,0,False,0,0.0,0.0,0.0
1790802508.049,6.6,67.1,0,311266,0.0,4.0,0,0,0,0,False,0,0.0,0.0,0.0
1790802509.049,7.4,67.1,0,36861,0.0,2.0,0,0,0,0,False,0,0.0,0.0,0.0
1790802510.049,7.2,67.1,0,0,0.0,0.0,0,0,0,0,False,0,0.0,0.0,0.0
1790802511.049,6.6,67.1,0,0,0.0,0.0,0,0,0,0,False,0,0.0,0.0,0.0
1790802512.050,7.7,67.1,0,942012,0.0,12.0,0,0,0,0,False,0,0.0,0.0,0.0
1790802513.050,16.7,67.7,0,131065,0.0,4.0,0,0,0,0,False,0,0.0,0.0,0.0
1790802514.050,30.1,68.6,0,192498,0.0,12.0,0,0,0,0,False,0,0.0,0.0,0.0
1790802515.050,48.3,68.7,0,0,0.0,0.0,2,2,0,2,False,0,0.0,0.0,0.0
1790802516.050,21.0,68.8,0,1154990,0.0,66.0,1,1,0,1,False,0,0.0,0.0,0.0
1790802517.050,63.7,68.0,0,49149,0.0,2.0,0,0,0,0,False,0,0.0,0.0,0.0
1790802518.050,7.3,68.0,0,18995835,0.0,154.0,0,0,0,0,False,0,0.0,0.0,0.0
1790802519.050,6.8,68.0,0,0,0.0,0.0,0,0,0,0,False,0,0.0,0.0,0.0
1790802520.050,6.9,68.0,0,630738,0.0,7.0,0,0,0,0,False,0,0.0,0.0,0.0
1790802521.050,6.7,67.9,0,0,0.0,0.0,0,0,0,0,False,0,0.0,0.0,0.0
1790802522.050,6.5,67.9,0,0,0.0,0.0,0,0,0,0,False,0,0.0,0.0,0.0
1790802523.050,7.3,67.9,0,13777929,0.0,108.0,0,0,0,0,False,0,0.0,0.0,0.0
1790802524.050,6.8,67.9,0,0,0.0,0.0,0,0,0,0,False,0,0.0,0.0,0.0
1790802525.050,6.6,67.8,0,0,0.0,0.0,0,0,0,0,False,0,0.0,0.0,0.0
1790802526.051,7.0,67.7,0,0,0.0,0.0,0,0,0,0,False,0,0.0,0.0,0.0
1790802527.051,6.3,67.7,0,0,0.0,0.0,0,0,0,0,False,0,0.0,0.0,0.0
1790802528.051,6.6,67.7,0,0,0.0,0.0,0,0,0,0,False,0,0.0,0.0,0.0
1790802529.051,7.2,67.6,0,53244,0.0,2.0,0,0,0,0,False,0,0.0,0.0,0.0
1790802530.051,6.6,67.6,0,0,0.0,0.0,0,0,0,0,False,0,0.0,0.0,0.0
1790802531.051,9.8,67.6,0,0,0.0,0.0,0,0,0,0,False,0,0.0,0.0,0.0
1790802532.051,7.2,67.6,0,0,0.0,0.0,0,0,0,0,False,0,0.0,0.0,0.0
1790802533.051,6.7,67.6,0,0,0.0,0.0,0,0,0,0,False,0,0.0,0.0,0.0
1790802534.051,8.9,67.8,0,2264922,0.0,21.0,0,0,0,0,False,0,0.0,0.0,0.0
1790802535.051,7.1,67.8,0,0,0.0,0.0,0,0,0,0,False,0,0.0,0.0,0.0
1790802536.051,6.5,67.8,0,40956,0.0,2.0,0,0,0,0,False,0,0.0,0.0,0.0
1790802537.051,6.9,67.7,0,0,0.0,0.0,0,0,0,0,False,0,0.0,0.0,0.0
1790802538.052,10.0,67.7,0,32765,0.0,1.0,0,0,0,0,False,0,0.0,0.0,0.0
1790802539.052,23.8,68.4,0,12639491,0.0,100.0,0,0,0,0,False,0,0.0,0.0,0.0
1790802540.052,24.7,67.9,0,16383,0.0,1.0,0,0,0,0,False,0,0.0,0.0,0.0
1790802541.052,6.7,67.9,0,0,0.0,0.0,0,0,0,0,False,0,0.0,0.0,0.0
1790802542.052,6.8,67.9,0,823234,0.0,31.0,0,0,0,0,False,0,0.0,0.0,0.0
1790802543.052,13.1,67.6,0,32766,0.0,1.0,0,0,0,0,False,0,0.0,0.0,0.0
1790802544.052,25.6,68.2,0,10525887,0.0,85.0,2,0,0,2,False,0,0.0,0.0,0.0
1790802545.052,29.5,67.5,0,45053,0.0,2.0,0,0,0,0,False,0,0.0,0.0,0.0
1790802546.052,7.3,67.5,0,0,0.0,0.0,0,0,0,0,False,0,0.0,0.0,0.0
1790802547.052,6.8,67.5,0,1126316,0.0,16.0,0,0,0,0,False,0,0.0,0.0,0.0
1790802548.052,7.2,67.6,0,683982,0.0,7.0,0,0,0,0,False,0,0.0,0.0,0.0
1790802549.052,10.7,68.1,0,1433495,0.0,14.0,0,0,0,0,False,0,0.0,0.0,0.0
1790802550.052,10.8,68.1,0,0,0.0,0.0,0,0,0,0,False,0,0.0,0.0,0.0
1790802551.052,25.1,68.8,0,982965,0.0,103.0,0,0,0,0,False,0,0.0,0.0,0.0
1790802552.053,28.1,68.9,0,0,0.0,0.0,1,0,0,1,False,0,0.0,0.0,0.0
1790802553.053,24.6,68.9,0,0,0.0,0.0,1,1,0,1,False,0,0.0,0.0,0.0
1790802554.053,24.9,68.8,0,0,0.0,0.0,1,1,0,1,False,0,0.0,0.0,0.0
1790802555.053,34.4,69.1,0,65531,0.0,2.0,1,1,0,1,False,0,0.0,0.0,0.0
1790802556.053,39.4,69.3,0,274411,0.0,4.0,1,1,0,1,False,0,0.0,0.0,0.0
1790802557.053,39.2,68.6,0,45053,0.0,2.0,1,1,0,1,False,0,0.0,0.0,0.0
1790802558.053,20.3,68.7,0,0,0.0,0.0,1,1,0,1,False,0,0.0,0.0,0.0
1790802559.053,13.7,68.0,0,12287,0.0,1.0,0,0,0,0,False,0,0.0,0.0,0.0
1790802560.053,10.9,67.9,0,0,0.0,0.0,0,0,0,0,False,0,0.0,0.0,0.0
1790802561.053,6.6,67.9,0,0,0.0,0.0,0,0,0,0,False,0,0.0,0.0,0.0
1790802562.053,6.5,67.8,0,241632,0.0,3.0,0,0,0,0,False,0,0.0,0.0,0.0
1790802563.054,7.3,67.8,0,0,0.0,0.0,0,0,0,0,False,0,0.0,0.0,0.0
1790802564.054,16.2,68.1,0,2989922,0.0,32.0,0,0,0,0,False,0,0.0,0.0,0.0
1790802565.054,28.6,68.4,0,0,0.0,0.0,2,1,0,2,False,0,0.0,0.0,0.0
1790802566.054,28.3,67.8,0,45053,0.0,2.0,0,0,0,0,False,0,0.0,0.0,0.0
1790802567.054,6.4,67.7,0,0,0.0,0.0,0,0,0,0,False,0,0.0,0.0,0.0
1790802568.054,6.7,67.8,0,0,0.0,0.0,0,0,0,0,False,0,0.0,0.0,0.0
1790802569.054,8.0,67.8,0,1851263,0.0,18.0,0,0,0,0,False,0,0.0,0.0,0.0
1790802570.054,21.2,68.3,0,32766,0.0,1.0,0,0,0,0,False,0,0.0,0.0,0.0
1790802571.054,19.7,68.7,0,16384,0.0,1.0,0,0,0,0,False,0,0.0,0.0,0.0
1790802572.054,11.5,68.1,0,65531,0.0,2.0,0,0,0,0,False,0,0.0,0.0,0.0
1790802573.054,24.1,68.7,0,278507,0.0,12.0,0,0,0,0,False,0,0.0,0.0,0.0
1790802574.054,13.5,67.9,0,49146,0.0,2.0,0,0,0,0,False,0,0.0,0.0,0.0
1790802575.055,7.3,67.8,0,237550,0.0,3.0,0,0,0,0,False,0,0.0,0.0,0.0
1790802576.055,8.8,67.8,0,0,0.0,0.0,0,0,0,0,False,0,0.0,0.0,0.0
1790802577.055,6.9,67.8,0,0,0.0,0.0,0,0,0,0,False,0,0.0,0.0,0.0
1790802578.055,8.1,67.8,0,1253281,0.0,17.0,0,0,0,0,False,0,0.0,0.0,0.0
1790802579.055,22.8,68.0,0,184307,0.0,17.0,0,0,0,0,False,0,0.0,0.0,0.0
1790802580.055,19.5,67.1,0,90105,0.0,8.0,0,0,0,0,False,0,0.0,0.0,0.0
1790802581.055,7.2,67.1,0,0,0.0,0.0,0,0,0,0,False,0,0.0,0.0,0.0
1790802582.055,10.8,67.2,0,618445,0.0,78.0,0,0,0,0,False,0,0.0,0.0,0.0
1790802583.055,24.5,67.9,0,4096,0.0,1.0,0,0,0,0,False,0,0.0,0.0,0.0
1790802584.055,14.9,67.2,0,319464,0.0,6.0,0,0,0,0,False,0,0.0,0.0,0.0
1790802585.055,6.5,67.2,0,1314718,0.0,11.0,0,0,0,0,False,0,0.0,0.0,0.0
1790802586.055,7.2,67.2,0,0,0.0,0.0,0,0,0,0,False,0,0.0,0.0,0.0
1790802587.055,19.0,67.8,0,32765,0.0,1.0,0,0,0,0,False,0,0.0,0.0,0.0
1790802588.055,20.7,67.9,0,0,0.0,0.0,1,0,0,1,False,0,0.0,0.0,0.0
1790802589.056,12.8,67.1,0,274409,0.0,5.0,0,0,0,0,False,0,0.0,0.0,0.0
1790802590.056,6.6,67.1,0,0,0.0,0.0,0,0,0,0,False,0,0.0,0.0,0.0
1790802591.056,6.7,67.1,0,0,0.0,0.0,0,0,0,0,False,0,0.0,0.0,0.0
1790802592.056,7.6,67.1,0,0,0.0,0.0,0,0,0,0,False,0,0.0,0.0,0.0
1790802593.056,22.2,67.8,0,32766,0.0,1.0,0,0,0,0,False,0,0.0,0.0,0.0
1790802594.056,26.7,67.9,0,49149,0.0,2.0,0,0,0,0,False,0,0.0,0.0,0.0
1790802595.056,15.5,68.3,0,364517,0.0,9.0,0,0,0,0,False,0,0.0,0.0,0.0
1790802596.056,7.9,68.4,0,81914,0.0,6.0,0,0,0,0,False,0,0.0,0.0,0.0
1790802597.056,8.0,68.4,0,73723,0.0,6.0,0,0,0,0,False,0,0.0,0.0,0.0
1790802598.056,7.6,68.4,0,0,0.0,0.0,0,0,0,0,False,0,0.0,0.0,0.0
1790802599.056,7.1,68.4,0,0,0.0,0.0,0,0,0,0,False,0,0.0,0.0,0.0
1790802600.056,7.4,68.3,0,18008734,0.0,147.0,0,0,0,0,False,0,0.0,0.0,0.0
1790802601.056,6.9,68.3,0,0,0.0,0.0,0,0,0,0,False,0,0.0,0.0,0.0
1790802602.057,6.9,68.3,0,86010,0.0,4.0,0,0,0,0,False,0,0.0,0.0,0.0
1790802603.057,7.6,68.3,0,0,0.0,0.0,0,0,0,0,False,0,0.0,0.0,0.0
1790802604.057,7.4,68.3,0,32765,0.0,6.0,0,0,0,0,False,0,0.0,0.0,0.0
1790802605.057,7.1,68.2,0,0,0.0,0.0,0,0,0,0,False,0,0.0,0.0,0.0
1790802606.057,7.6,68.2,0,0,0.0,0.0,0,0,0,0,False,0,0.0,0.0,0.0
1790802607.057,6.8,68.1,0,0,0.0,0.0,0,0,0,0,False,0,0.0,0.0,0.0
1790802608.057,18.0,68.6,0,32766,0.0,1.0,0,0,0,0,False,0,0.0,0.0,0.0
1790802609.057,25.6,68.9,0,774084,0.0,23.0,1,0,0,1,False,0,0.0,0.0,0.0
1790802610.057,25.6,69.0,0,102392,0.0,1.0,1,1,0,1,False,0,0.0,0.0,0.0
1790802611.057,20.0,69.0,0,0,0.0,0.0,1,1,0,1,False,0,0.0,0.0,0.0
1790802612.057,21.6,69.0,0,471000,0.0,6.0,1,1,0,1,False,0,0.0,0.0,0.0
1790802613.057,29.2,69.4,0,155636,0.0,3.0,1,1,0,1,False,0,0.0,0.0,0.0
1790802614.057,34.2,69.8,0,0,0.0,0.0,2,1,0,2,False,0,0.0,0.0,0.0
1790802615.058,38.0,69.1,0,544726,0.0,101.0,1,1,0,1,False,0,0.0,0.0,0.0
1790802616.058,16.7,68.4,0,16383,0.0,1.0,0,0,0,0,False,0,0.0,0.0,0.0
1790802617.058,6.7,68.3,0,0,0.0,0.0,0,0,0,0,False,0,0.0,0.0,0.0
1790802618.058,7.1,68.2,0,1519505,0.0,14.0,0,0,0,0,False,0,0.0,0.0,0.0
1790802619.058,6.5,68.2,0,0,0.0,0.0,0,0,0,0,False,0,0.0,0.0,0.0
1790802620.058,6.6,68.2,0,0,0.0,0.0,0,0,0,0,False,0,0.0,0.0,0.0
1790802621.058,7.4,68.3,0,0,0.0,0.0,0,0,0,0,False,0,0.0,0.0,0.0
1790802622.058,6.4,68.2,0,0,0.0,0.0,0,0,0,0,False,0,0.0,0.0,0.0
1790802623.058,6.6,68.2,0,102393,0.0,5.0,0,0,0,0,False,0,0.0,0.0,0.0
1790802624.058,8.4,68.2,0,0,0.0,0.0,0,0,0,0,False,0,0.0,0.0,0.0
1790802625.058,7.1,68.0,0,253934,0.0,28.0,0,0,0,0,False,0,0.0,0.0,0.0
1790802626.058,7.0,68.0,0,32766,0.0,8.0,0,0,0,0,False,0,0.0,0.0,0.0
1790802627.058,6.8,68.0,0,0,0.0,0.0,0,0,0,0,False,0,0.0,0.0,0.0
1790802628.058,10.4,67.9,0,0,0.0,0.0,0,0,0,0,False,0,0.0,0.0,0.0
1790802629.059,8.9,68.0,0,0,0.0,0.0,0,0,0,0,False,0,0.0,0.0,0.0
1790802630.059,22.7,68.6,0,32767,0.0,1.0,0,0,0,0,False,0,0.0,0.0,0.0
1790802631.059,19.8,68.0,0,3493635,0.0,38.0,0,0,0,0,False,0,0.0,0.0,0.0
1790802632.059,20.7,68.4,0,1884023,0.0,18.0,0,0,0,0,False,0,0.0,0.0,0.0
1790802633.059,30.7,69.0,0,65530,0.0,2.0,0,0,0,0,False,0,0.0,0.0,0.0
1790802634.059,37.9,68.7,0,81914,0.0,3.0,2,0,0,2,False,0,0.0,0.0,0.0
1790802635.059,35.9,68.6,0,36861,0.0,6.0,0,0,0,0,False,0,0.0,0.0,0.0
1790802636.059,12.8,67.9,0,737225,0.0,9.0,0,0,0,0,False,0,0.0,0.0,0.0
1790802637.059,15.6,68.3,0,32765,0.0,1.0,0,0,0,0,False,0,0.0,0.0,0.0
1790802638.059,23.6,68.5,0,0,0.0,0.0,1,0,0,1,False,0,0.0,0.0,0.0
1790802639.059,9.8,67.7,0,49148,0.0,2.0,0,0,0,0,False,0,0.0,0.0,0.0
1790802640.059,7.9,67.8,0,2494288,0.0,28.0,0,0,0,0,False,0,0.0,0.0,0.0
1790802641.059,7.1,67.8,0,577496,0.0,9.0,0,0,0,0,False,0,0.0,0.0,0.0
1790802642.059,6.7,67.8,0,0,0.0,0.0,0,0,0,0,False,0,0.0,0.0,0.0
1790802643.060,6.8,67.8,0,0,0.0,0.0,0,0,0,0,False,0,0.0,0.0,0.0
1790802644.060,7.6,67.8,0,0,0.0,0.0,0,0,0,0,False,0,0.0,0.0,0.0
1790802645.060,6.5,67.8,0,0,0.0,0.0,0,0,0,0,False,0,0.0,0.0,0.0
1790802646.060,7.3,67.8,0,61436,0.0,3.0,0,0,0,0,False,0,0.0,0.0,0.0
1790802647.060,8.4,67.9,0,0,0.0,0.0,0,0,0,0,False,0,0.0,0.0,0.0
1790802648.060,22.6,68.3,0,810951,0.0,103.0,0,0,0,0,False,0,0.0,0.0,0.0
1790802649.060,19.1,67.8,0,49148,0.0,2.0,0,0,0,0,False,0,0.0,0.0,0.0
1790802650.060,12.2,68.1,0,0,0.0,0.0,0,0,0,0,False,0,0.0,0.0,0.0
1790802651.060,24.6,68.5,0,32766,0.0,1.0,0,0,0,0,False,0,0.0,0.0,0.0
1790802652.060,20.9,68.1,0,487389,0.0,17.0,0,0,0,0,False,0,0.0,0.0,0.0
1790802653.060,7.0,68.1,0,0,0.0,0.0,0,0,0,0,False,0,0.0,0.0,0.0
1790802654.060,8.5,68.4,0,0,0.0,0.0,0,0,0,0,False,0,0.0,0.0,0.0
1790802655.060,7.8,68.3,0,0,0.0,0.0,0,0,0,0,False,0,0.0,0.0,0.0
1790802656.060,9.7,68.3,0,253932,0.0,11.0,0,0,0,0,False,0,0.0,0.0,0.0
1790802657.061,7.5,68.3,0,0,0.0,0.0,0,0,0,0,False,0,0.0,0.0,0.0
1790802658.061,7.5,68.2,0,0,0.0,0.0,0,0,0,0,False,0,0.0,0.0,0.0
1790802659.061,7.1,68.2,0,0,0.0,0.0,0,0,0,0,False,0,0.0,0.0,0.0
1790802660.061,6.9,68.1,0,0,0.0,0.0,0,0,0,0,False,0,0.0,0.0,0.0
1790802661.061,7.2,68.1,0,0,0.0,0.0,0,0,0,0,False,0,0.0,0.0,0.0
1790802662.061,6.7,68.0,0,2973469,0.0,31.0,0,0,0,0,False,0,0.0,0.0,0.0
1790802663.061,6.4,68.0,0,0,0.0,0.0,0,0,0,0,False,0,0.0,0.0,0.0
1790802664.061,7.1,68.1,0,0,0.0,0.0,0,0,0,0,False,0,0.0,0.0,0.0
1790802665.061,7.0,68.0,0,0,0.0,0.0,0,0,0,0,False,0,0.0,0.0,0.0
1790802666.061,6.7,68.1,0,0,0.0,0.0,0,0,0,0,False,0,0.0,0.0,0.0
1790802667.061,6.4,68.0,0,20479,0.0,2.0,0,0,0,0,False,0,0.0,0.0,0.0
1790802668.061,7.7,68.0,0,180207,0.0,9.0,0,0,0,0,False,0,0.0,0.0,0.0
1790802669.061,6.9,68.0,0,532441,0.0,18.0,0,0,0,0,False,0,0.0,0.0,0.0
1790802670.061,6.7,68.0,0,1236902,0.0,10.0,0,0,0,0,False,0,0.0,0.0,0.0
1790802671.062,7.5,68.0,0,331752,0.0,10.0,0,0,0,0,False,0,0.0,0.0,0.0
1790802672.062,7.0,68.0,0,155641,0.0,5.0,0,0,0,0,False,0,0.0,0.0,0.0
1790802673.062,24.6,68.4,0,32766,0.0,1.0,0,0,0,0,False,0,0.0,0.0,0.0
1790802674.062,37.1,68.8,0,86009,0.0,14.0,3,2,0,3,False,0,0.0,0.0,0.0
1790802675.062,25.1,69.1,0,12287,0.0,2.0,1,1,0,1,False,0,0.0,0.0,0.0
1790802676.062,57.0,69.5,0,0,0.0,0.0,1,13,0,1,False,0,0.0,0.0,0.0
1790802677.062,15.3,68.7,0,19118414,0.0,159.0,0,0,0,0,False,0,0.0,0.0,0.0
1790802678.062,6.6,68.7,0,643026,0.0,6.0,0,0,0,0,False,0,0.0,0.0,0.0
1790802679.062,6.6,68.7,0,0,0.0,0.0,0,0,0,0,False,0,0.0,0.0,0.0
1790802680.062,7.7,68.6,0,86010,0.0,10.0,0,0,0,0,False,0,0.0,0.0,0.0
1790802681.062,7.1,68.2,0,114680,0.0,4.0,0,0,0,0,False,0,0.0,0.0,0.0
1790802682.062,6.7,68.2,0,15100660,0.0,119.0,0,0,0,0,False,0,0.0,0.0,0.0
1790802683.063,6.7,68.2,0,839610,0.0,119.0,0,0,0,0,False,0,0.0,0.0,0.0
1790802684.063,16.2,68.3,0,32766,0.0,1.0,0,0,0,0,False,0,0.0,0.0,0.0
1790802685.063,25.0,68.6,0,0,0.0,0.0,1,0,0,1,False,0,0.0,0.0,0.0
1790802686.063,14.3,68.0,0,53244,0.0,3.0,0,0,0,0,False,0,0.0,0.0,0.0
1790802687.063,7.3,68.0,0,262125,0.0,4.0,0,0,0,0,False,0,0.0,0.0,0.0
1790802688.063,6.5,68.0,0,0,0.0,0.0,0,0,0,0,False,0,0.0,0.0,0.0
1790802689.063,6.8,68.0,0,0,0.0,0.0,0,0,0,0,False,0,0.0,0.0,0.0
1790802690.063,7.4,68.0,0,503771,0.0,8.0,0,0,0,0,False,0,0.0,0.0,0.0
1790802691.063,7.0,68.0,0,0,0.0,0.0,0,0,0,0,False,0,0.0,0.0,0.0
1790802692.063,6.8,67.9,0,2809654,0.0,31.0,0,0,0,0,False,0,0.0,0.0,0.0
1790802693.063,6.7,67.9,0,0,0.0,0.0,0,0,0,0,False,0,0.0,0.0,0.0
1790802694.063,11.0,67.8,0,0,0.0,0.0,0,0,0,0,False,0,0.0,0.0,0.0
1790802695.063,8.4,67.8,0,0,0.0,0.0,0,0,0,0,False,0,0.0,0.0,0.0
1790802696.063,7.5,67.7,0,49148,0.0,2.0,0,0,0,0,False,0,0.0,0.0,0.0
1790802697.064,6.9,67.7,0,12655756,0.0,101.0,0,0,0,0,False,0,0.0,0.0,0.0
1790802698.064,6.9,67.7,0,0,0.0,0.0,0,0,0,0,False,0,0.0,0.0,0.0
1790802699.064,6.9,67.7,0,929724,0.0,10.0,0,0,0,0,False,0,0.0,0.0,0.0
1790802700.064,6.9,67.7,0,0,0.0,0.0,0,0,0,0,False,0,0.0,0.0,0.0
1790802701.064,6.8,67.6,0,0,0.0,0.0,0,0,0,0,False,0,0.0,0.0,0.0
1790802702.064,6.6,67.6,0,131063,0.0,10.0,0,0,0,0,False,0,0.0,0.0,0.0
1790802703.064,7.0,67.6,0,11103404,0.0,92.0,0,0,0,0,False,0,0.0,0.0,0.0
1790802704.064,7.4,67.6,0,0,0.0,0.0,0,0,0,0,False,0,0.0,0.0,0.0
1790802705.064,7.4,67.6,0,0,0.0,0.0,0,0,0,0,False,0,0.0,0.0,0.0
1790802706.064,7.3,67.6,0,0,0.0,0.0,0,0,0,0,False,0,0.0,0.0,0.0
1790802707.064,6.8,67.6,0,0,0.0,0.0,0,0,0,0,False,0,0.0,0.0,0.0
1790802708.064,7.1,67.6,0,0,0.0,0.0,0,0,0,0,False,0,0.0,0.0,0.0
1790802709.064,7.7,67.6,0,86010,0.0,2.0,0,0,0,0,False,0,0.0,0.0,0.0
1790802710.064,6.9,67.6,0,94201,0.0,10.0,0,0,0,0,False,0,0.0,0.0,0.0
1790802711.065,6.9,67.6,0,0,0.0,0.0,0,0,0,0,False,0,0.0,0.0,0.0
1790802712.065,7.6,67.6,0,0,0.0,0.0,0,0,0,0,False,0,0.0,0.0,0.0
1790802713.065,6.6,67.6,0,0,0.0,0.0,0,0,0,0,False,0,0.0,0.0,0.0
1790802714.065,7.0,67.7,0,0,0.0,0.0,0,0,0,0,False,0,0.0,0.0,0.0
1790802715.065,10.8,67.7,0,0,0.0,0.0,0,0,0,0,False,0,0.0,0.0,0.0
1790802716.065,6.8,67.6,0,12287,0.0,2.0,0,0,0,0,False,0,0.0,0.0,0.0
1790802717.065,6.5,67.6,0,331751,0.0,62.0,0,0,0,0,False,0,0.0,0.0,0.0
1790802718.065,7.0,67.6,0,0,0.0,0.0,0,0,0,0,False,0,0.0,0.0,0.0
1790802719.065,7.0,67.7,0,176115,0.0,4.0,0,0,0,0,False,0,0.0,0.0,0.0
1790802720.065,6.5,67.7,0,0,0.0,0.0,0,0,0,0,False,0,0.0,0.0,0.0
1790802721.065,6.6,67.6,0,0,0.0,0.0,0,0,0,0,False,0,0.0,0.0,0.0
1790802722.065,7.1,67.7,0,0,0.0,0.0,0,0,0,0,False,0,0.0,0.0,0.0
1790802723.065,6.4,67.7,0,1630084,0.0,17.0,0,0,0,0,False,0,0.0,0.0,0.0
1790802724.065,7.3,67.7,0,0,0.0,0.0,0,0,0,0,False,0,0.0,0.0,0.0
1790802725.066,7.2,67.7,0,49148,0.0,2.0,0,0,0,0,False,0,0.0,0.0,0.0
1790802726.066,6.8,67.7,0,0,0.0,0.0,0,0,0,0,False,0,0.0,0.0,0.0
1790802727.066,6.5,67.7,0,0,0.0,0.0,0,0,0,0,False,0,0.0,0.0,0.0
1790802728.066,7.2,67.7,0,16383,0.0,1.0,0,0,0,0,False,0,0.0,0.0,0.0
1790802729.066,10.4,67.7,0,0,0.0,0.0,0,0,0,0,False,0,0.0,0.0,0.0
1790802730.066,9.0,67.7,0,0,0.0,0.0,0,0,0,0,False,0,0.0,0.0,0.0
1790802731.066,7.0,67.7,0,0,0.0,0.0,0,0,0,0,False,0,0.0,0.0,0.0
1790802732.066,7.4,67.7,0,28670,0.0,2.0,0,0,0,0,False,0,0.0,0.0,0.0
1790802733.066,6.6,67.7,0,36660674,0.0,281.0,0,0,0,0,False,0,0.0,0.0,0.0
1790802734.066,7.1,67.7,0,24574,0.0,4.0,0,0,0,0,False,0,0.0,0.0,0.0
1790802735.066,7.3,67.7,0,0,0.0,0.0,0,0,0,0,False,0,0.0,0.0,0.0
1790802736.066,6.9,67.7,0,0,0.0,0.0,0,0,0,0,False,0,0.0,0.0,0.0
1790802737.066,7.0,67.7,0,0,0.0,0.0,0,0,0,0,False,0,0.0,0.0,0.0
1790802738.066,7.3,67.7,0,94201,0.0,2.0,0,0,0,0,False,0,0.0,0.0,0.0
1790802739.067,7.3,67.7,0,0,0.0,0.0,0,0,0,0,False,0,0.0,0.0,0.0
1790802740.067,7.0,67.7,0,73721,0.0,3.0,0,0,0,0,False,0,0.0,0.0,0.0
1790802741.067,7.0,67.7,0,0,0.0,0.0,0,0,0,0,False,0,0.0,0.0,0.0
1790802742.067,7.4,67.7,0,0,0.0,0.0,0,0,0,0,False,0,0.0,0.0,0.0
1790802743.067,9.3,67.5,0,0,0.0,0.0,0,0,0,0,False,0,0.0,0.0,0.0
1790802744.067,10.5,67.5,0,0,0.0,0.0,0,0,0,0,False,0,0.0,0.0,0.0
1790802745.067,7.4,67.5,0,0,0.0,0.0,0,0,0,0,False,0,0.0,0.0,0.0
1790802746.067,6.8,67.3,0,53244,0.0,2.0,0,0,0,0,False,0,0.0,0.0,0.0
1790802747.067,16.1,67.7,0,32766,0.0,1.0,0,0,0,0,False,0,0.0,0.0,0.0
1790802748.067,22.4,68.1,0,0,0.0,0.0,1,0,0,1,False,0,0.0,0.0,0.0
1790802749.067,9.7,67.5,0,49148,0.0,2.0,0,0,0,0,False,0,0.0,0.0,0.0
1790802750.067,6.8,67.5,0,356325,0.0,37.0,0,0,0,0,False,0,0.0,0.0,0.0
1790802751.067,6.9,67.5,0,0,0.0,0.0,0,0,0,0,False,0,0.0,0.0,0.0
1790802752.068,7.4,67.5,0,0,0.0,0.0,0,0,0,0,False,0,0.0,0.0,0.0
1790802753.068,6.8,67.5,0,0,0.0,0.0,0,0,0,0,False,0,0.0,0.0,0.0
1790802754.068,9.7,67.5,0,0,0.0,0.0,0,0,0,0,False,0,0.0,0.0,0.0
1790802755.068,7.2,67.5,0,3309328,0.0,30.0,0,0,0,0,False,0,0.0,0.0,0.0
1790802756.068,7.4,67.4,0,0,0.0,0.0,0,0,0,0,False,0,0.0,0.0,0.0
1790802757.068,6.6,67.4,0,0,0.0,0.0,0,0,0,0,False,0,0.0,0.0,0.0
1790802758.068,7.0,67.3,0,0,0.0,0.0,0,0,0,0,False,0,0.0,0.0,0.0
1790802759.068,7.6,67.3,0,16383,0.0,1.0,0,0,0,0,False,0,0.0,0.0,0.0
1790802760.068,7.0,67.3,0,12287,0.0,3.0,0,0,0,0,False,0,0.0,0.0,0.0
1790802761.068,6.9,67.3,0,0,0.0,0.0,0,0,0,0,False,0,0.0,0.0,0.0
1790802762.068,7.3,67.3,0,0,0.0,0.0,0,0,0,0,False,0,0.0,0.0,0.0
1790802763.068,6.9,67.3,0,675783,0.0,10.0,0,0,0,0,False,0,0.0,0.0,0.0
1790802764.068,7.1,67.3,0,16383,0.0,2.0,0,0,0,0,False,0,0.0,0.0,0.0
1790802765.068,6.7,67.3,0,4096,0.0,1.0,0,0,0,0,False,0,0.0,0.0,0.0
1790802766.069,7.4,67.3,0,114679,0.0,7.0,0,0,0,0,False,0,0.0,0.0,0.0
1790802767.069,6.8,67.3,0,0,0.0,0.0,0,0,0,0,False,0,0.0,0.0,0.0
1790802768.069,6.7,67.3,0,0,0.0,0.0,0,0,0,0,False,0,0.0,0.0,0.0
1790802769.069,6.8,67.3,0,0,0.0,0.0,0,0,0,0,False,0,0.0,0.0,0.0
1790802770.069,6.6,67.3,0,4096,0.0,1.0,0,0,0,0,False,0,0.0,0.0,0.0
1790802771.069,6.8,67.3,0,0,0.0,0.0,0,0,0,0,False,0,0.0,0.0,0.0
1790802772.069,6.4,67.3,0,0,0.0,0.0,0,0,0,0,False,0,0.0,0.0,0.0
1790802773.069,6.7,67.3,0,4096,0.0,1.0,0,0,0,0,False,0,0.0,0.0,0.0
1790802774.069,13.0,67.7,0,0,0.0,0.0,0,0,0,0,False,0,0.0,0.0,0.0
1790802775.069,7.1,67.7,0,0,0.0,0.0,0,0,0,0,False,0,0.0,0.0,0.0
1790802776.069,6.5,67.6,0,126966,0.0,12.0,0,0,0,0,False,0,0.0,0.0,0.0
1790802777.069,6.6,67.6,0,0,0.0,0.0,0,0,0,0,False,0,0.0,0.0,0.0
1790802778.069,7.0,67.6,0,0,0.0,0.0,0,0,0,0,False,0,0.0,0.0,0.0
1790802779.069,6.5,67.6,0,45053,0.0,2.0,0,0,0,0,False,0,0.0,0.0,0.0
1790802780.070,6.6,67.6,0,0,0.0,0.0,0,0,0,0,False,0,0.0,0.0,0.0
1790802781.070,6.9,67.6,0,192507,0.0,38.0,0,0,0,0,False,0,0.0,0.0,0.0
1790802782.070,7.0,67.6,0,0,0.0,0.0,0,0,0,0,False,0,0.0,0.0,0.0
1790802783.070,10.3,67.6,0,0,0.0,0.0,0,0,0,0,False,0,0.0,0.0,0.0
1790802784.070,7.1,67.6,0,0,0.0,0.0,0,0,0,0,False,0,0.0,0.0,0.0
1790802785.070,7.6,67.6,0,118775,0.0,2.0,0,0,0,0,False,0,0.0,0.0,0.0
1790802786.070,6.8,67.6,0,2113380,0.0,20.0,0,0,0,0,False,0,0.0,0.0,0.0
1790802787.070,6.8,67.6,0,0,0.0,0.0,0,0,0,0,False,0,0.0,0.0,0.0
1790802788.070,6.9,67.6,0,0,0.0,0.0,0,0,0,0,False,0,0.0,0.0,0.0
1790802789.070,7.2,67.6,0,0,0.0,0.0,0,0,0,0,False,0,0.0,0.0,0.0
1790802790.070,6.6,67.6,0,16383,0.0,1.0,0,0,0,0,False,0,0.0,0.0,0.0
1790802791.070,6.9,67.5,0,0,0.0,0.0,0,0,0,0,False,0,0.0,0.0,0.0
1790802792.070,7.6,67.5,0,20478,0.0,2.0,0,0,0,0,False,0,0.0,0.0,0.0
1790802793.070,6.9,67.5,0,0,0.0,0.0,0,0,0,0,False,0,0.0,0.0,0.0
1790802794.071,9.6,67.5,0,0,0.0,0.0,0,0,0,0,False,0,0.0,0.0,0.0
1790802795.071,13.1,67.7,0,32767,0.0,1.0,0,0,0,0,False,0,0.0,0.0,0.0
1790802796.071,24.4,68.2,0,0,0.0,0.0,0,0,0,0,False,0,0.0,0.0,0.0
1790802797.071,14.4,67.5,0,241646,0.0,11.0,0,0,0,0,False,0,0.0,0.0,0.0
1790802798.071,6.7,67.5,0,0,0.0,0.0,0,0,0,0,False,0,0.0,0.0,0.0
1790802799.071,7.6,67.5,0,20478,0.0,5.0,0,0,0,0,False,0,0.0,0.0,0.0
1790802800.071,7.0,67.5,0,364517,0.0,4.0,0,0,0,0,False,0,0.0,0.0,0.0
1790802801.071,6.8,67.5,0,0,0.0,0.0,0,0,0,0,False,0,0.0,0.0,0.0
1790802802.071,7.0,67.5,0,0,0.0,0.0,0,0,0,0,False,0,0.0,0.0,0.0
1790802803.071,7.3,67.5,0,0,0.0,0.0,0,0,0,0,False,0,0.0,0.0,0.0
1790802804.071,8.1,67.4,0,0,0.0,0.0,0,0,0,0,False,0,0.0,0.0,0.0
1790802805.071,6.8,67.4,0,16383,0.0,2.0,0,0,0,0,False,0,0.0,0.0,0.0
1790802806.071,6.8,67.4,0,12287,0.0,1.0,0,0,0,0,False,0,0.0,0.0,0.0
1790802807.071,6.6,67.4,0,0,0.0,0.0,0,0,0,0,False,0,0.0,0.0,0.0
1790802808.072,7.6,67.4,0,0,0.0,0.0,0,0,0,0,False,0,0.0,0.0,0.0
1790802809.072,6.9,67.2,0,0,0.0,0.0,0,0,0,0,False,0,0.0,0.0,0.0
1790802810.072,6.9,67.2,0,0,0.0,0.0,0,0,0,0,False,0,0.0,0.0,0.0
1790802811.072,7.6,67.2,0,0,0.0,0.0,0,0,0,0,False,0,0.0,0.0,0.0
1790802812.072,10.5,67.2,0,57339,0.0,2.0,0,0,0,0,False,0,0.0,0.0,0.0
1790802813.072,7.0,67.2,0,0,0.0,0.0,0,0,0,0,False,0,0.0,0.0,0.0
1790802814.072,14.9,68.0,0,81914,0.0,3.0,0,0,0,0,False,0,0.0,0.0,0.0
1790802815.072,9.0,68.1,0,577493,0.0,91.0,0,0,0,0,False,0,0.0,0.0,0.0
1790802816.072,7.8,68.0,0,2998055,0.0,36.0,0,0,0,0,False,0,0.0,0.0,0.0
1790802817.072,6.6,68.0,0,0,0.0,0.0,0,0,0,0,False,0,0.0,0.0,0.0
1790802818.072,7.0,68.0,0,0,0.0,0.0,0,0,0,0,False,0,0.0,0.0,0.0
1790802819.072,7.6,68.0,0,0,0.0,0.0,0,0,0,0,False,0,0.0,0.0,0.0
1790802820.072,6.8,68.0,0,16383,0.0,1.0,0,0,0,0,False,0,0.0,0.0,0.0
1790802821.073,6.8,68.0,0,4096,0.0,1.0,0,0,0,0,False,0,0.0,0.0,0.0
1790802822.073,7.3,67.9,0,20479,0.0,2.0,0,0,0,0,False,0,0.0,0.0,0.0
1790802823.073,6.7,67.9,0,0,0.0,0.0,0,0,0,0,False,0,0.0,0.0,0.0
1790802824.073,6.8,67.9,0,0,0.0,0.0,0,0,0,0,False,0,0.0,0.0,0.0
1790802825.073,6.4,67.9,0,0,0.0,0.0,0,0,0,0,False,0,0.0,0.0,0.0
1790802826.073,7.4,67.8,0,0,0.0,0.0,0,0,0,0,False,0,0.0,0.0,0.0
1790802827.073,6.4,67.8,0,0,0.0,0.0,0,0,0,0,False,0,0.0,0.0,0.0
1790802828.073,6.2,67.9,0,0,0.0,0.0,0,0,0,0,False,0,0.0,0.0,0.0
1790802829.073,6.7,67.9,0,12287,0.0,3.0,0,0,0,0,False,0,0.0,0.0,0.0
1790802830.073,6.8,67.8,0,0,0.0,0.0,0,0,0,0,False,0,0.0,0.0,0.0
1790802831.073,6.4,67.9,0,24574,0.0,1.0,0,0,0,0,False,0,0.0,0.0,0.0
1790802832.073,6.4,67.9,0,17066836,0.0,131.0,0,0,0,0,False,0,0.0,0.0,0.0
1790802833.073,7.2,67.8,0,0,0.0,0.0,0,0,0,0,False,0,0.0,0.0,0.0
1790802834.074,7.9,68.1,0,102393,0.0,2.0,0,0,0,0,False,0,0.0,0.0,0.0
1790802835.074,6.6,68.1,0,0,0.0,0.0,0,0,0,0,False,0,0.0,0.0,0.0
1790802836.074,6.7,68.1,0,0,0.0,0.0,0,0,0,0,False,0,0.0,0.0,0.0
1790802837.074,7.3,68.1,0,4096,0.0,1.0,0,0,0,0,False,0,0.0,0.0,0.0
1790802838.074,6.4,68.1,0,0,0.0,0.0,0,0,0,0,False,0,0.0,0.0,0.0
1790802839.074,6.7,68.1,0,90105,0.0,10.0,0,0,0,0,False,0,0.0,0.0,0.0
1790802840.074,10.8,68.1,0,0,0.0,0.0,0,0,0,0,False,0,0.0,0.0,0.0
1790802841.074,7.1,68.1,0,0,0.0,0.0,0,0,0,0,False,0,0.0,0.0,0.0
1790802842.074,6.9,68.1,0,0,0.0,0.0,0,0,0,0,False,0,0.0,0.0,0.0
1790802843.074,6.8,68.1,0,131063,0.0,16.0,0,0,0,0,False,0,0.0,0.0,0.0
1790802844.074,8.6,67.7,0,86010,0.0,11.0,0,0,0,0,False,0,0.0,0.0,0.0
1790802845.074,9.6,67.6,0,0,0.0,0.0,0,0,0,0,False,0,0.0,0.0,0.0
1790802846.074,6.9,67.6,0,151541,0.0,30.0,0,0,0,0,False,0,0.0,0.0,0.0
1790802847.074,7.0,67.6,0,4026069,0.0,45.0,0,0,0,0,False,0,0.0,0.0,0.0
1790802848.075,7.6,67.7,0,0,0.0,0.0,0,0,0,0,False,0,0.0,0.0,0.0
1790802849.075,10.5,68.3,0,434163,0.0,8.0,0,0,0,0,False,0,0.0,0.0,0.0
1790802850.075,7.8,68.1,0,0,0.0,0.0,0,0,0,0,False,0,0.0,0.0,0.0
1790802851.075,9.4,68.3,0,184307,0.0,13.0,0,0,0,0,False,0,0.0,0.0,0.0
1790802852.075,6.8,68.2,0,0,0.0,0.0,0,0,0,0,False,0,0.0,0.0,0.0
1790802853.075,6.6,68.2,0,0,0.0,0.0,0,0,0,0,False,0,0.0,0.0,0.0
1790802854.075,7.0,68.3,0,0,0.0,0.0,0,0,0,0,False,0,0.0,0.0,0.0
1790802855.075,7.5,68.2,0,0,0.0,0.0,0,0,0,0,False,0,0.0,0.0,0.0
1790802856.075,6.9,68.2,0,16383,0.0,2.0,0,0,0,0,False,0,0.0,0.0,0.0
1790802857.075,6.8,68.2,0,0,0.0,0.0,0,0,0,0,False,0,0.0,0.0,0.0
1790802858.075,7.2,68.2,0,0,0.0,0.0,0,0,0,0,False,0,0.0,0.0,0.0
1790802859.075,7.2,68.2,0,0,0.0,0.0,0,0,0,0,False,0,0.0,0.0,0.0
1790802860.075,6.8,68.2,0,24574,0.0,4.0,0,0,0,0,False,0,0.0,0.0,0.0
1790802861.075,7.0,68.2,0,0,0.0,0.0,0,0,0,0,False,0,0.0,0.0,0.0
1790802862.076,7.6,68.2,0,0,0.0,0.0,0,0,0,0,False,0,0.0,0.0,0.0
1790802863.076,7.1,68.2,0,36862,0.0,2.0,0,0,0,0,False,0,0.0,0.0,0.0
1790802864.076,7.9,68.0,0,0,0.0,0.0,0,0,0,0,False,0,0.0,0.0,0.0
1790802865.076,7.0,68.0,0,0,0.0,0.0,0,0,0,0,False,0,0.0,0.0,0.0
1790802866.076,6.9,68.0,0,0,0.0,0.0,0,0,0,0,False,0,0.0,0.0,0.0
1790802867.076,6.7,68.0,0,0,0.0,0.0,0,0,0,0,False,0,0.0,0.0,0.0
1790802868.076,7.4,68.0,0,0,0.0,0.0,0,0,0,0,False,0,0.0,0.0,0.0
1790802869.076,7.7,68.0,0,2871087,0.0,33.0,0,0,0,0,False,0,0.0,0.0,0.0
1790802870.076,6.9,68.0,0,0,0.0,0.0,0,0,0,0,False,0,0.0,0.0,0.0
1790802871.076,7.1,68.0,0,0,0.0,0.0,0,0,0,0,False,0,0.0,0.0,0.0
1790802872.076,7.6,68.0,0,0,0.0,0.0,0,0,0,0,False,0,0.0,0.0,0.0
1790802873.076,6.8,68.0,0,0,0.0,0.0,0,0,0,0,False,0,0.0,0.0,0.0
1790802874.076,10.1,68.0,0,188403,0.0,12.0,0,0,0,0,False,0,0.0,0.0,0.0
1790802875.076,7.3,67.9,0,0,0.0,0.0,0,0,0,0,False,0,0.0,0.0,0.0
1790802876.077,6.9,67.9,0,0,0.0,0.0,0,0,0,0,False,0,0.0,0.0,0.0
1790802877.077,7.5,67.9,0,0,0.0,0.0,0,0,0,0,False,0,0.0,0.0,0.0
1790802878.077,9.9,67.9,0,1183657,0.0,30.0,0,0,0,0,False,0,0.0,0.0,0.0
1790802879.077,7.7,67.7,0,176110,0.0,4.0,0,0,0,0,False,0,0.0,0.0,0.0
1790802880.077,6.8,67.4,0,315362,0.0,72.0,0,0,0,0,False,0,0.0,0.0,0.0
1790802881.077,7.2,67.4,0,0,0.0,0.0,0,0,0,0,False,0,0.0,0.0,0.0
1790802882.077,6.5,67.3,0,16382,0.0,1.0,0,0,0,0,False,0,0.0,0.0,0.0
1790802883.077,6.2,67.3,0,4288202,0.0,45.0,0,0,0,0,False,0,0.0,0.0,0.0
1790802884.077,6.9,67.3,0,114679,0.0,2.0,0,0,0,0,False,0,0.0,0.0,0.0
1790802885.077,7.3,67.3,0,0,0.0,0.0,0,0,0,0,False,0,0.0,0.0,0.0
1790802886.077,6.4,67.3,0,0,0.0,0.0,0,0,0,0,False,0,0.0,0.0,0.0
1790802887.077,6.5,67.3,0,0,0.0,0.0,0,0,0,0,False,0,0.0,0.0,0.0
1790802888.077,6.4,67.3,0,0,0.0,0.0,0,0,0,0,False,0,0.0,0.0,0.0
1790802889.078,9.8,67.4,0,675790,0.0,10.0,0,0,0,0,False,0,0.0,0.0,0.0
1790802890.078,23.5,68.0,0,32766,0.0,1.0,0,0,0,0,False,0,0.0,0.0,0.0
1790802891.078,14.8,67.3,0,106488,0.0,4.0,0,0,0,0,False,0,0.0,0.0,0.0
1790802892.078,6.8,67.3,0,114680,0.0,7.0,0,0,0,0,False,0,0.0,0.0,0.0
1790802893.078,13.4,67.8,0,32766,0.0,1.0,0,0,0,0,False,0,0.0,0.0,0.0
1790802894.078,38.7,69.1,0,65531,0.0,2.0,0,0,0,0,False,0,0.0,0.0,0.0
1790802895.078,47.0,70.3,0,864192,0.0,11.0,1,0,0,1,False,0,0.0,0.0,0.0
1790802896.078,15.6,68.8,0,49148,0.0,2.0,0,0,0,0,False,0,0.0,0.0,0.0
1790802897.078,8.7,68.9,0,720843,0.0,16.0,0,0,0,0,False,0,0.0,0.0,0.0
1790802898.078,7.6,69.0,0,0,0.0,0.0,0,0,0,0,False,0,0.0,0.0,0.0
1790802899.078,7.2,69.0,0,0,0.0,0.0,0,0,0,0,False,0,0.0,0.0,0.0
1790802900.078,6.8,69.0,0,0,0.0,0.0,0,0,0,0,False,0,0.0,0.0,0.0
1790802901.078,6.9,68.9,0,0,0.0,0.0,0,0,0,0,False,0,0.0,0.0,0.0
1790802902.078,7.6,68.9,0,45052,0.0,2.0,0,0,0,0,False,0,0.0,0.0,0.0
1790802903.079,6.7,68.9,0,57339,0.0,2.0,0,0,0,0,False,0,0.0,0.0,0.0
1790802904.079,7.3,68.8,0,1666953,0.0,24.0,0,0,0,0,False,0,0.0,0.0,0.0
1790802905.079,9.7,68.7,0,0,0.0,0.0,0,0,0,0,False,0,0.0,0.0,0.0
1790802906.079,7.6,68.6,0,0,0.0,0.0,0,0,0,0,False,0,0.0,0.0,0.0
1790802907.079,9.7,68.6,0,0,0.0,0.0,0,0,0,0,False,0,0.0,0.0,0.0
1790802908.079,8.5,68.5,0,159732,0.0,11.0,0,0,0,0,False,0,0.0,0.0,0.0
1790802909.079,6.8,68.5,0,0,0.0,0.0,0,0,0,0,False,0,0.0,0.0,0.0
1790802910.079,7.3,68.5,0,0,0.0,0.0,0,0,0,0,False,0,0.0,0.0,0.0
1790802911.079,6.9,68.5,0,0,0.0,0.0,0,0,0,0,False,0,0.0,0.0,0.0
1790802912.079,7.2,68.5,0,0,0.0,0.0,0,0,0,0,False,0,0.0,0.0,0.0
1790802913.079,6.9,68.5,0,335847,0.0,6.0,0,0,0,0,False,0,0.0,0.0,0.0
1790802914.079,7.2,68.4,0,2568004,0.0,25.0,0,0,0,0,False,0,0.0,0.0,0.0
1790802915.079,7.3,68.4,0,798661,0.0,108.0,0,0,0,0,False,0,0.0,0.0,0.0
1790802916.080,6.7,68.4,0,0,0.0,0.0,0,0,0,0,False,0,0.0,0.0,0.0
1790802917.080,7.5,68.4,0,0,0.0,0.0,0,0,0,0,False,0,0.0,0.0,0.0
1790802918.080,7.1,68.4,0,1236894,0.0,10.0,0,0,0,0,False,0,0.0,0.0,0.0
1790802919.080,7.0,68.4,0,81914,0.0,2.0,0,0,0,0,False,0,0.0,0.0,0.0
1790802920.080,7.3,68.5,0,0,0.0,0.0,0,0,0,0,False,0,0.0,0.0,0.0
1790802921.080,9.5,68.3,0,0,0.0,0.0,0,0,0,0,False,0,0.0,0.0,0.0
1790802922.080,7.1,68.2,0,0,0.0,0.0,0,0,0,0,False,0,0.0,0.0,0.0
1790802923.080,7.1,68.2,0,1101742,0.0,18.0,0,0,0,0,False,0,0.0,0.0,0.0
1790802924.080,7.9,68.1,0,8191,0.0,2.0,0,0,0,0,False,0,0.0,0.0,0.0
1790802925.080,8.1,68.0,0,323561,0.0,36.0,0,0,0,0,False,0,0.0,0.0,0.0
1790802926.080,7.4,68.0,0,0,0.0,0.0,0,0,0,0,False,0,0.0,0.0,0.0
1790802927.080,7.8,67.9,0,0,0.0,0.0,0,0,0,0,False,0,0.0,0.0,0.0
1790802928.080,6.9,67.9,0,15051716,0.0,119.0,0,0,0,0,False,0,0.0,0.0,0.0
1790802929.080,7.3,67.8,0,1339296,0.0,16.0,0,0,0,0,False,0,0.0,0.0,0.0
1790802930.081,7.0,67.9,0,0,0.0,0.0,0,0,0,0,False,0,0.0,0.0,0.0
1790802931.081,8.1,67.8,0,126967,0.0,3.0,0,0,0,0,False,0,0.0,0.0,0.0
1790802932.081,6.6,67.8,0,8191,0.0,2.0,0,0,0,0,False,0,0.0,0.0,0.0
1790802933.081,6.8,67.8,0,4096,0.0,1.0,0,0,0,0,False,0,0.0,0.0,0.0
1790802934.081,9.4,67.9,0,0,0.0,0.0,0,0,0,0,False,0,0.0,0.0,0.0
1790802935.081,7.9,67.8,0,0,0.0,0.0,0,0,0,0,False,0,0.0,0.0,0.0
1790802936.081,10.2,67.8,0,0,0.0,0.0,0,0,0,0,False,0,0.0,0.0,0.0
1790802937.081,6.7,67.8,0,0,0.0,0.0,0,0,0,0,False,0,0.0,0.0,0.0
1790802938.081,6.7,67.8,0,12287,0.0,2.0,0,0,0,0,False,0,0.0,0.0,0.0
1790802939.081,7.0,67.8,0,0,0.0,0.0,0,0,0,0,False,0,0.0,0.0,0.0
1790802940.081,6.6,67.8,0,1236897,0.0,10.0,0,0,0,0,False,0,0.0,0.0,0.0
1790802941.081,7.1,67.8,0,0,0.0,0.0,0,0,0,0,False,0,0.0,0.0,0.0
1790802942.081,6.6,67.7,0,0,0.0,0.0,0,0,0,0,False,0,0.0,0.0,0.0
1790802943.082,6.6,67.8,0,12287,0.0,2.0,0,0,0,0,False,0,0.0,0.0,0.0
1790802944.082,7.0,67.7,0,2928453,0.0,31.0,0,0,0,0,False,0,0.0,0.0,0.0
1790802945.082,6.9,67.7,0,0,0.0,0.0,0,0,0,0,False,0,0.0,0.0,0.0
1790802946.082,6.9,67.7,0,61435,0.0,2.0,0,0,0,0,False,0,0.0,0.0,0.0
1790802947.082,6.9,67.7,0,0,0.0,0.0,0,0,0,0,False,0,0.0,0.0,0.0
1790802948.082,6.4,67.7,0,0,0.0,0.0,0,0,0,0,False,0,0.0,0.0,0.0
1790802949.082,7.0,67.7,0,233454,0.0,44.0,0,0,0,0,False,0,0.0,0.0,0.0
1790802950.082,7.3,67.7,0,0,0.0,0.0,0,0,0,0,False,0,0.0,0.0,0.0
1790802951.082,7.5,67.8,0,0,0.0,0.0,0,0,0,0,False,0,0.0,0.0,0.0
1790802952.082,6.6,67.7,0,0,0.0,0.0,0,0,0,0,False,0,0.0,0.0,0.0
1790802953.082,6.7,67.8,0,0,0.0,0.0,0,0,0,0,False,0,0.0,0.0,0.0
1790802954.082,8.5,68.2,0,12287,0.0,3.0,0,0,0,0,False,0,0.0,0.0,0.0
1790802955.082,10.3,68.1,0,77818,0.0,2.0,0,0,0,0,False,0,0.0,0.0,0.0
1790802956.082,6.8,68.0,0,114680,0.0,10.0,0,0,0,0,False,0,0.0,0.0,0.0
1790802957.083,6.7,68.0,0,81914,0.0,11.0,0,0,0,0,False,0,0.0,0.0,0.0
1790802958.083,7.3,68.0,0,0,0.0,0.0,0,0,0,0,False,0,0.0,0.0,0.0
1790802959.083,8.6,68.0,0,1830776,0.0,35.0,0,0,0,0,False,0,0.0,0.0,0.0
1790802960.083,6.6,68.0,0,0,0.0,0.0,0,0,0,0,False,0,0.0,0.0,0.0
1790802961.083,6.8,67.9,0,0,0.0,0.0,0,0,0,0,False,0,0.0,0.0,0.0
1790802962.083,7.2,67.9,0,0,0.0,0.0,0,0,0,0,False,0,0.0,0.0,0.0
1790802963.083,7.3,67.9,0,0,0.0,0.0,0,0,0,0,False,0,0.0,0.0,0.0
1790802964.083,7.0,67.9,0,0,0.0,0.0,0,0,0,0,False,0,0.0,0.0,0.0
1790802965.083,6.6,67.8,0,94199,0.0,2.0,0,0,0,0,False,0,0.0,0.0,0.0
1790802966.083,7.1,67.8,0,0,0.0,0.0,0,0,0,0,False,0,0.0,0.0,0.0
1790802967.083,7.2,67.8,0,4096,0.0,1.0,0,0,0,0,False,0,0.0,0.0,0.0
1790802968.083,6.6,67.8,0,0,0.0,0.0,0,0,0,0,False,0,0.0,0.0,0.0
1790802969.083,6.6,67.8,0,0,0.0,0.0,0,0,0,0,False,0,0.0,0.0,0.0
1790802970.083,9.9,67.8,0,1236901,0.0,10.0,0,0,0,0,False,0,0.0,0.0,0.0
1790802971.084,7.2,67.8,0,0,0.0,0.0,0,0,0,0,False,0,0.0,0.0,0.0
1790802972.084,6.8,67.8,0,0,0.0,0.0,0,0,0,0,False,0,0.0,0.0,0.0
1790802973.084,6.7,67.8,0,0,0.0,0.0,0,0,0,0,False,0,0.0,0.0,0.0
1790802974.084,11.0,67.8,0,16383,0.0,1.0,0,0,0,0,False,0,0.0,0.0,0.0
1790802975.084,7.2,67.8,0,2932514,0.0,30.0,0,0,0,0,False,0,0.0,0.0,0.0
1790802976.084,6.7,67.8,0,61435,0.0,2.0,0,0,0,0,False,0,0.0,0.0,0.0
1790802977.084,6.8,67.7,0,0,0.0,0.0,0,0,0,0,False,0,0.0,0.0,0.0
1790802978.084,7.5,67.7,0,0,0.0,0.0,0,0,0,0,False,0,0.0,0.0,0.0
1790802979.084,7.0,67.7,0,0,0.0,0.0,0,0,0,0,False,0,0.0,0.0,0.0
1790802980.084,9.4,67.5,0,86010,0.0,10.0,0,0,0,0,False,0,0.0,0.0,0.0
1790802981.084,6.9,67.5,0,0,0.0,0.0,0,0,0,0,False,0,0.0,0.0,0.0
1790802982.084,7.6,67.5,0,0,0.0,0.0,0,0,0,0,False,0,0.0,0.0,0.0
1790802983.085,10.5,67.5,0,81914,0.0,4.0,0,0,0,0,False,0,0.0,0.0,0.0
1790802984.085,24.5,68.1,0,0,0.0,0.0,0,0,0,0,False,0,0.0,0.0,0.0
1790802985.085,14.9,67.3,0,249837,0.0,12.0,0,0,0,0,False,0,0.0,0.0,0.0
1790802986.085,7.8,67.3,0,192498,0.0,43.0,0,0,0,0,False,0,0.0,0.0,0.0
1790802987.085,7.2,67.4,0,4096,0.0,1.0,0,0,0,0,False,0,0.0,0.0,0.0
1790802988.085,6.8,67.3,0,0,0.0,0.0,0,0,0,0,False,0,0.0,0.0,0.0
1790802989.085,15.2,67.7,0,225263,0.0,4.0,0,0,0,0,False,0,0.0,0.0,0.0
1790802990.085,25.7,68.1,0,524246,0.0,16.0,2,1,0,2,False,0,0.0,0.0,0.0
1790802991.085,36.0,68.5,0,0,0.0,0.0,0,0,0,0,False,0,0.0,0.0,0.0
1790802992.085,7.7,67.8,0,49148,0.0,2.0,0,0,0,0,False,0,0.0,0.0,0.0
1790802993.085,7.1,67.8,0,0,0.0,0.0,0,0,0,0,False,0,0.0,0.0,0.0
1790802994.085,8.0,67.6,0,794554,0.0,8.0,0,0,0,0,False,0,0.0,0.0,0.0
1790802995.085,6.9,67.6,0,0,0.0,0.0,0,0,0,0,False,0,0.0,0.0,0.0
1790802996.086,6.7,67.6,0,0,0.0,0.0,0,0,0,0,False,0,0.0,0.0,0.0
1790802997.086,7.1,67.6,0,0,0.0,0.0,0,0,0,0,False,0,0.0,0.0,0.0
1790802998.086,7.1,67.6,0,0,0.0,0.0,0,0,0,0,False,0,0.0,0.0,0.0
1790802999.086,6.6,67.7,0,0,0.0,0.0,0,0,0,0,False,0,0.0,0.0,0.0
1790803000.086,6.8,67.6,0,45053,0.0,2.0,0,0,0,0,False,0,0.0,0.0,0.0
1790803001.086,6.9,67.6,0,4096,0.0,1.0,0,0,0,0,False,0,0.0,0.0,0.0
1790803002.086,7.0,67.6,0,0,0.0,0.0,0,0,0,0,False,0,0.0,0.0,0.0
1790803003.086,6.6,67.6,0,0,0.0,0.0,0,0,0,0,False,0,0.0,0.0,0.0
1790803004.086,13.0,67.6,0,0,0.0,0.0,0,0,0,0,False,0,0.0,0.0,0.0
1790803005.086,7.0,67.5,0,16383,0.0,1.0,0,0,0,0,False,0,0.0,0.0,0.0
1790803006.086,6.6,67.5,0,0,0.0,0.0,0,0,0,0,False,0,0.0,0.0,0.0
1790803007.086,6.7,67.5,0,0,0.0,0.0,0,0,0,0,False,0,0.0,0.0,0.0
1790803008.089,7.2,67.5,0,0,0.0,0.0,0,0,0,0,False,0,0.0,0.0,0.0
1790803009.089,6.6,67.5,0,0,0.0,0.0,0,0,0,0,False,0,0.0,0.0,0.0
1790803010.089,7.2,67.6,0,0,0.0,0.0,0,0,0,0,False,0,0.0,0.0,0.0
1790803011.089,6.7,67.6,0,2813746,0.0,33.0,0,0,0,0,False,0,0.0,0.0,0.0
1790803012.089,6.5,67.6,0,0,0.0,0.0,0,0,0,0,False,0,0.0,0.0,0.0
1790803013.089,6.6,67.5,0,806854,0.0,11.0,0,0,0,0,False,0,0.0,0.0,0.0
1790803014.089,12.8,68.4,12287,126967,2.0,3.0,0,0,0,0,False,0,0.0,0.0,0.0
1790803015.089,16.5,68.6,0,110584,0.0,2.0,0,0,0,0,False,0,0.0,0.0,0.0
1790803016.089,26.3,69.3,0,626642,0.0,21.0,0,0,0,0,False,0,0.0,0.0,0.0
1790803017.089,11.3,68.6,0,49148,0.0,2.0,0,0,0,0,False,0,0.0,0.0,0.0
1790803018.090,7.6,68.6,0,0,0.0,0.0,0,0,0,0,False,0,0.0,0.0,0.0
1790803019.090,8.9,68.6,0,0,0.0,0.0,0,0,0,0,False,0,0.0,0.0,0.0
1790803020.090,6.7,68.5,0,671696,0.0,96.0,0,0,0,0,False,0,0.0,0.0,0.0
1790803021.090,7.1,68.5,0,0,0.0,0.0,0,0,0,0,False,0,0.0,0.0,0.0
1790803022.090,6.8,68.5,0,172020,0.0,3.0,0,0,0,0,False,0,0.0,0.0,0.0
1790803023.090,7.5,68.5,0,0,0.0,0.0,0,0,0,0,False,0,0.0,0.0,0.0
1790803024.090,7.0,68.5,0,147442,0.0,13.0,0,0,0,0,False,0,0.0,0.0,0.0
1790803025.090,6.9,68.5,0,42480410,0.0,332.0,0,0,0,0,False,0,0.0,0.0,0.0
1790803026.090,6.7,68.5,0,0,0.0,0.0,0,0,0,0,False,0,0.0,0.0,0.0
1790803027.090,7.2,68.5,0,0,0.0,0.0,0,0,0,0,False,0,0.0,0.0,0.0
1790803028.090,15.1,68.7,0,32766,0.0,1.0,0,0,0,0,False,0,0.0,0.0,0.0
1790803029.090,25.9,69.2,0,221167,0.0,3.0,2,0,0,2,False,0,0.0,0.0,0.0
1790803030.090,25.9,69.4,0,16383,0.0,1.0,0,0,0,0,False,0,0.0,0.0,0.0
1790803031.090,7.0,68.8,0,32766,0.0,1.0,0,0,0,0,False,0,0.0,0.0,0.0
1790803032.091,12.0,68.8,0,32765,0.0,1.0,0,0,0,0,False,0,0.0,0.0,0.0
1790803033.091,27.9,69.4,0,0,0.0,0.0,2,0,0,2,False,0,0.0,0.0,0.0
1790803034.091,30.1,68.7,0,733131,0.0,9.0,0,0,0,0,False,0,0.0,0.0,0.0
1790803035.091,6.8,68.8,0,16383,0.0,1.0,0,0,0,0,False,0,0.0,0.0,0.0
1790803036.091,6.6,68.7,0,0,0.0,0.0,0,0,0,0,False,0,0.0,0.0,0.0
1790803037.091,6.8,68.7,0,0,0.0,0.0,0,0,0,0,False,0,0.0,0.0,0.0
1790803038.091,7.5,68.7,0,0,0.0,0.0,0,0,0,0,False,0,0.0,0.0,0.0
1790803039.091,6.7,68.6,0,503772,0.0,7.0,0,0,0,0,False,0,0.0,0.0,0.0
1790803040.091,7.1,68.6,0,0,0.0,0.0,0,0,0,0,False,0,0.0,0.0,0.0
1790803041.091,7.1,68.5,0,0,0.0,0.0,0,0,0,0,False,0,0.0,0.0,0.0
1790803042.091,7.8,68.5,0,2707260,0.0,27.0,0,0,0,0,False,0,0.0,0.0,0.0
1790803043.091,12.8,68.5,0,32766,0.0,1.0,0,0,0,0,False,0,0.0,0.0,0.0
1790803044.091,25.4,69.0,0,229358,0.0,18.0,0,0,0,0,False,0,0.0,0.0,0.0
1790803045.092,15.6,67.9,0,49148,0.0,2.0,0,0,0,0,False,0,0.0,0.0,0.0
1790803046.092,7.5,68.0,0,0,0.0,0.0,0,0,0,0,False,0,0.0,0.0,0.0
1790803047.092,7.4,67.9,0,2395989,0.0,33.0,0,0,0,0,False,0,0.0,0.0,0.0
1790803048.092,6.9,67.9,0,0,0.0,0.0,0,0,0,0,False,0,0.0,0.0,0.0
1790803049.092,9.0,67.7,0,1560466,0.0,16.0,0,0,0,0,False,0,0.0,0.0,0.0
1790803050.092,7.4,67.6,0,0,0.0,0.0,0,0,0,0,False,0,0.0,0.0,0.0
1790803051.092,7.6,67.6,0,143350,0.0,3.0,0,0,0,0,False,0,0.0,0.0,0.0
1790803052.092,7.2,67.6,0,815046,0.0,99.0,0,0,0,0,False,0,0.0,0.0,0.0
1790803053.092,6.9,67.6,0,0,0.0,0.0,0,0,0,0,False,0,0.0,0.0,0.0
1790803054.092,9.7,67.6,0,0,0.0,0.0,0,0,0,0,False,0,0.0,0.0,0.0
1790803055.092,6.9,67.6,0,126967,0.0,2.0,0,0,0,0,False,0,0.0,0.0,0.0
1790803056.092,6.8,67.5,0,0,0.0,0.0,0,0,0,0,False,0,0.0,0.0,0.0
1790803057.092,6.8,67.5,0,32765,0.0,4.0,0,0,0,0,False,0,0.0,0.0,0.0
1790803058.092,15.1,67.8,0,32766,0.0,1.0,0,0,0,0,False,0,0.0,0.0,0.0
1790803059.093,23.1,68.2,0,503771,0.0,15.0,1,0,0,1,False,0,0.0,0.0,0.0
1790803060.093,10.9,67.6,0,49149,0.0,2.0,0,0,0,0,False,0,0.0,0.0,0.0
1790803061.093,6.6,67.5,0,0,0.0,0.0,0,0,0,0,False,0,0.0,0.0,0.0
1790803062.093,6.5,67.6,0,4096,0.0,1.0,0,0,0,0,False,0,0.0,0.0,0.0
1790803063.093,10.1,67.5,0,0,0.0,0.0,0,0,0,0,False,0,0.0,0.0,0.0
1790803064.093,7.9,67.5,0,0,0.0,0.0,0,0,0,0,False,0,0.0,0.0,0.0
1790803065.093,6.6,67.5,0,163828,0.0,3.0,0,0,0,0,False,0,0.0,0.0,0.0
1790803066.093,6.6,67.5,0,15043561,0.0,121.0,0,0,0,0,False,0,0.0,0.0,0.0
1790803067.093,6.6,67.5,0,0,0.0,0.0,0,0,0,0,False,0,0.0,0.0,0.0
1790803068.093,7.3,67.6,0,0,0.0,0.0,0,0,0,0,False,0,0.0,0.0,0.0
1790803069.093,6.4,67.6,0,253933,0.0,4.0,0,0,0,0,False,0,0.0,0.0,0.0
1790803070.093,7.3,67.6,0,0,0.0,0.0,0,0,0,0,False,0,0.0,0.0,0.0
1790803071.093,6.5,67.6,0,0,0.0,0.0,0,0,0,0,False,0,0.0,0.0,0.0
1790803072.093,6.9,67.6,0,2670401,0.0,27.0,0,0,0,0,False,0,0.0,0.0,0.0
1790803073.094,6.5,67.6,0,0,0.0,0.0,0,0,0,0,False,0,0.0,0.0,0.0
1790803074.094,11.8,67.8,0,888808,0.0,13.0,0,0,0,0,False,0,0.0,0.0,0.0
1790803075.094,6.7,67.9,0,0,0.0,0.0,0,0,0,0,False,0,0.0,0.0,0.0
1790803076.094,7.0,67.9,0,24574,0.0,1.0,0,0,0,0,False,0,0.0,0.0,0.0
1790803077.094,17.8,68.3,0,32766,0.0,1.0,0,0,0,0,False,0,0.0,0.0,0.0
1790803078.094,21.4,68.5,0,266219,0.0,8.0,1,0,0,1,False,0,0.0,0.0,0.0
1790803079.094,9.2,67.8,0,225259,0.0,5.0,0,0,0,0,False,0,0.0,0.0,0.0
1790803080.094,6.8,67.8,0,0,0.0,0.0,0,0,0,0,False,0,0.0,0.0,0.0
1790803081.094,7.6,67.8,0,0,0.0,0.0,0,0,0,0,False,0,0.0,0.0,0.0
1790803082.094,7.0,67.8,0,0,0.0,0.0,0,0,0,0,False,0,0.0,0.0,0.0
1790803083.094,6.9,67.8,0,0,0.0,0.0,0,0,0,0,False,0,0.0,0.0,0.0
1790803084.094,7.3,67.8,0,0,0.0,0.0,0,0,0,0,False,0,0.0,0.0,0.0
1790803085.094,7.1,67.8,0,0,0.0,0.0,0,0,0,0,False,0,0.0,0.0,0.0
1790803086.094,6.8,67.8,0,417762,0.0,79.0,0,0,0,0,False,0,0.0,0.0,0.0
1790803087.095,7.7,67.8,0,0,0.0,0.0,0,0,0,0,False,0,0.0,0.0,0.0
1790803088.095,7.1,67.8,0,0,0.0,0.0,0,0,0,0,False,0,0.0,0.0,0.0
1790803089.095,7.3,67.9,0,0,0.0,0.0,0,0,0,0,False,0,0.0,0.0,0.0
1790803090.095,6.9,67.8,0,20478,0.0,2.0,0,0,0,0,False,0,0.0,0.0,0.0
1790803091.095,7.0,67.8,0,0,0.0,0.0,0,0,0,0,False,0,0.0,0.0,0.0
1790803092.095,11.0,67.9,0,73723,0.0,2.0,0,0,0,0,False,0,0.0,0.0,0.0
1790803093.095,6.8,67.8,0,0,0.0,0.0,0,0,0,0,False,0,0.0,0.0,0.0
1790803094.095,9.7,67.7,0,0,0.0,0.0,0,0,0,0,False,0,0.0,0.0,0.0
1790803095.095,6.7,67.7,0,0,0.0,0.0,0,0,0,0,False,0,0.0,0.0,0.0
1790803096.095,7.5,67.7,0,69627,0.0,2.0,0,0,0,0,False,0,0.0,0.0,0.0
1790803097.095,18.0,68.3,0,81914,0.0,3.0,0,0,0,0,False,0,0.0,0.0,0.0
1790803098.095,39.9,69.5,0,32765,0.0,1.0,4,0,0,4,False,0,0.0,0.0,0.0
1790803099.095,59.2,69.9,0,65530,0.0,2.0,3,2,0,3,False,0,0.0,0.0,0.0
1790803100.096,43.3,69.9,0,16383,0.0,1.0,1,1,0,1,False,0,0.0,0.0,0.0
1790803101.096,73.8,70.0,0,0,0.0,0.0,2,2,0,2,False,0,0.0,0.0,0.0
1790803102.096,35.4,69.2,0,19716644,0.0,161.0,1,1,0,1,False,0,0.0,0.0,0.0
1790803103.096,21.1,69.2,0,2109272,0.0,19.0,1,1,0,1,False,0,0.0,0.0,0.0
1790803104.096,23.8,69.2,0,258014,0.0,11.0,1,1,0,1,False,0,0.0,0.0,0.0
1790803105.096,17.5,69.2,0,0,0.0,0.0,1,1,0,1,False,0,0.0,0.0,0.0
1790803106.096,20.9,69.1,0,0,0.0,0.0,1,1,0,1,False,0,0.0,0.0,0.0
1790803107.096,19.9,69.1,0,0,0.0,0.0,1,1,0,1,False,0,0.0,0.0,0.0
1790803108.096,18.3,68.4,0,28670,0.0,2.0,0,0,0,0,False,0,0.0,0.0,0.0
1790803109.096,7.2,68.4,0,225264,0.0,3.0,0,0,0,0,False,0,0.0,0.0,0.0
1790803110.096,6.8,68.4,0,901054,0.0,14.0,0,0,0,0,False,0,0.0,0.0,0.0
1790803111.096,6.8,68.4,0,0,0.0,0.0,0,0,0,0,False,0,0.0,0.0,0.0
1790803112.096,7.8,68.4,0,0,0.0,0.0,0,0,0,0,False,0,0.0,0.0,0.0
1790803113.097,6.9,68.4,0,0,0.0,0.0,0,0,0,0,False,0,0.0,0.0,0.0
1790803114.097,7.4,68.3,0,0,0.0,0.0,0,0,0,0,False,0,0.0,0.0,0.0
1790803115.097,11.8,68.8,0,86010,0.0,3.0,0,0,0,0,False,0,0.0,0.0,0.0
1790803116.097,9.6,69.0,0,139254,0.0,12.0,0,0,0,0,False,0,0.0,0.0,0.0
1790803117.097,7.4,69.0,0,0,0.0,0.0,0,0,0,0,False,0,0.0,0.0,0.0
1790803118.097,6.8,69.0,0,0,0.0,0.0,0,0,0,0,False,0,0.0,0.0,0.0
1790803119.097,6.8,68.8,0,0,0.0,0.0,0,0,0,0,False,0,0.0,0.0,0.0
1790803120.097,7.1,68.7,0,0,0.0,0.0,0,0,0,0,False,0,0.0,0.0,0.0
1790803121.097,7.0,68.7,0,753609,0.0,87.0,0,0,0,0,False,0,0.0,0.0,0.0
1790803122.097,9.8,68.6,0,0,0.0,0.0,0,0,0,0,False,0,0.0,0.0,0.0
1790803123.097,6.8,68.6,0,53244,0.0,3.0,0,0,0,0,False,0,0.0,0.0,0.0
1790803124.097,7.7,68.6,0,1073074,0.0,14.0,0,0,0,0,False,0,0.0,0.0,0.0
1790803125.097,6.5,68.5,0,180211,0.0,5.0,0,0,0,0,False,0,0.0,0.0,0.0
1790803126.097,6.6,68.5,0,0,0.0,0.0,0,0,0,0,False,0,0.0,0.0,0.0
1790803127.098,6.6,68.5,0,0,0.0,0.0,0,0,0,0,False,0,0.0,0.0,0.0
1790803128.098,7.2,68.5,0,0,0.0,0.0,0,0,0,0,False,0,0.0,0.0,0.0
1790803129.098,9.9,68.5,0,0,0.0,0.0,0,0,0,0,False,0,0.0,0.0,0.0
1790803130.098,6.8,68.5,0,49148,0.0,2.0,0,0,0,0,False,0,0.0,0.0,0.0
1790803131.098,6.3,68.5,0,0,0.0,0.0,0,0,0,0,False,0,0.0,0.0,0.0
1790803132.098,7.5,68.5,0,0,0.0,0.0,0,0,0,0,False,0,0.0,0.0,0.0
1790803133.098,6.7,68.4,0,49148,0.0,3.0,0,0,0,0,False,0,0.0,0.0,0.0
1790803134.098,10.5,68.8,0,2948899,0.0,29.0,0,0,0,0,False,0,0.0,0.0,0.0
1790803135.098,6.7,68.8,0,0,0.0,0.0,0,0,0,0,False,0,0.0,0.0,0.0
1790803136.098,7.3,68.7,0,0,0.0,0.0,0,0,0,0,False,0,0.0,0.0,0.0
1790803137.098,7.1,68.7,0,90106,0.0,2.0,0,0,0,0,False,0,0.0,0.0,0.0
1790803138.098,6.7,68.7,0,0,0.0,0.0,0,0,0,0,False,0,0.0,0.0,0.0
1790803139.098,7.0,68.7,0,0,0.0,0.0,0,0,0,0,False,0,0.0,0.0,0.0
1790803140.098,6.6,68.7,0,0,0.0,0.0,0,0,0,0,False,0,0.0,0.0,0.0
1790803141.099,7.9,68.7,0,12287,0.0,3.0,0,0,0,0,False,0,0.0,0.0,0.0
1790803142.099,16.1,68.9,0,98301,0.0,5.0,0,0,0,0,False,0,0.0,0.0,0.0
1790803143.099,22.3,69.3,0,24574,0.0,1.0,1,0,0,1,False,0,0.0,0.0,0.0
1790803144.099,10.5,68.6,0,266219,0.0,7.0,0,0,0,0,False,0,0.0,0.0,0.0
1790803145.099,8.1,68.2,0,172019,0.0,23.0,0,0,0,0,False,0,0.0,0.0,0.0
1790803146.099,6.7,68.2,0,0,0.0,0.0,0,0,0,0,False,0,0.0,0.0,0.0
1790803147.099,7.1,68.2,0,0,0.0,0.0,0,0,0,0,False,0,0.0,0.0,0.0
1790803148.099,7.3,68.3,0,0,0.0,0.0,0,0,0,0,False,0,0.0,0.0,0.0
1790803149.099,11.4,68.7,0,1585038,0.0,20.0,0,0,0,0,False,0,0.0,0.0,0.0
1790803150.099,10.5,68.9,0,106485,0.0,6.0,0,0,0,0,False,0,0.0,0.0,0.0
1790803151.099,7.8,69.0,0,57340,0.0,6.0,0,0,0,0,False,0,0.0,0.0,0.0
1790803152.099,7.5,69.0,0,0,0.0,0.0,0,0,0,0,False,0,0.0,0.0,0.0
1790803153.099,6.6,68.9,0,0,0.0,0.0,0,0,0,0,False,0,0.0,0.0,0.0
1790803154.100,6.9,68.9,0,389092,0.0,77.0,0,0,0,0,False,0,0.0,0.0,0.0
1790803155.100,6.9,68.8,0,0,0.0,0.0,0,0,0,0,False,0,0.0,0.0,0.0
1790803156.100,7.1,68.8,0,0,0.0,0.0,0,0,0,0,False,0,0.0,0.0,0.0
1790803157.100,6.7,68.8,0,36861,0.0,2.0,0,0,0,0,False,0,0.0,0.0,0.0
1790803158.100,10.2,68.8,0,176115,0.0,4.0,0,0,0,0,False,0,0.0,0.0,0.0
1790803159.100,14.5,56.1,0,0,0.0,0.0,0,0,0,0,False,0,0.0,0.0,0.0
1790803160.100,7.1,56.1,0,0,0.0,0.0,0,0,0,0,False,0,0.0,0.0,0.0
1790803161.100,6.9,56.0,0,0,0.0,0.0,0,0,0,0,False,0,0.0,0.0,0.0
1790803162.100,10.4,56.0,0,0,0.0,0.0,0,0,0,0,False,0,0.0,0.0,0.0
1790803163.100,6.9,56.0,0,16383,0.0,1.0,0,0,0,0,False,0,0.0,0.0,0.0
1790803164.100,7.6,55.8,0,3116809,0.0,35.0,0,0,0,0,False,0,0.0,0.0,0.0
1790803165.100,7.0,55.9,0,1003443,0.0,13.0,0,0,0,0,False,0,0.0,0.0,0.0
1790803166.100,7.4,55.8,0,0,0.0,0.0,0,0,0,0,False,0,0.0,0.0,0.0
1790803167.101,7.4,55.8,0,0,0.0,0.0,0,0,0,0,False,0,0.0,0.0,0.0
1790803168.101,6.9,55.8,0,0,0.0,0.0,0,0,0,0,False,0,0.0,0.0,0.0
1790803169.101,6.8,55.9,0,1298331,0.0,12.0,0,0,0,0,False,0,0.0,0.0,0.0
1790803170.101,7.1,55.9,0,0,0.0,0.0,0,0,0,0,False,0,0.0,0.0,0.0
1790803171.101,7.5,55.9,0,0,0.0,0.0,0,0,0,0,False,0,0.0,0.0,0.0
1790803172.101,6.9,56.0,0,94201,0.0,11.0,0,0,0,0,False,0,0.0,0.0,0.0
1790803173.101,7.9,56.0,0,188403,0.0,9.0,0,0,0,0,False,0,0.0,0.0,0.0
1790803174.101,9.7,55.9,0,28670,0.0,1.0,0,0,0,0,False,0,0.0,0.0,0.0
1790803175.101,6.6,55.9,0,163828,0.0,11.0,0,0,0,0,False,0,0.0,0.0,0.0
1790803176.101,8.9,55.9,0,0,0.0,0.0,0,0,0,0,False,0,0.0,0.0,0.0
1790803177.101,6.9,55.9,0,0,0.0,0.0,0,0,0,0,False,0,0.0,0.0,0.0
1790803178.101,7.1,55.9,0,135157,0.0,17.0,0,0,0,0,False,0,0.0,0.0,0.0
1790803179.101,8.7,55.2,0,0,0.0,0.0,0,0,0,0,False,0,0.0,0.0,0.0
1790803180.102,6.6,55.2,0,40957,0.0,6.0,0,0,0,0,False,0,0.0,0.0,0.0
1790803181.102,7.4,55.1,0,0,0.0,0.0,0,0,0,0,False,0,0.0,0.0,0.0
1790803182.102,7.0,55.1,0,4096,0.0,1.0,0,0,0,0,False,0,0.0,0.0,0.0
1790803183.102,7.1,55.1,0,131062,0.0,4.0,0,0,0,0,False,0,0.0,0.0,0.0
1790803184.102,8.4,55.1,0,4096,0.0,1.0,0,0,0,0,False,0,0.0,0.0,0.0
1790803185.102,7.4,55.2,0,1314722,0.0,11.0,0,0,0,0,False,0,0.0,0.0,0.0
1790803186.102,7.3,55.2,0,0,0.0,0.0,0,0,0,0,False,0,0.0,0.0,0.0
1790803187.102,10.3,55.2,0,282604,0.0,56.0,0,0,0,0,False,0,0.0,0.0,0.0
1790803188.102,6.9,55.2,0,0,0.0,0.0,0,0,0,0,False,0,0.0,0.0,0.0
1790803189.102,6.5,55.2,0,73722,0.0,2.0,0,0,0,0,False,0,0.0,0.0,0.0
1790803190.104,6.6,55.2,0,0,0.0,0.0,0,0,0,0,False,0,0.0,0.0,0.0
1790803191.104,9.3,55.2,0,0,0.0,0.0,0,0,0,0,False,0,0.0,0.0,0.0
1790803192.104,7.1,55.2,0,0,0.0,0.0,0,0,0,0,False,0,0.0,0.0,0.0
1790803193.104,7.5,55.3,0,0,0.0,0.0,0,0,0,0,False,0,0.0,0.0,0.0
1790803194.104,8.6,55.8,0,12287,0.0,2.0,0,0,0,0,False,0,0.0,0.0,0.0
1790803195.104,14.2,56.5,4096,3190554,1.0,36.0,0,0,0,0,False,0,0.0,0.0,0.0
1790803196.104,8.7,56.7,0,81914,0.0,6.0,0,0,0,0,False,0,0.0,0.0,0.0
1790803197.104,7.7,56.6,0,77818,0.0,6.0,0,0,0,0,False,0,0.0,0.0,0.0
1790803198.104,7.4,56.6,0,0,0.0,0.0,0,0,0,0,False,0,0.0,0.0,0.0
1790803199.104,6.8,56.6,0,0,0.0,0.0,0,0,0,0,False,0,0.0,0.0,0.0
1790803200.105,6.6,56.5,0,0,0.0,0.0,0,0,0,0,False,0,0.0,0.0,0.0
1790803201.105,6.7,56.6,0,0,0.0,0.0,0,0,0,0,False,0,0.0,0.0,0.0
1790803202.105,6.8,56.5,0,0,0.0,0.0,0,0,0,0,False,0,0.0,0.0,0.0
1790803203.105,9.7,56.5,0,20479,0.0,2.0,0,0,0,0,False,0,0.0,0.0,0.0
1790803204.105,6.9,56.4,57340,53244,9.0,9.0,0,0,0,0,False,0,0.0,0.0,0.0
1790803205.105,6.6,56.4,0,0,0.0,0.0,0,0,0,0,False,0,0.0,0.0,0.0
1790803206.105,6.6,56.3,0,0,0.0,0.0,0,0,0,0,False,0,0.0,0.0,0.0
1790803207.105,7.5,56.3,0,0,0.0,0.0,0,0,0,0,False,0,0.0,0.0,0.0
1790803208.105,6.7,56.2,0,0,0.0,0.0,0,0,0,0,False,0,0.0,0.0,0.0
1790803209.105,6.6,56.2,0,122871,0.0,13.0,0,0,0,0,False,0,0.0,0.0,0.0
1790803210.105,6.8,56.2,0,0,0.0,0.0,0,0,0,0,False,0,0.0,0.0,0.0
1790803211.105,7.2,56.2,0,0,0.0,0.0,0,0,0,0,False,0,0.0,0.0,0.0
1790803212.105,6.6,56.2,0,0,0.0,0.0,0,0,0,0,False,0,0.0,0.0,0.0
1790803213.105,7.0,56.1,0,225263,0.0,12.0,0,0,0,0,False,0,0.0,0.0,0.0
1790803214.106,6.9,56.2,0,217072,0.0,4.0,0,0,0,0,False,0,0.0,0.0,0.0
1790803215.106,6.9,56.1,0,0,0.0,0.0,0,0,0,0,False,0,0.0,0.0,0.0
1790803216.106,7.1,56.1,0,1490838,0.0,18.0,0,0,0,0,False,0,0.0,0.0,0.0
1790803217.106,6.9,56.1,0,0,0.0,0.0,0,0,0,0,False,0,0.0,0.0,0.0
1790803218.106,6.5,56.1,0,1236899,0.0,10.0,0,0,0,0,False,0,0.0,0.0,0.0
1790803219.106,9.1,56.1,0,102392,0.0,2.0,0,0,0,0,False,0,0.0,0.0,0.0
1790803220.106,7.8,56.0,0,335848,0.0,72.0,0,0,0,0,False,0,0.0,0.0,0.0
1790803221.106,7.5,56.0,0,0,0.0,0.0,0,0,0,0,False,0,0.0,0.0,0.0
1790803222.106,6.9,56.0,0,0,0.0,0.0,0,0,0,0,False,0,0.0,0.0,0.0
1790803223.106,6.8,56.0,0,0,0.0,0.0,0,0,0,0,False,0,0.0,0.0,0.0
1790803224.106,7.6,56.0,0,0,0.0,0.0,0,0,0,0,False,0,0.0,0.0,0.0
1790803225.106,7.4,55.9,0,294891,0.0,34.0,0,0,0,0,False,0,0.0,0.0,0.0
1790803226.106,11.4,55.8,0,2301790,0.0,31.0,0,0,0,0,False,0,0.0,0.0,0.0
1790803227.106,6.8,55.8,0,0,0.0,0.0,0,0,0,0,False,0,0.0,0.0,0.0
1790803228.107,7.2,55.8,0,0,0.0,0.0,0,0,0,0,False,0,0.0,0.0,0.0
1790803229.107,7.1,55.8,0,0,0.0,0.0,0,0,0,0,False,0,0.0,0.0,0.0
1790803230.107,6.7,55.8,0,73723,0.0,2.0,0,0,0,0,False,0,0.0,0.0,0.0
1790803231.107,6.7,55.8,0,1314721,0.0,11.0,0,0,0,0,False,0,0.0,0.0,0.0
1790803232.107,7.0,55.8,0,0,0.0,0.0,0,0,0,0,False,0,0.0,0.0,0.0
1790803233.107,9.7,55.8,0,4096,0.0,1.0,0,0,0,0,False,0,0.0,0.0,0.0
1790803234.107,7.3,55.5,0,0,0.0,0.0,0,0,0,0,False,0,0.0,0.0,0.0
1790803235.107,6.8,55.5,0,8191,0.0,2.0,0,0,0,0,False,0,0.0,0.0,0.0
1790803236.107,6.8,55.5,0,24574,0.0,4.0,0,0,0,0,False,0,0.0,0.0,0.0
1790803237.107,8.0,55.5,0,77819,0.0,2.0,0,0,0,0,False,0,0.0,0.0,0.0
1790803238.107,7.2,55.5,0,675789,0.0,83.0,0,0,0,0,False,0,0.0,0.0,0.0
1790803239.107,6.7,55.5,0,0,0.0,0.0,0,0,0,0,False,0,0.0,0.0,0.0
1790803240.107,6.8,55.5,0,1236902,0.0,10.0,0,0,0,0,False,0,0.0,0.0,0.0
1790803241.107,7.0,55.6,0,0,0.0,0.0,0,0,0,0,False,0,0.0,0.0,0.0
1790803242.108,8.0,55.5,0,0,0.0,0.0,0,0,0,0,False,0,0.0,0.0,0.0
1790803243.108,6.6,55.5,0,0,0.0,0.0,0,0,0,0,False,0,0.0,0.0,0.0
1790803244.108,9.6,55.6,0,98297,0.0,2.0,0,0,0,0,False,0,0.0,0.0,0.0
1790803245.108,6.6,55.6,0,0,0.0,0.0,0,0,0,0,False,0,0.0,0.0,0.0
1790803246.108,7.6,55.6,0,0,0.0,0.0,0,0,0,0,False,0,0.0,0.0,0.0
1790803247.108,7.1,55.6,0,0,0.0,0.0,0,0,0,0,False,0,0.0,0.0,0.0
1790803248.108,7.1,55.6,0,393187,0.0,5.0,0,0,0,0,False,0,0.0,0.0,0.0
1790803249.108,6.9,55.6,0,0,0.0,0.0,0,0,0,0,False,0,0.0,0.0,0.0
1790803250.108,10.2,55.8,0,0,0.0,0.0,0,0,0,0,False,0,0.0,0.0,0.0
1790803251.108,8.3,55.7,0,0,0.0,0.0,0,0,0,0,False,0,0.0,0.0,0.0
1790803252.108,8.8,56.0,0,229359,0.0,12.0,0,0,0,0,False,0,0.0,0.0,0.0
1790803253.108,7.0,55.9,0,0,0.0,0.0,0,0,0,0,False,0,0.0,0.0,0.0
1790803254.108,8.4,56.4,0,0,0.0,0.0,0,0,0,0,False,0,0.0,0.0,0.0
1790803255.108,6.9,56.3,0,0,0.0,0.0,0,0,0,0,False,0,0.0,0.0,0.0
1790803256.109,6.7,56.2,0,425953,0.0,68.0,0,0,0,0,False,0,0.0,0.0,0.0
1790803257.109,6.5,56.3,0,2965324,0.0,30.0,0,0,0,0,False,0,0.0,0.0,0.0
1790803258.109,6.4,56.2,0,0,0.0,0.0,0,0,0,0,False,0,0.0,0.0,0.0
1790803259.109,6.8,56.2,0,0,0.0,0.0,0,0,0,0,False,0,0.0,0.0,0.0
1790803260.109,6.5,56.1,0,0,0.0,0.0,0,0,0,0,False,0,0.0,0.0,0.0
1790803261.109,6.9,56.2,0,0,0.0,0.0,0,0,0,0,False,0,0.0,0.0,0.0
1790803262.109,6.9,56.2,0,0,0.0,0.0,0,0,0,0,False,0,0.0,0.0,0.0
1790803263.109,6.6,56.2,0,40957,0.0,2.0,0,0,0,0,False,0,0.0,0.0,0.0
1790803264.109,10.5,56.2,0,1077168,0.0,13.0,0,0,0,0,False,0,0.0,0.0,0.0
1790803265.109,9.4,56.2,0,0,0.0,0.0,0,0,0,0,False,0,0.0,0.0,0.0
1790803266.109,6.8,56.2,0,0,0.0,0.0,0,0,0,0,False,0,0.0,0.0,0.0
1790803267.109,6.5,56.1,0,12287,0.0,3.0,0,0,0,0,False,0,0.0,0.0,0.0
1790803268.109,7.3,56.1,0,0,0.0,0.0,0,0,0,0,False,0,0.0,0.0,0.0
1790803269.109,6.7,56.1,0,0,0.0,0.0,0,0,0,0,False,0,0.0,0.0,0.0
1790803270.110,6.7,56.1,0,1286048,0.0,12.0,0,0,0,0,False,0,0.0,0.0,0.0
1790803271.110,7.0,56.1,0,0,0.0,0.0,0,0,0,0,False,0,0.0,0.0,0.0
1790803272.110,7.1,56.1,0,8191,0.0,1.0,0,0,0,0,False,0,0.0,0.0,0.0
1790803273.110,6.9,56.0,0,0,0.0,0.0,0,0,0,0,False,0,0.0,0.0,0.0
1790803274.110,7.2,55.9,0,0,0.0,0.0,0,0,0,0,False,0,0.0,0.0,0.0
1790803275.110,6.6,55.9,0,69627,0.0,2.0,0,0,0,0,False,0,0.0,0.0,0.0
1790803276.110,6.5,55.9,0,0,0.0,0.0,0,0,0,0,False,0,0.0,0.0,0.0
1790803277.110,7.0,55.9,0,0,0.0,0.0,0,0,0,0,False,0,0.0,0.0,0.0
1790803278.110,7.4,55.9,0,0,0.0,0.0,0,0,0,0,False,0,0.0,0.0,0.0
1790803279.110,6.4,55.9,0,0,0.0,0.0,0,0,0,0,False,0,0.0,0.0,0.0
1790803280.110,7.3,55.8,0,81914,0.0,10.0,0,0,0,0,False,0,0.0,0.0,0.0
1790803281.110,6.8,55.5,0,0,0.0,0.0,0,0,0,0,False,0,0.0,0.0,0.0
1790803282.110,7.2,55.5,0,1322913,0.0,13.0,0,0,0,0,False,0,0.0,0.0,0.0
1790803283.110,7.1,55.5,0,49148,0.0,4.0,0,0,0,0,False,0,0.0,0.0,0.0
1790803284.111,7.5,55.5,0,0,0.0,0.0,0,0,0,0,False,0,0.0,0.0,0.0
1790803285.111,6.6,55.5,0,0,0.0,0.0,0,0,0,0,False,0,0.0,0.0,0.0
1790803286.111,9.3,55.5,0,12287,0.0,2.0,0,0,0,0,False,0,0.0,0.0,0.0
1790803287.111,7.8,55.5,0,2965287,0.0,67.0,0,0,0,0,False,0,0.0,0.0,0.0
1790803288.111,6.7,55.4,0,0,0.0,0.0,0,0,0,0,False,0,0.0,0.0,0.0
1790803289.111,6.9,55.4,0,4096,0.0,1.0,0,0,0,0,False,0,0.0,0.0,0.0
1790803290.111,6.9,55.4,0,413666,0.0,5.0,0,0,0,0,False,0,0.0,0.0,0.0
1790803291.111,6.9,55.4,0,4096,0.0,1.0,0,0,0,0,False,0,0.0,0.0,0.0
1790803292.111,6.9,55.4,0,0,0.0,0.0,0,0,0,0,False,0,0.0,0.0,0.0
1790803293.111,9.9,55.3,0,0,0.0,0.0,0,0,0,0,False,0,0.0,0.0,0.0
1790803294.111,7.6,55.3,0,0,0.0,0.0,0,0,0,0,False,0,0.0,0.0,0.0
1790803295.111,6.6,55.3,0,53244,0.0,2.0,0,0,0,0,False,0,0.0,0.0,0.0
1790803296.111,7.4,55.3,0,0,0.0,0.0,0,0,0,0,False,0,0.0,0.0,0.0
1790803297.111,6.7,55.3,0,0,0.0,0.0,0,0,0,0,False,0,0.0,0.0,0.0
1790803298.112,7.0,55.3,0,0,0.0,0.0,0,0,0,0,False,0,0.0,0.0,0.0
1790803299.112,6.9,55.3,0,24575,0.0,4.0,0,0,0,0,False,0,0.0,0.0,0.0
1790803300.112,7.1,55.3,0,0,0.0,0.0,0,0,0,0,False,0,0.0,0.0,0.0
1790803301.112,7.9,55.4,0,0,0.0,0.0,0,0,0,0,False,0,0.0,0.0,0.0
1790803302.112,7.3,55.4,0,12287,0.0,2.0,0,0,0,0,False,0,0.0,0.0,0.0
1790803303.112,9.5,55.4,0,4096,0.0,1.0,0,0,0,0,False,0,0.0,0.0,0.0
1790803304.112,7.3,55.4,0,0,0.0,0.0,0,0,0,0,False,0,0.0,0.0,0.0
1790803305.112,6.9,55.4,0,0,0.0,0.0,0,0,0,0,False,0,0.0,0.0,0.0
1790803306.112,7.3,55.4,0,0,0.0,0.0,0,0,0,0,False,0,0.0,0.0,0.0
1790803307.112,7.4,55.3,0,0,0.0,0.0,0,0,0,0,False,0,0.0,0.0,0.0
1790803308.112,7.0,55.4,0,0,0.0,0.0,0,0,0,0,False,0,0.0,0.0,0.0
1790803309.112,6.9,55.4,0,0,0.0,0.0,0,0,0,0,False,0,0.0,0.0,0.0
1790803310.112,8.2,55.4,0,106488,0.0,12.0,0,0,0,0,False,0,0.0,0.0,0.0
1790803311.112,7.3,55.3,0,0,0.0,0.0,0,0,0,0,False,0,0.0,0.0,0.0
1790803312.113,7.1,55.3,0,0,0.0,0.0,0,0,0,0,False,0,0.0,0.0,0.0
1790803313.113,10.6,55.4,0,32767,0.0,1.0,0,0,0,0,False,0,0.0,0.0,0.0
1790803314.113,27.5,56.1,0,0,0.0,0.0,0,0,0,0,False,0,0.0,0.0,0.0
1790803315.113,35.4,55.5,0,49148,0.0,2.0,0,0,0,0,False,0,0.0,0.0,0.0
1790803316.113,6.8,55.6,0,0,0.0,0.0,0,0,0,0,False,0,0.0,0.0,0.0
1790803317.113,7.3,55.5,0,16383,0.0,1.0,0,0,0,0,False,0,0.0,0.0,0.0
1790803318.113,6.7,55.5,0,1941366,0.0,19.0,0,0,0,0,False,0,0.0,0.0,0.0
1790803319.113,17.6,55.8,0,245742,0.0,5.0,0,0,0,0,False,0,0.0,0.0,0.0
1790803320.113,34.7,56.2,0,0,0.0,0.0,3,0,0,3,False,0,0.0,0.0,0.0
1790803321.113,48.0,56.4,0,86009,0.0,20.0,2,2,0,2,False,0,0.0,0.0,0.0
1790803322.113,29.3,57.6,0,14773025,0.0,121.0,1,1,0,1,False,0,0.0,0.0,0.0
1790803323.113,71.2,63.0,0,16383,0.0,1.0,0,0,0,0,False,0,0.0,0.0,0.0
1790803324.113,7.3,63.0,0,0,0.0,0.0,0,0,0,0,False,0,0.0,0.0,0.0
1790803325.113,6.9,62.9,0,638930,0.0,6.0,0,0,0,0,False,0,0.0,0.0,0.0
1790803326.114,6.7,62.9,0,0,0.0,0.0,0,0,0,0,False,0,0.0,0.0,0.0
1790803327.114,6.6,62.9,8191,9579841,2.0,74.0,0,0,0,0,False,0,0.0,0.0,0.0
1790803328.114,6.9,62.8,0,0,0.0,0.0,0,0,0,0,False,0,0.0,0.0,0.0
1790803329.114,9.0,62.8,0,0,0.0,0.0,0,0,0,0,False,0,0.0,0.0,0.0
1790803330.114,7.7,62.7,0,630729,0.0,11.0,0,0,0,0,False,0,0.0,0.0,0.0
1790803331.114,7.6,62.7,0,0,0.0,0.0,0,0,0,0,False,0,0.0,0.0,0.0
1790803332.114,6.6,62.7,0,0,0.0,0.0,0,0,0,0,False,0,0.0,0.0,0.0
1790803333.114,6.9,62.6,0,61435,0.0,2.0,0,0,0,0,False,0,0.0,0.0,0.0
1790803334.114,7.5,62.6,0,0,0.0,0.0,0,0,0,0,False,0,0.0,0.0,0.0
1790803335.114,6.5,62.7,0,0,0.0,0.0,0,0,0,0,False,0,0.0,0.0,0.0
1790803336.114,6.7,62.6,0,0,0.0,0.0,0,0,0,0,False,0,0.0,0.0,0.0
1790803337.114,6.7,62.7,0,0,0.0,0.0,0,0,0,0,False,0,0.0,0.0,0.0
1790803338.115,6.8,62.6,0,0,0.0,0.0,0,0,0,0,False,0,0.0,0.0,0.0
1790803339.115,6.8,62.5,0,0,0.0,0.0,0,0,0,0,False,0,0.0,0.0,0.0
1790803340.115,7.7,62.5,0,0,0.0,0.0,0,0,0,0,False,0,0.0,0.0,0.0
1790803341.115,7.0,62.5,0,0,0.0,0.0,0,0,0,0,False,0,0.0,0.0,0.0
1790803342.115,9.1,62.4,0,0,0.0,0.0,0,0,0,0,False,0,0.0,0.0,0.0
1790803343.115,6.9,62.4,0,12647510,0.0,99.0,0,0,0,0,False,0,0.0,0.0,0.0
1790803344.115,7.0,62.3,0,0,0.0,0.0,0,0,0,0,False,0,0.0,0.0,0.0
1790803345.115,7.8,62.2,0,77818,0.0,2.0,0,0,0,0,False,0,0.0,0.0,0.0
1790803346.115,6.8,62.2,0,0,0.0,0.0,0,0,0,0,False,0,0.0,0.0,0.0
1790803347.115,6.8,62.2,0,0,0.0,0.0,0,0,0,0,False,0,0.0,0.0,0.0
1790803348.115,6.8,62.2,0,12581976,0.0,96.0,0,0,0,0,False,0,0.0,0.0,0.0
1790803349.115,7.2,62.1,0,1785729,0.0,18.0,0,0,0,0,False,0,0.0,0.0,0.0
1790803350.115,7.3,62.1,0,69627,0.0,3.0,0,0,0,0,False,0,0.0,0.0,0.0
1790803351.115,6.8,62.1,0,0,0.0,0.0,0,0,0,0,False,0,0.0,0.0,0.0
1790803352.116,6.8,62.1,0,0,0.0,0.0,0,0,0,0,False,0,0.0,0.0,0.0
1790803353.116,6.8,62.1,0,0,0.0,0.0,0,0,0,0,False,0,0.0,0.0,0.0
1790803354.116,8.0,61.8,0,0,0.0,0.0,0,0,0,0,False,0,0.0,0.0,0.0
1790803355.116,6.9,61.7,0,647116,0.0,71.0,0,0,0,0,False,0,0.0,0.0,0.0
1790803356.116,9.1,61.7,0,40957,0.0,2.0,0,0,0,0,False,0,0.0,0.0,0.0
1790803357.116,6.7,61.7,0,0,0.0,0.0,0,0,0,0,False,0,0.0,0.0,0.0
1790803358.116,6.8,61.7,0,0,0.0,0.0,0,0,0,0,False,0,0.0,0.0,0.0
1790803359.116,6.9,61.6,0,12287,0.0,3.0,0,0,0,0,False,0,0.0,0.0,0.0
1790803360.116,10.0,61.7,0,0,0.0,0.0,0,0,0,0,False,0,0.0,0.0,0.0
1790803361.116,7.1,61.6,0,24574,0.0,4.0,0,0,0,0,False,0,0.0,0.0,0.0
1790803362.116,6.7,61.6,0,0,0.0,0.0,0,0,0,0,False,0,0.0,0.0,0.0
1790803363.116,6.9,61.6,0,0,0.0,0.0,0,0,0,0,False,0,0.0,0.0,0.0
1790803364.116,7.1,61.7,0,4096,0.0,1.0,0,0,0,0,False,0,0.0,0.0,0.0
1790803365.117,6.7,61.7,0,32766,0.0,2.0,0,0,0,0,False,0,0.0,0.0,0.0
1790803366.117,6.8,61.7,0,0,0.0,0.0,0,0,0,0,False,0,0.0,0.0,0.0
1790803367.117,7.9,61.7,0,0,0.0,0.0,0,0,0,0,False,0,0.0,0.0,0.0
1790803368.117,6.7,61.6,0,0,0.0,0.0,0,0,0,0,False,0,0.0,0.0,0.0
1790803369.117,6.8,61.6,0,0,0.0,0.0,0,0,0,0,False,0,0.0,0.0,0.0
1790803370.117,6.8,61.6,0,16383,0.0,2.0,0,0,0,0,False,0,0.0,0.0,0.0
1790803371.117,7.1,61.6,0,0,0.0,0.0,0,0,0,0,False,0,0.0,0.0,0.0
1790803372.117,7.6,61.6,0,0,0.0,0.0,0,0,0,0,False,0,0.0,0.0,0.0
1790803373.117,7.4,61.6,0,12287,0.0,2.0,0,0,0,0,False,0,0.0,0.0,0.0
1790803374.117,15.4,62.0,0,19438179,0.0,175.0,0,0,0,0,False,0,0.0,0.0,0.0
1790803375.117,7.4,62.0,0,0,0.0,0.0,0,0,0,0,False,0,0.0,0.0,0.0
1790803376.117,7.0,62.0,0,0,0.0,0.0,0,0,0,0,False,0,0.0,0.0,0.0
1790803377.117,6.8,62.0,0,0,0.0,0.0,0,0,0,0,False,0,0.0,0.0,0.0
1790803378.117,7.2,62.0,0,42939475,0.0,329.0,0,0,0,0,False,0,0.0,0.0,0.0
1790803379.118,7.0,61.9,0,3038969,0.0,30.0,0,0,0,0,False,0,0.0,0.0,0.0
1790803380.118,6.9,61.9,0,0,0.0,0.0,0,0,0,0,False,0,0.0,0.0,0.0
1790803381.118,7.3,62.0,0,937911,0.0,12.0,0,0,0,0,False,0,0.0,0.0,0.0
1790803382.118,7.2,62.0,0,0,0.0,0.0,0,0,0,0,False,0,0.0,0.0,0.0
1790803383.118,7.0,61.9,0,0,0.0,0.0,0,0,0,0,False,0,0.0,0.0,0.0
1790803384.118,7.9,61.9,0,86009,0.0,10.0,0,0,0,0,False,0,0.0,0.0,0.0
1790803385.118,6.6,61.9,0,0,0.0,0.0,0,0,0,0,False,0,0.0,0.0,0.0
1790803386.118,6.7,61.9,0,0,0.0,0.0,0,0,0,0,False,0,0.0,0.0,0.0
1790803387.118,6.5,61.8,0,352230,0.0,71.0,0,0,0,0,False,0,0.0,0.0,0.0
1790803388.118,7.0,61.8,0,0,0.0,0.0,0,0,0,0,False,0,0.0,0.0,0.0
1790803389.118,6.9,61.8,0,0,0.0,0.0,0,0,0,0,False,0,0.0,0.0,0.0
1790803390.118,10.4,61.8,0,12287,0.0,2.0,0,0,0,0,False,0,0.0,0.0,0.0
1790803391.118,6.8,61.8,0,0,0.0,0.0,0,0,0,0,False,0,0.0,0.0,0.0
1790803392.119,7.2,61.8,0,12287,0.0,3.0,0,0,0,0,False,0,0.0,0.0,0.0
1790803393.119,8.5,61.8,0,0,0.0,0.0,0,0,0,0,False,0,0.0,0.0,0.0
1790803394.119,6.8,61.8,0,0,0.0,0.0,0,0,0,0,False,0,0.0,0.0,0.0
1790803395.119,7.1,61.8,0,0,0.0,0.0,0,0,0,0,False,0,0.0,0.0,0.0
1790803396.119,6.9,61.8,0,16383,0.0,2.0,0,0,0,0,False,0,0.0,0.0,0.0
1790803397.119,6.6,61.8,0,0,0.0,0.0,0,0,0,0,False,0,0.0,0.0,0.0
1790803398.119,6.5,61.8,0,0,0.0,0.0,0,0,0,0,False,0,0.0,0.0,0.0
1790803399.119,6.3,61.8,0,0,0.0,0.0,0,0,0,0,False,0,0.0,0.0,0.0
1790803400.119,7.0,61.8,0,0,0.0,0.0,0,0,0,0,False,0,0.0,0.0,0.0
1790803401.119,6.5,61.8,0,0,0.0,0.0,0,0,0,0,False,0,0.0,0.0,0.0
1790803402.119,6.7,61.8,0,0,0.0,0.0,0,0,0,0,False,0,0.0,0.0,0.0
1790803403.119,7.1,61.9,0,0,0.0,0.0,0,0,0,0,False,0,0.0,0.0,0.0
1790803404.119,10.0,61.8,0,16383,0.0,1.0,0,0,0,0,False,0,0.0,0.0,0.0
1790803405.120,6.5,61.8,0,32766,0.0,4.0,0,0,0,0,False,0,0.0,0.0,0.0
1790803406.120,6.5,61.7,0,0,0.0,0.0,0,0,0,0,False,0,0.0,0.0,0.0
1790803407.120,6.6,61.7,0,0,0.0,0.0,0,0,0,0,False,0,0.0,0.0,0.0
1790803408.120,7.9,61.8,0,0,0.0,0.0,0,0,0,0,False,0,0.0,0.0,0.0
1790803409.120,7.0,61.6,0,0,0.0,0.0,0,0,0,0,False,0,0.0,0.0,0.0
1790803410.120,6.9,61.6,0,2723640,0.0,30.0,0,0,0,0,False,0,0.0,0.0,0.0
1790803411.120,7.4,61.6,0,0,0.0,0.0,0,0,0,0,False,0,0.0,0.0,0.0
1790803412.120,6.7,61.6,0,0,0.0,0.0,0,0,0,0,False,0,0.0,0.0,0.0
1790803413.120,6.6,61.6,0,0,0.0,0.0,0,0,0,0,False,0,0.0,0.0,0.0
1790803414.120,7.0,61.6,0,0,0.0,0.0,0,0,0,0,False,0,0.0,0.0,0.0
1790803415.120,6.7,61.6,0,0,0.0,0.0,0,0,0,0,False,0,0.0,0.0,0.0
1790803416.120,12.2,62.2,0,81914,0.0,3.0,0,0,0,0,False,0,0.0,0.0,0.0
1790803417.120,12.2,62.5,0,139254,0.0,12.0,0,0,0,0,False,0,0.0,0.0,0.0
1790803418.120,12.0,62.6,0,32766,0.0,1.0,0,0,0,0,False,0,0.0,0.0,0.0
1790803419.121,25.2,63.1,0,0,0.0,0.0,0,0,0,0,False,0,0.0,0.0,0.0
1790803420.121,39.9,63.2,0,86012,0.0,21.0,1,1,0,1,False,0,0.0,0.0,0.0
1790803421.121,20.4,62.7,0,49148,0.0,2.0,0,0,0,0,False,0,0.0,0.0,0.0
1790803422.121,6.9,62.7,0,0,0.0,0.0,0,0,0,0,False,0,0.0,0.0,0.0
1790803423.121,6.8,62.7,0,1056688,0.0,17.0,0,0,0,0,False,0,0.0,0.0,0.0
1790803424.121,7.0,62.7,0,0,0.0,0.0,0,0,0,0,False,0,0.0,0.0,0.0
1790803425.121,9.1,62.6,0,0,0.0,0.0,0,0,0,0,False,0,0.0,0.0,0.0
1790803426.121,7.8,62.6,0,0,0.0,0.0,0,0,0,0,False,0,0.0,0.0,0.0
1790803427.121,6.9,62.5,0,0,0.0,0.0,0,0,0,0,False,0,0.0,0.0,0.0
1790803428.121,6.7,62.5,0,0,0.0,0.0,0,0,0,0,False,0,0.0,0.0,0.0
1790803429.121,6.6,62.4,0,0,0.0,0.0,0,0,0,0,False,0,0.0,0.0,0.0
1790803430.121,6.8,62.4,0,0,0.0,0.0,0,0,0,0,False,0,0.0,0.0,0.0
1790803431.121,7.6,62.4,0,0,0.0,0.0,0,0,0,0,False,0,0.0,0.0,0.0
1790803432.121,6.9,62.4,0,0,0.0,0.0,0,0,0,0,False,0,0.0,0.0,0.0
1790803433.122,7.1,62.4,0,0,0.0,0.0,0,0,0,0,False,0,0.0,0.0,0.0
1790803434.122,8.5,62.8,0,0,0.0,0.0,0,0,0,0,False,0,0.0,0.0,0.0
1790803435.122,7.1,62.7,0,16383,0.0,1.0,0,0,0,0,False,0,0.0,0.0,0.0
1790803436.122,7.5,62.7,0,49148,0.0,2.0,0,0,0,0,False,0,0.0,0.0,0.0
1790803437.122,7.0,62.7,0,0,0.0,0.0,0,0,0,0,False,0,0.0,0.0,0.0
1790803438.122,7.0,62.7,0,0,0.0,0.0,0,0,0,0,False,0,0.0,0.0,0.0
1790803439.122,9.3,62.7,0,86010,0.0,10.0,0,0,0,0,False,0,0.0,0.0,0.0
1790803440.122,7.5,62.6,0,0,0.0,0.0,0,0,0,0,False,0,0.0,0.0,0.0
1790803441.122,7.1,62.6,0,2391885,0.0,21.0,0,0,0,0,False,0,0.0,0.0,0.0
1790803442.122,6.8,62.6,0,0,0.0,0.0,0,0,0,0,False,0,0.0,0.0,0.0
1790803443.122,7.1,62.5,0,0,0.0,0.0,0,0,0,0,False,0,0.0,0.0,0.0
1790803444.122,7.4,62.6,0,0,0.0,0.0,0,0,0,0,False,0,0.0,0.0,0.0
1790803445.122,7.0,62.5,0,155636,0.0,17.0,0,0,0,0,False,0,0.0,0.0,0.0
1790803446.122,7.3,62.1,0,45053,0.0,4.0,0,0,0,0,False,0,0.0,0.0,0.0
1790803447.123,7.8,62.1,0,0,0.0,0.0,0,0,0,0,False,0,0.0,0.0,0.0
1790803448.123,7.7,62.2,0,0,0.0,0.0,0,0,0,0,False,0,0.0,0.0,0.0
1790803449.123,12.5,62.8,0,389092,0.0,7.0,0,0,0,0,False,0,0.0,0.0,0.0
1790803450.123,11.4,63.0,0,6766110,0.0,63.0,0,0,0,0,False,0,0.0,0.0,0.0
1790803451.123,9.6,63.1,0,57339,0.0,6.0,0,0,0,0,False,0,0.0,0.0,0.0
1790803452.123,6.8,63.0,0,0,0.0,0.0,0,0,0,0,False,0,0.0,0.0,0.0
1790803453.123,6.8,63.0,0,0,0.0,0.0,0,0,0,0,False,0,0.0,0.0,0.0
1790803454.123,7.7,63.0,0,831414,0.0,110.0,0,0,0,0,False,0,0.0,0.0,0.0
1790803455.123,10.6,62.9,0,35947961,0.0,276.0,0,0,0,0,False,0,0.0,0.0,0.0
1790803456.123,6.8,62.8,0,110584,0.0,2.0,0,0,0,0,False,0,0.0,0.0,0.0
1790803457.123,8.1,62.7,0,14236647,0.0,129.0,0,0,0,0,False,0,0.0,0.0,0.0
1790803458.123,7.0,62.7,0,0,0.0,0.0,0,0,0,0,False,0,0.0,0.0,0.0
1790803459.123,6.3,62.7,0,0,0.0,0.0,0,0,0,0,False,0,0.0,0.0,0.0
1790803460.123,6.5,62.6,0,0,0.0,0.0,0,0,0,0,False,0,0.0,0.0,0.0
1790803461.124,6.5,62.6,0,0,0.0,0.0,0,0,0,0,False,0,0.0,0.0,0.0
1790803462.124,9.0,62.6,0,0,0.0,0.0,0,0,0,0,False,0,0.0,0.0,0.0
1790803463.124,6.7,62.6,0,131063,0.0,2.0,0,0,0,0,False,0,0.0,0.0,0.0
1790803464.124,7.5,62.5,0,0,0.0,0.0,0,0,0,0,False,0,0.0,0.0,0.0
1790803465.124,6.9,62.5,0,12287,0.0,2.0,0,0,0,0,False,0,0.0,0.0,0.0
1790803466.124,6.6,62.5,0,94201,0.0,2.0,0,0,0,0,False,0,0.0,0.0,0.0
1790803467.124,9.5,62.5,0,0,0.0,0.0,0,0,0,0,False,0,0.0,0.0,0.0
1790803468.124,22.1,63.0,0,32766,0.0,1.0,0,0,0,0,False,0,0.0,0.0,0.0
1790803469.124,34.9,63.2,0,0,0.0,0.0,0,0,0,0,False,0,0.0,0.0,0.0
1790803470.124,8.6,62.5,0,49148,0.0,2.0,0,0,0,0,False,0,0.0,0.0,0.0
1790803471.124,6.5,62.5,0,1433495,0.0,13.0,0,0,0,0,False,0,0.0,0.0,0.0
1790803472.124,6.6,62.5,0,0,0.0,0.0,0,0,0,0,False,0,0.0,0.0,0.0
1790803473.124,6.6,62.5,0,0,0.0,0.0,0,0,0,0,False,0,0.0,0.0,0.0
1790803474.125,6.9,62.6,0,548823,0.0,10.0,0,0,0,0,False,0,0.0,0.0,0.0
1790803475.125,10.0,62.5,0,0,0.0,0.0,0,0,0,0,False,0,0.0,0.0,0.0
1790803476.125,6.8,62.5,0,131063,0.0,10.0,0,0,0,0,False,0,0.0,0.0,0.0
1790803477.125,6.9,62.5,0,2948910,0.0,29.0,0,0,0,0,False,0,0.0,0.0,0.0
1790803478.125,6.7,62.5,0,159733,0.0,20.0,0,0,0,0,False,0,0.0,0.0,0.0
1790803479.125,7.1,62.3,0,0,0.0,0.0,0,0,0,0,False,0,0.0,0.0,0.0
1790803480.125,8.4,62.3,0,4096,0.0,1.0,0,0,0,0,False,0,0.0,0.0,0.0
1790803481.125,6.6,62.0,0,0,0.0,0.0,0,0,0,0,False,0,0.0,0.0,0.0
1790803482.125,6.6,62.0,0,1339295,0.0,16.0,0,0,0,0,False,0,0.0,0.0,0.0
1790803483.125,6.6,61.9,0,0,0.0,0.0,0,0,0,0,False,0,0.0,0.0,0.0
1790803484.125,10.3,61.9,0,90105,0.0,2.0,0,0,0,0,False,0,0.0,0.0,0.0
1790803485.125,7.7,61.9,0,188403,0.0,9.0,0,0,0,0,False,0,0.0,0.0,0.0
1790803486.125,6.6,61.9,0,487388,0.0,95.0,0,0,0,0,False,0,0.0,0.0,0.0
1790803487.125,6.8,61.9,0,4096,0.0,1.0,0,0,0,0,False,0,0.0,0.0,0.0
1790803488.126,8.7,62.0,0,0,0.0,0.0,0,0,0,0,False,0,0.0,0.0,0.0
1790803489.126,23.0,62.4,0,114682,0.0,3.0,0,0,0,0,False,0,0.0,0.0,0.0
1790803490.126,34.5,63.2,0,8191,0.0,2.0,1,0,0,1,False,0,0.0,0.0,0.0
1790803491.126,25.2,63.2,0,0,0.0,0.0,1,1,0,1,False,0,0.0,0.0,0.0
1790803492.126,19.3,63.2,0,0,0.0,0.0,1,1,0,1,False,0,0.0,0.0,0.0
1790803493.126,21.0,63.3,0,0,0.0,0.0,1,1,0,1,False,0,0.0,0.0,0.0
1790803494.126,21.9,63.8,0,0,0.0,0.0,1,1,0,1,False,0,0.0,0.0,0.0
1790803495.126,29.7,64.5,0,450525,0.0,12.0,1,1,0,1,False,0,0.0,0.0,0.0
1790803496.126,22.2,64.5,0,16383,0.0,1.0,0,0,0,0,False,0,0.0,0.0,0.0
1790803497.126,9.1,63.9,0,397280,0.0,15.0,0,0,0,0,False,0,0.0,0.0,0.0
1790803498.126,6.8,63.9,0,0,0.0,0.0,0,0,0,0,False,0,0.0,0.0,0.0
1790803499.126,7.0,63.9,0,0,0.0,0.0,0,0,0,0,False,0,0.0,0.0,0.0
1790803500.126,7.2,63.9,0,0,0.0,0.0,0,0,0,0,False,0,0.0,0.0,0.0
1790803501.126,6.6,63.8,0,53244,0.0,1.0,0,0,0,0,False,0,0.0,0.0,0.0
1790803502.127,9.4,63.8,0,45052,0.0,2.0,0,0,0,0,False,0,0.0,0.0,0.0
1790803503.127,6.8,63.7,0,0,0.0,0.0,0,0,0,0,False,0,0.0,0.0,0.0
1790803504.127,7.9,63.6,0,0,0.0,0.0,0,0,0,0,False,0,0.0,0.0,0.0
1790803505.127,7.0,63.6,0,12287,0.0,3.0,0,0,0,0,False,0,0.0,0.0,0.0
1790803506.127,6.8,63.5,0,0,0.0,0.0,0,0,0,0,False,0,0.0,0.0,0.0
1790803507.127,6.9,63.5,0,0,0.0,0.0,0,0,0,0,False,0,0.0,0.0,0.0
1790803508.127,7.1,63.4,0,40957,0.0,2.0,0,0,0,0,False,0,0.0,0.0,0.0
1790803509.127,7.8,63.4,0,0,0.0,0.0,0,0,0,0,False,0,0.0,0.0,0.0
1790803510.127,7.2,63.4,0,0,0.0,0.0,0,0,0,0,False,0,0.0,0.0,0.0
1790803511.127,6.9,63.4,0,94201,0.0,10.0,0,0,0,0,False,0,0.0,0.0,0.0
1790803512.127,7.0,63.4,0,0,0.0,0.0,0,0,0,0,False,0,0.0,0.0,0.0
1790803513.127,10.2,63.3,0,3055388,0.0,29.0,0,0,0,0,False,0,0.0,0.0,0.0
1790803514.127,8.1,63.3,0,0,0.0,0.0,0,0,0,0,False,0,0.0,0.0,0.0
1790803515.128,11.1,63.2,0,2010961,0.0,23.0,0,0,0,0,False,0,0.0,0.0,0.0
1790803516.128,6.9,63.2,0,0,0.0,0.0,0,0,0,0,False,0,0.0,0.0,0.0
1790803517.128,7.0,63.2,0,237550,0.0,8.0,0,0,0,0,False,0,0.0,0.0,0.0
1790803518.128,7.0,63.3,0,1236899,0.0,10.0,0,0,0,0,False,0,0.0,0.0,0.0
1790803519.128,7.7,63.2,0,0,0.0,0.0,0,0,0,0,False,0,0.0,0.0,0.0
1790803520.128,6.9,63.2,0,585682,0.0,99.0,0,0,0,0,False,0,0.0,0.0,0.0
1790803521.128,6.8,63.2,0,0,0.0,0.0,0,0,0,0,False,0,0.0,0.0,0.0
1790803522.128,6.8,63.2,0,12287,0.0,1.0,0,0,0,0,False,0,0.0,0.0,0.0
1790803523.128,6.9,63.2,0,8191,0.0,2.0,0,0,0,0,False,0,0.0,0.0,0.0
1790803524.128,8.4,63.0,0,0,0.0,0.0,0,0,0,0,False,0,0.0,0.0,0.0
1790803525.128,7.1,62.9,0,298986,0.0,30.0,0,0,0,0,False,0,0.0,0.0,0.0
1790803526.128,7.1,62.8,0,0,0.0,0.0,0,0,0,0,False,0,0.0,0.0,0.0
1790803527.128,6.6,62.8,0,40957,0.0,2.0,0,0,0,0,False,0,0.0,0.0,0.0
1790803528.129,6.6,62.8,0,1339277,0.0,17.0,0,0,0,0,False,0,0.0,0.0,0.0
1790803529.129,8.6,62.8,0,0,0.0,0.0,0,0,0,0,False,0,0.0,0.0,0.0
1790803530.129,7.8,62.8,0,0,0.0,0.0,0,0,0,0,False,0,0.0,0.0,0.0
1790803531.129,6.4,62.8,0,4096,0.0,1.0,0,0,0,0,False,0,0.0,0.0,0.0
1790803532.129,6.8,62.8,0,65531,0.0,2.0,0,0,0,0,False,0,0.0,0.0,0.0
1790803533.129,6.9,62.8,0,0,0.0,0.0,0,0,0,0,False,0,0.0,0.0,0.0
1790803534.129,7.0,62.8,0,0,0.0,0.0,0,0,0,0,False,0,0.0,0.0,0.0
1790803535.129,6.6,62.8,0,0,0.0,0.0,0,0,0,0,False,0,0.0,0.0,0.0
1790803536.129,6.6,62.8,0,4096,0.0,1.0,0,0,0,0,False,0,0.0,0.0,0.0
1790803537.129,6.7,62.8,0,0,0.0,0.0,0,0,0,0,False,0,0.0,0.0,0.0
1790803538.129,6.8,62.8,0,0,0.0,0.0,0,0,0,0,False,0,0.0,0.0,0.0
1790803539.129,6.7,62.8,0,36861,0.0,2.0,0,0,0,0,False,0,0.0,0.0,0.0
1790803540.129,9.1,62.8,0,1236900,0.0,10.0,0,0,0,0,False,0,0.0,0.0,0.0
1790803541.130,7.8,62.8,0,0,0.0,0.0,0,0,0,0,False,0,0.0,0.0,0.0
1790803542.130,6.6,62.8,0,0,0.0,0.0,0,0,0,0,False,0,0.0,0.0,0.0
1790803543.130,7.1,62.8,0,2535241,0.0,28.0,0,0,0,0,False,0,0.0,0.0,0.0
1790803544.130,7.1,62.8,0,0,0.0,0.0,0,0,0,0,False,0,0.0,0.0,0.0
1790803545.130,6.6,62.8,0,0,0.0,0.0,0,0,0,0,False,0,0.0,0.0,0.0
1790803546.130,7.6,62.8,0,53243,0.0,2.0,0,0,0,0,False,0,0.0,0.0,0.0
1790803547.130,6.8,62.9,0,0,0.0,0.0,0,0,0,0,False,0,0.0,0.0,0.0
1790803548.130,6.7,62.8,0,24574,0.0,4.0,0,0,0,0,False,0,0.0,0.0,0.0
1790803549.130,6.5,62.8,0,0,0.0,0.0,0,0,0,0,False,0,0.0,0.0,0.0
1790803550.130,7.3,62.8,0,0,0.0,0.0,0,0,0,0,False,0,0.0,0.0,0.0
1790803551.130,10.3,62.8,0,0,0.0,0.0,0,0,0,0,False,0,0.0,0.0,0.0
1790803552.130,9.6,62.8,0,0,0.0,0.0,0,0,0,0,False,0,0.0,0.0,0.0
1790803553.130,6.7,62.8,0,0,0.0,0.0,0,0,0,0,False,0,0.0,0.0,0.0
1790803554.130,8.3,63.2,0,143350,0.0,10.0,0,0,0,0,False,0,0.0,0.0,0.0
1790803555.131,6.9,63.1,0,0,0.0,0.0,0,0,0,0,False,0,0.0,0.0,0.0
1790803556.131,6.7,63.1,0,159733,0.0,37.0,0,0,0,0,False,0,0.0,0.0,0.0
1790803557.131,6.8,63.2,0,0,0.0,0.0,0,0,0,0,False,0,0.0,0.0,0.0
1790803558.131,6.8,63.2,0,16383,0.0,1.0,0,0,0,0,False,0,0.0,0.0,0.0
1790803559.131,7.6,63.1,0,204785,0.0,19.0,0,0,0,0,False,0,0.0,0.0,0.0
1790803560.131,6.7,63.1,0,0,0.0,0.0,0,0,0,0,False,0,0.0,0.0,0.0
1790803561.131,6.6,63.0,0,0,0.0,0.0,0,0,0,0,False,0,0.0,0.0,0.0
1790803562.131,6.8,63.0,0,0,0.0,0.0,0,0,0,0,False,0,0.0,0.0,0.0
1790803563.131,6.8,63.0,0,0,0.0,0.0,0,0,0,0,False,0,0.0,0.0,0.0
1790803564.131,10.5,62.9,0,0,0.0,0.0,0,0,0,0,False,0,0.0,0.0,0.0
1790803565.131,6.8,62.9,0,532442,0.0,6.0,0,0,0,0,False,0,0.0,0.0,0.0
1790803566.131,6.7,62.9,0,12287,0.0,3.0,0,0,0,0,False,0,0.0,0.0,0.0
1790803567.131,6.7,62.9,0,4096,0.0,1.0,0,0,0,0,False,0,0.0,0.0,0.0
1790803568.132,7.0,62.9,0,0,0.0,0.0,0,0,0,0,False,0,0.0,0.0,0.0
1790803569.132,7.9,62.9,0,0,0.0,0.0,0,0,0,0,False,0,0.0,0.0,0.0
1790803570.132,6.8,62.9,0,1236903,0.0,10.0,0,0,0,0,False,0,0.0,0.0,0.0
1790803571.132,6.8,63.0,0,0,0.0,0.0,0,0,0,0,False,0,0.0,0.0,0.0
1790803572.132,6.6,63.0,0,0,0.0,0.0,0,0,0,0,False,0,0.0,0.0,0.0
1790803573.132,6.9,62.9,0,0,0.0,0.0,0,0,0,0,False,0,0.0,0.0,0.0
1790803574.132,8.4,62.9,0,0,0.0,0.0,0,0,0,0,False,0,0.0,0.0,0.0
1790803575.132,6.8,62.9,0,57340,0.0,1.0,0,0,0,0,False,0,0.0,0.0,0.0
1790803576.132,6.8,62.9,0,4096,0.0,1.0,0,0,0,0,False,0,0.0,0.0,0.0
1790803577.132,6.9,62.9,0,0,0.0,0.0,0,0,0,0,False,0,0.0,0.0,0.0
1790803578.132,7.3,62.9,0,0,0.0,0.0,0,0,0,0,False,0,0.0,0.0,0.0
1790803579.132,6.9,62.9,0,2936625,0.0,31.0,0,0,0,0,False,0,0.0,0.0,0.0
1790803580.132,7.4,62.6,0,122871,0.0,14.0,0,0,0,0,False,0,0.0,0.0,0.0
1790803581.132,10.6,62.6,0,0,0.0,0.0,0,0,0,0,False,0,0.0,0.0,0.0
1790803582.133,6.9,62.6,0,0,0.0,0.0,0,0,0,0,False,0,0.0,0.0,0.0
1790803583.133,6.9,62.6,0,0,0.0,0.0,0,0,0,0,False,0,0.0,0.0,0.0
1790803584.133,7.8,62.5,0,57340,0.0,9.0,0,0,0,0,False,0,0.0,0.0,0.0
1790803585.133,7.4,62.6,0,0,0.0,0.0,0,0,0,0,False,0,0.0,0.0,0.0
1790803586.133,7.3,62.5,0,0,0.0,0.0,0,0,0,0,False,0,0.0,0.0,0.0
1790803587.133,6.8,62.5,0,4096,0.0,1.0,0,0,0,0,False,0,0.0,0.0,0.0
1790803588.133,6.8,62.5,0,12287,0.0,2.0,0,0,0,0,False,0,0.0,0.0,0.0
1790803589.133,9.7,62.3,0,86009,0.0,21.0,0,0,0,0,False,0,0.0,0.0,0.0
1790803590.133,7.6,62.3,0,454623,0.0,7.0,0,0,0,0,False,0,0.0,0.0,0.0
1790803591.133,7.3,62.3,0,0,0.0,0.0,0,0,0,0,False,0,0.0,0.0,0.0
1790803592.133,7.0,62.4,0,0,0.0,0.0,0,0,0,0,False,0,0.0,0.0,0.0
1790803593.133,6.8,62.4,0,0,0.0,0.0,0,0,0,0,False,0,0.0,0.0,0.0
1790803594.133,6.9,62.4,0,0,0.0,0.0,0,0,0,0,False,0,0.0,0.0,0.0
1790803595.133,7.2,62.3,0,49148,0.0,2.0,0,0,0,0,False,0,0.0,0.0,0.0
1790803596.134,7.0,62.4,0,0,0.0,0.0,0,0,0,0,False,0,0.0,0.0,0.0
1790803597.134,6.6,62.4,0,0,0.0,0.0,0,0,0,0,False,0,0.0,0.0,0.0
1790803598.134,6.6,62.4,0,0,0.0,0.0,0,0,0,0,False,0,0.0,0.0,0.0
1790803599.134,6.5,62.4,0,0,0.0,0.0,0,0,0,0,False,0,0.0,0.0,0.0
1790803600.134,7.0,62.4,0,0,0.0,0.0,0,0,0,0,False,0,0.0,0.0,0.0
1790803601.134,9.2,62.4,0,0,0.0,0.0,0,0,0,0,False,0,0.0,0.0,0.0
1790803602.134,6.5,62.4,0,393186,0.0,5.0,0,0,0,0,False,0,0.0,0.0,0.0
1790803603.134,6.7,62.4,0,0,0.0,0.0,0,0,0,0,False,0,0.0,0.0,0.0
1790803604.134,6.9,62.3,0,0,0.0,0.0,0,0,0,0,False,0,0.0,0.0,0.0
1790803605.134,6.9,62.3,0,4096,0.0,1.0,0,0,0,0,False,0,0.0,0.0,0.0
1790803606.134,7.1,62.3,0,0,0.0,0.0,0,0,0,0,False,0,0.0,0.0,0.0
1790803607.134,7.5,62.3,0,0,0.0,0.0,0,0,0,0,False,0,0.0,0.0,0.0
1790803608.134,6.6,62.3,0,45053,0.0,2.0,0,0,0,0,False,0,0.0,0.0,0.0
1790803609.134,10.3,62.3,0,0,0.0,0.0,0,0,0,0,False,0,0.0,0.0,0.0
1790803610.135,6.9,62.3,0,2936616,0.0,33.0,0,0,0,0,False,0,0.0,0.0,0.0
1790803611.135,6.8,62.3,0,12287,0.0,3.0,0,0,0,0,False,0,0.0,0.0,0.0
1790803612.135,6.6,62.3,0,0,0.0,0.0,0,0,0,0,False,0,0.0,0.0,0.0
1790803613.135,6.6,62.2,0,0,0.0,0.0,0,0,0,0,False,0,0.0,0.0,0.0
1790803614.135,10.7,62.5,0,0,0.0,0.0,0,0,0,0,False,0,0.0,0.0,0.0
1790803615.135,6.6,62.5,0,94201,0.0,5.0,0,0,0,0,False,0,0.0,0.0,0.0
1790803616.135,6.9,62.5,0,0,0.0,0.0,0,0,0,0,False,0,0.0,0.0,0.0
1790803617.135,7.2,62.6,0,0,0.0,0.0,0,0,0,0,False,0,0.0,0.0,0.0
1790803618.135,6.8,62.6,0,0,0.0,0.0,0,0,0,0,False,0,0.0,0.0,0.0
1790803619.135,6.7,62.5,0,286699,0.0,14.0,0,0,0,0,False,0,0.0,0.0,0.0
1790803620.135,6.9,62.5,0,0,0.0,0.0,0,0,0,0,False,0,0.0,0.0,0.0
1790803621.135,7.8,62.5,0,94201,0.0,22.0,0,0,0,0,False,0,0.0,0.0,0.0
1790803622.135,7.2,62.5,0,0,0.0,0.0,0,0,0,0,False,0,0.0,0.0,0.0
1790803623.135,6.8,62.5,0,0,0.0,0.0,0,0,0,0,False,0,0.0,0.0,0.0
1790803624.136,7.4,62.5,0,0,0.0,0.0,0,0,0,0,False,0,0.0,0.0,0.0
1790803625.136,6.8,62.5,0,57341,0.0,2.0,0,0,0,0,False,0,0.0,0.0,0.0
1790803626.136,7.2,62.5,0,0,0.0,0.0,0,0,0,0,False,0,0.0,0.0,0.0
1790803627.136,7.4,62.5,0,0,0.0,0.0,0,0,0,0,False,0,0.0,0.0,0.0
1790803628.136,6.8,62.6,0,0,0.0,0.0,0,0,0,0,False,0,0.0,0.0,0.0
1790803629.136,9.7,62.7,0,0,0.0,0.0,0,0,0,0,False,0,0.0,0.0,0.0
1790803630.136,7.3,62.6,0,0,0.0,0.0,0,0,0,0,False,0,0.0,0.0,0.0
1790803631.136,6.9,62.6,0,45053,0.0,2.0,0,0,0,0,False,0,0.0,0.0,0.0
1790803632.136,7.6,62.6,0,0,0.0,0.0,0,0,0,0,False,0,0.0,0.0,0.0
1790803633.136,6.8,62.6,0,0,0.0,0.0,0,0,0,0,False,0,0.0,0.0,0.0
1790803634.136,7.1,62.7,0,0,0.0,0.0,0,0,0,0,False,0,0.0,0.0,0.0
1790803635.136,6.7,62.6,0,0,0.0,0.0,0,0,0,0,False,0,0.0,0.0,0.0
1790803636.136,7.0,62.6,0,0,0.0,0.0,0,0,0,0,False,0,0.0,0.0,0.0
1790803637.136,7.6,62.6,0,0,0.0,0.0,0,0,0,0,False,0,0.0,0.0,0.0
1790803638.137,10.1,62.6,0,0,0.0,0.0,0,0,0,0,False,0,0.0,0.0,0.0
1790803639.137,6.8,62.6,0,0,0.0,0.0,0,0,0,0,False,0,0.0,0.0,0.0
1790803640.137,6.8,62.6,0,0,0.0,0.0,0,0,0,0,False,0,0.0,0.0,0.0
1790803641.137,6.9,62.6,0,2928426,0.0,33.0,0,0,0,0,False,0,0.0,0.0,0.0
1790803642.137,10.2,62.6,0,0,0.0,0.0,0,0,0,0,False,0,0.0,0.0,0.0
1790803643.137,6.8,62.6,0,24574,0.0,4.0,0,0,0,0,False,0,0.0,0.0,0.0
1790803644.137,7.8,62.5,0,0,0.0,0.0,0,0,0,0,False,0,0.0,0.0,0.0
1790803645.137,6.9,62.5,0,12287,0.0,2.0,0,0,0,0,False,0,0.0,0.0,0.0
1790803646.137,6.8,62.5,0,0,0.0,0.0,0,0,0,0,False,0,0.0,0.0,0.0
1790803647.137,7.7,62.5,0,0,0.0,0.0,0,0,0,0,False,0,0.0,0.0,0.0
1790803648.137,7.0,62.5,0,0,0.0,0.0,0,0,0,0,False,0,0.0,0.0,0.0
1790803649.137,6.8,62.5,0,0,0.0,0.0,0,0,0,0,False,0,0.0,0.0,0.0
1790803650.137,6.7,62.5,0,40957,0.0,7.0,0,0,0,0,False,0,0.0,0.0,0.0
1790803651.137,6.9,62.5,0,0,0.0,0.0,0,0,0,0,False,0,0.0,0.0,0.0
1790803652.138,8.1,62.6,0,0,0.0,0.0,0,0,0,0,False,0,0.0,0.0,0.0
1790803653.138,6.9,62.5,0,0,0.0,0.0,0,0,0,0,False,0,0.0,0.0,0.0
1790803654.138,7.4,62.5,0,0,0.0,0.0,0,0,0,0,False,0,0.0,0.0,0.0
1790803655.138,7.2,62.5,0,77818,0.0,18.0,0,0,0,0,False,0,0.0,0.0,0.0
1790803656.138,8.7,62.4,0,32766,0.0,2.0,0,0,0,0,False,0,0.0,0.0,0.0
1790803657.138,9.4,62.4,0,0,0.0,0.0,0,0,0,0,False,0,0.0,0.0,0.0
1790803658.138,7.0,62.4,0,0,0.0,0.0,0,0,0,0,False,0,0.0,0.0,0.0
1790803659.138,7.4,62.2,0,0,0.0,0.0,0,0,0,0,False,0,0.0,0.0,0.0
1790803660.138,7.6,62.2,0,0,0.0,0.0,0,0,0,0,False,0,0.0,0.0,0.0
1790803661.138,7.1,62.2,0,16383,0.0,4.0,0,0,0,0,False,0,0.0,0.0,0.0
1790803662.138,6.9,62.2,0,0,0.0,0.0,0,0,0,0,False,0,0.0,0.0,0.0
1790803663.138,6.9,62.2,0,0,0.0,0.0,0,0,0,0,False,0,0.0,0.0,0.0
1790803664.138,7.1,62.2,0,0,0.0,0.0,0,0,0,0,False,0,0.0,0.0,0.0
1790803665.138,7.7,62.3,0,28670,0.0,2.0,0,0,0,0,False,0,0.0,0.0,0.0
1790803666.139,6.8,62.3,0,0,0.0,0.0,0,0,0,0,False,0,0.0,0.0,0.0
1790803667.139,6.6,62.2,0,28670,0.0,3.0,0,0,0,0,False,0,0.0,0.0,0.0
1790803668.139,10.0,62.3,0,0,0.0,0.0,0,0,0,0,False,0,0.0,0.0,0.0
1790803669.139,6.7,62.3,0,0,0.0,0.0,0,0,0,0,False,0,0.0,0.0,0.0
1790803670.139,6.8,62.2,0,0,0.0,0.0,0,0,0,0,False,0,0.0,0.0,0.0
1790803671.139,6.5,62.2,0,2658104,0.0,27.0,0,0,0,0,False,0,0.0,0.0,0.0
1790803672.139,7.0,62.2,0,0,0.0,0.0,0,0,0,0,False,0,0.0,0.0,0.0
1790803673.139,6.8,62.2,0,20478,0.0,2.0,0,0,0,0,False,0,0.0,0.0,0.0
1790803674.139,10.7,62.7,0,12287,0.0,3.0,0,0,0,0,False,0,0.0,0.0,0.0
1790803675.139,6.6,62.7,0,0,0.0,0.0,0,0,0,0,False,0,0.0,0.0,0.0
1790803676.139,7.4,62.7,0,0,0.0,0.0,0,0,0,0,False,0,0.0,0.0,0.0
1790803677.139,6.4,62.7,0,0,0.0,0.0,0,0,0,0,False,0,0.0,0.0,0.0
1790803678.139,6.6,62.6,0,0,0.0,0.0,0,0,0,0,False,0,0.0,0.0,0.0
1790803679.139,6.6,62.6,0,40957,0.0,2.0,0,0,0,0,False,0,0.0,0.0,0.0
1790803680.140,6.7,62.6,0,12287,0.0,2.0,0,0,0,0,False,0,0.0,0.0,0.0
1790803681.140,7.6,62.6,0,810989,0.0,9.0,0,0,0,0,False,0,0.0,0.0,0.0
1790803682.140,6.6,62.6,0,0,0.0,0.0,0,0,0,0,False,0,0.0,0.0,0.0
1790803683.140,6.6,62.6,0,0,0.0,0.0,0,0,0,0,False,0,0.0,0.0,0.0
1790803684.140,7.7,62.6,0,0,0.0,0.0,0,0,0,0,False,0,0.0,0.0,0.0
1790803685.140,6.8,62.6,0,0,0.0,0.0,0,0,0,0,False,0,0.0,0.0,0.0
1790803686.140,6.8,62.6,0,36861,0.0,2.0,0,0,0,0,False,0,0.0,0.0,0.0
1790803687.140,15.1,63.0,0,155637,0.0,22.0,0,0,0,0,False,0,0.0,0.0,0.0
1790803688.140,28.4,63.5,0,0,0.0,0.0,2,1,0,2,False,0,0.0,0.0,0.0
1790803689.140,35.0,63.0,0,700365,0.0,16.0,0,0,0,0,False,0,0.0,0.0,0.0
1790803690.140,6.9,63.0,0,0,0.0,0.0,0,0,0,0,False,0,0.0,0.0,0.0
1790803691.140,9.1,63.0,0,733132,0.0,8.0,0,0,0,0,False,0,0.0,0.0,0.0
1790803692.140,6.8,62.9,0,0,0.0,0.0,0,0,0,0,False,0,0.0,0.0,0.0
1790803693.140,6.7,62.8,0,0,0.0,0.0,0,0,0,0,False,0,0.0,0.0,0.0
1790803694.141,15.3,63.1,0,32766,0.0,1.0,0,0,0,0,False,0,0.0,0.0,0.0
1790803695.141,29.7,63.6,0,0,0.0,0.0,2,0,0,2,False,0,0.0,0.0,0.0
1790803696.141,49.0,63.8,0,667596,0.0,9.0,1,1,0,1,False,0,0.0,0.0,0.0
1790803697.141,36.1,63.7,0,16383,0.0,1.0,0,0,0,0,False,0,0.0,0.0,0.0
1790803698.141,11.7,63.2,0,65531,0.0,6.0,0,0,0,0,False,0,0.0,0.0,0.0
1790803699.141,7.8,63.1,0,0,0.0,0.0,0,0,0,0,False,0,0.0,0.0,0.0
1790803700.141,7.0,63.1,0,0,0.0,0.0,0,0,0,0,False,0,0.0,0.0,0.0
1790803701.141,6.9,63.1,0,614354,0.0,6.0,0,0,0,0,False,0,0.0,0.0,0.0
1790803702.141,7.0,63.1,0,2248529,0.0,20.0,0,0,0,0,False,0,0.0,0.0,0.0
1790803703.141,6.9,63.0,0,0,0.0,0.0,0,0,0,0,False,0,0.0,0.0,0.0
1790803704.141,7.6,62.9,0,0,0.0,0.0,0,0,0,0,False,0,0.0,0.0,0.0
1790803705.141,7.2,62.9,0,0,0.0,0.0,0,0,0,0,False,0,0.0,0.0,0.0
1790803706.141,10.4,63.0,0,794566,0.0,13.0,0,0,0,0,False,0,0.0,0.0,0.0
1790803707.142,21.2,63.4,0,114679,0.0,4.0,0,0,0,0,False,0,0.0,0.0,0.0
1790803708.142,34.3,63.4,0,0,0.0,0.0,0,0,0,0,False,0,0.0,0.0,0.0
1790803709.143,10.0,62.9,0,49148,0.0,2.0,0,0,0,0,False,0,0.0,0.0,0.0
1790803710.143,7.3,62.8,0,0,0.0,0.0,0,0,0,0,False,0,0.0,0.0,0.0
1790803711.143,6.6,62.8,0,16383,0.0,1.0,0,0,0,0,False,0,0.0,0.0,0.0
1790803712.143,7.0,62.8,0,0,0.0,0.0,0,0,0,0,False,0,0.0,0.0,0.0
1790803713.143,6.7,62.8,0,212976,0.0,3.0,0,0,0,0,False,0,0.0,0.0,0.0
1790803714.143,15.6,62.8,0,696261,0.0,8.0,0,0,0,0,False,0,0.0,0.0,0.0
1790803715.143,27.1,63.4,0,0,0.0,0.0,1,0,0,1,False,0,0.0,0.0,0.0
1790803716.143,28.5,62.8,0,49148,0.0,2.0,0,0,0,0,False,0,0.0,0.0,0.0
1790803717.143,11.6,63.2,0,245742,0.0,4.0,0,0,0,0,False,0,0.0,0.0,0.0
1790803718.143,8.7,63.4,0,888766,0.0,102.0,0,0,0,0,False,0,0.0,0.0,0.0
1790803719.143,7.2,63.4,0,0,0.0,0.0,0,0,0,0,False,0,0.0,0.0,0.0
1790803720.143,7.2,63.4,0,0,0.0,0.0,0,0,0,0,False,0,0.0,0.0,0.0
1790803721.143,6.8,63.3,0,278505,0.0,6.0,0,0,0,0,False,0,0.0,0.0,0.0
1790803722.144,6.9,63.3,0,4096,0.0,1.0,0,0,0,0,False,0,0.0,0.0,0.0
1790803723.144,7.2,63.3,0,49149,0.0,2.0,0,0,0,0,False,0,0.0,0.0,0.0
1790803724.144,7.3,63.1,0,4096,0.0,1.0,0,0,0,0,False,0,0.0,0.0,0.0
1790803725.144,13.3,63.2,0,32766,0.0,1.0,0,0,0,0,False,0,0.0,0.0,0.0
1790803726.144,28.0,63.8,0,0,0.0,0.0,0,0,0,0,False,0,0.0,0.0,0.0
1790803727.144,28.5,63.0,0,53244,0.0,3.0,0,0,0,0,False,0,0.0,0.0,0.0
1790803728.144,6.8,63.0,0,57339,0.0,10.0,0,0,0,0,False,0,0.0,0.0,0.0
1790803729.144,6.9,63.0,0,0,0.0,0.0,0,0,0,0,False,0,0.0,0.0,0.0
1790803730.144,10.0,63.2,0,217072,0.0,3.0,0,0,0,0,False,0,0.0,0.0,0.0
1790803731.144,24.4,63.7,0,32766,0.0,1.0,0,0,0,0,False,0,0.0,0.0,0.0
1790803732.144,49.9,63.8,0,0,0.0,0.0,3,2,0,3,False,0,0.0,0.0,0.0
1790803733.144,30.3,64.1,0,2952996,0.0,28.0,1,1,0,1,False,0,0.0,0.0,0.0
1790803734.144,64.7,65.0,0,0,0.0,0.0,1,14,0,1,False,0,0.0,0.0,0.0
1790803735.145,21.5,64.3,0,634817,0.0,8.0,0,0,0,0,False,0,0.0,0.0,0.0
1790803736.145,7.8,64.3,0,0,0.0,0.0,0,0,0,0,False,0,0.0,0.0,0.0
1790803737.145,6.9,64.3,0,19835552,0.0,167.0,0,0,0,0,False,0,0.0,0.0,0.0
1790803738.145,6.6,64.2,0,8191,0.0,1.0,0,0,0,0,False,0,0.0,0.0,0.0
1790803739.145,6.7,64.2,0,0,0.0,0.0,0,0,0,0,False,0,0.0,0.0,0.0
1790803740.145,6.8,64.1,0,0,0.0,0.0,0,0,0,0,False,0,0.0,0.0,0.0
1790803741.145,10.0,64.2,0,131062,0.0,2.0,0,0,0,0,False,0,0.0,0.0,0.0
1790803742.145,23.3,64.7,0,13806322,0.0,108.0,0,0,0,0,False,0,0.0,0.0,0.0
1790803743.145,34.9,64.9,0,0,0.0,0.0,1,0,0,1,False,0,0.0,0.0,0.0
1790803744.145,29.1,64.8,0,0,0.0,0.0,1,1,0,1,False,0,0.0,0.0,0.0
1790803745.145,19.2,64.7,0,0,0.0,0.0,1,1,0,1,False,0,0.0,0.0,0.0
1790803746.145,20.0,64.7,0,471006,0.0,30.0,1,1,0,1,False,0,0.0,0.0,0.0
1790803747.145,20.4,64.3,0,0,0.0,0.0,1,1,0,1,False,0,0.0,0.0,0.0
1790803748.146,21.2,64.4,0,53244,0.0,5.0,1,1,0,1,False,0,0.0,0.0,0.0
1790803749.146,26.4,65.1,0,708565,0.0,88.0,0,0,0,0,False,0,0.0,0.0,0.0
1790803750.146,8.8,64.4,0,49148,0.0,2.0,0,0,0,0,False,0,0.0,0.0,0.0
1790803751.146,16.0,64.5,0,413667,0.0,15.0,0,0,0,0,False,0,0.0,0.0,0.0
1790803752.146,29.6,64.9,0,0,0.0,0.0,2,0,0,2,False,0,0.0,0.0,0.0
1790803753.146,38.3,65.1,0,0,0.0,0.0,0,0,0,0,False,0,0.0,0.0,0.0
1790803754.146,17.0,64.4,0,49148,0.0,2.0,0,0,0,0,False,0,0.0,0.0,0.0
1790803755.146,6.8,64.5,0,0,0.0,0.0,0,0,0,0,False,0,0.0,0.0,0.0
1790803756.146,6.6,64.4,0,0,0.0,0.0,0,0,0,0,False,0,0.0,0.0,0.0
1790803757.146,6.8,64.4,0,577492,0.0,6.0,0,0,0,0,False,0,0.0,0.0,0.0
1790803758.146,6.9,64.3,0,0,0.0,0.0,0,0,0,0,False,0,0.0,0.0,0.0
1790803759.146,6.9,64.3,0,0,0.0,0.0,0,0,0,0,False,0,0.0,0.0,0.0
1790803760.146,20.0,64.7,0,32766,0.0,1.0,0,0,0,0,False,0,0.0,0.0,0.0
1790803761.146,41.9,64.9,0,0,0.0,0.0,3,1,0,3,False,0,0.0,0.0,0.0
1790803762.147,31.8,65.1,20478,35464068,5.0,338.0,1,1,0,1,False,0,0.0,0.0,0.0
1790803763.151,44.2,65.1,0,2814868,0.0,29.9,1,0,0,1,False,0,0.0,0.0,0.0
1790803764.151,45.9,64.2,0,16383,0.0,1.0,0,0,0,0,False,0,0.0,0.0,0.0
1790803765.151,6.8,64.2,0,663499,0.0,7.0,0,0,0,0,False,0,0.0,0.0,0.0
1790803766.151,6.7,64.1,0,675791,0.0,10.0,0,0,0,0,False,0,0.0,0.0,0.0
1790803767.151,7.9,64.0,0,5385830,0.0,42.0,0,0,0,0,False,0,0.0,0.0,0.0
1790803768.151,6.8,63.9,0,0,0.0,0.0,0,0,0,0,False,0,0.0,0.0,0.0
1790803769.151,7.0,63.8,0,2273102,0.0,25.0,0,0,0,0,False,0,0.0,0.0,0.0
1790803770.151,6.7,63.7,0,0,0.0,0.0,0,0,0,0,False,0,0.0,0.0,0.0
1790803771.151,6.5,63.7,0,0,0.0,0.0,0,0,0,0,False,0,0.0,0.0,0.0
1790803772.151,8.0,63.6,0,86009,0.0,2.0,0,0,0,0,False,0,0.0,0.0,0.0
1790803773.151,6.8,63.6,0,0,0.0,0.0,0,0,0,0,False,0,0.0,0.0,0.0
1790803774.151,7.0,63.6,0,0,0.0,0.0,0,0,0,0,False,0,0.0,0.0,0.0
1790803775.152,6.5,63.6,0,0,0.0,0.0,0,0,0,0,False,0,0.0,0.0,0.0
1790803776.152,6.8,63.6,0,0,0.0,0.0,0,0,0,0,False,0,0.0,0.0,0.0
1790803777.152,7.8,63.6,0,110584,0.0,11.0,0,0,0,0,False,0,0.0,0.0,0.0
1790803778.152,6.9,63.6,0,122870,0.0,16.0,0,0,0,0,False,0,0.0,0.0,0.0
1790803779.152,7.7,63.0,0,4096,0.0,1.0,0,0,0,0,False,0,0.0,0.0,0.0
1790803780.152,7.0,63.0,0,0,0.0,0.0,0,0,0,0,False,0,0.0,0.0,0.0
1790803781.152,6.6,63.0,0,823223,0.0,107.0,0,0,0,0,False,0,0.0,0.0,0.0
1790803782.152,6.7,63.0,0,4096,0.0,1.0,0,0,0,0,False,0,0.0,0.0,0.0
1790803783.152,7.3,63.0,0,0,0.0,0.0,0,0,0,0,False,0,0.0,0.0,0.0
1790803784.152,9.9,62.9,0,1408922,0.0,17.0,0,0,0,0,False,0,0.0,0.0,0.0
1790803785.152,6.8,62.9,0,0,0.0,0.0,0,0,0,0,False,0,0.0,0.0,0.0
1790803786.152,6.8,62.9,0,0,0.0,0.0,0,0,0,0,False,0,0.0,0.0,0.0
1790803787.152,6.9,62.8,0,0,0.0,0.0,0,0,0,0,False,0,0.0,0.0,0.0
1790803788.153,20.5,63.4,0,12721148,0.0,102.0,0,0,0,0,False,0,0.0,0.0,0.0
1790803789.153,31.8,63.7,0,393185,0.0,7.0,1,0,0,1,False,0,0.0,0.0,0.0
1790803790.153,18.2,63.0,0,16383,0.0,1.0,0,0,0,0,False,0,0.0,0.0,0.0
1790803791.153,6.8,63.0,0,0,0.0,0.0,0,0,0,0,False,0,0.0,0.0,0.0
1790803792.153,6.8,63.0,0,0,0.0,0.0,0,0,0,0,False,0,0.0,0.0,0.0
1790803793.153,7.7,63.1,0,43520952,0.0,334.0,0,0,0,0,False,0,0.0,0.0,0.0
1790803794.153,8.7,63.5,0,2965288,0.0,28.0,0,0,0,0,False,0,0.0,0.0,0.0
1790803795.153,12.7,64.0,0,438241,0.0,10.0,0,0,0,0,False,0,0.0,0.0,0.0
1790803796.153,8.7,64.2,0,81914,0.0,6.0,0,0,0,0,False,0,0.0,0.0,0.0
1790803797.153,11.1,64.5,0,57340,0.0,6.0,0,0,0,0,False,0,0.0,0.0,0.0
1790803798.153,24.5,64.9,0,32765,0.0,1.0,0,0,0,0,False,0,0.0,0.0,0.0
1790803799.153,51.8,64.8,0,315365,0.0,9.0,3,2,0,3,False,0,0.0,0.0,0.0
1790803800.153,30.3,65.2,0,0,0.0,0.0,1,1,0,1,False,0,0.0,0.0,0.0
1790803801.154,60.3,65.2,0,0,0.0,0.0,1,15,0,1,False,0,0.0,0.0,0.0
1790803802.154,17.3,64.4,0,720840,0.0,10.0,0,0,0,0,False,0,0.0,0.0,0.0
1790803803.154,7.1,64.3,0,0,0.0,0.0,0,0,0,0,False,0,0.0,0.0,0.0
1790803804.154,10.0,64.3,0,0,0.0,0.0,0,0,0,0,False,0,0.0,0.0,0.0
1790803805.154,6.8,64.2,0,12287,0.0,3.0,0,0,0,0,False,0,0.0,0.0,0.0
1790803806.154,7.9,64.1,0,0,0.0,0.0,0,0,0,0,False,0,0.0,0.0,0.0
1790803807.154,6.5,64.1,0,1855348,0.0,21.0,0,0,0,0,False,0,0.0,0.0,0.0
1790803808.154,6.9,64.1,0,0,0.0,0.0,0,0,0,0,False,0,0.0,0.0,0.0
1790803809.154,6.8,64.0,0,94201,0.0,11.0,0,0,0,0,False,0,0.0,0.0,0.0
1790803810.154,6.5,64.0,0,0,0.0,0.0,0,0,0,0,False,0,0.0,0.0,0.0
1790803811.154,7.0,64.0,0,0,0.0,0.0,0,0,0,0,False,0,0.0,0.0,0.0
1790803812.154,13.4,64.1,0,32766,0.0,1.0,0,0,0,0,False,0,0.0,0.0,0.0
1790803813.155,28.8,64.7,0,90104,0.0,1.0,4,0,0,4,False,0,0.0,0.0,0.0
1790803814.155,46.2,64.8,0,0,0.0,0.0,2,2,0,2,False,0,0.0,0.0,0.0
1790803815.155,22.3,65.0,0,913307,0.0,76.0,1,0,0,1,False,0,0.0,0.0,0.0
1790803816.155,61.2,64.4,0,585705,0.0,9.0,0,0,0,0,False,0,0.0,0.0,0.0
1790803817.155,6.4,64.3,0,0,0.0,0.0,0,0,0,0,False,0,0.0,0.0,0.0
1790803818.155,6.6,64.3,0,1236899,0.0,10.0,0,0,0,0,False,0,0.0,0.0,0.0
1790803819.155,7.4,64.2,0,32823067,0.0,261.0,0,0,0,0,False,0,0.0,0.0,0.0
1790803820.155,21.4,64.7,0,32766,0.0,1.0,0,0,0,0,False,0,0.0,0.0,0.0
1790803821.155,29.4,64.8,0,258029,0.0,3.0,1,1,0,1,False,0,0.0,0.0,0.0
1790803822.155,14.7,64.1,0,45053,0.0,2.0,0,0,0,0,False,0,0.0,0.0,0.0
1790803823.155,6.9,64.1,0,0,0.0,0.0,0,0,0,0,False,0,0.0,0.0,0.0
1790803824.155,10.5,64.0,0,0,0.0,0.0,0,0,0,0,False,0,0.0,0.0,0.0
1790803825.155,8.1,63.9,0,3276554,0.0,64.0,0,0,0,0,False,0,0.0,0.0,0.0
1790803826.155,7.0,63.9,0,0,0.0,0.0,0,0,0,0,False,0,0.0,0.0,0.0
1790803827.156,7.1,63.8,0,0,0.0,0.0,0,0,0,0,False,0,0.0,0.0,0.0
1790803828.156,6.8,63.8,0,4096,0.0,1.0,0,0,0,0,False,0,0.0,0.0,0.0
1790803829.156,6.9,63.8,0,0,0.0,0.0,0,0,0,0,False,0,0.0,0.0,0.0
1790803830.156,7.2,63.7,0,2592584,0.0,35.0,0,0,0,0,False,0,0.0,0.0,0.0
1790803831.156,10.3,63.7,0,0,0.0,0.0,0,0,0,0,False,0,0.0,0.0,0.0
1790803832.156,6.9,63.7,0,0,0.0,0.0,0,0,0,0,False,0,0.0,0.0,0.0
1790803833.156,6.8,63.7,0,0,0.0,0.0,0,0,0,0,False,0,0.0,0.0,0.0
1790803834.156,7.4,63.4,0,4096,0.0,1.0,0,0,0,0,False,0,0.0,0.0,0.0
1790803835.156,6.7,63.4,0,90105,0.0,4.0,0,0,0,0,False,0,0.0,0.0,0.0
1790803836.156,10.3,63.4,0,32766,0.0,1.0,0,0,0,0,False,0,0.0,0.0,0.0
1790803837.156,24.6,64.1,0,0,0.0,0.0,0,0,0,0,False,0,0.0,0.0,0.0
1790803838.156,40.6,64.3,0,0,0.0,0.0,2,2,0,2,False,0,0.0,0.0,0.0
1790803839.156,22.5,64.7,0,24377311,0.0,196.0,1,1,0,1,False,0,0.0,0.0,0.0
1790803840.156,66.2,64.6,0,692173,0.0,8.0,0,0,0,0,False,0,0.0,0.0,0.0
1790803841.157,7.8,64.6,0,0,0.0,0.0,0,0,0,0,False,0,0.0,0.0,0.0
1790803842.157,7.2,64.6,0,0,0.0,0.0,0,0,0,0,False,0,0.0,0.0,0.0
1790803843.157,7.1,64.6,0,0,0.0,0.0,0,0,0,0,False,0,0.0,0.0,0.0
1790803844.157,9.9,64.5,0,16776012,0.0,130.0,0,0,0,0,False,0,0.0,0.0,0.0
1790803845.157,19.7,64.8,0,184306,0.0,4.0,0,0,0,0,False,0,0.0,0.0,0.0
1790803846.157,21.0,65.0,0,847809,0.0,107.0,1,0,0,1,False,0,0.0,0.0,0.0
1790803847.157,11.4,64.3,0,454623,0.0,8.0,0,0,0,0,False,0,0.0,0.0,0.0
1790803848.157,7.0,64.3,0,0,0.0,0.0,0,0,0,0,False,0,0.0,0.0,0.0
1790803849.157,7.7,64.3,0,0,0.0,0.0,0,0,0,0,False,0,0.0,0.0,0.0
1790803850.157,10.3,64.3,0,0,0.0,0.0,0,0,0,0,False,0,0.0,0.0,0.0
1790803851.157,8.4,64.3,0,942011,0.0,12.0,0,0,0,0,False,0,0.0,0.0,0.0
1790803852.157,8.7,64.7,0,241646,0.0,12.0,0,0,0,0,False,0,0.0,0.0,0.0
1790803853.157,6.6,64.6,0,0,0.0,0.0,0,0,0,0,False,0,0.0,0.0,0.0
1790803854.158,10.9,64.9,0,0,0.0,0.0,0,0,0,0,False,0,0.0,0.0,0.0
1790803855.158,9.3,64.9,0,0,0.0,0.0,0,0,0,0,False,0,0.0,0.0,0.0
1790803856.158,23.1,65.4,0,3178265,0.0,43.0,0,0,0,0,False,0,0.0,0.0,0.0
1790803857.158,18.1,64.9,0,45053,0.0,2.0,0,0,0,0,False,0,0.0,0.0,0.0
1790803858.158,6.8,64.8,0,0,0.0,0.0,0,0,0,0,False,0,0.0,0.0,0.0
1790803859.158,7.1,64.8,0,0,0.0,0.0,0,0,0,0,False,0,0.0,0.0,0.0
1790803860.158,10.7,64.7,0,0,0.0,0.0,0,0,0,0,False,0,0.0,0.0,0.0
1790803861.158,6.8,64.7,0,864193,0.0,13.0,0,0,0,0,False,0,0.0,0.0,0.0
1790803862.158,6.9,64.6,0,217069,0.0,3.0,0,0,0,0,False,0,0.0,0.0,0.0
1790803863.158,6.8,64.6,0,0,0.0,0.0,0,0,0,0,False,0,0.0,0.0,0.0
1790803864.158,10.2,64.5,0,0,0.0,0.0,0,0,0,0,False,0,0.0,0.0,0.0
1790803865.158,17.6,64.9,0,32766,0.0,1.0,0,0,0,0,False,0,0.0,0.0,0.0
1790803866.158,32.6,65.3,0,0,0.0,0.0,2,1,0,2,False,0,0.0,0.0,0.0
1790803867.158,28.5,64.5,0,741322,0.0,22.0,0,0,0,0,False,0,0.0,0.0,0.0
1790803868.159,7.1,64.5,0,0,0.0,0.0,0,0,0,0,False,0,0.0,0.0,0.0
1790803869.159,7.0,64.5,0,368610,0.0,3.0,0,0,0,0,False,0,0.0,0.0,0.0
1790803870.159,7.7,64.5,0,1388443,0.0,13.0,0,0,0,0,False,0,0.0,0.0,0.0
1790803871.159,8.2,64.6,0,16383,0.0,1.0,0,0,0,0,False,0,0.0,0.0,0.0
1790803872.159,22.0,65.1,0,229359,0.0,4.0,0,0,0,0,False,0,0.0,0.0,0.0
1790803873.159,19.7,64.5,0,45053,0.0,2.0,0,0,0,0,False,0,0.0,0.0,0.0
1790803874.159,7.3,64.5,0,20479,0.0,2.0,0,0,0,0,False,0,0.0,0.0,0.0
1790803875.159,7.4,64.5,0,0,0.0,0.0,0,0,0,0,False,0,0.0,0.0,0.0
1790803876.159,7.5,64.5,0,0,0.0,0.0,0,0,0,0,False,0,0.0,0.0,0.0
1790803877.159,6.6,64.5,0,0,0.0,0.0,0,0,0,0,False,0,0.0,0.0,0.0
1790803878.159,6.8,64.4,0,708556,0.0,104.0,0,0,0,0,False,0,0.0,0.0,0.0
1790803879.159,6.8,64.4,0,159733,0.0,3.0,0,0,0,0,False,0,0.0,0.0,0.0
1790803880.159,7.3,64.2,0,81914,0.0,10.0,0,0,0,0,False,0,0.0,0.0,0.0
1790803881.160,19.0,64.5,0,36861,0.0,2.0,0,0,0,0,False,0,0.0,0.0,0.0
1790803882.160,22.5,64.7,0,0,0.0,0.0,1,0,0,1,False,0,0.0,0.0,0.0
1790803883.160,9.4,64.0,0,45053,0.0,2.0,0,0,0,0,False,0,0.0,0.0,0.0
1790803884.160,7.7,64.0,0,0,0.0,0.0,0,0,0,0,False,0,0.0,0.0,0.0
1790803885.160,6.7,64.1,0,0,0.0,0.0,0,0,0,0,False,0,0.0,0.0,0.0
1790803886.160,7.5,64.1,0,4312776,0.0,47.0,0,0,0,0,False,0,0.0,0.0,0.0
1790803887.160,6.9,64.1,0,0,0.0,0.0,0,0,0,0,False,0,0.0,0.0,0.0
1790803888.160,6.6,64.0,0,0,0.0,0.0,0,0,0,0,False,0,0.0,0.0,0.0
1790803889.160,10.1,63.7,0,0,0.0,0.0,0,0,0,0,False,0,0.0,0.0,0.0
1790803890.160,6.5,63.7,0,430049,0.0,5.0,0,0,0,0,False,0,0.0,0.0,0.0
1790803891.160,6.7,63.6,0,806853,0.0,11.0,0,0,0,0,False,0,0.0,0.0,0.0
1790803892.160,7.4,63.7,0,733131,0.0,13.0,0,0,0,0,False,0,0.0,0.0,0.0
1790803893.160,6.6,63.6,0,0,0.0,0.0,0,0,0,0,False,0,0.0,0.0,0.0
1790803894.160,16.1,63.8,0,32766,0.0,1.0,0,0,0,0,False,0,0.0,0.0,0.0
1790803895.161,26.0,64.5,0,86010,0.0,2.0,2,0,0,2,False,0,0.0,0.0,0.0
1790803896.161,22.4,63.9,0,45054,0.0,2.0,0,0,0,0,False,0,0.0,0.0,0.0
1790803897.161,7.7,63.9,0,741322,0.0,8.0,0,0,0,0,False,0,0.0,0.0,0.0
1790803898.161,6.6,63.9,0,0,0.0,0.0,0,0,0,0,False,0,0.0,0.0,0.0
1790803899.161,6.6,63.8,0,0,0.0,0.0,0,0,0,0,False,0,0.0,0.0,0.0
1790803900.161,6.4,63.8,0,0,0.0,0.0,0,0,0,0,False,0,0.0,0.0,0.0
1790803901.161,6.5,63.8,0,16383,0.0,1.0,0,0,0,0,False,0,0.0,0.0,0.0
1790803902.161,7.4,63.8,0,4096,0.0,1.0,0,0,0,0,False,0,0.0,0.0,0.0
1790803903.161,6.9,63.8,0,49148,0.0,2.0,0,0,0,0,False,0,0.0,0.0,0.0
1790803904.161,7.1,63.7,0,0,0.0,0.0,0,0,0,0,False,0,0.0,0.0,0.0
1790803905.161,6.7,63.7,0,0,0.0,0.0,0,0,0,0,False,0,0.0,0.0,0.0
1790803906.161,6.7,63.7,0,98296,0.0,1.0,0,0,0,0,False,0,0.0,0.0,0.0
1790803907.161,19.8,64.1,0,32765,0.0,1.0,0,0,0,0,False,0,0.0,0.0,0.0
1790803908.161,26.3,64.5,0,32765,0.0,1.0,1,1,0,1,False,0,0.0,0.0,0.0
1790803909.162,38.8,64.5,0,188399,0.0,33.0,0,0,0,0,False,0,0.0,0.0,0.0
1790803910.162,24.6,64.7,0,696264,0.0,14.0,0,0,0,0,False,0,0.0,0.0,0.0
1790803911.162,7.5,64.1,0,45052,0.0,2.0,0,0,0,0,False,0,0.0,0.0,0.0
1790803912.162,6.7,64.1,0,0,0.0,0.0,0,0,0,0,False,0,0.0,0.0,0.0
1790803913.162,15.9,64.2,0,32765,0.0,1.0,0,0,0,0,False,0,0.0,0.0,0.0
1790803914.162,29.7,64.9,0,0,0.0,0.0,1,0,0,1,False,0,0.0,0.0,0.0
1790803915.162,33.5,65.0,0,618448,0.0,6.0,1,1,0,1,False,0,0.0,0.0,0.0
1790803916.162,19.6,65.0,0,0,0.0,0.0,1,1,0,1,False,0,0.0,0.0,0.0
1790803917.162,21.3,65.0,0,4096,0.0,1.0,1,1,0,1,False,0,0.0,0.0,0.0
1790803918.162,37.5,65.4,0,65531,0.0,2.0,1,1,0,1,False,0,0.0,0.0,0.0
1790803919.162,39.6,65.8,0,0,0.0,0.0,2,1,0,2,False,0,0.0,0.0,0.0
1790803920.162,46.7,65.7,0,557013,0.0,6.0,2,2,0,2,False,0,0.0,0.0,0.0
1790803921.163,32.0,65.0,0,45052,0.0,2.0,1,1,0,1,False,0,0.0,0.0,0.0
1790803922.163,12.2,64.2,0,2809758,0.0,30.0,0,0,0,0,False,0,0.0,0.0,0.0
1790803923.163,7.3,64.2,0,1712005,0.0,19.0,0,0,0,0,False,0,0.0,0.0,0.0
1790803924.163,9.5,64.2,0,0,0.0,0.0,0,0,0,0,False,0,0.0,0.0,0.0
1790803925.163,6.8,64.2,0,0,0.0,0.0,0,0,0,0,False,0,0.0,0.0,0.0
1790803926.163,6.8,64.2,0,528339,0.0,5.0,0,0,0,0,False,0,0.0,0.0,0.0
1790803927.163,7.0,64.2,0,0,0.0,0.0,0,0,0,0,False,0,0.0,0.0,0.0
1790803928.163,7.1,64.1,0,0,0.0,0.0,0,0,0,0,False,0,0.0,0.0,0.0
1790803929.163,7.6,64.2,0,0,0.0,0.0,0,0,0,0,False,0,0.0,0.0,0.0
1790803930.163,6.9,64.1,0,0,0.0,0.0,0,0,0,0,False,0,0.0,0.0,0.0
1790803931.163,7.1,64.2,0,16383,0.0,1.0,0,0,0,0,False,0,0.0,0.0,0.0
1790803932.163,6.8,64.1,0,0,0.0,0.0,0,0,0,0,False,0,0.0,0.0,0.0
1790803933.163,7.0,64.1,0,32766,0.0,2.0,0,0,0,0,False,0,0.0,0.0,0.0
1790803934.164,10.5,64.1,0,0,0.0,0.0,0,0,0,0,False,0,0.0,0.0,0.0
1790803935.164,18.4,64.6,0,32765,0.0,1.0,0,0,0,0,False,0,0.0,0.0,0.0
1790803936.164,24.6,65.0,0,0,0.0,0.0,1,0,0,1,False,0,0.0,0.0,0.0
1790803937.164,13.3,64.7,0,266220,0.0,6.0,0,0,0,0,False,0,0.0,0.0,0.0
1790803938.164,8.5,64.7,0,0,0.0,0.0,0,0,0,0,False,0,0.0,0.0,0.0
1790803939.164,9.2,64.9,0,159731,0.0,12.0,0,0,0,0,False,0,0.0,0.0,0.0
1790803940.164,7.7,64.9,0,0,0.0,0.0,0,0,0,0,False,0,0.0,0.0,0.0
1790803941.164,6.8,64.9,0,737217,0.0,86.0,0,0,0,0,False,0,0.0,0.0,0.0
1790803942.164,7.0,64.9,0,192497,0.0,3.0,0,0,0,0,False,0,0.0,0.0,0.0
1790803943.164,7.0,64.8,0,0,0.0,0.0,0,0,0,0,False,0,0.0,0.0,0.0
1790803944.164,8.3,64.7,0,106489,0.0,10.0,0,0,0,0,False,0,0.0,0.0,0.0
1790803945.164,7.3,64.7,0,0,0.0,0.0,0,0,0,0,False,0,0.0,0.0,0.0
1790803946.164,7.3,64.6,0,0,0.0,0.0,0,0,0,0,False,0,0.0,0.0,0.0
1790803947.165,8.0,64.6,0,12287,0.0,1.0,0,0,0,0,False,0,0.0,0.0,0.0
1790803948.165,7.4,64.6,0,0,0.0,0.0,0,0,0,0,False,0,0.0,0.0,0.0
1790803949.165,6.9,64.6,0,0,0.0,0.0,0,0,0,0,False,0,0.0,0.0,0.0
1790803950.165,6.9,64.6,0,0,0.0,0.0,0,0,0,0,False,0,0.0,0.0,0.0
1790803951.165,10.1,64.6,0,0,0.0,0.0,0,0,0,0,False,0,0.0,0.0,0.0
1790803952.165,6.9,64.6,0,57340,0.0,3.0,0,0,0,0,False,0,0.0,0.0,0.0
1790803953.165,7.5,64.5,0,2391901,0.0,21.0,0,0,0,0,False,0,0.0,0.0,0.0
1790803954.165,8.2,64.3,0,188402,0.0,9.0,0,0,0,0,False,0,0.0,0.0,0.0
1790803955.165,6.8,64.3,0,0,0.0,0.0,0,0,0,0,False,0,0.0,0.0,0.0
1790803956.165,7.1,64.2,0,0,0.0,0.0,0,0,0,0,False,0,0.0,0.0,0.0
1790803957.165,6.7,64.2,0,45053,0.0,2.0,0,0,0,0,False,0,0.0,0.0,0.0
1790803958.165,6.8,64.3,0,12287,0.0,3.0,0,0,0,0,False,0,0.0,0.0,0.0
1790803959.165,14.7,64.6,0,32766,0.0,1.0,0,0,0,0,False,0,0.0,0.0,0.0
1790803960.165,24.1,65.1,0,0,0.0,0.0,0,0,0,0,False,0,0.0,0.0,0.0
1790803961.166,10.9,64.3,0,45053,0.0,2.0,0,0,0,0,False,0,0.0,0.0,0.0
1790803962.166,6.5,64.3,0,20478,0.0,2.0,0,0,0,0,False,0,0.0,0.0,0.0
1790803963.166,6.5,64.3,0,4096,0.0,1.0,0,0,0,0,False,0,0.0,0.0,0.0
1790803964.166,7.9,64.4,0,0,0.0,0.0,0,0,0,0,False,0,0.0,0.0,0.0
1790803965.166,6.4,64.3,0,176114,0.0,3.0,0,0,0,0,False,0,0.0,0.0,0.0
1790803966.166,6.4,64.3,0,0,0.0,0.0,0,0,0,0,False,0,0.0,0.0,0.0
1790803967.166,6.9,64.2,0,192496,0.0,23.0,0,0,0,0,False,0,0.0,0.0,0.0
1790803968.166,6.8,63.9,0,12287,0.0,3.0,0,0,0,0,False,0,0.0,0.0,0.0
1790803969.166,7.3,63.9,0,0,0.0,0.0,0,0,0,0,False,0,0.0,0.0,0.0
1790803970.166,7.0,63.9,0,0,0.0,0.0,0,0,0,0,False,0,0.0,0.0,0.0
1790803971.166,7.2,63.9,0,0,0.0,0.0,0,0,0,0,False,0,0.0,0.0,0.0
1790803972.166,6.6,64.0,0,0,0.0,0.0,0,0,0,0,False,0,0.0,0.0,0.0
1790803973.167,6.6,64.0,0,1376147,0.0,13.0,0,0,0,0,False,0,0.0,0.0,0.0
1790803974.167,12.3,64.7,0,196592,0.0,38.0,0,0,0,0,False,0,0.0,0.0,0.0
1790803975.167,7.0,64.6,0,0,0.0,0.0,0,0,0,0,False,0,0.0,0.0,0.0
1790803976.167,6.6,64.6,0,0,0.0,0.0,0,0,0,0,False,0,0.0,0.0,0.0
1790803977.167,6.9,64.6,0,0,0.0,0.0,0,0,0,0,False,0,0.0,0.0,0.0
1790803978.167,7.6,64.5,0,45053,0.0,2.0,0,0,0,0,False,0,0.0,0.0,0.0
1790803979.167,6.6,64.5,0,28670,0.0,3.0,0,0,0,0,False,0,0.0,0.0,0.0
1790803980.167,6.7,64.4,0,0,0.0,0.0,0,0,0,0,False,0,0.0,0.0,0.0
1790803981.167,6.7,64.4,0,0,0.0,0.0,0,0,0,0,False,0,0.0,0.0,0.0
1790803982.167,6.8,64.3,0,0,0.0,0.0,0,0,0,0,False,0,0.0,0.0,0.0
1790803983.167,6.9,64.3,0,0,0.0,0.0,0,0,0,0,False,0,0.0,0.0,0.0
1790803984.167,7.0,64.3,0,2887470,0.0,39.0,0,0,0,0,False,0,0.0,0.0,0.0
1790803985.167,19.0,64.8,0,32765,0.0,1.0,0,0,0,0,False,0,0.0,0.0,0.0
1790803986.167,22.0,65.2,0,188403,0.0,8.0,0,0,0,0,False,0,0.0,0.0,0.0
1790803987.168,7.1,64.4,0,45053,0.0,2.0,0,0,0,0,False,0,0.0,0.0,0.0
1790803988.168,6.8,64.4,0,0,0.0,0.0,0,0,0,0,False,0,0.0,0.0,0.0
1790803989.168,21.2,65.0,0,258030,0.0,4.0,0,0,0,0,False,0,0.0,0.0,0.0
1790803990.168,32.1,65.5,0,65531,0.0,2.0,1,0,0,1,False,0,0.0,0.0,0.0
1790803991.168,29.6,65.5,0,12287,0.0,1.0,0,0,0,0,False,0,0.0,0.0,0.0
1790803992.168,14.2,64.8,0,45053,0.0,2.0,0,0,0,0,False,0,0.0,0.0,0.0
1790803993.168,6.7,64.8,0,106488,0.0,2.0,0,0,0,0,False,0,0.0,0.0,0.0
1790803994.168,7.1,64.8,0,0,0.0,0.0,0,0,0,0,False,0,0.0,0.0,0.0
1790803995.168,8.8,64.8,0,298987,0.0,4.0,0,0,0,0,False,0,0.0,0.0,0.0
1790803996.168,7.0,64.7,0,0,0.0,0.0,0,0,0,0,False,0,0.0,0.0,0.0
1790803997.168,9.4,64.7,0,0,0.0,0.0,0,0,0,0,False,0,0.0,0.0,0.0
1790803998.168,22.4,65.0,0,1224610,0.0,13.0,0,0,0,0,False,0,0.0,0.0,0.0
1790803999.168,25.2,65.4,0,0,0.0,0.0,0,0,0,0,False,0,0.0,0.0,0.0
1790804000.168,10.4,64.9,0,622548,0.0,8.0,0,0,0,0,False,0,0.0,0.0,0.0
1790804001.169,22.7,65.5,0,32765,0.0,1.0,0,0,0,0,False,0,0.0,0.0,0.0
1790804002.169,30.9,65.5,0,0,0.0,0.0,1,0,0,1,False,0,0.0,0.0,0.0
1790804003.169,24.6,65.5,0,0,0.0,0.0,1,1,0,1,False,0,0.0,0.0,0.0
1790804004.169,21.1,65.5,0,12287,0.0,1.0,1,1,0,1,False,0,0.0,0.0,0.0
1790804005.169,22.4,65.6,0,0,0.0,0.0,1,1,0,1,False,0,0.0,0.0,0.0
1790804006.169,21.6,65.5,0,311272,0.0,4.0,1,1,0,1,False,0,0.0,0.0,0.0
1790804007.169,28.2,65.7,0,65531,0.0,2.0,1,1,0,1,False,0,0.0,0.0,0.0
1790804008.169,40.2,66.3,0,0,0.0,0.0,1,1,0,1,False,0,0.0,0.0,0.0
1790804009.169,15.8,64.8,0,532440,0.0,62.0,0,0,0,0,False,0,0.0,0.0,0.0
1790804010.169,7.9,64.8,0,20479,0.0,3.0,0,0,0,0,False,0,0.0,0.0,0.0
1790804011.169,6.9,64.8,0,0,0.0,0.0,0,0,0,0,False,0,0.0,0.0,0.0
1790804012.169,7.1,64.8,0,249838,0.0,3.0,0,0,0,0,False,0,0.0,0.0,0.0
1790804013.169,6.8,64.8,0,0,0.0,0.0,0,0,0,0,False,0,0.0,0.0,0.0
1790804014.170,7.3,64.7,0,2023279,0.0,22.0,0,0,0,0,False,0,0.0,0.0,0.0
1790804015.170,8.0,64.7,0,0,0.0,0.0,0,0,0,0,False,0,0.0,0.0,0.0
1790804016.170,7.3,64.6,0,0,0.0,0.0,0,0,0,0,False,0,0.0,0.0,0.0
1790804017.170,7.4,64.7,0,1167276,0.0,16.0,0,0,0,0,False,0,0.0,0.0,0.0
1790804018.170,11.7,65.3,0,86010,0.0,3.0,0,0,0,0,False,0,0.0,0.0,0.0
1790804019.170,8.6,65.5,0,143349,0.0,13.0,0,0,0,0,False,0,0.0,0.0,0.0
1790804020.170,7.7,65.5,0,90106,0.0,10.0,0,0,0,0,False,0,0.0,0.0,0.0
1790804021.170,7.6,65.4,0,0,0.0,0.0,0,0,0,0,False,0,0.0,0.0,0.0
1790804022.170,6.8,65.4,0,0,0.0,0.0,0,0,0,0,False,0,0.0,0.0,0.0
1790804023.170,7.0,65.4,0,16383,0.0,1.0,0,0,0,0,False,0,0.0,0.0,0.0
1790804024.170,7.0,65.3,0,4096,0.0,1.0,0,0,0,0,False,0,0.0,0.0,0.0
1790804025.170,7.1,65.2,0,0,0.0,0.0,0,0,0,0,False,0,0.0,0.0,0.0
1790804026.170,11.4,65.2,0,0,0.0,0.0,0,0,0,0,False,0,0.0,0.0,0.0
1790804027.170,6.6,65.1,0,0,0.0,0.0,0,0,0,0,False,0,0.0,0.0,0.0
1790804028.171,8.9,65.2,0,0,0.0,0.0,0,0,0,0,False,0,0.0,0.0,0.0
1790804029.171,22.9,65.7,0,69628,0.0,3.0,0,0,0,0,False,0,0.0,0.0,0.0
1790804030.171,17.6,65.0,0,45053,0.0,2.0,0,0,0,0,False,0,0.0,0.0,0.0
1790804031.171,6.7,65.1,0,0,0.0,0.0,0,0,0,0,False,0,0.0,0.0,0.0
1790804032.171,7.0,65.0,0,0,0.0,0.0,0,0,0,0,False,0,0.0,0.0,0.0
1790804033.171,6.6,65.1,0,667600,0.0,7.0,0,0,0,0,False,0,0.0,0.0,0.0
1790804034.171,7.2,65.0,0,315369,0.0,7.0,0,0,0,0,False,0,0.0,0.0,0.0
1790804035.171,10.2,65.0,0,0,0.0,0.0,0,0,0,0,False,0,0.0,0.0,0.0
1790804036.171,6.6,65.1,0,200689,0.0,4.0,0,0,0,0,False,0,0.0,0.0,0.0
1790804037.171,6.3,65.1,0,0,0.0,0.0,0,0,0,0,False,0,0.0,0.0,0.0
1790804038.171,6.7,65.0,0,0,0.0,0.0,0,0,0,0,False,0,0.0,0.0,0.0
1790804039.171,6.7,65.0,0,36861,0.0,2.0,0,0,0,0,False,0,0.0,0.0,0.0
1790804040.171,7.7,65.0,0,0,0.0,0.0,0,0,0,0,False,0,0.0,0.0,0.0
1790804041.171,6.4,65.0,0,0,0.0,0.0,0,0,0,0,False,0,0.0,0.0,0.0
1790804042.172,6.6,64.9,0,479196,0.0,83.0,0,0,0,0,False,0,0.0,0.0,0.0
1790804043.172,6.4,64.9,0,0,0.0,0.0,0,0,0,0,False,0,0.0,0.0,0.0
1790804044.172,7.1,64.9,0,12287,0.0,1.0,0,0,0,0,False,0,0.0,0.0,0.0
1790804045.172,7.7,64.9,0,0,0.0,0.0,0,0,0,0,False,0,0.0,0.0,0.0
1790804046.172,7.0,64.9,0,0,0.0,0.0,0,0,0,0,False,0,0.0,0.0,0.0
1790804047.172,6.8,64.9,0,151540,0.0,18.0,0,0,0,0,False,0,0.0,0.0,0.0
1790804048.172,7.5,64.5,0,0,0.0,0.0,0,0,0,0,False,0,0.0,0.0,0.0
1790804049.172,14.5,65.1,0,118771,0.0,7.0,0,0,0,0,False,0,0.0,0.0,0.0
1790804050.172,8.7,65.3,0,4562613,0.0,53.0,0,0,0,0,False,0,0.0,0.0,0.0
1790804051.172,7.0,65.3,0,65531,0.0,4.0,0,0,0,0,False,0,0.0,0.0,0.0
1790804052.172,6.6,65.3,0,0,0.0,0.0,0,0,0,0,False,0,0.0,0.0,0.0
1790804053.172,6.6,65.3,0,0,0.0,0.0,0,0,0,0,False,0,0.0,0.0,0.0
1790804054.172,7.1,65.3,0,16383,0.0,1.0,0,0,0,0,False,0,0.0,0.0,0.0
1790804055.173,6.8,65.3,0,0,0.0,0.0,0,0,0,0,False,0,0.0,0.0,0.0
1790804056.173,6.6,65.2,0,0,0.0,0.0,0,0,0,0,False,0,0.0,0.0,0.0
1790804057.173,7.4,65.2,0,45053,0.0,2.0,0,0,0,0,False,0,0.0,0.0,0.0
1790804058.173,6.7,65.1,0,0,0.0,0.0,0,0,0,0,False,0,0.0,0.0,0.0
1790804059.173,6.7,65.0,0,0,0.0,0.0,0,0,0,0,False,0,0.0,0.0,0.0
1790804060.173,6.7,65.0,0,0,0.0,0.0,0,0,0,0,False,0,0.0,0.0,0.0
1790804061.173,9.3,64.9,0,0,0.0,0.0,0,0,0,0,False,0,0.0,0.0,0.0
1790804062.173,8.0,64.9,0,0,0.0,0.0,0,0,0,0,False,0,0.0,0.0,0.0
1790804063.173,6.9,64.9,0,0,0.0,0.0,0,0,0,0,False,0,0.0,0.0,0.0
1790804064.173,7.4,64.8,0,49148,0.0,3.0,0,0,0,0,False,0,0.0,0.0,0.0
1790804065.173,6.9,64.8,0,0,0.0,0.0,0,0,0,0,False,0,0.0,0.0,0.0
1790804066.173,7.2,64.8,0,0,0.0,0.0,0,0,0,0,False,0,0.0,0.0,0.0
1790804067.173,6.5,64.8,0,0,0.0,0.0,0,0,0,0,False,0,0.0,0.0,0.0
1790804068.173,7.2,64.8,0,0,0.0,0.0,0,0,0,0,False,0,0.0,0.0,0.0
1790804069.174,6.9,64.9,0,1236896,0.0,10.0,0,0,0,0,False,0,0.0,0.0,0.0
1790804070.174,7.0,64.9,0,73725,0.0,2.0,0,0,0,0,False,0,0.0,0.0,0.0
1790804071.174,6.5,64.9,0,0,0.0,0.0,0,0,0,0,False,0,0.0,0.0,0.0
1790804072.174,6.8,64.9,0,0,0.0,0.0,0,0,0,0,False,0,0.0,0.0,0.0
1790804073.174,7.9,64.9,0,53244,0.0,4.0,0,0,0,0,False,0,0.0,0.0,0.0
1790804074.174,25.1,65.4,0,32766,0.0,1.0,0,0,0,0,False,0,0.0,0.0,0.0
1790804075.174,23.8,65.6,0,12287,0.0,1.0,0,0,0,0,False,0,0.0,0.0,0.0
1790804076.174,7.5,64.9,0,32766,0.0,1.0,0,0,0,0,False,0,0.0,0.0,0.0
1790804077.174,6.8,64.9,0,0,0.0,0.0,0,0,0,0,False,0,0.0,0.0,0.0
1790804078.174,6.8,65.0,0,872375,0.0,110.0,0,0,0,0,False,0,0.0,0.0,0.0
1790804079.174,8.6,64.4,0,0,0.0,0.0,0,0,0,0,False,0,0.0,0.0,0.0
1790804080.174,6.9,64.5,0,188402,0.0,9.0,0,0,0,0,False,0,0.0,0.0,0.0
1790804081.174,16.8,64.7,0,4054711,0.0,44.0,0,0,0,0,False,0,0.0,0.0,0.0
1790804082.175,22.6,65.1,0,0,0.0,0.0,1,0,0,1,False,0,0.0,0.0,0.0
1790804083.175,10.3,64.5,0,720842,0.0,12.0,0,0,0,0,False,0,0.0,0.0,0.0
1790804084.175,10.3,64.3,0,217070,0.0,3.0,0,0,0,0,False,0,0.0,0.0,0.0
1790804085.175,7.8,64.4,0,16383,0.0,1.0,0,0,0,0,False,0,0.0,0.0,0.0
1790804086.175,7.1,64.3,0,8191,0.0,1.0,0,0,0,0,False,0,0.0,0.0,0.0
1790804087.175,10.2,64.3,0,0,0.0,0.0,0,0,0,0,False,0,0.0,0.0,0.0
1790804088.175,6.9,64.3,0,0,0.0,0.0,0,0,0,0,False,0,0.0,0.0,0.0
1790804089.175,6.9,64.2,0,204785,0.0,4.0,0,0,0,0,False,0,0.0,0.0,0.0
1790804090.175,8.1,64.2,0,0,0.0,0.0,0,0,0,0,False,0,0.0,0.0,0.0
1790804091.175,6.9,64.2,0,0,0.0,0.0,0,0,0,0,False,0,0.0,0.0,0.0
1790804092.175,6.9,64.2,0,0,0.0,0.0,0,0,0,0,False,0,0.0,0.0,0.0
1790804093.175,7.7,64.2,0,0,0.0,0.0,0,0,0,0,False,0,0.0,0.0,0.0
1790804094.175,8.8,64.6,0,102392,0.0,2.0,0,0,0,0,False,0,0.0,0.0,0.0
1790804095.176,15.7,65.4,0,172018,0.0,8.0,0,0,0,0,False,0,0.0,0.0,0.0
1790804096.176,10.9,65.5,0,159734,0.0,12.0,0,0,0,0,False,0,0.0,0.0,0.0
1790804097.176,6.9,65.5,0,0,0.0,0.0,0,0,0,0,False,0,0.0,0.0,0.0
1790804098.176,6.8,65.4,0,0,0.0,0.0,0,0,0,0,False,0,0.0,0.0,0.0
1790804099.176,7.1,65.4,0,0,0.0,0.0,0,0,0,0,False,0,0.0,0.0,0.0
1790804100.176,7.3,65.3,0,0,0.0,0.0,0,0,0,0,False,0,0.0,0.0,0.0
1790804101.176,7.2,65.3,0,0,0.0,0.0,0,0,0,0,False,0,0.0,0.0,0.0
1790804102.176,7.1,65.3,0,57340,0.0,2.0,0,0,0,0,False,0,0.0,0.0,0.0
1790804103.176,7.6,65.3,0,118776,0.0,11.0,0,0,0,0,False,0,0.0,0.0,0.0
1790804104.176,7.3,65.3,0,0,0.0,0.0,0,0,0,0,False,0,0.0,0.0,0.0
1790804105.176,7.3,65.2,0,73723,0.0,5.0,0,0,0,0,False,0,0.0,0.0,0.0
1790804106.176,6.8,65.2,0,0,0.0,0.0,0,0,0,0,False,0,0.0,0.0,0.0
1790804107.176,6.6,65.2,0,0,0.0,0.0,0,0,0,0,False,0,0.0,0.0,0.0
1790804108.176,6.7,65.2,0,0,0.0,0.0,0,0,0,0,False,0,0.0,0.0,0.0
1790804109.177,7.7,65.2,0,606164,0.0,100.0,0,0,0,0,False,0,0.0,0.0,0.0
1790804110.177,9.3,65.1,0,16383,0.0,2.0,0,0,0,0,False,0,0.0,0.0,0.0
1790804111.177,6.6,65.1,0,0,0.0,0.0,0,0,0,0,False,0,0.0,0.0,0.0
1790804112.177,6.6,65.1,0,3141386,0.0,35.0,0,0,0,0,False,0,0.0,0.0,0.0
1790804113.177,6.4,65.1,0,90105,0.0,1.0,0,0,0,0,False,0,0.0,0.0,0.0
1790804114.177,7.7,65.0,0,0,0.0,0.0,0,0,0,0,False,0,0.0,0.0,0.0
1790804115.177,7.3,65.0,0,0,0.0,0.0,0,0,0,0,False,0,0.0,0.0,0.0
1790804116.177,6.5,65.0,0,114680,0.0,4.0,0,0,0,0,False,0,0.0,0.0,0.0
1790804117.177,6.9,65.0,0,1437594,0.0,15.0,0,0,0,0,False,0,0.0,0.0,0.0
1790804118.177,6.7,64.9,0,0,0.0,0.0,0,0,0,0,False,0,0.0,0.0,0.0
1790804119.177,6.9,64.9,0,0,0.0,0.0,0,0,0,0,False,0,0.0,0.0,0.0
1790804120.177,6.9,65.0,0,0,0.0,0.0,0,0,0,0,False,0,0.0,0.0,0.0
1790804121.177,12.6,65.1,0,2314060,0.0,24.0,0,0,0,0,False,0,0.0,0.0,0.0
1790804122.177,24.6,65.7,0,139254,0.0,3.0,0,0,0,0,False,0,0.0,0.0,0.0
1790804123.178,11.3,65.1,0,45053,0.0,2.0,0,0,0,0,False,0,0.0,0.0,0.0
1790804124.178,10.3,65.1,0,0,0.0,0.0,0,0,0,0,False,0,0.0,0.0,0.0
1790804125.178,7.5,65.1,0,376805,0.0,30.0,0,0,0,0,False,0,0.0,0.0,0.0
1790804126.178,11.6,65.0,0,0,0.0,0.0,0,0,0,0,False,0,0.0,0.0,0.0
1790804127.178,6.7,65.0,0,1523601,0.0,21.0,0,0,0,0,False,0,0.0,0.0,0.0
1790804128.178,6.8,64.9,0,0,0.0,0.0,0,0,0,0,False,0,0.0,0.0,0.0
1790804129.178,6.9,64.7,0,0,0.0,0.0,0,0,0,0,False,0,0.0,0.0,0.0
1790804130.178,6.7,64.7,0,245742,0.0,4.0,0,0,0,0,False,0,0.0,0.0,0.0
1790804131.178,7.7,64.6,0,0,0.0,0.0,0,0,0,0,False,0,0.0,0.0,0.0
1790804132.178,7.0,64.6,0,0,0.0,0.0,0,0,0,0,False,0,0.0,0.0,0.0
1790804133.178,6.6,64.6,0,4096,0.0,1.0,0,0,0,0,False,0,0.0,0.0,0.0
1790804134.178,7.1,64.4,0,0,0.0,0.0,0,0,0,0,False,0,0.0,0.0,0.0
1790804135.178,6.9,64.3,0,0,0.0,0.0,0,0,0,0,False,0,0.0,0.0,0.0
1790804136.178,9.0,64.3,0,57340,0.0,3.0,0,0,0,0,False,0,0.0,0.0,0.0
1790804137.179,7.2,64.3,0,0,0.0,0.0,0,0,0,0,False,0,0.0,0.0,0.0
1790804138.179,6.6,64.3,0,0,0.0,0.0,0,0,0,0,False,0,0.0,0.0,0.0
1790804139.179,6.7,64.3,0,0,0.0,0.0,0,0,0,0,False,0,0.0,0.0,0.0
1790804140.179,7.0,64.3,4096,1236901,1.0,10.0,0,0,0,0,False,0,0.0,0.0,0.0
1790804141.179,6.8,64.3,0,229359,0.0,6.0,0,0,0,0,False,0,0.0,0.0,0.0
1790804142.179,7.7,64.3,0,2797363,0.0,30.0,0,0,0,0,False,0,0.0,0.0,0.0
1790804143.179,6.8,64.3,0,188402,0.0,9.0,0,0,0,0,False,0,0.0,0.0,0.0
1790804144.179,9.8,64.3,0,0,0.0,0.0,0,0,0,0,False,0,0.0,0.0,0.0
1790804145.179,6.6,64.3,0,0,0.0,0.0,0,0,0,0,False,0,0.0,0.0,0.0
1790804146.179,6.8,64.3,0,364518,0.0,63.0,0,0,0,0,False,0,0.0,0.0,0.0
1790804147.179,7.6,64.3,0,0,0.0,0.0,0,0,0,0,False,0,0.0,0.0,0.0
1790804148.179,7.1,64.2,0,0,0.0,0.0,0,0,0,0,False,0,0.0,0.0,0.0
1790804149.179,7.3,64.5,0,0,0.0,0.0,0,0,0,0,False,0,0.0,0.0,0.0
1790804150.179,7.9,64.7,0,0,0.0,0.0,0,0,0,0,False,0,0.0,0.0,0.0
1790804151.180,6.9,64.7,0,0,0.0,0.0,0,0,0,0,False,0,0.0,0.0,0.0
1790804152.180,6.7,64.7,0,73721,0.0,2.0,0,0,0,0,False,0,0.0,0.0,0.0
1790804153.180,6.6,64.7,0,0,0.0,0.0,0,0,0,0,False,0,0.0,0.0,0.0
1790804154.180,7.5,64.7,0,0,0.0,0.0,0,0,0,0,False,0,0.0,0.0,0.0
1790804155.180,10.6,64.6,0,0,0.0,0.0,0,0,0,0,False,0,0.0,0.0,0.0
1790804156.180,6.9,64.6,0,675792,0.0,7.0,0,0,0,0,False,0,0.0,0.0,0.0
1790804157.180,6.9,64.5,0,204785,0.0,15.0,0,0,0,0,False,0,0.0,0.0,0.0
1790804158.180,6.9,64.5,0,0,0.0,0.0,0,0,0,0,False,0,0.0,0.0,0.0
1790804159.180,8.0,64.5,0,176114,0.0,4.0,0,0,0,0,False,0,0.0,0.0,0.0
1790804160.180,7.1,64.5,0,0,0.0,0.0,0,0,0,0,False,0,0.0,0.0,0.0
1790804161.180,6.8,64.5,0,176115,0.0,18.0,0,0,0,0,False,0,0.0,0.0,0.0
1790804162.180,6.9,64.5,0,0,0.0,0.0,0,0,0,0,False,0,0.0,0.0,0.0
1790804163.180,9.4,64.4,0,0,0.0,0.0,0,0,0,0,False,0,0.0,0.0,0.0
1790804164.181,7.3,64.4,0,0,0.0,0.0,0,0,0,0,False,0,0.0,0.0,0.0
1790804165.181,7.2,64.4,0,0,0.0,0.0,0,0,0,0,False,0,0.0,0.0,0.0
1790804166.181,7.1,64.4,0,0,0.0,0.0,0,0,0,0,False,0,0.0,0.0,0.0
1790804167.181,6.6,64.4,0,0,0.0,0.0,0,0,0,0,False,0,0.0,0.0,0.0
1790804168.181,6.8,64.4,0,16383,0.0,3.0,0,0,0,0,False,0,0.0,0.0,0.0
1790804169.181,7.2,64.4,0,0,0.0,0.0,0,0,0,0,False,0,0.0,0.0,0.0
1790804170.181,8.1,64.4,0,1236901,0.0,10.0,0,0,0,0,False,0,0.0,0.0,0.0
1790804171.181,7.1,64.4,0,0,0.0,0.0,0,0,0,0,False,0,0.0,0.0,0.0
1790804172.181,6.9,64.4,0,0,0.0,0.0,0,0,0,0,False,0,0.0,0.0,0.0
1790804173.181,6.8,64.4,0,3329800,0.0,34.0,0,0,0,0,False,0,0.0,0.0,0.0
1790804174.181,10.0,64.4,0,12287,0.0,3.0,0,0,0,0,False,0,0.0,0.0,0.0
1790804175.181,7.0,64.4,0,0,0.0,0.0,0,0,0,0,False,0,0.0,0.0,0.0
1790804176.181,7.2,64.4,0,77818,0.0,2.0,0,0,0,0,False,0,0.0,0.0,0.0
1790804177.181,6.8,64.4,0,188402,0.0,37.0,0,0,0,0,False,0,0.0,0.0,0.0
1790804178.182,6.6,64.5,0,0,0.0,0.0,0,0,0,0,False,0,0.0,0.0,0.0
1790804179.182,6.9,64.5,0,0,0.0,0.0,0,0,0,0,False,0,0.0,0.0,0.0
1790804180.182,7.5,64.2,0,122871,0.0,10.0,0,0,0,0,False,0,0.0,0.0,0.0
1790804181.182,6.6,64.2,0,0,0.0,0.0,0,0,0,0,False,0,0.0,0.0,0.0
1790804182.182,7.2,64.2,0,0,0.0,0.0,0,0,0,0,False,0,0.0,0.0,0.0
1790804183.182,7.3,64.1,0,0,0.0,0.0,0,0,0,0,False,0,0.0,0.0,0.0
1790804184.182,11.4,64.1,0,0,0.0,0.0,0,0,0,0,False,0,0.0,0.0,0.0
1790804185.182,7.0,64.1,0,0,0.0,0.0,0,0,0,0,False,0,0.0,0.0,0.0
1790804186.182,6.7,64.1,0,0,0.0,0.0,0,0,0,0,False,0,0.0,0.0,0.0
1790804187.182,6.8,64.1,0,45053,0.0,2.0,0,0,0,0,False,0,0.0,0.0,0.0
1790804188.182,6.8,64.1,0,0,0.0,0.0,0,0,0,0,False,0,0.0,0.0,0.0
1790804189.182,6.8,64.1,0,4096,0.0,1.0,0,0,0,0,False,0,0.0,0.0,0.0
1790804190.182,7.3,64.1,0,393187,0.0,5.0,0,0,0,0,False,0,0.0,0.0,0.0
1790804191.182,6.5,64.1,0,0,0.0,0.0,0,0,0,0,False,0,0.0,0.0,0.0
1790804192.183,7.2,64.1,0,0,0.0,0.0,0,0,0,0,False,0,0.0,0.0,0.0
1790804193.183,6.6,64.1,0,0,0.0,0.0,0,0,0,0,False,0,0.0,0.0,0.0
1790804194.183,9.8,64.1,0,0,0.0,0.0,0,0,0,0,False,0,0.0,0.0,0.0
1790804195.183,7.1,64.1,0,208881,0.0,6.0,0,0,0,0,False,0,0.0,0.0,0.0
1790804196.183,7.1,64.1,0,0,0.0,0.0,0,0,0,0,False,0,0.0,0.0,0.0
1790804197.183,6.6,64.1,0,0,0.0,0.0,0,0,0,0,False,0,0.0,0.0,0.0
1790804198.183,6.6,64.1,0,0,0.0,0.0,0,0,0,0,False,0,0.0,0.0,0.0
1790804199.183,7.1,64.1,0,0,0.0,0.0,0,0,0,0,False,0,0.0,0.0,0.0
1790804200.183,7.7,64.1,0,0,0.0,0.0,0,0,0,0,False,0,0.0,0.0,0.0
1790804201.183,6.5,64.1,0,45053,0.0,2.0,0,0,0,0,False,0,0.0,0.0,0.0
1790804202.183,6.6,64.1,0,0,0.0,0.0,0,0,0,0,False,0,0.0,0.0,0.0
1790804203.183,6.7,64.1,0,0,0.0,0.0,0,0,0,0,False,0,0.0,0.0,0.0
1790804204.183,8.0,64.1,0,2932616,0.0,32.0,0,0,0,0,False,0,0.0,0.0,0.0
1790804205.183,6.8,64.1,0,24574,0.0,4.0,0,0,0,0,False,0,0.0,0.0,0.0
1790804206.183,6.8,64.1,0,0,0.0,0.0,0,0,0,0,False,0,0.0,0.0,0.0
1790804207.184,6.9,64.1,0,0,0.0,0.0,0,0,0,0,False,0,0.0,0.0,0.0
1790804208.184,6.9,64.1,0,966585,0.0,13.0,0,0,0,0,False,0,0.0,0.0,0.0
1790804209.184,6.8,64.1,0,16383,0.0,2.0,0,0,0,0,False,0,0.0,0.0,0.0
1790804210.184,7.1,64.1,0,94201,0.0,10.0,0,0,0,0,False,0,0.0,0.0,0.0
1790804211.184,6.8,64.1,0,118775,0.0,27.0,0,0,0,0,False,0,0.0,0.0,0.0
1790804212.184,9.7,64.1,0,0,0.0,0.0,0,0,0,0,False,0,0.0,0.0,0.0
1790804213.184,6.7,64.1,0,0,0.0,0.0,0,0,0,0,False,0,0.0,0.0,0.0
1790804214.184,7.3,64.1,0,0,0.0,0.0,0,0,0,0,False,0,0.0,0.0,0.0
1790804215.184,12.6,64.2,0,69627,0.0,3.0,0,0,0,0,False,0,0.0,0.0,0.0
1790804216.184,25.9,64.9,0,0,0.0,0.0,1,0,0,1,False,0,0.0,0.0,0.0
1790804217.184,29.3,65.0,0,0,0.0,0.0,1,1,0,1,False,0,0.0,0.0,0.0
1790804218.184,19.4,65.0,0,0,0.0,0.0,1,1,0,1,False,0,0.0,0.0,0.0
1790804219.184,19.5,65.1,0,0,0.0,0.0,1,1,0,1,False,0,0.0,0.0,0.0
1790804220.185,19.7,65.1,0,0,0.0,0.0,1,1,0,1,False,0,0.0,0.0,0.0
1790804221.185,19.6,65.1,0,245746,0.0,3.0,1,1,0,1,False,0,0.0,0.0,0.0
1790804222.185,20.5,65.1,0,0,0.0,0.0,1,1,0,1,False,0,0.0,0.0,0.0
1790804223.185,19.3,64.3,0,45053,0.0,2.0,0,0,0,0,False,0,0.0,0.0,0.0
1790804224.185,11.9,64.3,2097004,11586766,18.0,105.0,0,0,0,0,False,0,0.0,0.0,0.0
1790804225.185,6.9,64.3,0,0,0.0,0.0,0,0,0,0,False,0,0.0,0.0,0.0
1790804226.185,6.6,64.2,0,0,0.0,0.0,0,0,0,0,False,0,0.0,0.0,0.0
1790804227.185,6.8,64.1,0,0,0.0,0.0,0,0,0,0,False,0,0.0,0.0,0.0
1790804228.185,7.3,64.1,0,0,0.0,0.0,0,0,0,0,False,0,0.0,0.0,0.0
1790804229.185,8.0,64.2,0,0,0.0,0.0,0,0,0,0,False,0,0.0,0.0,0.0
1790804230.185,6.7,64.2,0,143350,0.0,3.0,0,0,0,0,False,0,0.0,0.0,0.0
1790804231.185,6.6,64.1,0,0,0.0,0.0,0,0,0,0,False,0,0.0,0.0,0.0
1790804232.185,6.7,64.1,0,0,0.0,0.0,0,0,0,0,False,0,0.0,0.0,0.0
1790804233.185,7.5,64.1,0,0,0.0,0.0,0,0,0,0,False,0,0.0,0.0,0.0
1790804234.186,9.6,64.2,0,1752960,0.0,18.0,0,0,0,0,False,0,0.0,0.0,0.0
1790804235.186,6.7,64.2,0,16383,0.0,2.0,0,0,0,0,False,0,0.0,0.0,0.0
1790804236.186,6.4,64.2,0,237551,0.0,8.0,0,0,0,0,False,0,0.0,0.0,0.0
1790804237.186,7.0,64.2,0,0,0.0,0.0,0,0,0,0,False,0,0.0,0.0,0.0
1790804238.186,7.4,64.2,0,16383,0.0,1.0,0,0,0,0,False,0,0.0,0.0,0.0
1790804239.186,6.5,64.2,0,0,0.0,0.0,0,0,0,0,False,0,0.0,0.0,0.0
1790804240.186,6.6,64.2,0,0,0.0,0.0,0,0,0,0,False,0,0.0,0.0,0.0
1790804241.186,6.3,64.2,0,0,0.0,0.0,0,0,0,0,False,0,0.0,0.0,0.0
1790804242.186,7.6,64.2,0,0,0.0,0.0,0,0,0,0,False,0,0.0,0.0,0.0
1790804243.186,6.6,64.2,0,36861,0.0,2.0,0,0,0,0,False,0,0.0,0.0,0.0
1790804244.186,7.2,64.2,0,0,0.0,0.0,0,0,0,0,False,0,0.0,0.0,0.0
1790804245.186,7.1,64.2,0,0,0.0,0.0,0,0,0,0,False,0,0.0,0.0,0.0
1790804246.186,6.6,64.2,0,425952,0.0,78.0,0,0,0,0,False,0,0.0,0.0,0.0
1790804247.186,6.7,64.2,0,0,0.0,0.0,0,0,0,0,False,0,0.0,0.0,0.0
1790804248.187,6.6,64.2,0,0,0.0,0.0,0,0,0,0,False,0,0.0,0.0,0.0
1790804249.187,6.7,64.3,0,40958,0.0,2.0,0,0,0,0,False,0,0.0,0.0,0.0
1790804250.187,7.6,64.3,0,950202,0.0,12.0,0,0,0,0,False,0,0.0,0.0,0.0
1790804251.187,9.4,64.2,0,0,0.0,0.0,0,0,0,0,False,0,0.0,0.0,0.0
1790804252.187,7.5,64.2,0,0,0.0,0.0,0,0,0,0,False,0,0.0,0.0,0.0
1790804253.187,6.7,64.2,0,0,0.0,0.0,0,0,0,0,False,0,0.0,0.0,0.0
1790804254.187,9.9,64.0,0,167921,0.0,13.0,0,0,0,0,False,0,0.0,0.0,0.0
1790804255.187,6.5,64.0,0,495579,0.0,6.0,0,0,0,0,False,0,0.0,0.0,0.0
1790804256.187,7.0,64.0,0,0,0.0,0.0,0,0,0,0,False,0,0.0,0.0,0.0
1790804257.187,6.7,64.0,0,0,0.0,0.0,0,0,0,0,False,0,0.0,0.0,0.0
1790804258.187,6.3,64.0,0,0,0.0,0.0,0,0,0,0,False,0,0.0,0.0,0.0
1790804259.187,7.2,64.0,0,65531,0.0,2.0,0,0,0,0,False,0,0.0,0.0,0.0
1790804260.187,6.7,64.0,0,16383,0.0,4.0,0,0,0,0,False,0,0.0,0.0,0.0
1790804261.188,6.5,64.0,0,0,0.0,0.0,0,0,0,0,False,0,0.0,0.0,0.0
1790804262.188,6.3,64.0,0,0,0.0,0.0,0,0,0,0,False,0,0.0,0.0,0.0
1790804263.188,6.7,64.0,0,0,0.0,0.0,0,0,0,0,False,0,0.0,0.0,0.0
1790804264.188,10.3,64.0,0,0,0.0,0.0,0,0,0,0,False,0,0.0,0.0,0.0
1790804265.188,6.9,64.0,0,2797372,0.0,30.0,0,0,0,0,False,0,0.0,0.0,0.0
1790804266.188,6.8,64.0,0,0,0.0,0.0,0,0,0,0,False,0,0.0,0.0,0.0
1790804267.188,6.5,64.0,0,24574,0.0,4.0,0,0,0,0,False,0,0.0,0.0,0.0
1790804268.188,6.9,63.9,0,0,0.0,0.0,0,0,0,0,False,0,0.0,0.0,0.0
1790804269.188,7.6,63.9,0,12287,0.0,2.0,0,0,0,0,False,0,0.0,0.0,0.0
1790804270.188,6.8,64.0,0,0,0.0,0.0,0,0,0,0,False,0,0.0,0.0,0.0
1790804271.188,6.6,64.0,0,0,0.0,0.0,0,0,0,0,False,0,0.0,0.0,0.0
1790804272.188,7.8,64.5,0,0,0.0,0.0,0,0,0,0,False,0,0.0,0.0,0.0
1790804273.188,6.5,64.5,0,0,0.0,0.0,0,0,0,0,False,0,0.0,0.0,0.0
1790804274.188,8.2,64.5,0,65531,0.0,2.0,0,0,0,0,False,0,0.0,0.0,0.0
1790804275.189,6.9,64.5,0,0,0.0,0.0,0,0,0,0,False,0,0.0,0.0,0.0
1790804276.189,6.5,64.5,0,0,0.0,0.0,0,0,0,0,False,0,0.0,0.0,0.0
1790804277.189,6.9,64.4,0,0,0.0,0.0,0,0,0,0,False,0,0.0,0.0,0.0
1790804278.189,6.7,64.4,0,0,0.0,0.0,0,0,0,0,False,0,0.0,0.0,0.0
1790804279.189,6.8,64.4,0,716748,0.0,13.0,0,0,0,0,False,0,0.0,0.0,0.0
1790804280.189,6.8,64.4,0,0,0.0,0.0,0,0,0,0,False,0,0.0,0.0,0.0
1790804281.189,10.1,64.4,0,0,0.0,0.0,0,0,0,0,False,0,0.0,0.0,0.0
1790804282.189,7.7,64.4,0,0,0.0,0.0,0,0,0,0,False,0,0.0,0.0,0.0
1790804283.189,6.8,64.4,0,0,0.0,0.0,0,0,0,0,False,0,0.0,0.0,0.0
1790804284.189,7.1,64.4,0,0,0.0,0.0,0,0,0,0,False,0,0.0,0.0,0.0
1790804285.189,6.9,64.4,0,147445,0.0,30.0,0,0,0,0,False,0,0.0,0.0,0.0
1790804286.189,7.0,64.4,0,16383,0.0,1.0,0,0,0,0,False,0,0.0,0.0,0.0
1790804287.189,7.9,64.4,0,0,0.0,0.0,0,0,0,0,False,0,0.0,0.0,0.0
1790804288.189,9.4,64.3,0,0,0.0,0.0,0,0,0,0,False,0,0.0,0.0,0.0
1790804289.190,6.9,64.3,0,0,0.0,0.0,0,0,0,0,False,0,0.0,0.0,0.0
1790804290.190,6.9,64.3,0,57341,0.0,2.0,0,0,0,0,False,0,0.0,0.0,0.0
1790804291.190,6.7,64.3,0,0,0.0,0.0,0,0,0,0,False,0,0.0,0.0,0.0
1790804292.190,7.8,64.3,0,0,0.0,0.0,0,0,0,0,False,0,0.0,0.0,0.0
1790804293.190,7.1,64.3,0,0,0.0,0.0,0,0,0,0,False,0,0.0,0.0,0.0
1790804294.190,7.3,64.3,0,0,0.0,0.0,0,0,0,0,False,0,0.0,0.0,0.0
1790804295.190,6.6,64.3,0,0,0.0,0.0,0,0,0,0,False,0,0.0,0.0,0.0
1790804296.190,6.8,64.3,0,24574,0.0,2.0,0,0,0,0,False,0,0.0,0.0,0.0
1790804297.190,6.8,64.3,0,0,0.0,0.0,0,0,0,0,False,0,0.0,0.0,0.0
1790804298.190,8.1,64.3,0,12287,0.0,3.0,0,0,0,0,False,0,0.0,0.0,0.0
1790804299.190,7.0,64.3,0,0,0.0,0.0,0,0,0,0,False,0,0.0,0.0,0.0
1790804300.190,7.0,64.3,0,573396,0.0,10.0,0,0,0,0,False,0,0.0,0.0,0.0
1790804301.190,6.7,64.3,0,2244447,0.0,21.0,0,0,0,0,False,0,0.0,0.0,0.0
1790804302.190,10.0,64.2,0,90104,0.0,10.0,0,0,0,0,False,0,0.0,0.0,0.0
1790804303.191,7.4,64.2,0,0,0.0,0.0,0,0,0,0,False,0,0.0,0.0,0.0
1790804304.191,8.2,64.1,0,0,0.0,0.0,0,0,0,0,False,0,0.0,0.0,0.0
1790804305.191,6.9,64.1,0,0,0.0,0.0,0,0,0,0,False,0,0.0,0.0,0.0
1790804306.191,6.9,64.2,0,0,0.0,0.0,0,0,0,0,False,0,0.0,0.0,0.0
1790804307.191,6.9,64.2,0,0,0.0,0.0,0,0,0,0,False,0,0.0,0.0,0.0
1790804308.191,6.9,64.1,0,16383,0.0,2.0,0,0,0,0,False,0,0.0,0.0,0.0
1790804309.191,7.1,64.1,0,0,0.0,0.0,0,0,0,0,False,0,0.0,0.0,0.0
1790804310.191,7.4,64.2,0,4096,0.0,1.0,0,0,0,0,False,0,0.0,0.0,0.0
1790804311.191,6.7,64.2,0,0,0.0,0.0,0,0,0,0,False,0,0.0,0.0,0.0
1790804312.191,7.0,64.2,0,0,0.0,0.0,0,0,0,0,False,0,0.0,0.0,0.0
1790804313.191,7.1,64.2,0,0,0.0,0.0,0,0,0,0,False,0,0.0,0.0,0.0
1790804314.191,10.0,64.2,0,0,0.0,0.0,0,0,0,0,False,0,0.0,0.0,0.0
1790804315.191,6.9,64.2,0,0,0.0,0.0,0,0,0,0,False,0,0.0,0.0,0.0
1790804316.192,7.0,64.1,0,90105,0.0,21.0,0,0,0,0,False,0,0.0,0.0,0.0
1790804317.192,6.8,64.2,0,0,0.0,0.0,0,0,0,0,False,0,0.0,0.0,0.0
1790804318.192,10.6,64.2,0,0,0.0,0.0,0,0,0,0,False,0,0.0,0.0,0.0
1790804319.192,11.6,64.6,0,81914,0.0,3.0,0,0,0,0,False,0,0.0,0.0,0.0
1790804320.192,8.5,65.1,0,126967,0.0,8.0,0,0,0,0,False,0,0.0,0.0,0.0
1790804321.192,7.7,64.9,0,49148,0.0,5.0,0,0,0,0,False,0,0.0,0.0,0.0
1790804322.192,7.2,64.8,0,0,0.0,0.0,0,0,0,0,False,0,0.0,0.0,0.0
1790804323.192,7.1,64.6,0,8191,0.0,2.0,0,0,0,0,False,0,0.0,0.0,0.0
1790804324.192,7.3,64.6,0,0,0.0,0.0,0,0,0,0,False,0,0.0,0.0,0.0
1790804325.192,6.8,64.6,0,0,0.0,0.0,0,0,0,0,False,0,0.0,0.0,0.0
1790804326.192,7.6,64.6,0,61436,0.0,2.0,0,0,0,0,False,0,0.0,0.0,0.0
1790804327.192,7.3,64.6,0,0,0.0,0.0,0,0,0,0,False,0,0.0,0.0,0.0
1790804328.192,6.9,64.5,0,0,0.0,0.0,0,0,0,0,False,0,0.0,0.0,0.0
1790804329.192,6.7,64.5,0,0,0.0,0.0,0,0,0,0,False,0,0.0,0.0,0.0
1790804330.193,7.7,64.5,0,24574,0.0,4.0,0,0,0,0,False,0,0.0,0.0,0.0
1790804331.193,7.5,64.6,0,16384,0.0,1.0,0,0,0,0,False,0,0.0,0.0,0.0
1790804332.193,6.7,64.5,0,2953004,0.0,29.0,0,0,0,0,False,0,0.0,0.0,0.0
1790804333.193,9.7,64.5,0,0,0.0,0.0,0,0,0,0,False,0,0.0,0.0,0.0
1790804334.193,11.7,64.8,0,0,0.0,0.0,0,0,0,0,False,0,0.0,0.0,0.0
1790804335.193,7.1,64.8,0,0,0.0,0.0,0,0,0,0,False,0,0.0,0.0,0.0
1790804336.193,7.1,64.8,0,45053,0.0,2.0,0,0,0,0,False,0,0.0,0.0,0.0
1790804337.193,8.1,64.7,0,0,0.0,0.0,0,0,0,0,False,0,0.0,0.0,0.0
1790804338.193,7.1,64.8,0,0,0.0,0.0,0,0,0,0,False,0,0.0,0.0,0.0
1790804339.193,7.0,64.7,0,0,0.0,0.0,0,0,0,0,False,0,0.0,0.0,0.0
1790804340.193,7.0,64.7,0,0,0.0,0.0,0,0,0,0,False,0,0.0,0.0,0.0
1790804341.193,7.0,64.7,0,0,0.0,0.0,0,0,0,0,False,0,0.0,0.0,0.0
1790804342.193,7.0,64.7,0,0,0.0,0.0,0,0,0,0,False,0,0.0,0.0,0.0
1790804343.194,7.8,64.7,0,0,0.0,0.0,0,0,0,0,False,0,0.0,0.0,0.0
1790804344.194,10.2,64.6,0,0,0.0,0.0,0,0,0,0,False,0,0.0,0.0,0.0
1790804345.194,7.0,64.6,0,12287,0.0,2.0,0,0,0,0,False,0,0.0,0.0,0.0
1790804346.194,6.9,64.6,0,0,0.0,0.0,0,0,0,0,False,0,0.0,0.0,0.0
1790804347.194,6.8,64.6,0,155635,0.0,36.0,0,0,0,0,False,0,0.0,0.0,0.0
1790804348.194,10.7,64.6,0,315370,0.0,29.0,0,0,0,0,False,0,0.0,0.0,0.0
1790804349.194,7.3,64.5,0,233455,0.0,4.0,0,0,0,0,False,0,0.0,0.0,0.0
1790804350.194,8.8,64.5,0,0,0.0,0.0,0,0,0,0,False,0,0.0,0.0,0.0
1790804351.194,6.9,64.5,0,495580,0.0,9.0,0,0,0,0,False,0,0.0,0.0,0.0
1790804352.194,7.0,64.5,0,1372061,0.0,16.0,0,0,0,0,False,0,0.0,0.0,0.0
1790804353.194,7.1,64.5,0,0,0.0,0.0,0,0,0,0,False,0,0.0,0.0,0.0
1790804354.194,7.4,64.5,0,0,0.0,0.0,0,0,0,0,False,0,0.0,0.0,0.0
1790804355.194,7.1,64.6,0,106488,0.0,2.0,0,0,0,0,False,0,0.0,0.0,0.0
1790804356.194,6.8,64.5,0,0,0.0,0.0,0,0,0,0,False,0,0.0,0.0,0.0
1790804357.195,6.8,64.6,0,0,0.0,0.0,0,0,0,0,False,0,0.0,0.0,0.0
1790804358.195,6.9,64.5,0,0,0.0,0.0,0,0,0,0,False,0,0.0,0.0,0.0
1790804359.195,7.6,64.6,0,0,0.0,0.0,0,0,0,0,False,0,0.0,0.0,0.0
1790804360.195,7.2,64.6,0,0,0.0,0.0,0,0,0,0,False,0,0.0,0.0,0.0
1790804361.195,8.0,64.6,0,24574,0.0,5.0,0,0,0,0,False,0,0.0,0.0,0.0
1790804362.195,7.2,64.6,0,2273115,0.0,21.0,0,0,0,0,False,0,0.0,0.0,0.0
1790804363.195,6.9,64.6,0,0,0.0,0.0,0,0,0,0,False,0,0.0,0.0,0.0
1790804364.195,7.9,64.5,0,36861,0.0,2.0,0,0,0,0,False,0,0.0,0.0,0.0
1790804365.195,6.9,64.6,0,0,0.0,0.0,0,0,0,0,False,0,0.0,0.0,0.0
1790804366.195,9.6,64.5,0,0,0.0,0.0,0,0,0,0,False,0,0.0,0.0,0.0
1790804367.195,7.4,64.5,0,0,0.0,0.0,0,0,0,0,False,0,0.0,0.0,0.0
1790804368.195,7.7,64.5,0,8191,0.0,1.0,0,0,0,0,False,0,0.0,0.0,0.0
1790804369.195,6.9,64.3,0,1236900,0.0,10.0,0,0,0,0,False,0,0.0,0.0,0.0
1790804370.195,6.9,64.3,0,94201,0.0,2.0,0,0,0,0,False,0,0.0,0.0,0.0
1790804371.196,6.9,64.3,0,0,0.0,0.0,0,0,0,0,False,0,0.0,0.0,0.0
1790804372.196,7.1,64.3,0,0,0.0,0.0,0,0,0,0,False,0,0.0,0.0,0.0
1790804373.196,6.9,64.3,0,0,0.0,0.0,0,0,0,0,False,0,0.0,0.0,0.0
1790804374.196,7.7,64.3,0,0,0.0,0.0,0,0,0,0,False,0,0.0,0.0,0.0
1790804375.196,8.1,64.3,0,0,0.0,0.0,0,0,0,0,False,0,0.0,0.0,0.0
1790804376.196,7.0,64.3,0,24574,0.0,2.0,0,0,0,0,False,0,0.0,0.0,0.0
1790804377.196,10.1,64.2,0,0,0.0,0.0,0,0,0,0,False,0,0.0,0.0,0.0
1790804378.196,6.7,64.2,0,163829,0.0,24.0,0,0,0,0,False,0,0.0,0.0,0.0
1790804379.196,7.2,63.9,0,204785,0.0,47.0,0,0,0,0,False,0,0.0,0.0,0.0
1790804380.196,6.9,63.9,0,0,0.0,0.0,0,0,0,0,False,0,0.0,0.0,0.0
1790804381.196,9.1,63.9,0,0,0.0,0.0,0,0,0,0,False,0,0.0,0.0,0.0
1790804382.196,8.3,63.9,0,0,0.0,0.0,0,0,0,0,False,0,0.0,0.0,0.0
1790804383.196,7.2,63.9,0,12287,0.0,2.0,0,0,0,0,False,0,0.0,0.0,0.0
1790804384.196,7.1,63.9,0,61436,0.0,2.0,0,0,0,0,False,0,0.0,0.0,0.0
1790804385.197,6.9,63.9,0,0,0.0,0.0,0,0,0,0,False,0,0.0,0.0,0.0
1790804386.197,6.9,63.9,0,0,0.0,0.0,0,0,0,0,False,0,0.0,0.0,0.0
1790804387.197,6.7,63.9,0,0,0.0,0.0,0,0,0,0,False,0,0.0,0.0,0.0
1790804388.197,6.8,63.8,0,0,0.0,0.0,0,0,0,0,False,0,0.0,0.0,0.0
1790804389.197,6.9,63.9,0,0,0.0,0.0,0,0,0,0,False,0,0.0,0.0,0.0
1790804390.197,8.4,63.9,0,0,0.0,0.0,0,0,0,0,False,0,0.0,0.0,0.0
1790804391.197,7.0,63.9,0,950202,0.0,12.0,0,0,0,0,False,0,0.0,0.0,0.0
1790804392.197,6.9,63.9,0,12287,0.0,2.0,0,0,0,0,False,0,0.0,0.0,0.0
1790804393.197,7.6,64.0,0,2993958,0.0,32.0,0,0,0,0,False,0,0.0,0.0,0.0
1790804394.197,10.9,64.4,0,0,0.0,0.0,0,0,0,0,False,0,0.0,0.0,0.0
1790804395.197,12.4,64.9,0,204785,0.0,6.0,0,0,0,0,False,0,0.0,0.0,0.0
1790804396.197,8.8,65.3,0,155637,0.0,12.0,0,0,0,0,False,0,0.0,0.0,0.0
1790804397.197,7.0,65.3,0,0,0.0,0.0,0,0,0,0,False,0,0.0,0.0,0.0
1790804398.197,7.2,65.3,0,8191,0.0,1.0,0,0,0,0,False,0,0.0,0.0,0.0
1790804399.198,6.6,65.2,0,0,0.0,0.0,0,0,0,0,False,0,0.0,0.0,0.0
1790804400.198,6.7,65.2,0,0,0.0,0.0,0,0,0,0,False,0,0.0,0.0,0.0
1790804401.198,7.2,65.1,0,0,0.0,0.0,0,0,0,0,False,0,0.0,0.0,0.0
1790804402.198,6.8,65.1,0,49148,0.0,2.0,0,0,0,0,False,0,0.0,0.0,0.0
1790804403.198,6.6,65.1,0,0,0.0,0.0,0,0,0,0,False,0,0.0,0.0,0.0
1790804404.198,7.0,65.0,0,0,0.0,0.0,0,0,0,0,False,0,0.0,0.0,0.0
1790804405.198,10.1,65.0,0,12287,0.0,3.0,0,0,0,0,False,0,0.0,0.0,0.0
1790804406.198,7.6,65.0,0,0,0.0,0.0,0,0,0,0,False,0,0.0,0.0,0.0
1790804407.198,7.7,65.0,0,40957,0.0,2.0,0,0,0,0,False,0,0.0,0.0,0.0
1790804408.198,6.7,64.9,0,20479,0.0,1.0,0,0,0,0,False,0,0.0,0.0,0.0
1790804409.198,6.5,64.9,0,69627,0.0,9.0,0,0,0,0,False,0,0.0,0.0,0.0
1790804410.198,6.6,64.9,0,0,0.0,0.0,0,0,0,0,False,0,0.0,0.0,0.0
1790804411.198,6.9,64.9,0,0,0.0,0.0,0,0,0,0,False,0,0.0,0.0,0.0
1790804412.199,6.8,64.9,0,0,0.0,0.0,0,0,0,0,False,0,0.0,0.0,0.0
1790804413.199,6.6,64.9,0,90103,0.0,1.0,0,0,0,0,False,0,0.0,0.0,0.0
1790804414.199,10.0,64.8,0,0,0.0,0.0,0,0,0,0,False,0,0.0,0.0,0.0
1790804415.199,8.1,64.8,0,217072,0.0,49.0,0,0,0,0,False,0,0.0,0.0,0.0
1790804416.199,7.3,64.8,0,45053,0.0,2.0,0,0,0,0,False,0,0.0,0.0,0.0
1790804417.199,6.7,64.8,0,0,0.0,0.0,0,0,0,0,False,0,0.0,0.0,0.0
1790804418.199,6.9,64.8,0,1441685,0.0,14.0,0,0,0,0,False,0,0.0,0.0,0.0
1790804419.199,6.9,64.8,0,0,0.0,0.0,0,0,0,0,False,0,0.0,0.0,0.0
1790804420.199,6.9,64.8,0,0,0.0,0.0,0,0,0,0,False,0,0.0,0.0,0.0
1790804421.199,6.9,64.8,0,0,0.0,0.0,0,0,0,0,False,0,0.0,0.0,0.0
1790804422.199,6.6,64.8,0,0,0.0,0.0,0,0,0,0,False,0,0.0,0.0,0.0
1790804423.199,7.0,64.8,0,12287,0.0,2.0,0,0,0,0,False,0,0.0,0.0,0.0
1790804424.199,9.1,64.7,0,2490182,0.0,32.0,0,0,0,0,False,0,0.0,0.0,0.0
1790804425.200,7.6,64.7,0,241644,0.0,29.0,0,0,0,0,False,0,0.0,0.0,0.0
1790804426.200,7.1,64.6,0,0,0.0,0.0,0,0,0,0,False,0,0.0,0.0,0.0
1790804427.200,6.7,64.6,0,0,0.0,0.0,0,0,0,0,False,0,0.0,0.0,0.0
1790804428.200,6.8,64.6,0,0,0.0,0.0,0,0,0,0,False,0,0.0,0.0,0.0
1790804429.200,6.7,64.6,0,1331107,0.0,15.0,0,0,0,0,False,0,0.0,0.0,0.0
1790804430.200,6.8,64.6,0,4096,0.0,1.0,0,0,0,0,False,0,0.0,0.0,0.0
1790804431.200,6.6,64.6,0,45051,0.0,2.0,0,0,0,0,False,0,0.0,0.0,0.0
1790804432.200,6.9,64.6,0,0,0.0,0.0,0,0,0,0,False,0,0.0,0.0,0.0
1790804433.200,8.0,64.6,0,2076509,0.0,23.0,0,0,0,0,False,0,0.0,0.0,0.0
1790804434.200,10.4,64.4,0,0,0.0,0.0,0,0,0,0,False,0,0.0,0.0,0.0
1790804435.200,9.9,64.4,0,8191,0.0,1.0,0,0,0,0,False,0,0.0,0.0,0.0
1790804436.200,6.8,64.4,0,0,0.0,0.0,0,0,0,0,False,0,0.0,0.0,0.0
1790804437.200,6.6,64.4,0,0,0.0,0.0,0,0,0,0,False,0,0.0,0.0,0.0
1790804438.201,6.7,64.4,0,0,0.0,0.0,0,0,0,0,False,0,0.0,0.0,0.0
1790804439.201,6.8,64.4,0,61435,0.0,3.0,0,0,0,0,False,0,0.0,0.0,0.0
1790804440.201,6.8,64.4,0,1236902,0.0,10.0,0,0,0,0,False,0,0.0,0.0,0.0
1790804441.201,6.6,64.4,0,0,0.0,0.0,0,0,0,0,False,0,0.0,0.0,0.0
1790804442.201,7.4,64.4,0,0,0.0,0.0,0,0,0,0,False,0,0.0,0.0,0.0
1790804443.201,8.1,64.4,0,0,0.0,0.0,0,0,0,0,False,0,0.0,0.0,0.0
1790804444.201,7.1,64.4,0,0,0.0,0.0,0,0,0,0,False,0,0.0,0.0,0.0
1790804445.201,6.9,64.4,0,65531,0.0,2.0,0,0,0,0,False,0,0.0,0.0,0.0
1790804446.201,6.8,64.4,0,180211,0.0,40.0,0,0,0,0,False,0,0.0,0.0,0.0
1790804447.201,6.5,64.4,0,0,0.0,0.0,0,0,0,0,False,0,0.0,0.0,0.0
1790804448.201,6.6,64.4,0,0,0.0,0.0,0,0,0,0,False,0,0.0,0.0,0.0
1790804449.201,6.6,64.4,0,0,0.0,0.0,0,0,0,0,False,0,0.0,0.0,0.0
1790804450.201,9.9,64.6,0,0,0.0,0.0,0,0,0,0,False,0,0.0,0.0,0.0
1790804451.201,8.7,64.6,0,0,0.0,0.0,0,0,0,0,False,0,0.0,0.0,0.0
1790804452.202,9.3,64.9,0,192498,0.0,12.0,0,0,0,0,False,0,0.0,0.0,0.0
1790804453.202,8.0,64.9,0,0,0.0,0.0,0,0,0,0,False,0,0.0,0.0,0.0
1790804454.202,10.9,65.3,0,12287,0.0,2.0,0,0,0,0,False,0,0.0,0.0,0.0
1790804455.202,6.8,65.2,0,2821932,0.0,29.0,0,0,0,0,False,0,0.0,0.0,0.0
1790804456.202,6.8,65.2,0,172020,0.0,15.0,0,0,0,0,False,0,0.0,0.0,0.0
1790804457.202,6.5,65.2,0,0,0.0,0.0,0,0,0,0,False,0,0.0,0.0,0.0
1790804458.202,6.7,65.1,0,0,0.0,0.0,0,0,0,0,False,0,0.0,0.0,0.0
1790804459.202,6.5,65.1,0,0,0.0,0.0,0,0,0,0,False,0,0.0,0.0,0.0
1790804460.202,6.9,65.1,0,0,0.0,0.0,0,0,0,0,False,0,0.0,0.0,0.0
1790804461.202,7.1,65.1,0,0,0.0,0.0,0,0,0,0,False,0,0.0,0.0,0.0
1790804462.202,7.0,65.1,0,0,0.0,0.0,0,0,0,0,False,0,0.0,0.0,0.0
1790804463.202,8.2,65.0,0,16383,0.0,2.0,0,0,0,0,False,0,0.0,0.0,0.0
1790804464.202,7.7,65.0,0,0,0.0,0.0,0,0,0,0,False,0,0.0,0.0,0.0
1790804465.202,6.8,65.0,0,0,0.0,0.0,0,0,0,0,False,0,0.0,0.0,0.0
1790804466.203,6.8,64.9,0,0,0.0,0.0,0,0,0,0,False,0,0.0,0.0,0.0
1790804467.203,6.6,64.9,0,0,0.0,0.0,0,0,0,0,False,0,0.0,0.0,0.0
1790804468.203,7.3,64.9,0,0,0.0,0.0,0,0,0,0,False,0,0.0,0.0,0.0
1790804469.203,6.6,64.9,0,495579,0.0,16.0,0,0,0,0,False,0,0.0,0.0,0.0
1790804470.203,9.3,64.9,0,1236900,0.0,10.0,0,0,0,0,False,0,0.0,0.0,0.0
1790804471.203,6.8,64.8,0,0,0.0,0.0,0,0,0,0,False,0,0.0,0.0,0.0
1790804472.203,6.8,64.8,0,0,0.0,0.0,0,0,0,0,False,0,0.0,0.0,0.0
1790804473.203,10.6,64.8,0,0,0.0,0.0,0,0,0,0,False,0,0.0,0.0,0.0
1790804474.203,8.5,64.8,0,98297,0.0,16.0,0,0,0,0,False,0,0.0,0.0,0.0
1790804475.203,9.1,64.7,0,118775,0.0,2.0,0,0,0,0,False,0,0.0,0.0,0.0
1790804476.203,6.8,64.7,0,0,0.0,0.0,0,0,0,0,False,0,0.0,0.0,0.0
1790804477.203,6.6,64.6,0,0,0.0,0.0,0,0,0,0,False,0,0.0,0.0,0.0
1790804478.203,6.8,64.6,0,0,0.0,0.0,0,0,0,0,False,0,0.0,0.0,0.0
1790804479.203,6.7,64.6,0,0,0.0,0.0,0,0,0,0,False,0,0.0,0.0,0.0
1790804480.204,7.9,64.5,0,114679,0.0,11.0,0,0,0,0,False,0,0.0,0.0,0.0
1790804481.204,7.8,64.2,0,118775,0.0,4.0,0,0,0,0,False,0,0.0,0.0,0.0
1790804482.204,7.0,64.2,0,0,0.0,0.0,0,0,0,0,False,0,0.0,0.0,0.0
1790804483.204,9.5,64.2,8191,1122210,2.0,72.0,0,0,0,0,False,0,0.0,0.0,0.0
1790804484.204,8.3,64.1,0,12287,0.0,2.0,0,0,0,0,False,0,0.0,0.0,0.0
1790804485.204,6.8,64.1,0,4292292,0.0,47.0,0,0,0,0,False,0,0.0,0.0,0.0
1790804486.204,6.8,64.1,0,0,0.0,0.0,0,0,0,0,False,0,0.0,0.0,0.0
1790804487.204,6.7,64.1,0,135158,0.0,6.0,0,0,0,0,False,0,0.0,0.0,0.0
1790804488.204,6.8,64.1,0,0,0.0,0.0,0,0,0,0,False,0,0.0,0.0,0.0
1790804489.204,6.6,64.1,0,0,0.0,0.0,0,0,0,0,False,0,0.0,0.0,0.0
1790804490.204,6.9,64.1,0,499675,0.0,8.0,0,0,0,0,False,0,0.0,0.0,0.0
1790804491.204,6.9,64.1,0,0,0.0,0.0,0,0,0,0,False,0,0.0,0.0,0.0
1790804492.204,7.3,64.1,0,0,0.0,0.0,0,0,0,0,False,0,0.0,0.0,0.0
1790804493.205,8.1,64.1,0,0,0.0,0.0,0,0,0,0,False,0,0.0,0.0,0.0
1790804494.205,10.3,64.1,0,204786,0.0,4.0,0,0,0,0,False,0,0.0,0.0,0.0
1790804495.205,6.5,64.1,0,0,0.0,0.0,0,0,0,0,False,0,0.0,0.0,0.0
1790804496.205,7.1,64.1,0,0,0.0,0.0,0,0,0,0,False,0,0.0,0.0,0.0
1790804497.205,6.6,64.1,0,0,0.0,0.0,0,0,0,0,False,0,0.0,0.0,0.0
1790804498.205,6.9,64.1,0,0,0.0,0.0,0,0,0,0,False,0,0.0,0.0,0.0
1790804499.205,6.8,64.1,0,0,0.0,0.0,0,0,0,0,False,0,0.0,0.0,0.0
1790804500.205,6.9,64.1,0,45054,0.0,2.0,0,0,0,0,False,0,0.0,0.0,0.0
1790804501.205,6.9,64.1,0,4096,0.0,1.0,0,0,0,0,False,0,0.0,0.0,0.0
1790804502.205,10.0,64.1,0,0,0.0,0.0,0,0,0,0,False,0,0.0,0.0,0.0
1790804503.205,6.8,64.1,0,0,0.0,0.0,0,0,0,0,False,0,0.0,0.0,0.0
1790804504.205,7.4,64.1,0,0,0.0,0.0,0,0,0,0,False,0,0.0,0.0,0.0
1790804505.205,7.7,64.1,0,0,0.0,0.0,0,0,0,0,False,0,0.0,0.0,0.0
1790804506.205,8.3,64.1,0,0,0.0,0.0,0,0,0,0,False,0,0.0,0.0,0.0
1790804507.206,7.2,64.1,0,0,0.0,0.0,0,0,0,0,False,0,0.0,0.0,0.0
1790804508.206,6.7,64.1,0,0,0.0,0.0,0,0,0,0,False,0,0.0,0.0,0.0
1790804509.206,6.4,64.2,0,0,0.0,0.0,0,0,0,0,False,0,0.0,0.0,0.0
1790804510.206,6.9,64.2,0,106488,0.0,13.0,0,0,0,0,False,0,0.0,0.0,0.0
1790804511.206,9.3,64.1,0,0,0.0,0.0,0,0,0,0,False,0,0.0,0.0,0.0
1790804512.206,6.8,64.1,0,0,0.0,0.0,0,0,0,0,False,0,0.0,0.0,0.0
1790804513.206,6.8,64.1,0,0,0.0,0.0,0,0,0,0,False,0,0.0,0.0,0.0
1790804514.206,7.1,64.1,0,0,0.0,0.0,0,0,0,0,False,0,0.0,0.0,0.0
1790804515.206,6.9,64.1,0,28670,0.0,4.0,0,0,0,0,False,0,0.0,0.0,0.0
1790804516.206,6.9,64.1,0,12287,0.0,1.0,0,0,0,0,False,0,0.0,0.0,0.0
1790804517.206,6.7,64.1,0,0,0.0,0.0,0,0,0,0,False,0,0.0,0.0,0.0
1790804518.206,7.1,64.1,0,188402,0.0,41.0,0,0,0,0,False,0,0.0,0.0,0.0
1790804519.206,6.8,64.2,0,712654,0.0,14.0,0,0,0,0,False,0,0.0,0.0,0.0
1790804520.206,6.9,64.2,0,0,0.0,0.0,0,0,0,0,False,0,0.0,0.0,0.0
1790804521.207,6.7,64.2,0,1789821,0.0,18.0,0,0,0,0,False,0,0.0,0.0,0.0
1790804522.207,6.6,64.2,0,0,0.0,0.0,0,0,0,0,False,0,0.0,0.0,0.0
1790804523.207,9.0,64.2,0,0,0.0,0.0,0,0,0,0,False,0,0.0,0.0,0.0
1790804524.207,7.1,64.2,0,0,0.0,0.0,0,0,0,0,False,0,0.0,0.0,0.0
1790804525.207,6.9,64.2,0,0,0.0,0.0,0,0,0,0,False,0,0.0,0.0,0.0
1790804526.207,7.0,64.2,0,0,0.0,0.0,0,0,0,0,False,0,0.0,0.0,0.0
1790804527.207,6.9,64.2,0,0,0.0,0.0,0,0,0,0,False,0,0.0,0.0,0.0
1790804528.207,6.8,64.2,0,0,0.0,0.0,0,0,0,0,False,0,0.0,0.0,0.0
1790804529.207,9.8,64.2,0,24574,0.0,2.0,0,0,0,0,False,0,0.0,0.0,0.0
1790804530.207,7.1,64.2,0,0,0.0,0.0,0,0,0,0,False,0,0.0,0.0,0.0
1790804531.207,10.2,64.2,0,0,0.0,0.0,0,0,0,0,False,0,0.0,0.0,0.0
1790804532.207,6.6,64.2,0,0,0.0,0.0,0,0,0,0,False,0,0.0,0.0,0.0
1790804533.207,8.0,64.2,0,0,0.0,0.0,0,0,0,0,False,0,0.0,0.0,0.0
1790804534.207,8.6,64.2,0,0,0.0,0.0,0,0,0,0,False,0,0.0,0.0,0.0
1790804535.208,7.0,64.2,0,16383,0.0,2.0,0,0,0,0,False,0,0.0,0.0,0.0
1790804536.208,6.7,64.1,0,0,0.0,0.0,0,0,0,0,False,0,0.0,0.0,0.0
1790804537.208,6.6,64.2,0,0,0.0,0.0,0,0,0,0,False,0,0.0,0.0,0.0
1790804538.208,6.6,64.2,0,0,0.0,0.0,0,0,0,0,False,0,0.0,0.0,0.0
1790804539.208,6.8,64.2,0,0,0.0,0.0,0,0,0,0,False,0,0.0,0.0,0.0
1790804540.208,7.6,64.2,0,77818,0.0,3.0,0,0,0,0,False,0,0.0,0.0,0.0
1790804541.208,7.2,64.3,4096,0,1.0,0.0,0,0,0,0,False,0,0.0,0.0,0.0
1790804542.208,6.7,64.3,0,0,0.0,0.0,0,0,0,0,False,0,0.0,0.0,0.0
1790804543.208,9.3,64.2,0,0,0.0,0.0,0,0,0,0,False,0,0.0,0.0,0.0
1790804544.208,7.5,64.2,0,0,0.0,0.0,0,0,0,0,False,0,0.0,0.0,0.0
1790804545.208,6.8,64.2,0,0,0.0,0.0,0,0,0,0,False,0,0.0,0.0,0.0
1790804546.208,6.9,64.3,0,159733,0.0,4.0,0,0,0,0,False,0,0.0,0.0,0.0
1790804547.208,6.8,64.2,0,0,0.0,0.0,0,0,0,0,False,0,0.0,0.0,0.0
1790804548.208,7.4,64.2,0,0,0.0,0.0,0,0,0,0,False,0,0.0,0.0,0.0
1790804549.209,8.4,64.0,0,0,0.0,0.0,0,0,0,0,False,0,0.0,0.0,0.0
1790804550.209,8.3,64.0,0,94205,0.0,6.0,0,0,0,0,False,0,0.0,0.0,0.0
1790804551.209,7.1,64.0,0,65531,0.0,3.0,0,0,0,0,False,0,0.0,0.0,0.0
1790804552.209,6.9,64.0,0,3415816,0.0,62.0,0,0,0,0,False,0,0.0,0.0,0.0
1790804553.209,6.6,64.0,0,0,0.0,0.0,0,0,0,0,False,0,0.0,0.0,0.0
1790804554.209,9.5,64.0,0,0,0.0,0.0,0,0,0,0,False,0,0.0,0.0,0.0
1790804555.209,6.8,64.0,0,0,0.0,0.0,0,0,0,0,False,0,0.0,0.0,0.0
1790804556.209,7.0,64.0,0,49148,0.0,2.0,0,0,0,0,False,0,0.0,0.0,0.0
1790804557.209,6.7,64.0,0,0,0.0,0.0,0,0,0,0,False,0,0.0,0.0,0.0
1790804558.209,6.8,64.0,0,0,0.0,0.0,0,0,0,0,False,0,0.0,0.0,0.0
1790804559.209,7.2,63.9,0,0,0.0,0.0,0,0,0,0,False,0,0.0,0.0,0.0
1790804560.209,8.5,64.0,0,0,0.0,0.0,0,0,0,0,False,0,0.0,0.0,0.0
1790804561.209,8.3,63.9,0,0,0.0,0.0,0,0,0,0,False,0,0.0,0.0,0.0
1790804562.209,8.0,63.9,0,16383,0.0,4.0,0,0,0,0,False,0,0.0,0.0,0.0
1790804563.210,7.2,63.9,0,0,0.0,0.0,0,0,0,0,False,0,0.0,0.0,0.0
1790804564.210,7.2,63.9,0,0,0.0,0.0,0,0,0,0,False,0,0.0,0.0,0.0
1790804565.210,6.8,63.9,0,12287,0.0,2.0,0,0,0,0,False,0,0.0,0.0,0.0
1790804566.210,7.0,63.9,0,0,0.0,0.0,0,0,0,0,False,0,0.0,0.0,0.0
1790804567.210,6.9,63.9,0,0,0.0,0.0,0,0,0,0,False,0,0.0,0.0,0.0
1790804568.210,6.9,63.9,0,0,0.0,0.0,0,0,0,0,False,0,0.0,0.0,0.0
1790804569.210,6.8,63.9,0,0,0.0,0.0,0,0,0,0,False,0,0.0,0.0,0.0
1790804570.210,10.1,63.9,0,0,0.0,0.0,0,0,0,0,False,0,0.0,0.0,0.0
1790804571.210,7.0,63.9,0,0,0.0,0.0,0,0,0,0,False,0,0.0,0.0,0.0
1790804572.210,6.8,64.0,0,4096,0.0,1.0,0,0,0,0,False,0,0.0,0.0,0.0
1790804573.210,6.8,63.9,0,0,0.0,0.0,0,0,0,0,False,0,0.0,0.0,0.0
1790804574.210,11.4,64.3,0,2731831,0.0,24.0,0,0,0,0,False,0,0.0,0.0,0.0
1790804575.210,6.8,64.4,0,90105,0.0,2.0,0,0,0,0,False,0,0.0,0.0,0.0
1790804576.210,7.0,64.3,0,16383,0.0,1.0,0,0,0,0,False,0,0.0,0.0,0.0
1790804577.211,6.9,64.3,0,0,0.0,0.0,0,0,0,0,False,0,0.0,0.0,0.0
1790804578.211,6.8,64.3,0,0,0.0,0.0,0,0,0,0,False,0,0.0,0.0,0.0
1790804579.211,7.0,64.2,0,114680,0.0,16.0,0,0,0,0,False,0,0.0,0.0,0.0
1790804580.211,6.9,64.2,0,0,0.0,0.0,0,0,0,0,False,0,0.0,0.0,0.0
1790804581.211,6.9,64.2,0,0,0.0,0.0,0,0,0,0,False,0,0.0,0.0,0.0
1790804582.211,7.0,64.2,0,24574,0.0,4.0,0,0,0,0,False,0,0.0,0.0,0.0
1790804583.211,6.9,64.2,0,2383702,0.0,24.0,0,0,0,0,False,0,0.0,0.0,0.0
1790804584.211,7.2,64.2,0,135158,0.0,2.0,0,0,0,0,False,0,0.0,0.0,0.0
1790804585.211,6.8,64.2,0,561111,0.0,10.0,0,0,0,0,False,0,0.0,0.0,0.0
1790804586.211,6.9,64.2,0,0,0.0,0.0,0,0,0,0,False,0,0.0,0.0,0.0
1790804587.211,7.0,64.2,0,212976,0.0,40.0,0,0,0,0,False,0,0.0,0.0,0.0
1790804588.211,7.0,64.2,0,0,0.0,0.0,0,0,0,0,False,0,0.0,0.0,0.0
1790804589.211,7.9,64.2,0,0,0.0,0.0,0,0,0,0,False,0,0.0,0.0,0.0
1790804590.211,8.7,64.3,0,0,0.0,0.0,0,0,0,0,False,0,0.0,0.0,0.0
1790804591.212,10.8,64.2,0,0,0.0,0.0,0,0,0,0,False,0,0.0,0.0,0.0
1790804592.212,7.2,64.2,0,0,0.0,0.0,0,0,0,0,False,0,0.0,0.0,0.0
1790804593.212,6.9,64.2,0,0,0.0,0.0,0,0,0,0,False,0,0.0,0.0,0.0
1790804594.212,7.2,64.2,0,0,0.0,0.0,0,0,0,0,False,0,0.0,0.0,0.0
1790804595.212,7.1,64.2,0,0,0.0,0.0,0,0,0,0,False,0,0.0,0.0,0.0
1790804596.212,7.1,64.2,0,20479,0.0,2.0,0,0,0,0,False,0,0.0,0.0,0.0
1790804597.212,6.8,64.1,0,0,0.0,0.0,0,0,0,0,False,0,0.0,0.0,0.0
1790804598.212,6.8,64.2,0,0,0.0,0.0,0,0,0,0,False,0,0.0,0.0,0.0
1790804599.212,6.7,64.2,0,0,0.0,0.0,0,0,0,0,False,0,0.0,0.0,0.0
1790804600.212,10.4,64.2,0,0,0.0,0.0,0,0,0,0,False,0,0.0,0.0,0.0
1790804601.212,6.9,64.2,0,0,0.0,0.0,0,0,0,0,False,0,0.0,0.0,0.0
1790804602.212,6.9,64.2,0,16383,0.0,3.0,0,0,0,0,False,0,0.0,0.0,0.0
1790804603.212,9.2,64.2,0,0,0.0,0.0,0,0,0,0,False,0,0.0,0.0,0.0
1790804604.212,7.9,64.1,0,0,0.0,0.0,0,0,0,0,False,0,0.0,0.0,0.0
1790804605.213,7.2,63.9,0,28670,0.0,2.0,0,0,0,0,False,0,0.0,0.0,0.0
1790804606.213,7.0,63.9,0,0,0.0,0.0,0,0,0,0,False,0,0.0,0.0,0.0
1790804607.213,6.9,63.9,0,12287,0.0,2.0,0,0,0,0,False,0,0.0,0.0,0.0
1790804608.213,6.9,63.8,0,8191,0.0,1.0,0,0,0,0,False,0,0.0,0.0,0.0
1790804609.213,7.1,63.9,0,0,0.0,0.0,0,0,0,0,False,0,0.0,0.0,0.0
1790804610.213,7.1,63.9,0,0,0.0,0.0,0,0,0,0,False,0,0.0,0.0,0.0
1790804611.213,7.1,63.9,0,61435,0.0,2.0,0,0,0,0,False,0,0.0,0.0,0.0
1790804612.213,7.0,63.9,0,12287,0.0,3.0,0,0,0,0,False,0,0.0,0.0,0.0
1790804613.213,8.4,63.9,0,19774121,0.0,162.0,0,0,0,0,False,0,0.0,0.0,0.0
1790804614.213,8.4,63.9,0,0,0.0,0.0,0,0,0,0,False,0,0.0,0.0,0.0
1790804615.213,13.2,64.1,0,32766,0.0,1.0,0,0,0,0,False,0,0.0,0.0,0.0
1790804616.213,28.6,64.7,0,0,0.0,0.0,1,0,0,1,False,0,0.0,0.0,0.0
1790804617.213,12.5,64.1,0,45053,0.0,2.0,0,0,0,0,False,0,0.0,0.0,0.0
1790804618.214,7.1,64.1,0,176115,0.0,3.0,0,0,0,0,False,0,0.0,0.0,0.0
1790804619.214,7.2,64.1,0,0,0.0,0.0,0,0,0,0,False,0,0.0,0.0,0.0
1790804620.214,11.8,64.5,0,81914,0.0,3.0,0,0,0,0,False,0,0.0,0.0,0.0
1790804621.214,9.2,64.6,0,155637,0.0,12.0,0,0,0,0,False,0,0.0,0.0,0.0
1790804622.214,6.7,64.6,0,4096,0.0,1.0,0,0,0,0,False,0,0.0,0.0,0.0
1790804623.214,9.5,64.6,0,4096,0.0,1.0,0,0,0,0,False,0,0.0,0.0,0.0
1790804624.214,7.4,64.6,0,0,0.0,0.0,0,0,0,0,False,0,0.0,0.0,0.0
1790804625.214,6.8,64.6,0,0,0.0,0.0,0,0,0,0,False,0,0.0,0.0,0.0
1790804626.214,6.9,64.6,0,0,0.0,0.0,0,0,0,0,False,0,0.0,0.0,0.0
1790804627.214,10.2,64.6,0,344039,0.0,64.0,0,0,0,0,False,0,0.0,0.0,0.0
1790804628.214,7.1,64.6,0,0,0.0,0.0,0,0,0,0,False,0,0.0,0.0,0.0
1790804629.214,6.8,64.4,0,0,0.0,0.0,0,0,0,0,False,0,0.0,0.0,0.0
1790804630.214,7.0,64.4,0,0,0.0,0.0,0,0,0,0,False,0,0.0,0.0,0.0
1790804631.214,7.0,64.4,0,0,0.0,0.0,0,0,0,0,False,0,0.0,0.0,0.0
1790804632.215,6.6,64.4,0,0,0.0,0.0,0,0,0,0,False,0,0.0,0.0,0.0
1790804633.215,6.6,64.4,0,0,0.0,0.0,0,0,0,0,False,0,0.0,0.0,0.0
1790804634.215,8.4,64.7,0,0,0.0,0.0,0,0,0,0,False,0,0.0,0.0,0.0
1790804635.215,6.8,64.7,0,114679,0.0,10.0,0,0,0,0,False,0,0.0,0.0,0.0
1790804636.215,7.1,64.7,0,0,0.0,0.0,0,0,0,0,False,0,0.0,0.0,0.0
1790804637.215,6.9,64.7,0,0,0.0,0.0,0,0,0,0,False,0,0.0,0.0,0.0
1790804638.215,6.9,64.7,0,16383,0.0,1.0,0,0,0,0,False,0,0.0,0.0,0.0
1790804639.215,15.2,64.8,0,40957,0.0,2.0,0,0,0,0,False,0,0.0,0.0,0.0
1790804640.215,25.6,65.5,0,0,0.0,0.0,1,0,0,1,False,0,0.0,0.0,0.0
1790804641.215,13.5,64.7,0,49148,0.0,2.0,0,0,0,0,False,0,0.0,0.0,0.0
1790804642.215,6.9,64.6,0,0,0.0,0.0,0,0,0,0,False,0,0.0,0.0,0.0
1790804643.215,6.9,64.6,0,417761,0.0,12.0,0,0,0,0,False,0,0.0,0.0,0.0
1790804644.215,7.2,64.6,0,3084057,0.0,31.0,0,0,0,0,False,0,0.0,0.0,0.0
1790804645.216,6.9,64.7,0,0,0.0,0.0,0,0,0,0,False,0,0.0,0.0,0.0
1790804646.216,7.0,64.6,0,0,0.0,0.0,0,0,0,0,False,0,0.0,0.0,0.0
1790804647.216,6.8,64.6,0,0,0.0,0.0,0,0,0,0,False,0,0.0,0.0,0.0
1790804648.216,7.4,64.7,0,32766,0.0,1.0,0,0,0,0,False,0,0.0,0.0,0.0
1790804649.216,9.2,64.7,0,294889,0.0,24.0,0,0,0,0,False,0,0.0,0.0,0.0
1790804650.216,7.8,64.6,0,86009,0.0,10.0,0,0,0,0,False,0,0.0,0.0,0.0
1790804651.216,7.0,64.6,0,0,0.0,0.0,0,0,0,0,False,0,0.0,0.0,0.0
1790804652.216,6.8,64.6,0,0,0.0,0.0,0,0,0,0,False,0,0.0,0.0,0.0
1790804653.216,7.1,64.6,0,0,0.0,0.0,0,0,0,0,False,0,0.0,0.0,0.0
1790804654.216,7.3,64.5,0,1359776,0.0,15.0,0,0,0,0,False,0,0.0,0.0,0.0
1790804655.216,6.9,64.5,0,0,0.0,0.0,0,0,0,0,False,0,0.0,0.0,0.0
1790804656.216,10.3,64.5,0,65531,0.0,2.0,0,0,0,0,False,0,0.0,0.0,0.0
1790804657.216,6.9,64.6,0,323561,0.0,62.0,0,0,0,0,False,0,0.0,0.0,0.0
1790804658.216,6.8,64.6,0,0,0.0,0.0,0,0,0,0,False,0,0.0,0.0,0.0
1790804659.217,6.7,64.6,0,0,0.0,0.0,0,0,0,0,False,0,0.0,0.0,0.0
1790804660.217,7.2,64.6,0,0,0.0,0.0,0,0,0,0,False,0,0.0,0.0,0.0
1790804661.217,10.5,64.6,0,0,0.0,0.0,0,0,0,0,False,0,0.0,0.0,0.0
1790804662.217,8.2,64.6,0,0,0.0,0.0,0,0,0,0,False,0,0.0,0.0,0.0
1790804663.217,8.0,64.5,0,0,0.0,0.0,0,0,0,0,False,0,0.0,0.0,0.0
1790804664.217,9.4,64.5,0,32766,0.0,2.0,0,0,0,0,False,0,0.0,0.0,0.0
1790804665.217,8.3,64.5,0,0,0.0,0.0,0,0,0,0,False,0,0.0,0.0,0.0
1790804666.217,7.7,64.5,0,0,0.0,0.0,0,0,0,0,False,0,0.0,0.0,0.0
1790804667.217,7.2,64.5,0,0,0.0,0.0,0,0,0,0,False,0,0.0,0.0,0.0
1790804668.217,6.7,64.5,0,0,0.0,0.0,0,0,0,0,False,0,0.0,0.0,0.0
1790804669.217,6.9,64.5,0,1253282,0.0,11.0,0,0,0,0,False,0,0.0,0.0,0.0
1790804670.217,6.8,64.4,0,4096,0.0,1.0,0,0,0,0,False,0,0.0,0.0,0.0
1790804671.217,6.6,64.5,0,57340,0.0,2.0,0,0,0,0,False,0,0.0,0.0,0.0
1790804672.218,6.6,64.5,0,0,0.0,0.0,0,0,0,0,False,0,0.0,0.0,0.0
1790804673.218,7.8,64.5,0,0,0.0,0.0,0,0,0,0,False,0,0.0,0.0,0.0
1790804674.218,10.4,64.5,0,49148,0.0,5.0,0,0,0,0,False,0,0.0,0.0,0.0
1790804675.218,6.6,64.4,0,0,0.0,0.0,0,0,0,0,False,0,0.0,0.0,0.0
1790804676.218,6.6,64.4,0,0,0.0,0.0,0,0,0,0,False,0,0.0,0.0,0.0
1790804677.218,6.6,64.5,0,53244,0.0,2.0,0,0,0,0,False,0,0.0,0.0,0.0
1790804678.218,6.8,64.5,0,86009,0.0,10.0,0,0,0,0,False,0,0.0,0.0,0.0
1790804679.218,7.7,64.1,0,0,0.0,0.0,0,0,0,0,False,0,0.0,0.0,0.0
1790804680.218,7.9,64.1,0,2977574,0.0,33.0,0,0,0,0,False,0,0.0,0.0,0.0
1790804681.218,7.8,64.1,0,4096,0.0,1.0,0,0,0,0,False,0,0.0,0.0,0.0
1790804682.218,7.9,64.1,0,0,0.0,0.0,0,0,0,0,False,0,0.0,0.0,0.0
1790804683.218,8.1,64.1,0,0,0.0,0.0,0,0,0,0,False,0,0.0,0.0,0.0
1790804684.218,8.9,64.1,0,69627,0.0,2.0,0,0,0,0,False,0,0.0,0.0,0.0
1790804685.218,9.6,64.1,0,0,0.0,0.0,0,0,0,0,False,0,0.0,0.0,0.0
1790804686.219,7.3,64.1,0,0,0.0,0.0,0,0,0,0,False,0,0.0,0.0,0.0
1790804687.219,6.4,64.1,0,0,0.0,0.0,0,0,0,0,False,0,0.0,0.0,0.0
1790804688.219,6.5,64.1,0,0,0.0,0.0,0,0,0,0,False,0,0.0,0.0,0.0
1790804689.219,6.5,64.1,0,0,0.0,0.0,0,0,0,0,False,0,0.0,0.0,0.0
1790804690.219,6.5,64.1,0,0,0.0,0.0,0,0,0,0,False,0,0.0,0.0,0.0
1790804691.219,6.6,64.1,0,0,0.0,0.0,0,0,0,0,False,0,0.0,0.0,0.0
1790804692.219,6.4,64.1,0,0,0.0,0.0,0,0,0,0,False,0,0.0,0.0,0.0
1790804693.219,7.3,64.2,0,0,0.0,0.0,0,0,0,0,False,0,0.0,0.0,0.0
1790804694.219,9.8,64.4,0,950203,0.0,12.0,0,0,0,0,False,0,0.0,0.0,0.0
1790804695.219,14.9,65.0,0,507866,0.0,65.0,0,0,0,0,False,0,0.0,0.0,0.0
1790804696.219,9.8,65.3,0,348135,0.0,24.0,0,0,0,0,False,0,0.0,0.0,0.0
1790804697.219,7.3,65.3,0,81914,0.0,6.0,0,0,0,0,False,0,0.0,0.0,0.0
1790804698.219,8.7,65.4,0,110584,0.0,6.0,0,0,0,0,False,0,0.0,0.0,0.0
1790804699.219,6.5,65.4,0,16383,0.0,1.0,0,0,0,0,False,0,0.0,0.0,0.0
1790804700.220,7.0,65.4,0,0,0.0,0.0,0,0,0,0,False,0,0.0,0.0,0.0
1790804701.220,6.9,65.3,0,0,0.0,0.0,0,0,0,0,False,0,0.0,0.0,0.0
1790804702.220,6.4,65.3,0,0,0.0,0.0,0,0,0,0,False,0,0.0,0.0,0.0
1790804703.220,6.4,65.3,0,0,0.0,0.0,0,0,0,0,False,0,0.0,0.0,0.0
1790804704.220,6.8,65.3,0,53244,0.0,2.0,0,0,0,0,False,0,0.0,0.0,0.0
1790804705.220,6.6,65.2,0,24574,0.0,6.0,0,0,0,0,False,0,0.0,0.0,0.0
1790804706.220,6.5,65.1,0,0,0.0,0.0,0,0,0,0,False,0,0.0,0.0,0.0
1790804707.220,6.6,65.1,0,0,0.0,0.0,0,0,0,0,False,0,0.0,0.0,0.0
1790804708.220,6.6,65.1,0,0,0.0,0.0,0,0,0,0,False,0,0.0,0.0,0.0
1790804709.220,6.7,65.0,0,81914,0.0,11.0,0,0,0,0,False,0,0.0,0.0,0.0
1790804710.220,6.7,65.0,0,0,0.0,0.0,0,0,0,0,False,0,0.0,0.0,0.0
1790804711.220,6.5,65.0,0,2567967,0.0,25.0,0,0,0,0,False,0,0.0,0.0,0.0
1790804712.220,6.5,65.0,0,0,0.0,0.0,0,0,0,0,False,0,0.0,0.0,0.0
1790804713.220,9.7,65.0,0,90106,0.0,1.0,0,0,0,0,False,0,0.0,0.0,0.0
1790804714.221,7.4,64.8,0,0,0.0,0.0,0,0,0,0,False,0,0.0,0.0,0.0
1790804715.221,6.8,64.9,0,0,0.0,0.0,0,0,0,0,False,0,0.0,0.0,0.0
1790804716.221,6.8,64.8,0,53244,0.0,2.0,0,0,0,0,False,0,0.0,0.0,0.0
1790804717.221,6.4,64.8,0,0,0.0,0.0,0,0,0,0,False,0,0.0,0.0,0.0
1790804718.221,6.6,64.8,0,0,0.0,0.0,0,0,0,0,False,0,0.0,0.0,0.0
1790804719.221,6.6,64.8,0,1413021,0.0,14.0,0,0,0,0,False,0,0.0,0.0,0.0
1790804720.221,6.5,64.8,0,0,0.0,0.0,0,0,0,0,False,0,0.0,0.0,0.0
1790804721.221,6.7,64.8,0,0,0.0,0.0,0,0,0,0,False,0,0.0,0.0,0.0
1790804722.221,6.6,64.8,0,0,0.0,0.0,0,0,0,0,False,0,0.0,0.0,0.0
1790804723.221,6.6,64.8,0,0,0.0,0.0,0,0,0,0,False,0,0.0,0.0,0.0
1790804724.221,13.1,64.8,0,0,0.0,0.0,0,0,0,0,False,0,0.0,0.0,0.0
1790804725.221,6.8,64.7,0,339944,0.0,35.0,0,0,0,0,False,0,0.0,0.0,0.0
1790804726.221,7.5,64.7,0,45052,0.0,10.0,0,0,0,0,False,0,0.0,0.0,0.0
1790804727.221,6.4,64.7,0,262125,0.0,52.0,0,0,0,0,False,0,0.0,0.0,0.0
1790804728.222,6.5,64.7,0,0,0.0,0.0,0,0,0,0,False,0,0.0,0.0,0.0
1790804729.222,6.8,64.5,0,0,0.0,0.0,0,0,0,0,False,0,0.0,0.0,0.0
1790804730.222,6.5,64.5,0,16383,0.0,1.0,0,0,0,0,False,0,0.0,0.0,0.0
1790804731.222,7.1,64.5,0,0,0.0,0.0,0,0,0,0,False,0,0.0,0.0,0.0
1790804732.222,6.7,64.5,0,1482625,0.0,15.0,0,0,0,0,False,0,0.0,0.0,0.0
1790804733.222,7.0,64.5,0,1937269,0.0,19.0,0,0,0,0,False,0,0.0,0.0,0.0
1790804734.222,6.9,64.5,0,0,0.0,0.0,0,0,0,0,False,0,0.0,0.0,0.0
1790804735.222,6.5,64.5,0,0,0.0,0.0,0,0,0,0,False,0,0.0,0.0,0.0
1790804736.222,7.2,64.5,0,0,0.0,0.0,0,0,0,0,False,0,0.0,0.0,0.0
1790804737.222,6.8,64.6,0,24574,0.0,4.0,0,0,0,0,False,0,0.0,0.0,0.0
1790804738.222,7.3,64.5,0,32765,0.0,2.0,0,0,0,0,False,0,0.0,0.0,0.0
1790804739.222,7.8,64.5,0,0,0.0,0.0,0,0,0,0,False,0,0.0,0.0,0.0
1790804740.222,7.6,64.6,0,1236901,0.0,10.0,0,0,0,0,False,0,0.0,0.0,0.0
1790804741.223,6.9,64.6,0,0,0.0,0.0,0,0,0,0,False,0,0.0,0.0,0.0
1790804742.223,6.7,64.6,0,2936614,0.0,30.0,0,0,0,0,False,0,0.0,0.0,0.0
1790804743.223,6.8,64.6,0,0,0.0,0.0,0,0,0,0,False,0,0.0,0.0,0.0
1790804744.223,6.9,64.5,0,73723,0.0,2.0,0,0,0,0,False,0,0.0,0.0,0.0
1790804745.223,6.6,64.5,0,0,0.0,0.0,0,0,0,0,False,0,0.0,0.0,0.0
1790804746.223,9.5,64.5,0,0,0.0,0.0,0,0,0,0,False,0,0.0,0.0,0.0
1790804747.223,6.6,64.4,0,0,0.0,0.0,0,0,0,0,False,0,0.0,0.0,0.0
1790804748.223,6.8,64.4,0,0,0.0,0.0,0,0,0,0,False,0,0.0,0.0,0.0
1790804749.223,6.7,64.4,0,0,0.0,0.0,0,0,0,0,False,0,0.0,0.0,0.0
1790804750.223,8.9,64.3,0,0,0.0,0.0,0,0,0,0,False,0,0.0,0.0,0.0
1790804751.223,7.0,64.3,0,0,0.0,0.0,0,0,0,0,False,0,0.0,0.0,0.0
1790804752.223,6.6,64.3,0,0,0.0,0.0,0,0,0,0,False,0,0.0,0.0,0.0
1790804753.223,10.2,64.3,0,0,0.0,0.0,0,0,0,0,False,0,0.0,0.0,0.0
1790804754.223,8.5,64.7,0,0,0.0,0.0,0,0,0,0,False,0,0.0,0.0,0.0
1790804755.224,6.7,64.7,0,65531,0.0,2.0,0,0,0,0,False,0,0.0,0.0,0.0
1790804756.224,7.2,64.7,0,0,0.0,0.0,0,0,0,0,False,0,0.0,0.0,0.0
1790804757.224,6.9,64.7,0,0,0.0,0.0,0,0,0,0,False,0,0.0,0.0,0.0
1790804758.224,6.9,64.6,0,0,0.0,0.0,0,0,0,0,False,0,0.0,0.0,0.0
1790804759.224,7.9,64.6,0,114680,0.0,10.0,0,0,0,0,False,0,0.0,0.0,0.0
1790804760.224,7.8,64.6,0,0,0.0,0.0,0,0,0,0,False,0,0.0,0.0,0.0
1790804761.224,9.4,64.5,0,12287,0.0,2.0,0,0,0,0,False,0,0.0,0.0,0.0
1790804762.224,7.2,64.5,0,172019,0.0,37.0,0,0,0,0,False,0,0.0,0.0,0.0
1790804763.224,6.8,64.5,0,94201,0.0,12.0,0,0,0,0,False,0,0.0,0.0,0.0
1790804764.224,7.6,64.5,0,0,0.0,0.0,0,0,0,0,False,0,0.0,0.0,0.0
1790804765.224,6.7,64.5,0,0,0.0,0.0,0,0,0,0,False,0,0.0,0.0,0.0
1790804766.224,6.8,64.4,0,0,0.0,0.0,0,0,0,0,False,0,0.0,0.0,0.0
1790804767.224,6.9,64.4,0,0,0.0,0.0,0,0,0,0,False,0,0.0,0.0,0.0
1790804768.224,6.9,64.5,0,16383,0.0,4.0,0,0,0,0,False,0,0.0,0.0,0.0
1790804769.225,6.7,64.5,0,622548,0.0,12.0,0,0,0,0,False,0,0.0,0.0,0.0
1790804770.225,6.7,64.5,0,1236914,0.0,10.0,0,0,0,0,False,0,0.0,0.0,0.0
1790804771.225,7.2,64.5,0,0,0.0,0.0,0,0,0,0,False,0,0.0,0.0,0.0
1790804772.225,6.7,64.5,0,2932514,0.0,30.0,0,0,0,0,False,0,0.0,0.0,0.0
1790804773.225,7.1,64.5,0,0,0.0,0.0,0,0,0,0,False,0,0.0,0.0,0.0
1790804774.225,6.8,64.5,0,0,0.0,0.0,0,0,0,0,False,0,0.0,0.0,0.0
1790804775.225,9.1,64.5,0,0,0.0,0.0,0,0,0,0,False,0,0.0,0.0,0.0
1790804776.225,6.7,64.5,0,53244,0.0,2.0,0,0,0,0,False,0,0.0,0.0,0.0
1790804777.225,6.5,64.5,0,0,0.0,0.0,0,0,0,0,False,0,0.0,0.0,0.0
1790804778.225,6.7,64.5,0,0,0.0,0.0,0,0,0,0,False,0,0.0,0.0,0.0
1790804779.225,6.7,64.5,0,0,0.0,0.0,0,0,0,0,False,0,0.0,0.0,0.0
1790804780.225,6.9,64.2,0,81914,0.0,10.0,0,0,0,0,False,0,0.0,0.0,0.0
1790804781.225,6.8,64.2,0,0,0.0,0.0,0,0,0,0,False,0,0.0,0.0,0.0
1790804782.226,10.1,64.2,0,0,0.0,0.0,0,0,0,0,False,0,0.0,0.0,0.0
1790804783.226,6.8,64.2,0,0,0.0,0.0,0,0,0,0,False,0,0.0,0.0,0.0
1790804784.226,8.2,64.2,0,0,0.0,0.0,0,0,0,0,False,0,0.0,0.0,0.0
1790804785.226,7.0,64.1,0,0,0.0,0.0,0,0,0,0,False,0,0.0,0.0,0.0
1790804786.226,7.2,64.1,0,32766,0.0,2.0,0,0,0,0,False,0,0.0,0.0,0.0
1790804787.226,7.1,64.1,0,0,0.0,0.0,0,0,0,0,False,0,0.0,0.0,0.0
1790804788.226,6.8,64.1,0,12287,0.0,2.0,0,0,0,0,False,0,0.0,0.0,0.0
1790804789.226,6.6,64.1,0,0,0.0,0.0,0,0,0,0,False,0,0.0,0.0,0.0
1790804790.226,7.2,64.1,0,438241,0.0,5.0,0,0,0,0,False,0,0.0,0.0,0.0
1790804791.226,6.7,64.1,0,12287,0.0,2.0,0,0,0,0,False,0,0.0,0.0,0.0
1790804792.226,6.8,64.1,0,0,0.0,0.0,0,0,0,0,False,0,0.0,0.0,0.0
1790804793.226,6.7,64.1,0,110583,0.0,25.0,0,0,0,0,False,0,0.0,0.0,0.0
1790804794.226,6.9,64.1,0,0,0.0,0.0,0,0,0,0,False,0,0.0,0.0,0.0
1790804795.227,7.2,64.1,0,65531,0.0,2.0,0,0,0,0,False,0,0.0,0.0,0.0
1790804796.227,9.9,64.1,0,184304,0.0,4.0,0,0,0,0,False,0,0.0,0.0,0.0
1790804797.227,10.0,64.7,0,0,0.0,0.0,0,0,0,0,False,0,0.0,0.0,0.0
1790804798.227,7.6,64.7,0,0,0.0,0.0,0,0,0,0,False,0,0.0,0.0,0.0
1790804799.227,6.8,64.4,0,0,0.0,0.0,0,0,0,0,False,0,0.0,0.0,0.0
1790804800.227,7.1,64.4,0,24574,0.0,4.0,0,0,0,0,False,0,0.0,0.0,0.0
1790804801.227,6.9,64.3,0,0,0.0,0.0,0,0,0,0,False,0,0.0,0.0,0.0
1790804802.227,6.8,64.3,0,0,0.0,0.0,0,0,0,0,False,0,0.0,0.0,0.0
1790804803.227,6.4,64.2,0,3039010,0.0,33.0,0,0,0,0,False,0,0.0,0.0,0.0
1790804804.227,6.9,64.2,0,0,0.0,0.0,0,0,0,0,False,0,0.0,0.0,0.0
1790804805.227,6.9,64.1,0,0,0.0,0.0,0,0,0,0,False,0,0.0,0.0,0.0
1790804806.227,6.8,64.1,0,0,0.0,0.0,0,0,0,0,False,0,0.0,0.0,0.0
1790804807.227,6.8,64.1,0,0,0.0,0.0,0,0,0,0,False,0,0.0,0.0,0.0
1790804808.227,7.2,64.1,0,0,0.0,0.0,0,0,0,0,False,0,0.0,0.0,0.0
1790804809.228,6.7,64.1,0,0,0.0,0.0,0,0,0,0,False,0,0.0,0.0,0.0
1790804810.228,6.8,64.1,0,98301,0.0,12.0,0,0,0,0,False,0,0.0,0.0,0.0
1790804811.228,9.2,64.0,0,0,0.0,0.0,0,0,0,0,False,0,0.0,0.0,0.0
1790804812.228,6.9,64.0,0,0,0.0,0.0,0,0,0,0,False,0,0.0,0.0,0.0
1790804813.228,7.1,64.0,0,0,0.0,0.0,0,0,0,0,False,0,0.0,0.0,0.0
1790804814.228,8.5,64.4,0,0,0.0,0.0,0,0,0,0,False,0,0.0,0.0,0.0
1790804815.228,7.0,64.4,0,40957,0.0,2.0,0,0,0,0,False,0,0.0,0.0,0.0
1790804816.228,6.9,64.3,0,0,0.0,0.0,0,0,0,0,False,0,0.0,0.0,0.0
1790804817.228,7.3,64.3,0,0,0.0,0.0,0,0,0,0,False,0,0.0,0.0,0.0
1790804818.228,7.0,64.3,0,1970034,0.0,29.0,0,0,0,0,False,0,0.0,0.0,0.0
1790804819.228,6.8,64.3,0,8191,0.0,1.0,0,0,0,0,False,0,0.0,0.0,0.0
1790804820.228,7.0,64.3,0,0,0.0,0.0,0,0,0,0,False,0,0.0,0.0,0.0
1790804821.228,10.6,64.3,0,0,0.0,0.0,0,0,0,0,False,0,0.0,0.0,0.0
1790804822.228,7.3,64.3,0,12287,0.0,2.0,0,0,0,0,False,0,0.0,0.0,0.0
1790804823.229,6.8,64.3,0,0,0.0,0.0,0,0,0,0,False,0,0.0,0.0,0.0
1790804824.229,10.2,64.3,0,298993,0.0,6.0,0,0,0,0,False,0,0.0,0.0,0.0
1790804825.229,6.9,64.2,0,131063,0.0,13.0,0,0,0,0,False,0,0.0,0.0,0.0
1790804826.229,9.7,64.4,0,278509,0.0,50.0,0,0,0,0,False,0,0.0,0.0,0.0
1790804827.229,23.5,65.0,0,184307,0.0,11.0,0,0,0,0,False,0,0.0,0.0,0.0
1790804828.229,28.4,65.1,0,0,0.0,0.0,1,0,0,1,False,0,0.0,0.0,0.0
1790804829.229,28.3,65.2,0,446430,0.0,7.0,1,1,0,1,False,0,0.0,0.0,0.0
1790804830.229,20.3,65.2,0,0,0.0,0.0,1,1,0,1,False,0,0.0,0.0,0.0
1790804831.229,17.9,65.2,0,94201,0.0,7.0,1,1,0,1,False,0,0.0,0.0,0.0
1790804832.229,19.9,65.2,0,0,0.0,0.0,1,1,0,1,False,0,0.0,0.0,0.0
1790804833.229,21.6,65.2,0,245740,0.0,3.0,1,1,0,1,False,0,0.0,0.0,0.0
1790804834.229,20.9,65.1,0,16383,0.0,1.0,0,0,0,0,False,0,0.0,0.0,0.0
1790804835.229,6.9,64.5,0,32766,0.0,1.0,0,0,0,0,False,0,0.0,0.0,0.0
1790804836.230,7.1,64.5,0,0,0.0,0.0,0,0,0,0,False,0,0.0,0.0,0.0
1790804837.230,6.9,64.5,0,0,0.0,0.0,0,0,0,0,False,0,0.0,0.0,0.0
1790804838.230,6.9,64.5,0,188402,0.0,3.0,0,0,0,0,False,0,0.0,0.0,0.0
1790804839.230,6.7,64.5,0,2117467,0.0,21.0,0,0,0,0,False,0,0.0,0.0,0.0
1790804840.230,6.6,64.4,0,0,0.0,0.0,0,0,0,0,False,0,0.0,0.0,0.0
1790804841.230,6.9,64.4,0,0,0.0,0.0,0,0,0,0,False,0,0.0,0.0,0.0
1790804842.230,6.9,64.4,0,0,0.0,0.0,0,0,0,0,False,0,0.0,0.0,0.0
1790804843.230,9.2,64.3,0,0,0.0,0.0,0,0,0,0,False,0,0.0,0.0,0.0
1790804844.230,7.8,64.3,0,86009,0.0,10.0,0,0,0,0,False,0,0.0,0.0,0.0
1790804845.230,6.9,64.2,0,0,0.0,0.0,0,0,0,0,False,0,0.0,0.0,0.0
1790804846.230,7.2,64.2,0,0,0.0,0.0,0,0,0,0,False,0,0.0,0.0,0.0
1790804847.230,7.1,64.2,0,0,0.0,0.0,0,0,0,0,False,0,0.0,0.0,0.0
1790804848.230,7.1,64.2,0,12287,0.0,1.0,0,0,0,0,False,0,0.0,0.0,0.0
1790804849.230,6.9,64.2,0,1191844,0.0,12.0,0,0,0,0,False,0,0.0,0.0,0.0
1790804850.231,7.4,64.3,0,28669,0.0,2.0,0,0,0,0,False,0,0.0,0.0,0.0
1790804851.231,10.5,64.2,0,0,0.0,0.0,0,0,0,0,False,0,0.0,0.0,0.0
1790804852.231,6.9,64.2,0,0,0.0,0.0,0,0,0,0,False,0,0.0,0.0,0.0
1790804853.231,7.2,64.2,0,16383,0.0,1.0,0,0,0,0,False,0,0.0,0.0,0.0
1790804854.231,10.2,63.9,0,1806193,0.0,17.0,0,0,0,0,False,0,0.0,0.0,0.0
1790804855.231,6.9,64.0,0,40956,0.0,2.0,0,0,0,0,False,0,0.0,0.0,0.0
1790804856.231,9.1,64.0,0,90104,0.0,11.0,0,0,0,0,False,0,0.0,0.0,0.0
1790804857.231,22.5,64.6,0,323556,0.0,59.0,0,0,0,0,False,0,0.0,0.0,0.0
1790804858.231,30.1,64.8,0,40957,0.0,2.0,1,0,0,1,False,0,0.0,0.0,0.0
1790804859.231,20.7,64.8,0,12287,0.0,3.0,1,1,0,1,False,0,0.0,0.0,0.0
1790804860.231,19.5,64.9,0,0,0.0,0.0,1,1,0,1,False,0,0.0,0.0,0.0
1790804861.231,18.1,64.9,0,0,0.0,0.0,1,1,0,1,False,0,0.0,0.0,0.0
1790804862.232,20.8,64.9,0,208878,0.0,3.0,1,1,0,1,False,0,0.0,0.0,0.0
1790804863.232,22.7,65.0,0,253932,0.0,10.0,1,1,0,1,False,0,0.0,0.0,0.0
1790804864.232,23.0,65.0,0,0,0.0,0.0,0,0,0,0,False,0,0.0,0.0,0.0
1790804865.232,8.9,64.2,0,53244,0.0,3.0,0,0,0,0,False,0,0.0,0.0,0.0
1790804866.232,8.2,64.2,0,0,0.0,0.0,0,0,0,0,False,0,0.0,0.0,0.0
1790804867.232,8.0,64.2,0,0,0.0,0.0,0,0,0,0,False,0,0.0,0.0,0.0
1790804868.232,6.8,64.2,0,212978,0.0,3.0,0,0,0,0,False,0,0.0,0.0,0.0
1790804869.232,6.9,64.2,0,0,0.0,0.0,0,0,0,0,False,0,0.0,0.0,0.0
1790804870.232,6.8,64.2,0,2670397,0.0,29.0,0,0,0,0,False,0,0.0,0.0,0.0
1790804871.232,7.1,64.2,0,0,0.0,0.0,0,0,0,0,False,0,0.0,0.0,0.0
1790804872.232,7.3,64.2,0,0,0.0,0.0,0,0,0,0,False,0,0.0,0.0,0.0
1790804873.232,6.6,64.2,0,0,0.0,0.0,0,0,0,0,False,0,0.0,0.0,0.0
1790804874.232,8.9,64.7,0,0,0.0,0.0,0,0,0,0,False,0,0.0,0.0,0.0
1790804875.233,6.7,64.7,0,40957,0.0,2.0,0,0,0,0,False,0,0.0,0.0,0.0
1790804876.233,6.7,64.8,0,0,0.0,0.0,0,0,0,0,False,0,0.0,0.0,0.0
1790804877.233,9.4,64.7,0,0,0.0,0.0,0,0,0,0,False,0,0.0,0.0,0.0
1790804878.233,6.6,64.7,0,0,0.0,0.0,0,0,0,0,False,0,0.0,0.0,0.0
1790804879.233,6.6,64.6,0,0,0.0,0.0,0,0,0,0,False,0,0.0,0.0,0.0
1790804880.233,6.9,64.6,0,0,0.0,0.0,0,0,0,0,False,0,0.0,0.0,0.0
1790804881.233,6.4,64.6,0,0,0.0,0.0,0,0,0,0,False,0,0.0,0.0,0.0
1790804882.233,6.6,64.6,0,0,0.0,0.0,0,0,0,0,False,0,0.0,0.0,0.0
1790804883.233,6.6,64.6,0,0,0.0,0.0,0,0,0,0,False,0,0.0,0.0,0.0
1790804884.233,6.9,64.6,0,131063,0.0,13.0,0,0,0,0,False,0,0.0,0.0,0.0
1790804885.233,6.5,64.5,0,0,0.0,0.0,0,0,0,0,False,0,0.0,0.0,0.0
1790804886.233,6.7,64.5,0,0,0.0,0.0,0,0,0,0,False,0,0.0,0.0,0.0
1790804887.233,6.4,64.5,0,0,0.0,0.0,0,0,0,0,False,0,0.0,0.0,0.0
1790804888.233,6.6,64.5,0,0,0.0,0.0,0,0,0,0,False,0,0.0,0.0,0.0
1790804889.234,6.5,64.5,0,53244,0.0,3.0,0,0,0,0,False,0,0.0,0.0,0.0
1790804890.234,9.8,64.5,0,0,0.0,0.0,0,0,0,0,False,0,0.0,0.0,0.0
1790804891.234,9.7,64.5,0,0,0.0,0.0,0,0,0,0,False,0,0.0,0.0,0.0
1790804892.234,22.0,65.0,0,327657,0.0,52.0,0,0,0,0,False,0,0.0,0.0,0.0
1790804893.234,36.7,65.8,0,32766,0.0,1.0,1,0,0,1,False,0,0.0,0.0,0.0
1790804894.234,37.9,65.3,0,679884,0.0,16.0,3,2,0,3,False,0,0.0,0.0,0.0
1790804895.234,28.9,65.7,0,806849,0.0,11.0,1,1,0,1,False,0,0.0,0.0,0.0
1790804896.234,53.3,65.6,0,0,0.0,0.0,1,15,0,1,False,0,0.0,0.0,0.0
1790804897.234,23.4,65.0,0,765882,0.0,10.0,0,0,0,0,False,0,0.0,0.0,0.0
1790804898.234,7.8,65.0,0,0,0.0,0.0,0,0,0,0,False,0,0.0,0.0,0.0
1790804899.234,7.4,65.0,0,18979488,0.0,152.0,0,0,0,0,False,0,0.0,0.0,0.0
1790804900.234,6.4,64.9,0,2113383,0.0,20.0,0,0,0,0,False,0,0.0,0.0,0.0
1790804901.234,6.6,64.9,0,0,0.0,0.0,0,0,0,0,False,0,0.0,0.0,0.0
1790804902.234,6.8,64.9,0,200689,0.0,3.0,0,0,0,0,False,0,0.0,0.0,0.0
1790804903.235,8.7,64.8,0,0,0.0,0.0,0,0,0,0,False,0,0.0,0.0,0.0
1790804904.235,7.6,64.6,0,13889082,0.0,121.0,0,0,0,0,False,0,0.0,0.0,0.0
1790804905.235,6.6,64.6,0,0,0.0,0.0,0,0,0,0,False,0,0.0,0.0,0.0
1790804906.235,6.5,64.6,0,8191,0.0,1.0,0,0,0,0,False,0,0.0,0.0,0.0
1790804907.235,6.7,64.6,0,0,0.0,0.0,0,0,0,0,False,0,0.0,0.0,0.0
1790804908.235,6.6,64.5,0,0,0.0,0.0,0,0,0,0,False,0,0.0,0.0,0.0
1790804909.235,6.6,64.5,0,77818,0.0,2.0,0,0,0,0,False,0,0.0,0.0,0.0
1790804910.235,6.7,64.5,0,0,0.0,0.0,0,0,0,0,False,0,0.0,0.0,0.0
1790804911.235,6.5,64.5,0,0,0.0,0.0,0,0,0,0,False,0,0.0,0.0,0.0
1790804912.235,14.9,64.9,0,32766,0.0,1.0,0,0,0,0,False,0,0.0,0.0,0.0
1790804913.235,29.9,65.6,0,208878,0.0,8.0,1,0,0,1,False,0,0.0,0.0,0.0
1790804914.235,29.9,65.5,0,16383,0.0,1.0,0,0,0,0,False,0,0.0,0.0,0.0
1790804915.235,15.5,64.9,0,49148,0.0,2.0,0,0,0,0,False,0,0.0,0.0,0.0
1790804916.236,18.2,65.2,0,32766,0.0,1.0,0,0,0,0,False,0,0.0,0.0,0.0
1790804917.236,35.4,65.3,0,0,0.0,0.0,3,1,0,3,False,0,0.0,0.0,0.0
1790804918.236,31.3,65.6,0,634827,0.0,6.0,1,1,0,1,False,0,0.0,0.0,0.0
1790804919.237,42.7,65.7,0,73661,0.0,10.0,1,17,0,1,False,0,0.0,0.0,0.0
1790804920.237,35.8,65.1,0,49147,0.0,2.0,0,0,0,0,False,0,0.0,0.0,0.0
1790804921.237,10.7,65.4,0,532442,0.0,8.0,0,0,0,0,False,0,0.0,0.0,0.0
1790804922.237,8.7,65.6,0,167924,0.0,12.0,0,0,0,0,False,0,0.0,0.0,0.0
1790804923.237,7.1,65.6,0,0,0.0,0.0,0,0,0,0,False,0,0.0,0.0,0.0
1790804924.237,9.9,65.6,0,0,0.0,0.0,0,0,0,0,False,0,0.0,0.0,0.0
1790804925.237,6.6,65.4,0,19782293,0.0,250.0,0,0,0,0,False,0,0.0,0.0,0.0
1790804926.237,7.6,65.3,0,1093543,0.0,16.0,0,0,0,0,False,0,0.0,0.0,0.0
1790804927.237,10.1,65.3,0,0,0.0,0.0,0,0,0,0,False,0,0.0,0.0,0.0
1790804928.237,7.1,65.2,0,118775,0.0,2.0,0,0,0,0,False,0,0.0,0.0,0.0
1790804929.237,6.9,65.2,0,0,0.0,0.0,0,0,0,0,False,0,0.0,0.0,0.0
1790804930.237,6.7,65.2,0,13773837,0.0,107.0,0,0,0,0,False,0,0.0,0.0,0.0
1790804931.238,6.7,65.1,0,0,0.0,0.0,0,0,0,0,False,0,0.0,0.0,0.0
1790804932.238,6.6,65.0,0,0,0.0,0.0,0,0,0,0,False,0,0.0,0.0,0.0
1790804933.238,6.7,65.0,0,0,0.0,0.0,0,0,0,0,False,0,0.0,0.0,0.0
1790804934.238,8.5,65.3,0,0,0.0,0.0,0,0,0,0,False,0,0.0,0.0,0.0
1790804935.238,6.7,65.3,0,0,0.0,0.0,0,0,0,0,False,0,0.0,0.0,0.0
1790804936.238,7.0,65.2,0,3039007,0.0,34.0,0,0,0,0,False,0,0.0,0.0,0.0
1790804937.238,19.4,65.8,0,32765,0.0,1.0,0,0,0,0,False,0,0.0,0.0,0.0
1790804938.238,21.6,66.0,0,0,0.0,0.0,0,0,0,0,False,0,0.0,0.0,0.0
1790804939.238,7.6,65.2,0,49148,0.0,2.0,0,0,0,0,False,0,0.0,0.0,0.0
1790804940.238,9.1,65.2,0,0,0.0,0.0,0,0,0,0,False,0,0.0,0.0,0.0
1790804941.238,7.0,65.2,0,196592,0.0,3.0,0,0,0,0,False,0,0.0,0.0,0.0
1790804942.238,6.7,65.2,0,0,0.0,0.0,0,0,0,0,False,0,0.0,0.0,0.0
1790804943.238,6.8,65.2,0,0,0.0,0.0,0,0,0,0,False,0,0.0,0.0,0.0
1790804944.239,7.5,65.1,0,0,0.0,0.0,0,0,0,0,False,0,0.0,0.0,0.0
1790804945.239,6.6,65.1,0,0,0.0,0.0,0,0,0,0,False,0,0.0,0.0,0.0
1790804946.239,6.7,65.1,0,0,0.0,0.0,0,0,0,0,False,0,0.0,0.0,0.0
1790804947.239,6.9,65.1,0,0,0.0,0.0,0,0,0,0,False,0,0.0,0.0,0.0
1790804948.239,8.9,65.1,0,0,0.0,0.0,0,0,0,0,False,0,0.0,0.0,0.0
1790804949.239,6.8,65.1,0,65531,0.0,2.0,0,0,0,0,False,0,0.0,0.0,0.0
1790804950.239,6.9,65.1,0,245742,0.0,31.0,0,0,0,0,False,0,0.0,0.0,0.0
1790804951.239,7.6,65.0,0,81914,0.0,10.0,0,0,0,0,False,0,0.0,0.0,0.0
1790804952.239,7.7,65.0,0,65531,0.0,4.0,0,0,0,0,False,0,0.0,0.0,0.0
1790804953.239,9.3,64.9,0,0,0.0,0.0,0,0,0,0,False,0,0.0,0.0,0.0
1790804954.239,7.1,64.9,0,0,0.0,0.0,0,0,0,0,False,0,0.0,0.0,0.0
1790804955.239,6.8,64.9,0,16383,0.0,1.0,0,0,0,0,False,0,0.0,0.0,0.0
1790804956.239,6.9,64.9,0,0,0.0,0.0,0,0,0,0,False,0,0.0,0.0,0.0
1790804957.239,7.0,64.9,0,1482640,0.0,20.0,0,0,0,0,False,0,0.0,0.0,0.0
1790804958.240,6.8,64.8,0,339943,0.0,63.0,0,0,0,0,False,0,0.0,0.0,0.0
1790804959.240,13.2,54.7,0,0,0.0,0.0,0,0,0,0,False,0,0.0,0.0,0.0
1790804960.240,6.9,54.7,0,0,0.0,0.0,0,0,0,0,False,0,0.0,0.0,0.0
1790804961.240,6.9,54.8,0,0,0.0,0.0,0,0,0,0,False,0,0.0,0.0,0.0
1790804962.240,7.2,54.8,0,204784,0.0,3.0,0,0,0,0,False,0,0.0,0.0,0.0
1790804963.240,6.6,54.7,0,0,0.0,0.0,0,0,0,0,False,0,0.0,0.0,0.0
1790804964.240,10.3,54.7,0,0,0.0,0.0,0,0,0,0,False,0,0.0,0.0,0.0
1790804965.240,7.0,54.6,0,0,0.0,0.0,0,0,0,0,False,0,0.0,0.0,0.0
1790804966.240,10.2,54.6,0,0,0.0,0.0,0,0,0,0,False,0,0.0,0.0,0.0
1790804967.240,6.8,54.6,0,2269015,0.0,22.0,0,0,0,0,False,0,0.0,0.0,0.0
1790804968.240,6.5,54.6,0,0,0.0,0.0,0,0,0,0,False,0,0.0,0.0,0.0
1790804969.240,7.2,54.6,0,1236903,0.0,10.0,0,0,0,0,False,0,0.0,0.0,0.0
1790804970.240,17.6,55.1,0,32765,0.0,1.0,0,0,0,0,False,0,0.0,0.0,0.0
1790804971.241,36.5,55.6,0,126965,0.0,4.0,3,0,0,3,False,0,0.0,0.0,0.0
1790804972.241,47.0,58.9,0,0,0.0,0.0,2,2,0,2,False,0,0.0,0.0,0.0
1790804973.241,28.3,61.5,0,0,0.0,0.0,1,1,0,1,False,0,0.0,0.0,0.0
1790804974.241,62.5,62.9,0,0,0.0,0.0,1,15,0,1,False,0,0.0,0.0,0.0
1790804975.241,15.7,63.4,0,49148,0.0,2.0,0,0,0,0,False,0,0.0,0.0,0.0
1790804976.241,7.1,63.4,0,19556987,0.0,160.0,0,0,0,0,False,0,0.0,0.0,0.0
1790804977.241,21.0,63.9,0,32765,0.0,1.0,0,0,0,0,False,0,0.0,0.0,0.0
1790804978.241,42.4,66.1,0,0,0.0,0.0,3,1,0,3,False,0,0.0,0.0,0.0
1790804979.241,47.2,65.7,0,0,0.0,0.0,2,2,0,2,False,0,0.0,0.0,0.0
1790804980.242,32.6,65.9,0,0,0.0,0.0,1,0,0,1,False,0,0.0,0.0,0.0
1790804981.242,59.5,65.4,0,688057,0.0,9.0,0,0,0,0,False,0,0.0,0.0,0.0
1790804982.242,7.1,65.4,0,32765,0.0,4.0,0,0,0,0,False,0,0.0,0.0,0.0
1790804983.242,6.8,65.4,0,0,0.0,0.0,0,0,0,0,False,0,0.0,0.0,0.0
1790804984.242,7.7,65.5,0,180206,0.0,5.0,0,0,0,0,False,0,0.0,0.0,0.0
1790804985.242,6.9,65.4,0,0,0.0,0.0,0,0,0,0,False,0,0.0,0.0,0.0
1790804986.242,7.2,65.4,0,57338,0.0,3.0,0,0,0,0,False,0,0.0,0.0,0.0
1790804987.242,7.1,65.4,0,0,0.0,0.0,0,0,0,0,False,0,0.0,0.0,0.0
1790804988.242,6.9,65.5,0,0,0.0,0.0,0,0,0,0,False,0,0.0,0.0,0.0
1790804989.242,6.6,65.4,0,966589,0.0,17.0,0,0,0,0,False,0,0.0,0.0,0.0
1790804990.242,7.2,65.4,0,0,0.0,0.0,0,0,0,0,False,0,0.0,0.0,0.0
1790804991.243,7.3,65.4,0,19081936,0.0,156.0,0,0,0,0,False,0,0.0,0.0,0.0
1790804992.243,7.1,65.4,0,0,0.0,0.0,0,0,0,0,False,0,0.0,0.0,0.0
1790804993.243,7.4,65.5,0,688079,0.0,86.0,0,0,0,0,False,0,0.0,0.0,0.0
1790804994.243,11.3,65.9,0,0,0.0,0.0,0,0,0,0,False,0,0.0,0.0,0.0
1790804995.243,13.9,66.1,0,294890,0.0,7.0,0,0,0,0,False,0,0.0,0.0,0.0
1790804996.243,10.4,66.2,0,13958170,0.0,118.0,0,0,0,0,False,0,0.0,0.0,0.0
1790804997.243,7.9,66.3,0,0,0.0,0.0,0,0,0,0,False,0,0.0,0.0,0.0
1790804998.243,6.8,66.3,0,2969389,0.0,29.0,0,0,0,0,False,0,0.0,0.0,0.0
1790804999.243,6.8,66.2,0,0,0.0,0.0,0,0,0,0,False,0,0.0,0.0,0.0
1790805000.243,20.1,66.7,0,36861,0.0,2.0,0,0,0,0,False,0,0.0,0.0,0.0
1790805001.243,33.4,66.9,0,647121,0.0,6.0,2,1,0,2,False,0,0.0,0.0,0.0
1790805002.243,25.9,66.3,0,49148,0.0,2.0,0,0,0,0,False,0,0.0,0.0,0.0
