timestamp,regime,query_type
10.200602872748009,LOW,READ
13.416843513497664,LOW,READ
26.752770241578492,LOW,READ
49.0256512370923,LOW,READ
54.50611283105721,LOW,READ
56.973279790655454,LOW,READ
57.24222382745853,LOW,READ
67.73714383968425,LOW,READ
70.22740802935249,LOW,READ
86.80478897158346,LOW,READ
103.19444759248898,LOW,READ
107.3533984574748,LOW,READ
138.86862494185783,LOW,READ
139.8419514552574,LOW,READ
158.6474888715888,LOW,READ
175.1047882656414,LOW,UPDATE
182.78841250594309,LOW,UPDATE
187.54515933443292,LOW,READ
205.22976918028795,LOW,READ
225.0135685337221,LOW,READ
237.2068642562004,LOW,READ
239.79325395967206,LOW,READ
240.62480918426195,LOW,READ
241.68954752937674,LOW,READ
251.78689628472156,LOW,READ
256.410123787246,LOW,READ
259.5159169986459,LOW,UPDATE
269.95816334570463,LOW,READ
271.8351871992958,LOW,UPDATE
273.61930920737524,LOW,READ
319.20537289179583,LOW,READ
327.34609359347047,LOW,READ
345.85176093994556,LOW,UPDATE
346.37201945496685,MODERATE,READ
347.1300155420842,MODERATE,READ
347.6039499698215,MODERATE,UPDATE
351.7848356628453,MODERATE,READ
353.9158019920313,MODERATE,READ
358.8353933183395,MODERATE,READ
359.45083682690057,MODERATE,READ
361.099026411122,MODERATE,READ
362.85598569535864,MODERATE,UPDATE
363.8756396243444,MODERATE,READ
375.88888248954134,MODERATE,READ
376.0795035559325,MODERATE,READ
376.31178287270313,MODERATE,READ
379.4529805357641,MODERATE,READ
379.58425122040705,MODERATE,READ
390.6888030616436,MODERATE,READ
397.7751346299454,MODERATE,UPDATE
397.79822950536914,MODERATE,UPDATE
400.0878165483575,MODERATE,READ
400.7085587879348,MODERATE,READ
400.94511749612957,MODERATE,READ
402.15437829385826,MODERATE,UPDATE
406.3269551966297,MODERATE,READ
407.7155953851396,MODERATE,READ
412.590752535208,MODERATE,UPDATE
413.29966389885135,MODERATE,READ
415.1776069714886,MODERATE,READ
418.0528732325727,MODERATE,READ
421.0686809569803,MODERATE,READ
421.0698250764261,MODERATE,READ
421.10916290336576,MODERATE,UPDATE
425.3285005845228,MODERATE,UPDATE
426.0634354621669,MODERATE,READ
430.2710613008565,MODERATE,UPDATE
430.45015254906133,MODERATE,READ
430.5936011426493,MODERATE,UPDATE
433.49705483618493,MODERATE,READ
434.7868448844568,MODERATE,READ
435.40276854228574,MODERATE,UPDATE
436.50307275334063,MODERATE,READ
438.0530721880249,MODERATE,UPDATE
438.5022390213451,MODERATE,READ
449.1595268925279,MODERATE,READ
450.31238995293717,MODERATE,READ
450.57034026246686,MODERATE,READ
451.39557822117735,MODERATE,READ
451.91860577839475,MODERATE,READ
452.0658839739838,MODERATE,READ
452.5858667757654,MODERATE,UPDATE
456.5128906912497,MODERATE,READ
457.0565203015758,MODERATE,READ
457.53871992875406,MODERATE,READ
463.02134165626063,MODERATE,READ
464.3012030296587,MODERATE,UPDATE
467.5964900883757,MODERATE,READ
467.80040231000237,MODERATE,READ
468.90223496697587,MODERATE,READ
471.5140677361437,MODERATE,READ
479.8051596303537,MODERATE,READ
480.83556762711004,MODERATE,READ
484.79183058668156,MODERATE,READ
485.21378853915337,MODERATE,READ
486.30974185095414,MODERATE,READ
486.88458992346506,MODERATE,UPDATE
488.0554395182742,MODERATE,UPDATE
489.6539012666806,MODERATE,READ
504.1332884411308,MODERATE,UPDATE
511.0805831392001,MODERATE,UPDATE
514.8575080705716,MODERATE,READ
516.1871761858569,MODERATE,READ
517.2122980848346,MODERATE,READ
518.1650599074624,MODERATE,UPDATE
518.7813820825838,MODERATE,UPDATE
519.9953517572891,MODERATE,READ
526.3032909152856,MODERATE,UPDATE
527.926109032297,MODERATE,UPDATE
528.2624655064254,MODERATE,READ
535.1913383594214,MODERATE,READ
536.7539631386065,MODERATE,UPDATE
536.8716916878093,MODERATE,READ
538.2694202033806,MODERATE,UPDATE
538.6120237469811,MODERATE,UPDATE
538.77902929528,MODERATE,READ
540.5869390917309,MODERATE,READ
541.1232311119186,MODERATE,READ
545.5430116657286,MODERATE,READ
547.3483749475354,MODERATE,READ
548.43515837693,MODERATE,READ
549.9147251145681,MODERATE,UPDATE
550.3716886617328,MODERATE,UPDATE
550.9171073197375,MODERATE,READ
553.144702667953,MODERATE,READ
553.9048155755492,MODERATE,UPDATE
554.0554335159686,MODERATE,READ
567.0001725711586,MODERATE,UPDATE
567.1523385821783,MODERATE,READ
567.7686535623407,MODERATE,UPDATE
572.023635640694,MODERATE,UPDATE
572.946205817494,MODERATE,READ
576.5346703212449,MODERATE,UPDATE
578.4265098878998,MODERATE,UPDATE
580.5490060085878,MODERATE,READ
583.9466826734971,MODERATE,READ
586.1243356159887,MODERATE,UPDATE
586.412748789472,MODERATE,READ
586.6391667644832,MODERATE,READ
587.2750320821496,MODERATE,READ
589.8039799419194,MODERATE,READ
591.8155245777498,MODERATE,READ
593.1564645128923,MODERATE,UPDATE
596.8994172456926,MODERATE,READ
598.0012400125084,MODERATE,READ
598.0083439923918,MODERATE,UPDATE
600.0356736477265,MODERATE,READ
602.7393119536503,MODERATE,READ
603.8554501394528,MODERATE,READ
604.011900556931,MODERATE,UPDATE
608.6972271927878,MODERATE,READ
612.295943967447,MODERATE,READ
612.6165016377847,MODERATE,READ
613.3535871000283,MODERATE,UPDATE
616.5340570974184,MODERATE,UPDATE
621.1178348321871,MODERATE,READ
621.6919453413345,MODERATE,READ
624.7212578301554,MODERATE,UPDATE
625.7642808260532,MODERATE,READ
626.1000612212366,MODERATE,UPDATE
630.0991891991572,MODERATE,UPDATE
633.4287915226779,MODERATE,UPDATE
633.4789889546475,MODERATE,UPDATE
634.2864785358933,MODERATE,UPDATE
637.5278315846887,MODERATE,UPDATE
640.8571971355674,MODERATE,READ
643.9536429749195,MODERATE,READ
648.0677006872152,MODERATE,UPDATE
648.5708734628497,MODERATE,UPDATE
649.8043691485525,MODERATE,READ
652.9772333153221,MODERATE,READ
653.0251311848347,MODERATE,READ
653.8209048304025,MODERATE,UPDATE
660.6366905662803,MODERATE,READ
662.6882419300939,MODERATE,READ
670.630693472032,MODERATE,READ
676.2322465465625,MODERATE,READ
683.2722496675785,MODERATE,READ
689.840909371435,MODERATE,READ
690.0703904401901,MODERATE,READ
692.678308685465,MODERATE,READ
694.5421778749891,MODERATE,READ
695.5150795539371,MODERATE,READ
696.1030768638818,MODERATE,UPDATE
696.1064622839704,MODERATE,UPDATE
697.6528007149335,MODERATE,UPDATE
700.3620051469983,MODERATE,READ
701.2678151517142,MODERATE,READ
703.4505186815352,MODERATE,READ
704.2040280663928,MODERATE,UPDATE
706.7482049236202,MODERATE,READ
707.4882599175775,MODERATE,READ
708.5179285032789,MODERATE,READ
708.7902273917368,MODERATE,READ
714.4292080699466,MODERATE,READ
719.0912913179575,MODERATE,READ
719.807356976183,MODERATE,READ
719.8081690204092,MODERATE,READ
720.9320144390407,MODERATE,READ
723.0587303613313,MODERATE,READ
724.2260958339263,MODERATE,READ
725.507912007545,MODERATE,UPDATE
728.6874253388944,MODERATE,READ
728.8646409019713,MODERATE,READ
730.8691054778918,MODERATE,READ
734.2812615402257,MODERATE,UPDATE
736.5156024253209,MODERATE,READ
736.959715541748,MODERATE,READ
737.5213735429224,MODERATE,READ
741.3121191620908,MODERATE,READ
742.3824958645486,MODERATE,READ
742.8149192211101,MODERATE,READ
744.1788477829895,MODERATE,READ
746.3134123285543,MODERATE,READ
749.0937317855746,MODERATE,UPDATE
749.3191450874979,MODERATE,READ
749.7060395601522,MODERATE,UPDATE
751.1654865883362,MODERATE,READ
751.7387139541958,MODERATE,UPDATE
752.95802462732,MODERATE,UPDATE
755.1607230841843,MODERATE,UPDATE
756.9706944276409,MODERATE,UPDATE
761.4113396826779,MODERATE,READ
763.9520917554428,MODERATE,READ
767.5027127882461,MODERATE,READ
772.0528102968345,MODERATE,UPDATE
773.3402844733318,MODERATE,READ
773.9083014300952,MODERATE,READ
776.811577949071,MODERATE,READ
778.7825832590328,MODERATE,READ
778.9438829763111,MODERATE,READ
779.5780089181351,MODERATE,READ
781.131728443701,MODERATE,READ
781.6577372296064,MODERATE,READ
784.1089415913553,MODERATE,READ
785.1560858564666,MODERATE,READ
786.2310214273045,MODERATE,READ
787.3209707283006,MODERATE,UPDATE
789.0754926012484,MODERATE,READ
792.9615696058682,MODERATE,UPDATE
793.9188707111697,MODERATE,READ
794.7858555787433,MODERATE,UPDATE
798.6266048335563,MODERATE,UPDATE
799.7126871412233,MODERATE,UPDATE
801.2925862503172,MODERATE,READ
801.7908907136059,MODERATE,READ
802.9357112079108,MODERATE,READ
803.7550476968522,MODERATE,READ
804.791139851204,MODERATE,READ
806.0510720715089,MODERATE,READ
807.9981542824326,MODERATE,READ
808.9999717219819,MODERATE,READ
809.0549238826695,MODERATE,READ
809.3465933925627,MODERATE,READ
809.4497792995215,MODERATE,READ
809.9254316407602,MODERATE,READ
812.7899382609982,MODERATE,READ
815.5786705504175,MODERATE,UPDATE
816.1601013050498,MODERATE,READ
816.1992485176788,MODERATE,READ
834.7829678891376,MODERATE,READ
836.8834356976736,MODERATE,UPDATE
838.9931317655657,MODERATE,UPDATE
844.9691256115437,MODERATE,READ
845.0103067221371,MODERATE,READ
845.2801622560527,MODERATE,READ
846.9402487997548,MODERATE,READ
849.3446307268908,MODERATE,UPDATE
849.711969600526,MODERATE,READ
852.4680320066473,MODERATE,READ
855.8898791668131,MODERATE,UPDATE
856.1186788836624,MODERATE,READ
856.8664874800714,MODERATE,READ
863.2149061736629,MODERATE,READ
865.7255415670818,MODERATE,READ
868.0718754373191,MODERATE,READ
868.2868260610601,MODERATE,UPDATE
872.0849797120778,MODERATE,READ
872.3430457688519,MODERATE,UPDATE
875.3954035773937,MODERATE,READ
876.5139583141269,MODERATE,READ
877.9242390977683,MODERATE,READ
881.7128287499118,MODERATE,UPDATE
881.9358964141944,MODERATE,UPDATE
883.9548208982795,MODERATE,UPDATE
886.4120941315998,MODERATE,READ
889.0590735963108,MODERATE,UPDATE
889.6887208422582,MODERATE,UPDATE
891.2338502709249,MODERATE,READ
896.953318939986,LOW,UPDATE
900.0784715758873,LOW,UPDATE
917.8411338270979,LOW,READ
939.1806335233399,LOW,READ
945.4300711059938,LOW,READ
950.1941408417038,LOW,READ
969.2290657247792,LOW,READ
971.6131586730638,LOW,UPDATE
975.7734484183607,LOW,UPDATE
987.8527128594656,LOW,READ
987.9547427429801,LOW,UPDATE
988.8497561626968,LOW,UPDATE
995.5553551469548,LOW,UPDATE
1007.2868604166497,LOW,READ
1014.0364235405333,LOW,UPDATE
1015.0131400554856,LOW,READ
1026.782786859888,LOW,READ
1035.4948990425078,LOW,READ
1043.064759705279,LOW,READ
1056.7664282862443,LOW,READ
1068.9017767788835,LOW,READ
1071.7973307218024,LOW,READ
1073.9364968968964,LOW,READ
1081.6122728136154,LOW,UPDATE
1083.659783197581,LOW,READ
1090.2801176627524,LOW,UPDATE
1127.8333119114727,LOW,READ
1131.1600882098883,LOW,READ
1133.3182624663054,LOW,READ
1135.295963728737,LOW,READ
1142.9345595088907,LOW,READ
1179.5452302406147,LOW,READ
1191.49923981564,LOW,READ
1211.7837737460688,LOW,READ
1232.3974118752626,LOW,READ
1238.734822670575,LOW,READ
1240.7726896491558,LOW,READ
1269.0856529268,LOW,READ
1286.3518692520524,LOW,READ
1287.1215671025568,LOW,READ
1287.672562648408,LOW,READ
1295.9471136134907,LOW,READ
1346.9715322724473,LOW,READ
1361.429574743663,LOW,READ
1377.0713922101277,LOW,READ
1384.4648225764488,LOW,READ
1390.3117153165344,LOW,UPDATE
1436.3947266061193,LOW,READ
1446.0976382437166,LOW,READ
1459.571810139748,LOW,UPDATE
1461.9010714131605,LOW,READ
1472.7017682321593,LOW,READ
1474.6111162573156,LOW,READ
1474.6379093447863,LOW,READ
1483.6472812530374,LOW,READ
1486.2801191732997,LOW,UPDATE
1498.419931664465,LOW,READ
1510.0477578826967,LOW,UPDATE
1525.551339263581,LOW,READ
1536.3742919320493,LOW,UPDATE
1541.9105614078032,LOW,READ
1552.341430646145,LOW,UPDATE
1569.8647699349506,LOW,READ
1571.6790629553157,LOW,READ
1585.5004021159637,LOW,READ
1588.9057551493347,LOW,READ
1600.5750301935934,LOW,READ
1629.1654311386212,LOW,READ
1635.973571005761,LOW,READ
1636.3803408913482,LOW,READ
1640.2711650443587,LOW,READ
1641.2288636517137,LOW,UPDATE
1659.3052289393468,LOW,READ
1689.4210568193075,LOW,UPDATE
1700.5770620997062,LOW,READ
1700.9876955980703,LOW,UPDATE
1707.3459322852066,LOW,READ
1732.123986072452,LOW,READ
1733.8845287767222,MODERATE,READ
1735.237997211832,MODERATE,READ
1736.0932991902916,MODERATE,READ
1738.3114337516727,MODERATE,UPDATE
1739.1118028918536,MODERATE,READ
1739.7917695053063,MODERATE,UPDATE
1743.1511258578248,MODERATE,READ
1744.3644260609622,MODERATE,READ
1745.14540305878,MODERATE,UPDATE
1746.1810198085016,MODERATE,READ
1755.0466855513414,MODERATE,READ
1756.611051537392,MODERATE,READ
1757.026533456087,MODERATE,READ
1759.851343276357,MODERATE,READ
1762.705497123034,MODERATE,READ
1764.2990472484912,MODERATE,UPDATE
1765.451967299071,MODERATE,READ
1765.7108777696628,MODERATE,UPDATE
1767.588316880996,MODERATE,READ
1767.9331658635688,MODERATE,READ
1769.540212633592,MODERATE,READ
1779.2621807785522,MODERATE,UPDATE
1780.4999228306012,MODERATE,READ
1784.0692106060887,MODERATE,READ
1786.5910259817438,MODERATE,READ
1787.2298528306592,MODERATE,UPDATE
1795.0785129459377,MODERATE,READ
1796.6811588204364,MODERATE,READ
1801.779873808223,MODERATE,READ
1806.0092032052985,MODERATE,UPDATE
1806.6558145284982,MODERATE,UPDATE
1807.7279045591254,MODERATE,UPDATE
1809.1453916097869,MODERATE,UPDATE
1809.8103013969003,MODERATE,READ
1811.5786152053067,MODERATE,UPDATE
1812.9238944036397,MODERATE,READ
1814.4707900833569,MODERATE,READ
1816.076345536676,MODERATE,READ
1817.291549554368,MODERATE,READ
1817.709666909623,MODERATE,READ
1819.4059857016907,MODERATE,READ
1822.3941410992347,MODERATE,READ
1825.1248133660654,MODERATE,UPDATE
1828.4611615926976,MODERATE,READ
1830.6405984824235,MODERATE,UPDATE
1838.5481788191098,MODERATE,READ
1838.6236232835822,MODERATE,READ
1840.407699858843,MODERATE,UPDATE
1844.5536706984267,MODERATE,READ
1846.0465602388706,MODERATE,READ
1848.6100241250938,MODERATE,READ
1850.7371785776916,MODERATE,READ
1852.0050137853084,MODERATE,UPDATE
1852.8316895216979,MODERATE,READ
1854.93040057461,MODERATE,UPDATE
1858.7561045686841,MODERATE,UPDATE
1859.712206485389,MODERATE,READ
1862.2489975068709,MODERATE,UPDATE
1866.36644115575,MODERATE,READ
1866.508189179155,MODERATE,READ
1871.5830098695933,MODERATE,UPDATE
1874.3298953990834,MODERATE,READ
1874.5371597002184,MODERATE,READ
1878.6576807797487,MODERATE,READ
1881.0260287337785,MODERATE,UPDATE
1881.120193015345,MODERATE,UPDATE
1881.8146828968358,MODERATE,READ
1882.129323816687,MODERATE,READ
1883.7984138220143,MODERATE,UPDATE
1884.1710335789494,MODERATE,READ
1888.264434030291,MODERATE,READ
1888.8154925774386,MODERATE,UPDATE
1889.1244020431652,MODERATE,READ
1889.7104006494021,MODERATE,READ
1889.7292843812277,MODERATE,UPDATE
1894.3587904998933,MODERATE,READ
1894.7026831253936,MODERATE,READ
1895.5506510557695,MODERATE,READ
1897.5880661267831,MODERATE,READ
1898.1636922205942,MODERATE,UPDATE
1898.6080227783239,MODERATE,READ
1899.9282526276443,MODERATE,READ
1901.625155576369,MODERATE,READ
1911.4627387968278,MODERATE,READ
1919.091123948425,MODERATE,READ
1919.7328582761268,MODERATE,READ
1922.0483061535137,MODERATE,UPDATE
1922.1488816501212,MODERATE,READ
1923.5221278139147,MODERATE,UPDATE
1924.1964163627765,MODERATE,UPDATE
1926.064638503821,MODERATE,READ
1928.0892391452694,MODERATE,READ
1930.3541841570518,MODERATE,UPDATE
1932.506994796565,MODERATE,UPDATE
1934.4860519817869,MODERATE,UPDATE
1936.564893983867,MODERATE,READ
1937.7274731022085,MODERATE,READ
1940.3636963382182,MODERATE,READ
1941.0631246530606,MODERATE,UPDATE
1941.449420726525,MODERATE,READ
1942.9999050007702,MODERATE,UPDATE
1944.5135805844516,MODERATE,UPDATE
1948.063062241915,MODERATE,READ
1951.5454589905648,MODERATE,READ
1954.830295599929,MODERATE,UPDATE
1955.6574371018387,MODERATE,READ
1962.2453521828447,MODERATE,READ
1969.037784368425,MODERATE,UPDATE
1971.614064189158,MODERATE,UPDATE
1978.4529751286666,MODERATE,UPDATE
1979.3636782802917,MODERATE,UPDATE
1979.391711136061,MODERATE,READ
1980.6048650394757,MODERATE,READ
1982.8364274936032,MODERATE,READ
1986.2930652335767,MODERATE,UPDATE
1986.522419690869,MODERATE,READ
1986.573105870854,MODERATE,UPDATE
1988.2214744199243,MODERATE,UPDATE
1988.7219058557116,MODERATE,READ
1992.1948053644958,MODERATE,UPDATE
1992.9144227038726,MODERATE,READ
1993.2155499749956,MODERATE,UPDATE
1993.9414091429783,MODERATE,READ
1994.1458998854405,MODERATE,UPDATE
1994.4374873919166,MODERATE,READ
1996.657761594884,MODERATE,UPDATE
2002.4943445039964,MODERATE,READ
2005.20602236586,MODERATE,READ
2006.277914490324,MODERATE,READ
2007.6220445985489,MODERATE,READ
2013.6753154022426,MODERATE,READ
2014.6010694381384,MODERATE,READ
2020.6148649849881,MODERATE,UPDATE
2020.8241523627253,MODERATE,READ
2022.3967215982066,MODERATE,UPDATE
2023.2851558450238,MODERATE,READ
2023.7061252774824,MODERATE,READ
2027.4743115317474,MODERATE,READ
2029.6482842253035,MODERATE,READ
2031.4666461554434,MODERATE,READ
2034.5576445832637,MODERATE,READ
2034.8268202220042,MODERATE,READ
2034.9689749202025,MODERATE,UPDATE
2035.433235973015,MODERATE,READ
2039.5089973685472,MODERATE,READ
2039.8282886206025,MODERATE,UPDATE
2039.8339677791464,MODERATE,UPDATE
2040.1465456617873,MODERATE,READ
2040.7236550925834,MODERATE,READ
2042.887505539023,MODERATE,READ
2042.917449235217,MODERATE,UPDATE
2043.46088717829,MODERATE,READ
2043.8438044073853,MODERATE,READ
2046.5512113838477,MODERATE,READ
2049.289419513233,MODERATE,READ
2052.2997288206793,MODERATE,READ
2052.5306717619533,MODERATE,READ
2058.3466876390826,MODERATE,READ
2061.404496713832,MODERATE,UPDATE
2062.878490951159,MODERATE,READ
2069.528418779337,MODERATE,READ
2070.8323598154543,MODERATE,READ
2073.1497054920574,MODERATE,READ
2077.958959492831,MODERATE,READ
2078.127441878536,MODERATE,READ
2078.2633192331978,MODERATE,READ
2080.268524254846,MODERATE,READ
2081.055158968241,MODERATE,UPDATE
2082.5675750625483,MODERATE,READ
2084.4274762287987,MODERATE,READ
2086.8473199489445,MODERATE,UPDATE
2088.9522091543618,MODERATE,UPDATE
2091.5041489269342,MODERATE,READ
2092.7054851760226,MODERATE,READ
2093.5332811628223,MODERATE,READ
2094.6089543111343,MODERATE,READ
2095.721869892372,MODERATE,READ
2096.65964167566,MODERATE,READ
2101.7871527454568,MODERATE,READ
2105.352021573192,MODERATE,READ
2105.5551225449894,MODERATE,UPDATE
2108.8952962701546,MODERATE,READ
2110.6613229199347,MODERATE,READ
2111.4612215603306,MODERATE,READ
2112.333889162163,MODERATE,READ
2115.1087531801663,MODERATE,UPDATE
2117.6622751948858,MODERATE,UPDATE
2119.496908166569,MODERATE,READ
2121.22202196497,MODERATE,READ
2123.3605346274408,MODERATE,READ
2123.5896026257697,MODERATE,UPDATE
2124.505945797272,MODERATE,UPDATE
2126.213047221718,MODERATE,UPDATE
2129.943710630252,MODERATE,UPDATE
2133.3559040876794,MODERATE,READ
2135.414258435097,MODERATE,READ
2140.7067850437556,MODERATE,UPDATE
2141.3292261950755,MODERATE,READ
2143.755245037856,MODERATE,READ
2144.585744653249,MODERATE,READ
2148.6640752177404,MODERATE,READ
2149.688342655638,MODERATE,READ
2151.6940671359084,MODERATE,READ
2154.4357893692923,MODERATE,READ
2155.5246661958586,MODERATE,READ
2156.4489056697003,MODERATE,UPDATE
2159.4485989674504,MODERATE,READ
2159.626167495379,MODERATE,READ
2159.968716846219,MODERATE,READ
2162.2102406912327,MODERATE,READ
2164.379296726678,MODERATE,READ
2165.5462477414117,MODERATE,READ
2168.3587777988137,MODERATE,READ
2169.4827126173677,MODERATE,READ
2171.752142582869,MODERATE,READ
2173.9521644679444,MODERATE,READ
2174.958089030313,MODERATE,READ
2174.9735225979857,MODERATE,READ
2175.4480937054386,MODERATE,READ
2176.0382309547945,MODERATE,READ
2176.0537508291004,MODERATE,UPDATE
2176.4401796922516,MODERATE,READ
2178.87275138072,MODERATE,READ
2182.4565207638943,MODERATE,UPDATE
2182.6061305710778,MODERATE,UPDATE
2182.692576698897,MODERATE,READ
2187.773308051298,MODERATE,UPDATE
2189.4882159870594,MODERATE,READ
2191.9605122431853,MODERATE,READ
2192.2052393521462,MODERATE,READ
2192.990637770571,MODERATE,UPDATE
2194.9159630476915,MODERATE,UPDATE
2199.9616723974614,MODERATE,READ
2203.683690342363,MODERATE,READ
2205.461388235096,MODERATE,READ
2206.4689780193958,MODERATE,READ
2207.298534545278,MODERATE,READ
2207.66669925677,MODERATE,READ
2207.908836049504,MODERATE,READ
2212.6361137093145,MODERATE,READ
2215.235459938032,MODERATE,UPDATE
2218.6106589480196,MODERATE,READ
2218.9273477129045,MODERATE,READ
2220.771960217051,MODERATE,UPDATE
2222.9033349054957,MODERATE,READ
2225.8676074554137,MODERATE,READ
2228.676082825414,MODERATE,UPDATE
2229.86777989988,MODERATE,UPDATE
2231.5302631315294,MODERATE,READ
2233.4893727528033,MODERATE,UPDATE
2235.4628925319803,MODERATE,READ
2235.6043518435476,MODERATE,READ
2236.325776395673,MODERATE,READ
2236.4413993160633,MODERATE,READ
2237.184709204038,MODERATE,READ
2237.301854020157,MODERATE,UPDATE
2237.461523314672,MODERATE,UPDATE
2241.327616989714,MODERATE,READ
2242.7423843395477,MODERATE,READ
2244.3586762024443,MODERATE,UPDATE
2248.8830364719774,MODERATE,READ
2252.202562115251,MODERATE,READ
2252.978382604594,MODERATE,READ
2253.305447553329,MODERATE,READ
2253.523965713206,MODERATE,UPDATE
2254.3654413293416,MODERATE,UPDATE
2255.7700149756247,MODERATE,READ
2256.339371415628,MODERATE,READ
2257.496944442068,MODERATE,READ
2257.8426682229347,MODERATE,READ
2258.507730269885,MODERATE,READ
2259.333819228632,MODERATE,READ
2262.4477656872673,MODERATE,READ
2262.5841346288144,MODERATE,READ
2264.852899663807,MODERATE,READ
2267.425679384784,MODERATE,READ
2272.1619051308494,MODERATE,UPDATE
2272.972921457101,MODERATE,READ
2273.2778918135555,MODERATE,READ
2280.1430516808164,MODERATE,READ
2281.1380742702004,MODERATE,READ
2286.6993870130673,MODERATE,READ
2287.644775283273,MODERATE,UPDATE
2291.000045882094,MODERATE,READ
2294.53174953542,MODERATE,UPDATE
2296.8447479151178,MODERATE,READ
2298.9218048818634,MODERATE,READ
2299.8201000627982,MODERATE,READ
2300.217643318386,MODERATE,READ
2306.117948023582,MODERATE,READ
2306.631718547872,MODERATE,READ
2306.792328381285,MODERATE,UPDATE
2307.0055860509274,MODERATE,UPDATE
2310.6106586327996,MODERATE,UPDATE
2310.6876153944036,MODERATE,READ
2313.5951145490467,MODERATE,READ
2314.5406329804573,MODERATE,READ
2318.100433794138,MODERATE,UPDATE
2321.411855345682,MODERATE,READ
2322.5632002821458,MODERATE,READ
2324.819465324578,MODERATE,READ
2325.9941542052725,MODERATE,READ
2328.755069207592,MODERATE,READ
2330.2822563506597,MODERATE,READ
2333.5892854028275,MODERATE,READ
2337.1942799427716,MODERATE,READ
2343.0741248003546,MODERATE,UPDATE
2344.3127289204613,MODERATE,READ
2345.274849771778,MODERATE,READ
2352.0534755300537,MODERATE,UPDATE
2355.284983404754,MODERATE,READ
2355.476774307807,HIGH,READ
2356.8583756000403,HIGH,READ
2356.930537028895,HIGH,UPDATE
2358.200486369653,HIGH,READ
2359.1606118457908,HIGH,READ
2360.7320164095586,HIGH,READ
2361.115559985704,HIGH,UPDATE
2361.2829450577456,HIGH,READ
2361.5697082433594,HIGH,READ
2361.6061932345374,HIGH,READ
2361.7854579363775,HIGH,UPDATE
2362.0987005473603,HIGH,READ
2363.8794531023877,HIGH,UPDATE
2364.5792596358674,HIGH,UPDATE
2364.6779500363828,HIGH,READ
2365.858320284654,HIGH,READ
2365.9579336363095,HIGH,UPDATE
2366.354798605349,HIGH,READ
2366.4098255452686,HIGH,READ
2367.61088300485,HIGH,READ
2368.4769789204042,HIGH,READ
2368.555557758506,HIGH,READ
2368.7944383327813,HIGH,READ
2369.157389288806,HIGH,UPDATE
2369.564626101928,HIGH,READ
2371.134909934455,HIGH,READ
2371.1459578750787,HIGH,READ
2371.3306180616196,HIGH,READ
2371.7044744173418,HIGH,READ
2371.8879274446176,HIGH,READ
2372.6157606411252,HIGH,READ
2375.065863122804,HIGH,READ
2375.5636453742864,HIGH,READ
2378.530886135123,HIGH,READ
2378.8609130834284,HIGH,READ
2379.534044684124,HIGH,UPDATE
2379.7290853305894,HIGH,READ
2380.7648352803185,HIGH,READ
2381.64502578134,HIGH,READ
2382.6291758361904,HIGH,UPDATE
2382.8986716807285,HIGH,READ
2383.42513058552,HIGH,UPDATE
2383.553450539702,HIGH,UPDATE
2383.9699731531005,HIGH,READ
2384.6359430153057,HIGH,UPDATE
2384.6793958814565,HIGH,UPDATE
2385.087328059258,HIGH,READ
2385.1171912232153,HIGH,READ
2385.145730772635,HIGH,UPDATE
2385.628662510405,HIGH,UPDATE
2386.1507552187077,HIGH,READ
2387.0837855157074,HIGH,READ
2387.3781657782833,HIGH,UPDATE
2388.7171065889916,HIGH,READ
2388.8057276436375,HIGH,READ
2390.2741394752907,HIGH,UPDATE
2391.774371772475,HIGH,READ
2394.2004274285678,HIGH,READ
2394.659231556807,HIGH,UPDATE
2395.1475393391156,HIGH,UPDATE
2396.013260285476,HIGH,READ
2396.6282221951888,HIGH,UPDATE
2397.153889552173,HIGH,READ
2397.2095272288975,HIGH,READ
2397.453525938157,HIGH,READ
2397.8237446852754,HIGH,READ
2398.112521837121,HIGH,READ
2399.472859724717,HIGH,READ
2403.668121599833,HIGH,READ
2406.277046863954,HIGH,UPDATE
2406.329050894054,HIGH,READ
2406.6300336766503,HIGH,UPDATE
2407.388429761141,HIGH,UPDATE
2407.4911364702675,HIGH,READ
2408.504542526357,HIGH,READ
2408.5509426800913,HIGH,UPDATE
2408.855092383549,HIGH,READ
2409.413480852271,HIGH,READ
2410.171152517777,HIGH,UPDATE
2410.481310128469,HIGH,UPDATE
2411.0500650155586,HIGH,READ
2411.3884346088994,HIGH,READ
2411.5798775492904,HIGH,READ
2412.4669277764524,HIGH,READ
2412.793174280483,HIGH,READ
2412.9955135430882,HIGH,READ
2413.3895693407367,HIGH,UPDATE
2413.613755930003,HIGH,UPDATE
2414.064223030477,HIGH,READ
2415.3416508250057,HIGH,READ
2416.8679587503566,HIGH,READ
2416.9292159934794,HIGH,READ
2418.174348347958,HIGH,READ
2418.458901451636,HIGH,READ
2418.979741662321,HIGH,UPDATE
2420.2505695295145,HIGH,UPDATE
2421.9984031009385,HIGH,READ
2423.050673987895,HIGH,READ
2423.1369291983524,HIGH,READ
2423.2366077176966,HIGH,UPDATE
2423.2543648020287,HIGH,READ
2423.561237230479,HIGH,UPDATE
2424.096020072503,HIGH,READ
2424.1561270672055,HIGH,READ
2429.363948385012,HIGH,UPDATE
2429.861219108288,HIGH,UPDATE
2431.016902373977,HIGH,READ
2433.4097059808637,HIGH,READ
2433.808233067736,HIGH,READ
2434.0898194175884,HIGH,UPDATE
2435.100035136556,HIGH,READ
2435.233933721926,HIGH,UPDATE
2435.6117490457136,HIGH,UPDATE
2435.649753929229,HIGH,READ
2435.7604691593583,HIGH,READ
2436.0201911763306,HIGH,UPDATE
2436.3033133244962,HIGH,UPDATE
2437.8053730735137,HIGH,UPDATE
2437.9976993914856,HIGH,READ
2438.5312855639413,HIGH,READ
2438.771764403084,HIGH,READ
2439.2373022416164,HIGH,READ
2441.1310082760106,HIGH,READ
2441.847734773248,HIGH,UPDATE
2442.4672156008496,HIGH,UPDATE
2443.0200405017417,HIGH,UPDATE
2443.0392296985237,HIGH,READ
2443.7230280801145,HIGH,READ
2444.4250653164304,HIGH,UPDATE
2444.784305028308,HIGH,READ
2445.243792347754,HIGH,READ
2445.471810988179,HIGH,UPDATE
2445.9115481051786,HIGH,UPDATE
2446.6816504818516,HIGH,READ
2446.7321655586115,HIGH,READ
2447.1182417445075,HIGH,READ
2447.270365081219,HIGH,READ
2447.52024071825,HIGH,UPDATE
2448.4035808583985,HIGH,UPDATE
2450.8728859770163,HIGH,READ
2451.1814815001135,HIGH,READ
2451.437723605609,HIGH,READ
2451.6452257850433,HIGH,READ
2451.713108563475,HIGH,READ
2452.036276284301,HIGH,READ
2452.2265285743265,HIGH,UPDATE
2452.34252584497,HIGH,READ
2452.917198260598,HIGH,READ
2453.8773365275433,HIGH,READ
2454.359362665631,HIGH,READ
2454.6053297802773,HIGH,READ
2456.5417723660585,HIGH,READ
2458.8096366844975,HIGH,READ
2459.099801249485,HIGH,READ
2459.555126165271,HIGH,UPDATE
2460.263171724061,HIGH,READ
2460.7760787372335,HIGH,UPDATE
2461.151910677075,HIGH,UPDATE
2462.0186748474925,HIGH,UPDATE
2462.3224131917345,HIGH,READ
2462.8854967055086,HIGH,READ
2463.4226270562035,HIGH,READ
2463.8904234993315,HIGH,UPDATE
2464.1091676289716,HIGH,UPDATE
2464.869621502406,HIGH,READ
2467.331086548757,HIGH,READ
2468.38724928242,HIGH,READ
2470.2512750193573,HIGH,UPDATE
2470.3992527501164,HIGH,READ
2470.86145475001,HIGH,READ
2470.9597099077473,HIGH,READ
2471.3876884266865,HIGH,READ
2472.0090656351963,HIGH,READ
2472.274029713717,HIGH,READ
2472.392254019133,HIGH,UPDATE
2473.288560168869,HIGH,READ
2473.561917312647,HIGH,UPDATE
2474.068592898673,HIGH,UPDATE
2474.3061767623103,HIGH,UPDATE
2474.612464895652,HIGH,READ
2477.217089907271,HIGH,READ
2478.27931805101,HIGH,UPDATE
2479.055912723451,HIGH,READ
2479.4849639076224,HIGH,UPDATE
2480.5032409659475,HIGH,UPDATE
2481.0778302856197,HIGH,UPDATE
2481.661780089757,HIGH,READ
2482.322860925838,HIGH,READ
2483.549462745786,HIGH,READ
2484.310601688518,HIGH,READ
2486.284244993045,HIGH,READ
2486.2969909769754,HIGH,READ
2486.4064604315217,HIGH,READ
2486.758642180576,HIGH,UPDATE
2488.4468167224218,HIGH,UPDATE
2489.334276701769,HIGH,READ
2489.4333405044777,HIGH,READ
2489.695417821236,HIGH,READ
2490.1923814939614,HIGH,READ
2490.319162289539,HIGH,UPDATE
2490.598527261908,HIGH,READ
2491.584103825019,HIGH,UPDATE
2492.271360957403,HIGH,READ
2492.899230902947,HIGH,READ
2493.087932007455,HIGH,READ
2493.2577458077644,HIGH,UPDATE
2493.49326112331,HIGH,READ
2493.6481160749695,HIGH,UPDATE
2493.9023294597346,HIGH,READ
2495.71137681604,HIGH,UPDATE
2495.924349048451,HIGH,READ
2496.6769717960588,HIGH,READ
2499.29035996954,HIGH,UPDATE
2501.3519855841278,HIGH,UPDATE
2501.5807376176467,HIGH,READ
2502.4155760192857,HIGH,READ
2502.804956405596,HIGH,READ
2503.23972799567,HIGH,READ
2503.7553560543824,HIGH,UPDATE
2504.549550204626,HIGH,READ
2505.187064887074,HIGH,READ
2505.372182452604,HIGH,READ
2505.877009771736,HIGH,READ
2505.9129557425017,HIGH,READ
2506.755338675057,HIGH,READ
2507.7373468194096,HIGH,READ
2508.2702078079487,HIGH,UPDATE
2508.618477690578,HIGH,UPDATE
2510.0231544885164,HIGH,READ
2510.1714636556935,HIGH,UPDATE
2510.429717766296,HIGH,READ
2512.0199055699377,HIGH,READ
2512.5889915814987,HIGH,READ
2513.4451000443396,HIGH,UPDATE
2515.0747608294087,HIGH,READ
2516.5008600669103,HIGH,READ
2518.1816428534316,HIGH,UPDATE
2518.518862243042,HIGH,READ
2520.357815147909,HIGH,UPDATE
2522.0939663397644,HIGH,UPDATE
2522.100173256986,HIGH,READ
2522.175843573386,HIGH,UPDATE
2522.3990834737224,HIGH,UPDATE
2522.9215698854546,HIGH,READ
2524.7813714564754,HIGH,UPDATE
2525.202138676401,HIGH,READ
2525.2818134336253,HIGH,READ
2525.691265379239,HIGH,READ
2525.8286250456104,HIGH,UPDATE
2526.8714983729296,HIGH,READ
2527.8154037692193,HIGH,READ
2529.108043694611,HIGH,UPDATE
2530.2776469431324,HIGH,READ
2530.3381350907976,HIGH,READ
2530.4743342486636,HIGH,READ
2530.73498300269,HIGH,READ
2530.9364275636653,HIGH,READ
2531.870717571402,HIGH,UPDATE
2532.110356628512,HIGH,UPDATE
2532.118024378528,HIGH,READ
2532.90479373734,HIGH,READ
2532.9886725273122,HIGH,READ
2533.3352687330103,HIGH,READ
2534.838550663893,HIGH,UPDATE
2535.086871999382,HIGH,READ
2536.739199931766,HIGH,READ
2537.3748929688686,HIGH,READ
2537.4704746704124,HIGH,READ
2538.3886576778473,HIGH,READ
2538.7470509938153,HIGH,READ
2539.1713455961326,HIGH,READ
2539.898629081459,HIGH,READ
2540.0881679763233,HIGH,UPDATE
2541.4645894503565,HIGH,READ
2541.8592172132767,HIGH,UPDATE
2541.9134315292367,HIGH,READ
2541.9559298080385,HIGH,READ
2542.4253844430477,HIGH,READ
2542.533614626791,HIGH,READ
2543.0234019417794,HIGH,READ
2543.1766808118773,HIGH,READ
2543.2402448047724,HIGH,READ
2544.3428254841456,HIGH,READ
2544.8228256199595,HIGH,READ
2544.8624726984103,HIGH,READ
2545.9588904306956,HIGH,UPDATE
2546.2949545422666,HIGH,UPDATE
2547.208055579227,HIGH,READ
2547.238953874499,HIGH,READ
2547.2828760953275,HIGH,UPDATE
2549.100856122734,HIGH,READ
2550.9106599486768,HIGH,READ
2551.261136039357,HIGH,UPDATE
2552.228934730604,HIGH,UPDATE
2552.9210158975825,HIGH,READ
2556.215393382139,HIGH,READ
2557.5735961846653,HIGH,UPDATE
2557.8876208627257,HIGH,READ
2558.6103513822354,HIGH,READ
2559.316998631122,HIGH,READ
2559.448059458449,HIGH,READ
2559.9497680783743,HIGH,UPDATE
2560.1177122887884,HIGH,READ
2560.1330441289015,HIGH,READ
2560.8792607253454,HIGH,READ
2561.385357479305,HIGH,UPDATE
2561.5749376663043,HIGH,READ
2561.789924467773,HIGH,UPDATE
2562.6506386418655,HIGH,READ
2563.7559643544446,HIGH,READ
2564.724406143366,HIGH,UPDATE
2564.73491913247,HIGH,READ
2564.805824039285,HIGH,READ
2565.413002873093,HIGH,UPDATE
2565.446270151849,HIGH,UPDATE
2565.789342387824,HIGH,READ
2565.952653361813,HIGH,UPDATE
2565.991386428202,HIGH,READ
2566.21902206434,HIGH,UPDATE
2567.0956683851264,HIGH,READ
2567.703067332443,HIGH,READ
2567.9608280460075,HIGH,READ
2568.0639089107235,HIGH,READ
2568.230441644324,HIGH,READ
2568.2723714349167,HIGH,UPDATE
2569.6842928562683,HIGH,UPDATE
2570.3399469450696,HIGH,READ
2570.7962315371083,HIGH,UPDATE
2572.6897026756833,HIGH,READ
2573.71694706081,HIGH,READ
2574.0758872807155,HIGH,READ
2574.3907823902273,HIGH,UPDATE
2574.8184755197735,HIGH,UPDATE
2575.056960536145,HIGH,UPDATE
2576.149456516334,HIGH,UPDATE
2576.7004017966665,HIGH,UPDATE
2577.2436238154914,HIGH,READ
2577.429093910293,HIGH,READ
2578.122730101827,HIGH,UPDATE
2579.3748564626453,HIGH,READ
2580.2345065848863,HIGH,READ
2580.4429102838358,HIGH,READ
2581.0586587220637,HIGH,UPDATE
2581.1976294286947,HIGH,UPDATE
2582.0566034065364,HIGH,READ
2582.4917781784843,HIGH,UPDATE
2582.7617193301376,HIGH,UPDATE
2582.7720209856448,HIGH,UPDATE
2584.953495755787,HIGH,READ
2590.1244315953027,HIGH,READ
2590.309668102971,HIGH,READ
2590.462202071636,HIGH,UPDATE
2590.997628107987,HIGH,UPDATE
2591.3170305750396,HIGH,READ
2591.613784459654,HIGH,READ
2592.0931941345266,HIGH,READ
2592.162404335024,HIGH,UPDATE
2592.5850158460025,HIGH,UPDATE
2594.2231881103376,HIGH,READ
2594.5793989994504,HIGH,READ
2594.7461297689356,HIGH,READ
2594.947564258799,HIGH,UPDATE
2595.5245389219426,HIGH,READ
2595.6347788648986,HIGH,READ
2595.953297135894,HIGH,UPDATE
2596.4144645493902,HIGH,READ
2597.1842617585517,HIGH,READ
2598.3333830110587,HIGH,UPDATE
2599.017629129228,HIGH,READ
2599.1404315972686,HIGH,UPDATE
2599.264061786325,HIGH,UPDATE
2599.7107608928704,HIGH,UPDATE
2600.231550859758,HIGH,READ
2600.2719024806543,HIGH,READ
2601.522130096214,HIGH,UPDATE
2602.2576432615424,HIGH,UPDATE
2602.61210699393,HIGH,UPDATE
2602.787592358677,HIGH,UPDATE
2602.7937146928434,HIGH,READ
2603.1051339419214,HIGH,READ
2603.8377182834097,HIGH,READ
2604.2777898592362,HIGH,READ
2604.2822127362206,HIGH,READ
2604.2901605699767,HIGH,READ
2604.5043112927683,HIGH,UPDATE
2604.5158387814636,HIGH,UPDATE
2605.263144770027,HIGH,UPDATE
2606.8667651822425,HIGH,READ
2606.934280650653,HIGH,READ
2607.0763534080625,HIGH,READ
2608.202059404484,HIGH,READ
2608.5391702889424,HIGH,READ
2608.8864516924446,HIGH,READ
2611.9722844670937,HIGH,READ
2612.74038100059,HIGH,UPDATE
2613.4474163200434,HIGH,UPDATE
2614.3976777990806,HIGH,READ
2614.71557742844,HIGH,READ
2614.754078013641,HIGH,READ
2614.879409965114,HIGH,READ
2615.2587443571315,HIGH,UPDATE
2615.8149979898594,HIGH,UPDATE
2615.8818114788132,HIGH,READ
2615.9108005550406,HIGH,READ
2617.261360077322,HIGH,UPDATE
2617.691567010365,HIGH,READ
2617.743071670128,HIGH,UPDATE
2619.273555126601,HIGH,READ
2619.2958586045834,HIGH,UPDATE
2619.5475815718323,HIGH,UPDATE
2620.1371783111213,HIGH,UPDATE
2620.9686903067113,HIGH,READ
2621.0220625223938,HIGH,READ
2621.2054347537864,HIGH,UPDATE
2621.5340445310317,HIGH,UPDATE
2621.8027530347,HIGH,UPDATE
2621.903263329914,HIGH,UPDATE
2622.7618948193926,HIGH,READ
2625.2033430737984,HIGH,READ
2625.5864313522893,HIGH,UPDATE
2625.8640406511,HIGH,UPDATE
2627.929341314161,HIGH,READ
2628.9195098600158,HIGH,READ
2629.1323623504863,HIGH,UPDATE
2629.582048017906,HIGH,READ
2631.4704759324923,HIGH,READ
2632.22946337854,HIGH,READ
2632.2891901119388,HIGH,READ
2633.355697282957,HIGH,UPDATE
2633.412763479018,HIGH,READ
2634.241879769908,HIGH,READ
2635.1390455795413,HIGH,READ
2635.2141562014162,HIGH,READ
2635.459860130706,HIGH,READ
2635.669454034201,HIGH,READ
2635.8077914902965,HIGH,READ
2636.347189423056,HIGH,READ
2636.3649313609158,HIGH,READ
2636.430053814807,HIGH,READ
2636.6915198076945,HIGH,READ
2636.9215835430373,HIGH,READ
2636.980585456916,HIGH,UPDATE
2638.551295970738,HIGH,UPDATE
2639.1169890615074,HIGH,READ
2639.4364671825374,HIGH,READ
2639.6753287456168,HIGH,READ
2639.718900178784,HIGH,READ
2640.0833198918917,HIGH,READ
2640.136680458016,HIGH,READ
2640.3254443255946,HIGH,READ
2640.9260612462062,HIGH,READ
2641.001486416357,HIGH,READ
2642.983135817596,HIGH,READ
2643.6285290921064,HIGH,UPDATE
2643.8950582886855,HIGH,READ
2645.0217068689694,HIGH,UPDATE
2647.460616773331,HIGH,READ
2647.718377526132,HIGH,UPDATE
2647.867849845483,HIGH,READ
2650.0947344147735,HIGH,UPDATE
2650.324422442759,HIGH,READ
2650.774636862566,HIGH,READ
2650.9597247347983,HIGH,READ
2652.0900652169885,HIGH,READ
2652.170673034637,HIGH,READ
2652.7687028452724,HIGH,READ
2653.5319032685143,HIGH,READ
2655.570373801058,HIGH,READ
2656.3918799959124,HIGH,READ
2656.621458002361,HIGH,READ
2657.7608366915533,HIGH,UPDATE
2658.1116226033414,HIGH,READ
2658.780495596518,HIGH,READ
2659.497085548339,HIGH,UPDATE
2660.5345928939587,HIGH,READ
2663.65313086029,HIGH,READ
2663.9945764294275,HIGH,READ
2665.681671766765,HIGH,READ
2666.2046615729346,HIGH,UPDATE
2666.5016963766475,HIGH,UPDATE
2667.014913171025,HIGH,READ
2667.074120817488,HIGH,UPDATE
2667.788641109371,HIGH,READ
2668.482832303642,HIGH,READ
2671.223481925176,HIGH,READ
2671.5636077498407,HIGH,UPDATE
2673.812340543612,HIGH,READ
2673.8194097401633,HIGH,READ
2674.2958970226787,HIGH,READ
2674.8750539338234,HIGH,READ
2675.2685145642095,HIGH,READ
2676.2551224290482,HIGH,READ
2676.717841881031,HIGH,READ
2676.73442144607,HIGH,READ
2677.092962927801,HIGH,UPDATE
2677.1752140318185,HIGH,UPDATE
2677.2770624780565,HIGH,READ
2677.6821158184007,HIGH,READ
2678.1218286709964,HIGH,READ
2678.506194495342,HIGH,READ
2678.762234529344,HIGH,READ
2679.8700413969036,HIGH,READ
2681.131153569945,HIGH,READ
2681.8848431832826,HIGH,READ
2684.6374866742854,HIGH,READ
2684.7652929170026,HIGH,READ
2685.312384464459,HIGH,UPDATE
2685.488236113934,HIGH,READ
2685.624165929504,HIGH,READ
2686.0014129963743,HIGH,READ
2686.6362096548564,HIGH,READ
2687.2342004320217,HIGH,READ
2688.0474565033014,HIGH,READ
2688.977883087413,HIGH,UPDATE
2689.020954104091,HIGH,READ
2690.391329799959,HIGH,READ
2690.6543316546044,HIGH,READ
2690.857191937735,HIGH,UPDATE
2691.3573070734806,HIGH,READ
2691.963137963975,HIGH,READ
2692.5526840316406,HIGH,READ
2693.7978016429192,HIGH,READ
2694.918203215813,HIGH,UPDATE
2695.153557451639,HIGH,READ
2695.212597570237,HIGH,READ
2695.296201822826,HIGH,READ
2695.4309822732316,HIGH,READ
2695.9076720822422,HIGH,READ
2696.0065694650098,HIGH,READ
2696.143564383694,HIGH,READ
2696.931776857544,HIGH,READ
2703.069027512962,HIGH,READ
2703.517456106335,HIGH,READ
2703.7692717805458,HIGH,READ
2703.80600635847,HIGH,READ
2703.8124261292924,HIGH,READ
2704.9381377175887,HIGH,UPDATE
2705.407526248591,HIGH,READ
2706.177006350519,HIGH,READ
2707.3982766541367,HIGH,READ
2707.4558024438084,HIGH,READ
2708.410154879005,HIGH,READ
2708.624408727909,HIGH,READ
2708.747191424252,HIGH,READ
2709.6517290526995,HIGH,UPDATE
2710.183661987674,HIGH,READ
2710.2645097186028,HIGH,UPDATE
2711.4199794582864,HIGH,READ
2712.572919332125,HIGH,READ
2713.4191395293633,HIGH,READ
2716.4744667064106,HIGH,READ
2717.656048645169,HIGH,UPDATE
2717.891653537521,HIGH,UPDATE
2718.289887184009,HIGH,READ
2719.421078572988,HIGH,READ
2722.8270572060237,HIGH,UPDATE
2723.0073415723555,HIGH,UPDATE
2723.598373059432,HIGH,READ
2724.4253581273197,HIGH,READ
2724.546358017805,HIGH,READ
2724.7006597150266,HIGH,READ
2724.7414547025332,HIGH,READ
2724.961462818624,HIGH,READ
2725.2221627730178,HIGH,UPDATE
2725.4498638769564,HIGH,READ
2726.751228446823,HIGH,UPDATE
2727.509393139631,HIGH,READ
2729.703189125087,HIGH,UPDATE
2731.37682564758,HIGH,UPDATE
2732.7220016726496,HIGH,READ
2734.0623374555203,HIGH,READ
2734.890801311528,HIGH,UPDATE
2735.846318131839,HIGH,READ
2736.294507328061,HIGH,READ
2736.5031439688764,HIGH,READ
2736.9041205604185,HIGH,READ
2738.318324843116,HIGH,READ
2738.8015728961805,HIGH,READ
2740.637664774408,HIGH,READ
2742.6382159783966,HIGH,READ
2742.639866743909,HIGH,UPDATE
2743.519515774523,HIGH,UPDATE
2743.9283947799377,HIGH,READ
2744.2240707572205,HIGH,READ
2744.7337247090427,HIGH,READ
2745.108053359008,HIGH,READ
2745.3165256388447,HIGH,UPDATE
2745.591272262303,HIGH,READ
2746.1479644243113,HIGH,READ
2746.428762856912,HIGH,READ
2746.4618430121054,HIGH,READ
2747.483154105198,HIGH,READ
2747.5715940900327,HIGH,UPDATE
2747.9596724054713,HIGH,READ
2750.0735673114195,HIGH,READ
2750.851334611602,HIGH,READ
2751.5512106933666,HIGH,READ
2753.3505273246774,HIGH,READ
2754.0592055037005,HIGH,READ
2754.369183080915,HIGH,UPDATE
2754.489818140414,HIGH,READ
2754.7328690926724,HIGH,READ
2754.910709699,HIGH,READ
2755.721627171474,HIGH,READ
2756.153496705155,HIGH,READ
2756.3244500563774,HIGH,READ
2756.3306702831583,HIGH,READ
2757.4632470026036,HIGH,UPDATE
2757.8290634665245,HIGH,READ
2757.8780379603036,HIGH,READ
2758.752814403187,HIGH,READ
2759.0034362229694,HIGH,UPDATE
2759.1017631691157,HIGH,UPDATE
2760.0344338470677,HIGH,READ
2763.336655325262,HIGH,READ
2763.84072506454,HIGH,READ
2764.540644983237,HIGH,READ
2765.3951046004054,HIGH,READ
2765.504529175184,HIGH,READ
2766.277973848098,HIGH,UPDATE
2766.3384256899967,HIGH,READ
2767.2691757641146,HIGH,READ
2767.592215842563,HIGH,UPDATE
2767.843957263295,HIGH,READ
2768.0601581455003,HIGH,READ
2768.597547743966,HIGH,READ
2769.2211850536887,HIGH,UPDATE
2770.0029983122167,HIGH,UPDATE
2770.719085337271,HIGH,READ
2771.2052792163286,HIGH,READ
2772.1237498240534,HIGH,READ
2772.1611594969763,HIGH,UPDATE
2774.223705867361,HIGH,READ
2774.3034534305216,HIGH,READ
2774.9042728634936,HIGH,READ
2777.4396273580733,HIGH,UPDATE
2779.2509312002603,HIGH,READ
2780.5655606263513,HIGH,READ
2780.8687473189707,HIGH,READ
2781.8277736028053,HIGH,UPDATE
2782.8086223434743,HIGH,READ
2782.85523638008,HIGH,READ
2782.8823308191686,HIGH,READ
2783.9205124816185,HIGH,READ
2784.580776969542,HIGH,READ
2784.938698407185,HIGH,UPDATE
2784.996047755883,HIGH,READ
2785.6342046056843,HIGH,READ
2785.88149043376,HIGH,READ
2786.032922718816,HIGH,UPDATE
2786.545397365716,HIGH,READ
2787.216014848011,HIGH,UPDATE
2787.9778406824457,HIGH,READ
2788.7775532079622,HIGH,UPDATE
2790.0267845510107,HIGH,READ
2790.086889588099,HIGH,READ
2790.489547249792,HIGH,READ
2790.736237461393,HIGH,UPDATE
2791.635976341376,HIGH,READ
2792.456417106743,HIGH,UPDATE
2792.575701429213,HIGH,UPDATE
2793.069201449729,HIGH,UPDATE
2793.919670391855,HIGH,READ
2794.0101638844417,HIGH,UPDATE
2794.2188436785127,HIGH,UPDATE
2795.202786372333,HIGH,READ
2796.2998690638196,HIGH,READ
2796.3438710958853,HIGH,UPDATE
2796.9169110790613,HIGH,READ
2797.3217993757316,HIGH,READ
2797.783377706475,HIGH,READ
2798.088959029439,HIGH,READ
2798.161354642253,HIGH,READ
2799.0166466398564,HIGH,READ
2799.4906163497867,HIGH,READ
2800.815451385985,HIGH,READ
2801.2409268803626,HIGH,READ
2801.3493392431324,HIGH,UPDATE
2802.6482121826093,HIGH,READ
2804.283411965173,HIGH,UPDATE
2804.645838871819,HIGH,READ
2805.0047013876224,HIGH,UPDATE
2805.2156583619285,HIGH,READ
2805.526660249247,HIGH,READ
2807.074784272623,HIGH,READ
2808.1623620710516,HIGH,UPDATE
2810.2162564865966,HIGH,READ
2810.6333662073107,HIGH,READ
2811.875593111973,HIGH,READ
2812.4125272246974,HIGH,READ
2812.5618491215237,HIGH,READ
2812.8033660025153,HIGH,READ
2813.2190222398212,HIGH,READ
2813.6723261870006,HIGH,UPDATE
2813.817284779964,HIGH,UPDATE
2814.7700365321202,HIGH,READ
2814.7743020710136,HIGH,READ
2814.951145760013,HIGH,READ
2816.1710941232855,HIGH,UPDATE
2818.181584969185,HIGH,READ
2818.8955256925146,HIGH,UPDATE
2819.761573347836,HIGH,READ
2820.2646586531864,HIGH,READ
2820.7162124379943,HIGH,READ
2824.5799842354486,HIGH,UPDATE
2824.6450790348104,HIGH,UPDATE
2826.1622931564452,HIGH,READ
2826.9668263757294,HIGH,READ
2829.414311557391,HIGH,READ
2829.48128363311,HIGH,READ
2830.624345161907,HIGH,READ
2831.183621692578,HIGH,READ
2833.403833681447,HIGH,READ
2833.6054637460084,HIGH,READ
2834.6811506694658,HIGH,UPDATE
2835.567389283231,HIGH,READ
2835.7789850279028,HIGH,READ
2835.9300117585,HIGH,UPDATE
2836.5158607437857,HIGH,READ
2836.6355776158052,HIGH,READ
2836.983403758551,HIGH,READ
2839.2114202883654,HIGH,READ
2839.457163022873,HIGH,READ
2839.542319786153,HIGH,READ
2840.314677764424,HIGH,UPDATE
2841.110424337054,HIGH,READ
2842.315377751022,HIGH,READ
2842.379140704242,HIGH,READ
2842.6722454940164,HIGH,READ
2843.4260260590804,HIGH,READ
2846.5428461249717,HIGH,READ
2846.888294742721,HIGH,READ
2847.8073864349753,HIGH,READ
2848.220704508507,HIGH,UPDATE
2848.3210926862926,HIGH,READ
2849.5038589739697,HIGH,UPDATE
2849.5972486523515,HIGH,UPDATE
2849.907646614399,HIGH,READ
2850.597480349874,HIGH,READ
2850.797155448775,HIGH,UPDATE
2850.811849660567,HIGH,READ
2852.3637581382245,HIGH,READ
2852.455674142887,HIGH,UPDATE
2853.6344586778555,HIGH,READ
2853.66354841915,HIGH,READ
2853.786154997795,HIGH,READ
2854.9356255855246,HIGH,READ
2854.955576006395,HIGH,READ
2855.0820543354816,HIGH,READ
2855.2201943744376,HIGH,READ
2856.6530011298028,HIGH,READ
2857.296614059168,HIGH,READ
2857.5297518289494,HIGH,READ
2858.063111319313,HIGH,READ
2858.28190664385,HIGH,READ
2858.4302173366573,HIGH,UPDATE
2858.9276545046855,HIGH,READ
2860.007879512482,HIGH,UPDATE
2863.0393744762378,HIGH,UPDATE
2863.3359749667047,HIGH,READ
2863.777952442395,HIGH,UPDATE
2864.2432492315133,HIGH,READ
2864.375400177953,HIGH,READ
2864.5402041636075,HIGH,UPDATE
2865.545207851675,HIGH,READ
2868.7261285394807,HIGH,READ
2869.696821650224,HIGH,UPDATE
2872.1294113115955,HIGH,READ
2872.8424977362356,HIGH,READ
2873.9720780794983,HIGH,UPDATE
2874.010432982598,HIGH,UPDATE
2874.1755711604856,HIGH,UPDATE
2875.2398883089345,HIGH,READ
2876.4583765201346,HIGH,UPDATE
2876.587514228006,HIGH,READ
2877.681501790239,HIGH,READ
2879.3169521233203,HIGH,READ
2880.1208480554774,HIGH,UPDATE
2880.673655315104,HIGH,READ
2880.8126838117,HIGH,UPDATE
2882.235289955427,HIGH,READ
2882.481751464103,HIGH,READ
2882.5448138315564,HIGH,READ
2882.7094375156516,HIGH,READ
2882.709893335701,HIGH,UPDATE
2882.8598771409534,HIGH,READ
2883.7012691585765,HIGH,UPDATE
2884.941083824442,HIGH,READ
2884.9558548576206,HIGH,READ
2886.6169341218674,HIGH,UPDATE
2887.8662209277477,HIGH,UPDATE
2890.0215163031007,HIGH,READ
2891.9188424619692,HIGH,READ
2891.9898478150067,HIGH,READ
2892.087651422839,HIGH,READ
2894.067610391769,HIGH,UPDATE
2896.2246549635042,HIGH,READ
2896.352258896785,HIGH,UPDATE
2897.140748630835,HIGH,UPDATE
2898.1716983519013,HIGH,READ
2898.7643922161496,HIGH,READ
2899.0087057041105,HIGH,READ
2899.099518268106,HIGH,UPDATE
2901.080707224436,HIGH,UPDATE
2901.4119906008045,HIGH,UPDATE
2903.650441609247,HIGH,READ
2904.2652951440596,HIGH,UPDATE
2906.55028888222,HIGH,READ
2907.1060722036914,HIGH,UPDATE
2907.2071197184923,HIGH,UPDATE
2907.3883219689837,HIGH,UPDATE
2907.5108469895913,HIGH,UPDATE
2907.5727881044922,HIGH,UPDATE
2908.2522293145885,HIGH,UPDATE
2908.646714850817,HIGH,READ
2908.838094902332,HIGH,READ
2909.035827545952,HIGH,READ
2909.0366821985376,HIGH,READ
2909.9159832850896,HIGH,UPDATE
2911.3552733157226,HIGH,READ
2912.30719623887,MODERATE,READ
2912.521094369311,MODERATE,READ
2916.512041184169,MODERATE,READ
2918.836170570846,MODERATE,READ
2918.9893050896553,MODERATE,UPDATE
2919.6881608052254,MODERATE,READ
2925.747240799694,MODERATE,READ
2926.120153473713,MODERATE,READ
2928.753578769807,MODERATE,READ
2933.321579951488,MODERATE,READ
2935.1245346592195,MODERATE,READ
2936.442941493192,MODERATE,READ
2942.1528747494617,MODERATE,READ
2946.5629436067097,MODERATE,READ
2946.776461728539,MODERATE,READ
2947.1978649213956,MODERATE,READ
2949.7584074044057,MODERATE,UPDATE
2950.3748975545577,MODERATE,READ
2950.917329748611,MODERATE,READ
2952.613518540355,MODERATE,UPDATE
2952.9470211920293,MODERATE,READ
2954.0628764704106,MODERATE,READ
2956.2324149215215,MODERATE,READ
2956.677889191249,MODERATE,READ
2957.0525546347785,MODERATE,READ
2957.2235311891427,MODERATE,UPDATE
2957.960891484392,MODERATE,READ
2959.304041810257,MODERATE,READ
2959.4951633632704,MODERATE,READ
2959.904006232659,MODERATE,UPDATE
2960.8261785768773,MODERATE,READ
2961.4373166778073,MODERATE,READ
2961.9503096338385,MODERATE,READ
2962.077551506941,MODERATE,UPDATE
2964.2795926342196,MODERATE,READ
2965.1221456987755,MODERATE,READ
2972.182859224479,MODERATE,READ
2973.7959475004614,MODERATE,UPDATE
2977.207902559354,MODERATE,READ
2978.7415520555037,MODERATE,UPDATE
2980.0295972025183,MODERATE,UPDATE
2981.3231257152906,MODERATE,READ
2985.984625797081,MODERATE,UPDATE
2987.3793437538257,MODERATE,UPDATE
2990.6027280236035,MODERATE,READ
2992.5393340368796,MODERATE,READ
2995.370275856206,MODERATE,READ
3003.6871449760174,MODERATE,UPDATE
3006.9924697375973,MODERATE,READ
3008.093595662586,MODERATE,UPDATE
3009.2368472624958,MODERATE,UPDATE
3011.2104142833455,MODERATE,UPDATE
3011.806920071118,MODERATE,UPDATE
3016.717785176848,MODERATE,READ
3017.700155225499,MODERATE,READ
3018.489581874101,MODERATE,READ
3019.715140517446,MODERATE,UPDATE
3022.803851834748,MODERATE,READ
3024.28249381937,MODERATE,READ
3025.3528752618213,MODERATE,READ
3027.1260194052898,MODERATE,UPDATE
3032.7412075706397,MODERATE,UPDATE
3034.3954049368012,MODERATE,READ
3035.0694096823754,MODERATE,READ
3035.912199856415,MODERATE,READ
3036.8781132884765,MODERATE,READ
3038.756015139688,MODERATE,READ
3039.400325175157,MODERATE,READ
3041.2766580349885,MODERATE,READ
3041.355767240327,MODERATE,UPDATE
3042.16118728123,MODERATE,READ
3044.9000603521426,MODERATE,UPDATE
3049.446722000154,MODERATE,READ
3052.847482468978,MODERATE,READ
3053.5054537603155,MODERATE,READ
3055.8881122028633,MODERATE,READ
3059.9517023621897,MODERATE,READ
3067.2679702866317,MODERATE,READ
3070.763340607176,MODERATE,READ
3071.8416972795503,MODERATE,READ
3072.258048766647,MODERATE,READ
3075.7322440266826,MODERATE,UPDATE
3078.582258649378,MODERATE,UPDATE
3082.023191933577,MODERATE,READ
3082.369453637922,MODERATE,READ
3083.783115493773,MODERATE,READ
3087.5947016825344,MODERATE,UPDATE
3087.653452528847,MODERATE,READ
3091.2321365131297,MODERATE,UPDATE
3091.8061418166153,MODERATE,READ
3096.808971812456,MODERATE,UPDATE
3097.4493203540574,MODERATE,UPDATE
3098.8562260578815,MODERATE,READ
3099.1207141785308,MODERATE,READ
3100.0526314579593,MODERATE,READ
3100.443648572644,MODERATE,UPDATE
3102.211684117957,MODERATE,READ
3102.568774186481,MODERATE,UPDATE
3105.333069204776,MODERATE,READ
3106.0042087467255,MODERATE,READ
3106.3598499228983,MODERATE,READ
3113.0599618450406,MODERATE,UPDATE
3115.1446898093895,MODERATE,READ
3115.7716021319784,MODERATE,READ
3115.8121144015076,MODERATE,UPDATE
3118.730470228035,MODERATE,READ
3123.580324594944,MODERATE,READ
3125.418623977029,MODERATE,READ
3126.00037281246,MODERATE,UPDATE
3126.729382990035,MODERATE,UPDATE
3128.787967674612,MODERATE,READ
3129.732701962173,MODERATE,READ
3130.3134031130626,MODERATE,READ
3132.574823984172,MODERATE,UPDATE
3133.587006149575,MODERATE,READ
3135.0198939269517,MODERATE,READ
3138.726533347745,MODERATE,READ
3140.811047089064,MODERATE,READ
3141.5200472140623,MODERATE,READ
3141.651978673941,MODERATE,UPDATE
3143.6985880436573,MODERATE,UPDATE
3144.303900384977,MODERATE,UPDATE
3148.7620826748234,MODERATE,READ
3149.086954179218,MODERATE,UPDATE
3153.685875033829,MODERATE,UPDATE
3156.9285290958464,MODERATE,READ
3159.0892704050884,MODERATE,READ
3161.644388520694,MODERATE,READ
3173.602748803999,MODERATE,READ
3174.687263350261,MODERATE,READ
3174.759178964751,MODERATE,UPDATE
3176.4566414312735,MODERATE,READ
3179.0499135069713,MODERATE,READ
3180.5797804135127,MODERATE,UPDATE
3185.3199351419394,MODERATE,READ
3186.735705064562,MODERATE,UPDATE
3190.4088676518436,MODERATE,UPDATE
3190.808541834711,MODERATE,READ
3191.0823454289975,MODERATE,READ
3194.386450424603,MODERATE,UPDATE
3194.7908501364764,MODERATE,READ
3195.6086896632196,MODERATE,READ
3196.486578528357,MODERATE,UPDATE
3197.2202751963937,MODERATE,UPDATE
3198.0251659514806,MODERATE,READ
3198.721590860241,MODERATE,UPDATE
3199.9933732144054,MODERATE,UPDATE
3201.7454691993494,MODERATE,UPDATE
3201.893226784439,MODERATE,UPDATE
3203.2814315556557,MODERATE,UPDATE
3204.2428949990212,MODERATE,READ
3204.3540514393308,MODERATE,UPDATE
3204.6495792813894,MODERATE,READ
3205.7021071375257,MODERATE,READ
3210.4442833316284,MODERATE,READ
3211.2049995899442,MODERATE,UPDATE
3214.223652484789,MODERATE,READ
3216.2177473900006,MODERATE,READ
3218.2307197488417,MODERATE,READ
3218.869830044807,MODERATE,UPDATE
3219.2391323971083,MODERATE,UPDATE
3220.5841637227672,MODERATE,UPDATE
3220.768484968776,MODERATE,READ
3222.775930494534,MODERATE,READ
3229.499566941083,MODERATE,READ
3229.5764776157666,MODERATE,READ
3230.510418580913,MODERATE,READ
3231.288263375254,MODERATE,UPDATE
3231.711129920214,MODERATE,READ
3233.681805676337,MODERATE,READ
3236.04704221242,MODERATE,READ
3236.3231099261557,MODERATE,READ
3238.0998322061123,MODERATE,READ
3241.572600898101,MODERATE,READ
3242.259914684298,MODERATE,UPDATE
3244.074427605524,MODERATE,READ
3248.4524769716886,MODERATE,UPDATE
3249.291806383282,MODERATE,UPDATE
3250.1820409774136,MODERATE,READ
3256.098311105898,MODERATE,UPDATE
3257.131299909509,MODERATE,READ
3259.7291040958653,MODERATE,READ
3262.3781982042997,MODERATE,READ
3262.748412450604,MODERATE,READ
3264.8511469722253,MODERATE,READ
3269.03489012475,MODERATE,READ
3270.565179680444,MODERATE,READ
3281.037831474632,MODERATE,READ
3283.157966727223,MODERATE,READ
3285.4987188149553,MODERATE,READ
3286.4556091744985,MODERATE,READ
3287.7420248648664,MODERATE,READ
3290.1181714741892,MODERATE,READ
3290.834713779327,MODERATE,READ
3293.006992376333,MODERATE,READ
3294.867945818753,MODERATE,READ
3298.4195533468314,MODERATE,READ
3300.9566913754234,MODERATE,READ
3301.1987963680085,MODERATE,READ
3301.6417029834365,MODERATE,READ
3302.2520212458658,MODERATE,READ
3302.7024957038784,MODERATE,UPDATE
3303.402607219357,MODERATE,READ
3304.774373329471,MODERATE,READ
3310.184213877903,MODERATE,READ
3310.1896973863686,MODERATE,READ
3314.9374309271784,MODERATE,UPDATE
3317.1488372493623,MODERATE,READ
3317.337640316726,MODERATE,READ
3319.9091894441076,MODERATE,READ
3320.500327907066,MODERATE,READ
3329.4602121310454,MODERATE,READ
3330.708489549783,MODERATE,READ
3331.0925105782826,MODERATE,READ
3331.7790895170233,MODERATE,UPDATE
3332.5290789996566,MODERATE,UPDATE
3332.728716289739,MODERATE,UPDATE
3332.8226669965056,MODERATE,UPDATE
3335.000119792471,MODERATE,READ
3335.884982023736,MODERATE,READ
3337.829683463318,MODERATE,UPDATE
3338.0248017709837,MODERATE,UPDATE
3338.4287145082308,MODERATE,READ
3344.985431745074,MODERATE,READ
3345.960025917936,MODERATE,UPDATE
3349.177892966744,MODERATE,READ
3352.366100701374,MODERATE,READ
3354.7486737578656,MODERATE,READ
3360.4594665062314,MODERATE,READ
3361.5352700207604,MODERATE,READ
3364.7769228935986,MODERATE,READ
3365.1769016745625,MODERATE,READ
3366.065102274248,MODERATE,READ
3368.372068117505,MODERATE,UPDATE
3375.629110952483,MODERATE,READ
3380.6905427132792,MODERATE,READ
3381.7501663788235,MODERATE,READ
3382.3567404223622,MODERATE,READ
3384.795374791213,MODERATE,READ
3387.7133519534336,MODERATE,READ
3389.3782266600674,MODERATE,UPDATE
3391.5946088479373,MODERATE,READ
3393.0755190714403,MODERATE,UPDATE
3393.2756949262043,MODERATE,READ
3393.8472679860624,MODERATE,READ
3396.1031168411787,MODERATE,READ
3399.756228912858,MODERATE,READ
3408.567495048482,MODERATE,READ
3410.629768997378,MODERATE,READ
3414.4086755596763,MODERATE,UPDATE
3415.765832748365,HIGH,READ
3416.216886802723,HIGH,READ
3418.5578231913864,HIGH,READ
3418.725781387965,HIGH,READ
3419.0699828872366,HIGH,READ
3419.4796567986264,HIGH,UPDATE
3419.87591402921,HIGH,UPDATE
3420.270927674231,HIGH,READ
3420.729532759003,HIGH,READ
3420.8017339996986,HIGH,READ
3421.3447215260194,HIGH,READ
3421.408251713698,HIGH,READ
3422.051671414239,HIGH,READ
3422.524980255758,HIGH,READ
3423.2670738725337,HIGH,UPDATE
3423.5680894787924,HIGH,READ
3423.736229176986,HIGH,READ
3424.28377813741,HIGH,READ
3424.7109837553658,HIGH,READ
3425.5499680958505,HIGH,READ
3426.4994926460963,HIGH,READ
3426.777875176177,HIGH,UPDATE
3429.002112678489,HIGH,READ
3429.4941882434255,HIGH,UPDATE
3429.5254276069777,HIGH,READ
3429.6263244983284,HIGH,UPDATE
3430.478690787699,HIGH,READ
3431.1078874170585,HIGH,READ
3432.8827902407284,HIGH,READ
3433.2899440357014,HIGH,UPDATE
3434.1309835311527,HIGH,READ
3434.487809163438,HIGH,UPDATE
3435.6990555164243,HIGH,READ
3436.685086569293,HIGH,READ
3437.401273769168,HIGH,UPDATE
3437.4976771478296,HIGH,READ
3438.001542542759,HIGH,READ
3439.8269572586196,HIGH,UPDATE
3440.2666778016564,HIGH,READ
3441.9602539005014,HIGH,READ
3442.536296926381,HIGH,UPDATE
3442.6278994426475,HIGH,READ
3443.2396705885963,HIGH,UPDATE
3443.7072715164168,HIGH,READ
3446.2988498342156,HIGH,UPDATE
3447.2568898552936,HIGH,READ
3449.465562511178,HIGH,UPDATE
3449.86757880675,HIGH,READ
3450.2224434376385,HIGH,UPDATE
3451.1424577976227,HIGH,READ
3451.9484353214357,HIGH,UPDATE
3452.778007742412,HIGH,UPDATE
3453.44551348276,HIGH,READ
3454.097921450043,HIGH,READ
3454.3803003560015,HIGH,READ
3457.0343881915705,HIGH,READ
3459.152980665774,HIGH,READ
3459.9431074784943,HIGH,READ
3460.0248579125164,HIGH,READ
3460.461283319034,HIGH,READ
3461.1946733769405,HIGH,READ
3462.113210302361,HIGH,UPDATE
3462.3377246048262,HIGH,UPDATE
3463.438956978508,HIGH,READ
3463.4560216226287,HIGH,READ
3464.1956437292924,HIGH,READ
3465.1203335358196,HIGH,READ
3465.345490069648,HIGH,READ
3466.5646402355937,HIGH,READ
3466.7978114891885,HIGH,UPDATE
3466.819704658135,HIGH,UPDATE
3466.89178457934,HIGH,UPDATE
3467.788533613544,HIGH,UPDATE
3468.6927980978603,HIGH,READ
3468.8736500900354,HIGH,UPDATE
3469.9426927302798,HIGH,READ
3470.6707688323677,HIGH,UPDATE
3470.997632540912,HIGH,UPDATE
3473.4791938841304,HIGH,READ
3474.014687353959,HIGH,READ
3474.207668583493,HIGH,READ
3475.219895685531,HIGH,UPDATE
3476.4011354733193,HIGH,UPDATE
3477.214151019263,HIGH,READ
3478.152108871391,HIGH,READ
3478.768638356426,HIGH,UPDATE
3480.990184732641,HIGH,READ
3481.1203958708925,HIGH,READ
3481.2583927807896,HIGH,READ
3481.739213838772,HIGH,READ
3482.112216818327,HIGH,READ
3482.20510917943,HIGH,READ
3482.401371003552,HIGH,READ
3483.225906695232,HIGH,READ
3483.3371636088236,HIGH,READ
3483.371959718467,HIGH,UPDATE
3484.0093558335593,HIGH,READ
3484.4589727761963,HIGH,READ
3484.7545063089137,HIGH,UPDATE
3485.0095189125905,HIGH,READ
3485.144972590722,HIGH,READ
3485.613959985984,HIGH,READ
3486.127363905432,HIGH,READ
3486.2940295998123,HIGH,READ
3486.5628914276535,HIGH,READ
3486.72720484084,HIGH,UPDATE
3487.2312612595474,HIGH,UPDATE
3488.388262859583,HIGH,UPDATE
3488.3941579781067,HIGH,READ
3488.7874847341536,HIGH,UPDATE
3489.4215806336424,HIGH,READ
3491.549360428771,HIGH,READ
3491.8073880205675,HIGH,UPDATE
3493.7408533171715,HIGH,READ
3494.258883197386,HIGH,READ
3495.874150202044,HIGH,UPDATE
3496.1874412013494,HIGH,UPDATE
3496.5806352600466,HIGH,READ
3498.1043333637526,HIGH,READ
3498.5852200385166,HIGH,UPDATE
3498.7073505117237,HIGH,UPDATE
3499.2221077856916,HIGH,READ
3499.2672501187776,HIGH,READ
3500.2574991900865,HIGH,UPDATE
3500.625506734259,HIGH,READ
3501.139945750984,HIGH,UPDATE
3503.632662619006,HIGH,UPDATE
3504.3260258319497,HIGH,UPDATE
3505.241982074788,HIGH,READ
3505.651817020238,HIGH,READ
3505.7128770839936,HIGH,READ
3506.7668252902326,HIGH,READ
3507.3372102199737,HIGH,READ
3507.5367300049234,HIGH,READ
3508.1999564365938,HIGH,READ
3508.211313268391,HIGH,READ
3508.7215544306573,HIGH,READ
3509.363720857961,HIGH,UPDATE
3509.951016141541,HIGH,UPDATE
3510.001255425269,HIGH,UPDATE
3510.0760561773577,HIGH,UPDATE
3510.3151271063443,HIGH,READ
3511.2813520592504,HIGH,READ
3511.6164947540237,HIGH,READ
3512.0447818469984,HIGH,READ
3512.1425312554525,HIGH,READ
3513.207157528329,HIGH,READ
3515.355316260322,HIGH,READ
3516.109315083073,HIGH,UPDATE
3517.1658676340176,HIGH,UPDATE
3517.4772122458526,HIGH,UPDATE
3518.0147922805577,HIGH,READ
3518.102469922385,HIGH,READ
3518.7077784056014,HIGH,READ
3520.6658281113023,HIGH,READ
3521.5854973220207,HIGH,UPDATE
3521.8664095700747,HIGH,READ
3522.5585861646064,HIGH,READ
3522.675579613272,HIGH,READ
3523.8757702249413,HIGH,READ
3524.0091758186286,HIGH,UPDATE
3525.284003322408,HIGH,UPDATE
3527.0798044005433,HIGH,UPDATE
3527.492158972722,HIGH,READ
3527.7210989605514,HIGH,READ
3527.7900090778003,HIGH,UPDATE
3528.235242859509,HIGH,READ
3528.3267179350178,HIGH,READ
3528.3969916553847,HIGH,READ
3529.9328394588306,HIGH,READ
3530.332180923413,HIGH,READ
3530.575391478912,HIGH,READ
3531.131177503862,HIGH,READ
3531.384700540733,HIGH,READ
3531.387929603366,HIGH,READ
3531.5548758072723,HIGH,UPDATE
3531.936823158618,HIGH,UPDATE
3532.032972217265,HIGH,UPDATE
3533.4348381160344,HIGH,READ
3533.7310533070104,HIGH,READ
3534.2658731629067,HIGH,READ
3534.8878722969393,HIGH,UPDATE
3536.1925167202353,HIGH,READ
3536.7082027376155,HIGH,READ
3538.157874120087,HIGH,READ
3538.2101368005524,HIGH,READ
3538.6818753715797,HIGH,READ
3539.263216635783,HIGH,READ
3539.8576744282304,HIGH,UPDATE
3540.392378564015,HIGH,READ
3544.8372468383245,HIGH,READ
3545.8322680905153,HIGH,READ
3546.0007411987813,HIGH,UPDATE
3546.881645546627,HIGH,READ
3547.298265596818,HIGH,READ
3547.6352535011997,HIGH,READ
3548.359732678521,HIGH,UPDATE
3549.4548558788474,HIGH,READ
3549.5757454166637,HIGH,READ
3549.969737806324,HIGH,READ
3551.9499345990816,HIGH,READ
3554.2391276517333,HIGH,UPDATE
3554.6795853875087,HIGH,READ
3554.8442177554666,HIGH,READ
3554.8875003116013,HIGH,READ
3554.9166681390993,HIGH,READ
3556.505330719457,HIGH,READ
3556.9281732521363,HIGH,READ
3556.9598734278297,HIGH,UPDATE
3557.220985028413,HIGH,UPDATE
3557.712207355254,HIGH,UPDATE
3558.912897995547,HIGH,READ
3559.4369182917494,HIGH,READ
3560.14383732015,HIGH,READ
3560.850104549798,HIGH,UPDATE
3561.334798505866,HIGH,READ
3562.919975789378,HIGH,READ
3563.210143361513,HIGH,UPDATE
3563.654949769434,HIGH,READ
3564.27286576157,HIGH,READ
3564.372615072102,HIGH,READ
3564.426096162035,HIGH,READ
3564.584525871906,HIGH,READ
3564.884370204606,HIGH,UPDATE
3564.9683286681898,HIGH,READ
3566.0796100443476,HIGH,UPDATE
3566.5175082860223,HIGH,READ
3566.6752508247205,HIGH,READ
3567.869883801819,HIGH,READ
3567.8992856120494,HIGH,READ
3568.0164179494727,HIGH,READ
3568.043070950012,HIGH,READ
3568.0814282175115,HIGH,READ
3568.213759364007,HIGH,UPDATE
3568.8235499156135,HIGH,READ
3568.836080296212,HIGH,UPDATE
3569.5587172396977,HIGH,READ
3569.6184836292023,HIGH,READ
3572.9053650022074,HIGH,UPDATE
3573.030040124695,HIGH,UPDATE
3573.6422999375186,HIGH,UPDATE
3574.7871794509438,HIGH,READ
3575.5056975219936,HIGH,READ
3576.364385153347,HIGH,READ
3576.767162715783,HIGH,READ
3576.9412446881424,HIGH,READ
3577.0178636827327,HIGH,READ
3578.326664093018,HIGH,READ
3578.6895799673202,HIGH,READ
3578.7570841387414,HIGH,READ
3579.392989507596,HIGH,READ
3580.4142341965244,HIGH,READ
3580.4975775841026,HIGH,READ
3580.590670995229,HIGH,READ
3581.762327197587,HIGH,UPDATE
3582.7563799609648,HIGH,READ
3583.248538015261,HIGH,READ
3583.2781446610948,HIGH,READ
3583.4519431858316,HIGH,UPDATE
3584.4909656679683,HIGH,READ
3585.083818380796,HIGH,UPDATE
3586.0395186849123,HIGH,READ
3586.108069991126,HIGH,READ
3586.5403659264734,HIGH,READ
3587.846614660049,HIGH,READ
3589.2423965489725,HIGH,READ
3589.3820719730224,HIGH,UPDATE
3590.4206729320667,HIGH,READ
3590.5042522089348,HIGH,READ
3591.212849632074,HIGH,READ
3591.4659520851537,HIGH,READ
3591.5780565192285,HIGH,READ
3591.7730815031246,HIGH,UPDATE
3592.1403393067785,HIGH,READ
3592.3552440306216,HIGH,READ
3593.292832286372,HIGH,READ
3594.313830819472,HIGH,READ
3594.6220798611967,HIGH,READ
3594.8172343017172,HIGH,READ
3595.098659491227,HIGH,UPDATE
3595.985981083723,HIGH,UPDATE
3596.703782827374,HIGH,UPDATE
3597.0982261307768,HIGH,READ
3597.215887943293,HIGH,READ
3597.557061879992,HIGH,READ
3598.090254542399,HIGH,READ
3598.908165193367,HIGH,READ
3601.134967496762,HIGH,READ
3601.1986392580693,HIGH,READ
3602.9331887216426,HIGH,READ
3602.9773392308816,HIGH,READ
3603.032955765503,HIGH,READ
3603.356314227669,HIGH,UPDATE
3603.990866741182,HIGH,READ
3604.8198181376356,HIGH,READ
3606.7621668950023,HIGH,UPDATE
3607.4438074164323,HIGH,READ
3607.593994006538,HIGH,READ
3608.680114725196,HIGH,READ
3608.702906144113,HIGH,READ
3609.1864297358507,HIGH,READ
3609.3102342360353,HIGH,READ
3609.49254036879,HIGH,READ
3609.606751070889,HIGH,UPDATE
3610.615179019721,HIGH,READ
3610.9503546237506,HIGH,READ
3611.4365396184076,HIGH,UPDATE
3611.4839295419397,HIGH,READ
3611.7071062063637,HIGH,UPDATE
3613.3505792756478,HIGH,READ
3615.5536742614036,HIGH,READ
3616.175225695154,HIGH,READ
3617.9453459495917,HIGH,READ
3618.1470811783506,HIGH,READ
3618.222127661384,HIGH,READ
3618.454458859384,HIGH,UPDATE
3619.5372977982524,HIGH,UPDATE
3620.929554993216,HIGH,UPDATE
3621.4998326226987,HIGH,READ
3623.755184045369,HIGH,READ
3624.7348729386645,HIGH,UPDATE
3626.901762009028,HIGH,READ
3627.3134427963987,HIGH,READ
3627.331930590322,HIGH,READ
3627.3785601353443,HIGH,READ
3630.811599031334,HIGH,READ
3630.9857817240973,HIGH,READ
3633.059812604064,HIGH,READ
3633.066326451135,HIGH,UPDATE
3633.2565675040432,HIGH,READ
3634.0031886314023,HIGH,UPDATE
3634.0559048973228,HIGH,UPDATE
3634.487454353173,HIGH,READ
3635.985657127889,HIGH,READ
3637.9454533446005,HIGH,READ
3639.55021329264,HIGH,READ
3639.6986978339933,HIGH,UPDATE
3641.0730596164494,HIGH,READ
3641.2241314452426,HIGH,READ
3641.866730415745,HIGH,READ
3641.941944295219,HIGH,UPDATE
3642.692899008387,HIGH,READ
3643.3272121813006,HIGH,UPDATE
3643.8470376367904,HIGH,READ
3644.2859336761744,HIGH,READ
3644.7378964033933,HIGH,UPDATE
3646.253245795892,HIGH,UPDATE
3646.7031957440163,HIGH,UPDATE
3648.354542270063,HIGH,READ
3648.5219742836452,HIGH,READ
3648.5590871846234,HIGH,UPDATE
3648.9928878864594,HIGH,READ
3649.458294485622,HIGH,READ
3650.2312553970887,HIGH,READ
3652.7319627870984,HIGH,READ
3653.1428407006165,HIGH,READ
3653.1507676272486,HIGH,READ
3653.730703610552,HIGH,READ
3654.3632085144627,HIGH,READ
3654.8934220728925,HIGH,READ
3655.3183686887137,HIGH,READ
3655.622093152878,HIGH,READ
3655.779690878723,HIGH,UPDATE
3656.0901630601265,HIGH,UPDATE
3656.3088228336246,HIGH,READ
3656.4025377083644,HIGH,READ
3656.5755411283913,HIGH,READ
3656.7853018155233,HIGH,READ
3657.1626478560083,HIGH,READ
3657.2677419374977,HIGH,UPDATE
3657.375733519807,HIGH,UPDATE
3657.505281524486,HIGH,READ
3661.1169479899345,HIGH,UPDATE
3661.6021167007766,HIGH,UPDATE
3662.6278946966754,HIGH,READ
3663.1784630428065,HIGH,READ
3663.517240154602,HIGH,READ
3663.558516224051,HIGH,UPDATE
3663.9900452645047,HIGH,READ
3664.388427311338,HIGH,READ
3664.6869549056064,HIGH,READ
3666.477597926676,HIGH,READ
3666.490954389681,HIGH,READ
3667.8377419270278,HIGH,UPDATE
3667.985636618326,HIGH,READ
3668.6838647566356,HIGH,READ
3669.6942205645796,HIGH,READ
3670.4398105694213,HIGH,READ
3671.3290113780486,HIGH,UPDATE
3671.6488545190105,HIGH,READ
3672.31478155595,HIGH,READ
3672.437056752319,HIGH,UPDATE
3672.7114341834194,HIGH,READ
3673.276624617893,HIGH,UPDATE
3673.3259692736,HIGH,READ
3673.4986713227463,HIGH,READ
3673.728272984115,HIGH,READ
3674.4180303174835,HIGH,READ
3674.8104330486,HIGH,UPDATE
3675.1112626704676,HIGH,READ
3677.356296546697,HIGH,READ
3677.491764194603,HIGH,READ
3678.3591754334266,HIGH,READ
3680.239659677843,HIGH,UPDATE
3680.2952943302903,HIGH,READ
3680.3677675306512,HIGH,READ
3681.774043580946,HIGH,READ
3681.7918560475596,HIGH,READ
3682.7572922657114,HIGH,READ
3682.9602419100065,HIGH,READ
3683.669392564073,HIGH,UPDATE
3683.916160564602,HIGH,READ
3684.1390405289626,HIGH,READ
3684.2328612550073,HIGH,UPDATE
3684.252186186564,HIGH,READ
3685.564686681653,HIGH,READ
3685.995725978231,HIGH,UPDATE
3686.514258986628,HIGH,READ
3686.9065975220465,HIGH,UPDATE
3687.7039843811704,HIGH,READ
3688.310830643612,HIGH,READ
3688.984292329669,HIGH,READ
3689.478427798617,HIGH,READ
3689.7254764472755,HIGH,READ
3690.2426814979544,HIGH,UPDATE
3690.6314454976236,HIGH,READ
3690.8320084145157,HIGH,READ
3690.8320699816218,HIGH,UPDATE
3692.087751828273,HIGH,READ
3692.509995911151,HIGH,READ
3694.211449493623,HIGH,UPDATE
3694.6436508702377,HIGH,READ
3695.0189061485153,HIGH,READ
3695.194202444725,HIGH,READ
3695.5060932329247,HIGH,READ
3696.05425406787,HIGH,READ
3696.1730895598917,HIGH,UPDATE
3696.5023180723633,HIGH,READ
3696.705745154929,HIGH,READ
3696.888318789967,HIGH,UPDATE
3698.4932781956286,HIGH,UPDATE
3699.2626390998703,HIGH,READ
3700.168235611953,HIGH,UPDATE
3700.5232800911194,HIGH,UPDATE
3700.6575406512206,HIGH,READ
3701.3329119328246,HIGH,READ
3701.5446709280823,HIGH,READ
3701.683334704898,HIGH,READ
3701.7172720895437,HIGH,READ
3701.8544175929824,HIGH,READ
3702.063490122665,HIGH,UPDATE
3702.9292739627776,HIGH,READ
3703.0381563619003,HIGH,READ
3703.3171016388983,HIGH,READ
3704.388270491545,HIGH,UPDATE
3704.8036255652282,HIGH,UPDATE
3705.0708580655323,HIGH,UPDATE
3707.0903019539796,HIGH,READ
3708.086675901063,HIGH,READ
3708.5101127329085,HIGH,READ
3709.7382784594624,HIGH,UPDATE
3710.9127633052844,HIGH,READ
3711.887193969366,HIGH,READ
3712.870539133952,HIGH,READ
3713.762510921229,HIGH,READ
3714.174332891947,HIGH,UPDATE
3714.6652296668067,HIGH,UPDATE
3715.092045500839,HIGH,READ
3715.3414624443653,HIGH,READ
3716.002793142976,HIGH,READ
3717.8503426763587,HIGH,READ
3718.0450819052076,HIGH,READ
3718.192781480182,HIGH,UPDATE
3719.521172408442,HIGH,READ
3719.6010588386184,HIGH,READ
3719.8626068977287,HIGH,READ
3720.0780082832234,HIGH,READ
3721.11572748356,HIGH,READ
3721.1443278697902,HIGH,UPDATE
3721.5742430217506,HIGH,READ
3721.8837483738535,HIGH,READ
3721.9981598410673,HIGH,READ
3722.640842646357,HIGH,UPDATE
3726.5076541604717,HIGH,READ
3726.5487449675616,HIGH,READ
3727.354351478569,HIGH,UPDATE
3727.444003149203,HIGH,READ
3730.1103550354983,HIGH,UPDATE
3731.052654934982,HIGH,UPDATE
3731.4376772190108,HIGH,READ
3732.216854875774,HIGH,READ
3732.313332338617,HIGH,UPDATE
3732.75611581649,HIGH,READ
3732.988884303388,HIGH,READ
3733.129180519518,HIGH,READ
3733.413978221702,HIGH,UPDATE
3733.6286657278874,HIGH,UPDATE
3735.2679556471057,HIGH,READ
3735.3155312784183,HIGH,READ
3735.549205985764,HIGH,READ
3735.8541812689846,HIGH,READ
3736.53163664595,HIGH,READ
3736.668451946879,HIGH,READ
3737.964263662111,HIGH,UPDATE
3738.1461579854713,HIGH,UPDATE
3738.862018752031,HIGH,READ
3739.1888130066095,HIGH,READ
3739.647651322492,HIGH,READ
3740.2806059841696,HIGH,READ
3740.963382864995,HIGH,READ
3741.4571557277213,HIGH,READ
3742.6591439665904,HIGH,READ
3744.0374478854033,HIGH,READ
3744.4803196462494,HIGH,READ
3745.044537483065,HIGH,UPDATE
3745.75968036939,HIGH,READ
3746.5652553672962,HIGH,READ
3746.869431948509,HIGH,READ
3746.9184392002603,HIGH,UPDATE
3747.0745233722064,HIGH,READ
3748.5446313197685,HIGH,READ
3749.620998456814,HIGH,READ
3750.1653253879595,HIGH,UPDATE
3750.5238414993046,HIGH,READ
3751.345500263475,HIGH,UPDATE
3751.5514969986402,HIGH,READ
3751.600155747716,HIGH,READ
3753.5289814405965,HIGH,UPDATE
3753.597091303437,HIGH,UPDATE
3754.102799967481,HIGH,READ
3754.600768733238,HIGH,READ
3755.255233025469,HIGH,READ
3756.177284341718,HIGH,READ
3756.2516218288606,HIGH,READ
3756.5470284384705,HIGH,READ
3757.2765940758413,HIGH,UPDATE
3757.398255911929,HIGH,READ
3757.7405387697463,HIGH,READ
3757.8553286725987,HIGH,UPDATE
3758.245469931587,HIGH,READ
3758.4978450902963,HIGH,UPDATE
3758.7595319487523,HIGH,READ
3759.7226686148865,HIGH,READ
3760.585431536648,HIGH,READ
3761.1375337142613,HIGH,READ
3762.1049923914275,HIGH,UPDATE
3762.3004251643283,HIGH,UPDATE
3762.6959594734526,HIGH,READ
3763.5598069256625,HIGH,UPDATE
3764.1636425993042,HIGH,READ
3767.511980543946,HIGH,READ
3767.7500819745887,HIGH,READ
3769.0407502226785,HIGH,READ
3770.1911730702072,HIGH,READ
3770.406442860178,HIGH,READ
3770.9482152945047,HIGH,UPDATE
3771.0602694128206,HIGH,READ
3771.353284180226,HIGH,READ
3771.658228058933,HIGH,READ
3771.8350686246936,HIGH,UPDATE
3771.899339567269,HIGH,READ
3773.5657366652304,HIGH,UPDATE
3774.422960489499,HIGH,UPDATE
3774.549515612061,HIGH,UPDATE
3775.329434084126,HIGH,READ
3776.917587863767,HIGH,READ
3777.1557457924387,HIGH,UPDATE
3777.7282065540403,HIGH,READ
3777.766571380668,HIGH,UPDATE
3778.0516404994905,HIGH,UPDATE
3778.4108058587885,HIGH,UPDATE
3779.769859176384,HIGH,READ
3780.475055404156,HIGH,READ
3780.4827222415825,HIGH,UPDATE
3780.8040923061376,HIGH,READ
3780.8321284835547,HIGH,READ
3780.9401451211716,HIGH,READ
3781.1064677217823,HIGH,READ
3781.9832657530064,HIGH,READ
3782.3765311644793,HIGH,READ
3782.844965091352,HIGH,READ
3783.0730882666144,HIGH,READ
3783.167609188113,HIGH,READ
3783.732493124983,HIGH,READ
3784.072145589777,HIGH,READ
3784.5366789734276,HIGH,UPDATE
3784.629807903997,HIGH,READ
3785.1760627260287,HIGH,READ
3785.8802406988766,HIGH,READ
3786.518310359541,HIGH,UPDATE
3786.706769701246,HIGH,READ
3787.706477137865,HIGH,READ
3789.425704101238,HIGH,READ
3791.6536487262642,MODERATE,READ
3792.510014729548,MODERATE,READ
3794.3122138827125,MODERATE,READ
3795.0393795154496,MODERATE,UPDATE
3796.954756312357,MODERATE,UPDATE
3798.1223021527267,MODERATE,READ
3798.214133608328,MODERATE,UPDATE
3798.6596338997592,MODERATE,READ
3801.4950700708227,MODERATE,UPDATE
3801.7334745721205,MODERATE,READ
3807.6830181479772,MODERATE,UPDATE
3811.744356737909,MODERATE,UPDATE
3811.7720136713706,MODERATE,READ
3812.0079552606467,MODERATE,READ
3812.0539769518136,MODERATE,READ
3813.598381355057,MODERATE,READ
3815.079974049046,MODERATE,READ
3816.3995007187873,MODERATE,UPDATE
3816.7042824926193,MODERATE,READ
3816.7414018583777,MODERATE,READ
3818.9198845769733,MODERATE,READ
3819.293314115552,MODERATE,READ
3822.40689588289,MODERATE,READ
3822.515988301987,MODERATE,READ
3822.532726499309,MODERATE,READ
3823.1657412946897,MODERATE,UPDATE
3825.323951135952,MODERATE,UPDATE
3825.3624764629835,MODERATE,UPDATE
3827.458758652296,MODERATE,READ
3828.417093479288,MODERATE,UPDATE
3828.6269340640783,MODERATE,READ
3832.6583319213864,MODERATE,READ
3833.0709475322697,MODERATE,READ
3834.2958753948155,MODERATE,UPDATE
3834.3393207884737,MODERATE,READ
3835.846879689669,MODERATE,READ
3836.846650456489,MODERATE,READ
3837.698332758938,MODERATE,READ
3839.661223485814,MODERATE,READ
3847.3169794482415,MODERATE,READ
3850.658466619028,MODERATE,READ
3854.8770688760032,MODERATE,UPDATE
3858.2503401260788,MODERATE,READ
3859.8694295611904,MODERATE,READ
3860.1984907130627,MODERATE,UPDATE
3862.338142509273,MODERATE,READ
3863.301346561935,MODERATE,UPDATE
3865.197159083145,MODERATE,READ
3865.7132191661153,MODERATE,READ
3866.0447361064557,MODERATE,UPDATE
3870.8547558078562,MODERATE,READ
3872.4175490057864,MODERATE,READ
3872.7158871191336,MODERATE,READ
3875.935813811675,MODERATE,UPDATE
3876.6750400800315,MODERATE,UPDATE
3878.15889780027,MODERATE,READ
3889.050584650633,MODERATE,UPDATE
3889.364248781778,MODERATE,UPDATE
3894.3447816535677,MODERATE,READ
3895.974689596333,MODERATE,UPDATE
3896.226694445397,MODERATE,READ
3900.461199287324,MODERATE,UPDATE
3903.361244482501,MODERATE,UPDATE
3904.430252515221,MODERATE,READ
3905.6006487048844,MODERATE,UPDATE
3910.091737169538,MODERATE,UPDATE
3910.7315862467262,MODERATE,UPDATE
3910.9574117999136,MODERATE,READ
3913.8321449175673,MODERATE,READ
3914.4529892446863,MODERATE,READ
3914.978087314465,MODERATE,READ
3917.303607551877,MODERATE,READ
3919.6340176107083,MODERATE,READ
3921.029632003686,MODERATE,READ
3923.519354438961,MODERATE,READ
3927.3421903020426,MODERATE,READ
3927.6380600634952,MODERATE,READ
3927.7035807866782,MODERATE,UPDATE
3927.73383701774,MODERATE,READ
3928.799447932104,MODERATE,UPDATE
3937.6861318907754,MODERATE,UPDATE
3937.8229815084374,MODERATE,UPDATE
3946.3078781735553,MODERATE,UPDATE
3947.6543433652096,MODERATE,READ
3948.8776433976986,MODERATE,READ
3949.9155833568634,MODERATE,READ
3952.5741398309106,MODERATE,READ
3953.3246834028537,MODERATE,READ
3956.037904864022,MODERATE,READ
3957.52775670934,MODERATE,UPDATE
3960.619930610912,MODERATE,READ
3961.8214662576265,MODERATE,UPDATE
3961.9081497488355,MODERATE,UPDATE
3963.370689776807,MODERATE,READ
3966.028024729246,MODERATE,READ
3967.479889026161,MODERATE,READ
3967.5809928998015,MODERATE,READ
3968.5961211012886,MODERATE,READ
3972.1122406653667,MODERATE,READ
3973.2102033729584,MODERATE,READ
3973.32238487068,MODERATE,READ
3973.629245859601,MODERATE,UPDATE
3974.831104277852,MODERATE,UPDATE
3975.071311799815,MODERATE,UPDATE
3980.627478023776,MODERATE,READ
3980.9182387668748,MODERATE,READ
3982.117136655706,MODERATE,READ
3983.9018723904856,MODERATE,UPDATE
3984.3529953465472,MODERATE,READ
3984.928578954364,MODERATE,READ
3989.6823874093625,MODERATE,UPDATE
3992.2167431793646,MODERATE,READ
3992.459192193181,MODERATE,READ
3993.360985705849,MODERATE,READ
3994.3302860395347,MODERATE,UPDATE
3995.763799250641,MODERATE,UPDATE
3996.715612908952,MODERATE,READ
3999.639894154157,MODERATE,UPDATE
4001.3069740590545,MODERATE,READ
4001.632223069221,MODERATE,UPDATE
4002.026362866217,MODERATE,UPDATE
4003.114375292997,MODERATE,READ
4006.041853180482,MODERATE,READ
4008.01127526685,MODERATE,READ
4008.293414233687,MODERATE,READ
4010.242103298291,MODERATE,READ
4011.4694546915116,MODERATE,UPDATE
4013.0377929298256,MODERATE,READ
4017.3238837731215,MODERATE,READ
4019.1015380735644,MODERATE,READ
4020.1573167276656,MODERATE,READ
4021.990408778061,MODERATE,READ
4023.5756438640997,MODERATE,READ
4025.206493384437,MODERATE,UPDATE
4025.3068050568677,MODERATE,READ
4027.425262531812,MODERATE,READ
4031.2712226814383,MODERATE,READ
4034.9117187965408,MODERATE,READ
4039.9728167401636,MODERATE,READ
4041.0518051568047,MODERATE,READ
4043.28184037451,MODERATE,READ
4045.633995533506,MODERATE,READ
4048.7298119180373,MODERATE,READ
4049.9449910069243,MODERATE,READ
4055.3062449461218,MODERATE,READ
4056.017580082279,MODERATE,READ
4056.9702331609233,MODERATE,READ
4058.0851029344526,MODERATE,READ
4058.778078987059,MODERATE,READ
4061.1504720620965,MODERATE,READ
4062.6480148297337,MODERATE,READ
4065.028348571344,MODERATE,READ
4065.259848805698,MODERATE,UPDATE
4067.2428398729257,MODERATE,UPDATE
4068.5648310596944,MODERATE,READ
4073.997752242322,MODERATE,UPDATE
4074.6748254248455,MODERATE,READ
4075.435849191606,MODERATE,READ
4086.0422419136426,MODERATE,READ
4086.3201067031073,MODERATE,READ
4087.786819596216,MODERATE,READ
4089.1433542840255,MODERATE,READ
4091.0235262867895,MODERATE,UPDATE
4098.774682759124,MODERATE,READ
4098.823241090178,MODERATE,READ
4099.074199116738,MODERATE,UPDATE
4102.288723192028,MODERATE,UPDATE
4103.357734583699,MODERATE,READ
4105.001585238876,MODERATE,READ
4105.024308372548,MODERATE,READ
4105.685840238816,MODERATE,UPDATE
4106.421521621429,MODERATE,READ
4107.20442071273,MODERATE,READ
4109.520099640091,MODERATE,READ
4112.09768475716,MODERATE,READ
4112.156784168257,MODERATE,READ
4112.95927670442,MODERATE,READ
4115.191646013195,MODERATE,UPDATE
4118.383252429325,MODERATE,READ
4119.6968656634435,MODERATE,READ
4124.149194184672,MODERATE,READ
4124.96546047659,MODERATE,UPDATE
4126.034171275242,MODERATE,UPDATE
4129.639072944305,MODERATE,READ
4132.220780628283,MODERATE,READ
4133.756028503547,MODERATE,READ
4136.069528304574,MODERATE,UPDATE
4140.44856743059,MODERATE,READ
4147.436067465315,MODERATE,READ
4147.499406240497,MODERATE,UPDATE
4149.469138876452,MODERATE,UPDATE
4151.161650009376,MODERATE,READ
4152.9703341491395,MODERATE,UPDATE
4155.755282653237,MODERATE,UPDATE
4156.510494457965,MODERATE,READ
4157.57892032543,MODERATE,READ
4158.121599006216,MODERATE,READ
4164.142346879864,MODERATE,READ
4164.862331470777,MODERATE,READ
4167.936044954193,MODERATE,UPDATE
4172.827890256577,MODERATE,READ
4172.87839208139,MODERATE,READ
4174.264903688028,MODERATE,READ
4179.40941159554,MODERATE,UPDATE
4180.892523868655,MODERATE,UPDATE
4181.2018472679565,MODERATE,UPDATE
4184.655347712838,MODERATE,UPDATE
4186.913803855872,MODERATE,READ
4189.492651979221,MODERATE,READ
4191.993924175816,MODERATE,READ
4192.002160851732,MODERATE,UPDATE
4194.325599438253,MODERATE,READ
4194.507804488583,MODERATE,READ
4194.602280744037,MODERATE,READ
4196.753934189308,MODERATE,READ
4198.477349113544,MODERATE,READ
4202.931109617374,MODERATE,READ
4203.358847107655,MODERATE,READ
4204.127673015075,MODERATE,READ
4204.378007868806,MODERATE,READ
4205.017418332704,MODERATE,READ
4206.968146561898,MODERATE,READ
4207.430945083021,MODERATE,READ
4208.1978188599705,MODERATE,READ
4210.6350017770255,MODERATE,READ
4211.196613509667,MODERATE,READ
4213.096633714352,MODERATE,READ
4214.269340597296,MODERATE,READ
4215.54187484002,MODERATE,READ
4215.765810361839,MODERATE,READ
4216.877685591505,MODERATE,READ
4218.690967288419,MODERATE,READ
4222.308872998078,MODERATE,READ
4224.224741509368,MODERATE,READ
4227.626115976169,MODERATE,UPDATE
4229.848722528081,MODERATE,READ
4237.123718411647,MODERATE,UPDATE
4238.377296654631,MODERATE,READ
4241.728997220024,MODERATE,UPDATE
4242.992258306635,MODERATE,READ
4245.299311884625,MODERATE,UPDATE
4246.551771981627,MODERATE,READ
4247.058447811427,MODERATE,UPDATE
4248.977585997434,MODERATE,UPDATE
4249.972999828389,MODERATE,READ
4252.161327933154,MODERATE,UPDATE
4256.442326581623,MODERATE,READ
4256.503789673253,MODERATE,READ
4257.369793720648,MODERATE,READ
4257.744385243499,MODERATE,UPDATE
4259.599292006812,MODERATE,READ
4259.816539698787,MODERATE,UPDATE
4263.0032532520045,MODERATE,READ
4265.099765171092,MODERATE,UPDATE
4266.621527857035,MODERATE,READ
4267.68849498348,MODERATE,READ
4269.276415607241,MODERATE,UPDATE
4270.244836413837,MODERATE,READ
4273.607947430687,MODERATE,READ
4276.6758104791725,MODERATE,READ
4279.7718073301485,MODERATE,READ
4280.310586327405,MODERATE,READ
4280.472777389743,MODERATE,UPDATE
4282.180293445002,MODERATE,READ
4283.974069495848,MODERATE,READ
4285.593825691085,MODERATE,UPDATE
4285.981417569266,MODERATE,UPDATE
4286.125715336818,MODERATE,READ
4289.490450095221,MODERATE,UPDATE
4290.443011918418,MODERATE,READ
4292.6016006467735,MODERATE,READ
4295.998506035715,MODERATE,UPDATE
4300.669880062153,MODERATE,READ
4300.67024877705,MODERATE,READ
4300.993443795378,MODERATE,READ
4301.981979588113,MODERATE,READ
4302.4174624765665,MODERATE,READ
4303.178805674622,MODERATE,READ
4308.067201268939,MODERATE,READ
4313.808338265297,MODERATE,READ
4321.908645727259,MODERATE,READ
4322.095701555319,MODERATE,READ
4330.694258665881,MODERATE,READ
4330.967171592105,MODERATE,READ
4331.8887770270485,MODERATE,READ
4331.997958289316,MODERATE,UPDATE
4335.435942526201,MODERATE,READ
4339.3860744389185,MODERATE,UPDATE
4339.922463939653,MODERATE,UPDATE
4340.925100278253,MODERATE,READ
4341.890190943032,MODERATE,READ
4343.465628876181,MODERATE,READ
4344.753853113535,MODERATE,READ
4345.724802683686,MODERATE,UPDATE
4349.389499249644,MODERATE,READ
4361.337568330202,MODERATE,READ
4362.77947633692,LOW,READ
4362.937801078488,LOW,UPDATE
4369.606775218553,LOW,READ
4415.878522423328,LOW,READ
4426.157532556437,LOW,READ
4432.246119626471,LOW,UPDATE
4441.520382470317,LOW,READ
4443.502421151794,LOW,READ
4451.533158429403,LOW,READ
4455.922972450327,LOW,READ
4465.200869810758,LOW,READ
4483.9612337300605,LOW,READ
4490.927341547644,LOW,READ
4498.827585150334,LOW,READ
4537.101393807112,LOW,READ
4549.305212217676,LOW,READ
4555.8739994412235,LOW,READ
4557.406530867466,LOW,UPDATE
4598.498533381455,LOW,UPDATE
4613.588570268335,LOW,READ
4614.4032156359535,LOW,UPDATE
4615.329263919711,LOW,READ
4628.8650620022345,LOW,UPDATE
4629.678051081745,LOW,READ
4645.677791478638,LOW,READ
4646.219970010715,LOW,READ
4661.294521958016,LOW,READ
4668.482518257489,LOW,READ
4681.718138488197,LOW,READ
4714.05328867646,LOW,UPDATE
4717.467049288943,LOW,READ
4743.088968005204,LOW,UPDATE
4756.070766782819,LOW,READ
4756.70461479241,LOW,READ
4758.5568232405685,LOW,READ
4804.980175939503,LOW,UPDATE
4814.77027184832,LOW,READ
4815.631409649442,LOW,READ
4834.6994270750665,LOW,READ
4836.121271590164,LOW,READ
4855.630585821537,LOW,READ
4856.813348192424,LOW,READ
4865.77259664517,LOW,READ
4871.690299553518,LOW,UPDATE
4874.718291687041,LOW,UPDATE
4881.352593338128,LOW,UPDATE
4901.158654840286,LOW,READ
4902.040427757517,LOW,READ
4929.212627111325,LOW,READ
4936.063390994754,LOW,UPDATE
4950.776154326633,LOW,READ
4956.577643546292,LOW,READ
4958.945717670932,LOW,UPDATE
4963.178074193565,LOW,READ
4977.262816715363,LOW,READ
4979.097243326359,LOW,READ
4982.683542290405,LOW,UPDATE
4996.644074657296,LOW,READ
5001.421220185215,LOW,UPDATE
5007.856975893946,LOW,READ
5028.280571329558,LOW,READ
5033.521268920501,MODERATE,READ
5035.79074336665,MODERATE,UPDATE
5038.087670156281,MODERATE,READ
5043.082733564666,MODERATE,READ
5049.3382303206645,MODERATE,READ
5054.341327437404,MODERATE,UPDATE
5055.15716589125,MODERATE,READ
5055.364061224798,MODERATE,READ
5056.356440282169,MODERATE,UPDATE
5059.121769489579,MODERATE,UPDATE
5060.89875241923,MODERATE,READ
5061.721939928382,MODERATE,READ
5062.1186385293095,MODERATE,READ
5064.353017245453,MODERATE,UPDATE
5064.37708429411,MODERATE,READ
5064.59650708321,MODERATE,READ
5065.091933760782,MODERATE,READ
5065.520994095876,MODERATE,READ
5065.713886567288,MODERATE,UPDATE
5067.851637369319,MODERATE,UPDATE
5073.862756546896,MODERATE,READ
5076.325273989983,MODERATE,READ
5080.207289899193,MODERATE,READ
5082.343812813568,MODERATE,UPDATE
5084.013551398918,MODERATE,UPDATE
5088.540311511869,MODERATE,READ
5089.124590800928,MODERATE,READ
5094.628032672033,MODERATE,READ
5099.748036068671,MODERATE,READ
5100.861717249495,MODERATE,UPDATE
5103.800030408591,MODERATE,READ
5104.1534236971775,MODERATE,READ
5107.155541164787,MODERATE,READ
5107.964436627128,MODERATE,READ
5114.193724984195,MODERATE,READ
5115.3554160033045,MODERATE,READ
5120.633947056383,MODERATE,READ
5121.02705295327,MODERATE,READ
5121.337725118369,MODERATE,UPDATE
5121.830514926039,MODERATE,READ
5126.705245978812,MODERATE,UPDATE
5126.923285084483,MODERATE,READ
5128.617488789621,MODERATE,READ
5129.7982442155235,MODERATE,UPDATE
5130.120588067262,MODERATE,READ
5135.523543467968,MODERATE,READ
5136.143225644305,MODERATE,UPDATE
5140.842946866476,MODERATE,READ
5142.29173966018,MODERATE,UPDATE
5143.641095068289,MODERATE,READ
5147.35752388649,MODERATE,UPDATE
5150.435312288916,MODERATE,READ
5150.441937972316,MODERATE,UPDATE
5153.849178682309,MODERATE,READ
5155.524340593605,MODERATE,UPDATE
5156.413537422752,MODERATE,READ
5157.437239049205,MODERATE,READ
5163.817032987257,MODERATE,READ
5165.346862052952,MODERATE,UPDATE
5165.514618527591,MODERATE,READ
5168.423834223126,MODERATE,READ
5168.812505023708,MODERATE,READ
5169.782053138089,MODERATE,READ
5172.16273396031,MODERATE,UPDATE
5174.1545767370635,MODERATE,READ
5174.331938607112,MODERATE,READ
5176.990437675228,MODERATE,READ
5177.419530696495,MODERATE,UPDATE
5179.21714673683,MODERATE,READ
5179.347275001126,MODERATE,READ
5180.08283599453,MODERATE,READ
5183.677388820998,MODERATE,READ
5194.638808113617,MODERATE,READ
5194.75418170933,MODERATE,UPDATE
5194.841697922054,MODERATE,READ
5198.132903062621,MODERATE,READ
5199.359248744475,MODERATE,READ
5203.506253459246,MODERATE,READ
5205.238141363306,MODERATE,UPDATE
5205.313291048229,MODERATE,READ
5207.434950459442,MODERATE,READ
5212.437487841115,MODERATE,READ
5214.854097597356,MODERATE,READ
5215.232183407924,MODERATE,READ
5215.966607754049,MODERATE,UPDATE
5217.184898583934,MODERATE,READ
5218.973186612195,MODERATE,UPDATE
5219.198026697269,MODERATE,READ
5222.408671705326,MODERATE,READ
5225.672586173996,MODERATE,READ
5229.0101238578445,MODERATE,UPDATE
5231.279003891594,MODERATE,READ
5238.726216467829,MODERATE,READ
5239.021661177492,MODERATE,UPDATE
5242.172716708566,MODERATE,UPDATE
5243.97101987339,MODERATE,READ
5244.22838162891,MODERATE,READ
5245.301196166233,MODERATE,READ
5246.913414662351,MODERATE,READ
5252.1120447603635,MODERATE,READ
5252.322694350018,MODERATE,UPDATE
5254.218471325123,MODERATE,UPDATE
5254.249978860713,MODERATE,READ
5254.262718506449,MODERATE,READ
5254.449453370818,MODERATE,READ
5258.808686942939,MODERATE,READ
5262.103089073401,MODERATE,UPDATE
5264.460728243616,MODERATE,READ
5266.503062660414,MODERATE,READ
5267.565225871338,MODERATE,UPDATE
5269.451203771765,MODERATE,READ
5269.848106788192,MODERATE,READ
5275.851529578564,MODERATE,READ
5278.903406078455,MODERATE,READ
5278.9125671101465,MODERATE,READ
5279.1625778191,MODERATE,READ
5279.363730342623,MODERATE,READ
5282.227387216405,MODERATE,READ
5282.722454728173,MODERATE,UPDATE
5284.876120070175,MODERATE,READ
5285.306765976841,MODERATE,UPDATE
5287.618679503346,MODERATE,UPDATE
5288.9051579854095,MODERATE,READ
5291.123347876643,MODERATE,READ
5293.193838990114,MODERATE,READ
5294.334536095155,MODERATE,READ
5297.605624306697,MODERATE,UPDATE
5297.694191687455,MODERATE,UPDATE
5302.871031984413,MODERATE,READ
5305.949848643546,MODERATE,READ
5306.196592333833,MODERATE,UPDATE
5308.752570883793,MODERATE,READ
5309.54153906827,MODERATE,READ
5311.800832159494,MODERATE,READ
5314.819793607113,MODERATE,READ
5315.026217333559,MODERATE,UPDATE
5319.104910569658,MODERATE,READ
5319.6035333909,MODERATE,READ
5320.928411336766,MODERATE,UPDATE
5321.241581586047,MODERATE,UPDATE
5322.455487059836,MODERATE,READ
5322.748788907395,MODERATE,UPDATE
5324.748248358085,MODERATE,UPDATE
5325.200070339297,MODERATE,READ
5327.556748873498,MODERATE,READ
5327.850275109015,MODERATE,UPDATE
5329.077391060312,MODERATE,READ
5329.919287800112,MODERATE,UPDATE
5331.770132309574,MODERATE,UPDATE
5333.802350100687,MODERATE,READ
5334.174853803033,MODERATE,UPDATE
5338.036952349294,MODERATE,READ
5341.9264067393815,MODERATE,READ
5352.8081684023955,MODERATE,READ
5356.436043915907,MODERATE,READ
5359.054842076088,MODERATE,UPDATE
5359.621303868905,MODERATE,READ
5361.353768661046,MODERATE,UPDATE
5363.145625732556,MODERATE,READ
5364.850853325265,MODERATE,READ
5372.6933886665165,MODERATE,READ
5373.965609485264,MODERATE,UPDATE
5374.0340069274,MODERATE,READ
5375.339051600937,MODERATE,UPDATE
5378.783048179336,MODERATE,READ
5379.333268356825,MODERATE,READ
5379.358269960723,MODERATE,UPDATE
5385.347092078324,MODERATE,READ
5386.048450638181,MODERATE,READ
5386.238675947681,MODERATE,READ
5386.965892660355,MODERATE,UPDATE
5390.8686523789565,MODERATE,UPDATE
5390.918085225848,MODERATE,READ
5393.873457749375,MODERATE,UPDATE
5394.9130571985315,MODERATE,UPDATE
5395.838463358907,MODERATE,READ
5397.8454438095005,MODERATE,UPDATE
5397.992088108004,MODERATE,UPDATE
5398.801737149807,MODERATE,READ
5399.91164836238,MODERATE,READ
5405.752730755512,MODERATE,READ
5408.917142475391,MODERATE,UPDATE
5409.085991653676,MODERATE,UPDATE
5411.747792592069,MODERATE,READ
5417.560388685693,MODERATE,READ
5421.9385070034705,MODERATE,READ
5422.848629403052,MODERATE,READ
5423.758689651363,MODERATE,READ
5425.395160380413,MODERATE,READ
5427.866342832877,MODERATE,READ
5435.81963893367,MODERATE,READ
5436.060717371915,MODERATE,READ
5441.6593363372585,MODERATE,READ
5448.052769226699,MODERATE,READ
5450.785883793851,MODERATE,READ
5451.655810676469,MODERATE,READ
5453.9360968634,MODERATE,READ
5454.067029016562,MODERATE,READ
5455.39897613796,MODERATE,READ
5455.6608101852535,MODERATE,UPDATE
5457.929133426044,MODERATE,READ
5458.620502696312,MODERATE,READ
5461.838417424092,MODERATE,UPDATE
5465.147244849883,MODERATE,UPDATE
5465.283005241132,MODERATE,UPDATE
5466.507519348054,MODERATE,READ
5471.072022989915,MODERATE,READ
5477.347856060809,MODERATE,READ
5477.993625652988,MODERATE,READ
5479.365288604327,MODERATE,UPDATE
5480.836094172726,MODERATE,READ
5481.530022782915,MODERATE,UPDATE
5483.0893290614395,MODERATE,READ
5483.9407674912045,MODERATE,READ
5486.01026546579,MODERATE,READ
5486.1403016897,MODERATE,UPDATE
5486.669087295949,MODERATE,UPDATE
5488.738515416526,MODERATE,READ
5489.578026313126,MODERATE,READ
5490.36798609564,MODERATE,READ
5492.755130787936,MODERATE,UPDATE
5493.9336289486155,MODERATE,READ
5494.216650669811,MODERATE,UPDATE
5494.5935000570635,MODERATE,READ
5495.917739602988,MODERATE,UPDATE
5498.854916527295,MODERATE,READ
5499.726108241714,MODERATE,READ
5500.090022862076,MODERATE,UPDATE
5502.578308526228,MODERATE,READ
5509.817469782689,MODERATE,UPDATE
5512.178368241015,MODERATE,READ
5512.511622483974,MODERATE,READ
5512.595666780492,MODERATE,READ
5512.866100432398,MODERATE,READ
5513.273999766326,MODERATE,READ
5513.344609849549,MODERATE,READ
5514.187332466662,MODERATE,READ
5515.739810113564,MODERATE,READ
5516.457621458242,MODERATE,UPDATE
5517.49453859037,MODERATE,READ
5517.808744392473,MODERATE,READ
5518.0660664050465,HIGH,READ
5518.960267607824,HIGH,UPDATE
5519.228528146315,HIGH,UPDATE
5519.656717652153,HIGH,READ
5521.57843345554,HIGH,UPDATE
5522.146884562417,HIGH,READ
5522.7021789676255,HIGH,UPDATE
5523.091235943563,HIGH,READ
5523.9681878494,HIGH,UPDATE
5524.06828953305,HIGH,READ
5524.313814944825,HIGH,READ
5525.539199787691,HIGH,READ
5525.603893735096,HIGH,READ
5526.287429847818,HIGH,READ
5526.454905633234,HIGH,UPDATE
5526.6719918142035,HIGH,READ
5527.18738061283,HIGH,READ
5527.9296435033075,HIGH,READ
5528.407646544466,HIGH,READ
5528.662560257833,HIGH,READ
5530.577083277514,HIGH,UPDATE
5530.875718175128,HIGH,READ
5532.157589888715,HIGH,READ
5532.4686162073285,HIGH,READ
5532.75719604656,HIGH,UPDATE
5534.139776694749,HIGH,READ
5535.007386180833,HIGH,READ
5538.277981084039,HIGH,UPDATE
5538.505026577013,HIGH,UPDATE
5540.850795371301,HIGH,READ
5542.362459528964,HIGH,READ
5542.952288715689,HIGH,READ
5543.107569337612,HIGH,READ
5544.455147683976,HIGH,UPDATE
5544.500749558071,HIGH,UPDATE
5545.441452621761,HIGH,READ
5545.792598613812,HIGH,UPDATE
5546.14947396796,HIGH,READ
5546.9752916122525,HIGH,UPDATE
5547.07346231164,HIGH,READ
5547.394058289306,HIGH,READ
5547.422825393499,HIGH,UPDATE
5548.6223580803,HIGH,READ
5549.168590029249,HIGH,READ
5549.186727886271,HIGH,READ
5549.389880720622,HIGH,UPDATE
5550.588035953282,HIGH,READ
5551.295220024746,HIGH,UPDATE
5551.655111381234,HIGH,READ
5552.43127778687,HIGH,READ
5552.516011322448,HIGH,READ
5555.964736186966,HIGH,READ
5556.877210942111,HIGH,READ
5557.433031619958,HIGH,UPDATE
5558.092265486434,HIGH,READ
5558.882246469114,HIGH,READ
5559.361258506048,HIGH,READ
5560.605350964188,HIGH,READ
5560.645545611367,HIGH,READ
5562.049771044372,HIGH,READ
5562.168637894488,HIGH,READ
5562.531230963927,HIGH,UPDATE
5562.824585770691,HIGH,READ
5563.327384500189,HIGH,UPDATE
5563.808232491634,HIGH,UPDATE
5563.943178601253,HIGH,READ
5564.874421301183,HIGH,READ
5566.247216640894,HIGH,UPDATE
5567.01726888353,HIGH,READ
5567.788330394479,HIGH,READ
5567.855491497419,HIGH,READ
5569.011082001554,HIGH,READ
5569.497858983607,HIGH,READ
5569.94012053634,HIGH,READ
5571.551280188485,HIGH,READ
5571.663208229913,HIGH,READ
5571.802387131627,HIGH,UPDATE
5572.436012512178,HIGH,UPDATE
5572.933223037522,HIGH,READ
5573.467212178229,HIGH,UPDATE
5573.547879368517,HIGH,READ
5573.600863737853,HIGH,UPDATE
5575.313720757777,HIGH,READ
5575.562618538253,HIGH,READ
5576.694938966138,HIGH,UPDATE
5577.30189199332,HIGH,UPDATE
5577.580971284034,HIGH,UPDATE
5577.6004254152895,HIGH,UPDATE
5577.768084628071,HIGH,UPDATE
5577.870464677527,HIGH,READ
5577.959747890776,HIGH,READ
5578.014325498712,HIGH,READ
5579.0360684903535,HIGH,READ
5580.029594017794,HIGH,UPDATE
5580.058558851681,HIGH,READ
5581.108760917866,HIGH,READ
5581.1494902821105,HIGH,READ
5581.343961474822,HIGH,READ
5582.078211723537,HIGH,UPDATE
5583.094853487988,HIGH,UPDATE
5583.248132107236,HIGH,UPDATE
5583.384331775012,HIGH,READ
5583.4477767312355,HIGH,UPDATE
5585.344205442417,HIGH,UPDATE
5585.6291788062,HIGH,READ
5586.092123350744,HIGH,UPDATE
5586.276681871497,HIGH,READ
5586.346260088339,HIGH,READ
5586.355648763896,HIGH,READ
5586.497404348856,HIGH,READ
5588.04362260305,HIGH,READ
5590.4660428309,HIGH,READ
5590.626588205783,HIGH,READ
5591.4466992188745,HIGH,READ
5592.040091523733,HIGH,READ
5594.149489749094,HIGH,READ
5594.441642793033,HIGH,READ
5594.602407558667,HIGH,READ
5594.68223162877,HIGH,UPDATE
5594.770198459519,HIGH,READ
5594.867585853919,HIGH,UPDATE
5595.680831311589,HIGH,READ
5595.708468721904,HIGH,READ
5595.790458370263,HIGH,READ
5596.401968355173,HIGH,READ
5598.893428166723,HIGH,READ
5599.431593339908,HIGH,READ
5600.7206243817955,HIGH,READ
5600.7687247283175,HIGH,UPDATE
5601.199156051617,HIGH,READ
5601.330885607774,HIGH,UPDATE
5601.781940202965,HIGH,READ
5602.166178376846,HIGH,READ
5602.225403492076,HIGH,READ
5602.566647922188,HIGH,READ
5602.638165159552,HIGH,UPDATE
5605.178210558471,HIGH,READ
5607.643019796243,HIGH,READ
5608.245534129818,HIGH,UPDATE
5608.332852219744,HIGH,UPDATE
5609.193994579312,HIGH,READ
5610.02732466482,HIGH,READ
5610.239852248254,HIGH,UPDATE
5610.928085876108,HIGH,READ
5611.358707295557,HIGH,READ
5611.704213417547,HIGH,READ
5611.922189727902,HIGH,UPDATE
5611.99840989783,HIGH,READ
5612.456882934848,HIGH,READ
5612.553265025149,HIGH,READ
5612.589465264629,HIGH,READ
5613.345156901827,HIGH,UPDATE
5613.666684628745,HIGH,READ
5613.777180437507,HIGH,READ
5613.844710467434,HIGH,READ
5614.773213245349,HIGH,UPDATE
5615.822373122534,HIGH,READ
5616.545696629014,HIGH,READ
5616.747935294771,HIGH,READ
5618.057118603287,HIGH,READ
5620.08959969338,HIGH,READ
5620.464821136569,HIGH,UPDATE
5620.787426234204,HIGH,READ
5621.102189180753,HIGH,READ
5621.124463717774,HIGH,READ
5622.436925470519,HIGH,READ
5623.253176740723,HIGH,READ
5623.349466287051,HIGH,UPDATE
5623.795044036339,HIGH,READ
5624.544381190148,HIGH,READ
5625.315295309003,HIGH,READ
5625.746024553754,HIGH,UPDATE
5626.217096195474,HIGH,READ
5626.672153138011,HIGH,UPDATE
5627.31186167086,HIGH,READ
5629.849791682946,HIGH,READ
5629.868825487432,HIGH,READ
5631.077892943607,HIGH,READ
5631.981237722642,HIGH,READ
5633.460943148693,HIGH,READ
5633.5292234501185,HIGH,READ
5633.824010149571,HIGH,READ
5634.545652418982,HIGH,READ
5635.241892038345,HIGH,READ
5636.8500769766915,HIGH,READ
5637.092555296088,HIGH,READ
5637.10582787138,HIGH,READ
5637.51774227667,HIGH,UPDATE
5638.077371650288,HIGH,UPDATE
5638.284098166256,HIGH,READ
5638.875235364879,HIGH,UPDATE
5639.191497631341,HIGH,READ
5639.758091892602,HIGH,UPDATE
5639.828374225255,HIGH,READ
5640.101323644206,HIGH,READ
5641.066497587213,HIGH,READ
5641.7025408958325,HIGH,READ
5642.084331098957,HIGH,READ
5643.3373333436775,HIGH,UPDATE
5644.560641577181,HIGH,READ
5644.786490019353,HIGH,READ
5648.5065357686135,HIGH,READ
5648.67722650178,HIGH,UPDATE
5648.741536144779,HIGH,UPDATE
5648.807886831915,HIGH,READ
5648.854313011566,HIGH,UPDATE
5649.284225226619,HIGH,READ
5650.342844979656,HIGH,READ
5650.582389661962,HIGH,UPDATE
5650.960548403388,HIGH,READ
5651.109374928573,HIGH,READ
5651.7631968798505,HIGH,READ
5652.724238724232,HIGH,READ
5652.736757751173,HIGH,UPDATE
5654.060530014197,HIGH,READ
5654.220174723632,HIGH,UPDATE
5655.12390956589,HIGH,READ
5656.968716247745,HIGH,READ
5657.604057943976,HIGH,UPDATE
5657.983174306199,HIGH,READ
5658.640193999273,HIGH,READ
5658.942186451721,HIGH,READ
5659.050903216848,HIGH,READ
5659.2889491119395,HIGH,READ
5659.544738326757,HIGH,UPDATE
5659.589136106203,HIGH,READ
5659.943652208131,HIGH,UPDATE
5660.63603811718,HIGH,READ
5661.248955557919,HIGH,READ
5661.329315712544,HIGH,READ
5661.5171922447935,HIGH,UPDATE
5661.933138319305,HIGH,READ
5662.3150961280235,HIGH,READ
5662.340233291629,HIGH,READ
5662.4380206565675,HIGH,READ
5663.522878777807,HIGH,READ
5663.6519233209,HIGH,UPDATE
5665.86414604458,HIGH,READ
5665.877552438423,HIGH,UPDATE
5665.935993769777,HIGH,READ
5667.2817928115255,HIGH,UPDATE
5667.630174434269,HIGH,READ
5668.344361783304,HIGH,READ
5670.256063557865,HIGH,UPDATE
5670.35704651878,HIGH,READ
5671.241090948617,HIGH,UPDATE
5671.733128122924,HIGH,UPDATE
5673.7259570421475,HIGH,UPDATE
5673.919354193859,HIGH,UPDATE
5674.100627252712,HIGH,READ
5675.196257861129,HIGH,READ
5675.781494201425,HIGH,READ
5676.701369089388,HIGH,READ
5677.067826422201,HIGH,READ
5677.196199013144,HIGH,UPDATE
5677.582120460316,HIGH,READ
5678.175675747443,HIGH,READ
5678.488696891397,HIGH,UPDATE
5678.742372834053,HIGH,READ
5679.507725339826,HIGH,UPDATE
5680.918094773255,HIGH,UPDATE
5681.218749775227,HIGH,UPDATE
5682.36702491592,HIGH,READ
5684.637265460539,HIGH,READ
5685.865152221847,HIGH,READ
5687.750251921816,HIGH,READ
5688.7868936298355,HIGH,READ
5689.323285731261,HIGH,READ
5691.444397086752,HIGH,READ
5692.559494140308,HIGH,READ
5693.904195701756,HIGH,UPDATE
5694.232057651694,HIGH,UPDATE
5694.564848477496,HIGH,UPDATE
5694.761573597326,HIGH,READ
5695.91487735815,HIGH,READ
5696.072351813271,HIGH,UPDATE
5697.72277803939,HIGH,READ
5699.133333878158,HIGH,UPDATE
5699.480908744831,HIGH,READ
5700.8230679570825,HIGH,UPDATE
5702.704202622229,HIGH,READ
5703.05931233187,HIGH,UPDATE
5703.901761220759,HIGH,UPDATE
5705.045854514847,HIGH,UPDATE
5705.845138638255,HIGH,READ
5706.13423391814,HIGH,READ
5707.253526128031,HIGH,UPDATE
5707.65604953871,HIGH,READ
5707.691719555863,HIGH,READ
5708.35483616072,HIGH,UPDATE
5708.452362331219,HIGH,READ
5709.112134448205,HIGH,READ
5709.1693415813015,HIGH,READ
5709.653626002237,HIGH,UPDATE
5710.837371817946,HIGH,UPDATE
5712.088744326138,HIGH,READ
5713.137617614905,HIGH,READ
5713.571476341236,HIGH,UPDATE
5713.772825855434,HIGH,READ
5714.9415772287075,HIGH,UPDATE
5715.089226958262,HIGH,READ
5715.223065334928,HIGH,UPDATE
5717.1537429658465,HIGH,UPDATE
5717.323230102676,HIGH,UPDATE
5719.033503461371,HIGH,READ
5719.690289005732,HIGH,UPDATE
5722.126673954822,HIGH,READ
5722.932130963274,HIGH,READ
5723.273832273199,HIGH,READ
5723.474711160996,HIGH,READ
5723.780537530584,HIGH,UPDATE
5723.8637556110725,HIGH,UPDATE
5724.244562634252,HIGH,UPDATE
5724.647630234712,HIGH,READ
5724.731726425601,HIGH,UPDATE
5724.872655136303,HIGH,UPDATE
5725.888534967127,HIGH,READ
5726.342902295448,HIGH,READ
5727.636429005411,HIGH,READ
5731.1968907684495,HIGH,READ
5731.950682225638,HIGH,READ
5732.300771787975,HIGH,READ
5732.529279869752,HIGH,READ
5733.170278504825,HIGH,UPDATE
5733.4779189103165,HIGH,READ
5733.886446984975,HIGH,READ
5733.981748787556,HIGH,READ
5734.769071634429,HIGH,READ
5735.602034503142,HIGH,UPDATE
5736.490168231285,HIGH,READ
5736.556920989044,HIGH,READ
5736.826760434505,HIGH,READ
5738.419048501962,HIGH,UPDATE
5740.287163901219,HIGH,UPDATE
5740.895084324921,HIGH,UPDATE
5740.9261377072,HIGH,READ
5741.570593778855,HIGH,READ
5741.905277654306,HIGH,READ
5744.201162712172,HIGH,READ
5744.780269745164,HIGH,READ
5745.247382305924,HIGH,UPDATE
5746.649307837145,HIGH,READ
5746.90379131886,HIGH,READ
5747.005733409255,HIGH,READ
5747.035844746126,HIGH,READ
5748.404661212347,HIGH,UPDATE
5749.3230782225155,HIGH,UPDATE
5749.544795255878,HIGH,UPDATE
5750.17756444355,HIGH,UPDATE
5750.381695329647,HIGH,READ
5751.869604623595,HIGH,READ
5755.346209877504,HIGH,UPDATE
5755.455548526991,HIGH,UPDATE
5756.169714225149,HIGH,UPDATE
5756.206174782902,HIGH,READ
5756.380297230157,HIGH,READ
5756.5812357582145,HIGH,UPDATE
5756.9635447533965,HIGH,UPDATE
5758.710295707487,HIGH,READ
5759.004205382895,HIGH,UPDATE
5759.446855956296,HIGH,READ
5760.693358328249,HIGH,UPDATE
5760.78135469886,HIGH,READ
5762.1321984679325,HIGH,READ
5762.255050114785,HIGH,READ
5762.467411529082,HIGH,UPDATE
5763.054818453029,HIGH,READ
5765.42970497968,HIGH,READ
5765.993574226076,HIGH,READ
5766.046872757324,HIGH,UPDATE
5766.800085933299,HIGH,UPDATE
5766.81762268985,HIGH,READ
5767.578578980954,HIGH,READ
5768.173528357445,HIGH,UPDATE
5769.382771866308,HIGH,READ
5769.439130512561,HIGH,UPDATE
5770.157434276929,HIGH,READ
5772.227821819362,HIGH,READ
5772.231703337599,HIGH,UPDATE
5772.94344730319,HIGH,UPDATE
5773.205392212392,HIGH,UPDATE
5774.0890329084195,HIGH,UPDATE
5774.650376146417,HIGH,READ
5774.68364757895,HIGH,READ
5774.94387184321,HIGH,READ
5774.992771567524,HIGH,UPDATE
5775.312959405228,HIGH,READ
5775.443644754326,HIGH,UPDATE
5776.78118235966,HIGH,READ
5778.056437326789,HIGH,READ
5779.064319843991,HIGH,READ
5779.995374081625,HIGH,READ
5780.0810525339175,HIGH,READ
5780.458562586944,HIGH,UPDATE
5780.706036263088,HIGH,READ
5780.79986432396,HIGH,READ
5781.989268375444,HIGH,READ
5782.437672162687,HIGH,UPDATE
5782.869074191701,HIGH,READ
5783.235764420418,HIGH,UPDATE
5784.3464167011225,HIGH,READ
5784.725982274814,HIGH,READ
5784.753501236167,HIGH,READ
5785.1686579591415,HIGH,READ
5785.941401876382,HIGH,READ
5786.397291996149,HIGH,READ
5786.893133566275,HIGH,READ
5787.276538448043,HIGH,UPDATE
5787.709434086007,HIGH,READ
5787.800583932574,HIGH,UPDATE
5789.028744048236,HIGH,READ
5789.2622379671,HIGH,READ
5789.315317762793,HIGH,READ
5789.39123567449,HIGH,READ
5789.457402829377,HIGH,READ
5790.0176943442575,HIGH,READ
5790.2138166329505,HIGH,READ
5790.680523403011,HIGH,READ
5791.402831801144,HIGH,READ
5791.536930079795,HIGH,READ
5791.594906561036,HIGH,UPDATE
5791.830453152177,HIGH,READ
5792.235097210424,HIGH,READ
5792.886871871665,HIGH,READ
5795.155396837169,HIGH,UPDATE
5795.293570191956,HIGH,READ
5796.209891314238,HIGH,READ
5797.578376586323,HIGH,READ
5798.087961148927,HIGH,READ
5798.170671664726,HIGH,READ
5798.6029403617995,HIGH,READ
5799.956862992077,HIGH,UPDATE
5800.570876658701,HIGH,READ
5801.213305184465,HIGH,UPDATE
5801.511589501162,HIGH,READ
5802.293009323766,HIGH,READ
5802.533327584248,HIGH,READ
5802.542642976585,HIGH,READ
5802.553318156141,HIGH,UPDATE
5803.859371964989,HIGH,READ
5804.556636090859,HIGH,READ
5804.938186791755,HIGH,READ
5805.97865524912,HIGH,READ
5806.2173132802045,HIGH,READ
5806.645602160387,HIGH,READ
5806.766701077216,HIGH,READ
5807.575148327528,HIGH,UPDATE
5808.000276351619,HIGH,UPDATE
5808.586957774867,HIGH,READ
5809.148722067608,HIGH,UPDATE
5809.183565055513,HIGH,READ
5809.847138836904,HIGH,UPDATE
5812.438267784891,HIGH,UPDATE
5813.328867158635,HIGH,READ
5813.8676133934405,HIGH,READ
5814.313245236331,HIGH,READ
5814.9093360068755,HIGH,READ
5815.6661894499175,HIGH,UPDATE
5816.11234830399,HIGH,UPDATE
5816.613302146494,HIGH,READ
5816.866354350996,HIGH,READ
5818.355540619632,HIGH,READ
5818.783004785231,HIGH,READ
5820.647204268057,HIGH,READ
5821.444352094373,HIGH,READ
5821.670813767824,HIGH,READ
5821.9517216875565,HIGH,READ
5822.117108236337,HIGH,UPDATE
5822.393263523895,HIGH,READ
5823.625344305908,HIGH,READ
5823.719074066662,HIGH,READ
5824.547515602133,HIGH,UPDATE
5825.741012329632,HIGH,READ
5826.625318499326,HIGH,UPDATE
5827.6974611370615,HIGH,UPDATE
5828.345757258396,HIGH,READ
5829.267967930496,HIGH,READ
5829.3601173721545,HIGH,READ
5829.980629062212,HIGH,READ
5830.339180741553,HIGH,UPDATE
5830.580451135232,HIGH,READ
5830.612579232535,HIGH,READ
5832.031141285898,HIGH,READ
5832.146271021297,HIGH,UPDATE
5833.645365211638,HIGH,READ
5833.6892202694125,HIGH,READ
5834.330014362757,HIGH,READ
5834.499165037552,HIGH,READ
5834.776502902867,HIGH,READ
5834.808370122865,HIGH,UPDATE
5835.0158901049,HIGH,READ
5835.796970397942,HIGH,READ
5836.535041016721,HIGH,UPDATE
5838.276553515146,HIGH,READ
5838.683817373358,HIGH,UPDATE
5838.762204211217,HIGH,READ
5839.390922664265,HIGH,UPDATE
5841.354072934345,HIGH,UPDATE
5841.382656666887,HIGH,READ
5842.045358405026,HIGH,UPDATE
5843.657997765298,HIGH,READ
5843.888321039862,HIGH,READ
5844.358328043719,HIGH,UPDATE
5844.428045806394,HIGH,READ
5844.699631289673,HIGH,READ
5845.958162969127,HIGH,READ
5846.316446988804,HIGH,UPDATE
5846.504084486147,HIGH,UPDATE
5846.782429521195,HIGH,READ
5846.84182074315,HIGH,READ
5847.779064397992,HIGH,READ
5848.508138119875,HIGH,READ
5849.441753038136,HIGH,READ
5849.614424046895,HIGH,UPDATE
5849.970042832944,HIGH,READ
5850.379295939942,HIGH,UPDATE
5851.4345171054765,HIGH,READ
5851.454660326948,HIGH,READ
5851.461326015357,HIGH,UPDATE
5853.378690008045,HIGH,READ
5853.6307241313,HIGH,UPDATE
5853.750400875694,HIGH,READ
5854.699572170711,HIGH,READ
5855.3833929033335,HIGH,UPDATE
5855.4230916668785,HIGH,READ
5856.256132605903,HIGH,READ
5856.745137631452,HIGH,READ
5857.087917123099,HIGH,READ
5857.625625942372,HIGH,READ
5858.530627843269,HIGH,UPDATE
5858.5359169243475,HIGH,READ
5859.03614035941,HIGH,UPDATE
5859.8394449158095,HIGH,READ
5859.992499044318,HIGH,READ
5861.027686727859,HIGH,READ
5861.824738744221,HIGH,UPDATE
5862.838910785484,HIGH,READ
5862.985423415174,HIGH,READ
5863.010537344504,HIGH,READ
5863.8714327382195,HIGH,UPDATE
5863.961220313749,HIGH,UPDATE
5864.183869888526,HIGH,READ
5864.718859322142,HIGH,READ
5865.662115647951,HIGH,READ
5865.6809740297185,HIGH,UPDATE
5866.279456153045,HIGH,READ
5867.271401950878,HIGH,UPDATE
5870.16428687209,HIGH,READ
5870.205498659102,HIGH,READ
5870.862931189929,HIGH,READ
5870.895537648527,HIGH,READ
5870.984367979732,HIGH,READ
5871.8744107215325,HIGH,READ
5874.588836099831,HIGH,UPDATE
5877.5954142190385,HIGH,READ
5879.093759856792,HIGH,READ
5879.60178940384,HIGH,READ
5879.889323883801,HIGH,READ
5880.913415589134,HIGH,UPDATE
5881.657458997902,HIGH,UPDATE
5882.146308952325,HIGH,READ
5882.411155106242,HIGH,READ
5883.564966686356,HIGH,READ
5883.633718198816,HIGH,UPDATE
5884.808923799955,HIGH,READ
5884.851731683437,HIGH,UPDATE
5885.282896131619,HIGH,READ
5885.590173328343,HIGH,READ
5886.181715533069,HIGH,READ
5886.516493760006,HIGH,READ
5886.977030118744,HIGH,READ
5887.363670973482,HIGH,UPDATE
5887.81196769924,HIGH,UPDATE
5888.969436171953,HIGH,READ
5889.060077336507,HIGH,UPDATE
5889.152447760797,HIGH,UPDATE
5890.478953910036,HIGH,READ
5890.638335861049,HIGH,READ
5891.55325378386,HIGH,UPDATE
5891.860570982815,HIGH,UPDATE
5892.474103842658,HIGH,READ
5892.559982798591,HIGH,READ
5892.587393422059,HIGH,READ
5892.896971628642,HIGH,UPDATE
5893.137867017827,HIGH,READ
5894.18213111687,HIGH,READ
5894.775919157722,HIGH,READ
5896.27372259307,HIGH,UPDATE
5896.435597622109,HIGH,UPDATE
5896.882918933082,HIGH,READ
5897.168723282975,HIGH,UPDATE
5897.529093364406,HIGH,READ
5898.085204736917,HIGH,UPDATE
5899.098724752313,HIGH,READ
5899.947448291861,HIGH,READ
5900.904301436282,HIGH,READ
5901.316248957621,HIGH,READ
5901.713686371756,HIGH,UPDATE
5901.975928414406,HIGH,UPDATE
5902.704021891105,HIGH,READ
5902.880713091692,HIGH,READ
5903.399841744503,HIGH,UPDATE
5904.8716200113695,HIGH,UPDATE
5905.563768412517,HIGH,UPDATE
5906.382631718016,HIGH,READ
5907.442907670399,HIGH,UPDATE
5907.9918122754825,HIGH,READ
5908.538152793108,HIGH,READ
5909.180939090684,HIGH,READ
5909.21715479098,HIGH,READ
5909.357138439888,HIGH,READ
5910.871611433607,HIGH,READ
5912.706089446541,HIGH,READ
5912.718860040999,HIGH,UPDATE
5912.90647159401,HIGH,UPDATE
5914.36393036861,HIGH,READ
5915.460367683513,HIGH,READ
5915.802918726292,HIGH,READ
5917.123129151644,HIGH,READ
5917.5061335465325,HIGH,READ
5918.815203313562,HIGH,READ
5919.013402349454,HIGH,READ
5919.083149270721,HIGH,READ
5919.186832549886,HIGH,READ
5919.249434277053,HIGH,READ
5919.598119044422,HIGH,READ
5920.233552610693,HIGH,READ
5920.251917380793,HIGH,READ
5920.581382375896,HIGH,READ
5920.936334810035,HIGH,READ
5921.250218156555,HIGH,UPDATE
5921.336172824214,HIGH,READ
5922.266083456431,HIGH,READ
5922.718885940248,HIGH,UPDATE
5923.0430273857,HIGH,READ
5923.084726016862,HIGH,READ
5923.433185904835,HIGH,READ
5923.782115187891,HIGH,READ
5925.230732038221,HIGH,READ
5927.437231887992,HIGH,READ
5927.625753370806,HIGH,READ
5928.651162680397,HIGH,READ
5928.999251019536,HIGH,READ
5929.672617253352,HIGH,READ
5931.9654558966195,HIGH,READ
5934.779123129779,HIGH,UPDATE
5935.2932469714,HIGH,READ
5936.90969404084,HIGH,READ
5936.910361747511,HIGH,READ
5938.089207260478,HIGH,READ
5940.474858338825,HIGH,READ
5942.281962227798,HIGH,READ
5942.88927840653,HIGH,UPDATE
5943.208134030221,HIGH,READ
5943.874957255533,HIGH,READ
5944.350970829375,HIGH,READ
5945.246928201648,HIGH,READ
5945.485319725963,HIGH,READ
5945.572801073434,HIGH,READ
5946.114807947764,HIGH,READ
5946.4918530955565,HIGH,READ
5948.596055925865,HIGH,READ
5949.360070288552,HIGH,READ
5949.562033850975,HIGH,UPDATE
5949.963894663196,HIGH,READ
5952.681117182043,HIGH,READ
5953.091660261194,HIGH,READ
5953.102328239492,HIGH,READ
5953.795469164567,HIGH,READ
5954.2269848653605,HIGH,UPDATE
5954.97158330817,HIGH,READ
5956.475818151327,HIGH,UPDATE
5957.434112361078,HIGH,READ
5958.466043807042,HIGH,READ
5958.519839114851,HIGH,READ
5959.7093661938125,HIGH,READ
5960.453027318529,HIGH,READ
5961.570012348787,HIGH,UPDATE
5961.865421424088,HIGH,READ
5962.839335221138,HIGH,READ
5962.844979968517,HIGH,READ
5964.680148209051,HIGH,READ
5964.847090182899,HIGH,READ
5965.0671441706445,HIGH,UPDATE
5965.362402988933,HIGH,READ
5965.996053116263,HIGH,READ
5966.839501789369,HIGH,READ
5967.293395497218,HIGH,READ
5967.5130989081235,HIGH,UPDATE
5968.331414563602,HIGH,READ
5968.476923875864,HIGH,UPDATE
5968.8131397242605,HIGH,UPDATE
5969.37439599951,HIGH,READ
5969.9093844455265,HIGH,READ
5970.46540842391,HIGH,READ
5971.020562874783,HIGH,READ
5971.112061846747,HIGH,READ
5971.312460355408,HIGH,READ
5971.484944102178,HIGH,READ
5972.501224170515,HIGH,READ
5973.256649263338,HIGH,UPDATE
5974.043890149016,HIGH,READ
5974.2382797755445,HIGH,READ
5974.641613780744,HIGH,UPDATE
5975.324506437345,HIGH,UPDATE
5975.360010476591,HIGH,UPDATE
5975.737743421343,HIGH,UPDATE
5975.951246285361,HIGH,READ
5976.37021880865,HIGH,READ
5977.318917776549,HIGH,UPDATE
5977.488457416276,HIGH,READ
5977.851680214171,HIGH,READ
5977.855128640288,HIGH,READ
5977.912028468054,HIGH,READ
5977.929161372407,HIGH,UPDATE
5980.47654020985,HIGH,READ
5980.528111353622,HIGH,READ
5980.647913272847,HIGH,READ
5981.303570123319,HIGH,READ
5981.739478051921,HIGH,UPDATE
5982.338004625105,HIGH,READ
5982.609284604998,HIGH,READ
5982.6853582867125,HIGH,READ
5982.963179143853,HIGH,READ
5983.233744386439,HIGH,UPDATE
5985.149982433153,HIGH,UPDATE
5985.794278455263,HIGH,UPDATE
5986.448784925858,HIGH,READ
5986.5083954292495,HIGH,READ
5986.531003596311,HIGH,READ
5987.785571224332,HIGH,READ
5987.876526988711,HIGH,UPDATE
5988.265360386497,HIGH,READ
5988.921356935086,HIGH,READ
5989.67592495566,HIGH,READ
5989.908884573481,HIGH,READ
5989.97604334763,HIGH,UPDATE
5990.152986341568,HIGH,READ
5990.871651887394,HIGH,READ
5991.194570883413,HIGH,UPDATE
5992.60773648204,HIGH,READ
5992.884359491427,HIGH,UPDATE
5993.902713773858,HIGH,READ
5994.167903892397,HIGH,READ
5994.24013955526,HIGH,READ
5994.28676210188,HIGH,UPDATE
5994.4302243783995,HIGH,READ
5995.106461027515,HIGH,READ
5995.470770959069,HIGH,UPDATE
5995.8628446136145,HIGH,READ
5996.925961505282,HIGH,READ
5997.174949732175,HIGH,READ
5999.31657001617,HIGH,UPDATE
5999.5650948516195,HIGH,UPDATE
6000.561001691356,HIGH,READ
6000.807097948678,HIGH,READ
6001.11388463631,HIGH,READ
6001.702519610022,HIGH,READ
6001.741870209665,HIGH,READ
6002.943783908357,HIGH,UPDATE
6003.309308705138,HIGH,READ
6003.458381064311,HIGH,UPDATE
6004.483944406959,HIGH,READ
6005.218743827388,HIGH,READ
6007.894163173479,HIGH,READ
6008.162288929027,HIGH,READ
6010.361350706533,HIGH,READ
6010.72300417251,HIGH,READ
6011.126797333834,HIGH,UPDATE
6011.1555360639095,HIGH,READ
6011.158005346124,HIGH,READ
6011.332485802704,HIGH,READ
6011.514583763357,HIGH,UPDATE
6013.547173595076,HIGH,READ
6014.445431412489,HIGH,READ
6014.5811918233185,HIGH,UPDATE
6014.881657563046,HIGH,READ
6014.90197578993,HIGH,READ
6015.130843929543,HIGH,READ
6015.71826532002,HIGH,UPDATE
6015.748197197585,HIGH,READ
6015.895149519848,HIGH,READ
6017.339251134334,HIGH,UPDATE
6017.6160771053055,HIGH,READ
6017.747192955898,HIGH,READ
6018.981029273662,HIGH,UPDATE
6018.995174115725,HIGH,READ
6019.3127073299875,HIGH,UPDATE
6019.391122786095,HIGH,UPDATE
6019.633754506033,HIGH,READ
6020.739113765055,HIGH,READ
6022.6277559129085,HIGH,UPDATE
6026.676180837353,HIGH,UPDATE
6028.080793027517,HIGH,READ
6028.1847863544735,HIGH,UPDATE
6029.240951974924,HIGH,READ
6029.557705035987,HIGH,READ
6030.167814551379,HIGH,UPDATE
6030.3547753532785,HIGH,READ
6030.992899130583,HIGH,READ
6031.504049509441,HIGH,UPDATE
6031.768730683087,HIGH,READ
6032.827220509533,HIGH,UPDATE
6034.098679234673,HIGH,UPDATE
6035.545415414681,HIGH,READ
6035.602024008991,HIGH,READ
6036.328133118028,HIGH,READ
6036.801816393544,HIGH,UPDATE
6037.4923757930555,HIGH,READ
6037.952593602422,HIGH,READ
6038.211491708486,HIGH,READ
6039.002049819246,HIGH,UPDATE
6039.457239888231,HIGH,READ
6039.798842323183,HIGH,UPDATE
6040.383527819425,HIGH,READ
6040.548763961909,HIGH,READ
6041.874766168669,HIGH,READ
6042.118287455261,HIGH,UPDATE
6042.683062192176,HIGH,UPDATE
6042.995446469947,HIGH,READ
6043.091614383205,HIGH,READ
6043.483545208972,HIGH,READ
6044.0681980202435,HIGH,READ
6044.715232091839,HIGH,READ
6045.135410851493,HIGH,READ
6046.223556011622,HIGH,READ
6046.544800816031,HIGH,READ
6046.7223338273225,HIGH,READ
6047.018914372164,HIGH,READ
6048.251572022529,HIGH,READ
6048.9394748427185,HIGH,UPDATE
6050.680749502588,HIGH,READ
6050.730097459922,HIGH,READ
6050.879115373818,HIGH,READ
6051.145345912552,HIGH,READ
6052.272317236988,HIGH,READ
6052.486214139631,HIGH,UPDATE
6056.627856219865,HIGH,UPDATE
6057.558438567718,HIGH,UPDATE
6059.181621816519,HIGH,READ
6059.418904492911,HIGH,UPDATE
6060.437870581479,HIGH,READ
6060.7848502144425,HIGH,READ
6061.4949205388175,HIGH,READ
6061.9740982169415,HIGH,UPDATE
6062.081880598914,HIGH,READ
6062.253467862343,HIGH,UPDATE
6062.682326256923,HIGH,READ
6063.710100126801,HIGH,UPDATE
6064.564747892565,HIGH,READ
6065.6112866208505,HIGH,READ
6065.749997275095,HIGH,UPDATE
6066.548086480013,HIGH,READ
6066.946610463866,HIGH,READ
6067.259626471861,HIGH,READ
6067.351201345664,HIGH,UPDATE
6067.357686893051,HIGH,UPDATE
6068.556066629536,HIGH,READ
6068.9182387028,HIGH,READ
6069.262542684846,HIGH,UPDATE
6069.776765102161,HIGH,READ
6069.792441197889,HIGH,UPDATE
6071.494372370812,HIGH,READ
6073.527656016141,HIGH,READ
6074.190201391069,HIGH,READ
6074.8142536588,HIGH,UPDATE
6077.428031005575,HIGH,READ
6077.758257491681,HIGH,READ
6077.897372236438,HIGH,READ
6078.459267454185,HIGH,READ
6079.960172689599,HIGH,READ
6080.033615659923,HIGH,READ
6080.0553385287185,HIGH,READ
6080.502424707153,HIGH,READ
6080.550440419794,HIGH,UPDATE
6080.772987369562,HIGH,READ
6081.491350996813,HIGH,READ
6081.530797453583,HIGH,READ
6081.656485226811,HIGH,UPDATE
6082.009214245254,HIGH,READ
6082.087460953765,HIGH,READ
6082.521173568789,HIGH,READ
6084.590003870095,HIGH,UPDATE
6084.6827933602135,HIGH,READ
6085.060118177611,HIGH,UPDATE
6085.489410246129,HIGH,READ
6087.35568583511,HIGH,READ
6087.821092178389,HIGH,READ
6088.035886881088,HIGH,READ
6088.1385255596415,HIGH,READ
6088.478228641475,HIGH,UPDATE
6088.975725488555,HIGH,UPDATE
6090.385022245204,HIGH,READ
6092.101692180812,MODERATE,UPDATE
6092.780799136341,MODERATE,UPDATE
6093.999538812587,MODERATE,UPDATE
6096.4866849983455,MODERATE,READ
6098.385488354693,MODERATE,UPDATE
6098.770538314824,MODERATE,READ
6103.375001032057,MODERATE,UPDATE
6104.59934556243,MODERATE,UPDATE
6105.004665910535,MODERATE,READ
6106.004936244257,MODERATE,UPDATE
6106.553008142679,MODERATE,UPDATE
6107.192802449199,MODERATE,READ
6107.883112952911,MODERATE,UPDATE
6110.2780608388575,MODERATE,UPDATE
6110.767957117098,MODERATE,READ
6120.524468240479,MODERATE,READ
6131.251836816907,MODERATE,READ
6131.474201813529,MODERATE,UPDATE
6132.263291129234,MODERATE,READ
6132.846046563618,MODERATE,READ
6134.08646272551,MODERATE,READ
6136.457980203756,MODERATE,UPDATE
6137.417782922308,MODERATE,UPDATE
6141.290518595329,MODERATE,READ
6141.312109441024,MODERATE,READ
6146.293242127978,MODERATE,READ
6149.055267020716,MODERATE,READ
6149.196620965134,MODERATE,READ
6149.7515395959135,MODERATE,UPDATE
6150.05378025497,MODERATE,UPDATE
6153.738570843077,MODERATE,READ
6153.775033468399,MODERATE,READ
6154.471723377241,MODERATE,READ
6155.463103215031,MODERATE,READ
6158.347470538926,MODERATE,READ
6158.68075237081,MODERATE,READ
6159.169161015144,MODERATE,READ
6161.417292800886,MODERATE,READ
6163.803637900307,MODERATE,UPDATE
6167.141077922602,MODERATE,READ
6169.661532469496,MODERATE,UPDATE
6170.652153646524,MODERATE,READ
6170.759831459817,MODERATE,READ
6173.720247810333,MODERATE,UPDATE
6179.0053501266575,MODERATE,READ
6179.550386247098,MODERATE,READ
6180.645651550657,MODERATE,UPDATE
6181.467964021797,MODERATE,READ
6183.67893244745,MODERATE,READ
6187.957928076656,MODERATE,UPDATE
6191.507150758635,MODERATE,READ
6191.872707493033,MODERATE,READ
6192.100577006936,MODERATE,READ
6193.751896870024,MODERATE,READ
6194.216061928856,MODERATE,READ
6199.807309226187,MODERATE,READ
6200.288346447334,MODERATE,READ
6200.669751343081,MODERATE,READ
6201.4300485907825,MODERATE,READ
6202.657892414105,MODERATE,READ
6206.0336092796315,MODERATE,READ
6206.95444459849,MODERATE,READ
6207.447680602202,MODERATE,READ
6209.274615526731,MODERATE,UPDATE
6209.48937082386,MODERATE,READ
6218.808895498879,MODERATE,UPDATE
6219.185073678166,MODERATE,UPDATE
6221.0169909779725,MODERATE,UPDATE
6223.400521985994,MODERATE,READ
6230.578000471988,MODERATE,READ
6231.385074051053,MODERATE,READ
6235.692835897068,MODERATE,READ
6239.507906806111,MODERATE,READ
6240.324159753289,MODERATE,READ
6242.0832911795,MODERATE,READ
6244.129885018823,MODERATE,READ
6245.900770673638,MODERATE,UPDATE
6246.430280264357,MODERATE,READ
6250.972054442137,MODERATE,READ
6253.6502141472765,MODERATE,UPDATE
6255.584152201746,MODERATE,READ
6256.5226356520625,MODERATE,READ
6256.85160816806,MODERATE,READ
6256.928895895545,MODERATE,UPDATE
6258.75187638395,MODERATE,UPDATE
6261.440305983893,MODERATE,READ
6262.092116553217,MODERATE,READ
6264.95046919083,MODERATE,READ
6272.544958545814,MODERATE,READ
6273.225592073008,MODERATE,READ
6276.979375277238,MODERATE,READ
6277.534176120978,MODERATE,READ
6282.276590566887,MODERATE,READ
6282.84752774734,MODERATE,READ
6285.389906682358,MODERATE,READ
6286.350777329477,MODERATE,READ
6287.518863894176,MODERATE,READ
6291.597256445854,MODERATE,READ
6292.024795315958,MODERATE,READ
6292.3300070885925,MODERATE,READ
6292.522498986923,MODERATE,READ
6296.080827772939,MODERATE,UPDATE
6296.620014771261,MODERATE,READ
6299.20190389743,MODERATE,READ
6301.75982659513,MODERATE,READ
6302.148053423434,MODERATE,READ
6302.81998624463,MODERATE,READ
6304.839013175081,MODERATE,READ
6307.879020603775,MODERATE,READ
6315.07017776551,MODERATE,READ
6315.437461112504,MODERATE,READ
6316.845038532225,MODERATE,UPDATE
6319.701976942963,MODERATE,UPDATE
6322.857454322347,MODERATE,READ
6323.818109597473,MODERATE,UPDATE
6326.662850886201,MODERATE,UPDATE
6328.471493004369,MODERATE,READ
6331.065484598871,MODERATE,READ
6332.311425894837,MODERATE,READ
6333.251903240359,MODERATE,READ
6333.401220271636,MODERATE,READ
6334.668180588113,MODERATE,READ
6335.088698949486,MODERATE,READ
6336.477794506063,MODERATE,UPDATE
6337.830192606655,MODERATE,UPDATE
6343.466536180835,MODERATE,UPDATE
6344.400615904567,MODERATE,READ
6346.44975313504,MODERATE,READ
6347.500912954644,MODERATE,READ
6352.592858528254,MODERATE,READ
6354.260477107616,MODERATE,READ
6355.4069359855785,MODERATE,READ
6360.292608186299,MODERATE,UPDATE
6361.717710083908,MODERATE,READ
6364.0503538776065,MODERATE,READ
6366.155183899332,MODERATE,UPDATE
6368.816253970529,MODERATE,READ
6368.886488010091,MODERATE,UPDATE
6370.880149002017,MODERATE,READ
6373.27130807146,MODERATE,READ
6373.877117976936,MODERATE,READ
6376.162663202598,MODERATE,READ
6378.006020277422,MODERATE,UPDATE
6381.69022228856,MODERATE,READ
6384.638045932985,MODERATE,READ
6389.6130544485295,MODERATE,READ
6391.377608226579,MODERATE,UPDATE
6392.839460196539,MODERATE,READ
6393.939095103776,MODERATE,UPDATE
6394.522130569911,MODERATE,READ
6401.38648098672,MODERATE,READ
6402.351568396576,MODERATE,READ
6403.412295542114,MODERATE,UPDATE
6406.013645362418,MODERATE,READ
6408.035838807613,MODERATE,UPDATE
6408.880225745045,MODERATE,READ
6411.642680763291,MODERATE,UPDATE
6412.657577495191,MODERATE,READ
6421.347115211595,MODERATE,UPDATE
6421.350274861297,MODERATE,READ
6423.733814702993,MODERATE,READ
6425.859462651406,MODERATE,UPDATE
6426.233650720052,MODERATE,READ
6428.668761290836,MODERATE,READ
6429.070508866618,MODERATE,UPDATE
6430.268587164702,MODERATE,UPDATE
6430.679287856146,MODERATE,READ
6431.082857908787,MODERATE,UPDATE
6431.683317283843,MODERATE,UPDATE
6432.734493399571,MODERATE,READ
6434.6930687141585,MODERATE,UPDATE
6435.056414966554,MODERATE,READ
6436.0051726601805,MODERATE,READ
6436.842735164851,MODERATE,READ
6438.142516404536,MODERATE,READ
6438.355036338097,MODERATE,READ
6441.142066646779,MODERATE,READ
6442.888746808953,MODERATE,UPDATE
6443.092462016023,MODERATE,READ
6443.107038922847,MODERATE,READ
6451.776843007559,MODERATE,UPDATE
6457.157117632247,MODERATE,READ
6457.979168613797,MODERATE,READ
6458.9057335388825,MODERATE,UPDATE
6473.8993059094455,MODERATE,UPDATE
6479.55943810214,MODERATE,READ
6479.876448709584,HIGH,READ
6480.169850008339,HIGH,READ
6480.240221744751,HIGH,READ
6481.039121440424,HIGH,UPDATE
6482.498450445316,HIGH,READ
6483.112500511855,HIGH,UPDATE
6483.331010377779,HIGH,READ
6484.456129890807,HIGH,READ
6485.098300399819,HIGH,READ
6485.528125033545,HIGH,READ
6485.66690824212,HIGH,UPDATE
6487.7731489474445,HIGH,UPDATE
6487.784329040865,HIGH,READ
6487.815551758311,HIGH,UPDATE
6488.078099067801,HIGH,READ
6488.700327625759,HIGH,READ
6489.332512805346,HIGH,READ
6489.704826095679,HIGH,UPDATE
6491.485757927445,HIGH,UPDATE
6492.78283139121,HIGH,UPDATE
6493.666367166059,HIGH,READ
6493.811039567828,HIGH,READ
6494.300427951122,HIGH,READ
6495.59611545372,HIGH,READ
6495.687320034094,HIGH,UPDATE
6495.926388668318,HIGH,READ
6496.456872913831,HIGH,UPDATE
6496.57953048948,HIGH,READ
6496.661486992842,HIGH,READ
6496.845236248563,HIGH,READ
6497.778162792892,HIGH,READ
6497.840620456819,HIGH,READ
6498.679256768339,HIGH,READ
6500.442333952874,HIGH,UPDATE
6501.411503816352,HIGH,READ
6501.610107512846,HIGH,READ
6503.128773292081,HIGH,READ
6503.226040387415,HIGH,READ
6504.0877018876945,HIGH,READ
6504.8723393689725,HIGH,UPDATE
6506.6623505986645,HIGH,UPDATE
6507.274344416724,HIGH,READ
6507.589827969559,HIGH,UPDATE
6508.477705035994,HIGH,READ
6509.162710246418,HIGH,READ
6510.455324717782,HIGH,UPDATE
6510.6240074552925,HIGH,READ
6510.685184019719,HIGH,READ
6511.584725091324,HIGH,UPDATE
6512.494720988408,HIGH,READ
6512.800354237231,HIGH,UPDATE
6514.854092044344,HIGH,READ
6514.855211978816,HIGH,READ
6515.366555696204,HIGH,UPDATE
6517.969573086349,HIGH,READ
6518.272351638307,HIGH,READ
6519.333958453758,HIGH,READ
6519.947520472486,HIGH,READ
6520.282882666635,HIGH,READ
6520.694418002532,HIGH,READ
6522.602934300695,HIGH,UPDATE
6523.0648093450955,HIGH,READ
6523.678116673788,HIGH,READ
6524.4078981230605,HIGH,UPDATE
6525.217172385724,HIGH,READ
6525.463477947587,HIGH,UPDATE
6525.55132962592,HIGH,UPDATE
6526.368631967689,HIGH,READ
6527.5448084763575,HIGH,READ
6528.356722156709,HIGH,READ
6531.003962302437,HIGH,READ
6532.177022732355,HIGH,READ
6533.056507349161,HIGH,UPDATE
6533.860061864385,HIGH,READ
6535.197185101867,HIGH,READ
6535.642827531405,HIGH,READ
6538.416037007839,HIGH,READ
6539.674230406268,HIGH,UPDATE
6540.203528273469,HIGH,READ
6540.958787702627,HIGH,UPDATE
6541.903879166777,HIGH,READ
6542.40417700653,HIGH,READ
6543.19882115646,HIGH,READ
6544.491951184532,HIGH,READ
6544.585483099134,HIGH,UPDATE
6545.164426104776,HIGH,UPDATE
6546.42832761119,HIGH,UPDATE
6546.83607901349,HIGH,READ
6546.93473955364,HIGH,READ
6547.164082758626,HIGH,READ
6547.328132806367,HIGH,UPDATE
6548.21428584695,HIGH,READ
6549.077267259038,HIGH,READ
6549.833394723055,HIGH,UPDATE
6549.939865245257,HIGH,UPDATE
6550.31124085251,HIGH,UPDATE
6552.046902221191,HIGH,READ
6554.484091296038,HIGH,READ
6554.520023904599,HIGH,UPDATE
6555.220091641829,HIGH,READ
6557.551757091024,HIGH,READ
6557.896760116254,HIGH,READ
6558.080468805383,HIGH,READ
6558.856936238645,HIGH,UPDATE
6559.562166612247,HIGH,READ
6560.346826376162,HIGH,UPDATE
6561.063134911802,HIGH,UPDATE
6562.397607490741,HIGH,READ
6562.612195260805,HIGH,READ
6562.917392156848,HIGH,READ
6562.974893502659,HIGH,READ
6563.711566393143,HIGH,READ
6563.727097072229,HIGH,READ
6564.293834707921,HIGH,READ
6565.205769192384,HIGH,UPDATE
6565.338961954633,HIGH,READ
6566.0286299109275,HIGH,READ
6566.593486639162,HIGH,READ
6566.637222601209,HIGH,UPDATE
6567.694451013913,HIGH,READ
6568.811744809532,HIGH,READ
6569.3531222960655,HIGH,READ
6570.468027489781,HIGH,READ
6570.955815789664,HIGH,READ
6571.789740232817,HIGH,UPDATE
6571.878067677171,HIGH,UPDATE
6574.126105954353,HIGH,UPDATE
6574.258946777206,HIGH,READ
6574.391196637821,HIGH,READ
6575.46586734882,HIGH,READ
6575.557802056887,HIGH,READ
6575.674998866288,HIGH,READ
6576.946221794062,HIGH,READ
6579.551855882983,HIGH,READ
6579.853098927239,HIGH,READ
6580.219766908495,HIGH,UPDATE
6580.219823953815,HIGH,READ
6582.168326300235,HIGH,READ
6583.186289692776,HIGH,READ
6583.578718725818,HIGH,READ
6584.370569610089,HIGH,READ
6587.217298507352,HIGH,READ
6587.732394457641,HIGH,READ
6587.8019012283885,HIGH,UPDATE
6587.982320417724,HIGH,READ
6588.219826846981,HIGH,UPDATE
6590.324119771697,HIGH,READ
6590.4863845976,HIGH,READ
6590.578071508493,HIGH,READ
6590.629584522457,HIGH,READ
6590.950194281998,HIGH,UPDATE
6591.290810673978,HIGH,READ
6591.486324128193,HIGH,READ
6592.276894671891,HIGH,READ
6592.325675286841,HIGH,UPDATE
6595.907597546035,HIGH,READ
6596.050244234353,HIGH,READ
6596.764212587842,HIGH,UPDATE
6597.383365590741,HIGH,READ
6597.494455543929,HIGH,UPDATE
6597.873457303446,HIGH,READ
6598.4903571419845,HIGH,READ
6598.579089541527,HIGH,READ
6599.109015760079,HIGH,READ
6599.790445356133,HIGH,READ
6600.060939468875,HIGH,READ
6601.415242484418,HIGH,READ
6601.421850682782,HIGH,READ
6603.732842505247,HIGH,READ
6603.806798912177,HIGH,UPDATE
6603.935638110639,HIGH,UPDATE
6604.179688441294,HIGH,UPDATE
6604.628086434541,HIGH,READ
6605.431748041749,HIGH,UPDATE
6605.96637521816,HIGH,READ
6607.478950268758,HIGH,READ
6609.431127783731,HIGH,READ
6609.713383803374,HIGH,UPDATE
6612.008069299053,HIGH,READ
6612.6100179168225,HIGH,UPDATE
6613.041957741145,HIGH,READ
6613.048319646071,HIGH,READ
6613.160986459458,HIGH,READ
6613.478388631174,HIGH,UPDATE
6613.5145974612105,HIGH,UPDATE
6615.960644673153,HIGH,UPDATE
6616.151643524429,HIGH,READ
6616.96954696576,HIGH,READ
6619.827177381171,HIGH,UPDATE
6620.292254474892,HIGH,READ
6620.664391593139,HIGH,UPDATE
6622.085655041263,HIGH,UPDATE
6622.328397144617,HIGH,UPDATE
6624.292449574163,HIGH,READ
6624.54247497996,HIGH,READ
6624.597682296628,HIGH,UPDATE
6626.529686228241,HIGH,READ
6626.569103220591,HIGH,UPDATE
6627.107632974406,HIGH,READ
6628.490485366114,HIGH,UPDATE
6628.858231491145,HIGH,READ
6629.733092089756,HIGH,READ
6630.215512138392,HIGH,UPDATE
6631.675495950679,HIGH,READ
6632.022153646204,HIGH,READ
6633.634049234193,HIGH,UPDATE
6634.468931447939,HIGH,UPDATE
6635.392242816316,HIGH,READ
6636.28768969708,HIGH,UPDATE
6637.443463515539,HIGH,UPDATE
6637.944138433412,HIGH,READ
6638.567402846037,HIGH,UPDATE
6639.315710129624,HIGH,UPDATE
6639.809924801182,HIGH,READ
6639.861987365511,HIGH,UPDATE
6640.342585802765,HIGH,UPDATE
6640.708873663924,HIGH,READ
6641.020381204676,HIGH,READ
6642.656336812372,HIGH,READ
6643.172747982006,HIGH,UPDATE
6643.256355067131,HIGH,READ
6643.488018953157,HIGH,READ
6644.381024923921,HIGH,READ
6644.544501138729,HIGH,READ
6646.347652728691,HIGH,READ
6647.512409040115,HIGH,READ
6647.926984573136,HIGH,READ
6648.3736187205395,HIGH,READ
6649.010878828984,HIGH,READ
6649.302072001396,HIGH,READ
6650.774779228027,HIGH,READ
6651.066632658439,HIGH,READ
6651.518209072745,HIGH,READ
6651.999677355853,HIGH,READ
6652.087817075315,HIGH,READ
6652.200593719449,HIGH,READ
6652.371464688034,HIGH,READ
6652.608567334065,HIGH,READ
6652.742644340961,HIGH,UPDATE
6652.819356734354,HIGH,READ
6654.038405827101,HIGH,READ
6654.329439120251,HIGH,READ
6654.626169272961,HIGH,UPDATE
6654.7736533817115,HIGH,READ
6654.801046059827,HIGH,READ
6655.709233361523,HIGH,UPDATE
6655.825717015836,HIGH,READ
6656.260764741196,HIGH,READ
6656.4667469348915,HIGH,READ
6656.999268643329,HIGH,UPDATE
6657.834526197488,HIGH,READ
6658.798252119921,HIGH,UPDATE
6659.262832967567,HIGH,UPDATE
6660.497439819279,HIGH,READ
6660.5749288983725,HIGH,READ
6660.589181645138,HIGH,READ
6661.0512810074115,HIGH,UPDATE
6661.231180086178,HIGH,READ
6661.510356521877,HIGH,UPDATE
6662.401852183254,HIGH,READ
6662.629678426107,HIGH,READ
6663.583593742308,HIGH,READ
6663.693900005911,HIGH,READ
6663.885214254966,HIGH,UPDATE
6665.216099360266,HIGH,UPDATE
6665.4055398762475,HIGH,UPDATE
6665.552980603996,HIGH,UPDATE
6666.659967985359,HIGH,UPDATE
6667.1251853163085,HIGH,READ
6670.391695461371,HIGH,READ
6671.062646527339,HIGH,READ
6671.157249474286,HIGH,READ
6674.2544939779555,HIGH,UPDATE
6674.62492988234,HIGH,READ
6674.688489318124,HIGH,READ
6675.037197431436,HIGH,READ
6675.706023035883,HIGH,READ
6675.9791837118555,HIGH,READ
6676.4545648774865,HIGH,READ
6676.696446449327,HIGH,READ
6676.915964119421,HIGH,READ
6677.276905673173,HIGH,READ
6677.309388593337,HIGH,READ
6677.345080985997,HIGH,UPDATE
6677.503900119984,HIGH,READ
6679.098046340651,HIGH,READ
6679.234293587136,HIGH,UPDATE
6679.535559259689,HIGH,READ
6679.60349781944,HIGH,READ
6680.13846103893,HIGH,UPDATE
6680.406652879937,HIGH,UPDATE
6680.7056218486305,HIGH,UPDATE
6681.207358094823,HIGH,READ
6681.907712713948,HIGH,READ
6682.230771675991,HIGH,UPDATE
6682.323985116061,HIGH,UPDATE
6682.409475862672,HIGH,READ
6684.031095820814,HIGH,READ
6684.171933476743,HIGH,UPDATE
6685.90324330192,HIGH,READ
6686.430532819021,HIGH,READ
6687.292039565124,HIGH,UPDATE
6687.442469948417,HIGH,UPDATE
6687.472336480239,HIGH,READ
6688.005409692828,HIGH,READ
6689.4028654609565,HIGH,UPDATE
6690.984976713556,HIGH,UPDATE
6692.48695469104,HIGH,READ
6693.329261721036,HIGH,UPDATE
6693.376001548059,HIGH,READ
6695.161652711169,HIGH,READ
6695.176397845441,HIGH,READ
6695.971766777232,HIGH,READ
6696.002773612057,HIGH,READ
6697.057290917041,HIGH,READ
6697.957176380586,HIGH,READ
6698.726651426381,HIGH,UPDATE
6701.099451484396,HIGH,READ
6702.025591332687,HIGH,READ
6703.0331100259755,HIGH,READ
6703.244283143745,HIGH,READ
6703.360521160118,HIGH,READ
6704.155924206831,HIGH,UPDATE
6705.19841278693,HIGH,READ
6706.018519079256,HIGH,READ
6706.259558094321,HIGH,READ
6707.080807516104,HIGH,READ
6707.205918671498,HIGH,READ
6707.387314168297,HIGH,READ
6707.494202481753,HIGH,UPDATE
6709.241334679189,HIGH,READ
6710.28374187409,HIGH,READ
6710.474648793228,HIGH,UPDATE
6710.984546874356,HIGH,READ
6711.269137373657,HIGH,READ
6711.5762200502395,HIGH,READ
6712.391117578288,HIGH,READ
6713.2447312480845,HIGH,READ
6713.87500849162,HIGH,READ
6713.914320751433,HIGH,UPDATE
6715.072243271418,HIGH,READ
6717.31152821255,HIGH,READ
6719.685882756295,HIGH,READ
6722.25387041149,HIGH,UPDATE
6723.264845827508,HIGH,READ
6724.177855880742,HIGH,READ
6724.885062573352,HIGH,UPDATE
6725.555700644278,HIGH,READ
6726.687323025425,HIGH,READ
6726.896029273942,HIGH,READ
6727.995275970753,HIGH,UPDATE
6728.108061360407,HIGH,READ
6728.9718426711925,HIGH,READ
6730.521512686334,HIGH,READ
6730.655044972661,HIGH,READ
6731.977082854018,HIGH,READ
6732.426657192652,HIGH,UPDATE
6733.121915195604,HIGH,READ
6733.240471208524,HIGH,READ
6733.574605196029,HIGH,READ
6733.6225944606595,HIGH,READ
6733.810176987959,HIGH,UPDATE
6736.156503649548,HIGH,READ
6736.655298195008,HIGH,UPDATE
6737.75544621211,HIGH,READ
6738.071855845695,HIGH,READ
6739.239813528117,HIGH,UPDATE
6739.929266671964,HIGH,READ
6740.119583406774,HIGH,READ
6740.2221782423,HIGH,READ
6740.231237452417,HIGH,UPDATE
6742.338586950198,HIGH,READ
6743.226789913485,HIGH,READ
6744.046216152482,HIGH,READ
6744.482712777752,HIGH,READ
6744.8744286739775,HIGH,READ
6745.143163594703,HIGH,READ
6745.1814950899725,HIGH,READ
6745.83981526557,HIGH,READ
6747.001508773966,HIGH,READ
6747.2361930850475,HIGH,READ
6748.443420199504,HIGH,READ
6750.06496524249,HIGH,READ
6750.436369207975,HIGH,READ
6751.146548024697,HIGH,READ
6752.5544699920665,HIGH,READ
6753.99186815352,HIGH,UPDATE
6754.071364058545,HIGH,READ
6754.149154890459,HIGH,READ
6756.229249059186,HIGH,READ
6756.8667979733655,HIGH,READ
6758.578870800697,HIGH,UPDATE
6760.085134943972,HIGH,READ
6760.21586650452,HIGH,READ
6760.8260797814755,HIGH,READ
6760.934598333843,HIGH,READ
6761.1738725974965,HIGH,UPDATE
6761.459407551384,HIGH,READ
6763.112562434517,HIGH,READ
6764.913429463107,HIGH,UPDATE
6765.741689688756,HIGH,READ
6765.743143783266,HIGH,UPDATE
6765.8504262305705,HIGH,READ
6766.107785582043,HIGH,READ
6766.959635787367,HIGH,UPDATE
6767.393579550874,HIGH,READ
6767.968498024728,HIGH,UPDATE
6768.186091247893,HIGH,READ
6771.688535106616,HIGH,READ
6772.012642640238,HIGH,READ
6772.380213383931,HIGH,READ
6772.736440397764,HIGH,UPDATE
6773.006882294604,HIGH,UPDATE
6773.714338432562,HIGH,READ
6774.075951006915,HIGH,READ
6774.584669401436,HIGH,READ
6775.733089478809,HIGH,READ
6776.312955008328,HIGH,READ
6776.88792648196,HIGH,READ
6777.807561030801,HIGH,UPDATE
6777.986315600652,HIGH,READ
6781.386540760419,HIGH,READ
6781.931402739591,HIGH,UPDATE
6783.62279890513,HIGH,READ
6783.9093186561,HIGH,UPDATE
6785.253116755597,HIGH,UPDATE
6785.4858688821205,HIGH,READ
6786.765501415773,HIGH,UPDATE
6811.178676594144,LOW,READ
6828.770929963884,LOW,READ
6830.253625356562,LOW,UPDATE
6842.426328820621,LOW,READ
6842.693330629338,LOW,UPDATE
6847.340454853637,LOW,UPDATE
6858.2096832383595,LOW,READ
6876.376591805832,LOW,UPDATE
6876.68309880999,LOW,READ
6877.505978408952,LOW,READ
6885.926700728424,LOW,UPDATE
6887.548563810492,LOW,READ
6901.157089019771,LOW,UPDATE
6913.149062122814,LOW,READ
6918.451227696239,LOW,READ
6933.6562032795955,LOW,READ
6937.035703547594,LOW,READ
6958.335235363158,LOW,READ
6972.243599133037,LOW,READ
6972.352869730382,LOW,UPDATE
6983.744198769582,LOW,UPDATE
6991.822058643178,LOW,UPDATE
7016.973684030492,LOW,READ
7029.3301357433975,LOW,READ
7031.035654312091,LOW,UPDATE
7038.406666827109,LOW,UPDATE
7039.7435049384,LOW,READ
7049.394212610345,LOW,READ
7051.42386976925,LOW,UPDATE
7059.6176492271425,LOW,UPDATE
7076.57626215582,LOW,READ
7080.333233109152,LOW,READ
7097.892544286959,LOW,READ
7114.155295985653,LOW,READ
7116.321079844602,LOW,READ
7117.1311044380445,LOW,READ
7135.8787729566975,LOW,READ
7139.194512524809,LOW,READ
7139.870014157074,LOW,READ
7153.997278068426,LOW,READ
7162.020012003531,LOW,READ
7162.349033808782,LOW,READ
7199.926248617331,LOW,READ
