scheduler_mode,repetition,run_type,query,job_id,stage_id,task_id,launch_time,finish_time,duration_ms,cpu_time_ms,gc_time_ms,input_bytes,shuffle_read_bytes,shuffle_write_bytes
FAIR,0,baseline,Q1,0,0,6,1788178286109,1788178288479,2370,1405.71,137,2744914,0,845
FAIR,0,baseline,Q1,0,0,5,1788178286107,1788178290267,4160,2941.13,188,10981748,0,840
FAIR,0,baseline,Q1,0,0,3,1788178286104,1788178290267,4163,2866.08,188,10982658,0,844
FAIR,0,baseline,Q1,0,0,2,1788178286103,1788178290268,4165,2920.09,188,10981694,0,840
FAIR,0,baseline,Q1,0,0,0,1788178286080,1788178290304,4224,2908.27,188,10981126,0,841
FAIR,0,baseline,Q1,0,0,1,1788178286101,1788178290311,4210,2876.36,188,10980258,0,840
FAIR,0,baseline,Q1,0,0,4,1788178286106,1788178290341,4235,2920.64,188,10981092,0,819
FAIR,0,baseline,Q1,1,2,7,1788178290677,1788178290827,150,89.05,0,0,5869,0
FAIR,0,baseline,Q1,2,4,8,1788178290865,1788178290909,44,20.26,0,0,5869,844
FAIR,0,baseline,Q1,3,7,9,1788178290978,1788178291050,72,43.32,0,0,844,0
FAIR,0,baseline,Q1,4,8,16,1788178293106,1788178293558,452,324.47,11,3269202,0,1965203
FAIR,0,baseline,Q1,4,8,11,1788178293101,1788178294112,1011,718.88,11,13077410,0,7743802
FAIR,0,baseline,Q1,4,8,13,1788178293103,1788178294123,1020,724.32,11,13079810,0,7735803
FAIR,0,baseline,Q1,4,8,12,1788178293102,1788178294129,1027,749.72,11,13078846,0,7738331
FAIR,0,baseline,Q1,4,8,10,1788178293096,1788178294131,1035,716.96,11,13078278,0,7750473
FAIR,0,baseline,Q1,4,8,14,1788178293104,1788178294143,1039,726.56,11,13078244,0,7738877
FAIR,0,baseline,Q1,4,8,15,1788178293105,1788178294144,1039,718.97,11,13078900,0,7743364
FAIR,0,baseline,Q1,5,9,17,1788178293119,1788178293295,176,74.67,11,1484824,0,0
FAIR,0,baseline,Q3,6,10,18,1788178293510,1788178294137,627,468.10,0,11640628,0,1604055
FAIR,0,baseline,Q3,7,12,19,1788178294193,1788178294414,221,59.92,0,0,1604055,0
FAIR,0,baseline,Q3,8,14,32,1788178294658,1788178295034,376,272.90,0,0,2929089,0
FAIR,0,baseline,Q3,8,14,22,1788178294656,1788178295086,430,273.78,0,0,2899714,0
FAIR,0,baseline,Q3,8,14,33,1788178294659,1788178295088,429,273.16,0,0,2941007,0
FAIR,0,baseline,Q3,8,14,35,1788178294659,1788178295103,444,264.37,0,0,2897449,0
FAIR,0,baseline,Q3,8,14,28,1788178294658,1788178295118,460,274.84,0,0,2908811,0
FAIR,0,baseline,Q3,8,14,27,1788178294657,1788178295129,472,286.13,0,0,2910947,0
FAIR,0,baseline,Q3,8,14,31,1788178294658,1788178295133,475,268.69,0,0,2888143,0
FAIR,0,baseline,Q3,8,14,34,1788178294659,1788178295135,476,244.98,0,0,2925625,0
FAIR,0,baseline,Q3,8,14,20,1788178294655,1788178295137,482,239.77,0,0,2898550,0
FAIR,0,baseline,Q3,8,14,26,1788178294657,1788178295139,482,271.93,0,0,2886189,0
FAIR,0,baseline,Q3,8,14,21,1788178294656,1788178295139,483,214.54,0,0,2919240,0
FAIR,0,baseline,Q3,8,14,29,1788178294658,1788178295140,482,212.19,0,0,2895551,0
FAIR,0,baseline,Q3,8,14,25,1788178294657,1788178295142,485,216.14,0,0,2895639,0
FAIR,0,baseline,Q3,8,14,23,1788178294656,1788178295143,487,263.89,0,0,2887662,0
FAIR,0,baseline,Q3,8,14,24,1788178294657,1788178295151,494,205.61,0,0,2898701,0
FAIR,0,baseline,Q3,8,14,36,1788178295025,1788178295157,132,85.45,0,0,1923841,0
FAIR,0,baseline,Q3,8,14,30,1788178294658,1788178295160,502,164.13,0,0,2909695,0
FAIR,0,baseline,Q3,9,15,43,1788178296979,1788178297226,247,209.38,0,3298702,0,79
FAIR,0,baseline,Q3,9,15,37,1788178296974,1788178297462,488,361.70,0,13196314,0,79
FAIR,0,baseline,Q3,9,15,39,1788178296976,1788178297463,487,359.56,0,13196906,0,79
FAIR,0,baseline,Q3,9,15,40,1788178296977,1788178297471,494,354.12,0,13197882,0,79
FAIR,0,baseline,Q3,9,15,42,1788178296978,1788178297472,494,364.34,0,13196956,0,79
FAIR,0,baseline,Q3,9,15,41,1788178296978,1788178297472,494,360.87,0,13196308,0,79
FAIR,0,baseline,Q3,9,15,38,1788178296976,1788178297475,499,364.98,0,13195474,0,79
FAIR,0,baseline,Q6,10,17,44,1788178297512,1788178297521,9,3.82,0,0,553,0
FAIR,0,baseline,Q6,11,18,45,1788178299225,1788178299923,698,616.06,16,3317556,0,14534997
FAIR,0,baseline,Q6,12,19,52,1788178299256,1788178299523,267,200.10,16,3825626,0,26922
FAIR,0,baseline,Q6,12,19,49,1788178299255,1788178299789,534,400.33,16,15305646,0,57595
FAIR,0,baseline,Q6,12,19,51,1788178299255,1788178299801,546,403.45,16,15304688,0,59166
FAIR,0,baseline,Q6,12,19,48,1788178299254,1788178299805,551,417.60,16,15304618,0,58647
FAIR,0,baseline,Q6,12,19,46,1788178299252,1788178299814,562,418.39,16,15304022,0,59807
FAIR,0,baseline,Q6,12,19,50,1788178299255,1788178299820,565,414.06,16,15304056,0,58481
FAIR,0,baseline,Q6,12,19,47,1788178299254,1788178299827,573,435.03,16,15303234,0,58962
FAIR,0,baseline,Q12,13,21,53,1788178299858,1788178299879,21,17.66,0,0,379580,0
FAIR,0,baseline,Q12,14,23,67,1788178300004,1788178300209,205,144.54,0,0,1015509,154
FAIR,0,baseline,Q12,14,23,64,1788178300003,1788178300212,209,144.48,0,0,1021753,154
FAIR,0,baseline,Q12,14,23,65,1788178300003,1788178300221,218,149.35,0,0,1020274,154
FAIR,0,baseline,Q12,14,23,62,1788178300003,1788178300222,219,154.49,0,0,1018284,154
FAIR,0,baseline,Q12,14,23,58,1788178300002,1788178300231,229,154.05,0,0,1015054,154
FAIR,0,baseline,Q12,14,23,57,1788178300002,1788178300234,232,138.95,0,0,1090847,154
FAIR,0,baseline,Q12,14,23,54,1788178300001,1788178300234,233,153.43,0,0,1092283,154
FAIR,0,baseline,Q12,14,23,61,1788178300003,1788178300236,233,123.39,0,0,1016185,154
FAIR,0,baseline,Q12,14,23,56,1788178300001,1788178300243,242,147.34,0,0,1087458,154
FAIR,0,baseline,Q12,14,23,63,1788178300003,1788178300245,242,118.63,0,0,1015101,154
FAIR,0,baseline,Q12,14,23,66,1788178300003,1788178300246,243,121.51,0,0,1015360,154
FAIR,0,baseline,Q12,14,23,59,1788178300002,1788178300247,245,127.38,0,0,1014559,154
FAIR,0,baseline,Q12,14,23,60,1788178300002,1788178300250,248,105.45,0,0,1021566,154
FAIR,0,baseline,Q12,14,23,55,1788178300001,1788178300257,256,108.39,0,0,1090764,154
FAIR,0,baseline,Q12,15,26,68,1788178300311,1788178300324,13,7.81,0,0,2156,0
FAIR,0,baseline,Q12,16,29,69,1788178300334,1788178300344,10,5.64,0,0,2156,154
FAIR,0,baseline,Q12,17,33,70,1788178300379,1788178300389,10,4.62,0,0,154,0
FAIR,0,baseline,Q12,18,34,71,1788178302305,1788178302399,94,53.53,0,1244534,0,0
FAIR,0,baseline,Q14,19,35,78,1788178302526,1788178302723,197,159.05,0,3269202,0,101
FAIR,0,baseline,Q14,19,35,75,1788178302525,1788178302993,468,326.50,0,13079810,0,99
FAIR,0,baseline,Q14,19,35,72,1788178302524,1788178302993,469,327.07,0,13078278,0,99
FAIR,0,baseline,Q14,19,35,73,1788178302524,1788178302993,469,336.93,0,13077410,0,99
FAIR,0,baseline,Q14,19,35,74,1788178302525,1788178302994,469,322.67,0,13078846,0,99
FAIR,0,baseline,Q14,19,35,77,1788178302525,1788178302996,471,328.45,0,13078900,0,99
FAIR,0,baseline,Q14,19,35,76,1788178302525,1788178303012,487,320.76,0,13078244,0,99
FAIR,0,baseline,Q14,20,37,79,1788178303056,1788178303064,8,4.29,0,0,695,0
FAIR,0,baseline,Q14,21,38,80,1788178304795,1788178305074,279,97.86,40,784744,0,0
FAIR,0,baseline,Q14,22,39,81,1788178304799,1788178306550,1751,964.16,127,14589748,0,30886715
FAIR,0,baseline,Q14,23,40,88,1788178304834,1788178305622,788,518.79,78,1669066,0,2548115
FAIR,0,baseline,Q14,23,40,87,1788178304833,1788178306989,2156,1257.55,161,6678296,0,8202194
FAIR,0,baseline,Q14,23,40,82,1788178304829,1788178307027,2198,1287.22,161,6677674,0,8204481
FAIR,0,baseline,Q14,23,40,85,1788178304832,1788178307053,2221,1285.51,168,6679174,0,8197511
FAIR,0,baseline,Q14,23,40,86,1788178304833,1788178307059,2226,1249.75,168,6677620,0,8197158
FAIR,0,baseline,Q14,23,40,84,1788178304832,1788178307109,2277,1204.06,168,6678222,0,8201066
FAIR,0,baseline,Q14,23,40,83,1788178304831,1788178307118,2287,1209.59,168,6676794,0,8204443
FAIR,0,baseline,Q14,24,41,95,1788178304848,1788178305281,433,208.37,59,1669066,0,2238587
FAIR,0,baseline,Q14,24,41,93,1788178304847,1788178306274,1427,637.58,119,6677620,0,8872119
FAIR,0,baseline,Q14,24,41,89,1788178304845,1788178306366,1521,653.49,119,6677674,0,8874676
FAIR,0,baseline,Q14,24,41,90,1788178304846,1788178306374,1528,640.54,119,6676794,0,8874749
FAIR,0,baseline,Q14,24,41,92,1788178304846,1788178306409,1563,626.34,119,6679174,0,8873847
FAIR,0,baseline,Q14,24,41,94,1788178304847,1788178306441,1594,631.99,119,6678296,0,8872181
FAIR,0,baseline,Q14,24,41,91,1788178304846,1788178306483,1637,619.44,119,6678222,0,8873447
FAIR,0,baseline,Q18,25,45,105,1788178307290,1788178308303,1013,660.01,29,0,11396280,0
FAIR,0,baseline,Q18,25,45,112,1788178308300,1788178309151,851,620.33,56,0,7589199,0
FAIR,0,baseline,Q18,25,45,100,1788178307289,1788178309168,1879,1339.11,85,0,11393041,0
FAIR,0,baseline,Q18,25,45,106,1788178307290,1788178309174,1884,1306.09,85,0,11410383,0
FAIR,0,baseline,Q18,25,45,110,1788178307291,1788178309175,1884,1377.54,85,0,11412119,0
FAIR,0,baseline,Q18,25,45,103,1788178307290,1788178309188,1898,1348.53,85,0,11425234,0
FAIR,0,baseline,Q18,25,45,102,1788178307290,1788178309189,1899,1283.32,85,0,11338468,0
FAIR,0,baseline,Q18,25,45,107,1788178307290,1788178309192,1902,1273.91,85,0,11356291,0
FAIR,0,baseline,Q18,25,45,98,1788178307289,1788178309194,1905,1390.18,85,0,11328172,0
FAIR,0,baseline,Q18,25,45,109,1788178307291,1788178309195,1904,1291.42,85,0,11431888,0
FAIR,0,baseline,Q18,25,45,108,1788178307290,1788178309199,1909,1296.20,85,0,11430722,0
FAIR,0,baseline,Q18,25,45,104,1788178307290,1788178309205,1915,1346.75,85,0,11413836,0
FAIR,0,baseline,Q18,25,45,111,1788178307291,1788178309206,1915,1383.53,85,0,11354353,0
FAIR,0,baseline,Q18,25,45,101,1788178307289,1788178309208,1919,1320.21,85,0,11347331,0
FAIR,0,baseline,Q18,25,45,97,1788178307289,1788178309209,1920,1300.34,85,0,11440429,0
FAIR,0,baseline,Q18,25,45,99,1788178307289,1788178309219,1930,1366.48,85,0,11397674,0
FAIR,0,baseline,Q18,25,45,96,1788178307287,1788178309223,1936,1379.94,85,0,11410837,0
FAIR,0,concurrent,compaction,26,46,113,1788178343600,1788178367183,23583,19369.57,573,175454639,0,0
FAIR,0,concurrent,Q1,27,47,120,1788178345938,1788178346683,745,624.30,84,2744914,0,845
FAIR,0,concurrent,Q1,27,47,119,1788178345938,1788178348892,2954,2606.68,214,10981748,0,840
FAIR,0,concurrent,Q1,27,47,117,1788178345937,1788178348917,2980,2618.19,214,10982658,0,844
FAIR,0,concurrent,Q1,27,47,116,1788178345937,1788178348934,2997,2638.03,218,10981694,0,840
FAIR,0,concurrent,Q1,27,47,118,1788178345937,1788178348948,3011,2643.20,218,10981092,0,819
FAIR,0,concurrent,Q1,27,47,115,1788178345936,1788178348995,3059,2686.51,218,10980258,0,840
FAIR,0,concurrent,Q1,27,47,114,1788178345936,1788178349005,3069,2731.79,218,10981126,0,841
FAIR,0,concurrent,Q1,28,49,121,1788178349069,1788178349083,14,7.61,0,0,5869,0
FAIR,0,concurrent,Q1,29,51,122,1788178349092,1788178349104,12,6.58,0,0,5869,844
FAIR,0,concurrent,Q1,30,54,123,1788178349132,1788178349139,7,2.92,0,0,844,0
FAIR,0,concurrent,Q3,31,55,130,1788178351593,1788178351850,257,218.44,0,3269202,0,1965203
FAIR,0,concurrent,Q3,31,55,127,1788178351592,1788178352302,710,520.46,51,13079810,0,7735803
FAIR,0,concurrent,Q3,31,55,129,1788178351593,1788178352337,744,541.45,51,13078900,0,7743364
FAIR,0,concurrent,Q3,31,55,126,1788178351592,1788178352342,750,539.86,51,13078846,0,7738331
FAIR,0,concurrent,Q3,31,55,125,1788178351591,1788178352357,766,536.37,51,13077410,0,7743802
FAIR,0,concurrent,Q3,31,55,124,1788178351591,1788178352357,766,539.55,51,13078278,0,7750473
FAIR,0,concurrent,Q3,31,55,128,1788178351593,1788178352369,776,542.09,51,13078244,0,7738877
FAIR,0,concurrent,Q3,32,56,131,1788178351595,1788178351677,82,51.31,0,1484824,0,0
FAIR,0,concurrent,Q3,33,57,132,1788178351746,1788178352239,493,372.67,51,11640628,0,1604055
FAIR,0,concurrent,Q3,34,59,133,1788178352311,1788178352372,61,41.37,0,0,1604055,0
FAIR,0,concurrent,Q3,35,61,134,1788178352490,1788178352561,71,59.91,0,0,2898550,0
FAIR,0,concurrent,Q3,35,61,139,1788178352491,1788178352566,75,64.34,0,0,2895639,0
FAIR,0,concurrent,Q3,35,61,147,1788178352492,1788178352568,76,66.10,0,0,2941007,0
FAIR,0,concurrent,Q3,35,61,140,1788178352491,1788178352576,85,67.20,0,0,2886189,0
FAIR,0,concurrent,Q3,35,61,148,1788178352492,1788178352580,88,64.28,0,0,2925625,0
FAIR,0,concurrent,Q3,35,61,137,1788178352490,1788178352581,91,64.08,0,0,2887662,0
FAIR,0,concurrent,Q3,35,61,141,1788178352491,1788178352583,92,71.42,0,0,2910947,0
FAIR,0,concurrent,Q3,35,61,143,1788178352491,1788178352584,93,64.42,0,0,2895551,0
FAIR,0,concurrent,Q3,35,61,135,1788178352490,1788178352599,109,66.85,0,0,2919240,0
FAIR,0,concurrent,Q3,35,61,146,1788178352491,1788178352599,108,64.77,0,0,2929089,0
FAIR,0,concurrent,Q3,35,61,144,1788178352491,1788178352613,122,63.11,0,0,2909695,0
FAIR,0,concurrent,Q3,35,61,142,1788178352491,1788178352613,122,60.30,0,0,2908811,0
FAIR,0,concurrent,Q3,35,61,138,1788178352490,1788178352614,124,62.70,0,0,2898701,0
FAIR,0,concurrent,Q3,35,61,136,1788178352490,1788178352617,127,62.43,0,0,2899714,0
FAIR,0,concurrent,Q3,35,61,145,1788178352491,1788178352621,130,63.39,0,0,2888143,0
FAIR,0,concurrent,Q3,35,61,150,1788178352564,1788178352621,57,42.22,0,0,1923841,0
FAIR,0,concurrent,Q3,35,61,149,1788178352558,1788178352630,72,56.02,0,0,2897449,0
FAIR,0,concurrent,Q3,36,62,157,1788178354712,1788178354847,135,65.76,12,3298702,0,79
FAIR,0,concurrent,Q3,36,62,151,1788178354710,1788178355076,366,214.79,12,13196314,0,79
FAIR,0,concurrent,Q3,36,62,153,1788178354711,1788178355078,367,208.21,12,13196906,0,79
FAIR,0,concurrent,Q3,36,62,154,1788178354711,1788178355079,368,212.46,12,13197882,0,79
FAIR,0,concurrent,Q3,36,62,156,1788178354712,1788178355087,375,215.13,12,13196956,0,79
FAIR,0,concurrent,Q3,36,62,152,1788178354710,1788178355087,377,217.75,12,13195474,0,79
FAIR,0,concurrent,Q3,36,62,155,1788178354711,1788178355088,377,214.14,12,13196308,0,79
FAIR,0,concurrent,Q6,37,64,158,1788178355106,1788178355110,4,1.47,0,0,553,0
FAIR,0,concurrent,Q12,38,65,159,1788178357626,1788178358316,690,610.97,36,3317556,0,14534997
FAIR,0,concurrent,Q12,39,66,166,1788178357636,1788178357840,204,167.73,0,3825626,0,26922
FAIR,0,concurrent,Q12,39,66,160,1788178357634,1788178358113,479,339.59,36,15304022,0,59807
FAIR,0,concurrent,Q12,39,66,165,1788178357636,1788178358116,480,337.18,36,15304688,0,59166
FAIR,0,concurrent,Q12,39,66,163,1788178357635,1788178358117,482,340.10,36,15305646,0,57595
FAIR,0,concurrent,Q12,39,66,161,1788178357634,1788178358121,487,345.30,36,15303234,0,58962
FAIR,0,concurrent,Q12,39,66,162,1788178357635,1788178358128,493,349.07,36,15304618,0,58647
FAIR,0,concurrent,Q12,39,66,164,1788178357635,1788178358129,494,346.44,36,15304056,0,58481
FAIR,0,concurrent,Q12,40,68,167,1788178358149,1788178358164,15,12.98,0,0,379580,0
FAIR,0,concurrent,Q12,41,70,169,1788178358347,1788178358391,44,37.30,0,0,1090764,154
FAIR,0,concurrent,Q12,41,70,175,1788178358348,1788178358393,45,35.30,0,0,1016185,154
FAIR,0,concurrent,Q12,41,70,179,1788178358348,1788178358394,46,36.31,0,0,1020274,154
FAIR,0,concurrent,Q12,41,70,173,1788178358347,1788178358394,47,37.91,0,0,1014559,154
FAIR,0,concurrent,Q12,41,70,180,1788178358348,1788178358394,46,40.21,0,0,1015360,154
FAIR,0,concurrent,Q12,41,70,178,1788178358348,1788178358394,46,37.59,0,0,1021753,154
FAIR,0,concurrent,Q12,41,70,171,1788178358347,1788178358394,47,40.54,0,0,1090847,154
FAIR,0,concurrent,Q12,41,70,170,1788178358347,1788178358394,47,36.74,0,0,1087458,154
FAIR,0,concurrent,Q12,41,70,168,1788178358347,1788178358401,54,38.50,0,0,1092283,154
FAIR,0,concurrent,Q12,41,70,176,1788178358348,1788178358412,64,32.21,0,0,1018284,154
FAIR,0,concurrent,Q12,41,70,174,1788178358347,1788178358413,66,31.46,0,0,1021566,154
FAIR,0,concurrent,Q12,41,70,177,1788178358348,1788178358415,67,33.91,0,0,1015101,154
FAIR,0,concurrent,Q12,41,70,181,1788178358348,1788178358416,68,36.65,0,0,1015509,154
FAIR,0,concurrent,Q12,41,70,172,1788178358347,1788178358417,70,34.86,0,0,1015054,154
FAIR,0,concurrent,Q12,42,73,182,1788178358448,1788178358455,7,3.13,0,0,2156,0
FAIR,0,concurrent,Q12,43,76,183,1788178358462,1788178358469,7,3.45,0,0,2156,154
FAIR,0,concurrent,Q12,44,80,184,1788178358502,1788178358509,7,2.26,0,0,154,0
FAIR,0,concurrent,Q12,45,81,185,1788178360499,1788178360577,78,46.58,0,1244534,0,0
FAIR,0,concurrent,Q14,46,82,192,1788178360678,1788178360791,113,51.69,0,3269202,0,101
FAIR,0,concurrent,Q14,46,82,190,1788178360677,1788178361054,377,171.21,0,13078244,0,99
FAIR,0,concurrent,Q14,46,82,188,1788178360677,1788178361063,386,177.71,0,13078846,0,99
FAIR,0,concurrent,Q14,46,82,191,1788178360677,1788178361063,386,175.97,0,13078900,0,99
FAIR,0,concurrent,Q14,46,82,187,1788178360676,1788178361064,388,176.26,0,13077410,0,99
FAIR,0,concurrent,Q14,46,82,189,1788178360677,1788178361065,388,184.68,0,13079810,0,99
FAIR,0,concurrent,Q14,46,82,186,1788178360674,1788178361065,391,180.62,0,13078278,0,99
FAIR,0,concurrent,Q14,47,84,193,1788178361089,1788178361094,5,1.69,0,0,695,0
FAIR,0,concurrent,Q18,48,85,194,1788178363356,1788178364696,1340,1035.25,89,14589748,0,30886715
FAIR,0,concurrent,Q18,49,86,195,1788178363365,1788178363511,146,65.83,0,784744,0,0
FAIR,0,concurrent,Q18,50,87,202,1788178363370,1788178363970,600,403.16,56,1669066,0,2548115
FAIR,0,concurrent,Q18,50,87,200,1788178363370,1788178365001,1631,1259.04,114,6677620,0,8197158
FAIR,0,concurrent,Q18,50,87,201,1788178363370,1788178365013,1643,1242.86,114,6678296,0,8202194
FAIR,0,concurrent,Q18,50,87,198,1788178363369,1788178365013,1644,1273.76,114,6678222,0,8201066
FAIR,0,concurrent,Q18,50,87,196,1788178363369,1788178365014,1645,1227.29,114,6677674,0,8204481
FAIR,0,concurrent,Q18,50,87,199,1788178363370,1788178365015,1645,1260.74,114,6679174,0,8197511
FAIR,0,concurrent,Q18,50,87,197,1788178363369,1788178365034,1665,1252.48,114,6676794,0,8204443
FAIR,0,concurrent,Q18,51,88,209,1788178363497,1788178363817,320,168.33,56,1669066,0,2238587
FAIR,0,concurrent,Q18,51,88,208,1788178363377,1788178364327,950,605.78,65,6678296,0,8872181
FAIR,0,concurrent,Q18,51,88,204,1788178363375,1788178364342,967,609.52,65,6676794,0,8874749
FAIR,0,concurrent,Q18,51,88,206,1788178363376,1788178364357,981,606.07,65,6679174,0,8873847
FAIR,0,concurrent,Q18,51,88,205,1788178363376,1788178364389,1013,609.87,72,6678222,0,8873447
FAIR,0,concurrent,Q18,51,88,207,1788178363376,1788178364390,1014,600.50,72,6677620,0,8872119
FAIR,0,concurrent,Q18,51,88,203,1788178363375,1788178364399,1024,611.68,72,6677674,0,8874676
FAIR,0,concurrent,Q18,52,92,219,1788178365114,1788178365770,656,375.09,33,0,11396280,0
FAIR,0,concurrent,Q18,52,92,218,1788178365114,1788178366222,1108,856.50,54,0,11413836,0
FAIR,0,concurrent,Q18,52,92,214,1788178365114,1788178366244,1130,873.04,54,0,11393041,0
FAIR,0,concurrent,Q18,52,92,217,1788178365114,1788178366245,1131,842.42,54,0,11425234,0
FAIR,0,concurrent,Q18,52,92,213,1788178365114,1788178366265,1151,912.49,54,0,11397674,0
FAIR,0,concurrent,Q18,52,92,210,1788178365113,1788178366278,1165,919.68,54,0,11410837,0
FAIR,0,concurrent,Q18,52,92,220,1788178365114,1788178366310,1196,881.80,58,0,11410383,0
FAIR,0,concurrent,Q18,52,92,212,1788178365114,1788178366316,1202,883.57,58,0,11328172,0
FAIR,0,concurrent,Q18,52,92,221,1788178365114,1788178366325,1211,871.49,58,0,11356291,0
FAIR,0,concurrent,Q18,52,92,216,1788178365114,1788178366349,1235,869.83,58,0,11338468,0
FAIR,0,concurrent,Q18,52,92,222,1788178365115,1788178366379,1264,875.16,58,0,11430722,0
FAIR,0,concurrent,Q18,52,92,211,1788178365113,1788178366383,1270,895.11,58,0,11440429,0
FAIR,0,concurrent,Q18,52,92,215,1788178365114,1788178366401,1287,889.47,58,0,11347331,0
FAIR,0,concurrent,Q18,52,92,224,1788178365115,1788178366422,1307,862.54,58,0,11412119,0
FAIR,0,concurrent,Q18,52,92,223,1788178365115,1788178366520,1405,840.05,58,0,11431888,0
FAIR,0,concurrent,Q18,52,92,225,1788178365767,1788178366613,846,752.97,28,0,11354353,0
FAIR,0,concurrent,Q18,52,92,226,1788178366220,1788178366629,409,371.07,7,0,7589199,0
FAIR,1,concurrent,compaction,53,93,227,1788178400139,1788178419932,19793,15828.52,575,175454639,0,0
FAIR,1,concurrent,Q1,54,94,234,1788178402113,1788178402870,757,625.07,59,2744914,0,845
FAIR,1,concurrent,Q1,54,94,232,1788178402112,1788178404627,2515,2219.03,154,10981092,0,819
FAIR,1,concurrent,Q1,54,94,230,1788178402112,1788178404667,2555,2257.13,157,10981694,0,840
FAIR,1,concurrent,Q1,54,94,229,1788178402112,1788178404671,2559,2261.85,157,10980258,0,840
FAIR,1,concurrent,Q1,54,94,231,1788178402112,1788178404683,2571,2278.45,157,10982658,0,844
FAIR,1,concurrent,Q1,54,94,228,1788178402111,1788178404703,2592,2291.75,157,10981126,0,841
FAIR,1,concurrent,Q1,54,94,233,1788178402113,1788178404703,2590,2291.05,157,10981748,0,840
FAIR,1,concurrent,Q1,55,96,235,1788178404732,1788178404739,7,3.74,0,0,5869,0
FAIR,1,concurrent,Q1,56,98,236,1788178404745,1788178404753,8,3.81,0,0,5869,844
FAIR,1,concurrent,Q1,57,101,237,1788178404770,1788178404774,4,1.50,0,0,844,0
FAIR,1,concurrent,Q1,58,102,244,1788178406409,1788178406602,193,141.02,22,3269202,0,1965203
FAIR,1,concurrent,Q1,58,102,238,1788178406407,1788178406975,568,426.29,49,13078278,0,7750473
FAIR,1,concurrent,Q1,58,102,242,1788178406409,1788178406977,568,425.82,49,13078244,0,7738877
FAIR,1,concurrent,Q1,58,102,240,1788178406408,1788178406986,578,431.19,49,13078846,0,7738331
FAIR,1,concurrent,Q1,58,102,241,1788178406408,1788178406991,583,428.90,49,13079810,0,7735803
FAIR,1,concurrent,Q1,58,102,243,1788178406409,1788178406993,584,431.90,49,13078900,0,7743364
FAIR,1,concurrent,Q1,58,102,239,1788178406408,1788178406993,585,437.62,49,13077410,0,7743802
FAIR,1,concurrent,Q1,59,103,245,1788178406413,1788178406489,76,31.05,22,1484824,0,0
FAIR,1,concurrent,Q1,60,104,246,1788178406530,1788178406914,384,306.90,27,11640628,0,1604055
FAIR,1,concurrent,Q3,61,106,247,1788178406937,1788178406980,43,31.33,0,0,1604055,0
FAIR,1,concurrent,Q3,62,108,260,1788178407081,1788178407148,67,56.80,0,0,2929089,0
FAIR,1,concurrent,Q3,62,108,257,1788178407080,1788178407153,73,56.79,0,0,2895551,0
FAIR,1,concurrent,Q3,62,108,254,1788178407080,1788178407154,74,60.96,0,0,2886189,0
FAIR,1,concurrent,Q3,62,108,248,1788178407079,1788178407155,76,56.71,0,0,2898550,0
FAIR,1,concurrent,Q3,62,108,251,1788178407080,1788178407155,75,58.02,0,0,2887662,0
FAIR,1,concurrent,Q3,62,108,252,1788178407080,1788178407155,75,58.03,0,0,2898701,0
FAIR,1,concurrent,Q3,62,108,262,1788178407081,1788178407155,74,56.91,0,0,2925625,0
FAIR,1,concurrent,Q3,62,108,250,1788178407080,1788178407158,78,56.44,0,0,2899714,0
FAIR,1,concurrent,Q3,62,108,259,1788178407081,1788178407161,80,57.79,0,0,2888143,0
FAIR,1,concurrent,Q3,62,108,249,1788178407079,1788178407169,90,59.83,0,0,2919240,0
FAIR,1,concurrent,Q3,62,108,261,1788178407081,1788178407177,96,59.18,0,0,2941007,0
FAIR,1,concurrent,Q3,62,108,253,1788178407080,1788178407177,97,63.54,0,0,2895639,0
FAIR,1,concurrent,Q3,62,108,256,1788178407080,1788178407194,114,47.96,0,0,2908811,0
FAIR,1,concurrent,Q3,62,108,255,1788178407080,1788178407195,115,56.15,0,0,2910947,0
FAIR,1,concurrent,Q3,62,108,264,1788178407149,1788178407197,48,38.10,0,0,1923841,0
FAIR,1,concurrent,Q3,62,108,258,1788178407081,1788178407204,123,57.21,0,0,2909695,0
FAIR,1,concurrent,Q3,62,108,263,1788178407146,1788178407209,63,54.59,0,0,2897449,0
FAIR,1,concurrent,Q3,63,109,271,1788178409126,1788178409213,87,52.31,0,3298702,0,79
FAIR,1,concurrent,Q3,63,109,270,1788178409126,1788178409382,256,158.99,7,13196956,0,79
FAIR,1,concurrent,Q3,63,109,265,1788178409124,1788178409383,259,161.43,7,13196314,0,79
FAIR,1,concurrent,Q3,63,109,268,1788178409126,1788178409383,257,164.60,7,13197882,0,79
FAIR,1,concurrent,Q3,63,109,266,1788178409125,1788178409387,262,168.23,7,13195474,0,79
FAIR,1,concurrent,Q3,63,109,267,1788178409125,1788178409389,264,164.85,7,13196906,0,79
FAIR,1,concurrent,Q3,63,109,269,1788178409126,1788178409397,271,182.50,7,13196308,0,79
FAIR,1,concurrent,Q6,64,111,272,1788178409411,1788178409413,2,0.87,0,0,553,0
FAIR,1,concurrent,Q6,65,112,273,1788178411056,1788178411656,600,511.29,52,3317556,0,14534997
FAIR,1,concurrent,Q6,66,113,280,1788178411065,1788178411186,121,78.05,13,3825626,0,26922
FAIR,1,concurrent,Q6,66,113,277,1788178411065,1788178411442,377,232.33,48,15305646,0,57595
FAIR,1,concurrent,Q6,66,113,279,1788178411065,1788178411449,384,234.04,48,15304688,0,59166
FAIR,1,concurrent,Q6,66,113,276,1788178411064,1788178411452,388,238.83,48,15304618,0,58647
FAIR,1,concurrent,Q6,66,113,275,1788178411064,1788178411459,395,245.54,48,15303234,0,58962
FAIR,1,concurrent,Q6,66,113,278,1788178411065,1788178411462,397,250.70,48,15304056,0,58481
FAIR,1,concurrent,Q6,66,113,274,1788178411064,1788178411464,400,253.65,48,15304022,0,59807
FAIR,1,concurrent,Q12,67,115,281,1788178411480,1788178411500,20,17.59,0,0,379580,0
FAIR,1,concurrent,Q12,68,117,287,1788178411682,1788178411721,39,32.05,0,0,1014559,154
FAIR,1,concurrent,Q12,68,117,286,1788178411682,1788178411722,40,31.89,0,0,1015054,154
FAIR,1,concurrent,Q12,68,117,289,1788178411682,1788178411722,40,32.11,0,0,1016185,154
FAIR,1,concurrent,Q12,68,117,288,1788178411682,1788178411723,41,32.35,0,0,1021566,154
FAIR,1,concurrent,Q12,68,117,292,1788178411683,1788178411724,41,32.40,0,0,1021753,154
FAIR,1,concurrent,Q12,68,117,282,1788178411682,1788178411724,42,32.98,0,0,1092283,154
FAIR,1,concurrent,Q12,68,117,283,1788178411682,1788178411724,42,35.05,0,0,1090764,154
FAIR,1,concurrent,Q12,68,117,294,1788178411683,1788178411724,41,32.17,0,0,1015360,154
FAIR,1,concurrent,Q12,68,117,291,1788178411683,1788178411725,42,33.47,0,0,1015101,154
FAIR,1,concurrent,Q12,68,117,284,1788178411682,1788178411725,43,31.76,0,0,1087458,154
FAIR,1,concurrent,Q12,68,117,290,1788178411682,1788178411725,43,33.05,0,0,1018284,154
FAIR,1,concurrent,Q12,68,117,285,1788178411682,1788178411728,46,30.89,0,0,1090847,154
FAIR,1,concurrent,Q12,68,117,293,1788178411683,1788178411731,48,27.56,0,0,1020274,154
FAIR,1,concurrent,Q12,68,117,295,1788178411683,1788178411732,49,27.47,0,0,1015509,154
FAIR,1,concurrent,Q12,69,120,296,1788178411753,1788178411760,7,3.01,0,0,2156,0
FAIR,1,concurrent,Q12,70,123,297,1788178411766,1788178411773,7,3.47,0,0,2156,154
FAIR,1,concurrent,Q12,71,127,298,1788178411794,1788178411799,5,1.65,0,0,154,0
FAIR,1,concurrent,Q12,72,128,299,1788178413684,1788178413850,166,48.03,0,1244534,0,0
FAIR,1,concurrent,Q14,73,129,306,1788178413929,1788178414042,113,41.89,6,3269202,0,101
FAIR,1,concurrent,Q14,73,129,300,1788178413928,1788178414270,342,127.94,13,13078278,0,99
FAIR,1,concurrent,Q14,73,129,305,1788178413929,1788178414279,350,133.89,13,13078900,0,99
FAIR,1,concurrent,Q14,73,129,303,1788178413929,1788178414279,350,134.53,13,13079810,0,99
FAIR,1,concurrent,Q14,73,129,304,1788178413929,1788178414280,351,134.11,13,13078244,0,99
FAIR,1,concurrent,Q14,73,129,301,1788178413928,1788178414286,358,141.05,13,13077410,0,99
FAIR,1,concurrent,Q14,73,129,302,1788178413929,1788178414286,357,142.05,13,13078846,0,99
FAIR,1,concurrent,Q14,74,131,307,1788178414301,1788178414303,2,1.05,0,0,695,0
FAIR,1,concurrent,Q14,75,132,308,1788178416040,1788178417330,1290,940.98,128,14589748,0,30886715
FAIR,1,concurrent,Q14,76,133,309,1788178416050,1788178416234,184,63.88,36,784744,0,0
FAIR,1,concurrent,Q14,77,134,316,1788178416055,1788178416755,700,379.43,98,1669066,0,2548115
FAIR,1,concurrent,Q14,77,134,314,1788178416055,1788178417716,1661,1119.98,170,6677620,0,8197158
FAIR,1,concurrent,Q14,77,134,311,1788178416054,1788178417717,1663,1134.27,170,6676794,0,8204443
FAIR,1,concurrent,Q14,77,134,313,1788178416055,1788178417758,1703,1165.30,170,6679174,0,8197511
FAIR,1,concurrent,Q14,77,134,315,1788178416055,1788178417761,1706,1189.67,170,6678296,0,8202194
FAIR,1,concurrent,Q14,77,134,310,1788178416054,1788178417771,1717,1180.52,170,6677674,0,8204481
FAIR,1,concurrent,Q14,77,134,312,1788178416054,1788178417865,1811,1230.49,170,6678222,0,8201066
FAIR,1,concurrent,Q14,78,135,323,1788178416221,1788178416637,416,162.65,56,1669066,0,2238587
FAIR,1,concurrent,Q14,78,135,320,1788178416060,1788178417120,1060,543.64,123,6679174,0,8873847
FAIR,1,concurrent,Q14,78,135,319,1788178416059,1788178417152,1093,560.76,123,6678222,0,8873447
FAIR,1,concurrent,Q14,78,135,318,1788178416059,1788178417153,1094,547.06,123,6676794,0,8874749
FAIR,1,concurrent,Q14,78,135,322,1788178416060,1788178417163,1103,549.60,123,6678296,0,8872181
FAIR,1,concurrent,Q14,78,135,321,1788178416060,1788178417168,1108,537.41,123,6677620,0,8872119
FAIR,1,concurrent,Q14,78,135,317,1788178416059,1788178417209,1150,547.74,123,6677674,0,8874676
FAIR,1,concurrent,Q18,79,139,333,1788178417963,1788178418491,528,377.03,21,0,11396280,0
FAIR,1,concurrent,Q18,79,139,331,1788178417963,1788178419034,1071,809.19,53,0,11425234,0
FAIR,1,concurrent,Q18,79,139,327,1788178417962,1788178419038,1076,872.87,53,0,11397674,0
FAIR,1,concurrent,Q18,79,139,326,1788178417962,1788178419047,1085,846.01,53,0,11328172,0
FAIR,1,concurrent,Q18,79,139,338,1788178417964,1788178419057,1093,840.36,53,0,11412119,0
FAIR,1,concurrent,Q18,79,139,332,1788178417963,1788178419063,1100,819.56,53,0,11413836,0
FAIR,1,concurrent,Q18,79,139,325,1788178417962,1788178419073,1111,846.91,53,0,11440429,0
FAIR,1,concurrent,Q18,79,139,329,1788178417962,1788178419083,1121,868.97,53,0,11347331,0
FAIR,1,concurrent,Q18,79,139,336,1788178417963,1788178419086,1123,856.08,53,0,11430722,0
FAIR,1,concurrent,Q18,79,139,337,1788178417963,1788178419086,1123,838.03,53,0,11431888,0
FAIR,1,concurrent,Q18,79,139,335,1788178417963,1788178419113,1150,836.25,53,0,11356291,0
FAIR,1,concurrent,Q18,79,139,328,1788178417962,1788178419117,1155,779.38,53,0,11393041,0
FAIR,1,concurrent,Q18,79,139,330,1788178417963,1788178419136,1173,824.04,53,0,11338468,0
FAIR,1,concurrent,Q18,79,139,334,1788178417963,1788178419136,1173,808.07,53,0,11410383,0
FAIR,1,concurrent,Q18,79,139,324,1788178417962,1788178419141,1179,852.67,53,0,11410837,0
FAIR,1,concurrent,Q18,79,139,339,1788178418489,1788178419270,781,643.93,32,0,11354353,0
FAIR,1,concurrent,Q18,79,139,340,1788178419032,1788178419309,277,269.43,0,0,7589199,0
FAIR,1,baseline,Q1,80,140,347,1788178450441,1788178451076,635,574.36,32,2744914,0,845
FAIR,1,baseline,Q1,80,140,346,1788178450440,1788178452637,2197,1962.94,85,10981748,0,840
FAIR,1,baseline,Q1,80,140,343,1788178450440,1788178452638,2198,1966.86,85,10981694,0,840
FAIR,1,baseline,Q1,80,140,345,1788178450440,1788178452657,2217,1978.31,85,10981092,0,819
FAIR,1,baseline,Q1,80,140,344,1788178450440,1788178452693,2253,1990.99,85,10982658,0,844
FAIR,1,baseline,Q1,80,140,342,1788178450439,1788178452704,2265,2017.82,85,10980258,0,840
FAIR,1,baseline,Q1,80,140,341,1788178450439,1788178452719,2280,2033.97,85,10981126,0,841
FAIR,1,baseline,Q1,81,142,348,1788178452751,1788178452757,6,2.89,0,0,5869,0
FAIR,1,baseline,Q1,82,144,349,1788178452762,1788178452768,6,3.41,0,0,5869,844
FAIR,1,baseline,Q1,83,147,350,1788178452783,1788178452787,4,1.36,0,0,844,0
FAIR,1,baseline,Q1,84,148,357,1788178454339,1788178454507,168,119.19,26,3269202,0,1965203
FAIR,1,baseline,Q1,84,148,354,1788178454338,1788178454796,458,354.47,26,13079810,0,7735803
FAIR,1,baseline,Q1,84,148,355,1788178454338,1788178454797,459,358.56,26,13078244,0,7738877
FAIR,1,baseline,Q1,84,148,352,1788178454338,1788178454798,460,362.82,26,13077410,0,7743802
FAIR,1,baseline,Q1,84,148,356,1788178454339,1788178454811,472,370.27,26,13078900,0,7743364
FAIR,1,baseline,Q1,84,148,353,1788178454338,1788178454836,498,395.05,26,13078846,0,7738331
FAIR,1,baseline,Q1,84,148,351,1788178454337,1788178454836,499,390.82,26,13078278,0,7750473
FAIR,1,baseline,Q1,85,149,358,1788178454341,1788178454388,47,29.62,0,1484824,0,0
FAIR,1,baseline,Q1,86,150,359,1788178454419,1788178454737,318,253.73,26,11640628,0,1604055
FAIR,1,baseline,Q1,87,152,360,1788178454756,1788178454811,55,45.42,0,0,1604055,0
FAIR,1,baseline,Q3,88,154,365,1788178454881,1788178454940,59,52.92,0,0,2898701,0
FAIR,1,baseline,Q3,88,154,372,1788178454881,1788178454941,60,52.82,0,0,2888143,0
FAIR,1,baseline,Q3,88,154,363,1788178454881,1788178454941,60,53.00,0,0,2899714,0
FAIR,1,baseline,Q3,88,154,371,1788178454881,1788178454941,60,52.96,0,0,2909695,0
FAIR,1,baseline,Q3,88,154,376,1788178454882,1788178454941,59,53.14,0,0,2897449,0
FAIR,1,baseline,Q3,88,154,364,1788178454881,1788178454941,60,52.23,0,0,2887662,0
FAIR,1,baseline,Q3,88,154,367,1788178454881,1788178454942,61,52.92,0,0,2886189,0
FAIR,1,baseline,Q3,88,154,374,1788178454881,1788178454942,61,54.16,0,0,2941007,0
FAIR,1,baseline,Q3,88,154,370,1788178454881,1788178454942,61,54.37,0,0,2895551,0
FAIR,1,baseline,Q3,88,154,369,1788178454881,1788178454942,61,53.21,0,0,2908811,0
FAIR,1,baseline,Q3,88,154,375,1788178454881,1788178454944,63,53.13,0,0,2925625,0
FAIR,1,baseline,Q3,88,154,362,1788178454881,1788178454944,63,52.92,0,0,2919240,0
FAIR,1,baseline,Q3,88,154,373,1788178454881,1788178454967,86,43.18,0,0,2929089,0
FAIR,1,baseline,Q3,88,154,368,1788178454881,1788178454971,90,51.74,0,0,2910947,0
FAIR,1,baseline,Q3,88,154,377,1788178454939,1788178454971,32,23.41,0,0,1923841,0
FAIR,1,baseline,Q3,88,154,366,1788178454881,1788178454971,90,47.98,0,0,2895639,0
FAIR,1,baseline,Q3,88,154,361,1788178454880,1788178454972,92,50.47,0,0,2898550,0
FAIR,1,baseline,Q3,89,155,384,1788178456359,1788178456432,73,44.54,0,3298702,0,79
FAIR,1,baseline,Q3,89,155,379,1788178456358,1788178456667,309,190.14,14,13195474,0,79
FAIR,1,baseline,Q3,89,155,378,1788178456357,1788178456669,312,193.07,14,13196314,0,79
FAIR,1,baseline,Q3,89,155,382,1788178456358,1788178456678,320,195.60,14,13196308,0,79
FAIR,1,baseline,Q3,89,155,381,1788178456358,1788178456679,321,193.78,14,13197882,0,79
FAIR,1,baseline,Q3,89,155,383,1788178456359,1788178456685,326,200.09,14,13196956,0,79
FAIR,1,baseline,Q3,89,155,380,1788178456358,1788178456686,328,203.07,14,13196906,0,79
FAIR,1,baseline,Q3,90,157,385,1788178456700,1788178456704,4,1.07,0,0,553,0
FAIR,1,baseline,Q6,91,158,386,1788178458616,1788178459179,563,489.94,33,3317556,0,14534997
FAIR,1,baseline,Q6,92,159,393,1788178458622,1788178458738,116,79.52,0,3825626,0,26922
FAIR,1,baseline,Q6,92,159,387,1788178458621,1788178458982,361,230.53,33,15304022,0,59807
FAIR,1,baseline,Q6,92,159,390,1788178458622,1788178458985,363,230.56,33,15305646,0,57595
FAIR,1,baseline,Q6,92,159,389,1788178458622,1788178458988,366,231.08,33,15304618,0,58647
FAIR,1,baseline,Q6,92,159,391,1788178458622,1788178458991,369,238.92,33,15304056,0,58481
FAIR,1,baseline,Q6,92,159,392,1788178458622,1788178458993,371,235.94,33,15304688,0,59166
FAIR,1,baseline,Q6,92,159,388,1788178458621,1788178458993,372,234.69,33,15303234,0,58962
FAIR,1,baseline,Q12,93,161,394,1788178459008,1788178459024,16,13.05,0,0,379580,0
FAIR,1,baseline,Q12,94,163,405,1788178459203,1788178459240,37,31.72,0,0,1021753,154
FAIR,1,baseline,Q12,94,163,404,1788178459203,1788178459240,37,31.35,0,0,1015101,154
FAIR,1,baseline,Q12,94,163,407,1788178459204,1788178459240,36,32.38,0,0,1015360,154
FAIR,1,baseline,Q12,94,163,400,1788178459203,1788178459241,38,31.47,0,0,1014559,154
FAIR,1,baseline,Q12,94,163,398,1788178459203,1788178459241,38,32.36,0,0,1090847,154
FAIR,1,baseline,Q12,94,163,401,1788178459203,1788178459241,38,31.36,0,0,1021566,154
FAIR,1,baseline,Q12,94,163,406,1788178459203,1788178459241,38,31.53,0,0,1020274,154
FAIR,1,baseline,Q12,94,163,408,1788178459204,1788178459242,38,32.83,0,0,1015509,154
FAIR,1,baseline,Q12,94,163,397,1788178459203,1788178459242,39,33.09,0,0,1087458,154
FAIR,1,baseline,Q12,94,163,399,1788178459203,1788178459242,39,31.27,0,0,1015054,154
FAIR,1,baseline,Q12,94,163,395,1788178459203,1788178459243,40,34.30,0,0,1092283,154
FAIR,1,baseline,Q12,94,163,396,1788178459203,1788178459245,42,33.51,0,0,1090764,154
FAIR,1,baseline,Q12,94,163,402,1788178459203,1788178459250,47,26.11,0,0,1016185,154
FAIR,1,baseline,Q12,94,163,403,1788178459203,1788178459250,47,26.94,0,0,1018284,154
FAIR,1,baseline,Q12,95,166,409,1788178459271,1788178459275,4,2.00,0,0,2156,0
FAIR,1,baseline,Q12,96,169,410,1788178459281,1788178459286,5,2.56,0,0,2156,154
FAIR,1,baseline,Q12,97,173,411,1788178459308,1788178459313,5,1.81,0,0,154,0
FAIR,1,baseline,Q12,98,174,412,1788178460913,1788178460977,64,44.36,0,1244534,0,0
FAIR,1,baseline,Q12,99,175,419,1788178461059,1788178461120,61,36.25,0,3269202,0,101
FAIR,1,baseline,Q12,99,175,418,1788178461059,1788178461297,238,135.54,10,13078900,0,99
FAIR,1,baseline,Q12,99,175,416,1788178461059,1788178461299,240,143.97,10,13079810,0,99
FAIR,1,baseline,Q12,99,175,414,1788178461058,1788178461300,242,137.61,10,13077410,0,99
FAIR,1,baseline,Q12,99,175,417,1788178461059,1788178461300,241,140.83,10,13078244,0,99
FAIR,1,baseline,Q12,99,175,415,1788178461058,1788178461304,246,146.58,10,13078846,0,99
FAIR,1,baseline,Q12,99,175,413,1788178461058,1788178461308,250,154.79,10,13078278,0,99
FAIR,1,baseline,Q12,100,177,420,1788178461320,1788178461323,3,0.93,0,0,695,0
FAIR,1,baseline,Q14,101,178,421,1788178463052,1788178464262,1210,848.54,66,14589748,0,30886715
FAIR,1,baseline,Q14,102,179,422,1788178463065,1788178463230,165,63.05,27,784744,0,0
FAIR,1,baseline,Q14,103,180,429,1788178463070,1788178463559,489,356.42,49,1669066,0,2548115
FAIR,1,baseline,Q14,103,180,423,1788178463069,1788178464692,1623,1005.06,97,6677674,0,8204481
FAIR,1,baseline,Q14,103,180,426,1788178463069,1788178464693,1624,1022.26,97,6679174,0,8197511
FAIR,1,baseline,Q14,103,180,424,1788178463069,1788178464716,1647,1048.92,97,6676794,0,8204443
FAIR,1,baseline,Q14,103,180,425,1788178463069,1788178464721,1652,1036.37,97,6678222,0,8201066
FAIR,1,baseline,Q14,103,180,428,1788178463070,1788178464722,1652,1032.68,97,6678296,0,8202194
FAIR,1,baseline,Q14,103,180,427,1788178463069,1788178464747,1678,1080.28,97,6677620,0,8197158
FAIR,1,baseline,Q14,104,181,436,1788178463073,1788178463383,310,162.24,43,1669066,0,2238587
FAIR,1,baseline,Q14,104,181,431,1788178463072,1788178464071,999,503.04,61,6676794,0,8874749
FAIR,1,baseline,Q14,104,181,434,1788178463073,1788178464110,1037,503.70,61,6677620,0,8872119
FAIR,1,baseline,Q14,104,181,435,1788178463073,1788178464116,1043,493.15,61,6678296,0,8872181
FAIR,1,baseline,Q14,104,181,432,1788178463072,1788178464130,1058,509.90,61,6678222,0,8873447
FAIR,1,baseline,Q14,104,181,430,1788178463072,1788178464149,1077,511.68,61,6677674,0,8874676
FAIR,1,baseline,Q14,104,181,433,1788178463073,1788178464168,1095,493.67,61,6679174,0,8873847
FAIR,1,baseline,Q18,105,185,446,1788178464805,1788178465561,756,341.68,47,0,11396280,0
FAIR,1,baseline,Q18,105,185,445,1788178464805,1788178465850,1045,799.62,72,0,11413836,0
FAIR,1,baseline,Q18,105,185,440,1788178464805,1788178465854,1049,842.87,72,0,11397674,0
FAIR,1,baseline,Q18,105,185,437,1788178464804,1788178465888,1084,843.36,76,0,11410837,0
FAIR,1,baseline,Q18,105,185,452,1788178464806,1788178465898,1092,836.76,76,0,11354353,0
FAIR,1,baseline,Q18,105,185,447,1788178464805,1788178465899,1094,816.70,76,0,11410383,0
FAIR,1,baseline,Q18,105,185,441,1788178464805,1788178465917,1112,800.14,76,0,11393041,0
FAIR,1,baseline,Q18,105,185,443,1788178464805,1788178465917,1112,825.62,76,0,11338468,0
FAIR,1,baseline,Q18,105,185,444,1788178464805,1788178465918,1113,802.33,76,0,11425234,0
FAIR,1,baseline,Q18,105,185,450,1788178464805,1788178465927,1122,834.78,68,0,11431888,0
FAIR,1,baseline,Q18,105,185,448,1788178464805,1788178465948,1143,784.11,76,0,11356291,0
FAIR,1,baseline,Q18,105,185,442,1788178464805,1788178465950,1145,820.27,76,0,11347331,0
FAIR,1,baseline,Q18,105,185,439,1788178464804,1788178465952,1148,808.50,76,0,11328172,0
FAIR,1,baseline,Q18,105,185,438,1788178464804,1788178465964,1160,783.76,76,0,11440429,0
FAIR,1,baseline,Q18,105,185,451,1788178464806,1788178465964,1158,797.29,76,0,11412119,0
FAIR,1,baseline,Q18,105,185,449,1788178464805,1788178465973,1168,814.26,76,0,11430722,0
FAIR,1,baseline,Q18,105,185,453,1788178465558,1788178466041,483,373.94,25,0,7589199,0
FAIR,2,baseline,Q1,106,186,460,1788178498993,1788178499704,711,610.88,69,2744914,0,845
FAIR,2,baseline,Q1,106,186,455,1788178498992,1788178501578,2586,2215.55,165,10980258,0,840
FAIR,2,baseline,Q1,106,186,457,1788178498993,1788178501628,2635,2234.07,167,10982658,0,844
FAIR,2,baseline,Q1,106,186,456,1788178498992,1788178501628,2636,2243.13,167,10981694,0,840
FAIR,2,baseline,Q1,106,186,459,1788178498993,1788178501629,2636,2234.24,167,10981748,0,840
FAIR,2,baseline,Q1,106,186,458,1788178498993,1788178501633,2640,2260.19,167,10981092,0,819
FAIR,2,baseline,Q1,106,186,454,1788178498992,1788178501639,2647,2251.84,167,10981126,0,841
FAIR,2,baseline,Q1,107,188,461,1788178501672,1788178501679,7,4.44,0,0,5869,0
FAIR,2,baseline,Q1,108,190,462,1788178501684,1788178501691,7,3.54,0,0,5869,844
FAIR,2,baseline,Q1,109,193,463,1788178501706,1788178501710,4,1.24,0,0,844,0
FAIR,2,baseline,Q1,110,194,470,1788178503247,1788178503397,150,111.00,15,3269202,0,1965203
FAIR,2,baseline,Q1,110,194,464,1788178503246,1788178503762,516,380.88,48,13078278,0,7750473
FAIR,2,baseline,Q1,110,194,467,1788178503247,1788178503763,516,386.55,48,13079810,0,7735803
FAIR,2,baseline,Q1,110,194,468,1788178503247,1788178503769,522,391.49,48,13078244,0,7738877
FAIR,2,baseline,Q1,110,194,466,1788178503247,1788178503769,522,384.11,48,13078846,0,7738331
FAIR,2,baseline,Q1,110,194,469,1788178503247,1788178503774,527,389.66,48,13078900,0,7743364
FAIR,2,baseline,Q1,110,194,465,1788178503246,1788178503780,534,394.40,48,13077410,0,7743802
FAIR,2,baseline,Q1,111,195,471,1788178503249,1788178503318,69,29.50,15,1484824,0,0
FAIR,2,baseline,Q1,112,196,472,1788178503351,1788178503677,326,251.37,33,11640628,0,1604055
FAIR,2,baseline,Q1,113,198,473,1788178503697,1788178503735,38,29.01,0,0,1604055,0
FAIR,2,baseline,Q3,114,200,482,1788178503821,1788178503895,74,57.15,6,0,2908811,0
FAIR,2,baseline,Q3,114,200,485,1788178503821,1788178503897,76,55.44,6,0,2888143,0
FAIR,2,baseline,Q3,114,200,477,1788178503820,1788178503898,78,57.26,6,0,2887662,0
FAIR,2,baseline,Q3,114,200,483,1788178503821,1788178503899,78,55.39,6,0,2895551,0
FAIR,2,baseline,Q3,114,200,475,1788178503820,1788178503899,79,56.11,6,0,2919240,0
FAIR,2,baseline,Q3,114,200,481,1788178503821,1788178503901,80,56.15,6,0,2910947,0
FAIR,2,baseline,Q3,114,200,476,1788178503820,1788178503901,81,56.59,6,0,2899714,0
FAIR,2,baseline,Q3,114,200,474,1788178503820,1788178503903,83,55.43,6,0,2898550,0
FAIR,2,baseline,Q3,114,200,480,1788178503820,1788178503905,85,55.77,6,0,2886189,0
FAIR,2,baseline,Q3,114,200,487,1788178503821,1788178503905,84,57.75,6,0,2941007,0
FAIR,2,baseline,Q3,114,200,489,1788178503821,1788178503905,84,54.94,6,0,2897449,0
FAIR,2,baseline,Q3,114,200,488,1788178503821,1788178503906,85,56.57,6,0,2925625,0
FAIR,2,baseline,Q3,114,200,486,1788178503821,1788178503926,105,50.79,6,0,2929089,0
FAIR,2,baseline,Q3,114,200,479,1788178503820,1788178503927,107,58.17,6,0,2895639,0
FAIR,2,baseline,Q3,114,200,478,1788178503820,1788178503929,109,59.95,6,0,2898701,0
FAIR,2,baseline,Q3,114,200,490,1788178503893,1788178503932,39,33.25,0,0,1923841,0
FAIR,2,baseline,Q3,114,200,484,1788178503821,1788178503934,113,55.01,6,0,2909695,0
FAIR,2,baseline,Q3,115,201,497,1788178505414,1788178505498,84,51.23,4,3298702,0,79
FAIR,2,baseline,Q3,115,201,496,1788178505413,1788178505666,253,167.60,11,13196956,0,79
FAIR,2,baseline,Q3,115,201,495,1788178505413,1788178505666,253,163.50,11,13196308,0,79
FAIR,2,baseline,Q3,115,201,494,1788178505413,1788178505669,256,167.57,11,13197882,0,79
FAIR,2,baseline,Q3,115,201,493,1788178505413,1788178505671,258,171.16,11,13196906,0,79
FAIR,2,baseline,Q3,115,201,492,1788178505412,1788178505672,260,175.26,11,13195474,0,79
FAIR,2,baseline,Q3,115,201,491,1788178505412,1788178505675,263,177.26,11,13196314,0,79
FAIR,2,baseline,Q3,116,203,498,1788178505685,1788178505688,3,0.99,0,0,553,0
FAIR,2,baseline,Q6,117,204,499,1788178507426,1788178508041,615,495.35,54,3317556,0,14534997
FAIR,2,baseline,Q6,118,205,506,1788178507432,1788178507570,138,78.80,36,3825626,0,26922
FAIR,2,baseline,Q6,118,205,501,1788178507431,1788178507762,331,208.11,47,15303234,0,58962
FAIR,2,baseline,Q6,118,205,504,1788178507432,1788178507765,333,208.21,47,15304056,0,58481
FAIR,2,baseline,Q6,118,205,505,1788178507432,1788178507777,345,224.28,47,15304688,0,59166
FAIR,2,baseline,Q6,118,205,500,1788178507431,1788178507777,346,220.46,47,15304022,0,59807
FAIR,2,baseline,Q6,118,205,502,1788178507431,1788178507778,347,221.32,47,15304618,0,58647
FAIR,2,baseline,Q6,118,205,503,1788178507431,1788178507779,348,220.69,47,15305646,0,57595
FAIR,2,baseline,Q12,119,207,507,1788178507805,1788178507822,17,14.78,0,0,379580,0
FAIR,2,baseline,Q12,120,209,521,1788178508066,1788178508097,31,25.72,0,0,1015509,154
FAIR,2,baseline,Q12,120,209,518,1788178508066,1788178508097,31,26.84,0,0,1021753,154
FAIR,2,baseline,Q12,120,209,517,1788178508066,1788178508100,34,27.84,0,0,1015101,154
FAIR,2,baseline,Q12,120,209,520,1788178508066,1788178508101,35,30.34,0,0,1015360,154
FAIR,2,baseline,Q12,120,209,513,1788178508066,1788178508102,36,30.64,0,0,1014559,154
FAIR,2,baseline,Q12,120,209,509,1788178508066,1788178508103,37,32.11,0,0,1090764,154
FAIR,2,baseline,Q12,120,209,511,1788178508066,1788178508104,38,32.79,0,0,1090847,154
FAIR,2,baseline,Q12,120,209,515,1788178508066,1788178508108,42,31.29,0,0,1016185,154
FAIR,2,baseline,Q12,120,209,510,1788178508066,1788178508108,42,31.26,0,0,1087458,154
FAIR,2,baseline,Q12,120,209,519,1788178508066,1788178508111,45,30.88,0,0,1020274,154
FAIR,2,baseline,Q12,120,209,516,1788178508066,1788178508112,46,28.42,0,0,1018284,154
FAIR,2,baseline,Q12,120,209,508,1788178508065,1788178508112,47,32.77,0,0,1092283,154
FAIR,2,baseline,Q12,120,209,514,1788178508066,1788178508113,47,32.82,0,0,1021566,154
FAIR,2,baseline,Q12,120,209,512,1788178508066,1788178508113,47,32.59,0,0,1015054,154
FAIR,2,baseline,Q12,121,212,522,1788178508133,1788178508137,4,1.82,0,0,2156,0
FAIR,2,baseline,Q12,122,215,523,1788178508141,1788178508146,5,2.22,0,0,2156,154
FAIR,2,baseline,Q12,123,219,524,1788178508162,1788178508165,3,1.25,0,0,154,0
FAIR,2,baseline,Q12,124,220,525,1788178509717,1788178509775,58,40.57,0,1244534,0,0
FAIR,2,baseline,Q12,125,221,532,1788178509850,1788178509920,70,39.60,6,3269202,0,101
FAIR,2,baseline,Q12,125,221,529,1788178509850,1788178510094,244,145.23,19,13079810,0,99
FAIR,2,baseline,Q12,125,221,528,1788178509850,1788178510096,246,145.50,19,13078846,0,99
FAIR,2,baseline,Q12,125,221,531,1788178509850,1788178510097,247,153.04,19,13078900,0,99
FAIR,2,baseline,Q12,125,221,526,1788178509849,1788178510098,249,148.51,19,13078278,0,99
FAIR,2,baseline,Q12,125,221,530,1788178509850,1788178510098,248,153.62,19,13078244,0,99
FAIR,2,baseline,Q12,125,221,527,1788178509849,1788178510106,257,158.51,19,13077410,0,99
FAIR,2,baseline,Q12,126,223,533,1788178510117,1788178510120,3,0.89,0,0,695,0
FAIR,2,baseline,Q14,127,224,534,1788178511650,1788178512914,1264,814.69,74,14589748,0,30886715
FAIR,2,baseline,Q14,128,225,535,1788178511655,1788178511801,146,64.67,0,784744,0,0
FAIR,2,baseline,Q14,129,226,542,1788178511662,1788178512197,535,300.68,40,1669066,0,2548115
FAIR,2,baseline,Q14,129,226,540,1788178511662,1788178513337,1675,1003.31,109,6677620,0,8197158
FAIR,2,baseline,Q14,129,226,539,1788178511662,1788178513345,1683,1007.83,109,6679174,0,8197511
FAIR,2,baseline,Q14,129,226,538,1788178511661,1788178513349,1688,1013.22,109,6678222,0,8201066
FAIR,2,baseline,Q14,129,226,541,1788178511662,1788178513355,1693,1027.97,109,6678296,0,8202194
FAIR,2,baseline,Q14,129,226,536,1788178511661,1788178513364,1703,1032.17,109,6677674,0,8204481
FAIR,2,baseline,Q14,129,226,537,1788178511661,1788178513368,1707,981.04,109,6676794,0,8204443
FAIR,2,baseline,Q14,130,227,549,1788178511669,1788178512068,399,145.36,40,1669066,0,2238587
FAIR,2,baseline,Q14,130,227,547,1788178511669,1788178512887,1218,478.37,74,6677620,0,8872119
FAIR,2,baseline,Q14,130,227,544,1788178511667,1788178512889,1222,469.38,74,6676794,0,8874749
FAIR,2,baseline,Q14,130,227,546,1788178511668,1788178512902,1234,485.66,74,6679174,0,8873847
FAIR,2,baseline,Q14,130,227,548,1788178511669,1788178512905,1236,477.26,74,6678296,0,8872181
FAIR,2,baseline,Q14,130,227,543,1788178511666,1788178512921,1255,480.98,74,6677674,0,8874676
FAIR,2,baseline,Q14,130,227,545,1788178511667,1788178512925,1258,477.60,74,6678222,0,8873447
FAIR,2,baseline,Q18,131,231,559,1788178513426,1788178513878,452,370.68,13,0,11396280,0
FAIR,2,baseline,Q18,131,231,557,1788178513426,1788178514385,959,844.16,34,0,11425234,0
FAIR,2,baseline,Q18,131,231,558,1788178513426,1788178514423,997,842.32,34,0,11413836,0
FAIR,2,baseline,Q18,131,231,552,1788178513425,1788178514453,1028,869.78,36,0,11328172,0
FAIR,2,baseline,Q18,131,231,561,1788178513426,1788178514464,1038,882.04,36,0,11356291,0
FAIR,2,baseline,Q18,131,231,565,1788178513426,1788178514467,1041,886.65,36,0,11354353,0
FAIR,2,baseline,Q18,131,231,555,1788178513425,1788178514469,1044,891.81,36,0,11347331,0
FAIR,2,baseline,Q18,131,231,564,1788178513426,1788178514474,1048,882.77,36,0,11412119,0
FAIR,2,baseline,Q18,131,231,554,1788178513425,1788178514485,1060,832.67,36,0,11393041,0
FAIR,2,baseline,Q18,131,231,550,1788178513425,1788178514491,1066,899.74,36,0,11410837,0
FAIR,2,baseline,Q18,131,231,556,1788178513425,1788178514493,1068,864.10,36,0,11338468,0
FAIR,2,baseline,Q18,131,231,563,1788178513426,1788178514493,1067,858.03,36,0,11431888,0
FAIR,2,baseline,Q18,131,231,566,1788178513877,1788178514500,623,509.37,23,0,7589199,0
FAIR,2,baseline,Q18,131,231,560,1788178513426,1788178514511,1085,846.23,36,0,11410383,0
FAIR,2,baseline,Q18,131,231,553,1788178513425,1788178514514,1089,842.91,36,0,11397674,0
FAIR,2,baseline,Q18,131,231,562,1788178513426,1788178514524,1098,837.02,36,0,11430722,0
FAIR,2,baseline,Q18,131,231,551,1788178513425,1788178514530,1105,818.47,36,0,11440429,0
FAIR,2,concurrent,compaction,132,232,567,1788178545656,1788178564861,19205,15580.71,371,175454639,0,0
FAIR,2,concurrent,Q1,133,233,574,1788178547981,1788178548714,733,612.51,59,2744914,0,845
FAIR,2,concurrent,Q1,133,233,568,1788178547979,1788178550398,2419,2204.92,101,10981126,0,841
FAIR,2,concurrent,Q1,133,233,573,1788178547981,1788178550459,2478,2249.05,106,10981748,0,840
FAIR,2,concurrent,Q1,133,233,569,1788178547980,1788178550487,2507,2279.40,106,10980258,0,840
FAIR,2,concurrent,Q1,133,233,570,1788178547980,1788178550492,2512,2290.05,106,10981694,0,840
FAIR,2,concurrent,Q1,133,233,571,1788178547980,1788178550501,2521,2302.30,106,10982658,0,844
FAIR,2,concurrent,Q1,133,233,572,1788178547980,1788178550521,2541,2315.15,106,10981092,0,819
FAIR,2,concurrent,Q1,134,235,575,1788178550555,1788178550560,5,3.11,0,0,5869,0
FAIR,2,concurrent,Q1,135,237,576,1788178550565,1788178550572,7,3.47,0,0,5869,844
FAIR,2,concurrent,Q1,136,240,577,1788178550588,1788178550591,3,1.25,0,0,844,0
FAIR,2,concurrent,Q1,137,241,584,1788178552210,1788178552419,209,135.84,29,3269202,0,1965203
FAIR,2,concurrent,Q1,137,241,582,1788178552209,1788178552946,737,385.09,29,13078244,0,7738877
FAIR,2,concurrent,Q1,137,241,581,1788178552209,1788178552988,779,407.40,29,13079810,0,7735803
FAIR,2,concurrent,Q1,137,241,578,1788178552208,1788178552991,783,404.22,29,13078278,0,7750473
FAIR,2,concurrent,Q1,137,241,580,1788178552209,1788178552992,783,404.89,29,13078846,0,7738331
FAIR,2,concurrent,Q1,137,241,579,1788178552209,1788178553003,794,402.28,29,13077410,0,7743802
FAIR,2,concurrent,Q1,137,241,583,1788178552210,1788178553034,824,417.05,29,13078900,0,7743364
FAIR,2,concurrent,Q1,138,242,585,1788178552213,1788178552279,66,29.12,0,1484824,0,0
FAIR,2,concurrent,Q1,139,243,586,1788178552315,1788178552815,500,281.58,29,11640628,0,1604055
FAIR,2,concurrent,Q3,140,245,587,1788178552835,1788178552880,45,32.39,0,0,1604055,0
FAIR,2,concurrent,Q3,141,247,602,1788178553069,1788178553135,66,57.16,0,0,2925625,0
FAIR,2,concurrent,Q3,141,247,598,1788178553069,1788178553135,66,56.05,0,0,2909695,0
FAIR,2,concurrent,Q3,141,247,600,1788178553069,1788178553135,66,57.02,0,0,2929089,0
FAIR,2,concurrent,Q3,141,247,596,1788178553069,1788178553136,67,57.74,0,0,2908811,0
FAIR,2,concurrent,Q3,141,247,592,1788178553069,1788178553141,72,57.28,0,0,2898701,0
FAIR,2,concurrent,Q3,141,247,591,1788178553069,1788178553142,73,63.17,0,0,2887662,0
FAIR,2,concurrent,Q3,141,247,594,1788178553069,1788178553143,74,58.44,0,0,2886189,0
FAIR,2,concurrent,Q3,141,247,593,1788178553069,1788178553149,80,57.15,0,0,2895639,0
FAIR,2,concurrent,Q3,141,247,597,1788178553069,1788178553149,80,58.28,0,0,2895551,0
FAIR,2,concurrent,Q3,141,247,588,1788178553069,1788178553162,93,57.73,0,0,2898550,0
FAIR,2,concurrent,Q3,141,247,589,1788178553069,1788178553162,93,59.15,0,0,2919240,0
FAIR,2,concurrent,Q3,141,247,599,1788178553069,1788178553168,99,55.30,0,0,2888143,0
FAIR,2,concurrent,Q3,141,247,601,1788178553069,1788178553168,99,55.26,0,0,2941007,0
FAIR,2,concurrent,Q3,141,247,604,1788178553132,1788178553172,40,34.08,0,0,1923841,0
FAIR,2,concurrent,Q3,141,247,590,1788178553069,1788178553174,105,56.97,0,0,2899714,0
FAIR,2,concurrent,Q3,141,247,595,1788178553069,1788178553180,111,62.48,0,0,2910947,0
FAIR,2,concurrent,Q3,141,247,603,1788178553132,1788178553189,57,47.09,0,0,2897449,0
FAIR,2,concurrent,Q3,142,248,611,1788178554949,1788178555038,89,52.33,0,3298702,0,79
FAIR,2,concurrent,Q3,142,248,609,1788178554948,1788178555189,241,156.08,0,13196308,0,79
FAIR,2,concurrent,Q3,142,248,605,1788178554929,1788178555193,264,155.97,0,13196314,0,79
FAIR,2,concurrent,Q3,142,248,606,1788178554929,1788178555193,264,156.31,0,13195474,0,79
FAIR,2,concurrent,Q3,142,248,610,1788178554949,1788178555196,247,158.02,0,13196956,0,79
FAIR,2,concurrent,Q3,142,248,608,1788178554930,1788178555197,267,165.17,0,13197882,0,79
FAIR,2,concurrent,Q3,142,248,607,1788178554930,1788178555198,268,169.47,0,13196906,0,79
FAIR,2,concurrent,Q3,143,250,612,1788178555210,1788178555212,2,0.65,0,0,553,0
FAIR,2,concurrent,Q6,144,251,613,1788178556846,1788178557372,526,452.33,34,3317556,0,14534997
FAIR,2,concurrent,Q6,145,252,620,1788178556852,1788178556994,142,81.09,34,3825626,0,26922
FAIR,2,concurrent,Q6,145,252,618,1788178556852,1788178557187,335,211.71,34,15304056,0,58481
FAIR,2,concurrent,Q6,145,252,616,1788178556851,1788178557187,336,214.62,34,15304618,0,58647
FAIR,2,concurrent,Q6,145,252,614,1788178556851,1788178557192,341,214.47,34,15304022,0,59807
FAIR,2,concurrent,Q6,145,252,617,1788178556851,1788178557194,343,217.73,34,15305646,0,57595
FAIR,2,concurrent,Q6,145,252,615,1788178556851,1788178557198,347,224.34,34,15303234,0,58962
FAIR,2,concurrent,Q6,145,252,619,1788178556852,1788178557207,355,231.72,34,15304688,0,59166
FAIR,2,concurrent,Q6,146,254,621,1788178557222,1788178557236,14,11.24,0,0,379580,0
FAIR,2,concurrent,Q12,147,256,622,1788178557395,1788178557423,28,24.34,0,0,1092283,154
FAIR,2,concurrent,Q12,147,256,626,1788178557395,1788178557429,34,29.51,0,0,1015054,154
FAIR,2,concurrent,Q12,147,256,631,1788178557396,1788178557430,34,30.31,0,0,1015101,154
FAIR,2,concurrent,Q12,147,256,633,1788178557396,1788178557430,34,29.50,0,0,1020274,154
FAIR,2,concurrent,Q12,147,256,628,1788178557395,1788178557430,35,28.90,0,0,1021566,154
FAIR,2,concurrent,Q12,147,256,623,1788178557395,1788178557431,36,30.99,0,0,1090764,154
FAIR,2,concurrent,Q12,147,256,632,1788178557396,1788178557431,35,29.34,0,0,1021753,154
FAIR,2,concurrent,Q12,147,256,629,1788178557396,1788178557431,35,30.23,0,0,1016185,154
FAIR,2,concurrent,Q12,147,256,635,1788178557396,1788178557431,35,30.10,0,0,1015509,154
FAIR,2,concurrent,Q12,147,256,624,1788178557395,1788178557432,37,31.16,0,0,1087458,154
FAIR,2,concurrent,Q12,147,256,627,1788178557395,1788178557432,37,30.98,0,0,1014559,154
FAIR,2,concurrent,Q12,147,256,630,1788178557396,1788178557432,36,31.56,0,0,1018284,154
FAIR,2,concurrent,Q12,147,256,625,1788178557395,1788178557433,38,31.70,0,0,1090847,154
FAIR,2,concurrent,Q12,147,256,634,1788178557396,1788178557433,37,29.11,0,0,1015360,154
FAIR,2,concurrent,Q12,148,259,636,1788178557452,1788178557457,5,1.80,0,0,2156,0
FAIR,2,concurrent,Q12,149,262,637,1788178557461,1788178557466,5,2.11,0,0,2156,154
FAIR,2,concurrent,Q12,150,266,638,1788178557482,1788178557485,3,1.05,0,0,154,0
FAIR,2,concurrent,Q12,151,267,639,1788178559360,1788178559437,77,49.31,0,1244534,0,0
FAIR,2,concurrent,Q12,152,268,646,1788178559516,1788178559600,84,39.22,0,3269202,0,101
FAIR,2,concurrent,Q12,152,268,643,1788178559516,1788178559842,326,140.97,21,13079810,0,99
FAIR,2,concurrent,Q12,152,268,645,1788178559516,1788178559846,330,144.52,21,13078900,0,99
FAIR,2,concurrent,Q12,152,268,641,1788178559515,1788178559848,333,143.26,21,13077410,0,99
FAIR,2,concurrent,Q12,152,268,640,1788178559515,1788178559849,334,150.75,21,13078278,0,99
FAIR,2,concurrent,Q12,152,268,642,1788178559516,1788178559849,333,149.07,21,13078846,0,99
FAIR,2,concurrent,Q12,152,268,644,1788178559516,1788178559852,336,150.33,21,13078244,0,99
FAIR,2,concurrent,Q14,153,270,647,1788178559864,1788178559866,2,0.74,0,0,695,0
FAIR,2,concurrent,Q14,154,271,648,1788178561517,1788178562770,1253,983.26,115,14589748,0,30886715
FAIR,2,concurrent,Q14,155,272,649,1788178561527,1788178561636,109,63.65,0,784744,0,0
FAIR,2,concurrent,Q14,156,273,656,1788178561532,1788178562032,500,373.28,58,1669066,0,2548115
FAIR,2,concurrent,Q14,156,273,653,1788178561531,1788178563004,1473,1144.30,119,6679174,0,8197511
FAIR,2,concurrent,Q14,156,273,654,1788178561531,1788178563005,1474,1141.24,119,6677620,0,8197158
FAIR,2,concurrent,Q14,156,273,650,1788178561530,1788178563017,1487,1156.65,119,6677674,0,8204481
FAIR,2,concurrent,Q14,156,273,655,1788178561532,1788178563018,1486,1137.38,119,6678296,0,8202194
FAIR,2,concurrent,Q14,156,273,651,1788178561530,1788178563026,1496,1154.96,119,6676794,0,8204443
FAIR,2,concurrent,Q14,156,273,652,1788178561531,1788178563036,1505,1168.40,119,6678222,0,8201066
FAIR,2,concurrent,Q14,157,274,663,1788178561628,1788178561895,267,162.44,31,1669066,0,2238587
FAIR,2,concurrent,Q14,157,274,662,1788178561535,1788178562349,814,542.26,64,6678296,0,8872181
FAIR,2,concurrent,Q14,157,274,657,1788178561533,1788178562370,837,555.00,64,6677674,0,8874676
FAIR,2,concurrent,Q14,157,274,658,1788178561533,1788178562371,838,553.85,64,6676794,0,8874749
FAIR,2,concurrent,Q14,157,274,660,1788178561534,1788178562372,838,558.31,64,6679174,0,8873847
FAIR,2,concurrent,Q14,157,274,659,1788178561534,1788178562373,839,556.89,64,6678222,0,8873447
FAIR,2,concurrent,Q14,157,274,661,1788178561534,1788178562374,840,546.76,64,6677620,0,8872119
FAIR,2,concurrent,Q18,158,278,673,1788178563105,1788178563532,427,352.41,17,0,11396280,0
FAIR,2,concurrent,Q18,158,278,672,1788178563105,1788178564050,945,822.73,41,0,11413836,0
FAIR,2,concurrent,Q18,158,278,674,1788178563105,1788178564092,987,844.05,44,0,11410383,0
FAIR,2,concurrent,Q18,158,278,666,1788178563104,1788178564113,1009,877.07,44,0,11328172,0
FAIR,2,concurrent,Q18,158,278,671,1788178563105,1788178564116,1011,802.34,44,0,11425234,0
FAIR,2,concurrent,Q18,158,278,667,1788178563104,1788178564145,1041,890.71,44,0,11397674,0
FAIR,2,concurrent,Q18,158,278,675,1788178563105,1788178564154,1049,867.81,44,0,11356291,0
FAIR,2,concurrent,Q18,158,278,676,1788178563105,1788178564154,1049,856.44,44,0,11430722,0
FAIR,2,concurrent,Q18,158,278,668,1788178563104,1788178564154,1050,819.52,44,0,11393041,0
FAIR,2,concurrent,Q18,158,278,665,1788178563104,1788178564157,1053,850.52,44,0,11440429,0
FAIR,2,concurrent,Q18,158,278,664,1788178563104,1788178564157,1053,874.40,44,0,11410837,0
FAIR,2,concurrent,Q18,158,278,677,1788178563105,1788178564158,1053,851.52,44,0,11431888,0
FAIR,2,concurrent,Q18,158,278,670,1788178563105,1788178564161,1056,817.73,44,0,11338468,0
FAIR,2,concurrent,Q18,158,278,678,1788178563105,1788178564176,1071,838.17,44,0,11412119,0
FAIR,2,concurrent,Q18,158,278,669,1788178563104,1788178564182,1078,841.16,44,0,11347331,0
FAIR,2,concurrent,Q18,158,278,679,1788178563530,1788178564294,764,683.41,21,0,11354353,0
FAIR,2,concurrent,Q18,158,278,680,1788178564044,1788178564335,291,254.90,3,0,7589199,0
FAIR,3,concurrent,compaction,159,279,681,1788178595698,1788178618126,22428,17766.37,444,175454639,0,0
FAIR,3,concurrent,Q1,160,280,688,1788178597678,1788178598649,971,705.09,58,2744914,0,845
FAIR,3,concurrent,Q1,160,280,687,1788178597678,1788178600732,3054,2605.00,134,10981748,0,840
FAIR,3,concurrent,Q1,160,280,682,1788178597676,1788178600782,3106,2675.52,134,10981126,0,841
FAIR,3,concurrent,Q1,160,280,684,1788178597677,1788178600790,3113,2668.98,134,10981694,0,840
FAIR,3,concurrent,Q1,160,280,685,1788178597677,1788178600806,3129,2688.75,134,10982658,0,844
FAIR,3,concurrent,Q1,160,280,686,1788178597677,1788178600812,3135,2711.69,134,10981092,0,819
FAIR,3,concurrent,Q1,160,280,683,1788178597677,1788178600865,3188,2775.73,134,10980258,0,840
FAIR,3,concurrent,Q1,161,282,689,1788178600904,1788178600911,7,3.74,0,0,5869,0
FAIR,3,concurrent,Q1,162,284,690,1788178600917,1788178600925,8,4.61,0,0,5869,844
FAIR,3,concurrent,Q1,163,287,691,1788178600943,1788178600948,5,1.51,0,0,844,0
FAIR,3,concurrent,Q1,164,288,698,1788178603008,1788178603242,234,152.28,0,3269202,0,1965203
FAIR,3,concurrent,Q1,164,288,696,1788178603008,1788178603587,579,441.08,0,13078244,0,7738877
FAIR,3,concurrent,Q1,164,288,697,1788178603008,1788178603616,608,470.23,0,13078900,0,7743364
FAIR,3,concurrent,Q1,164,288,692,1788178603007,1788178603618,611,458.08,0,13078278,0,7750473
FAIR,3,concurrent,Q1,164,288,695,1788178603008,1788178603619,611,456.40,0,13079810,0,7735803
FAIR,3,concurrent,Q1,164,288,693,1788178603007,1788178603621,614,457.37,0,13077410,0,7743802
FAIR,3,concurrent,Q1,164,288,694,1788178603007,1788178603629,622,457.17,0,13078846,0,7738331
FAIR,3,concurrent,Q1,165,289,699,1788178603014,1788178603118,104,33.05,0,1484824,0,0
FAIR,3,concurrent,Q3,166,290,700,1788178603181,1788178603564,383,332.42,0,11640628,0,1604055
FAIR,3,concurrent,Q3,167,292,701,1788178603589,1788178603634,45,33.24,0,0,1604055,0
FAIR,3,concurrent,Q3,168,294,712,1788178603779,1788178603845,66,59.77,0,0,2909695,0
FAIR,3,concurrent,Q3,168,294,704,1788178603779,1788178603851,72,60.03,0,0,2899714,0
FAIR,3,concurrent,Q3,168,294,716,1788178603780,1788178603852,72,60.84,0,0,2925625,0
FAIR,3,concurrent,Q3,168,294,705,1788178603779,1788178603854,75,60.54,0,0,2887662,0
FAIR,3,concurrent,Q3,168,294,709,1788178603779,1788178603858,79,60.45,0,0,2910947,0
FAIR,3,concurrent,Q3,168,294,706,1788178603779,1788178603862,83,58.35,0,0,2898701,0
FAIR,3,concurrent,Q3,168,294,707,1788178603779,1788178603862,83,58.94,0,0,2895639,0
FAIR,3,concurrent,Q3,168,294,715,1788178603780,1788178603865,85,59.51,0,0,2941007,0
FAIR,3,concurrent,Q3,168,294,708,1788178603779,1788178603868,89,61.07,0,0,2886189,0
FAIR,3,concurrent,Q3,168,294,702,1788178603779,1788178603869,90,59.99,0,0,2898550,0
FAIR,3,concurrent,Q3,168,294,710,1788178603779,1788178603870,91,63.14,0,0,2908811,0
FAIR,3,concurrent,Q3,168,294,703,1788178603779,1788178603873,94,67.49,0,0,2919240,0
FAIR,3,concurrent,Q3,168,294,711,1788178603779,1788178603912,133,60.97,26,0,2895551,0
FAIR,3,concurrent,Q3,168,294,713,1788178603779,1788178603918,139,59.29,26,0,2888143,0
FAIR,3,concurrent,Q3,168,294,714,1788178603780,1788178603919,139,58.28,26,0,2929089,0
FAIR,3,concurrent,Q3,168,294,718,1788178603849,1788178603924,75,40.56,26,0,1923841,0
FAIR,3,concurrent,Q3,168,294,717,1788178603844,1788178603945,101,53.71,26,0,2897449,0
FAIR,3,concurrent,Q6,169,295,725,1788178606225,1788178606316,91,57.21,0,3298702,0,79
FAIR,3,concurrent,Q6,169,295,722,1788178606224,1788178606516,292,193.45,0,13197882,0,79
FAIR,3,concurrent,Q6,169,295,721,1788178606224,1788178606520,296,195.42,0,13196906,0,79
FAIR,3,concurrent,Q6,169,295,719,1788178606223,1788178606528,305,202.53,0,13196314,0,79
FAIR,3,concurrent,Q6,169,295,723,1788178606224,1788178606528,304,199.52,0,13196308,0,79
FAIR,3,concurrent,Q6,169,295,724,1788178606224,1788178606528,304,202.01,0,13196956,0,79
FAIR,3,concurrent,Q6,169,295,720,1788178606224,1788178606535,311,206.38,0,13195474,0,79
FAIR,3,concurrent,Q6,170,297,726,1788178606550,1788178606553,3,0.95,0,0,553,0
FAIR,3,concurrent,Q6,171,298,727,1788178608436,1788178609050,614,571.66,0,3317556,0,14534997
FAIR,3,concurrent,Q6,172,299,734,1788178608443,1788178608577,134,93.15,0,3825626,0,26922
FAIR,3,concurrent,Q6,172,299,733,1788178608443,1788178608804,361,262.11,0,15304688,0,59166
FAIR,3,concurrent,Q6,172,299,729,1788178608442,1788178608804,362,257.05,0,15303234,0,58962
FAIR,3,concurrent,Q6,172,299,731,1788178608443,1788178608808,365,266.20,0,15305646,0,57595
FAIR,3,concurrent,Q6,172,299,728,1788178608442,1788178608809,367,269.50,0,15304022,0,59807
FAIR,3,concurrent,Q6,172,299,732,1788178608443,1788178608814,371,271.40,0,15304056,0,58481
FAIR,3,concurrent,Q6,172,299,730,1788178608442,1788178608820,378,276.31,0,15304618,0,58647
FAIR,3,concurrent,Q12,173,301,735,1788178608839,1788178608856,17,14.19,0,0,379580,0
FAIR,3,concurrent,Q12,174,303,741,1788178609089,1788178609128,39,33.23,0,0,1014559,154
FAIR,3,concurrent,Q12,174,303,747,1788178609089,1788178609129,40,34.50,0,0,1020274,154
FAIR,3,concurrent,Q12,174,303,742,1788178609089,1788178609134,45,32.46,0,0,1021566,154
FAIR,3,concurrent,Q12,174,303,748,1788178609089,1788178609135,46,33.23,0,0,1015360,154
FAIR,3,concurrent,Q12,174,303,739,1788178609088,1788178609136,48,34.12,0,0,1090847,154
FAIR,3,concurrent,Q12,174,303,746,1788178609089,1788178609138,49,33.65,0,0,1021753,154
FAIR,3,concurrent,Q12,174,303,743,1788178609089,1788178609138,49,33.61,0,0,1016185,154
FAIR,3,concurrent,Q12,174,303,738,1788178609088,1788178609139,51,36.01,0,0,1087458,154
FAIR,3,concurrent,Q12,174,303,745,1788178609089,1788178609142,53,33.27,0,0,1015101,154
FAIR,3,concurrent,Q12,174,303,737,1788178609088,1788178609143,55,35.06,0,0,1090764,154
FAIR,3,concurrent,Q12,174,303,736,1788178609088,1788178609143,55,34.20,0,0,1092283,154
FAIR,3,concurrent,Q12,174,303,744,1788178609089,1788178609148,59,32.36,0,0,1018284,154
FAIR,3,concurrent,Q12,174,303,749,1788178609089,1788178609152,63,31.56,0,0,1015509,154
FAIR,3,concurrent,Q12,174,303,740,1788178609088,1788178609152,64,32.07,0,0,1015054,154
FAIR,3,concurrent,Q12,175,306,750,1788178609178,1788178609185,7,2.85,0,0,2156,0
FAIR,3,concurrent,Q12,176,309,751,1788178609191,1788178609199,8,3.89,0,0,2156,154
FAIR,3,concurrent,Q12,177,313,752,1788178609218,1788178609224,6,2.03,0,0,154,0
FAIR,3,concurrent,Q14,178,314,753,1788178611816,1788178611898,82,49.15,0,1244534,0,0
FAIR,3,concurrent,Q14,179,315,760,1788178611995,1788178612098,103,46.63,0,3269202,0,101
FAIR,3,concurrent,Q14,179,315,755,1788178611993,1788178612369,376,174.54,0,13077410,0,99
FAIR,3,concurrent,Q14,179,315,758,1788178611994,1788178612377,383,172.95,0,13078244,0,99
FAIR,3,concurrent,Q14,179,315,757,1788178611994,1788178612377,383,172.23,0,13079810,0,99
FAIR,3,concurrent,Q14,179,315,759,1788178611995,1788178612377,382,174.32,0,13078900,0,99
FAIR,3,concurrent,Q14,179,315,756,1788178611994,1788178612377,383,170.39,0,13078846,0,99
FAIR,3,concurrent,Q14,179,315,754,1788178611993,1788178612378,385,178.57,0,13078278,0,99
FAIR,3,concurrent,Q14,180,317,761,1788178612399,1788178612403,4,1.18,0,0,695,0
FAIR,3,concurrent,Q14,181,318,762,1788178614417,1788178615860,1443,1027.32,111,14589748,0,30886715
FAIR,3,concurrent,Q14,182,319,763,1788178614424,1788178614623,199,64.26,37,784744,0,0
FAIR,3,concurrent,Q14,183,320,770,1788178614432,1788178615033,601,419.93,88,1669066,0,2548115
FAIR,3,concurrent,Q14,183,320,767,1788178614431,1788178616465,2034,1360.99,156,6679174,0,8197511
FAIR,3,concurrent,Q14,183,320,768,1788178614431,1788178616558,2127,1347.87,156,6677620,0,8197158
FAIR,3,concurrent,Q14,183,320,765,1788178614430,1788178616559,2129,1433.59,156,6676794,0,8204443
FAIR,3,concurrent,Q14,183,320,764,1788178614430,1788178616579,2149,1424.35,156,6677674,0,8204481
FAIR,3,concurrent,Q14,183,320,769,1788178614431,1788178616582,2151,1400.57,156,6678296,0,8202194
FAIR,3,concurrent,Q14,183,320,766,1788178614431,1788178616597,2166,1408.96,156,6678222,0,8201066
FAIR,3,concurrent,Q14,184,321,777,1788178614614,1788178614905,291,169.25,0,1669066,0,2238587
FAIR,3,concurrent,Q14,184,321,775,1788178614441,1788178615541,1100,602.87,111,6677620,0,8872119
FAIR,3,concurrent,Q14,184,321,771,1788178614439,1788178615563,1124,592.29,111,6677674,0,8874676
FAIR,3,concurrent,Q14,184,321,773,1788178614440,1788178615570,1130,590.28,111,6678222,0,8873447
FAIR,3,concurrent,Q14,184,321,774,1788178614440,1788178615603,1163,603.01,111,6679174,0,8873847
FAIR,3,concurrent,Q14,184,321,772,1788178614440,1788178615603,1163,589.44,111,6676794,0,8874749
FAIR,3,concurrent,Q14,184,321,776,1788178614441,1788178615619,1178,586.11,111,6678296,0,8872181
FAIR,3,concurrent,Q18,185,325,787,1788178616678,1788178617176,498,362.11,13,0,11396280,0
FAIR,3,concurrent,Q18,185,325,790,1788178616679,1788178617731,1052,872.11,37,0,11430722,0
FAIR,3,concurrent,Q18,185,325,789,1788178616679,1788178617783,1104,878.56,37,0,11356291,0
FAIR,3,concurrent,Q18,185,325,782,1788178616678,1788178617880,1202,838.18,51,0,11393041,0
FAIR,3,concurrent,Q18,185,325,792,1788178616679,1788178617881,1202,864.10,51,0,11412119,0
FAIR,3,concurrent,Q18,185,325,780,1788178616678,1788178617896,1218,908.77,51,0,11328172,0
FAIR,3,concurrent,Q18,185,325,781,1788178616678,1788178617934,1256,913.49,51,0,11397674,0
FAIR,3,concurrent,Q18,185,325,791,1788178616679,1788178617982,1303,883.13,51,0,11431888,0
FAIR,3,concurrent,Q18,185,325,785,1788178616678,1788178618001,1323,838.40,51,0,11425234,0
FAIR,3,concurrent,Q18,185,325,788,1788178616679,1788178618008,1329,855.87,51,0,11410383,0
FAIR,3,concurrent,Q18,185,325,784,1788178616678,1788178618011,1333,865.81,51,0,11338468,0
FAIR,3,concurrent,Q18,185,325,783,1788178616678,1788178618026,1348,888.10,51,0,11347331,0
FAIR,3,concurrent,Q18,185,325,778,1788178616678,1788178618084,1406,846.72,51,0,11410837,0
FAIR,3,concurrent,Q18,185,325,779,1788178616678,1788178618112,1434,827.06,51,0,11440429,0
FAIR,3,concurrent,Q18,185,325,786,1788178616678,1788178618127,1449,734.67,51,0,11413836,0
FAIR,3,concurrent,Q18,185,325,793,1788178617169,1788178618152,983,769.51,41,0,11354353,0
FAIR,3,concurrent,Q18,185,325,794,1788178617727,1788178618165,438,362.30,17,0,7589199,0
FAIR,3,baseline,Q1,186,326,801,1788178652912,1788178653662,750,684.46,30,2744914,0,845
FAIR,3,baseline,Q1,186,326,800,1788178652912,1788178655696,2784,2435.08,96,10981748,0,840
FAIR,3,baseline,Q1,186,326,799,1788178652912,1788178655715,2803,2472.12,96,10981092,0,819
FAIR,3,baseline,Q1,186,326,798,1788178652912,1788178655721,2809,2481.11,96,10982658,0,844
FAIR,3,baseline,Q1,186,326,795,1788178652911,1788178655723,2812,2474.03,96,10981126,0,841
FAIR,3,baseline,Q1,186,326,796,1788178652911,1788178655723,2812,2481.65,96,10980258,0,840
FAIR,3,baseline,Q1,186,326,797,1788178652912,1788178655753,2841,2486.41,96,10981694,0,840
FAIR,3,baseline,Q1,187,328,802,1788178655788,1788178655794,6,3.02,0,0,5869,0
FAIR,3,baseline,Q1,188,330,803,1788178655800,1788178655807,7,4.00,0,0,5869,844
FAIR,3,baseline,Q1,189,333,804,1788178655824,1788178655828,4,1.17,0,0,844,0
FAIR,3,baseline,Q1,190,334,811,1788178657428,1788178657644,216,136.23,27,3269202,0,1965203
FAIR,3,baseline,Q1,190,334,806,1788178657427,1788178657914,487,346.84,27,13077410,0,7743802
FAIR,3,baseline,Q1,190,334,805,1788178657427,1788178657932,505,374.45,27,13078278,0,7750473
FAIR,3,baseline,Q1,190,334,809,1788178657428,1788178657949,521,388.15,27,13078244,0,7738877
FAIR,3,baseline,Q1,190,334,808,1788178657427,1788178657951,524,389.20,27,13079810,0,7735803
FAIR,3,baseline,Q1,190,334,810,1788178657428,1788178657952,524,389.37,27,13078900,0,7743364
FAIR,3,baseline,Q1,190,334,807,1788178657427,1788178657961,534,387.37,27,13078846,0,7738331
FAIR,3,baseline,Q1,191,335,812,1788178657430,1788178657473,43,24.44,0,1484824,0,0
FAIR,3,baseline,Q1,192,336,813,1788178657535,1788178657874,339,272.87,0,11640628,0,1604055
FAIR,3,baseline,Q3,193,338,814,1788178657896,1788178657947,51,41.56,0,0,1604055,0
FAIR,3,baseline,Q3,194,340,827,1788178658024,1788178658088,64,51.61,0,0,2929089,0
FAIR,3,baseline,Q3,194,340,830,1788178658024,1788178658088,64,55.60,0,0,2897449,0
FAIR,3,baseline,Q3,194,340,815,1788178658023,1788178658088,65,55.55,0,0,2898550,0
FAIR,3,baseline,Q3,194,340,825,1788178658023,1788178658088,65,55.66,0,0,2909695,0
FAIR,3,baseline,Q3,194,340,816,1788178658023,1788178658089,66,55.18,0,0,2919240,0
FAIR,3,baseline,Q3,194,340,823,1788178658023,1788178658089,66,54.82,0,0,2908811,0
FAIR,3,baseline,Q3,194,340,818,1788178658023,1788178658089,66,55.65,0,0,2887662,0
FAIR,3,baseline,Q3,194,340,828,1788178658024,1788178658089,65,56.22,0,0,2941007,0
FAIR,3,baseline,Q3,194,340,824,1788178658023,1788178658089,66,54.56,0,0,2895551,0
FAIR,3,baseline,Q3,194,340,829,1788178658024,1788178658090,66,57.42,0,0,2925625,0
FAIR,3,baseline,Q3,194,340,817,1788178658023,1788178658090,67,57.81,0,0,2899714,0
FAIR,3,baseline,Q3,194,340,820,1788178658023,1788178658109,86,53.75,0,0,2895639,0
FAIR,3,baseline,Q3,194,340,819,1788178658023,1788178658117,94,56.48,0,0,2898701,0
FAIR,3,baseline,Q3,194,340,821,1788178658023,1788178658117,94,57.18,0,0,2886189,0
FAIR,3,baseline,Q3,194,340,826,1788178658023,1788178658117,94,53.87,0,0,2888143,0
FAIR,3,baseline,Q3,194,340,831,1788178658082,1788178658122,40,30.26,0,0,1923841,0
FAIR,3,baseline,Q3,194,340,822,1788178658023,1788178658122,99,57.33,0,0,2910947,0
FAIR,3,baseline,Q3,195,341,838,1788178659691,1788178659765,74,45.78,0,3298702,0,79
FAIR,3,baseline,Q3,195,341,837,1788178659691,1788178659957,266,161.72,22,13196956,0,79
FAIR,3,baseline,Q3,195,341,835,1788178659690,1788178659961,271,162.92,22,13197882,0,79
FAIR,3,baseline,Q3,195,341,832,1788178659690,1788178659962,272,163.93,22,13196314,0,79
FAIR,3,baseline,Q3,195,341,834,1788178659690,1788178659967,277,167.23,22,13196906,0,79
FAIR,3,baseline,Q3,195,341,833,1788178659690,1788178659967,277,164.65,22,13195474,0,79
FAIR,3,baseline,Q3,195,341,836,1788178659691,1788178659967,276,168.66,22,13196308,0,79
FAIR,3,baseline,Q3,196,343,839,1788178659978,1788178659980,2,0.73,0,0,553,0
FAIR,3,baseline,Q6,197,344,840,1788178661823,1788178662362,539,503.78,0,3317556,0,14534997
FAIR,3,baseline,Q6,198,345,847,1788178661832,1788178661944,112,84.75,0,3825626,0,26922
FAIR,3,baseline,Q6,198,345,843,1788178661831,1788178662149,318,228.79,0,15304618,0,58647
FAIR,3,baseline,Q6,198,345,846,1788178661832,1788178662149,317,229.10,0,15304688,0,59166
FAIR,3,baseline,Q6,198,345,841,1788178661831,1788178662155,324,235.76,0,15304022,0,59807
FAIR,3,baseline,Q6,198,345,845,1788178661832,1788178662155,323,241.57,0,15304056,0,58481
FAIR,3,baseline,Q6,198,345,844,1788178661832,1788178662158,326,239.41,0,15305646,0,57595
FAIR,3,baseline,Q6,198,345,842,1788178661831,1788178662162,331,246.07,0,15303234,0,58962
FAIR,3,baseline,Q12,199,347,848,1788178662175,1788178662187,12,10.00,0,0,379580,0
FAIR,3,baseline,Q12,200,349,855,1788178662386,1788178662415,29,23.62,0,0,1021566,154
FAIR,3,baseline,Q12,200,349,862,1788178662386,1788178662416,30,24.92,0,0,1015509,154
FAIR,3,baseline,Q12,200,349,859,1788178662386,1788178662422,36,31.10,0,0,1021753,154
FAIR,3,baseline,Q12,200,349,853,1788178662386,1788178662422,36,31.29,0,0,1015054,154
FAIR,3,baseline,Q12,200,349,860,1788178662386,1788178662422,36,31.83,0,0,1020274,154
FAIR,3,baseline,Q12,200,349,858,1788178662386,1788178662422,36,32.01,0,0,1015101,154
FAIR,3,baseline,Q12,200,349,856,1788178662386,1788178662423,37,30.96,0,0,1016185,154
FAIR,3,baseline,Q12,200,349,854,1788178662386,1788178662423,37,30.84,0,0,1014559,154
FAIR,3,baseline,Q12,200,349,857,1788178662386,1788178662423,37,30.81,0,0,1018284,154
FAIR,3,baseline,Q12,200,349,852,1788178662386,1788178662423,37,32.98,0,0,1090847,154
FAIR,3,baseline,Q12,200,349,849,1788178662385,1788178662423,38,31.38,0,0,1092283,154
FAIR,3,baseline,Q12,200,349,850,1788178662385,1788178662425,40,30.10,0,0,1090764,154
FAIR,3,baseline,Q12,200,349,851,1788178662386,1788178662435,49,26.83,0,0,1087458,154
FAIR,3,baseline,Q12,200,349,861,1788178662386,1788178662435,49,26.16,0,0,1015360,154
FAIR,3,baseline,Q12,201,352,863,1788178662456,1788178662461,5,2.07,0,0,2156,0
FAIR,3,baseline,Q12,202,355,864,1788178662466,1788178662472,6,2.47,0,0,2156,154
FAIR,3,baseline,Q12,203,359,865,1788178662492,1788178662496,4,1.30,0,0,154,0
FAIR,3,baseline,Q12,204,360,866,1788178664177,1788178664240,63,43.14,0,1244534,0,0
FAIR,3,baseline,Q12,205,361,873,1788178664321,1788178664401,80,44.46,0,3269202,0,101
FAIR,3,baseline,Q12,205,361,869,1788178664320,1788178664567,247,150.30,0,13078846,0,99
FAIR,3,baseline,Q12,205,361,870,1788178664320,1788178664567,247,151.07,0,13079810,0,99
FAIR,3,baseline,Q12,205,361,871,1788178664320,1788178664569,249,153.20,0,13078244,0,99
FAIR,3,baseline,Q12,205,361,867,1788178664320,1788178664569,249,151.76,0,13078278,0,99
FAIR,3,baseline,Q12,205,361,868,1788178664320,1788178664570,250,158.78,0,13077410,0,99
FAIR,3,baseline,Q12,205,361,872,1788178664321,1788178664570,249,156.16,0,13078900,0,99
FAIR,3,baseline,Q14,206,363,874,1788178664582,1788178664584,2,0.83,0,0,695,0
FAIR,3,baseline,Q14,207,364,875,1788178666468,1788178667766,1298,1003.86,75,14589748,0,30886715
FAIR,3,baseline,Q14,208,365,876,1788178666481,1788178666660,179,66.46,33,784744,0,0
FAIR,3,baseline,Q14,209,366,883,1788178666487,1788178667070,583,402.33,67,1669066,0,2548115
FAIR,3,baseline,Q14,209,366,880,1788178666486,1788178668118,1632,1266.60,97,6679174,0,8197511
FAIR,3,baseline,Q14,209,366,879,1788178666486,1788178668123,1637,1274.15,97,6678222,0,8201066
FAIR,3,baseline,Q14,209,366,877,1788178666485,1788178668133,1648,1278.64,97,6677674,0,8204481
FAIR,3,baseline,Q14,209,366,881,1788178666486,1788178668155,1669,1291.46,97,6677620,0,8197158
FAIR,3,baseline,Q14,209,366,878,1788178666486,1788178668161,1675,1273.31,97,6676794,0,8204443
FAIR,3,baseline,Q14,209,366,882,1788178666487,1788178668161,1674,1276.88,97,6678296,0,8202194
FAIR,3,baseline,Q14,210,367,890,1788178666491,1788178666824,333,177.75,33,1669066,0,2238587
FAIR,3,baseline,Q14,210,367,888,1788178666490,1788178667438,948,574.25,67,6677620,0,8872119
FAIR,3,baseline,Q14,210,367,885,1788178666490,1788178667468,978,586.23,67,6676794,0,8874749
FAIR,3,baseline,Q14,210,367,884,1788178666489,1788178667468,979,581.10,67,6677674,0,8874676
FAIR,3,baseline,Q14,210,367,887,1788178666490,1788178667508,1018,599.68,67,6679174,0,8873847
FAIR,3,baseline,Q14,210,367,889,1788178666491,1788178667508,1017,590.14,67,6678296,0,8872181
FAIR,3,baseline,Q14,210,367,886,1788178666490,1788178667513,1023,575.81,67,6678222,0,8873447
FAIR,3,baseline,Q18,211,371,900,1788178668229,1788178668710,481,370.79,21,0,11396280,0
FAIR,3,baseline,Q18,211,371,895,1788178668229,1788178669308,1079,868.53,42,0,11393041,0
FAIR,3,baseline,Q18,211,371,901,1788178668229,1788178669441,1212,904.19,57,0,11410383,0
FAIR,3,baseline,Q18,211,371,896,1788178668229,1788178669460,1231,942.38,57,0,11347331,0
FAIR,3,baseline,Q18,211,371,906,1788178668230,1788178669463,1233,938.24,57,0,11354353,0
FAIR,3,baseline,Q18,211,371,902,1788178668229,1788178669488,1259,912.25,57,0,11356291,0
FAIR,3,baseline,Q18,211,371,907,1788178668705,1788178669515,810,557.48,36,0,7589199,0
FAIR,3,baseline,Q18,211,371,899,1788178668229,1788178669533,1304,875.34,57,0,11413836,0
FAIR,3,baseline,Q18,211,371,903,1788178668230,1788178669538,1308,894.29,57,0,11430722,0
FAIR,3,baseline,Q18,211,371,898,1788178668229,1788178669543,1314,849.58,57,0,11425234,0
FAIR,3,baseline,Q18,211,371,904,1788178668230,1788178669570,1340,887.67,57,0,11431888,0
FAIR,3,baseline,Q18,211,371,897,1788178668229,1788178669587,1358,860.37,57,0,11338468,0
FAIR,3,baseline,Q18,211,371,905,1788178668230,1788178669591,1361,859.35,57,0,11412119,0
FAIR,3,baseline,Q18,211,371,891,1788178668228,1788178669591,1363,906.86,57,0,11410837,0
FAIR,3,baseline,Q18,211,371,892,1788178668229,1788178669606,1377,881.13,57,0,11440429,0
FAIR,3,baseline,Q18,211,371,893,1788178668229,1788178669637,1408,809.76,57,0,11328172,0
FAIR,3,baseline,Q18,211,371,894,1788178668229,1788178669648,1419,819.35,57,0,11397674,0
FAIR,4,baseline,Q1,212,372,914,1788178704482,1788178705499,1017,790.80,45,2744914,0,845
FAIR,4,baseline,Q1,212,372,913,1788178704482,1788178707609,3127,2670.89,120,10981748,0,840
FAIR,4,baseline,Q1,212,372,911,1788178704481,1788178707665,3184,2737.96,120,10982658,0,844
FAIR,4,baseline,Q1,212,372,908,1788178704481,1788178707684,3203,2795.77,120,10981126,0,841
FAIR,4,baseline,Q1,212,372,912,1788178704481,1788178707735,3254,2786.57,120,10981092,0,819
FAIR,4,baseline,Q1,212,372,909,1788178704481,1788178707737,3256,2842.33,120,10980258,0,840
FAIR,4,baseline,Q1,212,372,910,1788178704481,1788178707753,3272,2814.13,120,10981694,0,840
FAIR,4,baseline,Q1,213,374,915,1788178707789,1788178707796,7,3.65,0,0,5869,0
FAIR,4,baseline,Q1,214,376,916,1788178707802,1788178707809,7,4.33,0,0,5869,844
FAIR,4,baseline,Q1,215,379,917,1788178707831,1788178707837,6,1.74,0,0,844,0
FAIR,4,baseline,Q1,216,380,924,1788178709908,1788178710075,167,122.94,21,3269202,0,1965203
FAIR,4,baseline,Q1,216,380,918,1788178709906,1788178710462,556,433.78,21,13078278,0,7750473
FAIR,4,baseline,Q1,216,380,922,1788178709907,1788178710490,583,455.23,21,13078244,0,7738877
FAIR,4,baseline,Q1,216,380,920,1788178709907,1788178710491,584,447.77,21,13078846,0,7738331
FAIR,4,baseline,Q1,216,380,921,1788178709907,1788178710513,606,463.98,21,13079810,0,7735803
FAIR,4,baseline,Q1,216,380,923,1788178709908,1788178710527,619,467.66,21,13078900,0,7743364
FAIR,4,baseline,Q1,216,380,919,1788178709907,1788178710541,634,480.05,21,13077410,0,7743802
FAIR,4,baseline,Q1,217,381,925,1788178709911,1788178709989,78,30.40,21,1484824,0,0
FAIR,4,baseline,Q3,218,382,926,1788178710028,1788178710396,368,319.56,0,11640628,0,1604055
FAIR,4,baseline,Q3,219,384,927,1788178710423,1788178710501,78,38.64,0,0,1604055,0
FAIR,4,baseline,Q3,220,386,943,1788178710624,1788178710692,68,59.25,0,0,2897449,0
FAIR,4,baseline,Q3,220,386,934,1788178710624,1788178710696,72,59.38,0,0,2886189,0
FAIR,4,baseline,Q3,220,386,936,1788178710624,1788178710698,74,60.03,0,0,2908811,0
FAIR,4,baseline,Q3,220,386,932,1788178710624,1788178710699,75,58.93,0,0,2898701,0
FAIR,4,baseline,Q3,220,386,942,1788178710624,1788178710701,77,58.24,0,0,2925625,0
FAIR,4,baseline,Q3,220,386,929,1788178710624,1788178710703,79,61.27,0,0,2919240,0
FAIR,4,baseline,Q3,220,386,928,1788178710623,1788178710709,86,59.23,0,0,2898550,0
FAIR,4,baseline,Q3,220,386,935,1788178710624,1788178710710,86,60.01,0,0,2910947,0
FAIR,4,baseline,Q3,220,386,940,1788178710624,1788178710711,87,59.54,0,0,2929089,0
FAIR,4,baseline,Q3,220,386,939,1788178710624,1788178710712,88,56.30,0,0,2888143,0
FAIR,4,baseline,Q3,220,386,941,1788178710624,1788178710712,88,57.23,0,0,2941007,0
FAIR,4,baseline,Q3,220,386,938,1788178710624,1788178710728,104,54.80,0,0,2909695,0
FAIR,4,baseline,Q3,220,386,937,1788178710624,1788178710728,104,60.29,0,0,2895551,0
FAIR,4,baseline,Q3,220,386,933,1788178710624,1788178710728,104,55.93,0,0,2895639,0
FAIR,4,baseline,Q3,220,386,944,1788178710691,1788178710736,45,32.64,0,0,1923841,0
FAIR,4,baseline,Q3,220,386,931,1788178710624,1788178710740,116,58.21,0,0,2887662,0
FAIR,4,baseline,Q3,220,386,930,1788178710624,1788178710740,116,58.53,0,0,2899714,0
FAIR,4,baseline,Q6,221,387,951,1788178712920,1788178712996,76,48.59,0,3298702,0,79
FAIR,4,baseline,Q6,221,387,946,1788178712919,1788178713210,291,181.59,19,13195474,0,79
FAIR,4,baseline,Q6,221,387,948,1788178712919,1788178713210,291,179.22,19,13197882,0,79
FAIR,4,baseline,Q6,221,387,950,1788178712920,1788178713210,290,179.58,19,13196956,0,79
FAIR,4,baseline,Q6,221,387,947,1788178712919,1788178713213,294,183.13,19,13196906,0,79
FAIR,4,baseline,Q6,221,387,945,1788178712919,1788178713218,299,183.86,19,13196314,0,79
FAIR,4,baseline,Q6,221,387,949,1788178712920,1788178713220,300,184.20,19,13196308,0,79
FAIR,4,baseline,Q6,222,389,952,1788178713235,1788178713237,2,0.81,0,0,553,0
FAIR,4,baseline,Q6,223,390,953,1788178715105,1788178715752,647,560.04,40,3317556,0,14534997
FAIR,4,baseline,Q6,224,391,960,1788178715114,1788178715245,131,93.17,0,3825626,0,26922
FAIR,4,baseline,Q6,224,391,955,1788178715112,1788178715502,390,252.31,40,15303234,0,58962
FAIR,4,baseline,Q6,224,391,959,1788178715114,1788178715533,419,272.08,40,15304688,0,59166
FAIR,4,baseline,Q6,224,391,954,1788178715112,1788178715534,422,260.83,40,15304022,0,59807
FAIR,4,baseline,Q6,224,391,957,1788178715113,1788178715540,427,263.31,40,15305646,0,57595
FAIR,4,baseline,Q6,224,391,956,1788178715113,1788178715541,428,271.92,40,15304618,0,58647
FAIR,4,baseline,Q6,224,391,958,1788178715113,1788178715545,432,277.15,40,15304056,0,58481
FAIR,4,baseline,Q12,225,393,961,1788178715570,1788178715588,18,15.70,0,0,379580,0
FAIR,4,baseline,Q12,226,395,969,1788178715781,1788178715820,39,32.28,0,0,1016185,154
FAIR,4,baseline,Q12,226,395,975,1788178715781,1788178715820,39,32.13,0,0,1015509,154
FAIR,4,baseline,Q12,226,395,971,1788178715781,1788178715820,39,32.17,0,0,1015101,154
FAIR,4,baseline,Q12,226,395,963,1788178715780,1788178715820,40,34.66,0,0,1090764,154
FAIR,4,baseline,Q12,226,395,974,1788178715781,1788178715820,39,32.11,0,0,1015360,154
FAIR,4,baseline,Q12,226,395,970,1788178715781,1788178715821,40,32.08,0,0,1018284,154
FAIR,4,baseline,Q12,226,395,973,1788178715781,1788178715822,41,32.47,0,0,1020274,154
FAIR,4,baseline,Q12,226,395,972,1788178715781,1788178715822,41,32.60,0,0,1021753,154
FAIR,4,baseline,Q12,226,395,967,1788178715781,1788178715823,42,32.33,0,0,1014559,154
FAIR,4,baseline,Q12,226,395,968,1788178715781,1788178715824,43,32.57,0,0,1021566,154
FAIR,4,baseline,Q12,226,395,966,1788178715781,1788178715825,44,32.03,0,0,1015054,154
FAIR,4,baseline,Q12,226,395,962,1788178715780,1788178715836,56,29.29,0,0,1092283,154
FAIR,4,baseline,Q12,226,395,965,1788178715781,1788178715837,56,29.30,0,0,1090847,154
FAIR,4,baseline,Q12,226,395,964,1788178715780,1788178715837,57,29.48,0,0,1087458,154
FAIR,4,baseline,Q12,227,398,976,1788178715863,1788178715868,5,2.21,0,0,2156,0
FAIR,4,baseline,Q12,228,401,977,1788178715874,1788178715879,5,2.14,0,0,2156,154
FAIR,4,baseline,Q12,229,405,978,1788178715896,1788178715900,4,1.09,0,0,154,0
FAIR,4,baseline,Q14,230,406,979,1788178718059,1788178718132,73,50.51,0,1244534,0,0
FAIR,4,baseline,Q14,231,407,986,1788178718222,1788178718303,81,44.15,0,3269202,0,101
FAIR,4,baseline,Q14,231,407,984,1788178718222,1788178718474,252,160.00,0,13078244,0,99
FAIR,4,baseline,Q14,231,407,983,1788178718221,1788178718477,256,163.15,0,13079810,0,99
FAIR,4,baseline,Q14,231,407,981,1788178718221,1788178718478,257,161.80,0,13077410,0,99
FAIR,4,baseline,Q14,231,407,982,1788178718221,1788178718478,257,163.33,0,13078846,0,99
FAIR,4,baseline,Q14,231,407,980,1788178718221,1788178718483,262,166.14,0,13078278,0,99
FAIR,4,baseline,Q14,231,407,985,1788178718222,1788178718485,263,169.01,0,13078900,0,99
FAIR,4,baseline,Q14,232,409,987,1788178718499,1788178718502,3,1.11,0,0,695,0
FAIR,4,baseline,Q14,233,410,988,1788178720450,1788178721790,1340,1027.54,92,14589748,0,30886715
FAIR,4,baseline,Q14,234,411,989,1788178720460,1788178720656,196,63.00,18,784744,0,0
FAIR,4,baseline,Q14,235,412,996,1788178720465,1788178721095,630,414.31,73,1669066,0,2548115
FAIR,4,baseline,Q14,235,412,991,1788178720464,1788178722214,1750,1321.72,125,6676794,0,8204443
FAIR,4,baseline,Q14,235,412,995,1788178720464,1788178722245,1781,1322.49,125,6678296,0,8202194
FAIR,4,baseline,Q14,235,412,990,1788178720463,1788178722254,1791,1352.89,125,6677674,0,8204481
FAIR,4,baseline,Q14,235,412,993,1788178720464,1788178722257,1793,1374.27,125,6679174,0,8197511
FAIR,4,baseline,Q14,235,412,992,1788178720464,1788178722260,1796,1362.05,125,6678222,0,8201066
FAIR,4,baseline,Q14,235,412,994,1788178720464,1788178722272,1808,1320.54,125,6677620,0,8197158
FAIR,4,baseline,Q14,236,413,1003,1788178720471,1788178720854,383,171.90,50,1669066,0,2238587
FAIR,4,baseline,Q14,236,413,997,1788178720469,1788178721548,1079,591.84,85,6677674,0,8874676
FAIR,4,baseline,Q14,236,413,999,1788178720470,1788178721569,1099,587.90,85,6678222,0,8873447
FAIR,4,baseline,Q14,236,413,998,1788178720469,1788178721572,1103,586.74,85,6676794,0,8874749
FAIR,4,baseline,Q14,236,413,1001,1788178720471,1788178721584,1113,595.69,85,6677620,0,8872119
FAIR,4,baseline,Q14,236,413,1002,1788178720471,1788178721588,1117,592.72,85,6678296,0,8872181
FAIR,4,baseline,Q14,236,413,1000,1788178720470,1788178721593,1123,583.80,85,6679174,0,8873847
FAIR,4,baseline,Q18,237,417,1013,1788178722353,1788178722921,568,379.44,32,0,11396280,0
FAIR,4,baseline,Q18,237,417,1014,1788178722353,1788178723451,1098,908.99,58,0,11410383,0
FAIR,4,baseline,Q18,237,417,1008,1788178722353,1788178723540,1187,874.60,63,0,11393041,0
FAIR,4,baseline,Q18,237,417,1010,1788178722353,1788178723562,1209,910.31,63,0,11338468,0
FAIR,4,baseline,Q18,237,417,1012,1788178722353,1788178723630,1277,897.32,69,0,11413836,0
FAIR,4,baseline,Q18,237,417,1018,1788178722354,1788178723657,1303,918.11,69,0,11412119,0
FAIR,4,baseline,Q18,237,417,1009,1788178722353,1788178723660,1307,948.69,69,0,11347331,0
FAIR,4,baseline,Q18,237,417,1011,1788178722353,1788178723672,1319,879.55,69,0,11425234,0
FAIR,4,baseline,Q18,237,417,1017,1788178722353,1788178723676,1323,913.40,69,0,11431888,0
FAIR,4,baseline,Q18,237,417,1005,1788178722352,1788178723678,1326,935.55,69,0,11440429,0
FAIR,4,baseline,Q18,237,417,1016,1788178722353,1788178723692,1339,922.82,69,0,11430722,0
FAIR,4,baseline,Q18,237,417,1019,1788178722354,1788178723693,1339,912.99,69,0,11354353,0
FAIR,4,baseline,Q18,237,417,1007,1788178722353,1788178723711,1358,909.22,69,0,11397674,0
FAIR,4,baseline,Q18,237,417,1004,1788178722352,1788178723727,1375,921.47,69,0,11410837,0
FAIR,4,baseline,Q18,237,417,1006,1788178722353,1788178723727,1374,867.30,69,0,11328172,0
FAIR,4,baseline,Q18,237,417,1015,1788178722353,1788178723747,1394,876.60,69,0,11356291,0
FAIR,4,baseline,Q18,237,417,1020,1788178722910,1788178723829,919,487.74,37,0,7589199,0
FAIR,4,concurrent,compaction,238,418,1021,1788178762653,1788178787334,24681,19428.41,800,175454639,0,0
FAIR,4,concurrent,Q1,239,419,1028,1788178764973,1788178765962,989,847.31,87,2744914,0,845
FAIR,4,concurrent,Q1,239,419,1026,1788178764972,1788178768197,3225,2833.50,246,10981092,0,819
FAIR,4,concurrent,Q1,239,419,1027,1788178764973,1788178768237,3264,2842.44,249,10981748,0,840
FAIR,4,concurrent,Q1,239,419,1022,1788178764971,1788178768250,3279,2882.76,249,10981126,0,841
FAIR,4,concurrent,Q1,239,419,1024,1788178764972,1788178768262,3290,2884.22,249,10981694,0,840
FAIR,4,concurrent,Q1,239,419,1023,1788178764972,1788178768269,3297,2875.71,249,10980258,0,840
FAIR,4,concurrent,Q1,239,419,1025,1788178764972,1788178768276,3304,2882.71,249,10982658,0,844
FAIR,4,concurrent,Q1,240,421,1029,1788178768317,1788178768323,6,3.20,0,0,5869,0
FAIR,4,concurrent,Q1,241,423,1030,1788178768330,1788178768337,7,4.43,0,0,5869,844
FAIR,4,concurrent,Q1,242,426,1031,1788178768358,1788178768362,4,1.48,0,0,844,0
FAIR,4,concurrent,Q3,243,427,1038,1788178770626,1788178770853,227,153.40,36,3269202,0,1965203
FAIR,4,concurrent,Q3,243,427,1036,1788178770625,1788178771243,618,447.51,61,13078244,0,7738877
FAIR,4,concurrent,Q3,243,427,1033,1788178770625,1788178771258,633,462.51,61,13077410,0,7743802
FAIR,4,concurrent,Q3,243,427,1037,1788178770625,1788178771260,635,467.68,61,13078900,0,7743364
FAIR,4,concurrent,Q3,243,427,1034,1788178770625,1788178771263,638,463.51,61,13078846,0,7738331
FAIR,4,concurrent,Q3,243,427,1035,1788178770625,1788178771274,649,481.18,61,13079810,0,7735803
FAIR,4,concurrent,Q3,243,427,1032,1788178770624,1788178771275,651,472.90,61,13078278,0,7750473
FAIR,4,concurrent,Q3,244,428,1039,1788178770629,1788178770693,64,34.18,0,1484824,0,0
FAIR,4,concurrent,Q3,245,429,1040,1788178770737,1788178771162,425,318.24,61,11640628,0,1604055
FAIR,4,concurrent,Q3,246,431,1041,1788178771181,1788178771232,51,38.24,0,0,1604055,0
FAIR,4,concurrent,Q3,247,433,1045,1788178771356,1788178771422,66,57.46,0,0,2887662,0
FAIR,4,concurrent,Q3,247,433,1047,1788178771356,1788178771422,66,57.68,0,0,2895639,0
FAIR,4,concurrent,Q3,247,433,1056,1788178771356,1788178771423,67,58.07,0,0,2925625,0
FAIR,4,concurrent,Q3,247,433,1049,1788178771356,1788178771424,68,57.59,0,0,2910947,0
FAIR,4,concurrent,Q3,247,433,1046,1788178771356,1788178771425,69,57.55,0,0,2898701,0
FAIR,4,concurrent,Q3,247,433,1053,1788178771356,1788178771428,72,58.74,0,0,2888143,0
FAIR,4,concurrent,Q3,247,433,1042,1788178771355,1788178771430,75,56.99,0,0,2898550,0
FAIR,4,concurrent,Q3,247,433,1050,1788178771356,1788178771430,74,59.02,0,0,2908811,0
FAIR,4,concurrent,Q3,247,433,1048,1788178771356,1788178771430,74,58.96,0,0,2886189,0
FAIR,4,concurrent,Q3,247,433,1054,1788178771356,1788178771431,75,58.35,0,0,2929089,0
FAIR,4,concurrent,Q3,247,433,1051,1788178771356,1788178771448,92,57.60,6,0,2895551,0
FAIR,4,concurrent,Q3,247,433,1052,1788178771356,1788178771448,92,60.43,6,0,2909695,0
FAIR,4,concurrent,Q3,247,433,1055,1788178771356,1788178771462,106,57.80,6,0,2941007,0
FAIR,4,concurrent,Q3,247,433,1058,1788178771420,1788178771469,49,34.96,6,0,1923841,0
FAIR,4,concurrent,Q3,247,433,1044,1788178771356,1788178771472,116,55.15,6,0,2899714,0
FAIR,4,concurrent,Q3,247,433,1043,1788178771356,1788178771476,120,56.11,6,0,2919240,0
FAIR,4,concurrent,Q3,247,433,1057,1788178771420,1788178771490,70,57.40,6,0,2897449,0
FAIR,4,concurrent,Q3,248,434,1065,1788178773516,1788178773610,94,53.38,0,3298702,0,79
FAIR,4,concurrent,Q3,248,434,1060,1788178773515,1788178773845,330,196.80,20,13195474,0,79
FAIR,4,concurrent,Q3,248,434,1062,1788178773515,1788178773845,330,197.59,20,13197882,0,79
FAIR,4,concurrent,Q3,248,434,1063,1788178773516,1788178773845,329,199.33,20,13196308,0,79
FAIR,4,concurrent,Q3,248,434,1064,1788178773516,1788178773851,335,200.57,20,13196956,0,79
FAIR,4,concurrent,Q3,248,434,1061,1788178773515,1788178773852,337,203.51,20,13196906,0,79
FAIR,4,concurrent,Q3,248,434,1059,1788178773514,1788178773853,339,207.34,20,13196314,0,79
FAIR,4,concurrent,Q6,249,436,1066,1788178773868,1788178773871,3,0.92,0,0,553,0
FAIR,4,concurrent,Q12,250,437,1067,1788178776240,1788178777033,793,613.12,114,3317556,0,14534997
FAIR,4,concurrent,Q12,251,438,1074,1788178776248,1788178776441,193,99.17,52,3825626,0,26922
FAIR,4,concurrent,Q12,251,438,1073,1788178776248,1788178776784,536,281.10,110,15304688,0,59166
FAIR,4,concurrent,Q12,251,438,1072,1788178776248,1788178776796,548,288.06,110,15304056,0,58481
FAIR,4,concurrent,Q12,251,438,1068,1788178776246,1788178776797,551,281.78,110,15304022,0,59807
FAIR,4,concurrent,Q12,251,438,1070,1788178776247,1788178776800,553,282.21,110,15304618,0,58647
FAIR,4,concurrent,Q12,251,438,1071,1788178776247,1788178776803,556,284.31,110,15305646,0,57595
FAIR,4,concurrent,Q12,251,438,1069,1788178776247,1788178776804,557,285.51,110,15303234,0,58962
FAIR,4,concurrent,Q12,252,440,1075,1788178776822,1788178776838,16,13.53,0,0,379580,0
FAIR,4,concurrent,Q12,253,442,1082,1788178777063,1788178777102,39,33.71,0,0,1021566,154
FAIR,4,concurrent,Q12,253,442,1087,1788178777063,1788178777104,41,34.43,0,0,1020274,154
FAIR,4,concurrent,Q12,253,442,1076,1788178777062,1788178777104,42,33.35,0,0,1092283,154
FAIR,4,concurrent,Q12,253,442,1085,1788178777063,1788178777107,44,31.00,0,0,1015101,154
FAIR,4,concurrent,Q12,253,442,1088,1788178777063,1788178777108,45,32.29,0,0,1015360,154
FAIR,4,concurrent,Q12,253,442,1083,1788178777063,1788178777110,47,32.87,0,0,1016185,154
FAIR,4,concurrent,Q12,253,442,1084,1788178777063,1788178777110,47,32.90,0,0,1018284,154
FAIR,4,concurrent,Q12,253,442,1080,1788178777063,1788178777112,49,32.88,0,0,1015054,154
FAIR,4,concurrent,Q12,253,442,1081,1788178777063,1788178777113,50,33.50,0,0,1014559,154
FAIR,4,concurrent,Q12,253,442,1078,1788178777062,1788178777113,51,34.13,0,0,1087458,154
FAIR,4,concurrent,Q12,253,442,1077,1788178777062,1788178777114,52,35.07,0,0,1090764,154
FAIR,4,concurrent,Q12,253,442,1089,1788178777063,1788178777125,62,32.52,0,0,1015509,154
FAIR,4,concurrent,Q12,253,442,1079,1788178777063,1788178777125,62,33.75,0,0,1090847,154
FAIR,4,concurrent,Q12,253,442,1086,1788178777063,1788178777132,69,32.77,0,0,1021753,154
FAIR,4,concurrent,Q12,254,445,1090,1788178777172,1788178777181,9,3.78,0,0,2156,0
FAIR,4,concurrent,Q12,255,448,1091,1788178777194,1788178777202,8,3.24,0,0,2156,154
FAIR,4,concurrent,Q12,256,452,1092,1788178777235,1788178777245,10,2.80,0,0,154,0
FAIR,4,concurrent,Q14,257,453,1093,1788178779548,1788178779638,90,57.43,0,1244534,0,0
FAIR,4,concurrent,Q14,258,454,1100,1788178779742,1788178779857,115,47.08,0,3269202,0,101
FAIR,4,concurrent,Q14,258,454,1099,1788178779742,1788178780135,393,182.65,0,13078900,0,99
FAIR,4,concurrent,Q14,258,454,1095,1788178779741,1788178780135,394,180.13,0,13077410,0,99
FAIR,4,concurrent,Q14,258,454,1094,1788178779741,1788178780135,394,184.32,0,13078278,0,99
FAIR,4,concurrent,Q14,258,454,1097,1788178779741,1788178780135,394,182.68,0,13079810,0,99
FAIR,4,concurrent,Q14,258,454,1098,1788178779742,1788178780135,393,179.71,0,13078244,0,99
FAIR,4,concurrent,Q14,258,454,1096,1788178779741,1788178780136,395,182.36,0,13078846,0,99
FAIR,4,concurrent,Q14,259,456,1101,1788178780154,1788178780156,2,0.94,0,0,695,0
FAIR,4,concurrent,Q18,260,457,1102,1788178782827,1788178784338,1511,1084.27,113,14589748,0,30886715
FAIR,4,concurrent,Q18,261,458,1103,1788178782838,1788178783077,239,67.16,26,784744,0,0
FAIR,4,concurrent,Q18,262,459,1110,1788178782844,1788178783539,695,429.59,71,1669066,0,2548115
FAIR,4,concurrent,Q18,262,459,1106,1788178782843,1788178784823,1980,1427.58,168,6678222,0,8201066
FAIR,4,concurrent,Q18,262,459,1104,1788178782842,1788178784840,1998,1364.93,168,6677674,0,8204481
FAIR,4,concurrent,Q18,262,459,1108,1788178782843,1788178784860,2017,1364.63,168,6677620,0,8197158
FAIR,4,concurrent,Q18,262,459,1105,1788178782842,1788178784901,2059,1440.23,168,6676794,0,8204443
FAIR,4,concurrent,Q18,262,459,1109,1788178782843,1788178784910,2067,1419.01,168,6678296,0,8202194
FAIR,4,concurrent,Q18,262,459,1107,1788178782843,1788178784919,2076,1454.43,168,6679174,0,8197511
FAIR,4,concurrent,Q18,263,460,1117,1788178783061,1788178783495,434,181.70,45,1669066,0,2238587
FAIR,4,concurrent,Q18,263,460,1112,1788178782847,1788178784088,1241,603.93,104,6676794,0,8874749
FAIR,4,concurrent,Q18,263,460,1115,1788178782848,1788178784120,1272,602.61,104,6677620,0,8872119
FAIR,4,concurrent,Q18,263,460,1114,1788178782848,1788178784128,1280,601.78,104,6679174,0,8873847
FAIR,4,concurrent,Q18,263,460,1113,1788178782848,1788178784133,1285,597.74,104,6678222,0,8873447
FAIR,4,concurrent,Q18,263,460,1111,1788178782847,1788178784153,1306,607.72,104,6677674,0,8874676
FAIR,4,concurrent,Q18,263,460,1116,1788178782849,1788178784155,1306,601.13,104,6678296,0,8872181
FAIR,4,concurrent,Q18,264,464,1127,1788178785012,1788178785461,449,366.76,20,0,11396280,0
FAIR,4,concurrent,Q18,264,464,1131,1788178785013,1788178786096,1083,917.38,59,0,11431888,0
FAIR,4,concurrent,Q18,264,464,1130,1788178785012,1788178786339,1327,904.71,77,0,11430722,0
FAIR,4,concurrent,Q18,264,464,1118,1788178785011,1788178786349,1338,934.32,77,0,11410837,0
FAIR,4,concurrent,Q18,264,464,1126,1788178785012,1788178786395,1383,866.56,77,0,11413836,0
FAIR,4,concurrent,Q18,264,464,1132,1788178785013,1788178786396,1383,887.49,77,0,11412119,0
FAIR,4,concurrent,Q18,264,464,1129,1788178785012,1788178786434,1422,876.40,77,0,11356291,0
FAIR,4,concurrent,Q18,264,464,1120,1788178785012,1788178786443,1431,886.23,81,0,11328172,0
FAIR,4,concurrent,Q18,264,464,1121,1788178785012,1788178786464,1452,909.04,81,0,11397674,0
FAIR,4,concurrent,Q18,264,464,1125,1788178785012,1788178786499,1487,836.45,81,0,11425234,0
FAIR,4,concurrent,Q18,264,464,1124,1788178785012,1788178786508,1496,848.29,81,0,11338468,0
FAIR,4,concurrent,Q18,264,464,1119,1788178785011,1788178786511,1500,892.50,81,0,11440429,0
FAIR,4,concurrent,Q18,264,464,1122,1788178785012,1788178786538,1526,826.04,81,0,11393041,0
FAIR,4,concurrent,Q18,264,464,1123,1788178785012,1788178786554,1542,867.47,81,0,11347331,0
FAIR,4,concurrent,Q18,264,464,1128,1788178785012,1788178786563,1551,821.91,81,0,11410383,0
FAIR,4,concurrent,Q18,264,464,1133,1788178785457,1788178786612,1155,798.87,61,0,11354353,0
FAIR,4,concurrent,Q18,264,464,1134,1788178786094,1788178786648,554,410.82,22,0,7589199,0
FAIR,5,concurrent,compaction,265,465,1135,1788178823688,1788178843890,20202,16430.40,489,175454639,0,0
FAIR,5,concurrent,Q1,266,466,1142,1788178825904,1788178826697,793,699.90,62,2744914,0,845
FAIR,5,concurrent,Q1,266,466,1138,1788178825904,1788178828486,2582,2292.21,180,10981694,0,840
FAIR,5,concurrent,Q1,266,466,1141,1788178825904,1788178828497,2593,2309.33,180,10981748,0,840
FAIR,5,concurrent,Q1,266,466,1140,1788178825904,1788178828529,2625,2333.99,180,10981092,0,819
FAIR,5,concurrent,Q1,266,466,1136,1788178825903,1788178828532,2629,2347.55,180,10981126,0,841
FAIR,5,concurrent,Q1,266,466,1137,1788178825903,1788178828534,2631,2335.48,180,10980258,0,840
FAIR,5,concurrent,Q1,266,466,1139,1788178825904,1788178828551,2647,2351.47,180,10982658,0,844
FAIR,5,concurrent,Q1,267,468,1143,1788178828582,1788178828588,6,3.30,0,0,5869,0
FAIR,5,concurrent,Q1,268,470,1144,1788178828593,1788178828600,7,3.36,0,0,5869,844
FAIR,5,concurrent,Q1,269,473,1145,1788178828614,1788178828619,5,1.39,0,0,844,0
FAIR,5,concurrent,Q1,270,474,1152,1788178830300,1788178830533,233,134.11,10,3269202,0,1965203
FAIR,5,concurrent,Q1,270,474,1147,1788178830299,1788178831190,891,378.71,10,13077410,0,7743802
FAIR,5,concurrent,Q1,270,474,1150,1788178830299,1788178831201,902,396.92,10,13078244,0,7738877
FAIR,5,concurrent,Q1,270,474,1151,1788178830300,1788178831205,905,409.94,10,13078900,0,7743364
FAIR,5,concurrent,Q1,270,474,1146,1788178830299,1788178831206,907,394.20,10,13078278,0,7750473
FAIR,5,concurrent,Q1,270,474,1148,1788178830299,1788178831209,910,391.49,10,13078846,0,7738331
FAIR,5,concurrent,Q1,270,474,1149,1788178830299,1788178831214,915,398.80,10,13079810,0,7735803
FAIR,5,concurrent,Q1,271,475,1153,1788178830313,1788178830370,57,30.97,0,1484824,0,0
FAIR,5,concurrent,Q1,272,476,1154,1788178830441,1788178831027,586,242.69,0,11640628,0,1604055
FAIR,5,concurrent,Q3,273,478,1155,1788178831045,1788178831091,46,29.30,0,0,1604055,0
FAIR,5,concurrent,Q3,274,480,1156,1788178831243,1788178831340,97,57.62,29,0,2898550,0
FAIR,5,concurrent,Q3,274,480,1167,1788178831244,1788178831340,96,49.77,29,0,2888143,0
FAIR,5,concurrent,Q3,274,480,1163,1788178831244,1788178831341,97,56.89,29,0,2910947,0
FAIR,5,concurrent,Q3,274,480,1164,1788178831244,1788178831342,98,56.07,29,0,2908811,0
FAIR,5,concurrent,Q3,274,480,1158,1788178831243,1788178831342,99,56.80,29,0,2899714,0
FAIR,5,concurrent,Q3,274,480,1169,1788178831244,1788178831343,99,57.46,29,0,2941007,0
FAIR,5,concurrent,Q3,274,480,1165,1788178831244,1788178831344,100,57.57,29,0,2895551,0
FAIR,5,concurrent,Q3,274,480,1162,1788178831244,1788178831345,101,56.17,29,0,2886189,0
FAIR,5,concurrent,Q3,274,480,1168,1788178831244,1788178831345,101,57.30,29,0,2929089,0
FAIR,5,concurrent,Q3,274,480,1170,1788178831244,1788178831351,107,54.71,29,0,2925625,0
FAIR,5,concurrent,Q3,274,480,1157,1788178831243,1788178831359,116,53.28,29,0,2919240,0
FAIR,5,concurrent,Q3,274,480,1159,1788178831243,1788178831361,118,57.62,29,0,2887662,0
FAIR,5,concurrent,Q3,274,480,1166,1788178831244,1788178831361,117,56.80,29,0,2909695,0
FAIR,5,concurrent,Q3,274,480,1160,1788178831243,1788178831361,118,55.37,29,0,2898701,0
FAIR,5,concurrent,Q3,274,480,1161,1788178831244,1788178831370,126,56.49,29,0,2895639,0
FAIR,5,concurrent,Q3,274,480,1172,1788178831339,1788178831376,37,31.69,0,0,1923841,0
FAIR,5,concurrent,Q3,274,480,1171,1788178831339,1788178831391,52,46.19,0,0,2897449,0
FAIR,5,concurrent,Q3,275,481,1179,1788178832992,1788178833078,86,48.00,0,3298702,0,79
FAIR,5,concurrent,Q3,275,481,1175,1788178832991,1788178833248,257,167.14,0,13196906,0,79
FAIR,5,concurrent,Q3,275,481,1178,1788178832992,1788178833248,256,164.18,0,13196956,0,79
FAIR,5,concurrent,Q3,275,481,1176,1788178832992,1788178833250,258,166.52,0,13197882,0,79
FAIR,5,concurrent,Q3,275,481,1174,1788178832991,1788178833253,262,172.11,0,13195474,0,79
FAIR,5,concurrent,Q3,275,481,1177,1788178832992,1788178833259,267,173.54,0,13196308,0,79
FAIR,5,concurrent,Q3,275,481,1173,1788178832991,1788178833265,274,177.70,0,13196314,0,79
FAIR,5,concurrent,Q3,276,483,1180,1788178833274,1788178833277,3,1.07,0,0,553,0
FAIR,5,concurrent,Q6,277,484,1181,1788178834948,1788178835500,552,512.78,0,3317556,0,14534997
FAIR,5,concurrent,Q6,278,485,1188,1788178834954,1788178835072,118,85.42,0,3825626,0,26922
FAIR,5,concurrent,Q6,278,485,1184,1788178834953,1788178835267,314,227.00,0,15304618,0,58647
FAIR,5,concurrent,Q6,278,485,1186,1788178834953,1788178835277,324,234.82,0,15304056,0,58481
FAIR,5,concurrent,Q6,278,485,1183,1788178834953,1788178835282,329,242.07,0,15303234,0,58962
FAIR,5,concurrent,Q6,278,485,1185,1788178834953,1788178835282,329,236.84,0,15305646,0,57595
FAIR,5,concurrent,Q6,278,485,1182,1788178834952,1788178835283,331,239.02,0,15304022,0,59807
FAIR,5,concurrent,Q6,278,485,1187,1788178834954,1788178835290,336,241.30,0,15304688,0,59166
FAIR,5,concurrent,Q6,279,487,1189,1788178835303,1788178835317,14,11.34,0,0,379580,0
FAIR,5,concurrent,Q12,280,489,1200,1788178835526,1788178835562,36,30.87,0,0,1021753,154
FAIR,5,concurrent,Q12,280,489,1197,1788178835526,1788178835562,36,31.13,0,0,1016185,154
FAIR,5,concurrent,Q12,280,489,1195,1788178835526,1788178835565,39,32.69,0,0,1014559,154
FAIR,5,concurrent,Q12,280,489,1203,1788178835526,1788178835565,39,34.06,0,0,1015509,154
FAIR,5,concurrent,Q12,280,489,1190,1788178835525,1788178835567,42,35.46,0,0,1092283,154
FAIR,5,concurrent,Q12,280,489,1194,1788178835526,1788178835571,45,33.21,0,0,1015054,154
FAIR,5,concurrent,Q12,280,489,1193,1788178835525,1788178835571,46,32.74,0,0,1090847,154
FAIR,5,concurrent,Q12,280,489,1198,1788178835526,1788178835573,47,31.99,0,0,1018284,154
FAIR,5,concurrent,Q12,280,489,1191,1788178835525,1788178835574,49,34.13,0,0,1090764,154
FAIR,5,concurrent,Q12,280,489,1196,1788178835526,1788178835578,52,32.92,0,0,1021566,154
FAIR,5,concurrent,Q12,280,489,1202,1788178835526,1788178835583,57,30.45,0,0,1015360,154
FAIR,5,concurrent,Q12,280,489,1199,1788178835526,1788178835584,58,33.07,0,0,1015101,154
FAIR,5,concurrent,Q12,280,489,1201,1788178835526,1788178835588,62,32.53,0,0,1020274,154
FAIR,5,concurrent,Q12,280,489,1192,1788178835525,1788178835588,63,33.42,0,0,1087458,154
FAIR,5,concurrent,Q12,281,492,1204,1788178835617,1788178835623,6,2.84,0,0,2156,0
FAIR,5,concurrent,Q12,282,495,1205,1788178835630,1788178835636,6,2.44,0,0,2156,154
FAIR,5,concurrent,Q12,283,499,1206,1788178835652,1788178835655,3,0.99,0,0,154,0
FAIR,5,concurrent,Q12,284,500,1207,1788178837695,1788178837765,70,43.48,0,1244534,0,0
FAIR,5,concurrent,Q14,285,501,1214,1788178837836,1788178837928,92,39.41,0,3269202,0,101
FAIR,5,concurrent,Q14,285,501,1209,1788178837835,1788178838145,310,141.18,0,13077410,0,99
FAIR,5,concurrent,Q14,285,501,1211,1788178837836,1788178838153,317,144.59,0,13079810,0,99
FAIR,5,concurrent,Q14,285,501,1210,1788178837836,1788178838153,317,140.15,0,13078846,0,99
FAIR,5,concurrent,Q14,285,501,1212,1788178837836,1788178838156,320,147.85,0,13078244,0,99
FAIR,5,concurrent,Q14,285,501,1208,1788178837835,1788178838156,321,143.84,0,13078278,0,99
FAIR,5,concurrent,Q14,285,501,1213,1788178837836,1788178838157,321,154.91,0,13078900,0,99
FAIR,5,concurrent,Q14,286,503,1215,1788178838169,1788178838171,2,0.77,0,0,695,0
FAIR,5,concurrent,Q14,287,504,1216,1788178839983,1788178841241,1258,951.19,103,14589748,0,30886715
FAIR,5,concurrent,Q14,288,505,1217,1788178839988,1788178840160,172,62.99,30,784744,0,0
FAIR,5,concurrent,Q14,289,506,1224,1788178839992,1788178840581,589,389.24,73,1669066,0,2548115
FAIR,5,concurrent,Q14,289,506,1223,1788178839992,1788178841716,1724,1280.47,155,6678296,0,8202194
FAIR,5,concurrent,Q14,289,506,1221,1788178839992,1788178841725,1733,1272.39,155,6679174,0,8197511
FAIR,5,concurrent,Q14,289,506,1220,1788178839992,1788178841730,1738,1293.59,155,6678222,0,8201066
FAIR,5,concurrent,Q14,289,506,1219,1788178839991,1788178841768,1777,1327.92,155,6676794,0,8204443
FAIR,5,concurrent,Q14,289,506,1218,1788178839991,1788178841775,1784,1342.38,155,6677674,0,8204481
FAIR,5,concurrent,Q14,289,506,1222,1788178839992,1788178841780,1788,1341.00,155,6677620,0,8197158
FAIR,5,concurrent,Q14,290,507,1231,1788178840153,1788178840418,265,161.70,0,1669066,0,2238587
FAIR,5,concurrent,Q14,290,507,1230,1788178839996,1788178840946,950,569.85,97,6678296,0,8872181
FAIR,5,concurrent,Q14,290,507,1228,1788178839996,1788178840978,982,566.68,97,6679174,0,8873847
FAIR,5,concurrent,Q14,290,507,1227,1788178839995,1788178840978,983,562.06,97,6678222,0,8873447
FAIR,5,concurrent,Q14,290,507,1225,1788178839995,1788178840981,986,558.86,97,6677674,0,8874676
FAIR,5,concurrent,Q14,290,507,1226,1788178839995,1788178841013,1018,558.16,97,6676794,0,8874749
FAIR,5,concurrent,Q14,290,507,1229,1788178839996,1788178841048,1052,570.55,97,6677620,0,8872119
FAIR,5,concurrent,Q18,291,511,1241,1788178841853,1788178842328,475,354.12,13,0,11396280,0
FAIR,5,concurrent,Q18,291,511,1234,1788178841852,1788178842939,1087,825.45,57,0,11328172,0
FAIR,5,concurrent,Q18,291,511,1239,1788178841853,1788178842991,1138,781.79,57,0,11425234,0
FAIR,5,concurrent,Q18,291,511,1233,1788178841852,1788178843090,1238,848.70,57,0,11440429,0
FAIR,5,concurrent,Q18,291,511,1244,1788178841853,1788178843115,1262,840.23,61,0,11430722,0
FAIR,5,concurrent,Q18,291,511,1237,1788178841852,1788178843130,1278,848.95,61,0,11347331,0
FAIR,5,concurrent,Q18,291,511,1236,1788178841852,1788178843134,1282,805.33,61,0,11393041,0
FAIR,5,concurrent,Q18,291,511,1232,1788178841852,1788178843207,1355,872.40,67,0,11410837,0
FAIR,5,concurrent,Q18,291,511,1235,1788178841852,1788178843237,1385,856.51,67,0,11397674,0
FAIR,5,concurrent,Q18,291,511,1246,1788178841853,1788178843240,1387,828.08,67,0,11412119,0
FAIR,5,concurrent,Q18,291,511,1240,1788178841853,1788178843243,1390,795.27,67,0,11413836,0
FAIR,5,concurrent,Q18,291,511,1245,1788178841853,1788178843263,1410,842.90,67,0,11431888,0
FAIR,5,concurrent,Q18,291,511,1242,1788178841853,1788178843304,1451,826.37,67,0,11410383,0
FAIR,5,concurrent,Q18,291,511,1243,1788178841853,1788178843383,1530,801.29,67,0,11356291,0
FAIR,5,concurrent,Q18,291,511,1238,1788178841853,1788178843408,1555,788.70,67,0,11338468,0
FAIR,5,concurrent,Q18,291,511,1248,1788178842938,1788178843486,548,439.96,10,0,7589199,0
FAIR,5,concurrent,Q18,291,511,1247,1788178842325,1788178843521,1196,719.01,54,0,11354353,0
FAIR,5,baseline,Q1,292,512,1255,1788178875495,1788178876199,704,618.49,31,2744914,0,845
FAIR,5,baseline,Q1,292,512,1251,1788178875494,1788178877875,2381,2139.28,70,10981694,0,840
FAIR,5,baseline,Q1,292,512,1250,1788178875494,1788178877962,2468,2195.80,70,10980258,0,840
FAIR,5,baseline,Q1,292,512,1252,1788178875495,1788178877983,2488,2216.70,70,10982658,0,844
FAIR,5,baseline,Q1,292,512,1254,1788178875495,1788178877985,2490,2222.73,70,10981748,0,840
FAIR,5,baseline,Q1,292,512,1249,1788178875494,1788178878009,2515,2212.47,70,10981126,0,841
FAIR,5,baseline,Q1,292,512,1253,1788178875495,1788178878024,2529,2227.08,70,10981092,0,819
FAIR,5,baseline,Q1,293,514,1256,1788178878077,1788178878084,7,3.46,0,0,5869,0
FAIR,5,baseline,Q1,294,516,1257,1788178878089,1788178878098,9,4.97,0,0,5869,844
FAIR,5,baseline,Q1,295,519,1258,1788178878118,1788178878123,5,1.63,0,0,844,0
FAIR,5,baseline,Q1,296,520,1265,1788178879702,1788178879855,153,131.69,0,3269202,0,1965203
FAIR,5,baseline,Q1,296,520,1263,1788178879702,1788178880138,436,356.05,0,13078244,0,7738877
FAIR,5,baseline,Q1,296,520,1264,1788178879702,1788178880141,439,356.26,0,13078900,0,7743364
FAIR,5,baseline,Q1,296,520,1262,1788178879702,1788178880142,440,357.96,0,13079810,0,7735803
FAIR,5,baseline,Q1,296,520,1259,1788178879701,1788178880151,450,367.38,0,13078278,0,7750473
FAIR,5,baseline,Q1,296,520,1260,1788178879701,1788178880157,456,370.84,0,13077410,0,7743802
FAIR,5,baseline,Q1,296,520,1261,1788178879701,1788178880165,464,376.49,0,13078846,0,7738331
FAIR,5,baseline,Q1,297,521,1266,1788178879704,1788178879754,50,27.97,0,1484824,0,0
FAIR,5,baseline,Q1,298,522,1267,1788178879785,1788178880062,277,241.86,0,11640628,0,1604055
FAIR,5,baseline,Q1,299,524,1268,1788178880077,1788178880117,40,29.23,0,0,1604055,0
FAIR,5,baseline,Q3,300,526,1274,1788178880222,1788178880286,64,55.59,0,0,2895639,0
FAIR,5,baseline,Q3,300,526,1269,1788178880221,1788178880287,66,55.64,0,0,2898550,0
FAIR,5,baseline,Q3,300,526,1272,1788178880221,1788178880288,67,55.48,0,0,2887662,0
FAIR,5,baseline,Q3,300,526,1276,1788178880222,1788178880290,68,57.31,0,0,2910947,0
FAIR,5,baseline,Q3,300,526,1281,1788178880222,1788178880290,68,57.03,0,0,2929089,0
FAIR,5,baseline,Q3,300,526,1280,1788178880222,1788178880290,68,56.68,0,0,2888143,0
FAIR,5,baseline,Q3,300,526,1271,1788178880221,1788178880290,69,55.59,0,0,2899714,0
FAIR,5,baseline,Q3,300,526,1284,1788178880222,1788178880290,68,56.63,0,0,2897449,0
FAIR,5,baseline,Q3,300,526,1277,1788178880222,1788178880292,70,57.27,0,0,2908811,0
FAIR,5,baseline,Q3,300,526,1270,1788178880221,1788178880293,72,57.37,0,0,2919240,0
FAIR,5,baseline,Q3,300,526,1273,1788178880222,1788178880298,76,54.47,0,0,2898701,0
FAIR,5,baseline,Q3,300,526,1282,1788178880222,1788178880300,78,58.31,0,0,2941007,0
FAIR,5,baseline,Q3,300,526,1283,1788178880222,1788178880301,79,56.95,0,0,2925625,0
FAIR,5,baseline,Q3,300,526,1275,1788178880222,1788178880303,81,60.88,0,0,2886189,0
FAIR,5,baseline,Q3,300,526,1278,1788178880222,1788178880305,83,52.91,0,0,2895551,0
FAIR,5,baseline,Q3,300,526,1279,1788178880222,1788178880311,89,48.43,0,0,2909695,0
FAIR,5,baseline,Q3,300,526,1285,1788178880285,1788178880315,30,22.98,0,0,1923841,0
FAIR,5,baseline,Q3,301,527,1292,1788178881788,1788178881873,85,50.39,0,3298702,0,79
FAIR,5,baseline,Q3,301,527,1291,1788178881788,1788178882035,247,152.44,0,13196956,0,79
FAIR,5,baseline,Q3,301,527,1290,1788178881788,1788178882047,259,162.48,0,13196308,0,79
FAIR,5,baseline,Q3,301,527,1288,1788178881787,1788178882047,260,163.45,0,13196906,0,79
FAIR,5,baseline,Q3,301,527,1286,1788178881787,1788178882049,262,161.71,0,13196314,0,79
FAIR,5,baseline,Q3,301,527,1289,1788178881788,1788178882053,265,169.89,0,13197882,0,79
FAIR,5,baseline,Q3,301,527,1287,1788178881787,1788178882055,268,168.47,0,13195474,0,79
FAIR,5,baseline,Q3,302,529,1293,1788178882064,1788178882066,2,0.77,0,0,553,0
FAIR,5,baseline,Q6,303,530,1294,1788178883826,1788178884395,569,458.78,66,3317556,0,14534997
FAIR,5,baseline,Q6,304,531,1301,1788178883832,1788178884016,184,79.17,66,3825626,0,26922
FAIR,5,baseline,Q6,304,531,1300,1788178883832,1788178884209,377,213.15,66,15304688,0,59166
FAIR,5,baseline,Q6,304,531,1299,1788178883832,1788178884220,388,213.55,66,15304056,0,58481
FAIR,5,baseline,Q6,304,531,1296,1788178883831,1788178884220,389,212.96,66,15303234,0,58962
FAIR,5,baseline,Q6,304,531,1297,1788178883832,1788178884228,396,222.51,66,15304618,0,58647
FAIR,5,baseline,Q6,304,531,1298,1788178883832,1788178884230,398,225.79,66,15305646,0,57595
FAIR,5,baseline,Q6,304,531,1295,1788178883831,1788178884231,400,230.28,66,15304022,0,59807
FAIR,5,baseline,Q12,305,533,1302,1788178884247,1788178884262,15,12.73,0,0,379580,0
FAIR,5,baseline,Q12,306,535,1316,1788178884419,1788178884447,28,25.35,0,0,1015509,154
FAIR,5,baseline,Q12,306,535,1314,1788178884419,1788178884453,34,30.56,0,0,1020274,154
FAIR,5,baseline,Q12,306,535,1307,1788178884419,1788178884453,34,30.58,0,0,1015054,154
FAIR,5,baseline,Q12,306,535,1311,1788178884419,1788178884453,34,30.73,0,0,1018284,154
FAIR,5,baseline,Q12,306,535,1312,1788178884419,1788178884453,34,30.94,0,0,1015101,154
FAIR,5,baseline,Q12,306,535,1310,1788178884419,1788178884454,35,30.57,0,0,1016185,154
FAIR,5,baseline,Q12,306,535,1313,1788178884419,1788178884454,35,31.46,0,0,1021753,154
FAIR,5,baseline,Q12,306,535,1315,1788178884419,1788178884454,35,31.43,0,0,1015360,154
FAIR,5,baseline,Q12,306,535,1304,1788178884418,1788178884454,36,30.91,0,0,1090764,154
FAIR,5,baseline,Q12,306,535,1305,1788178884419,1788178884455,36,32.79,0,0,1087458,154
FAIR,5,baseline,Q12,306,535,1303,1788178884418,1788178884455,37,32.89,0,0,1092283,154
FAIR,5,baseline,Q12,306,535,1306,1788178884419,1788178884455,36,32.93,0,0,1090847,154
FAIR,5,baseline,Q12,306,535,1309,1788178884419,1788178884456,37,33.79,0,0,1021566,154
FAIR,5,baseline,Q12,306,535,1308,1788178884419,1788178884458,39,29.34,0,0,1014559,154
FAIR,5,baseline,Q12,307,538,1317,1788178884476,1788178884480,4,1.62,0,0,2156,0
FAIR,5,baseline,Q12,308,541,1318,1788178884485,1788178884489,4,2.12,0,0,2156,154
FAIR,5,baseline,Q12,309,545,1319,1788178884506,1788178884509,3,0.97,0,0,154,0
FAIR,5,baseline,Q12,310,546,1320,1788178885966,1788178886033,67,46.97,0,1244534,0,0
FAIR,5,baseline,Q12,311,547,1327,1788178886105,1788178886168,63,39.40,0,3269202,0,101
FAIR,5,baseline,Q12,311,547,1325,1788178886104,1788178886326,222,143.04,0,13078244,0,99
FAIR,5,baseline,Q12,311,547,1324,1788178886104,1788178886326,222,148.12,0,13079810,0,99
FAIR,5,baseline,Q12,311,547,1326,1788178886105,1788178886327,222,147.37,0,13078900,0,99
FAIR,5,baseline,Q12,311,547,1321,1788178886104,1788178886334,230,147.81,0,13078278,0,99
FAIR,5,baseline,Q12,311,547,1322,1788178886104,1788178886335,231,154.86,0,13077410,0,99
FAIR,5,baseline,Q12,311,547,1323,1788178886104,1788178886338,234,159.33,0,13078846,0,99
FAIR,5,baseline,Q12,312,549,1328,1788178886348,1788178886351,3,0.81,0,0,695,0
FAIR,5,baseline,Q14,313,550,1329,1788178887898,1788178889051,1153,897.30,96,14589748,0,30886715
FAIR,5,baseline,Q14,314,551,1330,1788178887909,1788178888032,123,60.80,0,784744,0,0
FAIR,5,baseline,Q14,315,552,1337,1788178887913,1788178888497,584,389.39,83,1669066,0,2548115
FAIR,5,baseline,Q14,315,552,1333,1788178887912,1788178889388,1476,1136.88,122,6678222,0,8201066
FAIR,5,baseline,Q14,315,552,1335,1788178887912,1788178889401,1489,1160.13,122,6677620,0,8197158
FAIR,5,baseline,Q14,315,552,1336,1788178887912,1788178889409,1497,1179.23,122,6678296,0,8202194
FAIR,5,baseline,Q14,315,552,1332,1788178887912,1788178889410,1498,1165.14,122,6676794,0,8204443
FAIR,5,baseline,Q14,315,552,1331,1788178887911,1788178889417,1506,1177.15,122,6677674,0,8204481
FAIR,5,baseline,Q14,315,552,1334,1788178887912,1788178889424,1512,1180.14,122,6679174,0,8197511
FAIR,5,baseline,Q14,316,553,1344,1788178887918,1788178888226,308,167.38,48,1669066,0,2238587
FAIR,5,baseline,Q14,316,553,1343,1788178887917,1788178888823,906,561.43,96,6678296,0,8872181
FAIR,5,baseline,Q14,316,553,1339,1788178887916,1788178888840,924,585.77,96,6676794,0,8874749
FAIR,5,baseline,Q14,316,553,1338,1788178887915,1788178888846,931,555.04,96,6677674,0,8874676
FAIR,5,baseline,Q14,316,553,1341,1788178887916,1788178888846,930,556.52,96,6679174,0,8873847
FAIR,5,baseline,Q14,316,553,1340,1788178887916,1788178888850,934,556.75,96,6678222,0,8873447
FAIR,5,baseline,Q14,316,553,1342,1788178887916,1788178888855,939,579.52,96,6677620,0,8872119
FAIR,5,baseline,Q18,317,557,1354,1788178889510,1788178890340,830,368.63,16,0,11396280,0
FAIR,5,baseline,Q18,317,557,1357,1788178889510,1788178890577,1067,907.65,26,0,11430722,0
FAIR,5,baseline,Q18,317,557,1346,1788178889509,1788178890629,1120,909.99,29,0,11440429,0
FAIR,5,baseline,Q18,317,557,1355,1788178889510,1788178890635,1125,887.40,29,0,11410383,0
FAIR,5,baseline,Q18,317,557,1347,1788178889510,1788178890640,1130,878.91,29,0,11328172,0
FAIR,5,baseline,Q18,317,557,1356,1788178889510,1788178890641,1131,884.59,29,0,11356291,0
FAIR,5,baseline,Q18,317,557,1352,1788178889510,1788178890663,1153,829.03,29,0,11425234,0
FAIR,5,baseline,Q18,317,557,1353,1788178889510,1788178890682,1172,839.28,29,0,11413836,0
FAIR,5,baseline,Q18,317,557,1358,1788178889510,1788178890693,1183,891.75,29,0,11431888,0
FAIR,5,baseline,Q18,317,557,1345,1788178889509,1788178890717,1208,890.90,29,0,11410837,0
FAIR,5,baseline,Q18,317,557,1350,1788178889510,1788178890719,1209,887.80,29,0,11347331,0
FAIR,5,baseline,Q18,317,557,1349,1788178889510,1788178890729,1219,830.23,29,0,11393041,0
FAIR,5,baseline,Q18,317,557,1359,1788178889510,1788178890738,1228,821.86,29,0,11412119,0
FAIR,5,baseline,Q18,317,557,1360,1788178889510,1788178890740,1230,851.49,29,0,11354353,0
FAIR,5,baseline,Q18,317,557,1348,1788178889510,1788178890751,1241,869.19,29,0,11397674,0
FAIR,5,baseline,Q18,317,557,1351,1788178889510,1788178890768,1258,813.57,29,0,11338468,0
FAIR,5,baseline,Q18,317,557,1361,1788178890330,1788178890823,493,403.13,13,0,7589199,0
FAIR,6,baseline,Q1,318,558,1368,1788178921864,1788178922643,779,693.58,30,2744914,0,845
FAIR,6,baseline,Q1,318,558,1366,1788178921863,1788178924668,2805,2427.38,80,10981092,0,819
FAIR,6,baseline,Q1,318,558,1367,1788178921864,1788178924678,2814,2433.02,80,10981748,0,840
FAIR,6,baseline,Q1,318,558,1363,1788178921863,1788178924684,2821,2419.46,80,10980258,0,840
FAIR,6,baseline,Q1,318,558,1362,1788178921862,1788178924705,2843,2440.30,80,10981126,0,841
FAIR,6,baseline,Q1,318,558,1364,1788178921863,1788178924752,2889,2513.26,80,10981694,0,840
FAIR,6,baseline,Q1,318,558,1365,1788178921863,1788178924768,2905,2529.55,80,10982658,0,844
FAIR,6,baseline,Q1,319,560,1369,1788178924809,1788178924819,10,5.44,0,0,5869,0
FAIR,6,baseline,Q1,320,562,1370,1788178924825,1788178924834,9,4.32,0,0,5869,844
FAIR,6,baseline,Q1,321,565,1371,1788178924871,1788178924876,5,1.64,0,0,844,0
FAIR,6,baseline,Q1,322,566,1378,1788178926533,1788178926671,138,114.51,0,3269202,0,1965203
FAIR,6,baseline,Q1,322,566,1376,1788178926533,1788178926941,408,338.59,0,13078244,0,7738877
FAIR,6,baseline,Q1,322,566,1375,1788178926533,1788178926945,412,343.08,0,13079810,0,7735803
FAIR,6,baseline,Q1,322,566,1373,1788178926532,1788178926949,417,348.03,0,13077410,0,7743802
FAIR,6,baseline,Q1,322,566,1374,1788178926532,1788178926951,419,348.93,0,13078846,0,7738331
FAIR,6,baseline,Q1,322,566,1377,1788178926533,1788178926957,424,358.15,0,13078900,0,7743364
FAIR,6,baseline,Q1,322,566,1372,1788178926532,1788178926958,426,357.58,0,13078278,0,7750473
FAIR,6,baseline,Q1,323,567,1379,1788178926538,1788178926585,47,28.98,0,1484824,0,0
FAIR,6,baseline,Q1,324,568,1380,1788178926617,1788178926875,258,226.50,0,11640628,0,1604055
FAIR,6,baseline,Q1,325,570,1381,1788178926892,1788178926927,35,26.31,0,0,1604055,0
FAIR,6,baseline,Q3,326,572,1389,1788178927002,1788178927051,49,40.81,0,0,2910947,0
FAIR,6,baseline,Q3,326,572,1384,1788178927002,1788178927059,57,49.33,0,0,2899714,0
FAIR,6,baseline,Q3,326,572,1385,1788178927002,1788178927060,58,51.41,0,0,2887662,0
FAIR,6,baseline,Q3,326,572,1390,1788178927002,1788178927061,59,52.05,0,0,2908811,0
FAIR,6,baseline,Q3,326,572,1393,1788178927002,1788178927061,59,51.93,0,0,2888143,0
FAIR,6,baseline,Q3,326,572,1386,1788178927002,1788178927061,59,52.40,0,0,2898701,0
FAIR,6,baseline,Q3,326,572,1382,1788178927002,1788178927063,61,52.62,0,0,2898550,0
FAIR,6,baseline,Q3,326,572,1397,1788178927002,1788178927063,61,52.11,0,0,2897449,0
FAIR,6,baseline,Q3,326,572,1395,1788178927002,1788178927067,65,52.40,0,0,2941007,0
FAIR,6,baseline,Q3,326,572,1391,1788178927002,1788178927067,65,51.60,0,0,2895551,0
FAIR,6,baseline,Q3,326,572,1396,1788178927002,1788178927067,65,49.11,0,0,2925625,0
FAIR,6,baseline,Q3,326,572,1387,1788178927002,1788178927067,65,50.98,0,0,2895639,0
FAIR,6,baseline,Q3,326,572,1388,1788178927002,1788178927069,67,51.61,0,0,2886189,0
FAIR,6,baseline,Q3,326,572,1394,1788178927002,1788178927069,67,49.80,0,0,2929089,0
FAIR,6,baseline,Q3,326,572,1392,1788178927002,1788178927075,73,44.79,0,0,2909695,0
FAIR,6,baseline,Q3,326,572,1383,1788178927002,1788178927079,77,42.58,0,0,2919240,0
FAIR,6,baseline,Q3,326,572,1398,1788178927050,1788178927081,31,22.76,0,0,1923841,0
FAIR,6,baseline,Q3,327,573,1405,1788178928607,1788178928695,88,54.45,0,3298702,0,79
FAIR,6,baseline,Q3,327,573,1404,1788178928606,1788178928905,299,184.36,0,13196956,0,79
FAIR,6,baseline,Q3,327,573,1399,1788178928604,1788178928907,303,193.86,0,13196314,0,79
FAIR,6,baseline,Q3,327,573,1400,1788178928604,1788178928911,307,183.61,0,13195474,0,79
FAIR,6,baseline,Q3,327,573,1403,1788178928606,1788178928914,308,195.58,0,13196308,0,79
FAIR,6,baseline,Q3,327,573,1401,1788178928605,1788178928918,313,193.23,0,13196906,0,79
FAIR,6,baseline,Q3,327,573,1402,1788178928605,1788178928919,314,200.12,0,13197882,0,79
FAIR,6,baseline,Q3,328,575,1406,1788178928930,1788178928933,3,1.07,0,0,553,0
FAIR,6,baseline,Q6,329,576,1407,1788178930879,1788178931464,585,474.67,70,3317556,0,14534997
FAIR,6,baseline,Q6,330,577,1414,1788178930885,1788178931065,180,79.78,70,3825626,0,26922
FAIR,6,baseline,Q6,330,577,1412,1788178930884,1788178931271,387,221.90,70,15304056,0,58481
FAIR,6,baseline,Q6,330,577,1410,1788178930884,1788178931274,390,225.95,70,15304618,0,58647
FAIR,6,baseline,Q6,330,577,1413,1788178930884,1788178931281,397,235.71,70,15304688,0,59166
FAIR,6,baseline,Q6,330,577,1409,1788178930884,1788178931286,402,238.50,70,15303234,0,58962
FAIR,6,baseline,Q6,330,577,1408,1788178930883,1788178931290,407,236.62,70,15304022,0,59807
FAIR,6,baseline,Q6,330,577,1411,1788178930884,1788178931290,406,239.53,70,15305646,0,57595
FAIR,6,baseline,Q12,331,579,1415,1788178931303,1788178931314,11,9.53,0,0,379580,0
FAIR,6,baseline,Q12,332,581,1420,1788178931490,1788178931519,29,26.11,0,0,1015054,154
FAIR,6,baseline,Q12,332,581,1429,1788178931490,1788178931520,30,24.98,0,0,1015509,154
FAIR,6,baseline,Q12,332,581,1427,1788178931490,1788178931525,35,31.35,0,0,1020274,154
FAIR,6,baseline,Q12,332,581,1423,1788178931490,1788178931525,35,31.61,0,0,1016185,154
FAIR,6,baseline,Q12,332,581,1428,1788178931490,1788178931525,35,31.64,0,0,1015360,154
FAIR,6,baseline,Q12,332,581,1425,1788178931490,1788178931525,35,31.29,0,0,1015101,154
FAIR,6,baseline,Q12,332,581,1422,1788178931490,1788178931525,35,30.44,0,0,1021566,154
FAIR,6,baseline,Q12,332,581,1424,1788178931490,1788178931527,37,31.38,0,0,1018284,154
FAIR,6,baseline,Q12,332,581,1419,1788178931490,1788178931527,37,32.55,0,0,1090847,154
FAIR,6,baseline,Q12,332,581,1426,1788178931490,1788178931527,37,31.12,0,0,1021753,154
FAIR,6,baseline,Q12,332,581,1421,1788178931490,1788178931527,37,31.61,0,0,1014559,154
FAIR,6,baseline,Q12,332,581,1416,1788178931489,1788178931527,38,32.68,0,0,1092283,154
FAIR,6,baseline,Q12,332,581,1418,1788178931490,1788178931528,38,32.98,0,0,1087458,154
FAIR,6,baseline,Q12,332,581,1417,1788178931490,1788178931528,38,33.00,0,0,1090764,154
FAIR,6,baseline,Q12,333,584,1430,1788178931545,1788178931549,4,1.48,0,0,2156,0
FAIR,6,baseline,Q12,334,587,1431,1788178931553,1788178931558,5,2.17,0,0,2156,154
FAIR,6,baseline,Q12,335,591,1432,1788178931569,1788178931573,4,0.92,0,0,154,0
FAIR,6,baseline,Q12,336,592,1433,1788178933069,1788178933137,68,41.90,0,1244534,0,0
FAIR,6,baseline,Q12,337,593,1440,1788178933208,1788178933266,58,36.84,0,3269202,0,101
FAIR,6,baseline,Q12,337,593,1435,1788178933207,1788178933415,208,132.30,0,13077410,0,99
FAIR,6,baseline,Q12,337,593,1438,1788178933207,1788178933415,208,129.26,0,13078244,0,99
FAIR,6,baseline,Q12,337,593,1436,1788178933207,1788178933417,210,137.13,0,13078846,0,99
FAIR,6,baseline,Q12,337,593,1434,1788178933207,1788178933425,218,138.05,0,13078278,0,99
FAIR,6,baseline,Q12,337,593,1437,1788178933207,1788178933426,219,144.52,0,13079810,0,99
FAIR,6,baseline,Q12,337,593,1439,1788178933207,1788178933431,224,143.54,0,13078900,0,99
FAIR,6,baseline,Q12,338,595,1441,1788178933442,1788178933444,2,0.69,0,0,695,0
FAIR,6,baseline,Q14,339,596,1442,1788178934995,1788178936415,1420,879.68,116,14589748,0,30886715
FAIR,6,baseline,Q14,340,597,1443,1788178935000,1788178935123,123,63.94,0,784744,0,0
FAIR,6,baseline,Q14,341,598,1450,1788178935004,1788178935575,571,304.08,85,1669066,0,2548115
FAIR,6,baseline,Q14,341,598,1449,1788178935004,1788178936815,1811,1110.74,126,6678296,0,8202194
FAIR,6,baseline,Q14,341,598,1448,1788178935004,1788178936816,1812,1099.94,126,6677620,0,8197158
FAIR,6,baseline,Q14,341,598,1444,1788178935003,1788178936824,1821,1099.78,126,6677674,0,8204481
FAIR,6,baseline,Q14,341,598,1445,1788178935003,1788178936829,1826,1109.00,126,6676794,0,8204443
FAIR,6,baseline,Q14,341,598,1447,1788178935003,1788178936833,1830,1122.02,126,6679174,0,8197511
FAIR,6,baseline,Q14,341,598,1446,1788178935003,1788178936833,1830,1115.34,126,6678222,0,8201066
FAIR,6,baseline,Q14,342,599,1457,1788178935007,1788178935440,433,157.79,85,1669066,0,2238587
FAIR,6,baseline,Q14,342,599,1452,1788178935006,1788178936331,1325,505.27,108,6676794,0,8874749
FAIR,6,baseline,Q14,342,599,1456,1788178935007,1788178936333,1326,524.35,108,6678296,0,8872181
FAIR,6,baseline,Q14,342,599,1455,1788178935006,1788178936334,1328,514.13,108,6677620,0,8872119
FAIR,6,baseline,Q14,342,599,1451,1788178935005,1788178936344,1339,501.09,108,6677674,0,8874676
FAIR,6,baseline,Q14,342,599,1453,1788178935006,1788178936346,1340,500.43,108,6678222,0,8873447
FAIR,6,baseline,Q14,342,599,1454,1788178935006,1788178936348,1342,512.82,108,6679174,0,8873847
FAIR,6,baseline,Q18,343,603,1467,1788178936892,1788178937442,550,364.10,27,0,11396280,0
FAIR,6,baseline,Q18,343,603,1472,1788178936892,1788178937951,1059,886.54,38,0,11412119,0
FAIR,6,baseline,Q18,343,603,1461,1788178936891,1788178938000,1109,910.90,40,0,11397674,0
FAIR,6,baseline,Q18,343,603,1465,1788178936891,1788178938049,1158,861.30,40,0,11425234,0
FAIR,6,baseline,Q18,343,603,1474,1788178937432,1788178938058,626,536.36,13,0,7589199,0
FAIR,6,baseline,Q18,343,603,1473,1788178936892,1788178938062,1170,922.06,40,0,11354353,0
FAIR,6,baseline,Q18,343,603,1471,1788178936892,1788178938062,1170,903.15,40,0,11431888,0
FAIR,6,baseline,Q18,343,603,1466,1788178936892,1788178938074,1182,869.73,40,0,11413836,0
FAIR,6,baseline,Q18,343,603,1460,1788178936891,1788178938076,1185,883.79,40,0,11328172,0
FAIR,6,baseline,Q18,343,603,1464,1788178936891,1788178938078,1187,878.28,40,0,11338468,0
FAIR,6,baseline,Q18,343,603,1469,1788178936892,1788178938079,1187,909.97,40,0,11356291,0
FAIR,6,baseline,Q18,343,603,1462,1788178936891,1788178938091,1200,849.77,40,0,11393041,0
FAIR,6,baseline,Q18,343,603,1468,1788178936892,1788178938091,1199,883.88,40,0,11410383,0
FAIR,6,baseline,Q18,343,603,1470,1788178936892,1788178938094,1202,887.67,40,0,11430722,0
FAIR,6,baseline,Q18,343,603,1459,1788178936891,1788178938094,1203,888.47,40,0,11440429,0
FAIR,6,baseline,Q18,343,603,1463,1788178936891,1788178938103,1212,886.04,40,0,11347331,0
FAIR,6,baseline,Q18,343,603,1458,1788178936891,1788178938116,1225,869.36,40,0,11410837,0
FAIR,6,concurrent,compaction,344,604,1475,1788178972342,1788178994631,22289,17543.46,533,175454639,0,0
FAIR,6,concurrent,Q1,345,605,1482,1788178974477,1788178975453,976,782.55,65,2744914,0,845
FAIR,6,concurrent,Q1,345,605,1480,1788178974476,1788178977864,3388,2770.16,162,10981092,0,819
FAIR,6,concurrent,Q1,345,605,1476,1788178974475,1788178977907,3432,2818.24,162,10981126,0,841
FAIR,6,concurrent,Q1,345,605,1477,1788178974476,1788178977929,3453,2846.23,162,10980258,0,840
FAIR,6,concurrent,Q1,345,605,1478,1788178974476,1788178977942,3466,2847.32,162,10981694,0,840
FAIR,6,concurrent,Q1,345,605,1479,1788178974476,1788178977944,3468,2831.85,162,10982658,0,844
FAIR,6,concurrent,Q1,345,605,1481,1788178974476,1788178977955,3479,2882.22,162,10981748,0,840
FAIR,6,concurrent,Q1,346,607,1483,1788178978049,1788178978057,8,4.11,0,0,5869,0
FAIR,6,concurrent,Q1,347,609,1484,1788178978075,1788178978084,9,4.49,0,0,5869,844
FAIR,6,concurrent,Q1,348,612,1485,1788178978106,1788178978111,5,1.72,0,0,844,0
FAIR,6,concurrent,Q1,349,613,1492,1788178979815,1788178979987,172,135.01,0,3269202,0,1965203
FAIR,6,concurrent,Q1,349,613,1491,1788178979815,1788178980319,504,403.57,0,13078900,0,7743364
FAIR,6,concurrent,Q1,349,613,1488,1788178979814,1788178980321,507,412.03,0,13078846,0,7738331
FAIR,6,concurrent,Q1,349,613,1489,1788178979815,1788178980323,508,411.16,0,13079810,0,7735803
FAIR,6,concurrent,Q1,349,613,1486,1788178979814,1788178980325,511,413.18,0,13078278,0,7750473
FAIR,6,concurrent,Q1,349,613,1490,1788178979815,1788178980326,511,416.98,0,13078244,0,7738877
FAIR,6,concurrent,Q1,349,613,1487,1788178979814,1788178980327,513,413.51,0,13077410,0,7743802
FAIR,6,concurrent,Q1,350,614,1493,1788178979818,1788178979884,66,28.60,0,1484824,0,0
FAIR,6,concurrent,Q1,351,615,1494,1788178979915,1788178980254,339,297.83,0,11640628,0,1604055
FAIR,6,concurrent,Q3,352,617,1495,1788178980272,1788178980320,48,36.96,0,0,1604055,0
FAIR,6,concurrent,Q3,353,619,1500,1788178980431,1788178980497,66,44.39,8,0,2898701,0
FAIR,6,concurrent,Q3,353,619,1507,1788178980431,1788178980501,70,55.33,8,0,2888143,0
FAIR,6,concurrent,Q3,353,619,1509,1788178980431,1788178980502,71,56.01,8,0,2941007,0
FAIR,6,concurrent,Q3,353,619,1498,1788178980431,1788178980502,71,55.62,8,0,2899714,0
FAIR,6,concurrent,Q3,353,619,1504,1788178980431,1788178980502,71,55.75,8,0,2908811,0
FAIR,6,concurrent,Q3,353,619,1506,1788178980431,1788178980502,71,56.55,8,0,2909695,0
FAIR,6,concurrent,Q3,353,619,1499,1788178980431,1788178980503,72,53.88,8,0,2887662,0
FAIR,6,concurrent,Q3,353,619,1502,1788178980431,1788178980503,72,54.68,8,0,2886189,0
FAIR,6,concurrent,Q3,353,619,1501,1788178980431,1788178980503,72,54.26,8,0,2895639,0
FAIR,6,concurrent,Q3,353,619,1496,1788178980431,1788178980503,72,54.88,8,0,2898550,0
FAIR,6,concurrent,Q3,353,619,1503,1788178980431,1788178980504,73,55.18,8,0,2910947,0
FAIR,6,concurrent,Q3,353,619,1497,1788178980431,1788178980512,81,52.39,8,0,2919240,0
FAIR,6,concurrent,Q3,353,619,1510,1788178980432,1788178980514,82,56.68,8,0,2925625,0
FAIR,6,concurrent,Q3,353,619,1508,1788178980431,1788178980524,93,47.51,8,0,2929089,0
FAIR,6,concurrent,Q3,353,619,1505,1788178980431,1788178980524,93,46.99,8,0,2895551,0
FAIR,6,concurrent,Q3,353,619,1512,1788178980500,1788178980530,30,24.26,0,0,1923841,0
FAIR,6,concurrent,Q3,353,619,1511,1788178980495,1788178980538,43,36.41,0,0,2897449,0
FAIR,6,concurrent,Q3,354,620,1519,1788178982419,1788178982505,86,47.00,0,3298702,0,79
FAIR,6,concurrent,Q3,354,620,1516,1788178982418,1788178982726,308,176.41,0,13197882,0,79
FAIR,6,concurrent,Q3,354,620,1514,1788178982418,1788178982730,312,173.33,0,13195474,0,79
FAIR,6,concurrent,Q3,354,620,1513,1788178982417,1788178982732,315,173.16,0,13196314,0,79
FAIR,6,concurrent,Q3,354,620,1515,1788178982418,1788178982733,315,180.03,0,13196906,0,79
FAIR,6,concurrent,Q3,354,620,1518,1788178982419,1788178982735,316,178.84,0,13196956,0,79
FAIR,6,concurrent,Q3,354,620,1517,1788178982419,1788178982736,317,174.67,0,13196308,0,79
FAIR,6,concurrent,Q6,355,622,1520,1788178982747,1788178982749,2,0.61,0,0,553,0
FAIR,6,concurrent,Q6,356,623,1521,1788178984594,1788178985212,618,577.12,0,3317556,0,14534997
FAIR,6,concurrent,Q6,357,624,1528,1788178984600,1788178984725,125,93.60,0,3825626,0,26922
FAIR,6,concurrent,Q6,357,624,1522,1788178984598,1788178984967,369,257.10,0,15304022,0,59807
FAIR,6,concurrent,Q6,357,624,1527,1788178984599,1788178984972,373,262.21,0,15304688,0,59166
FAIR,6,concurrent,Q6,357,624,1526,1788178984599,1788178984974,375,262.95,0,15304056,0,58481
FAIR,6,concurrent,Q6,357,624,1525,1788178984599,1788178984975,376,266.85,0,15305646,0,57595
FAIR,6,concurrent,Q6,357,624,1523,1788178984599,1788178984978,379,261.19,0,15303234,0,58962
FAIR,6,concurrent,Q6,357,624,1524,1788178984599,1788178984987,388,266.15,0,15304618,0,58647
FAIR,6,concurrent,Q12,358,626,1529,1788178985015,1788178985039,24,20.23,0,0,379580,0
FAIR,6,concurrent,Q12,359,628,1537,1788178985237,1788178985275,38,32.25,0,0,1016185,154
FAIR,6,concurrent,Q12,359,628,1541,1788178985238,1788178985275,37,32.20,0,0,1020274,154
FAIR,6,concurrent,Q12,359,628,1539,1788178985237,1788178985276,39,31.75,0,0,1015101,154
FAIR,6,concurrent,Q12,359,628,1543,1788178985238,1788178985276,38,29.61,0,0,1015509,154
FAIR,6,concurrent,Q12,359,628,1535,1788178985237,1788178985276,39,32.18,0,0,1014559,154
FAIR,6,concurrent,Q12,359,628,1536,1788178985237,1788178985278,41,31.58,0,0,1021566,154
FAIR,6,concurrent,Q12,359,628,1540,1788178985237,1788178985278,41,31.59,0,0,1021753,154
FAIR,6,concurrent,Q12,359,628,1531,1788178985237,1788178985278,41,33.11,0,0,1090764,154
FAIR,6,concurrent,Q12,359,628,1542,1788178985238,1788178985278,40,31.88,0,0,1015360,154
FAIR,6,concurrent,Q12,359,628,1538,1788178985237,1788178985279,42,35.33,0,0,1018284,154
FAIR,6,concurrent,Q12,359,628,1530,1788178985237,1788178985279,42,33.86,0,0,1092283,154
FAIR,6,concurrent,Q12,359,628,1533,1788178985237,1788178985280,43,33.40,0,0,1090847,154
FAIR,6,concurrent,Q12,359,628,1534,1788178985237,1788178985280,43,32.87,0,0,1015054,154
FAIR,6,concurrent,Q12,359,628,1532,1788178985237,1788178985287,50,33.14,0,0,1087458,154
FAIR,6,concurrent,Q12,360,631,1544,1788178985308,1788178985312,4,1.66,0,0,2156,0
FAIR,6,concurrent,Q12,361,634,1545,1788178985318,1788178985323,5,2.59,0,0,2156,154
FAIR,6,concurrent,Q12,362,638,1546,1788178985342,1788178985346,4,1.04,0,0,154,0
FAIR,6,concurrent,Q14,363,639,1547,1788178987424,1788178987507,83,51.57,0,1244534,0,0
FAIR,6,concurrent,Q14,364,640,1554,1788178987587,1788178987687,100,39.56,0,3269202,0,101
FAIR,6,concurrent,Q14,364,640,1552,1788178987587,1788178988238,651,149.51,0,13078244,0,99
FAIR,6,concurrent,Q14,364,640,1549,1788178987586,1788178988250,664,151.59,0,13077410,0,99
FAIR,6,concurrent,Q14,364,640,1550,1788178987586,1788178988261,675,153.28,0,13078846,0,99
FAIR,6,concurrent,Q14,364,640,1553,1788178987587,1788178988261,674,153.07,0,13078900,0,99
FAIR,6,concurrent,Q14,364,640,1551,1788178987587,1788178988261,674,154.81,0,13079810,0,99
FAIR,6,concurrent,Q14,364,640,1548,1788178987586,1788178988266,680,152.71,0,13078278,0,99
FAIR,6,concurrent,Q14,365,642,1555,1788178988280,1788178988282,2,0.86,0,0,695,0
FAIR,6,concurrent,Q14,366,643,1556,1788178990341,1788178991896,1555,1001.94,127,14589748,0,30886715
FAIR,6,concurrent,Q14,367,644,1557,1788178990352,1788178990603,251,66.61,0,784744,0,0
FAIR,6,concurrent,Q14,368,645,1564,1788178990358,1788178991105,747,397.07,97,1669066,0,2548115
FAIR,6,concurrent,Q14,368,645,1562,1788178990357,1788178992302,1945,1303.92,171,6677620,0,8197158
FAIR,6,concurrent,Q14,368,645,1560,1788178990356,1788178992369,2013,1259.77,171,6678222,0,8201066
FAIR,6,concurrent,Q14,368,645,1561,1788178990357,1788178992371,2014,1252.25,171,6679174,0,8197511
FAIR,6,concurrent,Q14,368,645,1559,1788178990356,1788178992375,2019,1282.30,171,6676794,0,8204443
FAIR,6,concurrent,Q14,368,645,1558,1788178990356,1788178992376,2020,1253.51,171,6677674,0,8204481
FAIR,6,concurrent,Q14,368,645,1563,1788178990357,1788178992379,2022,1286.82,171,6678296,0,8202194
FAIR,6,concurrent,Q18,369,646,1571,1788178990547,1788178991071,524,167.96,97,1669066,0,2238587
FAIR,6,concurrent,Q18,369,646,1569,1788178990371,1788178991606,1235,564.26,113,6677620,0,8872119
FAIR,6,concurrent,Q18,369,646,1567,1788178990370,1788178991667,1297,566.83,113,6678222,0,8873447
FAIR,6,concurrent,Q18,369,646,1568,1788178990371,1788178991670,1299,565.68,113,6679174,0,8873847
FAIR,6,concurrent,Q18,369,646,1570,1788178990371,1788178991710,1339,573.51,113,6678296,0,8872181
FAIR,6,concurrent,Q18,369,646,1565,1788178990369,1788178991724,1355,564.77,113,6677674,0,8874676
FAIR,6,concurrent,Q18,369,646,1566,1788178990370,1788178991759,1389,582.32,121,6676794,0,8874749
FAIR,6,concurrent,Q18,370,650,1581,1788178992437,1788178993009,572,363.43,20,0,11396280,0
FAIR,6,concurrent,Q18,370,650,1579,1788178992437,1788178993520,1083,854.47,49,0,11425234,0
FAIR,6,concurrent,Q18,370,650,1574,1788178992437,1788178993582,1145,886.61,49,0,11328172,0
FAIR,6,concurrent,Q18,370,650,1586,1788178992437,1788178993605,1168,894.56,49,0,11412119,0
FAIR,6,concurrent,Q18,370,650,1583,1788178992437,1788178993609,1172,876.60,49,0,11356291,0
FAIR,6,concurrent,Q18,370,650,1578,1788178992437,1788178993622,1185,852.90,49,0,11338468,0
FAIR,6,concurrent,Q18,370,650,1575,1788178992437,1788178993656,1219,888.36,49,0,11397674,0
FAIR,6,concurrent,Q18,370,650,1584,1788178992437,1788178993658,1221,895.18,49,0,11430722,0
FAIR,6,concurrent,Q18,370,650,1572,1788178992436,1788178993669,1233,897.09,49,0,11410837,0
FAIR,6,concurrent,Q18,370,650,1585,1788178992437,1788178993689,1252,874.91,49,0,11431888,0
FAIR,6,concurrent,Q18,370,650,1573,1788178992437,1788178993703,1266,904.91,54,0,11440429,0
FAIR,6,concurrent,Q18,370,650,1582,1788178992437,1788178993723,1286,889.58,54,0,11410383,0
FAIR,6,concurrent,Q18,370,650,1576,1788178992437,1788178993733,1296,847.36,54,0,11393041,0
FAIR,6,concurrent,Q18,370,650,1580,1788178992437,1788178993754,1317,835.69,60,0,11413836,0
FAIR,6,concurrent,Q18,370,650,1577,1788178992437,1788178993779,1342,860.44,68,0,11347331,0
FAIR,6,concurrent,Q18,370,650,1587,1788178993007,1788178993974,967,739.04,48,0,11354353,0
FAIR,6,concurrent,Q18,370,650,1588,1788178993513,1788178994000,487,378.97,19,0,7589199,0
FAIR,7,concurrent,compaction,371,651,1589,1788179030806,1788179058097,27291,21971.61,850,175454639,0,0
FAIR,7,concurrent,Q1,372,652,1596,1788179033147,1788179034197,1050,862.62,60,2744914,0,845
FAIR,7,concurrent,Q1,372,652,1590,1788179033146,1788179037286,4140,3317.01,294,10981126,0,841
FAIR,7,concurrent,Q1,372,652,1594,1788179033147,1788179037310,4163,3396.82,294,10981092,0,819
FAIR,7,concurrent,Q1,372,652,1593,1788179033147,1788179037317,4170,3355.47,294,10982658,0,844
FAIR,7,concurrent,Q1,372,652,1592,1788179033146,1788179037319,4173,3326.13,294,10981694,0,840
FAIR,7,concurrent,Q1,372,652,1591,1788179033146,1788179037349,4203,3291.54,303,10980258,0,840
FAIR,7,concurrent,Q1,372,652,1595,1788179033147,1788179037366,4219,3355.45,303,10981748,0,840
FAIR,7,concurrent,Q1,373,654,1597,1788179037434,1788179037448,14,7.30,0,0,5869,0
FAIR,7,concurrent,Q1,374,656,1598,1788179037457,1788179037468,11,5.77,0,0,5869,844
FAIR,7,concurrent,Q1,375,659,1599,1788179037514,1788179037522,8,2.75,0,0,844,0
FAIR,7,concurrent,Q3,376,660,1606,1788179040243,1788179040468,225,165.11,0,3269202,0,1965203
FAIR,7,concurrent,Q3,376,660,1601,1788179040242,1788179040904,662,522.54,0,13077410,0,7743802
FAIR,7,concurrent,Q3,376,660,1604,1788179040243,1788179040910,667,512.68,0,13078244,0,7738877
FAIR,7,concurrent,Q3,376,660,1602,1788179040242,1788179040917,675,517.85,0,13078846,0,7738331
FAIR,7,concurrent,Q3,376,660,1600,1788179040242,1788179040933,691,531.91,0,13078278,0,7750473
FAIR,7,concurrent,Q3,376,660,1603,1788179040242,1788179040934,692,517.90,0,13079810,0,7735803
FAIR,7,concurrent,Q3,376,660,1605,1788179040243,1788179040937,694,524.99,0,13078900,0,7743364
FAIR,7,concurrent,Q3,377,661,1607,1788179040246,1788179040335,89,34.39,0,1484824,0,0
FAIR,7,concurrent,Q3,378,662,1608,1788179040398,1788179040857,459,390.18,0,11640628,0,1604055
FAIR,7,concurrent,Q3,379,664,1609,1788179040898,1788179040964,66,42.78,0,0,1604055,0
FAIR,7,concurrent,Q3,380,666,1615,1788179041098,1788179041212,114,63.59,37,0,2895639,0
FAIR,7,concurrent,Q3,380,666,1610,1788179041097,1788179041215,118,61.56,37,0,2898550,0
FAIR,7,concurrent,Q3,380,666,1618,1788179041098,1788179041215,117,65.56,37,0,2908811,0
FAIR,7,concurrent,Q3,380,666,1623,1788179041098,1788179041219,121,66.51,37,0,2941007,0
FAIR,7,concurrent,Q3,380,666,1616,1788179041098,1788179041224,126,67.15,37,0,2886189,0
FAIR,7,concurrent,Q3,380,666,1621,1788179041098,1788179041225,127,65.71,37,0,2888143,0
FAIR,7,concurrent,Q3,380,666,1620,1788179041098,1788179041231,133,65.23,37,0,2909695,0
FAIR,7,concurrent,Q3,380,666,1611,1788179041098,1788179041239,141,70.40,37,0,2919240,0
FAIR,7,concurrent,Q3,380,666,1617,1788179041098,1788179041239,141,63.76,37,0,2910947,0
FAIR,7,concurrent,Q3,380,666,1614,1788179041098,1788179041242,144,64.19,37,0,2898701,0
FAIR,7,concurrent,Q3,380,666,1613,1788179041098,1788179041247,149,62.89,37,0,2887662,0
FAIR,7,concurrent,Q3,380,666,1619,1788179041098,1788179041251,153,59.79,37,0,2895551,0
FAIR,7,concurrent,Q3,380,666,1624,1788179041099,1788179041251,152,60.01,37,0,2925625,0
FAIR,7,concurrent,Q3,380,666,1612,1788179041098,1788179041258,160,65.54,37,0,2899714,0
FAIR,7,concurrent,Q3,380,666,1622,1788179041098,1788179041258,160,66.84,37,0,2929089,0
FAIR,7,concurrent,Q3,380,666,1626,1788179041213,1788179041272,59,38.25,0,0,1923841,0
FAIR,7,concurrent,Q3,380,666,1625,1788179041211,1788179041275,64,57.67,0,0,2897449,0
FAIR,7,concurrent,Q6,381,667,1633,1788179043632,1788179043910,278,54.97,0,3298702,0,79
FAIR,7,concurrent,Q6,381,667,1629,1788179043631,1788179044288,657,235.63,0,13196906,0,79
FAIR,7,concurrent,Q6,381,667,1630,1788179043631,1788179044288,657,236.05,0,13197882,0,79
FAIR,7,concurrent,Q6,381,667,1627,1788179043630,1788179044288,658,240.81,0,13196314,0,79
FAIR,7,concurrent,Q6,381,667,1632,1788179043632,1788179044288,656,234.78,0,13196956,0,79
FAIR,7,concurrent,Q6,381,667,1631,1788179043631,1788179044288,657,234.52,0,13196308,0,79
FAIR,7,concurrent,Q6,381,667,1628,1788179043630,1788179044289,659,234.38,0,13195474,0,79
FAIR,7,concurrent,Q6,382,669,1634,1788179044308,1788179044310,2,0.83,0,0,553,0
FAIR,7,concurrent,Q12,383,670,1635,1788179046754,1788179047425,671,614.95,0,3317556,0,14534997
FAIR,7,concurrent,Q12,384,671,1642,1788179046760,1788179046916,156,103.78,0,3825626,0,26922
FAIR,7,concurrent,Q12,384,671,1637,1788179046759,1788179047184,425,279.54,0,15303234,0,58962
FAIR,7,concurrent,Q12,384,671,1639,1788179046760,1788179047184,424,277.89,0,15305646,0,57595
FAIR,7,concurrent,Q12,384,671,1641,1788179046760,1788179047189,429,277.22,0,15304688,0,59166
FAIR,7,concurrent,Q12,384,671,1640,1788179046760,1788179047192,432,284.43,0,15304056,0,58481
FAIR,7,concurrent,Q12,384,671,1638,1788179046760,1788179047192,432,281.96,0,15304618,0,58647
FAIR,7,concurrent,Q12,384,671,1636,1788179046759,1788179047197,438,288.62,0,15304022,0,59807
FAIR,7,concurrent,Q12,385,673,1643,1788179047219,1788179047239,20,16.59,0,0,379580,0
FAIR,7,concurrent,Q12,386,675,1648,1788179047460,1788179047499,39,34.19,0,0,1015054,154
FAIR,7,concurrent,Q12,386,675,1652,1788179047460,1788179047502,42,34.50,0,0,1018284,154
FAIR,7,concurrent,Q12,386,675,1655,1788179047460,1788179047502,42,33.92,0,0,1020274,154
FAIR,7,concurrent,Q12,386,675,1649,1788179047460,1788179047506,46,33.80,0,0,1014559,154
FAIR,7,concurrent,Q12,386,675,1647,1788179047460,1788179047506,46,35.98,0,0,1090847,154
FAIR,7,concurrent,Q12,386,675,1657,1788179047460,1788179047506,46,32.17,0,0,1015509,154
FAIR,7,concurrent,Q12,386,675,1644,1788179047460,1788179047506,46,33.89,0,0,1092283,154
FAIR,7,concurrent,Q12,386,675,1645,1788179047460,1788179047507,47,34.39,0,0,1090764,154
FAIR,7,concurrent,Q12,386,675,1651,1788179047460,1788179047507,47,34.02,0,0,1016185,154
FAIR,7,concurrent,Q12,386,675,1656,1788179047460,1788179047507,47,35.07,0,0,1015360,154
FAIR,7,concurrent,Q12,386,675,1653,1788179047460,1788179047507,47,33.90,0,0,1015101,154
FAIR,7,concurrent,Q12,386,675,1650,1788179047460,1788179047507,47,33.54,0,0,1021566,154
FAIR,7,concurrent,Q12,386,675,1654,1788179047460,1788179047511,51,32.36,0,0,1021753,154
FAIR,7,concurrent,Q12,386,675,1646,1788179047460,1788179047514,54,32.29,0,0,1087458,154
FAIR,7,concurrent,Q12,387,678,1658,1788179047548,1788179047554,6,2.22,0,0,2156,0
FAIR,7,concurrent,Q12,388,681,1659,1788179047560,1788179047567,7,2.53,0,0,2156,154
FAIR,7,concurrent,Q12,389,685,1660,1788179047585,1788179047590,5,1.54,0,0,154,0
FAIR,7,concurrent,Q14,390,686,1661,1788179050022,1788179050131,109,55.40,0,1244534,0,0
FAIR,7,concurrent,Q14,391,687,1668,1788179050234,1788179050362,128,49.78,0,3269202,0,101
FAIR,7,concurrent,Q14,391,687,1664,1788179050233,1788179050613,380,169.51,0,13078846,0,99
FAIR,7,concurrent,Q14,391,687,1666,1788179050233,1788179050615,382,168.83,0,13078244,0,99
FAIR,7,concurrent,Q14,391,687,1662,1788179050232,1788179050615,383,163.33,0,13078278,0,99
FAIR,7,concurrent,Q14,391,687,1665,1788179050233,1788179050624,391,167.04,0,13079810,0,99
FAIR,7,concurrent,Q14,391,687,1667,1788179050233,1788179050624,391,165.75,0,13078900,0,99
FAIR,7,concurrent,Q14,391,687,1663,1788179050233,1788179050626,393,173.91,0,13077410,0,99
FAIR,7,concurrent,Q14,392,689,1669,1788179050647,1788179050652,5,1.56,0,0,695,0
FAIR,7,concurrent,Q18,393,690,1670,1788179052784,1788179054522,1738,1135.45,158,14589748,0,30886715
FAIR,7,concurrent,Q18,394,691,1671,1788179052795,1788179052974,179,66.79,0,784744,0,0
FAIR,7,concurrent,Q18,395,692,1678,1788179052800,1788179053714,914,467.64,133,1669066,0,2548115
FAIR,7,concurrent,Q18,395,692,1672,1788179052799,1788179055070,2271,1532.76,212,6677674,0,8204481
FAIR,7,concurrent,Q18,395,692,1674,1788179052799,1788179055090,2291,1523.33,212,6678222,0,8201066
FAIR,7,concurrent,Q18,395,692,1673,1788179052799,1788179055114,2315,1526.76,212,6676794,0,8204443
FAIR,7,concurrent,Q18,395,692,1675,1788179052800,1788179055120,2320,1542.01,212,6679174,0,8197511
FAIR,7,concurrent,Q18,395,692,1676,1788179052800,1788179055122,2322,1538.42,212,6677620,0,8197158
FAIR,7,concurrent,Q18,395,692,1677,1788179052800,1788179055126,2326,1541.47,212,6678296,0,8202194
FAIR,7,concurrent,Q18,396,693,1685,1788179052956,1788179053547,591,195.41,103,1669066,0,2238587
FAIR,7,concurrent,Q18,396,693,1684,1788179052804,1788179054264,1460,637.31,158,6678296,0,8872181
FAIR,7,concurrent,Q18,396,693,1679,1788179052802,1788179054302,1500,643.72,158,6677674,0,8874676
FAIR,7,concurrent,Q18,396,693,1683,1788179052803,1788179054319,1516,642.41,158,6677620,0,8872119
FAIR,7,concurrent,Q18,396,693,1681,1788179052803,1788179054327,1524,641.56,158,6678222,0,8873447
FAIR,7,concurrent,Q18,396,693,1682,1788179052803,1788179054332,1529,652.34,158,6679174,0,8873847
FAIR,7,concurrent,Q18,396,693,1680,1788179052803,1788179054332,1529,650.86,158,6676794,0,8874749
FAIR,7,concurrent,Q18,397,697,1695,1788179055199,1788179055948,749,394.05,125,0,11396280,0
FAIR,7,concurrent,Q18,397,697,1700,1788179055199,1788179056712,1513,937.97,157,0,11412119,0
FAIR,7,concurrent,Q18,397,697,1694,1788179055199,1788179056871,1672,899.71,181,0,11413836,0
FAIR,7,concurrent,Q18,397,697,1687,1788179055199,1788179056911,1712,981.83,181,0,11440429,0
FAIR,7,concurrent,Q18,397,697,1699,1788179055199,1788179056934,1735,942.06,181,0,11431888,0
FAIR,7,concurrent,Q18,397,697,1692,1788179055199,1788179056938,1739,940.03,181,0,11338468,0
FAIR,7,concurrent,Q18,397,697,1690,1788179055199,1788179056950,1751,912.79,181,0,11393041,0
FAIR,7,concurrent,Q18,397,697,1689,1788179055199,1788179056962,1763,965.69,181,0,11397674,0
FAIR,7,concurrent,Q18,397,697,1693,1788179055199,1788179056971,1772,888.64,181,0,11425234,0
FAIR,7,concurrent,Q18,397,697,1686,1788179055199,1788179056986,1787,956.90,181,0,11410837,0
FAIR,7,concurrent,Q18,397,697,1697,1788179055199,1788179056990,1791,940.26,181,0,11356291,0
FAIR,7,concurrent,Q18,397,697,1688,1788179055199,1788179056997,1798,937.90,181,0,11328172,0
FAIR,7,concurrent,Q18,397,697,1698,1788179055199,1788179057039,1840,959.75,181,0,11430722,0
FAIR,7,concurrent,Q18,397,697,1696,1788179055199,1788179057054,1855,905.01,181,0,11410383,0
FAIR,7,concurrent,Q18,397,697,1691,1788179055199,1788179057064,1865,930.93,181,0,11347331,0
FAIR,7,concurrent,Q18,397,697,1701,1788179055936,1788179057223,1287,760.02,61,0,11354353,0
FAIR,7,concurrent,Q18,397,697,1702,1788179056705,1788179057226,521,394.99,29,0,7589199,0
FAIR,7,baseline,Q1,398,698,1709,1788179096135,1788179097260,1125,830.21,75,2744914,0,845
FAIR,7,baseline,Q1,398,698,1707,1788179096135,1788179099937,3802,3174.05,183,10981092,0,819
FAIR,7,baseline,Q1,398,698,1706,1788179096134,1788179099978,3844,3176.22,183,10982658,0,844
FAIR,7,baseline,Q1,398,698,1703,1788179096133,1788179099994,3861,3164.67,183,10981126,0,841
FAIR,7,baseline,Q1,398,698,1708,1788179096135,1788179099995,3860,3203.28,183,10981748,0,840
FAIR,7,baseline,Q1,398,698,1705,1788179096134,1788179100011,3877,3154.32,183,10981694,0,840
FAIR,7,baseline,Q1,398,698,1704,1788179096134,1788179100022,3888,3147.74,183,10980258,0,840
FAIR,7,baseline,Q1,399,700,1710,1788179100062,1788179100072,10,4.02,0,0,5869,0
FAIR,7,baseline,Q1,400,702,1711,1788179100077,1788179100085,8,3.98,0,0,5869,844
FAIR,7,baseline,Q1,401,705,1712,1788179100106,1788179100110,4,1.30,0,0,844,0
FAIR,7,baseline,Q1,402,706,1719,1788179101871,1788179102040,169,135.67,0,3269202,0,1965203
FAIR,7,baseline,Q1,402,706,1714,1788179101869,1788179102356,487,394.95,0,13077410,0,7743802
FAIR,7,baseline,Q1,402,706,1715,1788179101870,1788179102356,486,397.24,0,13078846,0,7738331
FAIR,7,baseline,Q1,402,706,1718,1788179101871,1788179102361,490,397.10,0,13078900,0,7743364
FAIR,7,baseline,Q1,402,706,1713,1788179101869,1788179102369,500,403.05,0,13078278,0,7750473
FAIR,7,baseline,Q1,402,706,1716,1788179101870,1788179102370,500,403.84,0,13079810,0,7735803
FAIR,7,baseline,Q1,402,706,1717,1788179101870,1788179102375,505,406.90,0,13078244,0,7738877
FAIR,7,baseline,Q1,403,707,1720,1788179101874,1788179101930,56,35.52,0,1484824,0,0
FAIR,7,baseline,Q1,404,708,1721,1788179101966,1788179102291,325,285.23,0,11640628,0,1604055
FAIR,7,baseline,Q3,405,710,1722,1788179102307,1788179102352,45,33.20,0,0,1604055,0
FAIR,7,baseline,Q3,406,712,1727,1788179102438,1788179102512,74,59.22,0,0,2898701,0
FAIR,7,baseline,Q3,406,712,1735,1788179102439,1788179102515,76,60.92,0,0,2929089,0
FAIR,7,baseline,Q3,406,712,1734,1788179102439,1788179102515,76,61.35,0,0,2888143,0
FAIR,7,baseline,Q3,406,712,1729,1788179102438,1788179102518,80,57.87,0,0,2886189,0
FAIR,7,baseline,Q3,406,712,1738,1788179102439,1788179102522,83,57.70,0,0,2897449,0
FAIR,7,baseline,Q3,406,712,1728,1788179102438,1788179102522,84,60.10,0,0,2895639,0
FAIR,7,baseline,Q3,406,712,1725,1788179102438,1788179102523,85,60.19,0,0,2899714,0
FAIR,7,baseline,Q3,406,712,1724,1788179102438,1788179102523,85,64.14,0,0,2919240,0
FAIR,7,baseline,Q3,406,712,1731,1788179102438,1788179102524,86,59.30,0,0,2908811,0
FAIR,7,baseline,Q3,406,712,1733,1788179102439,1788179102528,89,59.00,0,0,2909695,0
FAIR,7,baseline,Q3,406,712,1730,1788179102438,1788179102535,97,60.61,0,0,2910947,0
FAIR,7,baseline,Q3,406,712,1736,1788179102439,1788179102541,102,59.12,0,0,2941007,0
FAIR,7,baseline,Q3,406,712,1726,1788179102438,1788179102542,104,60.43,0,0,2887662,0
FAIR,7,baseline,Q3,406,712,1732,1788179102438,1788179102545,107,61.35,0,0,2895551,0
FAIR,7,baseline,Q3,406,712,1723,1788179102438,1788179102545,107,62.24,0,0,2898550,0
FAIR,7,baseline,Q3,406,712,1737,1788179102439,1788179102559,120,58.08,0,0,2925625,0
FAIR,7,baseline,Q3,406,712,1739,1788179102510,1788179102562,52,38.97,0,0,1923841,0
FAIR,7,baseline,Q6,407,713,1746,1788179104687,1788179104779,92,53.08,0,3298702,0,79
FAIR,7,baseline,Q6,407,713,1740,1788179104686,1788179104997,311,188.54,0,13196314,0,79
FAIR,7,baseline,Q6,407,713,1745,1788179104687,1788179105004,317,185.55,0,13196956,0,79
FAIR,7,baseline,Q6,407,713,1744,1788179104687,1788179105004,317,188.63,0,13196308,0,79
FAIR,7,baseline,Q6,407,713,1742,1788179104687,1788179105004,317,186.93,0,13196906,0,79
FAIR,7,baseline,Q6,407,713,1741,1788179104686,1788179105005,319,187.24,0,13195474,0,79
FAIR,7,baseline,Q6,407,713,1743,1788179104687,1788179105005,318,186.98,0,13197882,0,79
FAIR,7,baseline,Q6,408,715,1747,1788179105014,1788179105017,3,1.24,0,0,553,0
FAIR,7,baseline,Q6,409,716,1748,1788179106881,1788179107589,708,560.20,84,3317556,0,14534997
FAIR,7,baseline,Q6,410,717,1755,1788179106887,1788179107082,195,94.22,50,3825626,0,26922
FAIR,7,baseline,Q6,410,717,1749,1788179106886,1788179107401,515,262.65,84,15304022,0,59807
FAIR,7,baseline,Q6,410,717,1750,1788179106886,1788179107401,515,262.86,84,15303234,0,58962
FAIR,7,baseline,Q6,410,717,1754,1788179106887,1788179107401,514,270.45,84,15304688,0,59166
FAIR,7,baseline,Q6,410,717,1752,1788179106886,1788179107402,516,264.94,84,15305646,0,57595
FAIR,7,baseline,Q6,410,717,1751,1788179106886,1788179107402,516,273.45,84,15304618,0,58647
FAIR,7,baseline,Q6,410,717,1753,1788179106887,1788179107402,515,265.70,84,15304056,0,58481
FAIR,7,baseline,Q12,411,719,1756,1788179107418,1788179107434,16,11.80,0,0,379580,0
FAIR,7,baseline,Q12,412,721,1766,1788179107614,1788179107646,32,28.52,0,0,1015101,154
FAIR,7,baseline,Q12,412,721,1769,1788179107614,1788179107648,34,28.45,0,0,1015360,154
FAIR,7,baseline,Q12,412,721,1764,1788179107614,1788179107650,36,32.63,0,0,1016185,154
FAIR,7,baseline,Q12,412,721,1763,1788179107614,1788179107651,37,31.46,0,0,1021566,154
FAIR,7,baseline,Q12,412,721,1770,1788179107614,1788179107651,37,32.59,0,0,1015509,154
FAIR,7,baseline,Q12,412,721,1768,1788179107614,1788179107652,38,27.92,0,0,1020274,154
FAIR,7,baseline,Q12,412,721,1767,1788179107614,1788179107652,38,32.01,0,0,1021753,154
FAIR,7,baseline,Q12,412,721,1757,1788179107613,1788179107653,40,33.27,0,0,1092283,154
FAIR,7,baseline,Q12,412,721,1760,1788179107614,1788179107654,40,33.21,0,0,1090847,154
FAIR,7,baseline,Q12,412,721,1758,1788179107614,1788179107654,40,33.36,0,0,1090764,154
FAIR,7,baseline,Q12,412,721,1761,1788179107614,1788179107655,41,30.51,0,0,1015054,154
FAIR,7,baseline,Q12,412,721,1765,1788179107614,1788179107657,43,30.22,0,0,1018284,154
FAIR,7,baseline,Q12,412,721,1759,1788179107614,1788179107661,47,29.92,0,0,1087458,154
FAIR,7,baseline,Q12,412,721,1762,1788179107614,1788179107661,47,27.13,0,0,1014559,154
FAIR,7,baseline,Q12,413,724,1771,1788179107680,1788179107686,6,2.15,0,0,2156,0
FAIR,7,baseline,Q12,414,727,1772,1788179107691,1788179107695,4,1.73,0,0,2156,154
FAIR,7,baseline,Q12,415,731,1773,1788179107717,1788179107721,4,0.90,0,0,154,0
FAIR,7,baseline,Q14,416,732,1774,1788179109826,1788179109894,68,46.92,0,1244534,0,0
FAIR,7,baseline,Q14,417,733,1781,1788179109989,1788179110068,79,44.15,0,3269202,0,101
FAIR,7,baseline,Q14,417,733,1775,1788179109987,1788179110281,294,166.91,0,13078278,0,99
FAIR,7,baseline,Q14,417,733,1778,1788179109988,1788179110281,293,167.13,0,13079810,0,99
FAIR,7,baseline,Q14,417,733,1777,1788179109988,1788179110281,293,171.66,0,13078846,0,99
FAIR,7,baseline,Q14,417,733,1780,1788179109988,1788179110281,293,168.01,0,13078900,0,99
FAIR,7,baseline,Q14,417,733,1776,1788179109988,1788179110281,293,172.43,0,13077410,0,99
FAIR,7,baseline,Q14,417,733,1779,1788179109988,1788179110282,294,169.11,0,13078244,0,99
FAIR,7,baseline,Q14,418,735,1782,1788179110295,1788179110298,3,0.98,0,0,695,0
FAIR,7,baseline,Q14,419,736,1783,1788179112248,1788179113868,1620,1095.71,155,14589748,0,30886715
FAIR,7,baseline,Q14,420,737,1784,1788179112270,1788179112443,173,68.75,0,784744,0,0
FAIR,7,baseline,Q14,421,738,1791,1788179112275,1788179113040,765,466.13,109,1669066,0,2548115
FAIR,7,baseline,Q14,421,738,1786,1788179112273,1788179114364,2091,1454.37,189,6676794,0,8204443
FAIR,7,baseline,Q14,421,738,1787,1788179112273,1788179114393,2120,1486.61,189,6678222,0,8201066
FAIR,7,baseline,Q14,421,738,1785,1788179112272,1788179114414,2142,1441.78,189,6677674,0,8204481
FAIR,7,baseline,Q14,421,738,1789,1788179112274,1788179114417,2143,1466.52,189,6677620,0,8197158
FAIR,7,baseline,Q14,421,738,1788,1788179112274,1788179114422,2148,1477.45,189,6679174,0,8197511
FAIR,7,baseline,Q14,421,738,1790,1788179112275,1788179114423,2148,1486.32,189,6678296,0,8202194
FAIR,7,baseline,Q14,422,739,1798,1788179112278,1788179112759,481,197.65,109,1669066,0,2238587
FAIR,7,baseline,Q14,422,739,1795,1788179112277,1788179113691,1414,642.61,155,6679174,0,8873847
FAIR,7,baseline,Q14,422,739,1793,1788179112277,1788179113692,1415,643.07,155,6676794,0,8874749
FAIR,7,baseline,Q14,422,739,1797,1788179112278,1788179113695,1417,655.93,155,6678296,0,8872181
FAIR,7,baseline,Q14,422,739,1792,1788179112276,1788179113701,1425,647.49,155,6677674,0,8874676
FAIR,7,baseline,Q14,422,739,1796,1788179112278,1788179113705,1427,656.74,155,6677620,0,8872119
FAIR,7,baseline,Q14,422,739,1794,1788179112277,1788179113705,1428,646.27,155,6678222,0,8873447
FAIR,7,baseline,Q18,423,743,1808,1788179114512,1788179115207,695,391.65,23,0,11396280,0
FAIR,7,baseline,Q18,423,743,1806,1788179114512,1788179116040,1528,925.79,70,0,11425234,0
FAIR,7,baseline,Q18,423,743,1800,1788179114512,1788179116148,1636,976.46,70,0,11440429,0
FAIR,7,baseline,Q18,423,743,1815,1788179115182,1788179116248,1066,619.49,53,0,7589199,0
FAIR,7,baseline,Q18,423,743,1802,1788179114512,1788179116280,1768,982.12,79,0,11397674,0
FAIR,7,baseline,Q18,423,743,1801,1788179114512,1788179116283,1771,991.07,79,0,11328172,0
FAIR,7,baseline,Q18,423,743,1810,1788179114512,1788179116285,1773,979.38,79,0,11356291,0
FAIR,7,baseline,Q18,423,743,1809,1788179114512,1788179116311,1799,954.10,79,0,11410383,0
FAIR,7,baseline,Q18,423,743,1803,1788179114512,1788179116314,1802,902.92,79,0,11393041,0
FAIR,7,baseline,Q18,423,743,1805,1788179114512,1788179116319,1807,960.55,79,0,11338468,0
FAIR,7,baseline,Q18,423,743,1804,1788179114512,1788179116335,1823,963.40,79,0,11347331,0
FAIR,7,baseline,Q18,423,743,1799,1788179114512,1788179116356,1844,943.83,79,0,11410837,0
FAIR,7,baseline,Q18,423,743,1813,1788179114513,1788179116359,1846,888.35,79,0,11412119,0
FAIR,7,baseline,Q18,423,743,1811,1788179114512,1788179116369,1857,914.45,79,0,11430722,0
FAIR,7,baseline,Q18,423,743,1814,1788179114513,1788179116378,1865,902.54,79,0,11354353,0
FAIR,7,baseline,Q18,423,743,1807,1788179114512,1788179116385,1873,846.81,79,0,11413836,0
FAIR,7,baseline,Q18,423,743,1812,1788179114513,1788179116406,1893,862.96,79,0,11431888,0
FAIR,8,baseline,Q1,424,744,1822,1788179155350,1788179156416,1066,895.91,53,2744914,0,845
FAIR,8,baseline,Q1,424,744,1819,1788179155342,1788179159089,3747,3233.45,146,10982658,0,844
FAIR,8,baseline,Q1,424,744,1821,1788179155350,1788179159116,3766,3251.08,146,10981748,0,840
FAIR,8,baseline,Q1,424,744,1817,1788179155342,1788179159121,3779,3279.77,146,10980258,0,840
FAIR,8,baseline,Q1,424,744,1820,1788179155350,1788179159122,3772,3245.30,146,10981092,0,819
FAIR,8,baseline,Q1,424,744,1816,1788179155341,1788179159122,3781,3254.39,146,10981126,0,841
FAIR,8,baseline,Q1,424,744,1818,1788179155342,1788179159155,3813,3255.40,152,10981694,0,840
FAIR,8,baseline,Q1,425,746,1823,1788179159202,1788179159214,12,7.53,0,0,5869,0
FAIR,8,baseline,Q1,426,748,1824,1788179159232,1788179159242,10,3.87,0,0,5869,844
FAIR,8,baseline,Q1,427,751,1825,1788179159262,1788179159266,4,1.32,0,0,844,0
FAIR,8,baseline,Q3,428,752,1832,1788179161389,1788179161690,301,168.29,35,3269202,0,1965203
FAIR,8,baseline,Q3,428,752,1828,1788179161388,1788179162071,683,449.24,70,13078846,0,7738331
FAIR,8,baseline,Q3,428,752,1829,1788179161388,1788179162093,705,453.99,70,13079810,0,7735803
FAIR,8,baseline,Q3,428,752,1827,1788179161388,1788179162103,715,477.78,70,13077410,0,7743802
FAIR,8,baseline,Q3,428,752,1830,1788179161388,1788179162103,715,473.85,70,13078244,0,7738877
FAIR,8,baseline,Q3,428,752,1826,1788179161387,1788179162105,718,468.71,70,13078278,0,7750473
FAIR,8,baseline,Q3,428,752,1831,1788179161388,1788179162120,732,490.12,70,13078900,0,7743364
FAIR,8,baseline,Q3,429,753,1833,1788179161392,1788179161518,126,35.96,0,1484824,0,0
FAIR,8,baseline,Q3,430,754,1834,1788179161598,1788179161990,392,330.48,0,11640628,0,1604055
FAIR,8,baseline,Q3,431,756,1835,1788179162047,1788179162109,62,42.63,0,0,1604055,0
FAIR,8,baseline,Q3,432,758,1845,1788179162292,1788179162380,88,71.95,0,0,2895551,0
FAIR,8,baseline,Q3,432,758,1841,1788179162291,1788179162381,90,70.59,0,0,2895639,0
FAIR,8,baseline,Q3,432,758,1851,1788179162292,1788179162384,92,69.71,0,0,2897449,0
FAIR,8,baseline,Q3,432,758,1836,1788179162291,1788179162385,94,69.79,0,0,2898550,0
FAIR,8,baseline,Q3,432,758,1844,1788179162291,1788179162397,106,67.22,0,0,2908811,0
FAIR,8,baseline,Q3,432,758,1842,1788179162291,1788179162403,112,70.04,0,0,2886189,0
FAIR,8,baseline,Q3,432,758,1849,1788179162292,1788179162438,146,67.61,0,0,2941007,0
FAIR,8,baseline,Q3,432,758,1840,1788179162291,1788179162442,151,65.22,0,0,2898701,0
FAIR,8,baseline,Q3,432,758,1837,1788179162291,1788179162442,151,69.32,0,0,2919240,0
FAIR,8,baseline,Q3,432,758,1839,1788179162291,1788179162444,153,68.92,0,0,2887662,0
FAIR,8,baseline,Q3,432,758,1850,1788179162292,1788179162450,158,69.41,0,0,2925625,0
FAIR,8,baseline,Q3,432,758,1843,1788179162291,1788179162450,159,67.85,0,0,2910947,0
FAIR,8,baseline,Q3,432,758,1838,1788179162291,1788179162460,169,59.41,0,0,2899714,0
FAIR,8,baseline,Q3,432,758,1852,1788179162375,1788179162461,86,40.28,0,0,1923841,0
FAIR,8,baseline,Q3,432,758,1846,1788179162292,1788179162461,169,65.77,0,0,2909695,0
FAIR,8,baseline,Q3,432,758,1847,1788179162292,1788179162465,173,61.39,0,0,2888143,0
FAIR,8,baseline,Q3,432,758,1848,1788179162292,1788179162466,174,59.09,0,0,2929089,0
FAIR,8,baseline,Q3,433,759,1859,1788179164259,1788179164348,89,51.05,0,3298702,0,79
FAIR,8,baseline,Q3,433,759,1856,1788179164258,1788179164551,293,180.49,0,13197882,0,79
FAIR,8,baseline,Q3,433,759,1858,1788179164258,1788179164552,294,179.95,0,13196956,0,79
FAIR,8,baseline,Q3,433,759,1853,1788179164257,1788179164556,299,181.34,0,13196314,0,79
FAIR,8,baseline,Q3,433,759,1855,1788179164258,1788179164556,298,186.74,0,13196906,0,79
FAIR,8,baseline,Q3,433,759,1857,1788179164258,1788179164558,300,187.82,0,13196308,0,79
FAIR,8,baseline,Q3,433,759,1854,1788179164257,1788179164558,301,187.11,0,13195474,0,79
FAIR,8,baseline,Q6,434,761,1860,1788179164570,1788179164573,3,0.90,0,0,553,0
FAIR,8,baseline,Q12,435,762,1861,1788179166663,1788179167250,587,540.78,0,3317556,0,14534997
FAIR,8,baseline,Q12,436,763,1868,1788179166672,1788179166788,116,86.40,0,3825626,0,26922
FAIR,8,baseline,Q12,436,763,1862,1788179166670,1788179167010,340,241.37,0,15304022,0,59807
FAIR,8,baseline,Q12,436,763,1863,1788179166671,1788179167016,345,240.76,0,15303234,0,58962
FAIR,8,baseline,Q12,436,763,1866,1788179166671,1788179167020,349,248.48,0,15304056,0,58481
FAIR,8,baseline,Q12,436,763,1867,1788179166671,1788179167020,349,242.87,0,15304688,0,59166
FAIR,8,baseline,Q12,436,763,1865,1788179166671,1788179167021,350,254.15,0,15305646,0,57595
FAIR,8,baseline,Q12,436,763,1864,1788179166671,1788179167027,356,253.65,0,15304618,0,58647
FAIR,8,baseline,Q12,437,765,1869,1788179167040,1788179167051,11,9.89,0,0,379580,0
FAIR,8,baseline,Q12,438,767,1873,1788179167279,1788179167313,34,29.80,0,0,1090847,154
FAIR,8,baseline,Q12,438,767,1871,1788179167279,1788179167316,37,31.10,0,0,1090764,154
FAIR,8,baseline,Q12,438,767,1879,1788179167279,1788179167317,38,32.69,0,0,1015101,154
FAIR,8,baseline,Q12,438,767,1881,1788179167279,1788179167317,38,29.65,0,0,1020274,154
FAIR,8,baseline,Q12,438,767,1877,1788179167279,1788179167320,41,32.61,0,0,1016185,154
FAIR,8,baseline,Q12,438,767,1876,1788179167279,1788179167320,41,32.93,0,0,1021566,154
FAIR,8,baseline,Q12,438,767,1882,1788179167280,1788179167321,41,31.72,0,0,1015360,154
FAIR,8,baseline,Q12,438,767,1883,1788179167280,1788179167321,41,31.52,0,0,1015509,154
FAIR,8,baseline,Q12,438,767,1875,1788179167279,1788179167321,42,31.81,0,0,1014559,154
FAIR,8,baseline,Q12,438,767,1870,1788179167279,1788179167322,43,33.26,0,0,1092283,154
FAIR,8,baseline,Q12,438,767,1878,1788179167279,1788179167322,43,31.81,0,0,1018284,154
FAIR,8,baseline,Q12,438,767,1874,1788179167279,1788179167322,43,32.42,0,0,1015054,154
FAIR,8,baseline,Q12,438,767,1880,1788179167279,1788179167322,43,31.30,0,0,1021753,154
FAIR,8,baseline,Q12,438,767,1872,1788179167279,1788179167322,43,33.66,0,0,1087458,154
FAIR,8,baseline,Q12,439,770,1884,1788179167342,1788179167347,5,2.07,0,0,2156,0
FAIR,8,baseline,Q12,440,773,1885,1788179167351,1788179167357,6,2.21,0,0,2156,154
FAIR,8,baseline,Q12,441,777,1886,1788179167372,1788179167377,5,1.41,0,0,154,0
FAIR,8,baseline,Q12,442,778,1887,1788179169187,1788179169256,69,48.12,0,1244534,0,0
FAIR,8,baseline,Q12,443,779,1894,1788179169343,1788179169412,69,41.40,0,3269202,0,101
FAIR,8,baseline,Q12,443,779,1890,1788179169342,1788179169613,271,163.19,0,13078846,0,99
FAIR,8,baseline,Q12,443,779,1893,1788179169342,1788179169613,271,164.05,0,13078900,0,99
FAIR,8,baseline,Q12,443,779,1889,1788179169342,1788179169620,278,168.12,0,13077410,0,99
FAIR,8,baseline,Q12,443,779,1892,1788179169342,1788179169620,278,165.40,0,13078244,0,99
FAIR,8,baseline,Q12,443,779,1888,1788179169342,1788179169620,278,170.92,0,13078278,0,99
FAIR,8,baseline,Q12,443,779,1891,1788179169342,1788179169620,278,168.59,0,13079810,0,99
FAIR,8,baseline,Q14,444,781,1895,1788179169632,1788179169634,2,0.94,0,0,695,0
FAIR,8,baseline,Q18,445,782,1896,1788179171898,1788179173361,1463,1106.64,79,14589748,0,30886715
FAIR,8,baseline,Q18,446,783,1897,1788179171901,1788179172092,191,65.80,0,784744,0,0
FAIR,8,baseline,Q18,447,784,1904,1788179171911,1788179172489,578,453.74,0,1669066,0,2548115
FAIR,8,baseline,Q18,447,784,1898,1788179171908,1788179173913,2005,1482.21,98,6677674,0,8204481
FAIR,8,baseline,Q18,447,784,1902,1788179171910,1788179173913,2003,1444.15,98,6677620,0,8197158
FAIR,8,baseline,Q18,447,784,1900,1788179171909,1788179173928,2019,1487.66,98,6678222,0,8201066
FAIR,8,baseline,Q18,447,784,1903,1788179171910,1788179173930,2020,1491.92,98,6678296,0,8202194
FAIR,8,baseline,Q18,447,784,1901,1788179171909,1788179173933,2024,1504.02,98,6679174,0,8197511
FAIR,8,baseline,Q18,447,784,1899,1788179171909,1788179173944,2035,1514.66,98,6676794,0,8204443
FAIR,8,baseline,Q18,448,785,1911,1788179171914,1788179172229,315,191.10,0,1669066,0,2238587
FAIR,8,baseline,Q18,448,785,1905,1788179171912,1788179173136,1224,631.78,79,6677674,0,8874676
FAIR,8,baseline,Q18,448,785,1906,1788179171912,1788179173163,1251,650.65,79,6676794,0,8874749
FAIR,8,baseline,Q18,448,785,1908,1788179171913,1788179173183,1270,630.74,79,6679174,0,8873847
FAIR,8,baseline,Q18,448,785,1909,1788179171913,1788179173191,1278,647.33,79,6677620,0,8872119
FAIR,8,baseline,Q18,448,785,1907,1788179171913,1788179173197,1284,650.13,79,6678222,0,8873447
FAIR,8,baseline,Q18,448,785,1910,1788179171913,1788179173199,1286,652.48,79,6678296,0,8872181
FAIR,8,baseline,Q18,449,789,1921,1788179174008,1788179174549,541,412.58,28,0,11396280,0
FAIR,8,baseline,Q18,449,789,1919,1788179174008,1788179175381,1373,975.49,68,0,11425234,0
FAIR,8,baseline,Q18,449,789,1917,1788179174008,1788179175438,1430,1030.77,68,0,11347331,0
FAIR,8,baseline,Q18,449,789,1923,1788179174009,1788179175439,1430,1013.06,68,0,11356291,0
FAIR,8,baseline,Q18,449,789,1914,1788179174008,1788179175522,1514,1006.23,74,0,11328172,0
FAIR,8,baseline,Q18,449,789,1927,1788179174009,1788179175534,1525,998.02,74,0,11354353,0
FAIR,8,baseline,Q18,449,789,1922,1788179174008,1788179175618,1610,996.09,79,0,11410383,0
FAIR,8,baseline,Q18,449,789,1916,1788179174008,1788179175619,1611,944.70,79,0,11393041,0
FAIR,8,baseline,Q18,449,789,1925,1788179174009,1788179175637,1628,990.79,79,0,11431888,0
FAIR,8,baseline,Q18,449,789,1912,1788179174008,1788179175638,1630,1039.26,79,0,11410837,0
FAIR,8,baseline,Q18,449,789,1920,1788179174008,1788179175641,1633,934.94,79,0,11413836,0
FAIR,8,baseline,Q18,449,789,1924,1788179174009,1788179175647,1638,952.48,79,0,11430722,0
FAIR,8,baseline,Q18,449,789,1918,1788179174008,1788179175651,1643,912.83,79,0,11338468,0
FAIR,8,baseline,Q18,449,789,1913,1788179174008,1788179175655,1647,971.36,79,0,11440429,0
FAIR,8,baseline,Q18,449,789,1915,1788179174008,1788179175666,1658,937.08,79,0,11397674,0
FAIR,8,baseline,Q18,449,789,1928,1788179174501,1788179175688,1187,521.67,51,0,7589199,0
FAIR,8,baseline,Q18,449,789,1926,1788179174009,1788179175690,1681,874.11,79,0,11412119,0
FAIR,8,concurrent,compaction,450,790,1929,1788179212438,1788179238658,26220,20075.90,715,175454639,0,0
FAIR,8,concurrent,Q1,451,791,1936,1788179214982,1788179216201,1219,900.59,98,2744914,0,845
FAIR,8,concurrent,Q1,451,791,1935,1788179214982,1788179219393,4411,3312.17,234,10981748,0,840
FAIR,8,concurrent,Q1,451,791,1931,1788179214981,1788179219467,4486,3299.44,253,10980258,0,840
FAIR,8,concurrent,Q1,451,791,1933,1788179214981,1788179219513,4532,3354.96,253,10982658,0,844
FAIR,8,concurrent,Q1,451,791,1930,1788179214981,1788179219521,4540,3298.67,253,10981126,0,841
FAIR,8,concurrent,Q1,451,791,1934,1788179214982,1788179219643,4661,3383.98,253,10981092,0,819
FAIR,8,concurrent,Q1,451,791,1932,1788179214981,1788179219677,4696,3402.63,253,10981694,0,840
FAIR,8,concurrent,Q1,452,793,1937,1788179219727,1788179219735,8,4.35,0,0,5869,0
FAIR,8,concurrent,Q1,453,795,1938,1788179219741,1788179219751,10,5.31,0,0,5869,844
FAIR,8,concurrent,Q1,454,798,1939,1788179219768,1788179219773,5,1.95,0,0,844,0
FAIR,8,concurrent,Q3,455,799,1946,1788179222013,1788179222277,264,141.37,76,3269202,0,1965203
FAIR,8,concurrent,Q3,455,799,1943,1788179222013,1788179222666,653,459.92,76,13079810,0,7735803
FAIR,8,concurrent,Q3,455,799,1945,1788179222013,1788179222699,686,488.99,76,13078900,0,7743364
FAIR,8,concurrent,Q3,455,799,1944,1788179222013,1788179222701,688,474.36,76,13078244,0,7738877
FAIR,8,concurrent,Q3,455,799,1941,1788179222012,1788179222703,691,482.69,76,13077410,0,7743802
FAIR,8,concurrent,Q3,455,799,1942,1788179222012,1788179222705,693,481.71,76,13078846,0,7738331
FAIR,8,concurrent,Q3,455,799,1940,1788179222012,1788179222707,695,478.12,76,13078278,0,7750473
FAIR,8,concurrent,Q3,456,800,1947,1788179222016,1788179222086,70,33.28,0,1484824,0,0
FAIR,8,concurrent,Q3,457,801,1948,1788179222218,1788179222577,359,310.81,0,11640628,0,1604055
FAIR,8,concurrent,Q3,458,803,1949,1788179222604,1788179222679,75,50.12,0,0,1604055,0
FAIR,8,concurrent,Q3,459,805,1963,1788179222821,1788179222887,66,56.84,0,0,2941007,0
FAIR,8,concurrent,Q3,459,805,1958,1788179222821,1788179222887,66,55.26,0,0,2908811,0
FAIR,8,concurrent,Q3,459,805,1957,1788179222821,1788179222900,79,66.01,0,0,2910947,0
FAIR,8,concurrent,Q3,459,805,1956,1788179222821,1788179222901,80,60.42,0,0,2886189,0
FAIR,8,concurrent,Q3,459,805,1960,1788179222821,1788179222903,82,60.16,0,0,2909695,0
FAIR,8,concurrent,Q3,459,805,1962,1788179222821,1788179222904,83,61.85,0,0,2929089,0
FAIR,8,concurrent,Q3,459,805,1964,1788179222821,1788179222904,83,61.83,0,0,2925625,0
FAIR,8,concurrent,Q3,459,805,1954,1788179222821,1788179222905,84,61.14,0,0,2898701,0
FAIR,8,concurrent,Q3,459,805,1955,1788179222821,1788179222914,93,60.71,0,0,2895639,0
FAIR,8,concurrent,Q3,459,805,1950,1788179222820,1788179222925,105,61.22,0,0,2898550,0
FAIR,8,concurrent,Q3,459,805,1953,1788179222821,1788179222925,104,58.15,0,0,2887662,0
FAIR,8,concurrent,Q3,459,805,1951,1788179222821,1788179222927,106,57.45,0,0,2919240,0
FAIR,8,concurrent,Q3,459,805,1959,1788179222821,1788179222928,107,61.74,0,0,2895551,0
FAIR,8,concurrent,Q3,459,805,1966,1788179222886,1788179222928,42,34.80,0,0,1923841,0
FAIR,8,concurrent,Q3,459,805,1952,1788179222821,1788179222931,110,60.33,0,0,2899714,0
FAIR,8,concurrent,Q3,459,805,1961,1788179222821,1788179222939,118,56.49,0,0,2888143,0
FAIR,8,concurrent,Q3,459,805,1965,1788179222886,1788179222942,56,49.27,0,0,2897449,0
FAIR,8,concurrent,Q6,460,806,1973,1788179225093,1788179225357,264,51.68,0,3298702,0,79
FAIR,8,concurrent,Q6,460,806,1969,1788179225092,1788179225740,648,217.18,41,13196906,0,79
FAIR,8,concurrent,Q6,460,806,1972,1788179225093,1788179225744,651,221.05,41,13196956,0,79
FAIR,8,concurrent,Q6,460,806,1967,1788179225091,1788179225744,653,217.04,41,13196314,0,79
FAIR,8,concurrent,Q6,460,806,1970,1788179225092,1788179225747,655,215.81,41,13197882,0,79
FAIR,8,concurrent,Q6,460,806,1971,1788179225092,1788179225754,662,216.48,41,13196308,0,79
FAIR,8,concurrent,Q6,460,806,1968,1788179225091,1788179225754,663,222.36,41,13195474,0,79
FAIR,8,concurrent,Q6,461,808,1974,1788179225769,1788179225772,3,1.05,0,0,553,0
FAIR,8,concurrent,Q12,462,809,1975,1788179227895,1788179228657,762,624.97,87,3317556,0,14534997
FAIR,8,concurrent,Q12,463,810,1982,1788179227902,1788179228041,139,98.83,0,3825626,0,26922
FAIR,8,concurrent,Q12,463,810,1977,1788179227901,1788179228298,397,270.48,0,15303234,0,58962
FAIR,8,concurrent,Q12,463,810,1978,1788179227901,1788179228299,398,278.52,0,15304618,0,58647
FAIR,8,concurrent,Q12,463,810,1979,1788179227901,1788179228300,399,271.52,0,15305646,0,57595
FAIR,8,concurrent,Q12,463,810,1981,1788179227902,1788179228303,401,276.58,0,15304688,0,59166
FAIR,8,concurrent,Q12,463,810,1980,1788179227902,1788179228303,401,277.34,0,15304056,0,58481
FAIR,8,concurrent,Q12,463,810,1976,1788179227901,1788179228308,407,276.85,0,15304022,0,59807
FAIR,8,concurrent,Q12,464,812,1983,1788179228327,1788179228346,19,16.36,0,0,379580,0
FAIR,8,concurrent,Q12,465,814,1991,1788179228698,1788179228739,41,32.99,0,0,1016185,154
FAIR,8,concurrent,Q12,465,814,1988,1788179228698,1788179228740,42,33.44,0,0,1015054,154
FAIR,8,concurrent,Q12,465,814,1992,1788179228698,1788179228741,43,32.33,0,0,1018284,154
FAIR,8,concurrent,Q12,465,814,1990,1788179228698,1788179228742,44,33.73,0,0,1021566,154
FAIR,8,concurrent,Q12,465,814,1995,1788179228698,1788179228742,44,32.30,0,0,1020274,154
FAIR,8,concurrent,Q12,465,814,1984,1788179228697,1788179228743,46,34.61,0,0,1092283,154
FAIR,8,concurrent,Q12,465,814,1996,1788179228698,1788179228743,45,34.27,0,0,1015360,154
FAIR,8,concurrent,Q12,465,814,1994,1788179228698,1788179228744,46,32.77,0,0,1021753,154
FAIR,8,concurrent,Q12,465,814,1997,1788179228698,1788179228744,46,33.05,0,0,1015509,154
FAIR,8,concurrent,Q12,465,814,1989,1788179228698,1788179228747,49,32.22,0,0,1014559,154
FAIR,8,concurrent,Q12,465,814,1993,1788179228698,1788179228749,51,30.00,0,0,1015101,154
FAIR,8,concurrent,Q12,465,814,1985,1788179228697,1788179228749,52,33.98,0,0,1090764,154
FAIR,8,concurrent,Q12,465,814,1987,1788179228697,1788179228749,52,32.18,0,0,1090847,154
FAIR,8,concurrent,Q12,465,814,1986,1788179228697,1788179228749,52,32.50,0,0,1087458,154
FAIR,8,concurrent,Q12,466,817,1998,1788179228786,1788179228793,7,2.54,0,0,2156,0
FAIR,8,concurrent,Q12,467,820,1999,1788179228799,1788179228805,6,2.27,0,0,2156,154
FAIR,8,concurrent,Q12,468,824,2000,1788179228827,1788179228832,5,1.35,0,0,154,0
FAIR,8,concurrent,Q14,469,825,2001,1788179231159,1788179231348,189,54.12,0,1244534,0,0
FAIR,8,concurrent,Q14,470,826,2008,1788179231449,1788179231598,149,51.40,0,3269202,0,101
FAIR,8,concurrent,Q14,470,826,2005,1788179231448,1788179231926,478,184.50,0,13079810,0,99
FAIR,8,concurrent,Q14,470,826,2003,1788179231448,1788179231929,481,182.41,0,13077410,0,99
FAIR,8,concurrent,Q14,470,826,2004,1788179231448,1788179231929,481,182.72,0,13078846,0,99
FAIR,8,concurrent,Q14,470,826,2006,1788179231448,1788179231937,489,185.13,0,13078244,0,99
FAIR,8,concurrent,Q14,470,826,2007,1788179231448,1788179231937,489,184.06,0,13078900,0,99
FAIR,8,concurrent,Q14,470,826,2002,1788179231447,1788179231940,493,186.52,0,13078278,0,99
FAIR,8,concurrent,Q14,471,828,2009,1788179231960,1788179231968,8,2.36,0,0,695,0
FAIR,8,concurrent,Q18,472,829,2010,1788179234243,1788179235892,1649,1134.97,138,14589748,0,30886715
FAIR,8,concurrent,Q18,473,830,2011,1788179234255,1788179234613,358,73.26,74,784744,0,0
FAIR,8,concurrent,Q18,474,831,2018,1788179234262,1788179235041,779,476.12,74,1669066,0,2548115
FAIR,8,concurrent,Q18,474,831,2017,1788179234262,1788179236414,2152,1547.73,148,6678296,0,8202194
FAIR,8,concurrent,Q18,474,831,2016,1788179234262,1788179236450,2188,1543.83,148,6677620,0,8197158
FAIR,8,concurrent,Q18,474,831,2014,1788179234261,1788179236459,2198,1536.60,148,6678222,0,8201066
FAIR,8,concurrent,Q18,474,831,2013,1788179234261,1788179236482,2221,1547.05,148,6676794,0,8204443
FAIR,8,concurrent,Q18,474,831,2012,1788179234260,1788179236489,2229,1538.55,148,6677674,0,8204481
FAIR,8,concurrent,Q18,474,831,2015,1788179234262,1788179236493,2231,1507.37,148,6679174,0,8197511
FAIR,8,concurrent,Q18,475,832,2025,1788179234533,1788179235048,515,193.07,0,1669066,0,2238587
FAIR,8,concurrent,Q18,475,832,2019,1788179234266,1788179235553,1287,655.84,128,6677674,0,8874676
FAIR,8,concurrent,Q18,475,832,2022,1788179234267,1788179235593,1326,646.06,128,6679174,0,8873847
FAIR,8,concurrent,Q18,475,832,2020,1788179234266,1788179235654,1388,673.36,128,6676794,0,8874749
FAIR,8,concurrent,Q18,475,832,2023,1788179234267,1788179235670,1403,649.72,128,6677620,0,8872119
FAIR,8,concurrent,Q18,475,832,2021,1788179234266,1788179235685,1419,638.49,128,6678222,0,8873447
FAIR,8,concurrent,Q18,475,832,2024,1788179234267,1788179235685,1418,644.35,128,6678296,0,8872181
FAIR,8,concurrent,Q18,476,836,2035,1788179236570,1788179237114,544,414.36,61,0,11396280,0
FAIR,8,concurrent,Q18,476,836,2032,1788179236570,1788179237914,1344,944.58,96,0,11338468,0
FAIR,8,concurrent,Q18,476,836,2037,1788179236570,1788179237936,1366,1008.87,101,0,11356291,0
FAIR,8,concurrent,Q18,476,836,2029,1788179236569,1788179238003,1434,1012.07,106,0,11397674,0
FAIR,8,concurrent,Q18,476,836,2030,1788179236569,1788179238148,1579,940.77,106,0,11393041,0
FAIR,8,concurrent,Q18,476,836,2027,1788179236569,1788179238161,1592,1004.81,106,0,11440429,0
FAIR,8,concurrent,Q18,476,836,2036,1788179236570,1788179238165,1595,970.52,106,0,11410383,0
FAIR,8,concurrent,Q18,476,836,2034,1788179236570,1788179238191,1621,919.96,110,0,11413836,0
FAIR,8,concurrent,Q18,476,836,2028,1788179236569,1788179238191,1622,985.17,110,0,11328172,0
FAIR,8,concurrent,Q18,476,836,2033,1788179236570,1788179238247,1677,869.36,110,0,11425234,0
FAIR,8,concurrent,Q18,476,836,2038,1788179236570,1788179238263,1693,967.31,110,0,11430722,0
FAIR,8,concurrent,Q18,476,836,2031,1788179236569,1788179238263,1694,966.49,110,0,11347331,0
FAIR,8,concurrent,Q18,476,836,2041,1788179237107,1788179238356,1249,844.84,49,0,11354353,0
FAIR,8,concurrent,Q18,476,836,2039,1788179236570,1788179238378,1808,888.73,110,0,11431888,0
FAIR,8,concurrent,Q18,476,836,2040,1788179236570,1788179238395,1825,856.29,110,0,11412119,0
FAIR,8,concurrent,Q18,476,836,2042,1788179237911,1788179238442,531,384.38,14,0,7589199,0
FAIR,8,concurrent,Q18,476,836,2026,1788179236569,1788179238451,1882,826.61,110,0,11410837,0
FAIR,9,concurrent,compaction,477,837,2043,1788179277926,1788179302791,24865,19255.74,693,175454639,0,0
FAIR,9,concurrent,Q1,478,838,2050,1788179280053,1788179281171,1118,913.25,76,2744914,0,845
FAIR,9,concurrent,Q1,478,838,2049,1788179280053,1788179284096,4043,3303.63,214,10981748,0,840
FAIR,9,concurrent,Q1,478,838,2046,1788179280052,1788179284126,4074,3309.06,214,10981694,0,840
FAIR,9,concurrent,Q1,478,838,2048,1788179280053,1788179284137,4084,3331.29,214,10981092,0,819
FAIR,9,concurrent,Q1,478,838,2045,1788179280052,1788179284143,4091,3255.55,214,10980258,0,840
FAIR,9,concurrent,Q1,478,838,2044,1788179280051,1788179284179,4128,3315.63,214,10981126,0,841
FAIR,9,concurrent,Q1,478,838,2047,1788179280052,1788179284181,4129,3324.13,214,10982658,0,844
FAIR,9,concurrent,Q1,479,840,2051,1788179284224,1788179284230,6,3.09,0,0,5869,0
FAIR,9,concurrent,Q1,480,842,2052,1788179284236,1788179284244,8,4.77,0,0,5869,844
FAIR,9,concurrent,Q1,481,845,2053,1788179284260,1788179284265,5,1.57,0,0,844,0
FAIR,9,concurrent,Q1,482,846,2060,1788179286156,1788179286374,218,154.95,0,3269202,0,1965203
FAIR,9,concurrent,Q1,482,846,2057,1788179286155,1788179286716,561,434.25,0,13079810,0,7735803
FAIR,9,concurrent,Q1,482,846,2058,1788179286155,1788179286736,581,453.04,0,13078244,0,7738877
FAIR,9,concurrent,Q1,482,846,2059,1788179286155,1788179286738,583,441.52,0,13078900,0,7743364
FAIR,9,concurrent,Q1,482,846,2056,1788179286155,1788179286749,594,459.99,0,13078846,0,7738331
FAIR,9,concurrent,Q1,482,846,2054,1788179286147,1788179286751,604,450.93,0,13078278,0,7750473
FAIR,9,concurrent,Q1,482,846,2055,1788179286155,1788179286752,597,452.19,0,13077410,0,7743802
FAIR,9,concurrent,Q1,483,847,2061,1788179286157,1788179286257,100,36.95,0,1484824,0,0
FAIR,9,concurrent,Q1,484,848,2062,1788179286301,1788179286672,371,323.87,0,11640628,0,1604055
FAIR,9,concurrent,Q3,485,850,2063,1788179286686,1788179286734,48,38.31,0,0,1604055,0
FAIR,9,concurrent,Q3,486,852,2065,1788179286846,1788179286925,79,67.60,0,0,2919240,0
FAIR,9,concurrent,Q3,486,852,2071,1788179286846,1788179286931,85,71.69,0,0,2910947,0
FAIR,9,concurrent,Q3,486,852,2077,1788179286846,1788179286932,86,70.86,0,0,2941007,0
FAIR,9,concurrent,Q3,486,852,2073,1788179286846,1788179286932,86,68.87,0,0,2895551,0
FAIR,9,concurrent,Q3,486,852,2068,1788179286846,1788179286945,99,67.76,0,0,2898701,0
FAIR,9,concurrent,Q3,486,852,2069,1788179286846,1788179286950,104,69.61,0,0,2895639,0
FAIR,9,concurrent,Q3,486,852,2064,1788179286846,1788179286953,107,67.78,0,0,2898550,0
FAIR,9,concurrent,Q3,486,852,2067,1788179286846,1788179286954,108,68.24,0,0,2887662,0
FAIR,9,concurrent,Q3,486,852,2078,1788179286846,1788179286957,111,71.01,0,0,2925625,0
FAIR,9,concurrent,Q3,486,852,2075,1788179286846,1788179286961,115,69.22,0,0,2888143,0
FAIR,9,concurrent,Q3,486,852,2074,1788179286846,1788179286966,120,66.31,0,0,2909695,0
FAIR,9,concurrent,Q3,486,852,2076,1788179286846,1788179286966,120,67.22,0,0,2929089,0
FAIR,9,concurrent,Q3,486,852,2080,1788179286930,1788179286977,47,36.17,0,0,1923841,0
FAIR,9,concurrent,Q3,486,852,2066,1788179286846,1788179286982,136,62.43,0,0,2899714,0
FAIR,9,concurrent,Q3,486,852,2070,1788179286846,1788179286983,137,57.42,0,0,2886189,0
FAIR,9,concurrent,Q3,486,852,2079,1788179286922,1788179286992,70,59.37,0,0,2897449,0
FAIR,9,concurrent,Q3,486,852,2072,1788179286846,1788179286992,146,64.95,0,0,2908811,0
FAIR,9,concurrent,Q3,487,853,2087,1788179288963,1788179289068,105,61.43,0,3298702,0,79
FAIR,9,concurrent,Q3,487,853,2081,1788179288961,1788179289286,325,200.26,0,13196314,0,79
FAIR,9,concurrent,Q3,487,853,2082,1788179288962,1788179289297,335,209.80,0,13195474,0,79
FAIR,9,concurrent,Q3,487,853,2084,1788179288962,1788179289298,336,206.97,0,13197882,0,79
FAIR,9,concurrent,Q3,487,853,2086,1788179288963,1788179289305,342,207.27,0,13196956,0,79
FAIR,9,concurrent,Q3,487,853,2083,1788179288962,1788179289305,343,206.87,0,13196906,0,79
FAIR,9,concurrent,Q3,487,853,2085,1788179288963,1788179289312,349,210.49,0,13196308,0,79
FAIR,9,concurrent,Q6,488,855,2088,1788179289332,1788179289335,3,1.03,0,0,553,0
FAIR,9,concurrent,Q12,489,856,2089,1788179291715,1788179292576,861,643.21,100,3317556,0,14534997
FAIR,9,concurrent,Q12,490,857,2096,1788179291723,1788179291869,146,96.37,0,3825626,0,26922
FAIR,9,concurrent,Q12,490,857,2095,1788179291723,1788179292309,586,288.14,100,15304688,0,59166
FAIR,9,concurrent,Q12,490,857,2091,1788179291722,1788179292314,592,285.08,100,15303234,0,58962
FAIR,9,concurrent,Q12,490,857,2092,1788179291722,1788179292331,609,283.22,100,15304618,0,58647
FAIR,9,concurrent,Q12,490,857,2094,1788179291723,1788179292332,609,287.44,100,15304056,0,58481
FAIR,9,concurrent,Q12,490,857,2093,1788179291722,1788179292349,627,304.32,100,15305646,0,57595
FAIR,9,concurrent,Q12,490,857,2090,1788179291721,1788179292350,629,297.07,100,15304022,0,59807
FAIR,9,concurrent,Q12,491,859,2097,1788179292388,1788179292410,22,17.32,0,0,379580,0
FAIR,9,concurrent,Q12,492,861,2102,1788179292602,1788179292650,48,38.15,0,0,1015054,154
FAIR,9,concurrent,Q12,492,861,2106,1788179292602,1788179292650,48,38.17,0,0,1018284,154
FAIR,9,concurrent,Q12,492,861,2105,1788179292602,1788179292650,48,33.66,0,0,1016185,154
FAIR,9,concurrent,Q12,492,861,2110,1788179292603,1788179292653,50,41.47,0,0,1015360,154
FAIR,9,concurrent,Q12,492,861,2111,1788179292603,1788179292653,50,36.63,0,0,1015509,154
FAIR,9,concurrent,Q12,492,861,2103,1788179292602,1788179292654,52,36.84,0,0,1014559,154
FAIR,9,concurrent,Q12,492,861,2099,1788179292602,1788179292657,55,38.66,0,0,1090764,154
FAIR,9,concurrent,Q12,492,861,2107,1788179292602,1788179292657,55,40.54,0,0,1015101,154
FAIR,9,concurrent,Q12,492,861,2109,1788179292603,1788179292657,54,38.83,0,0,1020274,154
FAIR,9,concurrent,Q12,492,861,2100,1788179292602,1788179292657,55,36.62,0,0,1087458,154
FAIR,9,concurrent,Q12,492,861,2104,1788179292602,1788179292658,56,35.96,0,0,1021566,154
FAIR,9,concurrent,Q12,492,861,2108,1788179292602,1788179292658,56,36.58,0,0,1021753,154
FAIR,9,concurrent,Q12,492,861,2101,1788179292602,1788179292659,57,36.81,0,0,1090847,154
FAIR,9,concurrent,Q12,492,861,2098,1788179292602,1788179292660,58,39.60,0,0,1092283,154
FAIR,9,concurrent,Q12,493,864,2112,1788179292686,1788179292693,7,3.22,0,0,2156,0
FAIR,9,concurrent,Q12,494,867,2113,1788179292699,1788179292704,5,2.03,0,0,2156,154
FAIR,9,concurrent,Q12,495,871,2114,1788179292726,1788179292731,5,1.52,0,0,154,0
FAIR,9,concurrent,Q14,496,872,2115,1788179294797,1788179294877,80,50.59,0,1244534,0,0
FAIR,9,concurrent,Q14,497,873,2122,1788179294970,1788179295088,118,47.96,0,3269202,0,101
FAIR,9,concurrent,Q14,497,873,2119,1788179294970,1788179295800,830,180.38,0,13079810,0,99
FAIR,9,concurrent,Q14,497,873,2121,1788179294970,1788179295800,830,184.34,0,13078900,0,99
FAIR,9,concurrent,Q14,497,873,2117,1788179294969,1788179295800,831,183.76,0,13077410,0,99
FAIR,9,concurrent,Q14,497,873,2116,1788179294969,1788179295800,831,183.26,0,13078278,0,99
FAIR,9,concurrent,Q14,497,873,2118,1788179294970,1788179295800,830,181.64,0,13078846,0,99
FAIR,9,concurrent,Q14,497,873,2120,1788179294970,1788179295800,830,180.24,0,13078244,0,99
FAIR,9,concurrent,Q14,498,875,2123,1788179295817,1788179295819,2,0.70,0,0,695,0
FAIR,9,concurrent,Q18,499,876,2124,1788179298124,1788179299808,1684,1135.12,113,14589748,0,30886715
FAIR,9,concurrent,Q18,500,877,2125,1788179298132,1788179298324,192,70.63,0,784744,0,0
FAIR,9,concurrent,Q18,501,878,2132,1788179298144,1788179298819,675,462.12,81,1669066,0,2548115
FAIR,9,concurrent,Q18,501,878,2131,1788179298144,1788179300480,2336,1545.88,173,6678296,0,8202194
FAIR,9,concurrent,Q18,501,878,2127,1788179298143,1788179300480,2337,1532.92,173,6676794,0,8204443
FAIR,9,concurrent,Q18,501,878,2130,1788179298143,1788179300481,2338,1598.55,173,6677620,0,8197158
FAIR,9,concurrent,Q18,501,878,2126,1788179298142,1788179300490,2348,1567.07,173,6677674,0,8204481
FAIR,9,concurrent,Q18,501,878,2128,1788179298143,1788179300503,2360,1557.02,173,6678222,0,8201066
FAIR,9,concurrent,Q18,501,878,2129,1788179298143,1788179300514,2371,1564.91,173,6679174,0,8197511
FAIR,9,concurrent,Q18,502,879,2139,1788179298296,1788179298779,483,192.76,81,1669066,0,2238587
FAIR,9,concurrent,Q18,502,879,2138,1788179298148,1788179299481,1333,633.89,91,6678296,0,8872181
FAIR,9,concurrent,Q18,502,879,2134,1788179298147,1788179299634,1487,660.67,113,6676794,0,8874749
FAIR,9,concurrent,Q18,502,879,2133,1788179298147,1788179299638,1491,644.77,113,6677674,0,8874676
FAIR,9,concurrent,Q18,502,879,2137,1788179298148,1788179299644,1496,634.96,113,6677620,0,8872119
FAIR,9,concurrent,Q18,502,879,2135,1788179298147,1788179299657,1510,646.21,113,6678222,0,8873447
FAIR,9,concurrent,Q18,502,879,2136,1788179298148,1788179299664,1516,648.05,113,6679174,0,8873847
FAIR,9,concurrent,Q18,503,883,2149,1788179300590,1788179301312,722,386.78,34,0,11396280,0
FAIR,9,concurrent,Q18,503,883,2142,1788179300589,1788179302052,1463,959.02,76,0,11328172,0
FAIR,9,concurrent,Q18,503,883,2148,1788179300590,1788179302054,1464,920.99,76,0,11413836,0
FAIR,9,concurrent,Q18,503,883,2143,1788179300590,1788179302058,1468,1004.98,76,0,11397674,0
FAIR,9,concurrent,Q18,503,883,2140,1788179300589,1788179302174,1585,969.51,76,0,11410837,0
FAIR,9,concurrent,Q18,503,883,2147,1788179300590,1788179302286,1696,889.70,81,0,11425234,0
FAIR,9,concurrent,Q18,503,883,2153,1788179300590,1788179302294,1704,960.98,81,0,11431888,0
FAIR,9,concurrent,Q18,503,883,2144,1788179300590,1788179302328,1738,904.65,81,0,11393041,0
FAIR,9,concurrent,Q18,503,883,2146,1788179300590,1788179302346,1756,909.29,81,0,11338468,0
FAIR,9,concurrent,Q18,503,883,2151,1788179300590,1788179302360,1770,929.13,81,0,11356291,0
FAIR,9,concurrent,Q18,503,883,2145,1788179300590,1788179302371,1781,910.38,81,0,11347331,0
FAIR,9,concurrent,Q18,503,883,2141,1788179300589,1788179302380,1791,948.38,81,0,11440429,0
FAIR,9,concurrent,Q18,503,883,2154,1788179300590,1788179302394,1804,912.21,81,0,11412119,0
FAIR,9,concurrent,Q18,503,883,2150,1788179300590,1788179302425,1835,908.42,81,0,11410383,0
FAIR,9,concurrent,Q18,503,883,2152,1788179300590,1788179302471,1881,889.09,87,0,11430722,0
FAIR,9,concurrent,Q18,503,883,2155,1788179301309,1788179302521,1212,812.51,53,0,11354353,0
FAIR,9,concurrent,Q18,503,883,2156,1788179302049,1788179302533,484,408.53,11,0,7589199,0
FAIR,9,baseline,Q1,504,884,2163,1788179341465,1788179342654,1189,951.45,69,2744914,0,845
FAIR,9,baseline,Q1,504,884,2161,1788179341464,1788179345243,3779,3174.45,156,10981092,0,819
FAIR,9,baseline,Q1,504,884,2157,1788179341463,1788179345267,3804,3219.60,156,10981126,0,841
FAIR,9,baseline,Q1,504,884,2159,1788179341464,1788179345293,3829,3187.24,156,10981694,0,840
FAIR,9,baseline,Q1,504,884,2158,1788179341464,1788179345336,3872,3259.70,156,10980258,0,840
FAIR,9,baseline,Q1,504,884,2162,1788179341465,1788179345340,3875,3290.54,156,10981748,0,840
FAIR,9,baseline,Q1,504,884,2160,1788179341464,1788179345340,3876,3232.72,156,10982658,0,844
FAIR,9,baseline,Q1,505,886,2164,1788179345397,1788179345407,10,5.27,0,0,5869,0
FAIR,9,baseline,Q1,506,888,2165,1788179345414,1788179345422,8,4.37,0,0,5869,844
FAIR,9,baseline,Q1,507,891,2166,1788179345445,1788179345449,4,1.27,0,0,844,0
FAIR,9,baseline,Q3,508,892,2173,1788179347806,1788179348038,232,152.13,0,3269202,0,1965203
FAIR,9,baseline,Q3,508,892,2170,1788179347805,1788179348406,601,448.28,0,13079810,0,7735803
FAIR,9,baseline,Q3,508,892,2169,1788179347805,1788179348408,603,445.57,0,13078846,0,7738331
FAIR,9,baseline,Q3,508,892,2171,1788179347805,1788179348412,607,454.43,0,13078244,0,7738877
FAIR,9,baseline,Q3,508,892,2167,1788179347804,1788179348414,610,459.46,0,13078278,0,7750473
FAIR,9,baseline,Q3,508,892,2172,1788179347806,1788179348419,613,473.67,0,13078900,0,7743364
FAIR,9,baseline,Q3,508,892,2168,1788179347804,1788179348419,615,456.80,0,13077410,0,7743802
FAIR,9,baseline,Q3,509,893,2174,1788179347810,1788179347917,107,34.09,0,1484824,0,0
FAIR,9,baseline,Q3,510,894,2175,1788179347964,1788179348350,386,338.16,0,11640628,0,1604055
FAIR,9,baseline,Q3,511,896,2176,1788179348378,1788179348430,52,36.87,0,0,1604055,0
FAIR,9,baseline,Q3,512,898,2177,1788179348556,1788179348632,76,64.22,0,0,2898550,0
FAIR,9,baseline,Q3,512,898,2186,1788179348556,1788179348634,78,65.34,0,0,2895551,0
FAIR,9,baseline,Q3,512,898,2184,1788179348556,1788179348635,79,63.48,0,0,2910947,0
FAIR,9,baseline,Q3,512,898,2192,1788179348556,1788179348635,79,62.82,0,0,2897449,0
FAIR,9,baseline,Q3,512,898,2179,1788179348556,1788179348635,79,64.91,0,0,2899714,0
FAIR,9,baseline,Q3,512,898,2182,1788179348556,1788179348638,82,64.32,0,0,2895639,0
FAIR,9,baseline,Q3,512,898,2191,1788179348556,1788179348639,83,65.63,0,0,2925625,0
FAIR,9,baseline,Q3,512,898,2190,1788179348556,1788179348655,99,69.28,0,0,2941007,0
FAIR,9,baseline,Q3,512,898,2187,1788179348556,1788179348661,105,66.64,0,0,2909695,0
FAIR,9,baseline,Q3,512,898,2185,1788179348556,1788179348669,113,66.49,0,0,2908811,0
FAIR,9,baseline,Q3,512,898,2189,1788179348556,1788179348677,121,61.22,0,0,2929089,0
FAIR,9,baseline,Q3,512,898,2178,1788179348556,1788179348677,121,67.38,0,0,2919240,0
FAIR,9,baseline,Q3,512,898,2180,1788179348556,1788179348679,123,64.92,0,0,2887662,0
FAIR,9,baseline,Q3,512,898,2181,1788179348556,1788179348681,125,67.93,0,0,2898701,0
FAIR,9,baseline,Q3,512,898,2188,1788179348556,1788179348681,125,67.70,0,0,2888143,0
FAIR,9,baseline,Q3,512,898,2183,1788179348556,1788179348683,127,63.87,0,0,2886189,0
FAIR,9,baseline,Q3,512,898,2193,1788179348629,1788179348684,55,48.31,0,0,1923841,0
FAIR,9,baseline,Q6,513,899,2200,1788179351260,1788179351342,82,54.84,0,3298702,0,79
FAIR,9,baseline,Q6,513,899,2195,1788179351259,1788179351551,292,185.82,0,13195474,0,79
FAIR,9,baseline,Q6,513,899,2197,1788179351259,1788179351559,300,190.79,0,13197882,0,79
FAIR,9,baseline,Q6,513,899,2194,1788179351258,1788179351559,301,189.21,0,13196314,0,79
FAIR,9,baseline,Q6,513,899,2198,1788179351259,1788179351560,301,193.66,0,13196308,0,79
FAIR,9,baseline,Q6,513,899,2196,1788179351259,1788179351567,308,191.44,0,13196906,0,79
FAIR,9,baseline,Q6,513,899,2199,1788179351259,1788179351567,308,190.38,0,13196956,0,79
FAIR,9,baseline,Q6,514,901,2201,1788179351578,1788179351581,3,1.02,0,0,553,0
FAIR,9,baseline,Q12,515,902,2202,1788179353787,1788179354539,752,610.95,88,3317556,0,14534997
FAIR,9,baseline,Q12,516,903,2209,1788179353793,1788179353940,147,102.19,0,3825626,0,26922
FAIR,9,baseline,Q12,516,903,2205,1788179353792,1788179354313,521,283.56,88,15304618,0,58647
FAIR,9,baseline,Q12,516,903,2206,1788179353792,1788179354315,523,288.23,88,15305646,0,57595
FAIR,9,baseline,Q12,516,903,2208,1788179353793,1788179354315,522,287.94,88,15304688,0,59166
FAIR,9,baseline,Q12,516,903,2203,1788179353792,1788179354316,524,287.47,88,15304022,0,59807
FAIR,9,baseline,Q12,516,903,2204,1788179353792,1788179354316,524,291.44,88,15303234,0,58962
FAIR,9,baseline,Q12,516,903,2207,1788179353793,1788179354321,528,288.10,88,15304056,0,58481
FAIR,9,baseline,Q12,517,905,2210,1788179354344,1788179354361,17,13.86,0,0,379580,0
FAIR,9,baseline,Q12,518,907,2218,1788179354564,1788179354595,31,27.19,0,0,1016185,154
FAIR,9,baseline,Q12,518,907,2224,1788179354565,1788179354599,34,31.29,0,0,1015509,154
FAIR,9,baseline,Q12,518,907,2215,1788179354564,1788179354599,35,31.21,0,0,1015054,154
FAIR,9,baseline,Q12,518,907,2222,1788179354565,1788179354600,35,31.27,0,0,1020274,154
FAIR,9,baseline,Q12,518,907,2223,1788179354565,1788179354600,35,30.89,0,0,1015360,154
FAIR,9,baseline,Q12,518,907,2214,1788179354564,1788179354600,36,32.43,0,0,1090847,154
FAIR,9,baseline,Q12,518,907,2211,1788179354564,1788179354601,37,32.63,0,0,1092283,154
FAIR,9,baseline,Q12,518,907,2221,1788179354565,1788179354601,36,30.85,0,0,1021753,154
FAIR,9,baseline,Q12,518,907,2219,1788179354564,1788179354602,38,30.90,0,0,1018284,154
FAIR,9,baseline,Q12,518,907,2220,1788179354565,1788179354602,37,30.16,0,0,1015101,154
FAIR,9,baseline,Q12,518,907,2217,1788179354564,1788179354602,38,30.35,0,0,1021566,154
FAIR,9,baseline,Q12,518,907,2213,1788179354564,1788179354602,38,32.34,0,0,1087458,154
FAIR,9,baseline,Q12,518,907,2216,1788179354564,1788179354611,47,26.21,0,0,1014559,154
FAIR,9,baseline,Q12,518,907,2212,1788179354564,1788179354612,48,26.42,0,0,1090764,154
FAIR,9,baseline,Q12,519,910,2225,1788179354635,1788179354640,5,2.09,0,0,2156,0
FAIR,9,baseline,Q12,520,913,2226,1788179354645,1788179354649,4,1.79,0,0,2156,154
FAIR,9,baseline,Q12,521,917,2227,1788179354671,1788179354674,3,0.94,0,0,154,0
FAIR,9,baseline,Q12,522,918,2228,1788179356432,1788179356503,71,49.81,0,1244534,0,0
FAIR,9,baseline,Q12,523,919,2235,1788179356584,1788179356655,71,43.17,0,3269202,0,101
FAIR,9,baseline,Q12,523,919,2229,1788179356583,1788179356817,234,158.23,0,13078278,0,99
FAIR,9,baseline,Q12,523,919,2231,1788179356584,1788179356820,236,159.79,0,13078846,0,99
FAIR,9,baseline,Q12,523,919,2234,1788179356584,1788179356823,239,155.57,0,13078900,0,99
FAIR,9,baseline,Q12,523,919,2232,1788179356584,1788179356824,240,162.73,0,13079810,0,99
FAIR,9,baseline,Q12,523,919,2230,1788179356584,1788179356824,240,159.81,0,13077410,0,99
FAIR,9,baseline,Q12,523,919,2233,1788179356584,1788179356825,241,162.83,0,13078244,0,99
FAIR,9,baseline,Q14,524,921,2236,1788179356836,1788179356838,2,0.77,0,0,695,0
FAIR,9,baseline,Q14,525,922,2237,1788179358865,1788179360434,1569,1089.51,139,14589748,0,30886715
FAIR,9,baseline,Q14,526,923,2238,1788179358880,1788179359030,150,67.30,0,784744,0,0
FAIR,9,baseline,Q14,527,924,2245,1788179358884,1788179359715,831,469.95,114,1669066,0,2548115
FAIR,9,baseline,Q14,527,924,2241,1788179358883,1788179360960,2077,1503.60,166,6678222,0,8201066
FAIR,9,baseline,Q14,527,924,2239,1788179358883,1788179360987,2104,1465.27,166,6677674,0,8204481
FAIR,9,baseline,Q14,527,924,2242,1788179358883,1788179360993,2110,1499.22,166,6679174,0,8197511
FAIR,9,baseline,Q14,527,924,2240,1788179358883,1788179360997,2114,1476.18,166,6676794,0,8204443
FAIR,9,baseline,Q14,527,924,2244,1788179358884,1788179360999,2115,1502.97,166,6678296,0,8202194
FAIR,9,baseline,Q14,527,924,2243,1788179358883,1788179361003,2120,1509.64,166,6677620,0,8197158
FAIR,9,baseline,Q14,528,925,2252,1788179358888,1788179359309,421,186.82,70,1669066,0,2238587
FAIR,9,baseline,Q14,528,925,2248,1788179358887,1788179360185,1298,638.05,130,6678222,0,8873447
FAIR,9,baseline,Q14,528,925,2251,1788179358888,1788179360247,1359,636.72,139,6678296,0,8872181
FAIR,9,baseline,Q14,528,925,2250,1788179358888,1788179360248,1360,657.77,139,6677620,0,8872119
FAIR,9,baseline,Q14,528,925,2246,1788179358887,1788179360250,1363,643.67,139,6677674,0,8874676
FAIR,9,baseline,Q14,528,925,2247,1788179358887,1788179360262,1375,642.63,139,6676794,0,8874749
FAIR,9,baseline,Q14,528,925,2249,1788179358888,1788179360267,1379,647.29,139,6679174,0,8873847
FAIR,9,baseline,Q18,529,929,2262,1788179361078,1788179361941,863,424.73,24,0,11396280,0
FAIR,9,baseline,Q18,529,929,2268,1788179361078,1788179362580,1502,1010.42,48,0,11354353,0
FAIR,9,baseline,Q18,529,929,2259,1788179361078,1788179362581,1503,999.66,48,0,11338468,0
FAIR,9,baseline,Q18,529,929,2264,1788179361078,1788179362643,1565,1023.03,55,0,11356291,0
FAIR,9,baseline,Q18,529,929,2263,1788179361078,1788179362706,1628,998.43,62,0,11410383,0
FAIR,9,baseline,Q18,529,929,2258,1788179361078,1788179362717,1639,995.12,62,0,11347331,0
FAIR,9,baseline,Q18,529,929,2256,1788179361077,1788179362719,1642,989.67,62,0,11397674,0
FAIR,9,baseline,Q18,529,929,2255,1788179361077,1788179362735,1658,995.14,62,0,11328172,0
FAIR,9,baseline,Q18,529,929,2257,1788179361077,1788179362759,1682,942.66,62,0,11393041,0
FAIR,9,baseline,Q18,529,929,2261,1788179361078,1788179362766,1688,923.97,75,0,11413836,0
FAIR,9,baseline,Q18,529,929,2265,1788179361078,1788179362774,1696,995.53,75,0,11430722,0
FAIR,9,baseline,Q18,529,929,2253,1788179361077,1788179362782,1705,1018.74,75,0,11410837,0
FAIR,9,baseline,Q18,529,929,2260,1788179361078,1788179362792,1714,919.19,75,0,11425234,0
FAIR,9,baseline,Q18,529,929,2254,1788179361077,1788179362802,1725,991.84,75,0,11440429,0
FAIR,9,baseline,Q18,529,929,2266,1788179361078,1788179362820,1742,967.48,75,0,11431888,0
FAIR,9,baseline,Q18,529,929,2267,1788179361078,1788179362921,1843,860.10,75,0,11412119,0
FAIR,9,baseline,Q18,529,929,2269,1788179361938,1788179362956,1018,424.28,51,0,7589199,0
FAIR,10,baseline,Q1,530,930,2276,1788179400703,1788179401807,1104,802.44,56,2744914,0,845
FAIR,10,baseline,Q1,530,930,2272,1788179400702,1788179404461,3759,3131.65,137,10981694,0,840
FAIR,10,baseline,Q1,530,930,2270,1788179400702,1788179404465,3763,3100.00,137,10981126,0,841
FAIR,10,baseline,Q1,530,930,2273,1788179400702,1788179404485,3783,3165.11,137,10982658,0,844
FAIR,10,baseline,Q1,530,930,2275,1788179400703,1788179404485,3782,3168.91,137,10981748,0,840
FAIR,10,baseline,Q1,530,930,2274,1788179400703,1788179404486,3783,3181.04,137,10981092,0,819
FAIR,10,baseline,Q1,530,930,2271,1788179400702,1788179404491,3789,3199.73,137,10980258,0,840
FAIR,10,baseline,Q1,531,932,2277,1788179404533,1788179404541,8,4.85,0,0,5869,0
FAIR,10,baseline,Q1,532,934,2278,1788179404547,1788179404554,7,3.83,0,0,5869,844
FAIR,10,baseline,Q1,533,937,2279,1788179404571,1788179404575,4,1.77,0,0,844,0
FAIR,10,baseline,Q1,534,938,2286,1788179406388,1788179406557,169,139.62,0,3269202,0,1965203
FAIR,10,baseline,Q1,534,938,2281,1788179406386,1788179406903,517,419.76,0,13077410,0,7743802
FAIR,10,baseline,Q1,534,938,2285,1788179406388,1788179406920,532,433.91,0,13078900,0,7743364
FAIR,10,baseline,Q1,534,938,2282,1788179406387,1788179406926,539,433.54,0,13078846,0,7738331
FAIR,10,baseline,Q1,534,938,2280,1788179406386,1788179406932,546,439.75,0,13078278,0,7750473
FAIR,10,baseline,Q1,534,938,2283,1788179406387,1788179406935,548,448.67,0,13079810,0,7735803
FAIR,10,baseline,Q1,534,938,2284,1788179406387,1788179406949,562,450.44,0,13078244,0,7738877
FAIR,10,baseline,Q1,535,939,2287,1788179406390,1788179406450,60,32.72,0,1484824,0,0
FAIR,10,baseline,Q1,536,940,2288,1788179406494,1788179406852,358,305.83,0,11640628,0,1604055
FAIR,10,baseline,Q3,537,942,2289,1788179406870,1788179406925,55,36.19,0,0,1604055,0
FAIR,10,baseline,Q3,538,944,2293,1788179407037,1788179407113,76,64.21,0,0,2887662,0
FAIR,10,baseline,Q3,538,944,2295,1788179407037,1788179407114,77,64.51,0,0,2895639,0
FAIR,10,baseline,Q3,538,944,2298,1788179407037,1788179407116,79,64.49,0,0,2908811,0
FAIR,10,baseline,Q3,538,944,2291,1788179407036,1788179407117,81,64.30,0,0,2919240,0
FAIR,10,baseline,Q3,538,944,2296,1788179407037,1788179407118,81,66.35,0,0,2886189,0
FAIR,10,baseline,Q3,538,944,2301,1788179407037,1788179407118,81,66.02,0,0,2888143,0
FAIR,10,baseline,Q3,538,944,2299,1788179407037,1788179407120,83,63.95,0,0,2895551,0
FAIR,10,baseline,Q3,538,944,2305,1788179407037,1788179407124,87,64.28,0,0,2897449,0
FAIR,10,baseline,Q3,538,944,2303,1788179407037,1788179407125,88,65.87,0,0,2941007,0
FAIR,10,baseline,Q3,538,944,2304,1788179407037,1788179407126,89,64.82,0,0,2925625,0
FAIR,10,baseline,Q3,538,944,2297,1788179407037,1788179407130,93,66.29,0,0,2910947,0
FAIR,10,baseline,Q3,538,944,2302,1788179407037,1788179407136,99,64.39,0,0,2929089,0
FAIR,10,baseline,Q3,538,944,2292,1788179407036,1788179407139,103,62.28,0,0,2899714,0
FAIR,10,baseline,Q3,538,944,2300,1788179407037,1788179407146,109,53.25,0,0,2909695,0
FAIR,10,baseline,Q3,538,944,2306,1788179407110,1788179407148,38,31.14,0,0,1923841,0
FAIR,10,baseline,Q3,538,944,2290,1788179407036,1788179407149,113,51.01,0,0,2898550,0
FAIR,10,baseline,Q3,538,944,2294,1788179407037,1788179407149,112,51.62,0,0,2898701,0
FAIR,10,baseline,Q3,539,945,2313,1788179409176,1788179409251,75,49.46,0,3298702,0,79
FAIR,10,baseline,Q3,539,945,2309,1788179409175,1788179409440,265,176.73,0,13196906,0,79
FAIR,10,baseline,Q3,539,945,2311,1788179409176,1788179409440,264,179.13,0,13196308,0,79
FAIR,10,baseline,Q3,539,945,2312,1788179409176,1788179409447,271,185.36,0,13196956,0,79
FAIR,10,baseline,Q3,539,945,2310,1788179409175,1788179409449,274,186.35,0,13197882,0,79
FAIR,10,baseline,Q3,539,945,2308,1788179409175,1788179409449,274,187.27,0,13195474,0,79
FAIR,10,baseline,Q3,539,945,2307,1788179409175,1788179409455,280,190.49,0,13196314,0,79
FAIR,10,baseline,Q6,540,947,2314,1788179409465,1788179409467,2,0.72,0,0,553,0
FAIR,10,baseline,Q6,541,948,2315,1788179411304,1788179412004,700,571.22,87,3317556,0,14534997
FAIR,10,baseline,Q6,542,949,2322,1788179411312,1788179411448,136,93.05,0,3825626,0,26922
FAIR,10,baseline,Q6,542,949,2320,1788179411311,1788179411771,460,259.26,87,15304056,0,58481
FAIR,10,baseline,Q6,542,949,2318,1788179411311,1788179411779,468,257.71,87,15304618,0,58647
FAIR,10,baseline,Q6,542,949,2319,1788179411311,1788179411779,468,272.05,87,15305646,0,57595
FAIR,10,baseline,Q6,542,949,2317,1788179411310,1788179411780,470,269.75,87,15303234,0,58962
FAIR,10,baseline,Q6,542,949,2316,1788179411310,1788179411781,471,263.34,87,15304022,0,59807
FAIR,10,baseline,Q6,542,949,2321,1788179411311,1788179411792,481,267.62,87,15304688,0,59166
FAIR,10,baseline,Q12,543,951,2323,1788179411815,1788179411834,19,14.41,0,0,379580,0
FAIR,10,baseline,Q12,544,953,2330,1788179412031,1788179412061,30,26.70,0,0,1021566,154
FAIR,10,baseline,Q12,544,953,2325,1788179412031,1788179412061,30,27.38,0,0,1090764,154
FAIR,10,baseline,Q12,544,953,2328,1788179412031,1788179412065,34,30.22,0,0,1015054,154
FAIR,10,baseline,Q12,544,953,2337,1788179412031,1788179412065,34,30.14,0,0,1015509,154
FAIR,10,baseline,Q12,544,953,2334,1788179412031,1788179412066,35,30.64,0,0,1021753,154
FAIR,10,baseline,Q12,544,953,2331,1788179412031,1788179412068,37,31.01,0,0,1016185,154
FAIR,10,baseline,Q12,544,953,2336,1788179412031,1788179412068,37,30.95,0,0,1015360,154
FAIR,10,baseline,Q12,544,953,2332,1788179412031,1788179412068,37,31.23,0,0,1018284,154
FAIR,10,baseline,Q12,544,953,2329,1788179412031,1788179412068,37,30.56,0,0,1014559,154
FAIR,10,baseline,Q12,544,953,2333,1788179412031,1788179412068,37,30.19,0,0,1015101,154
FAIR,10,baseline,Q12,544,953,2324,1788179412031,1788179412069,38,32.48,0,0,1092283,154
FAIR,10,baseline,Q12,544,953,2327,1788179412031,1788179412070,39,32.40,0,0,1090847,154
FAIR,10,baseline,Q12,544,953,2335,1788179412031,1788179412070,39,29.02,0,0,1020274,154
FAIR,10,baseline,Q12,544,953,2326,1788179412031,1788179412071,40,30.71,0,0,1087458,154
FAIR,10,baseline,Q12,545,956,2338,1788179412105,1788179412111,6,2.49,0,0,2156,0
FAIR,10,baseline,Q12,546,959,2339,1788179412115,1788179412119,4,1.73,0,0,2156,154
FAIR,10,baseline,Q12,547,963,2340,1788179412133,1788179412138,5,1.77,0,0,154,0
FAIR,10,baseline,Q12,548,964,2341,1788179414180,1788179414250,70,47.66,0,1244534,0,0
FAIR,10,baseline,Q14,549,965,2348,1788179414339,1788179414425,86,47.07,0,3269202,0,101
FAIR,10,baseline,Q14,549,965,2347,1788179414339,1788179414615,276,163.64,0,13078900,0,99
FAIR,10,baseline,Q14,549,965,2346,1788179414339,1788179414617,278,168.10,0,13078244,0,99
FAIR,10,baseline,Q14,549,965,2344,1788179414338,1788179414618,280,172.41,0,13078846,0,99
FAIR,10,baseline,Q14,549,965,2342,1788179414338,1788179414623,285,173.58,0,13078278,0,99
FAIR,10,baseline,Q14,549,965,2345,1788179414339,1788179414623,284,179.70,0,13079810,0,99
FAIR,10,baseline,Q14,549,965,2343,1788179414338,1788179414624,286,177.17,0,13077410,0,99
FAIR,10,baseline,Q14,550,967,2349,1788179414634,1788179414639,5,2.01,0,0,695,0
FAIR,10,baseline,Q14,551,968,2350,1788179416465,1788179418010,1545,1127.15,110,14589748,0,30886715
FAIR,10,baseline,Q14,552,969,2351,1788179416476,1788179416639,163,64.09,0,784744,0,0
FAIR,10,baseline,Q14,553,970,2358,1788179416480,1788179417217,737,480.79,96,1669066,0,2548115
FAIR,10,baseline,Q14,553,970,2353,1788179416479,1788179418414,1935,1474.09,110,6676794,0,8204443
FAIR,10,baseline,Q14,553,970,2356,1788179416479,1788179418469,1990,1447.59,127,6677620,0,8197158
FAIR,10,baseline,Q14,553,970,2355,1788179416479,1788179418478,1999,1478.50,127,6679174,0,8197511
FAIR,10,baseline,Q14,553,970,2357,1788179416480,1788179418493,2013,1483.12,127,6678296,0,8202194
FAIR,10,baseline,Q14,553,970,2354,1788179416479,1788179418500,2021,1510.01,127,6678222,0,8201066
FAIR,10,baseline,Q14,553,970,2352,1788179416479,1788179418507,2028,1430.77,127,6677674,0,8204481
FAIR,10,baseline,Q14,554,971,2365,1788179416487,1788179416802,315,184.37,0,1669066,0,2238587
FAIR,10,baseline,Q14,554,971,2360,1788179416485,1788179417694,1209,646.09,96,6676794,0,8874749
FAIR,10,baseline,Q14,554,971,2362,1788179416486,1788179417733,1247,648.03,96,6679174,0,8873847
FAIR,10,baseline,Q14,554,971,2363,1788179416486,1788179417758,1272,661.33,96,6677620,0,8872119
FAIR,10,baseline,Q14,554,971,2359,1788179416484,1788179417776,1292,664.89,96,6677674,0,8874676
FAIR,10,baseline,Q14,554,971,2364,1788179416487,1788179417794,1307,666.90,96,6678296,0,8872181
FAIR,10,baseline,Q14,554,971,2361,1788179416485,1788179417799,1314,633.39,96,6678222,0,8873447
FAIR,10,baseline,Q18,555,975,2375,1788179418582,1788179419354,772,413.75,24,0,11396280,0
FAIR,10,baseline,Q18,555,975,2381,1788179418582,1788179419909,1327,1026.50,47,0,11354353,0
FAIR,10,baseline,Q18,555,975,2374,1788179418582,1788179419969,1387,955.11,47,0,11413836,0
FAIR,10,baseline,Q18,555,975,2371,1788179418582,1788179419999,1417,1001.01,47,0,11347331,0
FAIR,10,baseline,Q18,555,975,2382,1788179419352,1788179420114,762,617.52,38,0,7589199,0
FAIR,10,baseline,Q18,555,975,2370,1788179418582,1788179420166,1584,933.81,62,0,11393041,0
FAIR,10,baseline,Q18,555,975,2369,1788179418582,1788179420175,1593,1016.54,62,0,11397674,0
FAIR,10,baseline,Q18,555,975,2376,1788179418582,1788179420190,1608,959.50,62,0,11410383,0
FAIR,10,baseline,Q18,555,975,2379,1788179418582,1788179420226,1644,979.95,62,0,11431888,0
FAIR,10,baseline,Q18,555,975,2372,1788179418582,1788179420272,1690,954.35,62,0,11338468,0
FAIR,10,baseline,Q18,555,975,2378,1788179418582,1788179420282,1700,960.65,62,0,11430722,0
FAIR,10,baseline,Q18,555,975,2368,1788179418581,1788179420296,1715,980.45,62,0,11328172,0
FAIR,10,baseline,Q18,555,975,2377,1788179418582,1788179420297,1715,960.69,62,0,11356291,0
FAIR,10,baseline,Q18,555,975,2373,1788179418582,1788179420315,1733,906.58,62,0,11425234,0
FAIR,10,baseline,Q18,555,975,2367,1788179418574,1788179420327,1753,967.11,62,0,11440429,0
FAIR,10,baseline,Q18,555,975,2380,1788179418582,1788179420327,1745,933.23,62,0,11412119,0
FAIR,10,baseline,Q18,555,975,2366,1788179418574,1788179420341,1767,943.80,62,0,11410837,0
FAIR,10,concurrent,compaction,556,976,2383,1788179456192,1788179481263,25071,19279.22,596,175454639,0,0
FAIR,10,concurrent,Q1,557,977,2390,1788179458529,1788179459657,1128,914.35,81,2744914,0,845
FAIR,10,concurrent,Q1,557,977,2388,1788179458529,1788179462601,4072,3382.90,198,10981092,0,819
FAIR,10,concurrent,Q1,557,977,2389,1788179458529,1788179462692,4163,3393.79,198,10981748,0,840
FAIR,10,concurrent,Q1,557,977,2387,1788179458529,1788179462707,4178,3413.87,198,10982658,0,844
FAIR,10,concurrent,Q1,557,977,2385,1788179458528,1788179462714,4186,3384.73,198,10980258,0,840
FAIR,10,concurrent,Q1,557,977,2386,1788179458529,1788179462720,4191,3463.02,198,10981694,0,840
FAIR,10,concurrent,Q1,557,977,2384,1788179458528,1788179462747,4219,3448.90,198,10981126,0,841
FAIR,10,concurrent,Q1,558,979,2391,1788179462806,1788179462815,9,4.25,0,0,5869,0
FAIR,10,concurrent,Q1,559,981,2392,1788179462823,1788179462834,11,5.91,0,0,5869,844
FAIR,10,concurrent,Q1,560,984,2393,1788179462861,1788179462865,4,1.52,0,0,844,0
FAIR,10,concurrent,Q1,561,985,2400,1788179464975,1788179465159,184,142.62,0,3269202,0,1965203
FAIR,10,concurrent,Q1,561,985,2397,1788179464975,1788179465505,530,426.97,0,13079810,0,7735803
FAIR,10,concurrent,Q1,561,985,2395,1788179464974,1788179465508,534,423.20,0,13077410,0,7743802
FAIR,10,concurrent,Q1,561,985,2398,1788179464975,1788179465511,536,434.28,0,13078244,0,7738877
FAIR,10,concurrent,Q1,561,985,2399,1788179464975,1788179465522,547,440.16,0,13078900,0,7743364
FAIR,10,concurrent,Q1,561,985,2396,1788179464975,1788179465529,554,437.72,0,13078846,0,7738331
FAIR,10,concurrent,Q1,561,985,2394,1788179464974,1788179465531,557,441.27,0,13078278,0,7750473
FAIR,10,concurrent,Q1,562,986,2401,1788179464979,1788179465046,67,34.63,0,1484824,0,0
FAIR,10,concurrent,Q3,563,987,2402,1788179465084,1788179465447,363,312.80,0,11640628,0,1604055
FAIR,10,concurrent,Q3,564,989,2403,1788179465464,1788179465507,43,31.99,0,0,1604055,0
FAIR,10,concurrent,Q3,565,991,2404,1788179465613,1788179465689,76,64.82,0,0,2898550,0
FAIR,10,concurrent,Q3,565,991,2411,1788179465613,1788179465690,77,67.47,0,0,2910947,0
FAIR,10,concurrent,Q3,565,991,2409,1788179465613,1788179465698,85,66.79,0,0,2895639,0
FAIR,10,concurrent,Q3,565,991,2412,1788179465613,1788179465699,86,70.27,0,0,2908811,0
FAIR,10,concurrent,Q3,565,991,2410,1788179465613,1788179465702,89,66.08,0,0,2886189,0
FAIR,10,concurrent,Q3,565,991,2416,1788179465613,1788179465706,93,70.38,0,0,2929089,0
FAIR,10,concurrent,Q3,565,991,2415,1788179465613,1788179465708,95,67.83,0,0,2888143,0
FAIR,10,concurrent,Q3,565,991,2406,1788179465613,1788179465710,97,72.78,0,0,2899714,0
FAIR,10,concurrent,Q3,565,991,2414,1788179465613,1788179465721,108,67.27,0,0,2909695,0
FAIR,10,concurrent,Q3,565,991,2405,1788179465613,1788179465724,111,71.16,0,0,2919240,0
FAIR,10,concurrent,Q3,565,991,2407,1788179465613,1788179465726,113,64.32,0,0,2887662,0
FAIR,10,concurrent,Q3,565,991,2417,1788179465613,1788179465727,114,68.18,0,0,2941007,0
FAIR,10,concurrent,Q3,565,991,2413,1788179465613,1788179465728,115,65.47,0,0,2895551,0
FAIR,10,concurrent,Q3,565,991,2420,1788179465687,1788179465737,50,42.46,0,0,1923841,0
FAIR,10,concurrent,Q3,565,991,2418,1788179465613,1788179465737,124,63.19,0,0,2925625,0
FAIR,10,concurrent,Q3,565,991,2408,1788179465613,1788179465744,131,65.30,0,0,2898701,0
FAIR,10,concurrent,Q3,565,991,2419,1788179465684,1788179465765,81,53.11,0,0,2897449,0
FAIR,10,concurrent,Q3,566,992,2427,1788179467745,1788179467841,96,56.83,0,3298702,0,79
FAIR,10,concurrent,Q3,566,992,2425,1788179467744,1788179468050,306,190.68,0,13196308,0,79
FAIR,10,concurrent,Q3,566,992,2423,1788179467744,1788179468051,307,194.03,0,13196906,0,79
FAIR,10,concurrent,Q3,566,992,2424,1788179467744,1788179468051,307,191.21,0,13197882,0,79
FAIR,10,concurrent,Q3,566,992,2426,1788179467745,1788179468052,307,193.47,0,13196956,0,79
FAIR,10,concurrent,Q3,566,992,2422,1788179467744,1788179468052,308,199.50,0,13195474,0,79
FAIR,10,concurrent,Q3,566,992,2421,1788179467743,1788179468052,309,196.05,0,13196314,0,79
FAIR,10,concurrent,Q6,567,994,2428,1788179468066,1788179468068,2,0.72,0,0,553,0
FAIR,10,concurrent,Q12,568,995,2429,1788179470525,1788179471211,686,624.70,0,3317556,0,14534997
FAIR,10,concurrent,Q12,569,996,2436,1788179470533,1788179470677,144,93.23,0,3825626,0,26922
FAIR,10,concurrent,Q12,569,996,2431,1788179470531,1788179470937,406,272.79,0,15303234,0,58962
FAIR,10,concurrent,Q12,569,996,2430,1788179470531,1788179470946,415,277.00,0,15304022,0,59807
FAIR,10,concurrent,Q12,569,996,2432,1788179470532,1788179470947,415,271.47,0,15304618,0,58647
FAIR,10,concurrent,Q12,569,996,2434,1788179470532,1788179470948,416,271.16,0,15304056,0,58481
FAIR,10,concurrent,Q12,569,996,2433,1788179470532,1788179470951,419,272.99,0,15305646,0,57595
FAIR,10,concurrent,Q12,569,996,2435,1788179470532,1788179470954,422,276.73,0,15304688,0,59166
FAIR,10,concurrent,Q12,570,998,2437,1788179470986,1788179471003,17,13.28,0,0,379580,0
FAIR,10,concurrent,Q12,571,1000,2443,1788179471233,1788179471274,41,34.74,0,0,1014559,154
FAIR,10,concurrent,Q12,571,1000,2441,1788179471233,1788179471277,44,36.73,0,0,1090847,154
FAIR,10,concurrent,Q12,571,1000,2449,1788179471234,1788179471278,44,38.68,0,0,1020274,154
FAIR,10,concurrent,Q12,571,1000,2448,1788179471233,1788179471279,46,38.28,0,0,1021753,154
FAIR,10,concurrent,Q12,571,1000,2444,1788179471233,1788179471281,48,37.20,0,0,1021566,154
FAIR,10,concurrent,Q12,571,1000,2440,1788179471233,1788179471283,50,36.55,0,0,1087458,154
FAIR,10,concurrent,Q12,571,1000,2442,1788179471233,1788179471283,50,37.20,0,0,1015054,154
FAIR,10,concurrent,Q12,571,1000,2445,1788179471233,1788179471289,56,33.66,0,0,1016185,154
FAIR,10,concurrent,Q12,571,1000,2438,1788179471233,1788179471292,59,37.56,0,0,1092283,154
FAIR,10,concurrent,Q12,571,1000,2439,1788179471233,1788179471292,59,40.32,0,0,1090764,154
FAIR,10,concurrent,Q12,571,1000,2446,1788179471233,1788179471297,64,35.54,0,0,1018284,154
FAIR,10,concurrent,Q12,571,1000,2450,1788179471234,1788179471297,63,36.68,0,0,1015360,154
FAIR,10,concurrent,Q12,571,1000,2451,1788179471234,1788179471303,69,34.30,0,0,1015509,154
FAIR,10,concurrent,Q12,571,1000,2447,1788179471233,1788179471303,70,34.61,0,0,1015101,154
FAIR,10,concurrent,Q12,572,1003,2452,1788179471332,1788179471340,8,2.23,0,0,2156,0
FAIR,10,concurrent,Q12,573,1006,2453,1788179471344,1788179471351,7,2.41,0,0,2156,154
FAIR,10,concurrent,Q12,574,1010,2454,1788179471374,1788179471379,5,1.34,0,0,154,0
FAIR,10,concurrent,Q12,575,1011,2455,1788179473447,1788179473530,83,48.97,0,1244534,0,0
FAIR,10,concurrent,Q14,576,1012,2462,1788179473622,1788179473719,97,44.19,0,3269202,0,101
FAIR,10,concurrent,Q14,576,1012,2460,1788179473621,1788179474247,626,181.24,0,13078244,0,99
FAIR,10,concurrent,Q14,576,1012,2459,1788179473621,1788179474247,626,177.13,0,13079810,0,99
FAIR,10,concurrent,Q14,576,1012,2457,1788179473621,1788179474247,626,181.87,0,13077410,0,99
FAIR,10,concurrent,Q14,576,1012,2461,1788179473622,1788179474250,628,188.40,0,13078900,0,99
FAIR,10,concurrent,Q14,576,1012,2458,1788179473621,1788179474250,629,181.81,0,13078846,0,99
FAIR,10,concurrent,Q14,576,1012,2456,1788179473621,1788179474252,631,184.86,0,13078278,0,99
FAIR,10,concurrent,Q14,577,1014,2463,1788179474267,1788179474269,2,0.92,0,0,695,0
FAIR,10,concurrent,Q18,578,1015,2464,1788179476578,1788179478328,1750,1183.98,126,14589748,0,30886715
FAIR,10,concurrent,Q18,579,1016,2465,1788179476590,1788179476775,185,66.72,0,784744,0,0
FAIR,10,concurrent,Q18,580,1017,2472,1788179476595,1788179477361,766,454.98,97,1669066,0,2548115
FAIR,10,concurrent,Q18,580,1017,2468,1788179476594,1788179478843,2249,1527.97,186,6678222,0,8201066
FAIR,10,concurrent,Q18,580,1017,2471,1788179476595,1788179478890,2295,1522.79,197,6678296,0,8202194
FAIR,10,concurrent,Q18,580,1017,2466,1788179476593,1788179478911,2318,1554.11,197,6677674,0,8204481
FAIR,10,concurrent,Q18,580,1017,2469,1788179476594,1788179478925,2331,1598.05,197,6679174,0,8197511
FAIR,10,concurrent,Q18,580,1017,2467,1788179476594,1788179478933,2339,1572.30,197,6676794,0,8204443
FAIR,10,concurrent,Q18,580,1017,2470,1788179476594,1788179478939,2345,1539.04,197,6677620,0,8197158
FAIR,10,concurrent,Q18,581,1018,2479,1788179476759,1788179477187,428,178.91,97,1669066,0,2238587
FAIR,10,concurrent,Q18,581,1018,2476,1788179476600,1788179477971,1371,642.37,97,6679174,0,8873847
FAIR,10,concurrent,Q18,581,1018,2475,1788179476599,1788179477976,1377,660.41,97,6678222,0,8873447
FAIR,10,concurrent,Q18,581,1018,2478,1788179476601,1788179478004,1403,647.61,97,6678296,0,8872181
FAIR,10,concurrent,Q18,581,1018,2474,1788179476598,1788179478063,1465,660.09,112,6676794,0,8874749
FAIR,10,concurrent,Q18,581,1018,2473,1788179476598,1788179478100,1502,657.64,126,6677674,0,8874676
FAIR,10,concurrent,Q18,581,1018,2477,1788179476600,1788179478133,1533,638.53,126,6677620,0,8872119
FAIR,10,concurrent,Q18,582,1022,2489,1788179479059,1788179480216,1157,409.68,62,0,11396280,0
FAIR,10,concurrent,Q18,582,1022,2483,1788179479058,1788179480497,1439,1017.50,73,0,11397674,0
FAIR,10,concurrent,Q18,582,1022,2484,1788179479059,1788179480498,1439,967.85,73,0,11393041,0
FAIR,10,concurrent,Q18,582,1022,2486,1788179479059,1788179480539,1480,983.07,80,0,11338468,0
FAIR,10,concurrent,Q18,582,1022,2493,1788179479059,1788179480546,1487,981.58,80,0,11431888,0
FAIR,10,concurrent,Q18,582,1022,2491,1788179479059,1788179480595,1536,975.90,80,0,11356291,0
FAIR,10,concurrent,Q18,582,1022,2494,1788179479059,1788179480606,1547,963.86,80,0,11412119,0
FAIR,10,concurrent,Q18,582,1022,2485,1788179479059,1788179480636,1577,972.63,80,0,11347331,0
FAIR,10,concurrent,Q18,582,1022,2480,1788179479058,1788179480689,1631,989.35,80,0,11410837,0
FAIR,10,concurrent,Q18,582,1022,2492,1788179479059,1788179480712,1653,965.10,80,0,11430722,0
FAIR,10,concurrent,Q18,582,1022,2481,1788179479058,1788179480767,1709,988.86,80,0,11440429,0
FAIR,10,concurrent,Q18,582,1022,2490,1788179479059,1788179480797,1738,912.33,80,0,11410383,0
FAIR,10,concurrent,Q18,582,1022,2487,1788179479059,1788179480798,1739,918.13,80,0,11425234,0
FAIR,10,concurrent,Q18,582,1022,2482,1788179479058,1788179480827,1769,936.62,80,0,11328172,0
FAIR,10,concurrent,Q18,582,1022,2488,1788179479059,1788179480843,1784,874.87,80,0,11413836,0
FAIR,10,concurrent,Q18,582,1022,2496,1788179480493,1788179480959,466,402.91,7,0,7589199,0
FAIR,10,concurrent,Q18,582,1022,2495,1788179480209,1788179481013,804,674.39,18,0,11354353,0
FAIR,11,concurrent,compaction,583,1023,2497,1788179520070,1788179544736,24666,18986.82,721,175454639,0,0
FAIR,11,concurrent,Q1,584,1024,2504,1788179522472,1788179523707,1235,926.50,71,2744914,0,845
FAIR,11,concurrent,Q1,584,1024,2502,1788179522472,1788179526622,4150,3342.95,208,10981092,0,819
FAIR,11,concurrent,Q1,584,1024,2499,1788179522471,1788179526651,4180,3285.04,208,10980258,0,840
FAIR,11,concurrent,Q1,584,1024,2503,1788179522472,1788179526677,4205,3308.09,213,10981748,0,840
FAIR,11,concurrent,Q1,584,1024,2498,1788179522471,1788179526678,4207,3291.09,213,10981126,0,841
FAIR,11,concurrent,Q1,584,1024,2500,1788179522471,1788179526720,4249,3312.30,213,10981694,0,840
FAIR,11,concurrent,Q1,584,1024,2501,1788179522471,1788179526738,4267,3337.15,213,10982658,0,844
FAIR,11,concurrent,Q1,585,1026,2505,1788179526795,1788179526804,9,4.69,0,0,5869,0
FAIR,11,concurrent,Q1,586,1028,2506,1788179526814,1788179526822,8,3.50,0,0,5869,844
FAIR,11,concurrent,Q1,587,1031,2507,1788179526836,1788179526840,4,1.18,0,0,844,0
FAIR,11,concurrent,Q1,588,1032,2514,1788179528752,1788179528946,194,154.29,0,3269202,0,1965203
FAIR,11,concurrent,Q1,588,1032,2513,1788179528752,1788179529451,699,487.24,100,13078900,0,7743364
FAIR,11,concurrent,Q1,588,1032,2509,1788179528751,1788179529454,703,473.74,100,13077410,0,7743802
FAIR,11,concurrent,Q1,588,1032,2511,1788179528751,1788179529461,710,488.04,100,13079810,0,7735803
FAIR,11,concurrent,Q1,588,1032,2512,1788179528752,1788179529462,710,480.97,100,13078244,0,7738877
FAIR,11,concurrent,Q1,588,1032,2510,1788179528751,1788179529463,712,476.62,100,13078846,0,7738331
FAIR,11,concurrent,Q1,588,1032,2508,1788179528751,1788179529467,716,472.36,100,13078278,0,7750473
FAIR,11,concurrent,Q1,589,1033,2515,1788179528756,1788179528829,73,34.55,0,1484824,0,0
FAIR,11,concurrent,Q1,590,1034,2516,1788179528880,1788179529266,386,334.63,0,11640628,0,1604055
FAIR,11,concurrent,Q3,591,1036,2517,1788179529407,1788179529469,62,50.84,0,0,1604055,0
FAIR,11,concurrent,Q3,592,1038,2525,1788179529577,1788179529647,70,61.43,0,0,2910947,0
FAIR,11,concurrent,Q3,592,1038,2532,1788179529577,1788179529648,71,62.78,0,0,2925625,0
FAIR,11,concurrent,Q3,592,1038,2527,1788179529577,1788179529652,75,61.15,0,0,2895551,0
FAIR,11,concurrent,Q3,592,1038,2518,1788179529577,1788179529652,75,62.79,0,0,2898550,0
FAIR,11,concurrent,Q3,592,1038,2519,1788179529577,1788179529660,83,62.02,0,0,2919240,0
FAIR,11,concurrent,Q3,592,1038,2522,1788179529577,1788179529664,87,67.22,0,0,2898701,0
FAIR,11,concurrent,Q3,592,1038,2529,1788179529577,1788179529664,87,62.59,0,0,2888143,0
FAIR,11,concurrent,Q3,592,1038,2526,1788179529577,1788179529666,89,64.04,0,0,2908811,0
FAIR,11,concurrent,Q3,592,1038,2524,1788179529577,1788179529671,94,64.48,0,0,2886189,0
FAIR,11,concurrent,Q3,592,1038,2528,1788179529577,1788179529675,98,63.09,0,0,2909695,0
FAIR,11,concurrent,Q3,592,1038,2531,1788179529577,1788179529682,105,65.05,0,0,2941007,0
FAIR,11,concurrent,Q3,592,1038,2523,1788179529577,1788179529688,111,67.11,0,0,2895639,0
FAIR,11,concurrent,Q3,592,1038,2521,1788179529577,1788179529691,114,65.95,0,0,2887662,0
FAIR,11,concurrent,Q3,592,1038,2520,1788179529577,1788179529699,122,68.12,0,0,2899714,0
FAIR,11,concurrent,Q3,592,1038,2530,1788179529577,1788179529699,122,69.22,0,0,2929089,0
FAIR,11,concurrent,Q3,592,1038,2534,1788179529647,1788179529708,61,48.70,0,0,1923841,0
FAIR,11,concurrent,Q3,592,1038,2533,1788179529645,1788179529725,80,62.10,0,0,2897449,0
FAIR,11,concurrent,Q6,593,1039,2541,1788179532027,1788179532122,95,56.19,0,3298702,0,79
FAIR,11,concurrent,Q6,593,1039,2540,1788179532026,1788179532356,330,195.39,0,13196956,0,79
FAIR,11,concurrent,Q6,593,1039,2539,1788179532026,1788179532356,330,197.91,0,13196308,0,79
FAIR,11,concurrent,Q6,593,1039,2538,1788179532026,1788179532357,331,206.06,0,13197882,0,79
FAIR,11,concurrent,Q6,593,1039,2536,1788179532026,1788179532357,331,195.73,0,13195474,0,79
FAIR,11,concurrent,Q6,593,1039,2537,1788179532026,1788179532357,331,193.21,0,13196906,0,79
FAIR,11,concurrent,Q6,593,1039,2535,1788179532025,1788179532357,332,196.05,0,13196314,0,79
FAIR,11,concurrent,Q6,594,1041,2542,1788179532369,1788179532372,3,0.95,0,0,553,0
FAIR,11,concurrent,Q12,595,1042,2543,1788179534477,1788179535239,762,632.47,76,3317556,0,14534997
FAIR,11,concurrent,Q12,596,1043,2550,1788179534484,1788179534621,137,100.83,0,3825626,0,26922
FAIR,11,concurrent,Q12,596,1043,2549,1788179534483,1788179535001,518,299.89,76,15304688,0,59166
FAIR,11,concurrent,Q12,596,1043,2545,1788179534482,1788179535009,527,304.20,76,15303234,0,58962
FAIR,11,concurrent,Q12,596,1043,2544,1788179534482,1788179535015,533,303.01,76,15304022,0,59807
FAIR,11,concurrent,Q12,596,1043,2546,1788179534483,1788179535015,532,300.92,76,15304618,0,58647
FAIR,11,concurrent,Q12,596,1043,2547,1788179534483,1788179535015,532,304.14,76,15305646,0,57595
FAIR,11,concurrent,Q12,596,1043,2548,1788179534483,1788179535015,532,301.16,76,15304056,0,58481
FAIR,11,concurrent,Q12,597,1045,2551,1788179535042,1788179535064,22,18.78,0,0,379580,0
FAIR,11,concurrent,Q12,598,1047,2562,1788179535267,1788179535299,32,28.25,0,0,1021753,154
FAIR,11,concurrent,Q12,598,1047,2563,1788179535267,1788179535304,37,31.67,0,0,1020274,154
FAIR,11,concurrent,Q12,598,1047,2556,1788179535266,1788179535305,39,32.39,0,0,1015054,154
FAIR,11,concurrent,Q12,598,1047,2553,1788179535266,1788179535306,40,34.94,0,0,1090764,154
FAIR,11,concurrent,Q12,598,1047,2552,1788179535266,1788179535307,41,34.75,0,0,1092283,154
FAIR,11,concurrent,Q12,598,1047,2564,1788179535267,1788179535307,40,33.27,0,0,1015360,154
FAIR,11,concurrent,Q12,598,1047,2557,1788179535266,1788179535308,42,32.40,0,0,1014559,154
FAIR,11,concurrent,Q12,598,1047,2555,1788179535266,1788179535308,42,33.89,0,0,1090847,154
FAIR,11,concurrent,Q12,598,1047,2554,1788179535266,1788179535309,43,34.82,0,0,1087458,154
FAIR,11,concurrent,Q12,598,1047,2561,1788179535266,1788179535310,44,35.22,0,0,1015101,154
FAIR,11,concurrent,Q12,598,1047,2565,1788179535267,1788179535310,43,32.43,0,0,1015509,154
FAIR,11,concurrent,Q12,598,1047,2558,1788179535266,1788179535310,44,32.90,0,0,1021566,154
FAIR,11,concurrent,Q12,598,1047,2560,1788179535266,1788179535310,44,34.53,0,0,1018284,154
FAIR,11,concurrent,Q12,598,1047,2559,1788179535266,1788179535312,46,31.94,0,0,1016185,154
FAIR,11,concurrent,Q12,599,1050,2566,1788179535339,1788179535343,4,1.73,0,0,2156,0
FAIR,11,concurrent,Q12,600,1053,2567,1788179535348,1788179535355,7,2.58,0,0,2156,154
FAIR,11,concurrent,Q12,601,1057,2568,1788179535371,1788179535374,3,1.10,0,0,154,0
FAIR,11,concurrent,Q14,602,1058,2569,1788179537836,1788179537926,90,54.21,0,1244534,0,0
FAIR,11,concurrent,Q14,603,1059,2576,1788179538069,1788179538178,109,46.94,0,3269202,0,101
FAIR,11,concurrent,Q14,603,1059,2570,1788179538067,1788179538460,393,169.12,0,13078278,0,99
FAIR,11,concurrent,Q14,603,1059,2572,1788179538068,1788179538471,403,170.57,0,13078846,0,99
FAIR,11,concurrent,Q14,603,1059,2573,1788179538068,1788179538471,403,174.17,0,13079810,0,99
FAIR,11,concurrent,Q14,603,1059,2574,1788179538069,1788179538471,402,173.25,0,13078244,0,99
FAIR,11,concurrent,Q14,603,1059,2575,1788179538069,1788179538472,403,171.35,0,13078900,0,99
FAIR,11,concurrent,Q14,603,1059,2571,1788179538068,1788179538472,404,177.52,0,13077410,0,99
FAIR,11,concurrent,Q14,604,1061,2577,1788179538489,1788179538493,4,1.25,0,0,695,0
FAIR,11,concurrent,Q14,605,1062,2578,1788179540529,1788179542228,1699,1088.44,100,14589748,0,30886715
FAIR,11,concurrent,Q14,606,1063,2579,1788179540545,1788179540764,219,65.72,0,784744,0,0
FAIR,11,concurrent,Q14,607,1064,2586,1788179540548,1788179541215,667,480.89,42,1669066,0,2548115
FAIR,11,concurrent,Q14,607,1064,2583,1788179540547,1788179542895,2348,1505.70,119,6679174,0,8197511
FAIR,11,concurrent,Q14,607,1064,2584,1788179540548,1788179542912,2364,1489.78,119,6677620,0,8197158
FAIR,11,concurrent,Q14,607,1064,2580,1788179540547,1788179542919,2372,1479.08,119,6677674,0,8204481
FAIR,11,concurrent,Q14,607,1064,2585,1788179540548,1788179542928,2380,1487.65,119,6678296,0,8202194
FAIR,11,concurrent,Q14,607,1064,2582,1788179540547,1788179542977,2430,1468.93,119,6678222,0,8201066
FAIR,11,concurrent,Q14,607,1064,2581,1788179540547,1788179543016,2469,1402.68,119,6676794,0,8204443
FAIR,11,concurrent,Q14,608,1065,2593,1788179540747,1788179541215,468,194.84,42,1669066,0,2238587
FAIR,11,concurrent,Q14,608,1065,2588,1788179540553,1788179541961,1408,610.85,100,6676794,0,8874749
FAIR,11,concurrent,Q14,608,1065,2590,1788179540553,1788179541972,1419,637.01,100,6679174,0,8873847
FAIR,11,concurrent,Q14,608,1065,2592,1788179540554,1788179542050,1496,616.85,100,6678296,0,8872181
FAIR,11,concurrent,Q14,608,1065,2591,1788179540554,1788179542055,1501,626.29,100,6677620,0,8872119
FAIR,11,concurrent,Q14,608,1065,2589,1788179540553,1788179542091,1538,625.88,100,6678222,0,8873447
FAIR,11,concurrent,Q14,608,1065,2587,1788179540552,1788179542108,1556,614.28,100,6677674,0,8874676
FAIR,11,concurrent,Q18,609,1069,2603,1788179543089,1788179543800,711,400.70,29,0,11396280,0
FAIR,11,concurrent,Q18,609,1069,2605,1788179543089,1788179544531,1442,1001.58,87,0,11356291,0
FAIR,11,concurrent,Q18,609,1069,2595,1788179543088,1788179544548,1460,1023.34,87,0,11440429,0
FAIR,11,concurrent,Q18,609,1069,2604,1788179543089,1788179544560,1471,980.31,87,0,11410383,0
FAIR,11,concurrent,Q18,609,1069,2608,1788179543089,1788179544660,1571,980.89,93,0,11412119,0
FAIR,11,concurrent,Q18,609,1069,2600,1788179543089,1788179544662,1573,986.16,93,0,11338468,0
FAIR,11,concurrent,Q18,609,1069,2598,1788179543089,1788179544693,1604,943.10,97,0,11393041,0
FAIR,11,concurrent,Q18,609,1069,2602,1788179543089,1788179544694,1605,922.18,97,0,11413836,0
FAIR,11,concurrent,Q18,609,1069,2601,1788179543089,1788179544715,1626,928.43,97,0,11425234,0
FAIR,11,concurrent,Q18,609,1069,2607,1788179543089,1788179544752,1663,976.11,97,0,11431888,0
FAIR,11,concurrent,Q18,609,1069,2596,1788179543088,1788179544798,1710,950.05,97,0,11328172,0
FAIR,11,concurrent,Q18,609,1069,2597,1788179543088,1788179544852,1764,955.99,97,0,11397674,0
FAIR,11,concurrent,Q18,609,1069,2594,1788179543088,1788179544879,1791,959.49,97,0,11410837,0
FAIR,11,concurrent,Q18,609,1069,2606,1788179543089,1788179544911,1822,913.01,97,0,11430722,0
FAIR,11,concurrent,Q18,609,1069,2599,1788179543089,1788179544992,1903,862.90,97,0,11347331,0
FAIR,11,concurrent,Q18,609,1069,2610,1788179544524,1788179545018,494,384.00,10,0,7589199,0
FAIR,11,concurrent,Q18,609,1069,2609,1788179543797,1788179545025,1228,771.87,68,0,11354353,0
FAIR,11,baseline,Q1,610,1070,2617,1788179582853,1788179583911,1058,919.85,42,2744914,0,845
FAIR,11,baseline,Q1,610,1070,2613,1788179582852,1788179586585,3733,3188.48,160,10981694,0,840
FAIR,11,baseline,Q1,610,1070,2611,1788179582851,1788179586586,3735,3255.31,160,10981126,0,841
FAIR,11,baseline,Q1,610,1070,2614,1788179582852,1788179586592,3740,3221.03,160,10982658,0,844
FAIR,11,baseline,Q1,610,1070,2615,1788179582853,1788179586593,3740,3252.62,160,10981092,0,819
FAIR,11,baseline,Q1,610,1070,2612,1788179582852,1788179586593,3741,3256.42,160,10980258,0,840
FAIR,11,baseline,Q1,610,1070,2616,1788179582853,1788179586598,3745,3245.52,160,10981748,0,840
FAIR,11,baseline,Q1,611,1072,2618,1788179586641,1788179586649,8,4.51,0,0,5869,0
FAIR,11,baseline,Q1,612,1074,2619,1788179586656,1788179586664,8,4.04,0,0,5869,844
FAIR,11,baseline,Q1,613,1077,2620,1788179586685,1788179586691,6,1.62,0,0,844,0
FAIR,11,baseline,Q3,614,1078,2627,1788179588858,1788179589050,192,147.61,0,3269202,0,1965203
FAIR,11,baseline,Q3,614,1078,2624,1788179588857,1788179589424,567,441.04,0,13079810,0,7735803
FAIR,11,baseline,Q3,614,1078,2621,1788179588856,1788179589429,573,439.26,0,13078278,0,7750473
FAIR,11,baseline,Q3,614,1078,2622,1788179588857,1788179589432,575,445.79,0,13077410,0,7743802
FAIR,11,baseline,Q3,614,1078,2626,1788179588858,1788179589432,574,446.38,0,13078900,0,7743364
FAIR,11,baseline,Q3,614,1078,2623,1788179588857,1788179589435,578,446.77,0,13078846,0,7738331
FAIR,11,baseline,Q3,614,1078,2625,1788179588858,1788179589438,580,447.89,0,13078244,0,7738877
FAIR,11,baseline,Q3,615,1079,2628,1788179588861,1788179588939,78,33.56,0,1484824,0,0
FAIR,11,baseline,Q3,616,1080,2629,1788179588973,1788179589350,377,324.18,0,11640628,0,1604055
FAIR,11,baseline,Q3,617,1082,2630,1788179589366,1788179589417,51,34.55,0,0,1604055,0
FAIR,11,baseline,Q3,618,1084,2644,1788179589548,1788179589632,84,68.50,0,0,2941007,0
FAIR,11,baseline,Q3,618,1084,2645,1788179589549,1788179589634,85,66.81,0,0,2925625,0
FAIR,11,baseline,Q3,618,1084,2631,1788179589546,1788179589640,94,69.86,0,0,2898550,0
FAIR,11,baseline,Q3,618,1084,2639,1788179589548,1788179589641,93,65.87,0,0,2908811,0
FAIR,11,baseline,Q3,618,1084,2646,1788179589549,1788179589642,93,65.57,0,0,2897449,0
FAIR,11,baseline,Q3,618,1084,2640,1788179589548,1788179589642,94,66.37,0,0,2895551,0
FAIR,11,baseline,Q3,618,1084,2641,1788179589548,1788179589649,101,66.68,0,0,2909695,0
FAIR,11,baseline,Q3,618,1084,2635,1788179589547,1788179589653,106,66.79,0,0,2898701,0
FAIR,11,baseline,Q3,618,1084,2638,1788179589548,1788179589658,110,68.76,0,0,2910947,0
FAIR,11,baseline,Q3,618,1084,2634,1788179589547,1788179589658,111,66.05,0,0,2887662,0
FAIR,11,baseline,Q3,618,1084,2636,1788179589547,1788179589658,111,68.24,0,0,2895639,0
FAIR,11,baseline,Q3,618,1084,2643,1788179589548,1788179589661,113,66.87,0,0,2929089,0
FAIR,11,baseline,Q3,618,1084,2632,1788179589547,1788179589672,125,69.75,0,0,2919240,0
FAIR,11,baseline,Q3,618,1084,2633,1788179589547,1788179589682,135,60.94,0,0,2899714,0
FAIR,11,baseline,Q3,618,1084,2637,1788179589548,1788179589685,137,61.86,0,0,2886189,0
FAIR,11,baseline,Q3,618,1084,2642,1788179589548,1788179589687,139,60.96,0,0,2888143,0
FAIR,11,baseline,Q3,618,1084,2647,1788179589627,1788179589689,62,40.96,0,0,1923841,0
FAIR,11,baseline,Q3,619,1085,2654,1788179591520,1788179591599,79,50.49,0,3298702,0,79
FAIR,11,baseline,Q3,619,1085,2653,1788179591520,1788179591807,287,182.09,0,13196956,0,79
FAIR,11,baseline,Q3,619,1085,2649,1788179591519,1788179591807,288,183.09,0,13195474,0,79
FAIR,11,baseline,Q3,619,1085,2652,1788179591520,1788179591808,288,180.02,0,13196308,0,79
FAIR,11,baseline,Q3,619,1085,2651,1788179591520,1788179591808,288,185.30,0,13197882,0,79
FAIR,11,baseline,Q3,619,1085,2648,1788179591519,1788179591808,289,188.73,0,13196314,0,79
FAIR,11,baseline,Q3,619,1085,2650,1788179591520,1788179591808,288,183.20,0,13196906,0,79
FAIR,11,baseline,Q6,620,1087,2655,1788179591821,1788179591823,2,0.62,0,0,553,0
FAIR,11,baseline,Q6,621,1088,2656,1788179593717,1788179594585,868,589.20,90,3317556,0,14534997
FAIR,11,baseline,Q6,622,1089,2663,1788179593724,1788179593859,135,93.30,0,3825626,0,26922
FAIR,11,baseline,Q6,622,1089,2659,1788179593724,1788179594281,557,273.28,90,15304618,0,58647
FAIR,11,baseline,Q6,622,1089,2661,1788179593724,1788179594286,562,266.56,90,15304056,0,58481
FAIR,11,baseline,Q6,622,1089,2662,1788179593724,1788179594286,562,270.01,90,15304688,0,59166
FAIR,11,baseline,Q6,622,1089,2657,1788179593723,1788179594313,590,266.42,90,15304022,0,59807
FAIR,11,baseline,Q6,622,1089,2660,1788179593724,1788179594341,617,270.13,90,15305646,0,57595
FAIR,11,baseline,Q6,622,1089,2658,1788179593723,1788179594343,620,275.45,90,15303234,0,58962
FAIR,11,baseline,Q12,623,1091,2664,1788179594357,1788179594371,14,12.36,0,0,379580,0
FAIR,11,baseline,Q12,624,1093,2678,1788179594613,1788179594652,39,32.71,0,0,1015509,154
FAIR,11,baseline,Q12,624,1093,2669,1788179594612,1788179594652,40,31.67,0,0,1015054,154
FAIR,11,baseline,Q12,624,1093,2677,1788179594613,1788179594653,40,32.49,0,0,1015360,154
FAIR,11,baseline,Q12,624,1093,2673,1788179594612,1788179594654,42,34.49,0,0,1018284,154
FAIR,11,baseline,Q12,624,1093,2667,1788179594612,1788179594656,44,34.80,0,0,1087458,154
FAIR,11,baseline,Q12,624,1093,2674,1788179594612,1788179594656,44,33.56,0,0,1015101,154
FAIR,11,baseline,Q12,624,1093,2675,1788179594613,1788179594656,43,32.18,0,0,1021753,154
FAIR,11,baseline,Q12,624,1093,2670,1788179594612,1788179594657,45,31.93,0,0,1014559,154
FAIR,11,baseline,Q12,624,1093,2668,1788179594612,1788179594658,46,34.97,0,0,1090847,154
FAIR,11,baseline,Q12,624,1093,2666,1788179594612,1788179594659,47,34.44,0,0,1090764,154
FAIR,11,baseline,Q12,624,1093,2671,1788179594612,1788179594661,49,31.84,0,0,1021566,154
FAIR,11,baseline,Q12,624,1093,2672,1788179594612,1788179594662,50,30.62,0,0,1016185,154
FAIR,11,baseline,Q12,624,1093,2665,1788179594612,1788179594665,53,29.91,0,0,1092283,154
FAIR,11,baseline,Q12,624,1093,2676,1788179594613,1788179594666,53,29.33,0,0,1020274,154
FAIR,11,baseline,Q12,625,1096,2679,1788179594689,1788179594695,6,2.10,0,0,2156,0
FAIR,11,baseline,Q12,626,1099,2680,1788179594699,1788179594704,5,2.25,0,0,2156,154
FAIR,11,baseline,Q12,627,1103,2681,1788179594723,1788179594729,6,2.13,0,0,154,0
FAIR,11,baseline,Q12,628,1104,2682,1788179596644,1788179596714,70,47.18,0,1244534,0,0
FAIR,11,baseline,Q12,629,1105,2689,1788179596797,1788179596871,74,44.43,0,3269202,0,101
FAIR,11,baseline,Q12,629,1105,2683,1788179596796,1788179597074,278,165.26,0,13078278,0,99
FAIR,11,baseline,Q12,629,1105,2686,1788179596797,1788179597074,277,161.01,0,13079810,0,99
FAIR,11,baseline,Q12,629,1105,2688,1788179596797,1788179597075,278,164.02,0,13078900,0,99
FAIR,11,baseline,Q12,629,1105,2687,1788179596797,1788179597075,278,164.19,0,13078244,0,99
FAIR,11,baseline,Q12,629,1105,2684,1788179596796,1788179597075,279,159.74,0,13077410,0,99
FAIR,11,baseline,Q12,629,1105,2685,1788179596796,1788179597075,279,168.78,0,13078846,0,99
FAIR,11,baseline,Q14,630,1107,2690,1788179597090,1788179597093,3,0.70,0,0,695,0
FAIR,11,baseline,Q14,631,1108,2691,1788179598968,1788179600635,1667,1064.45,116,14589748,0,30886715
FAIR,11,baseline,Q14,632,1109,2692,1788179598983,1788179599147,164,66.62,0,784744,0,0
FAIR,11,baseline,Q14,633,1110,2699,1788179598988,1788179599791,803,469.71,97,1669066,0,2548115
FAIR,11,baseline,Q14,633,1110,2698,1788179598988,1788179601244,2256,1469.12,116,6678296,0,8202194
FAIR,11,baseline,Q14,633,1110,2696,1788179598987,1788179601275,2288,1492.29,126,6679174,0,8197511
FAIR,11,baseline,Q14,633,1110,2697,1788179598988,1788179601286,2298,1470.10,126,6677620,0,8197158
FAIR,11,baseline,Q14,633,1110,2694,1788179598987,1788179601288,2301,1384.10,126,6676794,0,8204443
FAIR,11,baseline,Q14,633,1110,2693,1788179598986,1788179601290,2304,1413.40,126,6677674,0,8204481
FAIR,11,baseline,Q14,633,1110,2695,1788179598987,1788179601320,2333,1405.92,126,6678222,0,8201066
FAIR,11,baseline,Q14,634,1111,2706,1788179598993,1788179599337,344,202.53,0,1669066,0,2238587
FAIR,11,baseline,Q14,634,1111,2702,1788179598992,1788179600368,1376,617.17,97,6678222,0,8873447
FAIR,11,baseline,Q14,634,1111,2704,1788179598992,1788179600401,1409,632.37,97,6677620,0,8872119
FAIR,11,baseline,Q14,634,1111,2701,1788179598992,1788179600446,1454,622.50,97,6676794,0,8874749
FAIR,11,baseline,Q14,634,1111,2703,1788179598992,1788179600537,1545,615.16,110,6679174,0,8873847
FAIR,11,baseline,Q14,634,1111,2700,1788179598991,1788179600543,1552,614.68,110,6677674,0,8874676
FAIR,11,baseline,Q14,634,1111,2705,1788179598993,1788179600549,1556,611.67,110,6678296,0,8872181
FAIR,11,baseline,Q18,635,1115,2716,1788179601388,1788179602193,805,424.74,33,0,11396280,0
FAIR,11,baseline,Q18,635,1115,2711,1788179601388,1788179602795,1407,987.81,56,0,11393041,0
FAIR,11,baseline,Q18,635,1115,2710,1788179601388,1788179602800,1412,1048.04,56,0,11397674,0
FAIR,11,baseline,Q18,635,1115,2715,1788179601388,1788179602842,1454,996.17,56,0,11413836,0
FAIR,11,baseline,Q18,635,1115,2709,1788179601388,1788179602852,1464,1052.22,56,0,11328172,0
FAIR,11,baseline,Q18,635,1115,2713,1788179601388,1788179602879,1491,981.62,56,0,11338468,0
FAIR,11,baseline,Q18,635,1115,2720,1788179601388,1788179602897,1509,990.27,56,0,11431888,0
FAIR,11,baseline,Q18,635,1115,2708,1788179601388,1788179602915,1527,1013.10,56,0,11440429,0
FAIR,11,baseline,Q18,635,1115,2718,1788179601388,1788179603023,1635,982.06,60,0,11356291,0
FAIR,11,baseline,Q18,635,1115,2719,1788179601388,1788179603035,1647,1014.06,60,0,11430722,0
FAIR,11,baseline,Q18,635,1115,2707,1788179601387,1788179603060,1673,985.03,63,0,11410837,0
FAIR,11,baseline,Q18,635,1115,2714,1788179601388,1788179603070,1682,921.05,63,0,11425234,0
FAIR,11,baseline,Q18,635,1115,2717,1788179601388,1788179603071,1683,936.34,63,0,11410383,0
FAIR,11,baseline,Q18,635,1115,2712,1788179601388,1788179603093,1705,948.36,63,0,11347331,0
FAIR,11,baseline,Q18,635,1115,2723,1788179602190,1788179603107,917,517.14,30,0,7589199,0
FAIR,11,baseline,Q18,635,1115,2721,1788179601388,1788179603117,1729,899.27,63,0,11412119,0
FAIR,11,baseline,Q18,635,1115,2722,1788179601388,1788179603183,1795,786.12,63,0,11354353,0
FAIR,12,baseline,Q1,636,1116,2730,1788179640515,1788179641582,1067,927.65,46,2744914,0,845
FAIR,12,baseline,Q1,636,1116,2725,1788179640514,1788179644167,3653,3205.19,121,10980258,0,840
FAIR,12,baseline,Q1,636,1116,2727,1788179640514,1788179644203,3689,3185.18,121,10982658,0,844
FAIR,12,baseline,Q1,636,1116,2728,1788179640514,1788179644213,3699,3234.18,121,10981092,0,819
FAIR,12,baseline,Q1,636,1116,2724,1788179640514,1788179644223,3709,3213.06,121,10981126,0,841
FAIR,12,baseline,Q1,636,1116,2726,1788179640514,1788179644223,3709,3235.39,121,10981694,0,840
FAIR,12,baseline,Q1,636,1116,2729,1788179640515,1788179644244,3729,3265.08,121,10981748,0,840
FAIR,12,baseline,Q1,637,1118,2731,1788179644289,1788179644295,6,3.08,0,0,5869,0
FAIR,12,baseline,Q1,638,1120,2732,1788179644300,1788179644306,6,3.10,0,0,5869,844
FAIR,12,baseline,Q1,639,1123,2733,1788179644331,1788179644338,7,2.69,0,0,844,0
FAIR,12,baseline,Q1,640,1124,2740,1788179646172,1788179646340,168,133.83,0,3269202,0,1965203
FAIR,12,baseline,Q1,640,1124,2739,1788179646171,1788179646694,523,426.30,0,13078900,0,7743364
FAIR,12,baseline,Q1,640,1124,2735,1788179646171,1788179646705,534,427.91,0,13077410,0,7743802
FAIR,12,baseline,Q1,640,1124,2738,1788179646171,1788179646707,536,432.55,0,13078244,0,7738877
FAIR,12,baseline,Q1,640,1124,2737,1788179646171,1788179646710,539,421.73,0,13079810,0,7735803
FAIR,12,baseline,Q1,640,1124,2734,1788179646170,1788179646714,544,443.30,0,13078278,0,7750473
FAIR,12,baseline,Q1,640,1124,2736,1788179646171,1788179646714,543,428.57,0,13078846,0,7738331
FAIR,12,baseline,Q1,641,1125,2741,1788179646174,1788179646232,58,31.19,0,1484824,0,0
FAIR,12,baseline,Q1,642,1126,2742,1788179646265,1788179646612,347,295.17,0,11640628,0,1604055
FAIR,12,baseline,Q3,643,1128,2743,1788179646633,1788179646694,61,46.10,0,0,1604055,0
FAIR,12,baseline,Q3,644,1130,2747,1788179646801,1788179646874,73,62.96,0,0,2887662,0
FAIR,12,baseline,Q3,644,1130,2744,1788179646801,1788179646875,74,65.09,0,0,2898550,0
FAIR,12,baseline,Q3,644,1130,2752,1788179646801,1788179646875,74,65.50,0,0,2908811,0
FAIR,12,baseline,Q3,644,1130,2753,1788179646801,1788179646875,74,64.79,0,0,2895551,0
FAIR,12,baseline,Q3,644,1130,2751,1788179646801,1788179646880,79,67.00,0,0,2910947,0
FAIR,12,baseline,Q3,644,1130,2755,1788179646802,1788179646880,78,63.61,0,0,2888143,0
FAIR,12,baseline,Q3,644,1130,2754,1788179646802,1788179646880,78,63.92,0,0,2909695,0
FAIR,12,baseline,Q3,644,1130,2746,1788179646801,1788179646883,82,63.83,0,0,2899714,0
FAIR,12,baseline,Q3,644,1130,2758,1788179646802,1788179646885,83,64.83,0,0,2925625,0
FAIR,12,baseline,Q3,644,1130,2756,1788179646802,1788179646886,84,67.67,0,0,2929089,0
FAIR,12,baseline,Q3,644,1130,2750,1788179646801,1788179646888,87,66.16,0,0,2886189,0
FAIR,12,baseline,Q3,644,1130,2748,1788179646801,1788179646895,94,66.29,0,0,2898701,0
FAIR,12,baseline,Q3,644,1130,2759,1788179646802,1788179646900,98,64.62,0,0,2897449,0
FAIR,12,baseline,Q3,644,1130,2757,1788179646802,1788179646916,114,60.52,0,0,2941007,0
FAIR,12,baseline,Q3,644,1130,2745,1788179646801,1788179646916,115,54.39,0,0,2919240,0
FAIR,12,baseline,Q3,644,1130,2760,1788179646872,1788179646916,44,33.80,0,0,1923841,0
FAIR,12,baseline,Q3,644,1130,2749,1788179646801,1788179646921,120,57.83,0,0,2895639,0
FAIR,12,baseline,Q3,645,1131,2767,1788179648591,1788179648671,80,48.75,0,3298702,0,79
FAIR,12,baseline,Q3,645,1131,2765,1788179648590,1788179648852,262,170.52,0,13196308,0,79
FAIR,12,baseline,Q3,645,1131,2764,1788179648590,1788179648854,264,172.32,0,13197882,0,79
FAIR,12,baseline,Q3,645,1131,2766,1788179648591,1788179648857,266,171.42,0,13196956,0,79
FAIR,12,baseline,Q3,645,1131,2762,1788179648590,1788179648859,269,176.01,0,13195474,0,79
FAIR,12,baseline,Q3,645,1131,2761,1788179648589,1788179648862,273,178.30,0,13196314,0,79
FAIR,12,baseline,Q3,645,1131,2763,1788179648590,1788179648865,275,184.57,0,13196906,0,79
FAIR,12,baseline,Q3,646,1133,2768,1788179648874,1788179648876,2,0.69,0,0,553,0
FAIR,12,baseline,Q6,647,1134,2769,1788179650813,1788179651475,662,538.33,77,3317556,0,14534997
FAIR,12,baseline,Q6,648,1135,2776,1788179650819,1788179650938,119,90.10,0,3825626,0,26922
FAIR,12,baseline,Q6,648,1135,2774,1788179650818,1788179651244,426,249.24,77,15304056,0,58481
FAIR,12,baseline,Q6,648,1135,2775,1788179650819,1788179651255,436,249.76,77,15304688,0,59166
FAIR,12,baseline,Q6,648,1135,2771,1788179650818,1788179651256,438,249.44,77,15303234,0,58962
FAIR,12,baseline,Q6,648,1135,2770,1788179650818,1788179651256,438,251.21,77,15304022,0,59807
FAIR,12,baseline,Q6,648,1135,2773,1788179650818,1788179651258,440,248.62,77,15305646,0,57595
FAIR,12,baseline,Q6,648,1135,2772,1788179650818,1788179651259,441,251.63,77,15304618,0,58647
FAIR,12,baseline,Q12,649,1137,2777,1788179651277,1788179651291,14,11.89,0,0,379580,0
FAIR,12,baseline,Q12,650,1139,2790,1788179651497,1788179651526,29,26.31,0,0,1015360,154
FAIR,12,baseline,Q12,650,1139,2784,1788179651497,1788179651533,36,32.43,0,0,1021566,154
FAIR,12,baseline,Q12,650,1139,2781,1788179651496,1788179651535,39,32.73,0,0,1090847,154
FAIR,12,baseline,Q12,650,1139,2785,1788179651497,1788179651537,40,30.63,0,0,1016185,154
FAIR,12,baseline,Q12,650,1139,2786,1788179651497,1788179651537,40,31.40,0,0,1018284,154
FAIR,12,baseline,Q12,650,1139,2778,1788179651496,1788179651538,42,32.18,0,0,1092283,154
FAIR,12,baseline,Q12,650,1139,2783,1788179651497,1788179651538,41,30.94,0,0,1014559,154
FAIR,12,baseline,Q12,650,1139,2789,1788179651497,1788179651538,41,31.03,0,0,1020274,154
FAIR,12,baseline,Q12,650,1139,2788,1788179651497,1788179651538,41,30.95,0,0,1021753,154
FAIR,12,baseline,Q12,650,1139,2782,1788179651496,1788179651538,42,30.53,0,0,1015054,154
FAIR,12,baseline,Q12,650,1139,2779,1788179651496,1788179651539,43,32.43,0,0,1090764,154
FAIR,12,baseline,Q12,650,1139,2780,1788179651496,1788179651539,43,32.74,0,0,1087458,154
FAIR,12,baseline,Q12,650,1139,2791,1788179651497,1788179651539,42,31.03,0,0,1015509,154
FAIR,12,baseline,Q12,650,1139,2787,1788179651497,1788179651539,42,30.78,0,0,1015101,154
FAIR,12,baseline,Q12,651,1142,2792,1788179651559,1788179651563,4,1.72,0,0,2156,0
FAIR,12,baseline,Q12,652,1145,2793,1788179651568,1788179651572,4,2.26,0,0,2156,154
FAIR,12,baseline,Q12,653,1149,2794,1788179651588,1788179651591,3,1.06,0,0,154,0
FAIR,12,baseline,Q12,654,1150,2795,1788179653310,1788179653371,61,41.59,0,1244534,0,0
FAIR,12,baseline,Q12,655,1151,2802,1788179653449,1788179653524,75,43.87,0,3269202,0,101
FAIR,12,baseline,Q12,655,1151,2798,1788179653448,1788179653699,251,154.04,0,13078846,0,99
FAIR,12,baseline,Q12,655,1151,2797,1788179653448,1788179653701,253,156.24,0,13077410,0,99
FAIR,12,baseline,Q12,655,1151,2799,1788179653448,1788179653706,258,155.78,0,13079810,0,99
FAIR,12,baseline,Q12,655,1151,2796,1788179653448,1788179653706,258,159.21,0,13078278,0,99
FAIR,12,baseline,Q12,655,1151,2800,1788179653449,1788179653706,257,161.10,0,13078244,0,99
FAIR,12,baseline,Q12,655,1151,2801,1788179653449,1788179653707,258,160.15,0,13078900,0,99
FAIR,12,baseline,Q14,656,1153,2803,1788179653718,1788179653720,2,0.97,0,0,695,0
FAIR,12,baseline,Q18,657,1154,2804,1788179655797,1788179657476,1679,1120.29,122,14589748,0,30886715
FAIR,12,baseline,Q18,658,1155,2805,1788179655806,1788179656055,249,64.65,0,784744,0,0
FAIR,12,baseline,Q18,659,1156,2812,1788179655811,1788179656751,940,458.93,91,1669066,0,2548115
FAIR,12,baseline,Q18,659,1156,2807,1788179655810,1788179657982,2172,1467.16,122,6676794,0,8204443
FAIR,12,baseline,Q18,659,1156,2806,1788179655810,1788179657995,2185,1481.02,122,6677674,0,8204481
FAIR,12,baseline,Q18,659,1156,2810,1788179655811,1788179658023,2212,1478.24,122,6677620,0,8197158
FAIR,12,baseline,Q18,659,1156,2811,1788179655811,1788179658024,2213,1485.91,122,6678296,0,8202194
FAIR,12,baseline,Q18,659,1156,2808,1788179655810,1788179658025,2215,1487.36,122,6678222,0,8201066
FAIR,12,baseline,Q18,659,1156,2809,1788179655811,1788179658039,2228,1446.80,122,6679174,0,8197511
FAIR,12,baseline,Q18,660,1157,2819,1788179655824,1788179656227,403,185.15,0,1669066,0,2238587
FAIR,12,baseline,Q18,660,1157,2816,1788179655823,1788179657102,1279,604.22,91,6679174,0,8873847
FAIR,12,baseline,Q18,660,1157,2814,1788179655822,1788179657125,1303,610.08,91,6676794,0,8874749
FAIR,12,baseline,Q18,660,1157,2813,1788179655819,1788179657202,1383,629.60,91,6677674,0,8874676
FAIR,12,baseline,Q18,660,1157,2818,1788179655824,1788179657249,1425,614.83,91,6678296,0,8872181
FAIR,12,baseline,Q18,660,1157,2815,1788179655823,1788179657272,1449,628.97,105,6678222,0,8873447
FAIR,12,baseline,Q18,660,1157,2817,1788179655824,1788179657282,1458,631.90,105,6677620,0,8872119
FAIR,12,baseline,Q18,661,1161,2829,1788179658109,1788179658907,798,443.82,53,0,11396280,0
FAIR,12,baseline,Q18,661,1161,2826,1788179658109,1788179659503,1394,1056.87,79,0,11338468,0
FAIR,12,baseline,Q18,661,1161,2828,1788179658109,1788179659532,1423,995.73,79,0,11413836,0
FAIR,12,baseline,Q18,661,1161,2821,1788179658109,1788179659617,1508,1052.81,79,0,11440429,0
FAIR,12,baseline,Q18,661,1161,2824,1788179658109,1788179659628,1519,997.06,79,0,11393041,0
FAIR,12,baseline,Q18,661,1161,2827,1788179658109,1788179659641,1532,975.72,79,0,11425234,0
FAIR,12,baseline,Q18,661,1161,2825,1788179658109,1788179659658,1549,1047.22,79,0,11347331,0
FAIR,12,baseline,Q18,661,1161,2823,1788179658109,1788179659676,1567,1015.20,85,0,11397674,0
FAIR,12,baseline,Q18,661,1161,2830,1788179658109,1788179659697,1588,999.53,85,0,11410383,0
FAIR,12,baseline,Q18,661,1161,2834,1788179658109,1788179659701,1592,999.17,85,0,11412119,0
FAIR,12,baseline,Q18,661,1161,2820,1788179658108,1788179659701,1593,1054.55,85,0,11410837,0
FAIR,12,baseline,Q18,661,1161,2822,1788179658109,1788179659706,1597,987.23,85,0,11328172,0
FAIR,12,baseline,Q18,661,1161,2832,1788179658109,1788179659711,1602,1029.09,85,0,11430722,0
FAIR,12,baseline,Q18,661,1161,2835,1788179658110,1788179659738,1628,1016.51,85,0,11354353,0
FAIR,12,baseline,Q18,661,1161,2831,1788179658109,1788179659749,1640,958.57,85,0,11356291,0
FAIR,12,baseline,Q18,661,1161,2836,1788179658904,1788179659752,848,559.16,32,0,7589199,0
FAIR,12,baseline,Q18,661,1161,2833,1788179658109,1788179659781,1672,944.96,85,0,11431888,0
FAIR,12,concurrent,compaction,662,1162,2837,1788179697249,1788179721626,24377,18957.12,633,175454639,0,0
FAIR,12,concurrent,Q1,663,1163,2844,1788179699574,1788179700698,1124,902.00,82,2744914,0,845
FAIR,12,concurrent,Q1,663,1163,2839,1788179699573,1788179703622,4049,3376.30,212,10980258,0,840
FAIR,12,concurrent,Q1,663,1163,2842,1788179699574,1788179703622,4048,3358.28,212,10981092,0,819
FAIR,12,concurrent,Q1,663,1163,2841,1788179699574,1788179703671,4097,3343.43,212,10982658,0,844
FAIR,12,concurrent,Q1,663,1163,2840,1788179699573,1788179703676,4103,3373.76,212,10981694,0,840
FAIR,12,concurrent,Q1,663,1163,2843,1788179699574,1788179703681,4107,3400.65,212,10981748,0,840
FAIR,12,concurrent,Q1,663,1163,2838,1788179699573,1788179703731,4158,3401.89,212,10981126,0,841
FAIR,12,concurrent,Q1,664,1165,2845,1788179703790,1788179703798,8,3.63,0,0,5869,0
FAIR,12,concurrent,Q1,665,1167,2846,1788179703805,1788179703813,8,4.34,0,0,5869,844
FAIR,12,concurrent,Q1,666,1170,2847,1788179703832,1788179703836,4,1.30,0,0,844,0
FAIR,12,concurrent,Q3,667,1171,2854,1788179706084,1788179706262,178,141.50,0,3269202,0,1965203
FAIR,12,concurrent,Q3,667,1171,2852,1788179706084,1788179706598,514,419.51,0,13078244,0,7738877
FAIR,12,concurrent,Q3,667,1171,2850,1788179706084,1788179706608,524,422.96,0,13078846,0,7738331
FAIR,12,concurrent,Q3,667,1171,2848,1788179706083,1788179706619,536,442.05,0,13078278,0,7750473
FAIR,12,concurrent,Q3,667,1171,2853,1788179706084,1788179706620,536,425.33,0,13078900,0,7743364
FAIR,12,concurrent,Q3,667,1171,2849,1788179706083,1788179706624,541,444.74,0,13077410,0,7743802
FAIR,12,concurrent,Q3,667,1171,2851,1788179706084,1788179706633,549,443.45,0,13079810,0,7735803
FAIR,12,concurrent,Q3,668,1172,2855,1788179706087,1788179706147,60,30.45,0,1484824,0,0
FAIR,12,concurrent,Q3,669,1173,2856,1788179706181,1788179706543,362,319.57,0,11640628,0,1604055
FAIR,12,concurrent,Q3,670,1175,2857,1788179706560,1788179706604,44,32.77,0,0,1604055,0
FAIR,12,concurrent,Q3,671,1177,2860,1788179706709,1788179706783,74,66.90,0,0,2899714,0
FAIR,12,concurrent,Q3,671,1177,2861,1788179706709,1788179706786,77,66.16,0,0,2887662,0
FAIR,12,concurrent,Q3,671,1177,2862,1788179706709,1788179706787,78,66.09,0,0,2898701,0
FAIR,12,concurrent,Q3,671,1177,2869,1788179706709,1788179706788,79,65.54,0,0,2888143,0
FAIR,12,concurrent,Q3,671,1177,2864,1788179706709,1788179706788,79,66.63,0,0,2886189,0
FAIR,12,concurrent,Q3,671,1177,2866,1788179706709,1788179706789,80,65.82,0,0,2908811,0
FAIR,12,concurrent,Q3,671,1177,2868,1788179706709,1788179706792,83,61.59,0,0,2909695,0
FAIR,12,concurrent,Q3,671,1177,2871,1788179706709,1788179706793,84,64.71,0,0,2941007,0
FAIR,12,concurrent,Q3,671,1177,2872,1788179706709,1788179706798,89,66.11,0,0,2925625,0
FAIR,12,concurrent,Q3,671,1177,2867,1788179706709,1788179706802,93,63.14,0,0,2895551,0
FAIR,12,concurrent,Q3,671,1177,2859,1788179706709,1788179706802,93,66.76,0,0,2919240,0
FAIR,12,concurrent,Q3,671,1177,2863,1788179706709,1788179706817,108,64.56,0,0,2895639,0
FAIR,12,concurrent,Q3,671,1177,2870,1788179706709,1788179706817,108,59.43,0,0,2929089,0
FAIR,12,concurrent,Q3,671,1177,2865,1788179706709,1788179706825,116,65.45,0,0,2910947,0
FAIR,12,concurrent,Q3,671,1177,2858,1788179706709,1788179706829,120,59.58,0,0,2898550,0
FAIR,12,concurrent,Q3,671,1177,2874,1788179706782,1788179706834,52,45.37,0,0,1923841,0
FAIR,12,concurrent,Q3,671,1177,2873,1788179706782,1788179706851,69,57.41,0,0,2897449,0
FAIR,12,concurrent,Q3,672,1178,2881,1788179708844,1788179708931,87,52.68,0,3298702,0,79
FAIR,12,concurrent,Q3,672,1178,2878,1788179708843,1788179709132,289,189.33,0,13197882,0,79
FAIR,12,concurrent,Q3,672,1178,2880,1788179708844,1788179709132,288,192.06,0,13196956,0,79
FAIR,12,concurrent,Q3,672,1178,2875,1788179708843,1788179709139,296,187.88,0,13196314,0,79
FAIR,12,concurrent,Q3,672,1178,2876,1788179708843,1788179709139,296,195.06,0,13195474,0,79
FAIR,12,concurrent,Q3,672,1178,2879,1788179708843,1788179709139,296,193.63,0,13196308,0,79
FAIR,12,concurrent,Q3,672,1178,2877,1788179708843,1788179709139,296,188.38,0,13196906,0,79
FAIR,12,concurrent,Q6,673,1180,2882,1788179709150,1788179709152,2,0.62,0,0,553,0
FAIR,12,concurrent,Q12,674,1181,2883,1788179711423,1788179712199,776,621.64,72,3317556,0,14534997
FAIR,12,concurrent,Q12,675,1182,2890,1788179711432,1788179711653,221,101.33,72,3825626,0,26922
FAIR,12,concurrent,Q12,675,1182,2884,1788179711431,1788179711964,533,284.26,72,15304022,0,59807
FAIR,12,concurrent,Q12,675,1182,2888,1788179711432,1788179711964,532,287.25,72,15304056,0,58481
FAIR,12,concurrent,Q12,675,1182,2889,1788179711432,1788179711966,534,283.53,72,15304688,0,59166
FAIR,12,concurrent,Q12,675,1182,2885,1788179711431,1788179711979,548,294.44,72,15303234,0,58962
FAIR,12,concurrent,Q12,675,1182,2887,1788179711432,1788179711981,549,295.76,72,15305646,0,57595
FAIR,12,concurrent,Q12,675,1182,2886,1788179711431,1788179711982,551,294.15,72,15304618,0,58647
FAIR,12,concurrent,Q12,676,1184,2891,1788179712010,1788179712026,16,13.73,0,0,379580,0
FAIR,12,concurrent,Q12,677,1186,2899,1788179712227,1788179712269,42,30.21,0,0,1016185,154
FAIR,12,concurrent,Q12,677,1186,2901,1788179712227,1788179712270,43,38.01,0,0,1015101,154
FAIR,12,concurrent,Q12,677,1186,2904,1788179712227,1788179712270,43,36.75,0,0,1015360,154
FAIR,12,concurrent,Q12,677,1186,2892,1788179712227,1788179712270,43,37.31,0,0,1092283,154
FAIR,12,concurrent,Q12,677,1186,2902,1788179712227,1788179712272,45,38.87,0,0,1021753,154
FAIR,12,concurrent,Q12,677,1186,2897,1788179712227,1788179712272,45,38.30,0,0,1014559,154
FAIR,12,concurrent,Q12,677,1186,2896,1788179712227,1788179712272,45,37.88,0,0,1015054,154
FAIR,12,concurrent,Q12,677,1186,2898,1788179712227,1788179712273,46,38.25,0,0,1021566,154
FAIR,12,concurrent,Q12,677,1186,2894,1788179712227,1788179712274,47,38.39,0,0,1087458,154
FAIR,12,concurrent,Q12,677,1186,2893,1788179712227,1788179712274,47,39.05,0,0,1090764,154
FAIR,12,concurrent,Q12,677,1186,2905,1788179712227,1788179712276,49,36.14,0,0,1015509,154
FAIR,12,concurrent,Q12,677,1186,2895,1788179712227,1788179712277,50,38.27,0,0,1090847,154
FAIR,12,concurrent,Q12,677,1186,2900,1788179712227,1788179712281,54,32.19,0,0,1018284,154
FAIR,12,concurrent,Q12,677,1186,2903,1788179712227,1788179712281,54,31.39,0,0,1020274,154
FAIR,12,concurrent,Q12,678,1189,2906,1788179712309,1788179712315,6,2.21,0,0,2156,0
FAIR,12,concurrent,Q12,679,1192,2907,1788179712320,1788179712325,5,2.50,0,0,2156,154
FAIR,12,concurrent,Q12,680,1196,2908,1788179712345,1788179712348,3,1.05,0,0,154,0
FAIR,12,concurrent,Q12,681,1197,2909,1788179714355,1788179714442,87,53.97,0,1244534,0,0
FAIR,12,concurrent,Q14,682,1198,2916,1788179714530,1788179714639,109,47.10,0,3269202,0,101
FAIR,12,concurrent,Q14,682,1198,2915,1788179714530,1788179714901,371,169.91,0,13078900,0,99
FAIR,12,concurrent,Q14,682,1198,2912,1788179714529,1788179714901,372,163.81,0,13078846,0,99
FAIR,12,concurrent,Q14,682,1198,2911,1788179714529,1788179714901,372,168.40,0,13077410,0,99
FAIR,12,concurrent,Q14,682,1198,2910,1788179714529,1788179714901,372,167.36,0,13078278,0,99
FAIR,12,concurrent,Q14,682,1198,2914,1788179714530,1788179714902,372,170.80,0,13078244,0,99
FAIR,12,concurrent,Q14,682,1198,2913,1788179714530,1788179714902,372,168.71,0,13079810,0,99
FAIR,12,concurrent,Q14,683,1200,2917,1788179714922,1788179714929,7,2.65,0,0,695,0
FAIR,12,concurrent,Q18,684,1201,2918,1788179717433,1788179719044,1611,1105.50,103,14589748,0,30886715
FAIR,12,concurrent,Q18,685,1202,2919,1788179717450,1788179717612,162,67.92,0,784744,0,0
FAIR,12,concurrent,Q18,686,1203,2926,1788179717454,1788179718122,668,469.99,44,1669066,0,2548115
FAIR,12,concurrent,Q18,686,1203,2925,1788179717454,1788179719532,2078,1501.94,111,6678296,0,8202194
FAIR,12,concurrent,Q18,686,1203,2922,1788179717453,1788179719559,2106,1519.36,111,6678222,0,8201066
FAIR,12,concurrent,Q18,686,1203,2920,1788179717453,1788179719581,2128,1493.29,111,6677674,0,8204481
FAIR,12,concurrent,Q18,686,1203,2923,1788179717453,1788179719585,2132,1509.49,111,6679174,0,8197511
FAIR,12,concurrent,Q18,686,1203,2924,1788179717453,1788179719590,2137,1537.73,111,6677620,0,8197158
FAIR,12,concurrent,Q18,686,1203,2921,1788179717453,1788179719607,2154,1504.92,111,6676794,0,8204443
FAIR,12,concurrent,Q18,687,1204,2933,1788179717601,1788179717960,359,186.71,0,1669066,0,2238587
FAIR,12,concurrent,Q18,687,1204,2927,1788179717459,1788179718810,1351,662.87,93,6677674,0,8874676
FAIR,12,concurrent,Q18,687,1204,2931,1788179717460,1788179718854,1394,633.37,93,6677620,0,8872119
FAIR,12,concurrent,Q18,687,1204,2930,1788179717460,1788179718868,1408,651.17,93,6679174,0,8873847
FAIR,12,concurrent,Q18,687,1204,2929,1788179717460,1788179718873,1413,642.04,93,6678222,0,8873447
FAIR,12,concurrent,Q18,687,1204,2928,1788179717459,1788179718873,1414,651.83,93,6676794,0,8874749
FAIR,12,concurrent,Q18,687,1204,2932,1788179717461,1788179718916,1455,634.22,93,6678296,0,8872181
FAIR,12,concurrent,Q18,688,1208,2943,1788179719676,1788179720548,872,412.46,45,0,11396280,0
FAIR,12,concurrent,Q18,688,1208,2946,1788179719676,1788179721058,1382,995.88,75,0,11430722,0
FAIR,12,concurrent,Q18,688,1208,2948,1788179719676,1788179721185,1509,984.72,128,0,11412119,0
FAIR,12,concurrent,Q18,688,1208,2947,1788179719676,1788179721212,1536,1013.42,128,0,11431888,0
FAIR,12,concurrent,Q18,688,1208,2935,1788179719675,1788179721288,1613,1012.96,128,0,11440429,0
FAIR,12,concurrent,Q18,688,1208,2940,1788179719676,1788179721313,1637,967.53,128,0,11338468,0
FAIR,12,concurrent,Q18,688,1208,2941,1788179719676,1788179721329,1653,939.28,128,0,11425234,0
FAIR,12,concurrent,Q18,688,1208,2936,1788179719675,1788179721334,1659,968.64,128,0,11328172,0
FAIR,12,concurrent,Q18,688,1208,2934,1788179719675,1788179721339,1664,1000.48,128,0,11410837,0
FAIR,12,concurrent,Q18,688,1208,2944,1788179719676,1788179721343,1667,959.45,128,0,11410383,0
FAIR,12,concurrent,Q18,688,1208,2937,1788179719676,1788179721345,1669,985.49,128,0,11397674,0
FAIR,12,concurrent,Q18,688,1208,2945,1788179719676,1788179721362,1686,936.81,128,0,11356291,0
FAIR,12,concurrent,Q18,688,1208,2939,1788179719676,1788179721392,1716,951.10,128,0,11347331,0
FAIR,12,concurrent,Q18,688,1208,2942,1788179719676,1788179721408,1732,887.13,128,0,11413836,0
FAIR,12,concurrent,Q18,688,1208,2938,1788179719676,1788179721431,1755,890.65,128,0,11393041,0
FAIR,12,concurrent,Q18,688,1208,2950,1788179721054,1788179721531,477,372.09,58,0,7589199,0
FAIR,12,concurrent,Q18,688,1208,2949,1788179720492,1788179721625,1133,654.44,92,0,11354353,0
FAIR,13,concurrent,compaction,689,1209,2951,1788179758389,1788179783157,24768,19667.60,553,175454639,0,0
FAIR,13,concurrent,Q1,690,1210,2958,1788179760466,1788179761604,1138,929.48,81,2744914,0,845
FAIR,13,concurrent,Q1,690,1210,2952,1788179760465,1788179764653,4188,3300.29,186,10981126,0,841
FAIR,13,concurrent,Q1,690,1210,2955,1788179760466,1788179764671,4205,3365.67,186,10982658,0,844
FAIR,13,concurrent,Q1,690,1210,2956,1788179760466,1788179764672,4206,3324.73,186,10981092,0,819
FAIR,13,concurrent,Q1,690,1210,2953,1788179760465,1788179764673,4208,3374.20,186,10980258,0,840
FAIR,13,concurrent,Q1,690,1210,2957,1788179760466,1788179764709,4243,3429.15,194,10981748,0,840
FAIR,13,concurrent,Q1,690,1210,2954,1788179760465,1788179764712,4247,3419.54,194,10981694,0,840
FAIR,13,concurrent,Q1,691,1212,2959,1788179764764,1788179764771,7,3.53,0,0,5869,0
FAIR,13,concurrent,Q1,692,1214,2960,1788179764789,1788179764797,8,4.01,0,0,5869,844
FAIR,13,concurrent,Q1,693,1217,2961,1788179764814,1788179764819,5,1.56,0,0,844,0
FAIR,13,concurrent,Q1,694,1218,2968,1788179766863,1788179767065,202,158.22,0,3269202,0,1965203
FAIR,13,concurrent,Q1,694,1218,2962,1788179766861,1788179767475,614,479.93,0,13078278,0,7750473
FAIR,13,concurrent,Q1,694,1218,2967,1788179766862,1788179767478,616,491.40,0,13078900,0,7743364
FAIR,13,concurrent,Q1,694,1218,2963,1788179766862,1788179767478,616,488.52,0,13077410,0,7743802
FAIR,13,concurrent,Q1,694,1218,2966,1788179766862,1788179767481,619,477.44,0,13078244,0,7738877
FAIR,13,concurrent,Q1,694,1218,2965,1788179766862,1788179767487,625,489.94,0,13079810,0,7735803
FAIR,13,concurrent,Q1,694,1218,2964,1788179766862,1788179767488,626,482.05,0,13078846,0,7738331
FAIR,13,concurrent,Q1,695,1219,2969,1788179766865,1788179766935,70,35.73,0,1484824,0,0
FAIR,13,concurrent,Q3,696,1220,2970,1788179766981,1788179767383,402,351.14,0,11640628,0,1604055
FAIR,13,concurrent,Q3,697,1222,2971,1788179767403,1788179767456,53,35.98,0,0,1604055,0
FAIR,13,concurrent,Q3,698,1224,2980,1788179767577,1788179767658,81,69.51,0,0,2908811,0
FAIR,13,concurrent,Q3,698,1224,2984,1788179767578,1788179767662,84,73.70,0,0,2929089,0
FAIR,13,concurrent,Q3,698,1224,2986,1788179767578,1788179767663,85,68.74,0,0,2925625,0
FAIR,13,concurrent,Q3,698,1224,2978,1788179767577,1788179767666,89,71.57,0,0,2886189,0
FAIR,13,concurrent,Q3,698,1224,2974,1788179767577,1788179767668,91,72.17,0,0,2899714,0
FAIR,13,concurrent,Q3,698,1224,2975,1788179767577,1788179767678,101,68.92,0,0,2887662,0
FAIR,13,concurrent,Q3,698,1224,2981,1788179767577,1788179767679,102,70.58,0,0,2895551,0
FAIR,13,concurrent,Q3,698,1224,2977,1788179767577,1788179767680,103,70.25,0,0,2895639,0
FAIR,13,concurrent,Q3,698,1224,2985,1788179767578,1788179767696,118,71.93,0,0,2941007,0
FAIR,13,concurrent,Q3,698,1224,2973,1788179767577,1788179767700,123,72.97,0,0,2919240,0
FAIR,13,concurrent,Q3,698,1224,2972,1788179767577,1788179767702,125,73.80,0,0,2898550,0
FAIR,13,concurrent,Q3,698,1224,2983,1788179767577,1788179767706,129,71.69,0,0,2888143,0
FAIR,13,concurrent,Q3,698,1224,2982,1788179767577,1788179767708,131,73.59,0,0,2909695,0
FAIR,13,concurrent,Q3,698,1224,2979,1788179767577,1788179767710,133,74.64,0,0,2910947,0
FAIR,13,concurrent,Q3,698,1224,2976,1788179767577,1788179767712,135,73.22,0,0,2898701,0
FAIR,13,concurrent,Q3,698,1224,2988,1788179767659,1788179767727,68,44.96,0,0,1923841,0
FAIR,13,concurrent,Q3,698,1224,2987,1788179767656,1788179767740,84,63.41,0,0,2897449,0
FAIR,13,concurrent,Q6,699,1225,2995,1788179770131,1788179770230,99,54.07,0,3298702,0,79
FAIR,13,concurrent,Q6,699,1225,2993,1788179770130,1788179770461,331,194.25,0,13196308,0,79
FAIR,13,concurrent,Q6,699,1225,2994,1788179770131,1788179770461,330,199.07,0,13196956,0,79
FAIR,13,concurrent,Q6,699,1225,2990,1788179770130,1788179770462,332,201.94,0,13195474,0,79
FAIR,13,concurrent,Q6,699,1225,2991,1788179770130,1788179770467,337,200.87,0,13196906,0,79
FAIR,13,concurrent,Q6,699,1225,2989,1788179770129,1788179770469,340,206.38,0,13196314,0,79
FAIR,13,concurrent,Q6,699,1225,2992,1788179770130,1788179770469,339,207.50,0,13197882,0,79
FAIR,13,concurrent,Q6,700,1227,2996,1788179770481,1788179770484,3,1.11,0,0,553,0
FAIR,13,concurrent,Q6,701,1228,2997,1788179772505,1788179773238,733,645.51,0,3317556,0,14534997
FAIR,13,concurrent,Q6,702,1229,3004,1788179772515,1788179772733,218,113.99,0,3825626,0,26922
FAIR,13,concurrent,Q6,702,1229,2998,1788179772513,1788179772973,460,279.32,0,15304022,0,59807
FAIR,13,concurrent,Q6,702,1229,2999,1788179772513,1788179772979,466,286.90,0,15303234,0,58962
FAIR,13,concurrent,Q6,702,1229,3003,1788179772514,1788179772985,471,291.43,0,15304688,0,59166
FAIR,13,concurrent,Q6,702,1229,3001,1788179772514,1788179772993,479,290.29,0,15305646,0,57595
FAIR,13,concurrent,Q6,702,1229,3002,1788179772514,1788179772994,480,290.18,0,15304056,0,58481
FAIR,13,concurrent,Q6,702,1229,3000,1788179772513,1788179772995,482,297.04,0,15304618,0,58647
FAIR,13,concurrent,Q12,703,1231,3005,1788179773025,1788179773044,19,17.27,0,0,379580,0
FAIR,13,concurrent,Q12,704,1233,3015,1788179773272,1788179773309,37,33.43,0,0,1015101,154
FAIR,13,concurrent,Q12,704,1233,3010,1788179773271,1788179773310,39,33.91,0,0,1015054,154
FAIR,13,concurrent,Q12,704,1233,3017,1788179773272,1788179773314,42,37.99,0,0,1020274,154
FAIR,13,concurrent,Q12,704,1233,3014,1788179773271,1788179773315,44,37.23,0,0,1018284,154
FAIR,13,concurrent,Q12,704,1233,3006,1788179773271,1788179773317,46,38.56,0,0,1092283,154
FAIR,13,concurrent,Q12,704,1233,3011,1788179773271,1788179773317,46,37.86,0,0,1014559,154
FAIR,13,concurrent,Q12,704,1233,3008,1788179773271,1788179773317,46,39.51,0,0,1087458,154
FAIR,13,concurrent,Q12,704,1233,3018,1788179773272,1788179773318,46,38.31,0,0,1015360,154
FAIR,13,concurrent,Q12,704,1233,3007,1788179773271,1788179773318,47,40.25,0,0,1090764,154
FAIR,13,concurrent,Q12,704,1233,3019,1788179773272,1788179773320,48,33.16,0,0,1015509,154
FAIR,13,concurrent,Q12,704,1233,3012,1788179773271,1788179773320,49,40.09,0,0,1021566,154
FAIR,13,concurrent,Q12,704,1233,3009,1788179773271,1788179773323,52,34.16,0,0,1090847,154
FAIR,13,concurrent,Q12,704,1233,3013,1788179773271,1788179773331,60,30.32,0,0,1016185,154
FAIR,13,concurrent,Q12,704,1233,3016,1788179773272,1788179773331,59,33.87,0,0,1021753,154
FAIR,13,concurrent,Q12,705,1236,3020,1788179773351,1788179773356,5,1.89,0,0,2156,0
FAIR,13,concurrent,Q12,706,1239,3021,1788179773361,1788179773366,5,2.29,0,0,2156,154
FAIR,13,concurrent,Q12,707,1243,3022,1788179773381,1788179773387,6,2.08,0,0,154,0
FAIR,13,concurrent,Q14,708,1244,3023,1788179775808,1788179775900,92,52.76,0,1244534,0,0
FAIR,13,concurrent,Q14,709,1245,3030,1788179775990,1788179776098,108,44.50,0,3269202,0,101
FAIR,13,concurrent,Q14,709,1245,3027,1788179775989,1788179776391,402,181.75,0,13079810,0,99
FAIR,13,concurrent,Q14,709,1245,3029,1788179775989,1788179776391,402,186.10,0,13078900,0,99
FAIR,13,concurrent,Q14,709,1245,3025,1788179775988,1788179776400,412,183.36,0,13077410,0,99
FAIR,13,concurrent,Q14,709,1245,3024,1788179775988,1788179776400,412,183.80,0,13078278,0,99
FAIR,13,concurrent,Q14,709,1245,3026,1788179775989,1788179776402,413,182.08,0,13078846,0,99
FAIR,13,concurrent,Q14,709,1245,3028,1788179775989,1788179776403,414,184.58,0,13078244,0,99
FAIR,13,concurrent,Q14,710,1247,3031,1788179776416,1788179776420,4,1.40,0,0,695,0
FAIR,13,concurrent,Q18,711,1248,3032,1788179778604,1788179780422,1818,1086.55,115,14589748,0,30886715
FAIR,13,concurrent,Q18,712,1249,3033,1788179778616,1788179778820,204,69.61,0,784744,0,0
FAIR,13,concurrent,Q18,713,1250,3040,1788179778622,1788179779318,696,464.12,92,1669066,0,2548115
FAIR,13,concurrent,Q18,713,1250,3038,1788179778621,1788179781122,2501,1502.18,146,6677620,0,8197158
FAIR,13,concurrent,Q18,713,1250,3036,1788179778621,1788179781144,2523,1497.62,159,6678222,0,8201066
FAIR,13,concurrent,Q18,713,1250,3037,1788179778621,1788179781149,2528,1493.05,159,6679174,0,8197511
FAIR,13,concurrent,Q18,713,1250,3035,1788179778620,1788179781162,2542,1508.06,159,6676794,0,8204443
FAIR,13,concurrent,Q18,713,1250,3039,1788179778622,1788179781167,2545,1504.93,159,6678296,0,8202194
FAIR,13,concurrent,Q18,713,1250,3034,1788179778620,1788179781179,2559,1555.11,159,6677674,0,8204481
FAIR,13,concurrent,Q18,714,1251,3047,1788179778798,1788179779221,423,186.08,92,1669066,0,2238587
FAIR,13,concurrent,Q18,714,1251,3041,1788179778624,1788179780128,1504,636.57,92,6677674,0,8874676
FAIR,13,concurrent,Q18,714,1251,3042,1788179778625,1788179780144,1519,651.07,92,6676794,0,8874749
FAIR,13,concurrent,Q18,714,1251,3045,1788179778626,1788179780162,1536,643.78,92,6677620,0,8872119
FAIR,13,concurrent,Q18,714,1251,3044,1788179778626,1788179780178,1552,615.00,92,6679174,0,8873847
FAIR,13,concurrent,Q18,714,1251,3043,1788179778625,1788179780291,1666,626.63,102,6678222,0,8873447
FAIR,13,concurrent,Q18,714,1251,3046,1788179778626,1788179780311,1685,604.86,102,6678296,0,8872181
FAIR,13,concurrent,Q18,715,1255,3057,1788179781277,1788179781904,627,408.64,36,0,11396280,0
FAIR,13,concurrent,Q18,715,1255,3059,1788179781277,1788179782566,1289,1002.61,55,0,11356291,0
FAIR,13,concurrent,Q18,715,1255,3055,1788179781277,1788179782577,1300,954.27,55,0,11425234,0
FAIR,13,concurrent,Q18,715,1255,3050,1788179781276,1788179782705,1429,1012.86,62,0,11328172,0
FAIR,13,concurrent,Q18,715,1255,3062,1788179781277,1788179782706,1429,1005.74,62,0,11412119,0
FAIR,13,concurrent,Q18,715,1255,3058,1788179781277,1788179782741,1464,981.77,62,0,11410383,0
FAIR,13,concurrent,Q18,715,1255,3052,1788179781276,1788179782748,1472,965.07,62,0,11393041,0
FAIR,13,concurrent,Q18,715,1255,3051,1788179781276,1788179782768,1492,1008.91,62,0,11397674,0
FAIR,13,concurrent,Q18,715,1255,3048,1788179781276,1788179782789,1513,977.53,62,0,11410837,0
FAIR,13,concurrent,Q18,715,1255,3054,1788179781277,1788179782795,1518,946.46,62,0,11338468,0
FAIR,13,concurrent,Q18,715,1255,3056,1788179781277,1788179782812,1535,916.92,62,0,11413836,0
FAIR,13,concurrent,Q18,715,1255,3053,1788179781276,1788179782815,1539,980.23,62,0,11347331,0
FAIR,13,concurrent,Q18,715,1255,3061,1788179781277,1788179782850,1573,943.39,62,0,11431888,0
FAIR,13,concurrent,Q18,715,1255,3049,1788179781276,1788179782880,1604,917.42,62,0,11440429,0
FAIR,13,concurrent,Q18,715,1255,3060,1788179781277,1788179782901,1624,896.87,62,0,11430722,0
FAIR,13,concurrent,Q18,715,1255,3064,1788179782560,1788179782976,416,375.65,7,0,7589199,0
FAIR,13,concurrent,Q18,715,1255,3063,1788179781901,1788179783008,1107,701.77,26,0,11354353,0
FAIR,13,baseline,Q1,716,1256,3071,1788179818973,1788179819993,1020,855.84,37,2744914,0,845
FAIR,13,baseline,Q1,716,1256,3070,1788179818973,1788179822497,3524,2942.49,116,10981748,0,840
FAIR,13,baseline,Q1,716,1256,3065,1788179818972,1788179822498,3526,3068.60,116,10981126,0,841
FAIR,13,baseline,Q1,716,1256,3066,1788179818973,1788179822510,3537,3040.72,116,10980258,0,840
FAIR,13,baseline,Q1,716,1256,3067,1788179818973,1788179822550,3577,3036.77,116,10981694,0,840
FAIR,13,baseline,Q1,716,1256,3068,1788179818973,1788179822550,3577,3035.04,116,10982658,0,844
FAIR,13,baseline,Q1,716,1256,3069,1788179818973,1788179822564,3591,3076.82,116,10981092,0,819
FAIR,13,baseline,Q1,717,1258,3072,1788179822612,1788179822619,7,3.51,0,0,5869,0
FAIR,13,baseline,Q1,718,1260,3073,1788179822625,1788179822632,7,2.94,0,0,5869,844
FAIR,13,baseline,Q1,719,1263,3074,1788179822650,1788179822656,6,1.82,0,0,844,0
FAIR,13,baseline,Q1,720,1264,3081,1788179824474,1788179824653,179,142.91,0,3269202,0,1965203
FAIR,13,baseline,Q1,720,1264,3077,1788179824473,1788179825033,560,446.51,0,13078846,0,7738331
FAIR,13,baseline,Q1,720,1264,3079,1788179824474,1788179825033,559,446.48,0,13078244,0,7738877
FAIR,13,baseline,Q1,720,1264,3080,1788179824474,1788179825036,562,450.67,0,13078900,0,7743364
FAIR,13,baseline,Q1,720,1264,3075,1788179824473,1788179825042,569,458.51,0,13078278,0,7750473
FAIR,13,baseline,Q1,720,1264,3076,1788179824473,1788179825044,571,460.89,0,13077410,0,7743802
FAIR,13,baseline,Q1,720,1264,3078,1788179824474,1788179825050,576,466.57,0,13079810,0,7735803
FAIR,13,baseline,Q1,721,1265,3082,1788179824477,1788179824545,68,38.08,0,1484824,0,0
FAIR,13,baseline,Q1,722,1266,3083,1788179824584,1788179824942,358,314.67,0,11640628,0,1604055
FAIR,13,baseline,Q3,723,1268,3084,1788179824959,1788179825022,63,40.54,0,0,1604055,0
FAIR,13,baseline,Q3,724,1270,3091,1788179825148,1788179825224,76,66.38,0,0,2886189,0
FAIR,13,baseline,Q3,724,1270,3089,1788179825148,1788179825225,77,65.83,0,0,2898701,0
FAIR,13,baseline,Q3,724,1270,3094,1788179825148,1788179825229,81,67.63,0,0,2895551,0
FAIR,13,baseline,Q3,724,1270,3087,1788179825147,1788179825230,83,70.81,0,0,2899714,0
FAIR,13,baseline,Q3,724,1270,3090,1788179825148,1788179825232,84,68.73,0,0,2895639,0
FAIR,13,baseline,Q3,724,1270,3099,1788179825148,1788179825271,123,67.57,0,0,2925625,0
FAIR,13,baseline,Q3,724,1270,3097,1788179825148,1788179825283,135,68.82,26,0,2929089,0
FAIR,13,baseline,Q3,724,1270,3085,1788179825147,1788179825285,138,69.76,26,0,2898550,0
FAIR,13,baseline,Q3,724,1270,3093,1788179825148,1788179825287,139,70.08,26,0,2908811,0
FAIR,13,baseline,Q3,724,1270,3086,1788179825147,1788179825290,143,70.74,26,0,2919240,0
FAIR,13,baseline,Q3,724,1270,3098,1788179825148,1788179825292,144,70.54,26,0,2941007,0
FAIR,13,baseline,Q3,724,1270,3095,1788179825148,1788179825302,154,71.40,26,0,2909695,0
FAIR,13,baseline,Q3,724,1270,3092,1788179825148,1788179825306,158,67.02,26,0,2910947,0
FAIR,13,baseline,Q3,724,1270,3096,1788179825148,1788179825307,159,68.31,26,0,2888143,0
FAIR,13,baseline,Q3,724,1270,3088,1788179825148,1788179825308,160,69.64,26,0,2887662,0
FAIR,13,baseline,Q3,724,1270,3101,1788179825222,1788179825310,88,44.94,26,0,1923841,0
FAIR,13,baseline,Q3,724,1270,3100,1788179825148,1788179825316,168,66.92,26,0,2897449,0
FAIR,13,baseline,Q6,725,1271,3108,1788179827410,1788179827525,115,54.17,15,3298702,0,79
FAIR,13,baseline,Q6,725,1271,3105,1788179827410,1788179827710,300,187.76,15,13197882,0,79
FAIR,13,baseline,Q6,725,1271,3102,1788179827409,1788179827720,311,189.69,15,13196314,0,79
FAIR,13,baseline,Q6,725,1271,3104,1788179827409,1788179827720,311,184.50,15,13196906,0,79
FAIR,13,baseline,Q6,725,1271,3103,1788179827409,1788179827721,312,189.23,15,13195474,0,79
FAIR,13,baseline,Q6,725,1271,3106,1788179827410,1788179827721,311,191.42,15,13196308,0,79
FAIR,13,baseline,Q6,725,1271,3107,1788179827410,1788179827728,318,192.82,15,13196956,0,79
FAIR,13,baseline,Q6,726,1273,3109,1788179827739,1788179827742,3,0.82,0,0,553,0
FAIR,13,baseline,Q6,727,1274,3110,1788179829599,1788179830207,608,569.95,0,3317556,0,14534997
FAIR,13,baseline,Q6,728,1275,3117,1788179829606,1788179829738,132,97.04,0,3825626,0,26922
FAIR,13,baseline,Q6,728,1275,3113,1788179829605,1788179829960,355,250.51,0,15304618,0,58647
FAIR,13,baseline,Q6,728,1275,3111,1788179829605,1788179829963,358,245.95,0,15304022,0,59807
FAIR,13,baseline,Q6,728,1275,3114,1788179829605,1788179829970,365,255.79,0,15305646,0,57595
FAIR,13,baseline,Q6,728,1275,3112,1788179829605,1788179829970,365,255.92,0,15303234,0,58962
FAIR,13,baseline,Q6,728,1275,3116,1788179829605,1788179829973,368,251.35,0,15304688,0,59166
FAIR,13,baseline,Q6,728,1275,3115,1788179829605,1788179829973,368,253.58,0,15304056,0,58481
FAIR,13,baseline,Q12,729,1277,3118,1788179829989,1788179830004,15,12.24,0,0,379580,0
FAIR,13,baseline,Q12,730,1279,3126,1788179830235,1788179830271,36,29.58,0,0,1016185,154
FAIR,13,baseline,Q12,730,1279,3128,1788179830235,1788179830272,37,32.70,0,0,1015101,154
FAIR,13,baseline,Q12,730,1279,3127,1788179830235,1788179830272,37,32.66,0,0,1018284,154
FAIR,13,baseline,Q12,730,1279,3121,1788179830235,1788179830274,39,33.39,0,0,1087458,154
FAIR,13,baseline,Q12,730,1279,3125,1788179830235,1788179830274,39,32.49,0,0,1021566,154
FAIR,13,baseline,Q12,730,1279,3129,1788179830235,1788179830277,42,32.38,0,0,1021753,154
FAIR,13,baseline,Q12,730,1279,3123,1788179830235,1788179830277,42,32.53,0,0,1015054,154
FAIR,13,baseline,Q12,730,1279,3119,1788179830234,1788179830277,43,34.64,0,0,1092283,154
FAIR,13,baseline,Q12,730,1279,3131,1788179830235,1788179830277,42,32.18,0,0,1015360,154
FAIR,13,baseline,Q12,730,1279,3120,1788179830235,1788179830278,43,33.00,0,0,1090764,154
FAIR,13,baseline,Q12,730,1279,3132,1788179830235,1788179830278,43,31.42,0,0,1015509,154
FAIR,13,baseline,Q12,730,1279,3130,1788179830235,1788179830278,43,32.29,0,0,1020274,154
FAIR,13,baseline,Q12,730,1279,3124,1788179830235,1788179830288,53,29.83,0,0,1014559,154
FAIR,13,baseline,Q12,730,1279,3122,1788179830235,1788179830292,57,31.30,0,0,1090847,154
FAIR,13,baseline,Q12,731,1282,3133,1788179830311,1788179830315,4,1.69,0,0,2156,0
FAIR,13,baseline,Q12,732,1285,3134,1788179830321,1788179830328,7,2.96,0,0,2156,154
FAIR,13,baseline,Q12,733,1289,3135,1788179830349,1788179830353,4,1.09,0,0,154,0
FAIR,13,baseline,Q14,734,1290,3136,1788179832488,1788179832565,77,49.46,0,1244534,0,0
FAIR,13,baseline,Q14,735,1291,3143,1788179832650,1788179832735,85,45.74,0,3269202,0,101
FAIR,13,baseline,Q14,735,1291,3142,1788179832650,1788179832932,282,170.56,0,13078900,0,99
FAIR,13,baseline,Q14,735,1291,3140,1788179832649,1788179832940,291,175.16,0,13079810,0,99
FAIR,13,baseline,Q14,735,1291,3139,1788179832649,1788179832940,291,169.28,0,13078846,0,99
FAIR,13,baseline,Q14,735,1291,3138,1788179832649,1788179832940,291,176.15,0,13077410,0,99
FAIR,13,baseline,Q14,735,1291,3137,1788179832648,1788179832941,293,176.50,0,13078278,0,99
FAIR,13,baseline,Q14,735,1291,3141,1788179832649,1788179832942,293,172.87,0,13078244,0,99
FAIR,13,baseline,Q14,736,1293,3144,1788179832956,1788179832959,3,1.11,0,0,695,0
FAIR,13,baseline,Q14,737,1294,3145,1788179834981,1788179836675,1694,1129.56,154,14589748,0,30886715
FAIR,13,baseline,Q14,738,1295,3146,1788179834994,1788179835285,291,66.43,65,784744,0,0
FAIR,13,baseline,Q14,739,1296,3153,1788179835001,1788179836042,1041,485.94,132,1669066,0,2548115
FAIR,13,baseline,Q14,739,1296,3152,1788179835000,1788179837209,2209,1505.53,184,6678296,0,8202194
FAIR,13,baseline,Q14,739,1296,3151,1788179835000,1788179837211,2211,1467.83,184,6677620,0,8197158
FAIR,13,baseline,Q14,739,1296,3147,1788179834998,1788179837236,2238,1506.44,184,6677674,0,8204481
FAIR,13,baseline,Q14,739,1296,3148,1788179834999,1788179837249,2250,1507.79,184,6676794,0,8204443
FAIR,13,baseline,Q14,739,1296,3150,1788179835000,1788179837249,2249,1475.16,184,6679174,0,8197511
FAIR,13,baseline,Q14,739,1296,3149,1788179834999,1788179837256,2257,1482.25,184,6678222,0,8201066
FAIR,13,baseline,Q14,740,1297,3160,1788179835006,1788179835446,440,194.94,106,1669066,0,2238587
FAIR,13,baseline,Q14,740,1297,3155,1788179835005,1788179836427,1422,630.77,154,6676794,0,8874749
FAIR,13,baseline,Q14,740,1297,3156,1788179835005,1788179836491,1486,644.55,154,6678222,0,8873447
FAIR,13,baseline,Q14,740,1297,3159,1788179835006,1788179836505,1499,662.56,154,6678296,0,8872181
FAIR,13,baseline,Q14,740,1297,3158,1788179835006,1788179836511,1505,643.61,154,6677620,0,8872119
FAIR,13,baseline,Q14,740,1297,3157,1788179835005,1788179836547,1542,659.70,154,6679174,0,8873847
FAIR,13,baseline,Q14,740,1297,3154,1788179835004,1788179836617,1613,642.03,154,6677674,0,8874676
FAIR,13,baseline,Q18,741,1301,3170,1788179837375,1788179838249,874,417.99,42,0,11396280,0
FAIR,13,baseline,Q18,741,1301,3161,1788179837374,1788179838684,1310,974.06,125,0,11410837,0
FAIR,13,baseline,Q18,741,1301,3165,1788179837375,1788179838732,1357,878.77,125,0,11393041,0
FAIR,13,baseline,Q18,741,1301,3169,1788179837375,1788179838775,1400,921.74,125,0,11413836,0
FAIR,13,baseline,Q18,741,1301,3162,1788179837374,1788179838983,1609,969.62,134,0,11440429,0
FAIR,13,baseline,Q18,741,1301,3163,1788179837374,1788179839006,1632,938.57,134,0,11328172,0
FAIR,13,baseline,Q18,741,1301,3175,1788179837375,1788179839052,1677,963.96,134,0,11412119,0
FAIR,13,baseline,Q18,741,1301,3164,1788179837375,1788179839166,1791,974.22,134,0,11397674,0
FAIR,13,baseline,Q18,741,1301,3166,1788179837375,1788179839214,1839,958.82,134,0,11347331,0
FAIR,13,baseline,Q18,741,1301,3174,1788179837375,1788179839244,1869,918.74,145,0,11431888,0
FAIR,13,baseline,Q18,741,1301,3167,1788179837375,1788179839257,1882,890.92,145,0,11338468,0
FAIR,13,baseline,Q18,741,1301,3173,1788179837375,1788179839273,1898,936.33,145,0,11430722,0
FAIR,13,baseline,Q18,741,1301,3177,1788179838244,1788179839281,1037,540.13,103,0,7589199,0
FAIR,13,baseline,Q18,741,1301,3171,1788179837375,1788179839334,1959,864.24,151,0,11410383,0
FAIR,13,baseline,Q18,741,1301,3176,1788179837375,1788179839374,1999,845.65,151,0,11354353,0
FAIR,13,baseline,Q18,741,1301,3172,1788179837375,1788179839389,2014,764.13,151,0,11356291,0
FAIR,13,baseline,Q18,741,1301,3168,1788179837375,1788179839391,2016,758.08,151,0,11425234,0
FAIR,14,baseline,Q1,742,1302,3184,1788179877526,1788179878595,1069,920.88,43,2744914,0,845
FAIR,14,baseline,Q1,742,1302,3178,1788179877524,1788179881195,3671,3262.35,140,10981126,0,841
FAIR,14,baseline,Q1,742,1302,3180,1788179877525,1788179881197,3672,3276.15,140,10981694,0,840
FAIR,14,baseline,Q1,742,1302,3181,1788179877525,1788179881226,3701,3293.22,140,10982658,0,844
FAIR,14,baseline,Q1,742,1302,3182,1788179877525,1788179881232,3707,3305.44,140,10981092,0,819
FAIR,14,baseline,Q1,742,1302,3179,1788179877525,1788179881232,3707,3298.13,140,10980258,0,840
FAIR,14,baseline,Q1,742,1302,3183,1788179877526,1788179881236,3710,3279.02,140,10981748,0,840
FAIR,14,baseline,Q1,743,1304,3185,1788179881274,1788179881281,7,3.69,0,0,5869,0
FAIR,14,baseline,Q1,744,1306,3186,1788179881286,1788179881295,9,5.07,0,0,5869,844
FAIR,14,baseline,Q1,745,1309,3187,1788179881312,1788179881317,5,1.54,0,0,844,0
FAIR,14,baseline,Q1,746,1310,3194,1788179883214,1788179883363,149,122.86,0,3269202,0,1965203
FAIR,14,baseline,Q1,746,1310,3193,1788179883214,1788179883634,420,344.43,0,13078900,0,7743364
FAIR,14,baseline,Q1,746,1310,3192,1788179883214,1788179883651,437,359.21,0,13078244,0,7738877
FAIR,14,baseline,Q1,746,1310,3189,1788179883213,1788179883654,441,357.64,0,13077410,0,7743802
FAIR,14,baseline,Q1,746,1310,3190,1788179883213,1788179883657,444,361.49,0,13078846,0,7738331
FAIR,14,baseline,Q1,746,1310,3191,1788179883213,1788179883659,446,363.70,0,13079810,0,7735803
FAIR,14,baseline,Q1,746,1310,3188,1788179883213,1788179883674,461,385.94,0,13078278,0,7750473
FAIR,14,baseline,Q1,747,1311,3195,1788179883216,1788179883265,49,30.41,0,1484824,0,0
FAIR,14,baseline,Q1,748,1312,3196,1788179883293,1788179883563,270,229.81,0,11640628,0,1604055
FAIR,14,baseline,Q3,749,1314,3197,1788179883575,1788179883611,36,27.37,0,0,1604055,0
FAIR,14,baseline,Q3,750,1316,3209,1788179883700,1788179883760,60,54.09,0,0,2888143,0
FAIR,14,baseline,Q3,750,1316,3205,1788179883700,1788179883760,60,54.44,0,0,2910947,0
FAIR,14,baseline,Q3,750,1316,3212,1788179883701,1788179883763,62,54.47,0,0,2925625,0
FAIR,14,baseline,Q3,750,1316,3210,1788179883700,1788179883764,64,55.31,0,0,2929089,0
FAIR,14,baseline,Q3,750,1316,3206,1788179883700,1788179883764,64,54.72,0,0,2908811,0
FAIR,14,baseline,Q3,750,1316,3207,1788179883700,1788179883764,64,54.89,0,0,2895551,0
FAIR,14,baseline,Q3,750,1316,3201,1788179883700,1788179883764,64,54.22,0,0,2887662,0
FAIR,14,baseline,Q3,750,1316,3202,1788179883700,1788179883764,64,54.27,0,0,2898701,0
FAIR,14,baseline,Q3,750,1316,3203,1788179883700,1788179883768,68,54.89,0,0,2895639,0
FAIR,14,baseline,Q3,750,1316,3213,1788179883701,1788179883772,71,55.19,0,0,2897449,0
FAIR,14,baseline,Q3,750,1316,3198,1788179883700,1788179883781,81,50.10,0,0,2898550,0
FAIR,14,baseline,Q3,750,1316,3200,1788179883700,1788179883781,81,51.09,0,0,2899714,0
FAIR,14,baseline,Q3,750,1316,3199,1788179883700,1788179883781,81,56.29,0,0,2919240,0
FAIR,14,baseline,Q3,750,1316,3204,1788179883700,1788179883786,86,48.54,0,0,2886189,0
FAIR,14,baseline,Q3,750,1316,3211,1788179883700,1788179883788,88,51.80,0,0,2941007,0
FAIR,14,baseline,Q3,750,1316,3208,1788179883700,1788179883792,92,51.42,0,0,2909695,0
FAIR,14,baseline,Q3,750,1316,3214,1788179883759,1788179883795,36,29.87,0,0,1923841,0
FAIR,14,baseline,Q3,751,1317,3221,1788179885168,1788179885235,67,41.59,0,3298702,0,79
FAIR,14,baseline,Q3,751,1317,3216,1788179885167,1788179885382,215,139.81,0,13195474,0,79
FAIR,14,baseline,Q3,751,1317,3219,1788179885168,1788179885388,220,147.81,0,13196308,0,79
FAIR,14,baseline,Q3,751,1317,3217,1788179885167,1788179885391,224,148.13,0,13196906,0,79
FAIR,14,baseline,Q3,751,1317,3218,1788179885167,1788179885393,226,151.30,0,13197882,0,79
FAIR,14,baseline,Q3,751,1317,3215,1788179885167,1788179885394,227,154.09,0,13196314,0,79
FAIR,14,baseline,Q3,751,1317,3220,1788179885168,1788179885395,227,160.89,0,13196956,0,79
FAIR,14,baseline,Q3,752,1319,3222,1788179885403,1788179885404,1,0.55,0,0,553,0
FAIR,14,baseline,Q6,753,1320,3223,1788179886837,1788179887366,529,430.55,61,3317556,0,14534997
FAIR,14,baseline,Q6,754,1321,3230,1788179886841,1788179886937,96,71.66,0,3825626,0,26922
FAIR,14,baseline,Q6,754,1321,3227,1788179886841,1788179887173,332,195.19,61,15305646,0,57595
FAIR,14,baseline,Q6,754,1321,3228,1788179886841,1788179887175,334,196.77,61,15304056,0,58481
FAIR,14,baseline,Q6,754,1321,3224,1788179886840,1788179887185,345,208.16,61,15304022,0,59807
FAIR,14,baseline,Q6,754,1321,3225,1788179886841,1788179887185,344,203.83,61,15303234,0,58962
FAIR,14,baseline,Q6,754,1321,3226,1788179886841,1788179887187,346,203.12,61,15304618,0,58647
FAIR,14,baseline,Q6,754,1321,3229,1788179886841,1788179887190,349,210.51,61,15304688,0,59166
FAIR,14,baseline,Q6,755,1323,3231,1788179887201,1788179887212,11,9.71,0,0,379580,0
FAIR,14,baseline,Q6,756,1325,3238,1788179887383,1788179887407,24,20.86,0,0,1021566,154
FAIR,14,baseline,Q6,756,1325,3237,1788179887383,1788179887407,24,21.23,0,0,1014559,154
FAIR,14,baseline,Q6,756,1325,3245,1788179887383,1788179887415,32,28.62,0,0,1015509,154
FAIR,14,baseline,Q6,756,1325,3239,1788179887383,1788179887416,33,29.52,0,0,1016185,154
FAIR,14,baseline,Q6,756,1325,3236,1788179887383,1788179887416,33,29.44,0,0,1015054,154
FAIR,14,baseline,Q6,756,1325,3232,1788179887383,1788179887416,33,29.22,0,0,1092283,154
FAIR,14,baseline,Q6,756,1325,3241,1788179887383,1788179887416,33,30.07,0,0,1015101,154
FAIR,14,baseline,Q6,756,1325,3243,1788179887383,1788179887416,33,29.71,0,0,1020274,154
FAIR,14,baseline,Q6,756,1325,3240,1788179887383,1788179887417,34,30.24,0,0,1018284,154
FAIR,14,baseline,Q6,756,1325,3242,1788179887383,1788179887417,34,30.03,0,0,1021753,154
FAIR,14,baseline,Q6,756,1325,3244,1788179887383,1788179887417,34,30.01,0,0,1015360,154
FAIR,14,baseline,Q6,756,1325,3235,1788179887383,1788179887417,34,31.20,0,0,1090847,154
FAIR,14,baseline,Q6,756,1325,3234,1788179887383,1788179887417,34,31.32,0,0,1087458,154
FAIR,14,baseline,Q6,756,1325,3233,1788179887383,1788179887417,34,31.14,0,0,1090764,154
FAIR,14,baseline,Q6,757,1328,3246,1788179887433,1788179887437,4,1.42,0,0,2156,0
FAIR,14,baseline,Q6,758,1331,3247,1788179887440,1788179887443,3,1.63,0,0,2156,154
FAIR,14,baseline,Q12,759,1335,3248,1788179887456,1788179887459,3,0.83,0,0,154,0
FAIR,14,baseline,Q12,760,1336,3249,1788179889068,1788179889124,56,38.93,0,1244534,0,0
FAIR,14,baseline,Q12,761,1337,3256,1788179889185,1788179889239,54,36.84,0,3269202,0,101
FAIR,14,baseline,Q12,761,1337,3251,1788179889184,1788179889380,196,126.95,0,13077410,0,99
FAIR,14,baseline,Q12,761,1337,3255,1788179889185,1788179889382,197,132.30,0,13078900,0,99
FAIR,14,baseline,Q12,761,1337,3253,1788179889184,1788179889383,199,131.08,0,13079810,0,99
FAIR,14,baseline,Q12,761,1337,3252,1788179889184,1788179889384,200,133.94,0,13078846,0,99
FAIR,14,baseline,Q12,761,1337,3250,1788179889184,1788179889385,201,132.56,0,13078278,0,99
FAIR,14,baseline,Q12,761,1337,3254,1788179889184,1788179889389,205,136.82,0,13078244,0,99
FAIR,14,baseline,Q12,762,1339,3257,1788179889398,1788179889400,2,0.59,0,0,695,0
FAIR,14,baseline,Q14,763,1340,3258,1788179890782,1788179891850,1068,884.12,90,14589748,0,30886715
FAIR,14,baseline,Q14,764,1341,3259,1788179890786,1788179890892,106,64.69,0,784744,0,0
FAIR,14,baseline,Q14,765,1342,3266,1788179890789,1788179891306,517,361.35,69,1669066,0,2548115
FAIR,14,baseline,Q14,765,1342,3264,1788179890789,1788179892139,1350,1064.10,108,6677620,0,8197158
FAIR,14,baseline,Q14,765,1342,3262,1788179890789,1788179892150,1361,1079.95,108,6678222,0,8201066
FAIR,14,baseline,Q14,765,1342,3260,1788179890788,1788179892161,1373,1087.64,108,6677674,0,8204481
FAIR,14,baseline,Q14,765,1342,3263,1788179890789,1788179892166,1377,1081.07,108,6679174,0,8197511
FAIR,14,baseline,Q14,765,1342,3261,1788179890788,1788179892167,1379,1073.39,108,6676794,0,8204443
FAIR,14,baseline,Q14,765,1342,3265,1788179890789,1788179892175,1386,1071.39,108,6678296,0,8202194
FAIR,14,baseline,Q14,766,1343,3273,1788179890793,1788179891022,229,164.89,0,1669066,0,2238587
FAIR,14,baseline,Q14,766,1343,3270,1788179890792,1788179891600,808,532.73,69,6679174,0,8873847
FAIR,14,baseline,Q14,766,1343,3272,1788179890793,1788179891617,824,547.63,69,6678296,0,8872181
FAIR,14,baseline,Q14,766,1343,3269,1788179890792,1788179891625,833,546.62,69,6678222,0,8873447
FAIR,14,baseline,Q14,766,1343,3268,1788179890792,1788179891629,837,545.47,69,6676794,0,8874749
FAIR,14,baseline,Q14,766,1343,3267,1788179890792,1788179891642,850,550.45,69,6677674,0,8874676
FAIR,14,baseline,Q14,766,1343,3271,1788179890793,1788179891664,871,548.34,69,6677620,0,8872119
FAIR,14,baseline,Q18,767,1347,3283,1788179892224,1788179892886,662,356.43,10,0,11396280,0
FAIR,14,baseline,Q18,767,1347,3282,1788179892224,1788179893222,998,842.55,24,0,11413836,0
FAIR,14,baseline,Q18,767,1347,3288,1788179892225,1788179893258,1033,864.66,28,0,11412119,0
FAIR,14,baseline,Q18,767,1347,3275,1788179892224,1788179893271,1047,873.62,28,0,11440429,0
FAIR,14,baseline,Q18,767,1347,3280,1788179892224,1788179893289,1065,851.74,28,0,11338468,0
FAIR,14,baseline,Q18,767,1347,3274,1788179892224,1788179893292,1068,888.38,28,0,11410837,0
FAIR,14,baseline,Q18,767,1347,3289,1788179892225,1788179893305,1080,863.78,28,0,11354353,0
FAIR,14,baseline,Q18,767,1347,3285,1788179892225,1788179893333,1108,829.38,28,0,11356291,0
FAIR,14,baseline,Q18,767,1347,3287,1788179892225,1788179893352,1127,848.10,28,0,11431888,0
FAIR,14,baseline,Q18,767,1347,3286,1788179892225,1788179893360,1135,854.27,28,0,11430722,0
FAIR,14,baseline,Q18,767,1347,3281,1788179892224,1788179893360,1136,803.59,28,0,11425234,0
FAIR,14,baseline,Q18,767,1347,3279,1788179892224,1788179893367,1143,869.26,28,0,11347331,0
FAIR,14,baseline,Q18,767,1347,3277,1788179892224,1788179893381,1157,857.48,28,0,11397674,0
FAIR,14,baseline,Q18,767,1347,3284,1788179892225,1788179893399,1174,807.05,28,0,11410383,0
FAIR,14,baseline,Q18,767,1347,3278,1788179892224,1788179893404,1180,776.88,28,0,11393041,0
FAIR,14,baseline,Q18,767,1347,3276,1788179892224,1788179893406,1182,829.68,28,0,11328172,0
FAIR,14,baseline,Q18,767,1347,3290,1788179892881,1788179893454,573,423.54,18,0,7589199,0
FAIR,14,concurrent,compaction,768,1348,3291,1788179923194,1788179942449,19255,15952.27,446,175454639,0,0
FAIR,14,concurrent,Q1,769,1349,3298,1788179924931,1788179925740,809,727.77,35,2744914,0,845
FAIR,14,concurrent,Q1,769,1349,3292,1788179924929,1788179927792,2863,2454.28,100,10981126,0,841
FAIR,14,concurrent,Q1,769,1349,3297,1788179924931,1788179927869,2938,2499.27,118,10981748,0,840
FAIR,14,concurrent,Q1,769,1349,3293,1788179924930,1788179927873,2943,2510.15,118,10980258,0,840
FAIR,14,concurrent,Q1,769,1349,3294,1788179924930,1788179927889,2959,2523.97,118,10981694,0,840
FAIR,14,concurrent,Q1,769,1349,3295,1788179924930,1788179927924,2994,2569.99,118,10982658,0,844
FAIR,14,concurrent,Q1,769,1349,3296,1788179924930,1788179927946,3016,2563.65,118,10981092,0,819
FAIR,14,concurrent,Q1,770,1351,3299,1788179927983,1788179927989,6,2.94,0,0,5869,0
FAIR,14,concurrent,Q1,771,1353,3300,1788179927994,1788179928004,10,4.39,0,0,5869,844
FAIR,14,concurrent,Q1,772,1356,3301,1788179928019,1788179928023,4,1.05,0,0,844,0
FAIR,14,concurrent,Q1,773,1357,3308,1788179929635,1788179929785,150,123.44,0,3269202,0,1965203
FAIR,14,concurrent,Q1,773,1357,3303,1788179929634,1788179930133,499,364.87,54,13077410,0,7743802
FAIR,14,concurrent,Q1,773,1357,3305,1788179929634,1788179930153,519,380.25,54,13079810,0,7735803
FAIR,14,concurrent,Q1,773,1357,3302,1788179929634,1788179930156,522,382.32,54,13078278,0,7750473
FAIR,14,concurrent,Q1,773,1357,3304,1788179929634,1788179930158,524,381.12,54,13078846,0,7738331
FAIR,14,concurrent,Q1,773,1357,3306,1788179929635,1788179930168,533,399.41,54,13078244,0,7738877
FAIR,14,concurrent,Q1,773,1357,3307,1788179929635,1788179930178,543,405.31,54,13078900,0,7743364
FAIR,14,concurrent,Q1,774,1358,3309,1788179929637,1788179929686,49,31.11,0,1484824,0,0
FAIR,14,concurrent,Q1,775,1359,3310,1788179929714,1788179929998,284,247.55,0,11640628,0,1604055
FAIR,14,concurrent,Q1,776,1361,3311,1788179930012,1788179930049,37,28.60,0,0,1604055,0
FAIR,14,concurrent,Q3,777,1363,3318,1788179930216,1788179930289,73,63.98,0,0,2886189,0
FAIR,14,concurrent,Q3,777,1363,3313,1788179930216,1788179930290,74,63.31,0,0,2919240,0
FAIR,14,concurrent,Q3,777,1363,3316,1788179930216,1788179930295,79,63.04,0,0,2898701,0
FAIR,14,concurrent,Q3,777,1363,3322,1788179930216,1788179930295,79,62.55,0,0,2909695,0
FAIR,14,concurrent,Q3,777,1363,3320,1788179930216,1788179930296,80,61.69,0,0,2908811,0
FAIR,14,concurrent,Q3,777,1363,3317,1788179930216,1788179930297,81,61.24,0,0,2895639,0
FAIR,14,concurrent,Q3,777,1363,3323,1788179930216,1788179930298,82,64.21,0,0,2888143,0
FAIR,14,concurrent,Q3,777,1363,3312,1788179930215,1788179930299,84,62.39,0,0,2898550,0
FAIR,14,concurrent,Q3,777,1363,3314,1788179930216,1788179930299,83,61.46,0,0,2899714,0
FAIR,14,concurrent,Q3,777,1363,3315,1788179930216,1788179930316,100,54.06,0,0,2887662,0
FAIR,14,concurrent,Q3,777,1363,3319,1788179930216,1788179930321,105,60.70,0,0,2910947,0
FAIR,14,concurrent,Q3,777,1363,3321,1788179930216,1788179930321,105,61.68,0,0,2895551,0
FAIR,14,concurrent,Q3,777,1363,3324,1788179930216,1788179930321,105,54.00,0,0,2929089,0
FAIR,14,concurrent,Q3,777,1363,3326,1788179930216,1788179930322,106,61.56,0,0,2925625,0
FAIR,14,concurrent,Q3,777,1363,3325,1788179930216,1788179930323,107,63.24,0,0,2941007,0
FAIR,14,concurrent,Q3,777,1363,3328,1788179930287,1788179930329,42,32.81,0,0,1923841,0
FAIR,14,concurrent,Q3,777,1363,3327,1788179930287,1788179930353,66,54.84,0,0,2897449,0
FAIR,14,concurrent,Q3,778,1364,3335,1788179931918,1788179932005,87,52.58,0,3298702,0,79
FAIR,14,concurrent,Q3,778,1364,3331,1788179931918,1788179932450,532,176.41,0,13196906,0,79
FAIR,14,concurrent,Q3,778,1364,3333,1788179931918,1788179932465,547,169.85,0,13196308,0,79
FAIR,14,concurrent,Q3,778,1364,3332,1788179931918,1788179932466,548,169.14,0,13197882,0,79
FAIR,14,concurrent,Q3,778,1364,3334,1788179931918,1788179932471,553,176.99,0,13196956,0,79
FAIR,14,concurrent,Q3,778,1364,3329,1788179931917,1788179932471,554,177.88,0,13196314,0,79
FAIR,14,concurrent,Q3,778,1364,3330,1788179931918,1788179932472,554,174.61,0,13195474,0,79
FAIR,14,concurrent,Q6,779,1366,3336,1788179932483,1788179932485,2,0.75,0,0,553,0
FAIR,14,concurrent,Q6,780,1367,3337,1788179934109,1788179934609,500,466.60,0,3317556,0,14534997
FAIR,14,concurrent,Q6,781,1368,3344,1788179934114,1788179934221,107,82.19,0,3825626,0,26922
FAIR,14,concurrent,Q6,781,1368,3341,1788179934114,1788179934421,307,224.56,0,15305646,0,57595
FAIR,14,concurrent,Q6,781,1368,3342,1788179934114,1788179934430,316,221.94,0,15304056,0,58481
FAIR,14,concurrent,Q6,781,1368,3343,1788179934114,1788179934431,317,228.61,0,15304688,0,59166
FAIR,14,concurrent,Q6,781,1368,3339,1788179934113,1788179934432,319,233.27,0,15303234,0,58962
FAIR,14,concurrent,Q6,781,1368,3340,1788179934113,1788179934438,325,235.35,0,15304618,0,58647
FAIR,14,concurrent,Q6,781,1368,3338,1788179934113,1788179934444,331,234.36,0,15304022,0,59807
FAIR,14,concurrent,Q6,782,1370,3345,1788179934456,1788179934468,12,10.27,0,0,379580,0
FAIR,14,concurrent,Q12,783,1372,3352,1788179934632,1788179934659,27,23.72,0,0,1021566,154
FAIR,14,concurrent,Q12,783,1372,3350,1788179934632,1788179934660,28,22.63,0,0,1015054,154
FAIR,14,concurrent,Q12,783,1372,3351,1788179934632,1788179934667,35,30.66,0,0,1014559,154
FAIR,14,concurrent,Q12,783,1372,3354,1788179934632,1788179934667,35,30.72,0,0,1018284,154
FAIR,14,concurrent,Q12,783,1372,3357,1788179934632,1788179934667,35,31.06,0,0,1020274,154
FAIR,14,concurrent,Q12,783,1372,3359,1788179934633,1788179934667,34,31.15,0,0,1015509,154
FAIR,14,concurrent,Q12,783,1372,3355,1788179934632,1788179934668,36,32.60,0,0,1015101,154
FAIR,14,concurrent,Q12,783,1372,3353,1788179934632,1788179934668,36,31.47,0,0,1016185,154
FAIR,14,concurrent,Q12,783,1372,3358,1788179934632,1788179934668,36,30.55,0,0,1015360,154
FAIR,14,concurrent,Q12,783,1372,3346,1788179934632,1788179934668,36,32.41,0,0,1092283,154
FAIR,14,concurrent,Q12,783,1372,3348,1788179934632,1788179934668,36,31.59,0,0,1087458,154
FAIR,14,concurrent,Q12,783,1372,3349,1788179934632,1788179934670,38,31.83,0,0,1090847,154
FAIR,14,concurrent,Q12,783,1372,3347,1788179934632,1788179934675,43,25.80,0,0,1090764,154
FAIR,14,concurrent,Q12,783,1372,3356,1788179934632,1788179934675,43,26.59,0,0,1021753,154
FAIR,14,concurrent,Q12,784,1375,3360,1788179934695,1788179934698,3,1.41,0,0,2156,0
FAIR,14,concurrent,Q12,785,1378,3361,1788179934702,1788179934707,5,2.23,0,0,2156,154
FAIR,14,concurrent,Q12,786,1382,3362,1788179934724,1788179934727,3,0.95,0,0,154,0
FAIR,14,concurrent,Q12,787,1383,3363,1788179936290,1788179936357,67,41.38,0,1244534,0,0
FAIR,14,concurrent,Q12,788,1384,3370,1788179936434,1788179936517,83,36.32,0,3269202,0,101
FAIR,14,concurrent,Q12,788,1384,3367,1788179936434,1788179936782,348,137.64,43,13079810,0,99
FAIR,14,concurrent,Q12,788,1384,3365,1788179936433,1788179936786,353,141.17,43,13077410,0,99
FAIR,14,concurrent,Q12,788,1384,3366,1788179936433,1788179936786,353,138.64,43,13078846,0,99
FAIR,14,concurrent,Q12,788,1384,3368,1788179936434,1788179936786,352,138.38,43,13078244,0,99
FAIR,14,concurrent,Q12,788,1384,3364,1788179936433,1788179936786,353,140.75,43,13078278,0,99
FAIR,14,concurrent,Q12,788,1384,3369,1788179936434,1788179936789,355,142.88,43,13078900,0,99
FAIR,14,concurrent,Q14,789,1386,3371,1788179936799,1788179936801,2,0.70,0,0,695,0
FAIR,14,concurrent,Q14,790,1387,3372,1788179938758,1788179938895,137,61.00,0,784744,0,0
FAIR,14,concurrent,Q14,791,1388,3373,1788179938761,1788179940039,1278,1012.15,88,14589748,0,30886715
FAIR,14,concurrent,Q14,792,1389,3380,1788179938783,1788179939357,574,420.19,65,1669066,0,2548115
FAIR,14,concurrent,Q14,792,1389,3377,1788179938782,1788179940396,1614,1235.18,135,6679174,0,8197511
FAIR,14,concurrent,Q14,792,1389,3378,1788179938782,1788179940409,1627,1236.63,135,6677620,0,8197158
FAIR,14,concurrent,Q14,792,1389,3376,1788179938782,1788179940420,1638,1237.49,135,6678222,0,8201066
FAIR,14,concurrent,Q14,792,1389,3375,1788179938782,1788179940443,1661,1251.79,135,6676794,0,8204443
FAIR,14,concurrent,Q14,792,1389,3374,1788179938781,1788179940446,1665,1212.99,135,6677674,0,8204481
FAIR,14,concurrent,Q14,792,1389,3379,1788179938783,1788179940446,1663,1271.16,135,6678296,0,8202194
FAIR,14,concurrent,Q14,793,1390,3387,1788179938887,1788179939192,305,164.43,65,1669066,0,2238587
FAIR,14,concurrent,Q14,793,1390,3382,1788179938786,1788179939683,897,562.43,65,6676794,0,8874749
FAIR,14,concurrent,Q14,793,1390,3386,1788179938787,1788179939742,955,571.22,65,6678296,0,8872181
FAIR,14,concurrent,Q14,793,1390,3381,1788179938786,1788179939772,986,591.29,65,6677674,0,8874676
FAIR,14,concurrent,Q14,793,1390,3384,1788179938787,1788179939778,991,592.27,65,6679174,0,8873847
FAIR,14,concurrent,Q14,793,1390,3385,1788179938787,1788179939780,993,580.65,65,6677620,0,8872119
FAIR,14,concurrent,Q14,793,1390,3383,1788179938786,1788179939795,1009,580.22,65,6678222,0,8873447
FAIR,14,concurrent,Q18,794,1394,3397,1788179940536,1788179940948,412,372.42,20,0,11396280,0
FAIR,14,concurrent,Q18,794,1394,3390,1788179940536,1788179941550,1014,906.45,42,0,11328172,0
FAIR,14,concurrent,Q18,794,1394,3402,1788179940536,1788179941555,1019,886.51,42,0,11412119,0
FAIR,14,concurrent,Q18,794,1394,3395,1788179940536,1788179941573,1037,871.90,42,0,11425234,0
FAIR,14,concurrent,Q18,794,1394,3393,1788179940536,1788179941593,1057,946.67,42,0,11347331,0
FAIR,14,concurrent,Q18,794,1394,3394,1788179940536,1788179941616,1080,889.46,42,0,11338468,0
FAIR,14,concurrent,Q18,794,1394,3396,1788179940536,1788179941626,1090,866.55,42,0,11413836,0
FAIR,14,concurrent,Q18,794,1394,3399,1788179940536,1788179941656,1120,900.93,46,0,11356291,0
FAIR,14,concurrent,Q18,794,1394,3391,1788179940536,1788179941668,1132,921.67,46,0,11397674,0
FAIR,14,concurrent,Q18,794,1394,3392,1788179940536,1788179941681,1145,852.28,46,0,11393041,0
FAIR,14,concurrent,Q18,794,1394,3401,1788179940536,1788179941692,1156,877.39,46,0,11431888,0
FAIR,14,concurrent,Q18,794,1394,3398,1788179940536,1788179941697,1161,867.18,46,0,11410383,0
FAIR,14,concurrent,Q18,794,1394,3389,1788179940536,1788179941701,1165,871.88,46,0,11440429,0
FAIR,14,concurrent,Q18,794,1394,3400,1788179940536,1788179941708,1172,852.79,46,0,11430722,0
FAIR,14,concurrent,Q18,794,1394,3388,1788179940536,1788179941724,1188,872.18,46,0,11410837,0
FAIR,14,concurrent,Q18,794,1394,3403,1788179940945,1788179941801,856,714.28,26,0,11354353,0
FAIR,14,concurrent,Q18,794,1394,3404,1788179941544,1788179941845,301,271.71,4,0,7589199,0
FAIR,15,concurrent,compaction,795,1395,3405,1788179970961,1788179990333,19372,15802.05,461,175454639,0,0
FAIR,15,concurrent,Q1,796,1396,3412,1788179972597,1788179973531,934,763.06,52,2744914,0,845
FAIR,15,concurrent,Q1,796,1396,3408,1788179972596,1788179975603,3007,2513.04,118,10981694,0,840
FAIR,15,concurrent,Q1,796,1396,3406,1788179972595,1788179975645,3050,2541.11,118,10981126,0,841
FAIR,15,concurrent,Q1,796,1396,3410,1788179972596,1788179975671,3075,2558.59,118,10981092,0,819
FAIR,15,concurrent,Q1,796,1396,3409,1788179972596,1788179975762,3166,2661.38,130,10982658,0,844
FAIR,15,concurrent,Q1,796,1396,3411,1788179972597,1788179975802,3205,2687.24,130,10981748,0,840
FAIR,15,concurrent,Q1,796,1396,3407,1788179972596,1788179975823,3227,2677.25,130,10980258,0,840
FAIR,15,concurrent,Q1,797,1398,3413,1788179975860,1788179975866,6,3.04,0,0,5869,0
FAIR,15,concurrent,Q1,798,1400,3414,1788179975872,1788179975883,11,4.85,0,0,5869,844
FAIR,15,concurrent,Q1,799,1403,3415,1788179975896,1788179975901,5,1.44,0,0,844,0
FAIR,15,concurrent,Q1,800,1404,3422,1788179977544,1788179977710,166,141.74,0,3269202,0,1965203
FAIR,15,concurrent,Q1,800,1404,3418,1788179977543,1788179978009,466,390.38,0,13078846,0,7738331
FAIR,15,concurrent,Q1,800,1404,3421,1788179977544,1788179978009,465,393.28,0,13078900,0,7743364
FAIR,15,concurrent,Q1,800,1404,3419,1788179977543,1788179978044,501,398.57,24,13079810,0,7735803
FAIR,15,concurrent,Q1,800,1404,3420,1788179977543,1788179978055,512,410.12,24,13078244,0,7738877
FAIR,15,concurrent,Q1,800,1404,3417,1788179977543,1788179978055,512,414.64,24,13077410,0,7743802
FAIR,15,concurrent,Q1,800,1404,3416,1788179977543,1788179978057,514,416.47,24,13078278,0,7750473
FAIR,15,concurrent,Q1,801,1405,3423,1788179977546,1788179977597,51,29.66,0,1484824,0,0
FAIR,15,concurrent,Q1,802,1406,3424,1788179977629,1788179977930,301,268.49,0,11640628,0,1604055
FAIR,15,concurrent,Q1,803,1408,3425,1788179977947,1788179978002,55,45.58,0,0,1604055,0
FAIR,15,concurrent,Q3,804,1410,3429,1788179978102,1788179978172,70,46.22,14,0,2887662,0
FAIR,15,concurrent,Q3,804,1410,3428,1788179978102,1788179978180,78,55.11,14,0,2899714,0
FAIR,15,concurrent,Q3,804,1410,3430,1788179978102,1788179978181,79,55.36,14,0,2898701,0
FAIR,15,concurrent,Q3,804,1410,3432,1788179978102,1788179978182,80,55.80,14,0,2886189,0
FAIR,15,concurrent,Q3,804,1410,3435,1788179978102,1788179978182,80,55.53,14,0,2895551,0
FAIR,15,concurrent,Q3,804,1410,3427,1788179978102,1788179978183,81,56.38,14,0,2919240,0
FAIR,15,concurrent,Q3,804,1410,3434,1788179978102,1788179978183,81,55.82,14,0,2908811,0
FAIR,15,concurrent,Q3,804,1410,3438,1788179978102,1788179978184,82,57.67,14,0,2929089,0
FAIR,15,concurrent,Q3,804,1410,3433,1788179978102,1788179978186,84,55.73,6,0,2910947,0
FAIR,15,concurrent,Q3,804,1410,3426,1788179978102,1788179978186,84,55.92,14,0,2898550,0
FAIR,15,concurrent,Q3,804,1410,3440,1788179978102,1788179978186,84,57.90,14,0,2925625,0
FAIR,15,concurrent,Q3,804,1410,3436,1788179978102,1788179978191,89,57.37,6,0,2909695,0
FAIR,15,concurrent,Q3,804,1410,3437,1788179978102,1788179978210,108,56.06,14,0,2888143,0
FAIR,15,concurrent,Q3,804,1410,3439,1788179978102,1788179978211,109,55.92,14,0,2941007,0
FAIR,15,concurrent,Q3,804,1410,3442,1788179978178,1788179978212,34,27.74,0,0,1923841,0
FAIR,15,concurrent,Q3,804,1410,3431,1788179978102,1788179978215,113,59.14,14,0,2895639,0
FAIR,15,concurrent,Q3,804,1410,3441,1788179978171,1788179978243,72,42.10,0,0,2897449,0
FAIR,15,concurrent,Q3,805,1411,3449,1788179980026,1788179980110,84,45.34,0,3298702,0,79
FAIR,15,concurrent,Q3,805,1411,3446,1788179980026,1788179980283,257,153.75,0,13197882,0,79
FAIR,15,concurrent,Q3,805,1411,3443,1788179980025,1788179980283,258,167.02,0,13196314,0,79
FAIR,15,concurrent,Q3,805,1411,3445,1788179980026,1788179980291,265,165.16,0,13196906,0,79
FAIR,15,concurrent,Q3,805,1411,3444,1788179980025,1788179980291,266,163.82,0,13195474,0,79
FAIR,15,concurrent,Q3,805,1411,3447,1788179980026,1788179980291,265,165.04,0,13196308,0,79
FAIR,15,concurrent,Q3,805,1411,3448,1788179980026,1788179980302,276,172.94,0,13196956,0,79
FAIR,15,concurrent,Q6,806,1413,3450,1788179980312,1788179980314,2,0.70,0,0,553,0
FAIR,15,concurrent,Q6,807,1414,3451,1788179981933,1788179982486,553,492.04,25,3317556,0,14534997
FAIR,15,concurrent,Q6,808,1415,3458,1788179981939,1788179982043,104,80.46,0,3825626,0,26922
FAIR,15,concurrent,Q6,808,1415,3454,1788179981938,1788179982228,290,206.29,0,15304618,0,58647
FAIR,15,concurrent,Q6,808,1415,3457,1788179981938,1788179982240,302,218.36,0,15304688,0,59166
FAIR,15,concurrent,Q6,808,1415,3453,1788179981938,1788179982243,305,223.07,0,15303234,0,58962
FAIR,15,concurrent,Q6,808,1415,3452,1788179981937,1788179982244,307,226.59,0,15304022,0,59807
FAIR,15,concurrent,Q6,808,1415,3456,1788179981938,1788179982246,308,222.56,0,15304056,0,58481
FAIR,15,concurrent,Q6,808,1415,3455,1788179981938,1788179982248,310,233.02,0,15305646,0,57595
FAIR,15,concurrent,Q6,809,1417,3459,1788179982260,1788179982272,12,10.81,0,0,379580,0
FAIR,15,concurrent,Q12,810,1419,3470,1788179982505,1788179982546,41,27.60,6,0,1021753,154
FAIR,15,concurrent,Q12,810,1419,3460,1788179982505,1788179982549,44,28.75,6,0,1092283,154
FAIR,15,concurrent,Q12,810,1419,3473,1788179982506,1788179982549,43,32.69,6,0,1015509,154
FAIR,15,concurrent,Q12,810,1419,3463,1788179982505,1788179982551,46,34.49,6,0,1090847,154
FAIR,15,concurrent,Q12,810,1419,3472,1788179982505,1788179982552,47,34.05,6,0,1015360,154
FAIR,15,concurrent,Q12,810,1419,3464,1788179982505,1788179982552,47,33.73,6,0,1015054,154
FAIR,15,concurrent,Q12,810,1419,3461,1788179982505,1788179982553,48,34.64,6,0,1090764,154
FAIR,15,concurrent,Q12,810,1419,3462,1788179982505,1788179982554,49,35.30,6,0,1087458,154
FAIR,15,concurrent,Q12,810,1419,3467,1788179982505,1788179982554,49,33.13,6,0,1016185,154
FAIR,15,concurrent,Q12,810,1419,3466,1788179982505,1788179982554,49,33.59,6,0,1021566,154
FAIR,15,concurrent,Q12,810,1419,3471,1788179982505,1788179982554,49,32.20,6,0,1020274,154
FAIR,15,concurrent,Q12,810,1419,3465,1788179982505,1788179982554,49,33.15,6,0,1014559,154
FAIR,15,concurrent,Q12,810,1419,3469,1788179982505,1788179982557,52,28.54,6,0,1015101,154
FAIR,15,concurrent,Q12,810,1419,3468,1788179982505,1788179982560,55,33.85,6,0,1018284,154
FAIR,15,concurrent,Q12,811,1422,3474,1788179982577,1788179982582,5,2.21,0,0,2156,0
FAIR,15,concurrent,Q12,812,1425,3475,1788179982586,1788179982591,5,2.56,0,0,2156,154
FAIR,15,concurrent,Q12,813,1429,3476,1788179982603,1788179982606,3,1.02,0,0,154,0
FAIR,15,concurrent,Q12,814,1430,3477,1788179984168,1788179984236,68,40.36,0,1244534,0,0
FAIR,15,concurrent,Q12,815,1431,3484,1788179984354,1788179984451,97,41.81,0,3269202,0,101
FAIR,15,concurrent,Q12,815,1431,3478,1788179984353,1788179984642,289,133.02,0,13078278,0,99
FAIR,15,concurrent,Q12,815,1431,3481,1788179984354,1788179984645,291,137.43,0,13079810,0,99
FAIR,15,concurrent,Q12,815,1431,3483,1788179984354,1788179984648,294,138.47,0,13078900,0,99
FAIR,15,concurrent,Q12,815,1431,3482,1788179984354,1788179984648,294,136.40,0,13078244,0,99
FAIR,15,concurrent,Q12,815,1431,3479,1788179984353,1788179984648,295,141.10,0,13077410,0,99
FAIR,15,concurrent,Q12,815,1431,3480,1788179984353,1788179984651,298,134.89,0,13078846,0,99
FAIR,15,concurrent,Q14,816,1433,3485,1788179984660,1788179984662,2,0.71,0,0,695,0
FAIR,15,concurrent,Q14,817,1434,3486,1788179986708,1788179987979,1271,966.04,102,14589748,0,30886715
FAIR,15,concurrent,Q14,818,1435,3487,1788179986714,1788179986841,127,65.59,0,784744,0,0
FAIR,15,concurrent,Q18,819,1436,3494,1788179986718,1788179987313,595,387.56,75,1669066,0,2548115
FAIR,15,concurrent,Q18,819,1436,3489,1788179986717,1788179988421,1704,1201.31,156,6676794,0,8204443
FAIR,15,concurrent,Q18,819,1436,3493,1788179986718,1788179988436,1718,1219.33,156,6678296,0,8202194
FAIR,15,concurrent,Q18,819,1436,3490,1788179986717,1788179988441,1724,1233.95,156,6678222,0,8201066
FAIR,15,concurrent,Q18,819,1436,3492,1788179986718,1788179988444,1726,1228.01,156,6677620,0,8197158
FAIR,15,concurrent,Q18,819,1436,3491,1788179986718,1788179988447,1729,1248.48,156,6679174,0,8197511
FAIR,15,concurrent,Q18,819,1436,3488,1788179986716,1788179988450,1734,1213.53,156,6677674,0,8204481
FAIR,15,concurrent,Q18,820,1437,3501,1788179986831,1788179987228,397,169.70,75,1669066,0,2238587
FAIR,15,concurrent,Q18,820,1437,3499,1788179986720,1788179987636,916,555.12,102,6677620,0,8872119
FAIR,15,concurrent,Q18,820,1437,3500,1788179986720,1788179987673,953,559.08,102,6678296,0,8872181
FAIR,15,concurrent,Q18,820,1437,3496,1788179986719,1788179987685,966,560.02,102,6676794,0,8874749
FAIR,15,concurrent,Q18,820,1437,3497,1788179986719,1788179987757,1038,579.30,102,6678222,0,8873447
FAIR,15,concurrent,Q18,820,1437,3495,1788179986719,1788179987781,1062,581.73,102,6677674,0,8874676
FAIR,15,concurrent,Q18,820,1437,3498,1788179986720,1788179987828,1108,574.67,102,6679174,0,8873847
FAIR,15,concurrent,Q18,821,1441,3511,1788179988515,1788179988929,414,361.39,16,0,11396280,0
FAIR,15,concurrent,Q18,821,1441,3509,1788179988515,1788179989531,1016,869.27,45,0,11425234,0
FAIR,15,concurrent,Q18,821,1441,3506,1788179988515,1788179989536,1021,864.08,45,0,11393041,0
FAIR,15,concurrent,Q18,821,1441,3508,1788179988515,1788179989559,1044,891.93,45,0,11338468,0
FAIR,15,concurrent,Q18,821,1441,3502,1788179988514,1788179989586,1072,961.89,45,0,11410837,0
FAIR,15,concurrent,Q18,821,1441,3503,1788179988515,1788179989595,1080,935.71,45,0,11440429,0
FAIR,15,concurrent,Q18,821,1441,3507,1788179988515,1788179989609,1094,935.75,45,0,11347331,0
FAIR,15,concurrent,Q18,821,1441,3513,1788179988515,1788179989614,1099,914.92,45,0,11356291,0
FAIR,15,concurrent,Q18,821,1441,3510,1788179988515,1788179989634,1119,885.13,45,0,11413836,0
FAIR,15,concurrent,Q18,821,1441,3512,1788179988515,1788179989636,1121,878.57,45,0,11410383,0
FAIR,15,concurrent,Q18,821,1441,3514,1788179988515,1788179989646,1131,918.41,45,0,11430722,0
FAIR,15,concurrent,Q18,821,1441,3515,1788179988515,1788179989658,1143,902.70,45,0,11431888,0
FAIR,15,concurrent,Q18,821,1441,3504,1788179988515,1788179989659,1144,914.71,45,0,11328172,0
FAIR,15,concurrent,Q18,821,1441,3505,1788179988515,1788179989680,1165,874.55,45,0,11397674,0
FAIR,15,concurrent,Q18,821,1441,3516,1788179988515,1788179989684,1169,880.59,45,0,11412119,0
FAIR,15,concurrent,Q18,821,1441,3517,1788179988921,1788179989807,886,706.41,36,0,11354353,0
FAIR,15,concurrent,Q18,821,1441,3518,1788179989529,1788179989866,337,300.49,7,0,7589199,0
FAIR,15,baseline,Q1,822,1442,3525,1788180020458,1788180021249,791,676.29,34,2744914,0,845
FAIR,15,baseline,Q1,822,1442,3521,1788180020457,1788180022869,2412,2182.40,70,10981694,0,840
FAIR,15,baseline,Q1,822,1442,3523,1788180020458,1788180022884,2426,2186.28,70,10981092,0,819
FAIR,15,baseline,Q1,822,1442,3522,1788180020458,1788180022948,2490,2225.86,70,10982658,0,844
FAIR,15,baseline,Q1,822,1442,3519,1788180020457,1788180022976,2519,2253.44,74,10981126,0,841
FAIR,15,baseline,Q1,822,1442,3524,1788180020458,1788180022987,2529,2248.28,74,10981748,0,840
FAIR,15,baseline,Q1,822,1442,3520,1788180020457,1788180022992,2535,2268.58,74,10980258,0,840
FAIR,15,baseline,Q1,823,1444,3526,1788180023039,1788180023046,7,3.87,0,0,5869,0
FAIR,15,baseline,Q1,824,1446,3527,1788180023051,1788180023059,8,4.39,0,0,5869,844
FAIR,15,baseline,Q1,825,1449,3528,1788180023079,1788180023084,5,1.63,0,0,844,0
FAIR,15,baseline,Q1,826,1450,3535,1788180024695,1788180024841,146,120.82,0,3269202,0,1965203
FAIR,15,baseline,Q1,826,1450,3532,1788180024695,1788180025104,409,335.66,0,13079810,0,7735803
FAIR,15,baseline,Q1,826,1450,3533,1788180024695,1788180025109,414,338.76,0,13078244,0,7738877
FAIR,15,baseline,Q1,826,1450,3534,1788180024695,1788180025114,419,342.83,0,13078900,0,7743364
FAIR,15,baseline,Q1,826,1450,3529,1788180024694,1788180025114,420,345.31,0,13078278,0,7750473
FAIR,15,baseline,Q1,826,1450,3531,1788180024695,1788180025115,420,345.94,0,13078846,0,7738331
FAIR,15,baseline,Q1,826,1450,3530,1788180024695,1788180025121,426,353.25,0,13077410,0,7743802
FAIR,15,baseline,Q1,827,1451,3536,1788180024698,1788180024741,43,26.68,0,1484824,0,0
FAIR,15,baseline,Q1,828,1452,3537,1788180024776,1788180025048,272,239.19,0,11640628,0,1604055
FAIR,15,baseline,Q1,829,1454,3538,1788180025061,1788180025101,40,30.59,0,0,1604055,0
FAIR,15,baseline,Q3,830,1456,3542,1788180025179,1788180025226,47,40.54,0,0,2887662,0
FAIR,15,baseline,Q3,830,1456,3550,1788180025179,1788180025240,61,54.47,0,0,2888143,0
FAIR,15,baseline,Q3,830,1456,3552,1788180025179,1788180025240,61,55.02,0,0,2941007,0
FAIR,15,baseline,Q3,830,1456,3543,1788180025179,1788180025240,61,54.90,0,0,2898701,0
FAIR,15,baseline,Q3,830,1456,3547,1788180025179,1788180025240,61,53.81,0,0,2908811,0
FAIR,15,baseline,Q3,830,1456,3549,1788180025179,1788180025240,61,54.19,0,0,2909695,0
FAIR,15,baseline,Q3,830,1456,3553,1788180025179,1788180025240,61,55.27,0,0,2925625,0
FAIR,15,baseline,Q3,830,1456,3544,1788180025179,1788180025242,63,53.88,0,0,2895639,0
FAIR,15,baseline,Q3,830,1456,3541,1788180025179,1788180025242,63,55.12,0,0,2899714,0
FAIR,15,baseline,Q3,830,1456,3548,1788180025179,1788180025245,66,52.82,0,0,2895551,0
FAIR,15,baseline,Q3,830,1456,3539,1788180025179,1788180025245,66,57.20,0,0,2898550,0
FAIR,15,baseline,Q3,830,1456,3540,1788180025179,1788180025251,72,55.23,0,0,2919240,0
FAIR,15,baseline,Q3,830,1456,3555,1788180025225,1788180025268,43,36.21,0,0,1923841,0
FAIR,15,baseline,Q3,830,1456,3551,1788180025179,1788180025268,89,53.13,0,0,2929089,0
FAIR,15,baseline,Q3,830,1456,3545,1788180025179,1788180025268,89,52.72,0,0,2886189,0
FAIR,15,baseline,Q3,830,1456,3546,1788180025179,1788180025269,90,57.51,0,0,2910947,0
FAIR,15,baseline,Q3,830,1456,3554,1788180025179,1788180025270,91,55.96,0,0,2897449,0
FAIR,15,baseline,Q3,831,1457,3562,1788180026712,1788180026777,65,40.94,0,3298702,0,79
FAIR,15,baseline,Q3,831,1457,3556,1788180026711,1788180026933,222,147.73,0,13196314,0,79
FAIR,15,baseline,Q3,831,1457,3559,1788180026711,1788180026934,223,151.41,0,13197882,0,79
FAIR,15,baseline,Q3,831,1457,3561,1788180026712,1788180026940,228,153.35,0,13196956,0,79
FAIR,15,baseline,Q3,831,1457,3560,1788180026712,1788180026946,234,156.70,0,13196308,0,79
FAIR,15,baseline,Q3,831,1457,3557,1788180026711,1788180026950,239,164.37,0,13195474,0,79
FAIR,15,baseline,Q3,831,1457,3558,1788180026711,1788180026950,239,165.64,0,13196906,0,79
FAIR,15,baseline,Q3,832,1459,3563,1788180026958,1788180026960,2,0.60,0,0,553,0
FAIR,15,baseline,Q6,833,1460,3564,1788180028437,1788180029227,790,462.23,66,3317556,0,14534997
FAIR,15,baseline,Q6,834,1461,3571,1788180028443,1788180028656,213,71.32,0,3825626,0,26922
FAIR,15,baseline,Q6,834,1461,3566,1788180028442,1788180029199,757,207.60,66,15303234,0,58962
FAIR,15,baseline,Q6,834,1461,3568,1788180028442,1788180029204,762,213.84,66,15305646,0,57595
FAIR,15,baseline,Q6,834,1461,3569,1788180028442,1788180029204,762,216.09,66,15304056,0,58481
FAIR,15,baseline,Q6,834,1461,3567,1788180028442,1788180029204,762,216.41,66,15304618,0,58647
FAIR,15,baseline,Q6,834,1461,3565,1788180028442,1788180029206,764,218.61,66,15304022,0,59807
FAIR,15,baseline,Q6,834,1461,3570,1788180028443,1788180029207,764,212.99,66,15304688,0,59166
FAIR,15,baseline,Q12,835,1463,3572,1788180029219,1788180029231,12,11.13,0,0,379580,0
FAIR,15,baseline,Q12,836,1465,3585,1788180029259,1788180029291,32,29.12,0,0,1015360,154
FAIR,15,baseline,Q12,836,1465,3584,1788180029259,1788180029291,32,29.44,0,0,1020274,154
FAIR,15,baseline,Q12,836,1465,3586,1788180029259,1788180029291,32,29.00,0,0,1015509,154
FAIR,15,baseline,Q12,836,1465,3577,1788180029259,1788180029293,34,31.08,0,0,1015054,154
FAIR,15,baseline,Q12,836,1465,3579,1788180029259,1788180029293,34,31.21,0,0,1021566,154
FAIR,15,baseline,Q12,836,1465,3575,1788180029258,1788180029294,36,31.98,0,0,1087458,154
FAIR,15,baseline,Q12,836,1465,3580,1788180029259,1788180029294,35,31.05,0,0,1016185,154
FAIR,15,baseline,Q12,836,1465,3581,1788180029259,1788180029294,35,30.97,0,0,1018284,154
FAIR,15,baseline,Q12,836,1465,3576,1788180029258,1788180029294,36,32.75,0,0,1090847,154
FAIR,15,baseline,Q12,836,1465,3574,1788180029258,1788180029295,37,32.45,0,0,1090764,154
FAIR,15,baseline,Q12,836,1465,3583,1788180029259,1788180029295,36,30.55,0,0,1021753,154
FAIR,15,baseline,Q12,836,1465,3582,1788180029259,1788180029295,36,30.17,0,0,1015101,154
FAIR,15,baseline,Q12,836,1465,3578,1788180029259,1788180029296,37,31.33,0,0,1014559,154
FAIR,15,baseline,Q12,836,1465,3573,1788180029258,1788180029296,38,32.51,0,0,1092283,154
FAIR,15,baseline,Q12,837,1468,3587,1788180029312,1788180029317,5,2.15,0,0,2156,0
FAIR,15,baseline,Q12,838,1471,3588,1788180029321,1788180029325,4,1.77,0,0,2156,154
FAIR,15,baseline,Q12,839,1475,3589,1788180029341,1788180029344,3,0.84,0,0,154,0
FAIR,15,baseline,Q12,840,1476,3590,1788180030787,1788180030843,56,39.18,0,1244534,0,0
FAIR,15,baseline,Q12,841,1477,3597,1788180030908,1788180030960,52,34.35,0,3269202,0,101
FAIR,15,baseline,Q12,841,1477,3593,1788180030907,1788180031096,189,125.19,0,13078846,0,99
FAIR,15,baseline,Q12,841,1477,3594,1788180030907,1788180031105,198,130.16,0,13079810,0,99
FAIR,15,baseline,Q12,841,1477,3592,1788180030907,1788180031109,202,135.64,0,13077410,0,99
FAIR,15,baseline,Q12,841,1477,3591,1788180030907,1788180031110,203,134.62,0,13078278,0,99
FAIR,15,baseline,Q12,841,1477,3596,1788180030908,1788180031112,204,140.23,0,13078900,0,99
FAIR,15,baseline,Q12,841,1477,3595,1788180030908,1788180031113,205,138.07,0,13078244,0,99
FAIR,15,baseline,Q12,842,1479,3598,1788180031122,1788180031123,1,0.66,0,0,695,0
FAIR,15,baseline,Q14,843,1480,3599,1788180032608,1788180033804,1196,944.58,82,14589748,0,30886715
FAIR,15,baseline,Q14,844,1481,3600,1788180032625,1788180032749,124,62.87,0,784744,0,0
FAIR,15,baseline,Q14,845,1482,3607,1788180032628,1788180033190,562,386.12,69,1669066,0,2548115
FAIR,15,baseline,Q14,845,1482,3604,1788180032628,1788180034075,1447,1166.91,82,6679174,0,8197511
FAIR,15,baseline,Q14,845,1482,3603,1788180032627,1788180034076,1449,1155.94,82,6678222,0,8201066
FAIR,15,baseline,Q14,845,1482,3601,1788180032627,1788180034079,1452,1172.95,82,6677674,0,8204481
FAIR,15,baseline,Q14,845,1482,3605,1788180032628,1788180034091,1463,1162.10,82,6677620,0,8197158
FAIR,15,baseline,Q14,845,1482,3606,1788180032628,1788180034099,1471,1163.72,82,6678296,0,8202194
FAIR,15,baseline,Q14,845,1482,3602,1788180032627,1788180034104,1477,1180.54,82,6676794,0,8204443
FAIR,15,baseline,Q14,846,1483,3614,1788180032632,1788180032870,238,173.55,0,1669066,0,2238587
FAIR,15,baseline,Q14,846,1483,3611,1788180032631,1788180033549,918,587.92,69,6679174,0,8873847
FAIR,15,baseline,Q14,846,1483,3610,1788180032631,1788180033557,926,585.58,69,6678222,0,8873447
FAIR,15,baseline,Q14,846,1483,3608,1788180032630,1788180033563,933,573.86,69,6677674,0,8874676
FAIR,15,baseline,Q14,846,1483,3612,1788180032631,1788180033563,932,585.41,69,6677620,0,8872119
FAIR,15,baseline,Q14,846,1483,3609,1788180032631,1788180033567,936,582.35,69,6676794,0,8874749
FAIR,15,baseline,Q14,846,1483,3613,1788180032632,1788180033572,940,607.08,69,6678296,0,8872181
FAIR,15,baseline,Q18,847,1487,3624,1788180034153,1788180034773,620,360.47,23,0,11396280,0
FAIR,15,baseline,Q18,847,1487,3622,1788180034152,1788180035263,1111,829.45,42,0,11425234,0
FAIR,15,baseline,Q18,847,1487,3619,1788180034152,1788180035270,1118,829.29,42,0,11393041,0
FAIR,15,baseline,Q18,847,1487,3626,1788180034153,1788180035373,1220,881.78,42,0,11356291,0
FAIR,15,baseline,Q18,847,1487,3630,1788180034153,1788180035388,1235,890.93,42,0,11354353,0
FAIR,15,baseline,Q18,847,1487,3623,1788180034153,1788180035392,1239,815.02,42,0,11413836,0
FAIR,15,baseline,Q18,847,1487,3631,1788180034771,1788180035396,625,513.68,19,0,7589199,0
FAIR,15,baseline,Q18,847,1487,3617,1788180034152,1788180035402,1250,842.77,42,0,11328172,0
FAIR,15,baseline,Q18,847,1487,3627,1788180034153,1788180035419,1266,855.92,42,0,11430722,0
FAIR,15,baseline,Q18,847,1487,3628,1788180034153,1788180035421,1268,881.56,42,0,11431888,0
FAIR,15,baseline,Q18,847,1487,3629,1788180034153,1788180035444,1291,809.52,42,0,11412119,0
FAIR,15,baseline,Q18,847,1487,3616,1788180034152,1788180035444,1292,856.58,42,0,11440429,0
FAIR,15,baseline,Q18,847,1487,3621,1788180034152,1788180035453,1301,820.21,42,0,11338468,0
FAIR,15,baseline,Q18,847,1487,3625,1788180034153,1788180035453,1300,809.08,42,0,11410383,0
FAIR,15,baseline,Q18,847,1487,3618,1788180034152,1788180035455,1303,846.03,42,0,11397674,0
FAIR,15,baseline,Q18,847,1487,3615,1788180034152,1788180035462,1310,837.88,42,0,11410837,0
FAIR,15,baseline,Q18,847,1487,3620,1788180034152,1788180035506,1354,769.53,42,0,11347331,0
FAIR,16,baseline,Q1,848,1488,3638,1788180064839,1788180065865,1026,823.97,94,2744914,0,845
FAIR,16,baseline,Q1,848,1488,3633,1788180064838,1788180067797,2959,2440.98,164,10980258,0,840
FAIR,16,baseline,Q1,848,1488,3635,1788180064839,1788180067810,2971,2446.52,164,10982658,0,844
FAIR,16,baseline,Q1,848,1488,3636,1788180064839,1788180067864,3025,2514.69,164,10981092,0,819
FAIR,16,baseline,Q1,848,1488,3637,1788180064839,1788180067865,3026,2519.13,164,10981748,0,840
FAIR,16,baseline,Q1,848,1488,3634,1788180064838,1788180067890,3052,2531.03,164,10981694,0,840
FAIR,16,baseline,Q1,848,1488,3632,1788180064838,1788180067907,3069,2545.70,164,10981126,0,841
FAIR,16,baseline,Q1,849,1490,3639,1788180067950,1788180067957,7,3.60,0,0,5869,0
FAIR,16,baseline,Q1,850,1492,3640,1788180067962,1788180067969,7,3.82,0,0,5869,844
FAIR,16,baseline,Q1,851,1495,3641,1788180067987,1788180067993,6,1.89,0,0,844,0
FAIR,16,baseline,Q1,852,1496,3648,1788180069447,1788180069607,160,125.03,0,3269202,0,1965203
FAIR,16,baseline,Q1,852,1496,3645,1788180069447,1788180069920,473,340.83,31,13079810,0,7735803
FAIR,16,baseline,Q1,852,1496,3646,1788180069447,1788180069935,488,360.72,31,13078244,0,7738877
FAIR,16,baseline,Q1,852,1496,3644,1788180069446,1788180069949,503,361.34,31,13078846,0,7738331
FAIR,16,baseline,Q1,852,1496,3642,1788180069446,1788180069951,505,373.13,31,13078278,0,7750473
FAIR,16,baseline,Q1,852,1496,3647,1788180069447,1788180069952,505,362.11,31,13078900,0,7743364
FAIR,16,baseline,Q1,852,1496,3643,1788180069446,1788180069955,509,373.53,31,13077410,0,7743802
FAIR,16,baseline,Q1,853,1497,3649,1788180069448,1788180069509,61,30.13,0,1484824,0,0
FAIR,16,baseline,Q1,854,1498,3650,1788180069539,1788180069783,244,206.22,0,11640628,0,1604055
FAIR,16,baseline,Q1,855,1500,3651,1788180069828,1788180069882,54,45.37,0,0,1604055,0
FAIR,16,baseline,Q1,856,1502,3662,1788180070002,1788180070069,67,59.25,0,0,2909695,0
FAIR,16,baseline,Q1,856,1502,3665,1788180070003,1788180070070,67,59.50,0,0,2941007,0
FAIR,16,baseline,Q1,856,1502,3656,1788180070002,1788180070071,69,58.03,0,0,2898701,0
FAIR,16,baseline,Q1,856,1502,3657,1788180070002,1788180070072,70,59.17,0,0,2895639,0
FAIR,16,baseline,Q1,856,1502,3667,1788180070003,1788180070072,69,60.16,0,0,2897449,0
FAIR,16,baseline,Q1,856,1502,3658,1788180070002,1788180070087,85,54.89,0,0,2886189,0
FAIR,16,baseline,Q1,856,1502,3655,1788180070002,1788180070090,88,57.88,0,0,2887662,0
FAIR,16,baseline,Q1,856,1502,3652,1788180070002,1788180070090,88,57.87,0,0,2898550,0
FAIR,16,baseline,Q1,856,1502,3661,1788180070002,1788180070135,133,59.71,0,0,2895551,0
FAIR,16,baseline,Q1,856,1502,3664,1788180070003,1788180070135,132,56.30,0,0,2929089,0
FAIR,16,baseline,Q1,856,1502,3668,1788180070067,1788180070142,75,34.45,0,0,1923841,0
FAIR,16,baseline,Q1,856,1502,3666,1788180070003,1788180070142,139,59.10,0,0,2925625,0
FAIR,16,baseline,Q1,856,1502,3659,1788180070002,1788180070143,141,56.54,0,0,2910947,0
FAIR,16,baseline,Q1,856,1502,3660,1788180070002,1788180070147,145,61.89,0,0,2908811,0
FAIR,16,baseline,Q1,856,1502,3653,1788180070002,1788180070147,145,55.92,0,0,2919240,0
FAIR,16,baseline,Q1,856,1502,3654,1788180070002,1788180070151,149,55.09,0,0,2899714,0
FAIR,16,baseline,Q1,856,1502,3663,1788180070003,1788180070154,151,52.79,0,0,2888143,0
FAIR,16,baseline,Q3,857,1503,3675,1788180071611,1788180071697,86,52.83,0,3298702,0,79
FAIR,16,baseline,Q3,857,1503,3669,1788180071609,1788180071862,253,161.09,0,13196314,0,79
FAIR,16,baseline,Q3,857,1503,3672,1788180071610,1788180071865,255,166.72,0,13197882,0,79
FAIR,16,baseline,Q3,857,1503,3673,1788180071610,1788180071871,261,170.18,0,13196308,0,79
FAIR,16,baseline,Q3,857,1503,3674,1788180071610,1788180071879,269,180.22,0,13196956,0,79
FAIR,16,baseline,Q3,857,1503,3671,1788180071610,1788180071880,270,178.30,0,13196906,0,79
FAIR,16,baseline,Q3,857,1503,3670,1788180071609,1788180071886,277,181.14,0,13195474,0,79
FAIR,16,baseline,Q3,858,1505,3676,1788180071905,1788180071907,2,0.71,0,0,553,0
FAIR,16,baseline,Q6,859,1506,3677,1788180073528,1788180074114,586,503.62,20,3317556,0,14534997
FAIR,16,baseline,Q6,860,1507,3684,1788180073533,1788180073665,132,86.76,0,3825626,0,26922
FAIR,16,baseline,Q6,860,1507,3683,1788180073533,1788180073844,311,212.54,0,15304688,0,59166
FAIR,16,baseline,Q6,860,1507,3681,1788180073533,1788180073845,312,216.85,0,15305646,0,57595
FAIR,16,baseline,Q6,860,1507,3682,1788180073533,1788180073855,322,222.71,0,15304056,0,58481
FAIR,16,baseline,Q6,860,1507,3678,1788180073532,1788180073859,327,228.17,0,15304022,0,59807
FAIR,16,baseline,Q6,860,1507,3679,1788180073533,1788180073859,326,227.65,0,15303234,0,58962
FAIR,16,baseline,Q6,860,1507,3680,1788180073533,1788180073860,327,228.93,0,15304618,0,58647
FAIR,16,baseline,Q6,861,1509,3685,1788180073897,1788180073912,15,12.46,0,0,379580,0
FAIR,16,baseline,Q12,862,1511,3691,1788180074140,1788180074175,35,30.93,0,0,1014559,154
FAIR,16,baseline,Q12,862,1511,3697,1788180074140,1788180074175,35,32.06,0,0,1020274,154
FAIR,16,baseline,Q12,862,1511,3690,1788180074140,1788180074176,36,32.04,0,0,1015054,154
FAIR,16,baseline,Q12,862,1511,3686,1788180074140,1788180074178,38,33.81,0,0,1092283,154
FAIR,16,baseline,Q12,862,1511,3692,1788180074140,1788180074178,38,31.66,0,0,1021566,154
FAIR,16,baseline,Q12,862,1511,3696,1788180074140,1788180074178,38,31.68,0,0,1021753,154
FAIR,16,baseline,Q12,862,1511,3695,1788180074140,1788180074178,38,31.73,0,0,1015101,154
FAIR,16,baseline,Q12,862,1511,3698,1788180074140,1788180074181,41,30.60,0,0,1015360,154
FAIR,16,baseline,Q12,862,1511,3693,1788180074140,1788180074181,41,32.20,0,0,1016185,154
FAIR,16,baseline,Q12,862,1511,3694,1788180074140,1788180074182,42,31.55,0,0,1018284,154
FAIR,16,baseline,Q12,862,1511,3689,1788180074140,1788180074182,42,33.38,0,0,1090847,154
FAIR,16,baseline,Q12,862,1511,3687,1788180074140,1788180074182,42,33.71,0,0,1090764,154
FAIR,16,baseline,Q12,862,1511,3699,1788180074140,1788180074188,48,26.77,0,0,1015509,154
FAIR,16,baseline,Q12,862,1511,3688,1788180074140,1788180074190,50,27.97,0,0,1087458,154
FAIR,16,baseline,Q12,863,1514,3700,1788180074230,1788180074235,5,2.05,0,0,2156,0
FAIR,16,baseline,Q12,864,1517,3701,1788180074240,1788180074245,5,2.54,0,0,2156,154
FAIR,16,baseline,Q12,865,1521,3702,1788180074261,1788180074265,4,1.33,0,0,154,0
FAIR,16,baseline,Q12,866,1522,3703,1788180075758,1788180075856,98,49.36,0,1244534,0,0
FAIR,16,baseline,Q12,867,1523,3710,1788180075950,1788180076019,69,41.23,0,3269202,0,101
FAIR,16,baseline,Q12,867,1523,3709,1788180075950,1788180076149,199,129.40,0,13078900,0,99
FAIR,16,baseline,Q12,867,1523,3705,1788180075949,1788180076157,208,139.46,0,13077410,0,99
FAIR,16,baseline,Q12,867,1523,3706,1788180075949,1788180076157,208,135.14,0,13078846,0,99
FAIR,16,baseline,Q12,867,1523,3704,1788180075949,1788180076161,212,139.62,0,13078278,0,99
FAIR,16,baseline,Q12,867,1523,3708,1788180075950,1788180076161,211,136.55,0,13078244,0,99
FAIR,16,baseline,Q12,867,1523,3707,1788180075949,1788180076165,216,138.50,0,13079810,0,99
FAIR,16,baseline,Q12,868,1525,3711,1788180076187,1788180076189,2,0.91,0,0,695,0
FAIR,16,baseline,Q14,869,1526,3712,1788180077733,1788180079180,1447,940.75,88,14589748,0,30886715
FAIR,16,baseline,Q14,870,1527,3713,1788180077740,1788180077925,185,64.97,29,784744,0,0
FAIR,16,baseline,Q14,871,1528,3720,1788180077745,1788180078357,612,395.50,54,1669066,0,2548115
FAIR,16,baseline,Q14,871,1528,3715,1788180077744,1788180079716,1972,1166.15,134,6676794,0,8204443
FAIR,16,baseline,Q14,871,1528,3714,1788180077744,1788180079726,1982,1177.63,134,6677674,0,8204481
FAIR,16,baseline,Q14,871,1528,3717,1788180077745,1788180079726,1981,1178.48,134,6679174,0,8197511
FAIR,16,baseline,Q14,871,1528,3719,1788180077745,1788180079727,1982,1176.29,134,6678296,0,8202194
FAIR,16,baseline,Q14,871,1528,3718,1788180077745,1788180079736,1991,1167.91,134,6677620,0,8197158
FAIR,16,baseline,Q14,871,1528,3716,1788180077744,1788180079738,1994,1192.85,134,6678222,0,8201066
FAIR,16,baseline,Q14,872,1529,3727,1788180077752,1788180078097,345,167.46,29,1669066,0,2238587
FAIR,16,baseline,Q14,872,1529,3724,1788180077750,1788180078969,1219,559.35,82,6679174,0,8873847
FAIR,16,baseline,Q14,872,1529,3721,1788180077749,1788180078990,1241,545.63,82,6677674,0,8874676
FAIR,16,baseline,Q14,872,1529,3722,1788180077749,1788180078990,1241,551.41,82,6676794,0,8874749
FAIR,16,baseline,Q14,872,1529,3726,1788180077750,1788180079007,1257,550.42,82,6678296,0,8872181
FAIR,16,baseline,Q14,872,1529,3725,1788180077750,1788180079059,1309,543.06,88,6677620,0,8872119
FAIR,16,baseline,Q14,872,1529,3723,1788180077750,1788180079113,1363,544.36,88,6678222,0,8873447
FAIR,16,baseline,Q18,873,1533,3737,1788180079788,1788180080335,547,361.34,23,0,11396280,0
FAIR,16,baseline,Q18,873,1533,3736,1788180079788,1788180080893,1105,871.14,49,0,11413836,0
FAIR,16,baseline,Q18,873,1533,3732,1788180079788,1788180080921,1133,906.91,51,0,11393041,0
FAIR,16,baseline,Q18,873,1533,3734,1788180079788,1788180080983,1195,910.99,53,0,11338468,0
FAIR,16,baseline,Q18,873,1533,3740,1788180079788,1788180081000,1212,907.58,53,0,11430722,0
FAIR,16,baseline,Q18,873,1533,3738,1788180079788,1788180081007,1219,862.95,53,0,11410383,0
FAIR,16,baseline,Q18,873,1533,3731,1788180079788,1788180081009,1221,919.74,53,0,11397674,0
FAIR,16,baseline,Q18,873,1533,3730,1788180079788,1788180081022,1234,909.26,55,0,11328172,0
FAIR,16,baseline,Q18,873,1533,3729,1788180079788,1788180081030,1242,913.86,55,0,11440429,0
FAIR,16,baseline,Q18,873,1533,3728,1788180079788,1788180081040,1252,901.94,55,0,11410837,0
FAIR,16,baseline,Q18,873,1533,3735,1788180079788,1788180081047,1259,862.28,55,0,11425234,0
FAIR,16,baseline,Q18,873,1533,3744,1788180080332,1788180081049,717,519.52,32,0,7589199,0
FAIR,16,baseline,Q18,873,1533,3733,1788180079788,1788180081054,1266,886.18,55,0,11347331,0
FAIR,16,baseline,Q18,873,1533,3743,1788180079788,1788180081066,1278,849.06,55,0,11354353,0
FAIR,16,baseline,Q18,873,1533,3742,1788180079788,1788180081070,1282,844.05,55,0,11412119,0
FAIR,16,baseline,Q18,873,1533,3741,1788180079788,1788180081079,1291,842.33,55,0,11431888,0
FAIR,16,baseline,Q18,873,1533,3739,1788180079788,1788180081094,1306,784.53,55,0,11356291,0
FAIR,16,concurrent,compaction,874,1534,3745,1788180110022,1788180130701,20679,16144.98,728,175454639,0,0
FAIR,16,concurrent,Q1,875,1535,3752,1788180111923,1788180112970,1047,751.65,86,2744914,0,845
FAIR,16,concurrent,Q1,875,1535,3749,1788180111922,1788180115006,3084,2518.52,187,10982658,0,844
FAIR,16,concurrent,Q1,875,1535,3746,1788180111922,1788180115108,3186,2627.09,187,10981126,0,841
FAIR,16,concurrent,Q1,875,1535,3750,1788180111923,1788180115157,3234,2653.40,191,10981092,0,819
FAIR,16,concurrent,Q1,875,1535,3751,1788180111923,1788180115207,3284,2686.95,191,10981748,0,840
FAIR,16,concurrent,Q1,875,1535,3747,1788180111922,1788180115266,3344,2756.74,198,10980258,0,840
FAIR,16,concurrent,Q1,875,1535,3748,1788180111922,1788180115316,3394,2819.78,198,10981694,0,840
FAIR,16,concurrent,Q1,876,1537,3753,1788180115382,1788180115389,7,3.51,0,0,5869,0
FAIR,16,concurrent,Q1,877,1539,3754,1788180115395,1788180115402,7,3.61,0,0,5869,844
FAIR,16,concurrent,Q1,878,1542,3755,1788180115427,1788180115431,4,1.54,0,0,844,0
FAIR,16,concurrent,Q1,879,1543,3762,1788180117056,1788180117247,191,126.35,26,3269202,0,1965203
FAIR,16,concurrent,Q1,879,1543,3759,1788180117055,1788180117602,547,381.03,52,13079810,0,7735803
FAIR,16,concurrent,Q1,879,1543,3761,1788180117056,1788180117663,607,409.72,52,13078900,0,7743364
FAIR,16,concurrent,Q1,879,1543,3758,1788180117055,1788180117669,614,407.72,52,13078846,0,7738331
FAIR,16,concurrent,Q1,879,1543,3756,1788180117055,1788180117677,622,416.30,52,13078278,0,7750473
FAIR,16,concurrent,Q1,879,1543,3760,1788180117056,1788180117677,621,424.75,52,13078244,0,7738877
FAIR,16,concurrent,Q1,879,1543,3757,1788180117055,1788180117678,623,418.47,52,13077410,0,7743802
FAIR,16,concurrent,Q1,880,1544,3763,1788180117059,1788180117118,59,28.38,0,1484824,0,0
FAIR,16,concurrent,Q1,881,1545,3764,1788180117179,1788180117499,320,252.88,21,11640628,0,1604055
FAIR,16,concurrent,Q3,882,1547,3765,1788180117520,1788180117578,58,41.09,0,0,1604055,0
FAIR,16,concurrent,Q3,883,1549,3778,1788180117752,1788180117822,70,61.02,0,0,2929089,0
FAIR,16,concurrent,Q3,883,1549,3775,1788180117752,1788180117825,73,61.97,0,0,2895551,0
FAIR,16,concurrent,Q3,883,1549,3773,1788180117752,1788180117825,73,62.85,0,0,2910947,0
FAIR,16,concurrent,Q3,883,1549,3772,1788180117752,1788180117826,74,61.20,0,0,2886189,0
FAIR,16,concurrent,Q3,883,1549,3766,1788180117752,1788180117830,78,64.99,0,0,2898550,0
FAIR,16,concurrent,Q3,883,1549,3771,1788180117752,1788180117833,81,61.82,0,0,2895639,0
FAIR,16,concurrent,Q3,883,1549,3769,1788180117752,1788180117846,94,62.03,0,0,2887662,0
FAIR,16,concurrent,Q3,883,1549,3779,1788180117752,1788180117846,94,62.14,0,0,2941007,0
FAIR,16,concurrent,Q3,883,1549,3780,1788180117752,1788180117852,100,58.69,0,0,2925625,0
FAIR,16,concurrent,Q3,883,1549,3776,1788180117752,1788180117871,119,58.43,0,0,2909695,0
FAIR,16,concurrent,Q3,883,1549,3767,1788180117752,1788180117871,119,56.95,0,0,2919240,0
FAIR,16,concurrent,Q3,883,1549,3770,1788180117752,1788180117871,119,60.56,0,0,2898701,0
FAIR,16,concurrent,Q3,883,1549,3768,1788180117752,1788180117874,122,59.12,0,0,2899714,0
FAIR,16,concurrent,Q3,883,1549,3777,1788180117752,1788180117877,125,58.79,0,0,2888143,0
FAIR,16,concurrent,Q3,883,1549,3774,1788180117752,1788180117877,125,59.48,0,0,2908811,0
FAIR,16,concurrent,Q3,883,1549,3782,1788180117823,1788180117877,54,35.99,0,0,1923841,0
FAIR,16,concurrent,Q3,883,1549,3781,1788180117820,1788180117887,67,48.41,0,0,2897449,0
FAIR,16,concurrent,Q3,884,1550,3789,1788180119754,1788180119820,66,42.77,0,3298702,0,79
FAIR,16,concurrent,Q3,884,1550,3788,1788180119754,1788180120010,256,168.62,14,13196956,0,79
FAIR,16,concurrent,Q3,884,1550,3785,1788180119753,1788180120012,259,174.31,14,13196906,0,79
FAIR,16,concurrent,Q3,884,1550,3783,1788180119753,1788180120018,265,173.01,14,13196314,0,79
FAIR,16,concurrent,Q3,884,1550,3784,1788180119753,1788180120018,265,171.69,14,13195474,0,79
FAIR,16,concurrent,Q3,884,1550,3787,1788180119754,1788180120020,266,178.94,14,13196308,0,79
FAIR,16,concurrent,Q3,884,1550,3786,1788180119754,1788180120024,270,180.01,14,13197882,0,79
FAIR,16,concurrent,Q6,885,1552,3790,1788180120034,1788180120037,3,1.12,0,0,553,0
FAIR,16,concurrent,Q6,886,1553,3791,1788180121639,1788180122171,532,490.43,7,3317556,0,14534997
FAIR,16,concurrent,Q6,887,1554,3798,1788180121644,1788180121758,114,77.71,7,3825626,0,26922
FAIR,16,concurrent,Q6,887,1554,3795,1788180121643,1788180121955,312,215.17,7,15305646,0,57595
FAIR,16,concurrent,Q6,887,1554,3793,1788180121643,1788180121962,319,225.28,7,15303234,0,58962
FAIR,16,concurrent,Q6,887,1554,3794,1788180121643,1788180121967,324,224.10,7,15304618,0,58647
FAIR,16,concurrent,Q6,887,1554,3792,1788180121643,1788180121972,329,227.62,7,15304022,0,59807
FAIR,16,concurrent,Q6,887,1554,3797,1788180121644,1788180121974,330,227.53,7,15304688,0,59166
FAIR,16,concurrent,Q6,887,1554,3796,1788180121644,1788180121975,331,230.07,7,15304056,0,58481
FAIR,16,concurrent,Q6,888,1556,3799,1788180121986,1788180121998,12,10.53,0,0,379580,0
FAIR,16,concurrent,Q12,889,1558,3810,1788180122207,1788180122246,39,34.60,0,0,1021753,154
FAIR,16,concurrent,Q12,889,1558,3813,1788180122207,1788180122246,39,35.17,0,0,1015509,154
FAIR,16,concurrent,Q12,889,1558,3807,1788180122207,1788180122246,39,35.60,0,0,1016185,154
FAIR,16,concurrent,Q12,889,1558,3801,1788180122207,1788180122248,41,37.50,0,0,1090764,154
FAIR,16,concurrent,Q12,889,1558,3804,1788180122207,1788180122249,42,34.75,0,0,1015054,154
FAIR,16,concurrent,Q12,889,1558,3809,1788180122207,1788180122249,42,35.18,0,0,1015101,154
FAIR,16,concurrent,Q12,889,1558,3811,1788180122207,1788180122251,44,33.66,0,0,1020274,154
FAIR,16,concurrent,Q12,889,1558,3812,1788180122207,1788180122251,44,32.92,0,0,1015360,154
FAIR,16,concurrent,Q12,889,1558,3802,1788180122207,1788180122254,47,37.01,0,0,1087458,154
FAIR,16,concurrent,Q12,889,1558,3805,1788180122207,1788180122254,47,34.69,0,0,1014559,154
FAIR,16,concurrent,Q12,889,1558,3808,1788180122207,1788180122264,57,32.50,0,0,1018284,154
FAIR,16,concurrent,Q12,889,1558,3806,1788180122207,1788180122265,58,32.63,0,0,1021566,154
FAIR,16,concurrent,Q12,889,1558,3800,1788180122207,1788180122266,59,34.36,0,0,1092283,154
FAIR,16,concurrent,Q12,889,1558,3803,1788180122207,1788180122267,60,33.08,0,0,1090847,154
FAIR,16,concurrent,Q12,890,1561,3814,1788180122308,1788180122313,5,2.00,0,0,2156,0
FAIR,16,concurrent,Q12,891,1564,3815,1788180122317,1788180122322,5,2.31,0,0,2156,154
FAIR,16,concurrent,Q12,892,1568,3816,1788180122343,1788180122346,3,1.16,0,0,154,0
FAIR,16,concurrent,Q12,893,1569,3817,1788180124040,1788180124192,152,43.40,0,1244534,0,0
FAIR,16,concurrent,Q12,894,1570,3824,1788180124265,1788180124364,99,33.60,0,3269202,0,101
FAIR,16,concurrent,Q12,894,1570,3823,1788180124265,1788180124655,390,135.42,16,13078900,0,99
FAIR,16,concurrent,Q12,894,1570,3822,1788180124265,1788180124658,393,140.19,16,13078244,0,99
FAIR,16,concurrent,Q12,894,1570,3820,1788180124264,1788180124667,403,144.79,16,13078846,0,99
FAIR,16,concurrent,Q12,894,1570,3821,1788180124264,1788180124667,403,147.66,16,13079810,0,99
FAIR,16,concurrent,Q12,894,1570,3818,1788180124264,1788180124668,404,139.74,16,13078278,0,99
FAIR,16,concurrent,Q12,894,1570,3819,1788180124264,1788180124670,406,143.53,16,13077410,0,99
FAIR,16,concurrent,Q14,895,1572,3825,1788180124684,1788180124686,2,0.90,0,0,695,0
FAIR,16,concurrent,Q14,896,1573,3826,1788180126433,1788180127839,1406,986.61,128,14589748,0,30886715
FAIR,16,concurrent,Q14,897,1574,3827,1788180126442,1788180126680,238,62.35,60,784744,0,0
FAIR,16,concurrent,Q14,898,1575,3834,1788180126446,1788180127102,656,408.83,93,1669066,0,2548115
FAIR,16,concurrent,Q14,898,1575,3830,1788180126445,1788180128283,1838,1253.67,170,6678222,0,8201066
FAIR,16,concurrent,Q14,898,1575,3829,1788180126445,1788180128283,1838,1272.45,170,6676794,0,8204443
FAIR,16,concurrent,Q14,898,1575,3828,1788180126445,1788180128287,1842,1271.05,170,6677674,0,8204481
FAIR,16,concurrent,Q14,898,1575,3833,1788180126446,1788180128311,1865,1276.16,170,6678296,0,8202194
FAIR,16,concurrent,Q14,898,1575,3831,1788180126445,1788180128329,1884,1201.84,170,6679174,0,8197511
FAIR,16,concurrent,Q14,898,1575,3832,1788180126446,1788180128336,1890,1292.20,170,6677620,0,8197158
FAIR,16,concurrent,Q14,899,1576,3841,1788180126675,1788180127164,489,178.69,33,1669066,0,2238587
FAIR,16,concurrent,Q14,899,1576,3835,1788180126448,1788180127616,1168,579.81,115,6677674,0,8874676
FAIR,16,concurrent,Q14,899,1576,3839,1788180126449,1788180127620,1171,595.69,115,6677620,0,8872119
FAIR,16,concurrent,Q14,899,1576,3837,1788180126449,1788180127631,1182,583.72,115,6678222,0,8873447
FAIR,16,concurrent,Q14,899,1576,3836,1788180126448,1788180127664,1216,595.39,115,6676794,0,8874749
FAIR,16,concurrent,Q14,899,1576,3840,1788180126449,1788180127670,1221,577.14,115,6678296,0,8872181
FAIR,16,concurrent,Q14,899,1576,3838,1788180126449,1788180127705,1256,572.64,123,6679174,0,8873847
FAIR,16,concurrent,Q18,900,1580,3851,1788180128394,1788180128882,488,355.51,42,0,11396280,0
FAIR,16,concurrent,Q18,900,1580,3852,1788180128394,1788180129585,1191,908.49,83,0,11410383,0
FAIR,16,concurrent,Q18,900,1580,3847,1788180128393,1788180129599,1206,936.74,85,0,11347331,0
FAIR,16,concurrent,Q18,900,1580,3845,1788180128393,1788180129602,1209,927.44,85,0,11397674,0
FAIR,16,concurrent,Q18,900,1580,3849,1788180128393,1788180129612,1219,851.43,85,0,11425234,0
FAIR,16,concurrent,Q18,900,1580,3850,1788180128394,1788180129626,1232,866.10,85,0,11413836,0
FAIR,16,concurrent,Q18,900,1580,3855,1788180128394,1788180129659,1265,914.22,87,0,11431888,0
FAIR,16,concurrent,Q18,900,1580,3846,1788180128393,1788180129675,1282,860.52,87,0,11393041,0
FAIR,16,concurrent,Q18,900,1580,3848,1788180128393,1788180129684,1291,873.24,87,0,11338468,0
FAIR,16,concurrent,Q18,900,1580,3842,1788180128393,1788180129697,1304,886.72,87,0,11410837,0
FAIR,16,concurrent,Q18,900,1580,3844,1788180128393,1788180129702,1309,887.98,87,0,11328172,0
FAIR,16,concurrent,Q18,900,1580,3856,1788180128394,1788180129702,1308,887.53,87,0,11412119,0
FAIR,16,concurrent,Q18,900,1580,3854,1788180128394,1788180129703,1309,900.27,87,0,11430722,0
FAIR,16,concurrent,Q18,900,1580,3843,1788180128393,1788180129707,1314,924.41,87,0,11440429,0
FAIR,16,concurrent,Q18,900,1580,3853,1788180128394,1788180129708,1314,888.42,87,0,11356291,0
FAIR,16,concurrent,Q18,900,1580,3857,1788180128876,1788180129929,1053,799.59,56,0,11354353,0
FAIR,16,concurrent,Q18,900,1580,3858,1788180129580,1788180130017,437,360.98,15,0,7589199,0
FAIR,17,concurrent,compaction,901,1581,3859,1788180159584,1788180179060,19476,15728.74,546,175454639,0,0
FAIR,17,concurrent,Q1,902,1582,3866,1788180161247,1788180162073,826,646.37,49,2744914,0,845
FAIR,17,concurrent,Q1,902,1582,3861,1788180161246,1788180164119,2873,2403.71,140,10980258,0,840
FAIR,17,concurrent,Q1,902,1582,3862,1788180161246,1788180164151,2905,2451.73,140,10981694,0,840
FAIR,17,concurrent,Q1,902,1582,3860,1788180161245,1788180164171,2926,2449.31,140,10981126,0,841
FAIR,17,concurrent,Q1,902,1582,3863,1788180161246,1788180164199,2953,2478.66,143,10982658,0,844
FAIR,17,concurrent,Q1,902,1582,3864,1788180161246,1788180164204,2958,2502.17,143,10981092,0,819
FAIR,17,concurrent,Q1,902,1582,3865,1788180161247,1788180164251,3004,2538.44,147,10981748,0,840
FAIR,17,concurrent,Q1,903,1584,3867,1788180164295,1788180164312,17,3.09,0,0,5869,0
FAIR,17,concurrent,Q1,904,1586,3868,1788180164317,1788180164323,6,3.71,0,0,5869,844
FAIR,17,concurrent,Q1,905,1589,3869,1788180164338,1788180164342,4,1.36,0,0,844,0
FAIR,17,concurrent,Q1,906,1590,3876,1788180165943,1788180166154,211,128.88,50,3269202,0,1965203
FAIR,17,concurrent,Q1,906,1590,3871,1788180165942,1788180166449,507,369.74,50,13077410,0,7743802
FAIR,17,concurrent,Q1,906,1590,3873,1788180165942,1788180166451,509,374.84,50,13079810,0,7735803
FAIR,17,concurrent,Q1,906,1590,3875,1788180165943,1788180166454,511,378.05,50,13078900,0,7743364
FAIR,17,concurrent,Q1,906,1590,3874,1788180165943,1788180166459,516,381.17,50,13078244,0,7738877
FAIR,17,concurrent,Q1,906,1590,3872,1788180165942,1788180166464,522,381.79,50,13078846,0,7738331
FAIR,17,concurrent,Q1,906,1590,3870,1788180165942,1788180166486,544,402.16,50,13078278,0,7750473
FAIR,17,concurrent,Q1,907,1591,3877,1788180165945,1788180165996,51,29.26,0,1484824,0,0
FAIR,17,concurrent,Q1,908,1592,3878,1788180166079,1788180166384,305,270.10,0,11640628,0,1604055
FAIR,17,concurrent,Q3,909,1594,3879,1788180166400,1788180166447,47,38.07,0,0,1604055,0
FAIR,17,concurrent,Q3,910,1596,3890,1788180166520,1788180166586,66,60.43,0,0,2909695,0
FAIR,17,concurrent,Q3,910,1596,3886,1788180166520,1788180166587,67,60.30,0,0,2886189,0
FAIR,17,concurrent,Q3,910,1596,3894,1788180166520,1788180166588,68,60.20,0,0,2925625,0
FAIR,17,concurrent,Q3,910,1596,3892,1788180166520,1788180166589,69,60.42,0,0,2929089,0
FAIR,17,concurrent,Q3,910,1596,3887,1788180166520,1788180166590,70,60.96,0,0,2910947,0
FAIR,17,concurrent,Q3,910,1596,3880,1788180166520,1788180166590,70,59.85,0,0,2898550,0
FAIR,17,concurrent,Q3,910,1596,3888,1788180166520,1788180166591,71,59.75,0,0,2908811,0
FAIR,17,concurrent,Q3,910,1596,3884,1788180166520,1788180166592,72,60.01,0,0,2898701,0
FAIR,17,concurrent,Q3,910,1596,3885,1788180166520,1788180166592,72,59.83,0,0,2895639,0
FAIR,17,concurrent,Q3,910,1596,3882,1788180166520,1788180166597,77,55.87,0,0,2899714,0
FAIR,17,concurrent,Q3,910,1596,3893,1788180166520,1788180166597,77,59.29,0,0,2941007,0
FAIR,17,concurrent,Q3,910,1596,3883,1788180166520,1788180166609,89,59.05,0,0,2887662,0
FAIR,17,concurrent,Q3,910,1596,3889,1788180166520,1788180166611,91,54.27,0,0,2895551,0
FAIR,17,concurrent,Q3,910,1596,3891,1788180166520,1788180166615,95,58.89,0,0,2888143,0
FAIR,17,concurrent,Q3,910,1596,3881,1788180166520,1788180166616,96,60.13,0,0,2919240,0
FAIR,17,concurrent,Q3,910,1596,3896,1788180166585,1788180166632,47,41.05,0,0,1923841,0
FAIR,17,concurrent,Q3,910,1596,3895,1788180166585,1788180166640,55,45.73,0,0,2897449,0
FAIR,17,concurrent,Q3,911,1597,3903,1788180168495,1788180168584,89,41.30,22,3298702,0,79
FAIR,17,concurrent,Q3,911,1597,3902,1788180168495,1788180168755,260,156.52,22,13196956,0,79
FAIR,17,concurrent,Q3,911,1597,3897,1788180168494,1788180168759,265,156.52,22,13196314,0,79
FAIR,17,concurrent,Q3,911,1597,3899,1788180168494,1788180168766,272,172.87,22,13196906,0,79
FAIR,17,concurrent,Q3,911,1597,3901,1788180168495,1788180168767,272,165.21,22,13196308,0,79
FAIR,17,concurrent,Q3,911,1597,3898,1788180168494,1788180168767,273,168.39,22,13195474,0,79
FAIR,17,concurrent,Q3,911,1597,3900,1788180168495,1788180168776,281,177.65,22,13197882,0,79
FAIR,17,concurrent,Q6,912,1599,3904,1788180168785,1788180168787,2,0.78,0,0,553,0
FAIR,17,concurrent,Q6,913,1600,3905,1788180170398,1788180170933,535,468.28,28,3317556,0,14534997
FAIR,17,concurrent,Q6,914,1601,3912,1788180170403,1788180170516,113,82.26,0,3825626,0,26922
FAIR,17,concurrent,Q6,914,1601,3907,1788180170402,1788180170711,309,220.07,0,15303234,0,58962
FAIR,17,concurrent,Q6,914,1601,3909,1788180170403,1788180170714,311,227.16,0,15305646,0,57595
FAIR,17,concurrent,Q6,914,1601,3906,1788180170402,1788180170716,314,222.52,0,15304022,0,59807
FAIR,17,concurrent,Q6,914,1601,3910,1788180170403,1788180170723,320,235.63,0,15304056,0,58481
FAIR,17,concurrent,Q6,914,1601,3908,1788180170403,1788180170728,325,235.88,0,15304618,0,58647
FAIR,17,concurrent,Q6,914,1601,3911,1788180170403,1788180170739,336,244.88,0,15304688,0,59166
FAIR,17,concurrent,Q6,915,1603,3913,1788180170750,1788180170762,12,10.30,0,0,379580,0
FAIR,17,concurrent,Q12,916,1605,3918,1788180170953,1788180170984,31,26.97,0,0,1015054,154
FAIR,17,concurrent,Q12,916,1605,3925,1788180170953,1788180170985,32,25.11,0,0,1020274,154
FAIR,17,concurrent,Q12,916,1605,3920,1788180170953,1788180170992,39,35.12,0,0,1021566,154
FAIR,17,concurrent,Q12,916,1605,3923,1788180170953,1788180170992,39,35.05,0,0,1015101,154
FAIR,17,concurrent,Q12,916,1605,3927,1788180170953,1788180170992,39,35.05,0,0,1015509,154
FAIR,17,concurrent,Q12,916,1605,3919,1788180170953,1788180170992,39,35.27,0,0,1014559,154
FAIR,17,concurrent,Q12,916,1605,3917,1788180170953,1788180170993,40,36.49,0,0,1090847,154
FAIR,17,concurrent,Q12,916,1605,3914,1788180170953,1788180170993,40,36.66,0,0,1092283,154
FAIR,17,concurrent,Q12,916,1605,3926,1788180170953,1788180170994,41,34.13,0,0,1015360,154
FAIR,17,concurrent,Q12,916,1605,3915,1788180170953,1788180170995,42,33.50,0,0,1090764,154
FAIR,17,concurrent,Q12,916,1605,3921,1788180170953,1788180170995,42,30.96,0,0,1016185,154
FAIR,17,concurrent,Q12,916,1605,3916,1788180170953,1788180170996,43,33.07,0,0,1087458,154
FAIR,17,concurrent,Q12,916,1605,3922,1788180170953,1788180171003,50,29.28,0,0,1018284,154
FAIR,17,concurrent,Q12,916,1605,3924,1788180170953,1788180171004,51,28.97,0,0,1021753,154
FAIR,17,concurrent,Q12,917,1608,3928,1788180171021,1788180171025,4,1.57,0,0,2156,0
FAIR,17,concurrent,Q12,918,1611,3929,1788180171028,1788180171033,5,1.82,0,0,2156,154
FAIR,17,concurrent,Q12,919,1615,3930,1788180171046,1788180171049,3,0.95,0,0,154,0
FAIR,17,concurrent,Q12,920,1616,3931,1788180172594,1788180172666,72,44.36,0,1244534,0,0
FAIR,17,concurrent,Q12,921,1617,3938,1788180172732,1788180172809,77,32.94,0,3269202,0,101
FAIR,17,concurrent,Q12,921,1617,3936,1788180172732,1788180173017,285,127.99,9,13078244,0,99
FAIR,17,concurrent,Q12,921,1617,3935,1788180172732,1788180173025,293,131.54,9,13079810,0,99
FAIR,17,concurrent,Q12,921,1617,3933,1788180172731,1788180173026,295,132.22,9,13077410,0,99
FAIR,17,concurrent,Q12,921,1617,3932,1788180172731,1788180173026,295,132.08,9,13078278,0,99
FAIR,17,concurrent,Q12,921,1617,3937,1788180172732,1788180173026,294,131.70,9,13078900,0,99
FAIR,17,concurrent,Q12,921,1617,3934,1788180172731,1788180173033,302,136.92,9,13078846,0,99
FAIR,17,concurrent,Q12,922,1619,3939,1788180173053,1788180173055,2,0.76,0,0,695,0
FAIR,17,concurrent,Q14,923,1620,3940,1788180175074,1788180176394,1320,1025.99,107,14589748,0,30886715
FAIR,17,concurrent,Q14,924,1621,3941,1788180175077,1788180175248,171,64.55,0,784744,0,0
FAIR,17,concurrent,Q14,925,1622,3948,1788180175085,1788180175661,576,400.90,69,1669066,0,2548115
FAIR,17,concurrent,Q14,925,1622,3946,1788180175084,1788180176756,1672,1234.67,146,6677620,0,8197158
FAIR,17,concurrent,Q14,925,1622,3947,1788180175085,1788180176765,1680,1202.59,146,6678296,0,8202194
FAIR,17,concurrent,Q14,925,1622,3942,1788180175084,1788180176771,1687,1252.14,146,6677674,0,8204481
FAIR,17,concurrent,Q14,925,1622,3943,1788180175084,1788180176788,1704,1240.75,146,6676794,0,8204443
FAIR,17,concurrent,Q14,925,1622,3944,1788180175084,1788180176789,1705,1243.61,146,6678222,0,8201066
FAIR,17,concurrent,Q14,925,1622,3945,1788180175084,1788180176803,1719,1210.41,146,6679174,0,8197511
FAIR,17,concurrent,Q14,926,1623,3955,1788180175191,1788180175538,347,164.44,69,1669066,0,2238587
FAIR,17,concurrent,Q14,926,1623,3952,1788180175088,1788180176096,1008,578.22,91,6679174,0,8873847
FAIR,17,concurrent,Q14,926,1623,3953,1788180175089,1788180176121,1032,576.85,91,6677620,0,8872119
FAIR,17,concurrent,Q14,926,1623,3949,1788180175088,1788180176135,1047,594.34,91,6677674,0,8874676
FAIR,17,concurrent,Q14,926,1623,3951,1788180175088,1788180176135,1047,595.48,91,6678222,0,8873447
FAIR,17,concurrent,Q14,926,1623,3954,1788180175089,1788180176169,1080,589.79,91,6678296,0,8872181
FAIR,17,concurrent,Q14,926,1623,3950,1788180175088,1788180176185,1097,572.17,91,6676794,0,8874749
FAIR,17,concurrent,Q18,927,1627,3965,1788180176911,1788180177373,462,390.97,25,0,11396280,0
FAIR,17,concurrent,Q18,927,1627,3960,1788180176911,1788180177986,1075,869.99,60,0,11393041,0
FAIR,17,concurrent,Q18,927,1627,3956,1788180176910,1788180178021,1111,912.78,65,0,11410837,0
FAIR,17,concurrent,Q18,927,1627,3963,1788180176911,1788180178028,1117,863.69,65,0,11425234,0
FAIR,17,concurrent,Q18,927,1627,3958,1788180176911,1788180178032,1121,906.99,65,0,11328172,0
FAIR,17,concurrent,Q18,927,1627,3962,1788180176911,1788180178059,1148,894.50,65,0,11338468,0
FAIR,17,concurrent,Q18,927,1627,3961,1788180176911,1788180178063,1152,936.98,67,0,11347331,0
FAIR,17,concurrent,Q18,927,1627,3968,1788180176911,1788180178077,1166,923.89,67,0,11430722,0
FAIR,17,concurrent,Q18,927,1627,3964,1788180176911,1788180178081,1170,875.35,67,0,11413836,0
FAIR,17,concurrent,Q18,927,1627,3966,1788180176911,1788180178097,1186,897.63,67,0,11410383,0
FAIR,17,concurrent,Q18,927,1627,3957,1788180176910,1788180178098,1188,957.84,67,0,11440429,0
FAIR,17,concurrent,Q18,927,1627,3970,1788180176911,1788180178112,1201,868.85,67,0,11412119,0
FAIR,17,concurrent,Q18,927,1627,3967,1788180176911,1788180178142,1231,895.08,67,0,11356291,0
FAIR,17,concurrent,Q18,927,1627,3959,1788180176911,1788180178158,1247,899.95,67,0,11397674,0
FAIR,17,concurrent,Q18,927,1627,3969,1788180176911,1788180178163,1252,875.29,67,0,11431888,0
FAIR,17,concurrent,Q18,927,1627,3971,1788180177370,1788180178319,949,698.52,45,0,11354353,0
FAIR,17,concurrent,Q18,927,1627,3972,1788180177984,1788180178360,376,334.42,13,0,7589199,0
FAIR,17,baseline,Q1,928,1628,3979,1788180208630,1788180209433,803,677.13,51,2744914,0,845
FAIR,17,baseline,Q1,928,1628,3975,1788180208630,1788180211304,2674,2283.73,103,10981694,0,840
FAIR,17,baseline,Q1,928,1628,3977,1788180208630,1788180211335,2705,2307.94,103,10981092,0,819
FAIR,17,baseline,Q1,928,1628,3973,1788180208629,1788180211335,2706,2297.71,103,10981126,0,841
FAIR,17,baseline,Q1,928,1628,3976,1788180208630,1788180211336,2706,2306.10,103,10982658,0,844
FAIR,17,baseline,Q1,928,1628,3978,1788180208630,1788180211354,2724,2312.28,103,10981748,0,840
FAIR,17,baseline,Q1,928,1628,3974,1788180208630,1788180211391,2761,2345.05,103,10980258,0,840
FAIR,17,baseline,Q1,929,1630,3980,1788180211426,1788180211432,6,3.37,0,0,5869,0
FAIR,17,baseline,Q1,930,1632,3981,1788180211437,1788180211444,7,3.72,0,0,5869,844
FAIR,17,baseline,Q1,931,1635,3982,1788180211460,1788180211464,4,1.31,0,0,844,0
FAIR,17,baseline,Q1,932,1636,3989,1788180212972,1788180213110,138,113.53,0,3269202,0,1965203
FAIR,17,baseline,Q1,932,1636,3983,1788180212971,1788180213376,405,330.27,0,13078278,0,7750473
FAIR,17,baseline,Q1,932,1636,3985,1788180212971,1788180213380,409,335.63,0,13078846,0,7738331
FAIR,17,baseline,Q1,932,1636,3987,1788180212971,1788180213385,414,339.48,0,13078244,0,7738877
FAIR,17,baseline,Q1,932,1636,3988,1788180212972,1788180213387,415,342.55,0,13078900,0,7743364
FAIR,17,baseline,Q1,932,1636,3984,1788180212971,1788180213400,429,355.69,0,13077410,0,7743802
FAIR,17,baseline,Q1,932,1636,3986,1788180212971,1788180213402,431,357.92,0,13079810,0,7735803
FAIR,17,baseline,Q1,933,1637,3990,1788180212975,1788180213022,47,28.65,0,1484824,0,0
FAIR,17,baseline,Q1,934,1638,3991,1788180213050,1788180213338,288,254.41,0,11640628,0,1604055
FAIR,17,baseline,Q1,935,1640,3992,1788180213353,1788180213392,39,31.81,0,0,1604055,0
FAIR,17,baseline,Q1,936,1642,3994,1788180213468,1788180213524,56,51.24,0,0,2919240,0
FAIR,17,baseline,Q1,936,1642,3999,1788180213468,1788180213529,61,54.09,0,0,2886189,0
FAIR,17,baseline,Q1,936,1642,4002,1788180213468,1788180213530,62,54.21,0,0,2895551,0
FAIR,17,baseline,Q1,936,1642,4001,1788180213468,1788180213530,62,53.55,0,0,2908811,0
FAIR,17,baseline,Q1,936,1642,4008,1788180213468,1788180213531,63,54.49,0,0,2897449,0
FAIR,17,baseline,Q1,936,1642,3998,1788180213468,1788180213532,64,53.94,0,0,2895639,0
FAIR,17,baseline,Q1,936,1642,4003,1788180213468,1788180213532,64,55.70,0,0,2909695,0
FAIR,17,baseline,Q1,936,1642,3997,1788180213468,1788180213532,64,55.53,0,0,2898701,0
FAIR,17,baseline,Q1,936,1642,4007,1788180213468,1788180213534,66,55.14,0,0,2925625,0
FAIR,17,baseline,Q1,936,1642,3995,1788180213468,1788180213535,67,53.15,0,0,2899714,0
FAIR,17,baseline,Q1,936,1642,3993,1788180213468,1788180213535,67,53.91,0,0,2898550,0
FAIR,17,baseline,Q1,936,1642,4006,1788180213468,1788180213536,68,55.98,0,0,2941007,0
FAIR,17,baseline,Q1,936,1642,4004,1788180213468,1788180213540,72,52.77,0,0,2888143,0
FAIR,17,baseline,Q1,936,1642,4000,1788180213468,1788180213542,74,51.81,0,0,2910947,0
FAIR,17,baseline,Q1,936,1642,3996,1788180213468,1788180213550,82,45.57,0,0,2887662,0
FAIR,17,baseline,Q1,936,1642,4005,1788180213468,1788180213551,83,47.27,0,0,2929089,0
FAIR,17,baseline,Q1,936,1642,4009,1788180213522,1788180213557,35,24.79,0,0,1923841,0
FAIR,17,baseline,Q3,937,1643,4016,1788180214987,1788180215050,63,40.70,0,3298702,0,79
FAIR,17,baseline,Q3,937,1643,4010,1788180214986,1788180215228,242,147.48,19,13196314,0,79
FAIR,17,baseline,Q3,937,1643,4012,1788180214986,1788180215231,245,149.37,19,13196906,0,79
FAIR,17,baseline,Q3,937,1643,4014,1788180214987,1788180215232,245,150.44,19,13196308,0,79
FAIR,17,baseline,Q3,937,1643,4013,1788180214987,1788180215233,246,155.32,19,13197882,0,79
FAIR,17,baseline,Q3,937,1643,4015,1788180214987,1788180215236,249,155.83,19,13196956,0,79
FAIR,17,baseline,Q3,937,1643,4011,1788180214986,1788180215241,255,162.65,19,13195474,0,79
FAIR,17,baseline,Q3,938,1645,4017,1788180215250,1788180215252,2,0.94,0,0,553,0
FAIR,17,baseline,Q6,939,1646,4018,1788180216940,1788180217453,513,473.27,0,3317556,0,14534997
FAIR,17,baseline,Q6,940,1647,4025,1788180216945,1788180217062,117,78.71,0,3825626,0,26922
FAIR,17,baseline,Q6,940,1647,4023,1788180216944,1788180217249,305,216.04,0,15304056,0,58481
FAIR,17,baseline,Q6,940,1647,4021,1788180216944,1788180217256,312,215.96,0,15304618,0,58647
FAIR,17,baseline,Q6,940,1647,4019,1788180216944,1788180217256,312,219.08,0,15304022,0,59807
FAIR,17,baseline,Q6,940,1647,4022,1788180216944,1788180217256,312,212.25,0,15305646,0,57595
FAIR,17,baseline,Q6,940,1647,4024,1788180216944,1788180217267,323,234.79,0,15304688,0,59166
FAIR,17,baseline,Q6,940,1647,4020,1788180216944,1788180217269,325,227.03,0,15303234,0,58962
FAIR,17,baseline,Q6,941,1649,4026,1788180217282,1788180217294,12,10.54,0,0,379580,0
FAIR,17,baseline,Q12,942,1651,4033,1788180217475,1788180217500,25,22.68,0,0,1021566,154
FAIR,17,baseline,Q12,942,1651,4027,1788180217475,1788180217507,32,28.58,0,0,1092283,154
FAIR,17,baseline,Q12,942,1651,4034,1788180217475,1788180217508,33,29.67,0,0,1016185,154
FAIR,17,baseline,Q12,942,1651,4036,1788180217475,1788180217508,33,29.91,0,0,1015101,154
FAIR,17,baseline,Q12,942,1651,4039,1788180217475,1788180217508,33,30.03,0,0,1015360,154
FAIR,17,baseline,Q12,942,1651,4031,1788180217475,1788180217508,33,28.15,0,0,1015054,154
FAIR,17,baseline,Q12,942,1651,4040,1788180217475,1788180217509,34,29.88,0,0,1015509,154
FAIR,17,baseline,Q12,942,1651,4032,1788180217475,1788180217509,34,29.99,0,0,1014559,154
FAIR,17,baseline,Q12,942,1651,4037,1788180217475,1788180217509,34,30.00,0,0,1021753,154
FAIR,17,baseline,Q12,942,1651,4035,1788180217475,1788180217509,34,29.99,0,0,1018284,154
FAIR,17,baseline,Q12,942,1651,4038,1788180217475,1788180217509,34,29.96,0,0,1020274,154
FAIR,17,baseline,Q12,942,1651,4030,1788180217475,1788180217509,34,29.91,0,0,1090847,154
FAIR,17,baseline,Q12,942,1651,4029,1788180217475,1788180217509,34,30.95,0,0,1087458,154
FAIR,17,baseline,Q12,942,1651,4028,1788180217475,1788180217510,35,31.15,0,0,1090764,154
FAIR,17,baseline,Q12,943,1654,4041,1788180217525,1788180217529,4,1.59,0,0,2156,0
FAIR,17,baseline,Q12,944,1657,4042,1788180217532,1788180217536,4,1.72,0,0,2156,154
FAIR,17,baseline,Q12,945,1661,4043,1788180217553,1788180217556,3,0.87,0,0,154,0
FAIR,17,baseline,Q12,946,1662,4044,1788180218990,1788180219048,58,40.32,0,1244534,0,0
FAIR,17,baseline,Q12,947,1663,4051,1788180219193,1788180219258,65,39.31,0,3269202,0,101
FAIR,17,baseline,Q12,947,1663,4049,1788180219193,1788180219402,209,133.78,0,13078244,0,99
FAIR,17,baseline,Q12,947,1663,4048,1788180219192,1788180219408,216,139.30,0,13079810,0,99
FAIR,17,baseline,Q12,947,1663,4047,1788180219192,1788180219408,216,140.94,0,13078846,0,99
FAIR,17,baseline,Q12,947,1663,4045,1788180219192,1788180219411,219,144.78,0,13078278,0,99
FAIR,17,baseline,Q12,947,1663,4046,1788180219192,1788180219413,221,143.86,0,13077410,0,99
FAIR,17,baseline,Q12,947,1663,4050,1788180219193,1788180219415,222,149.71,0,13078900,0,99
FAIR,17,baseline,Q12,948,1665,4052,1788180219425,1788180219427,2,0.82,0,0,695,0
FAIR,17,baseline,Q14,949,1666,4053,1788180220912,1788180222153,1241,977.01,103,14589748,0,30886715
FAIR,17,baseline,Q14,950,1667,4054,1788180220923,1788180221102,179,68.06,35,784744,0,0
FAIR,17,baseline,Q14,951,1668,4061,1788180220925,1788180221518,593,383.46,79,1669066,0,2548115
FAIR,17,baseline,Q14,951,1668,4060,1788180220925,1788180222623,1698,1262.88,139,6678296,0,8202194
FAIR,17,baseline,Q14,951,1668,4056,1788180220925,1788180222660,1735,1268.96,139,6676794,0,8204443
FAIR,17,baseline,Q14,951,1668,4057,1788180220925,1788180222663,1738,1301.68,139,6678222,0,8201066
FAIR,17,baseline,Q14,951,1668,4059,1788180220925,1788180222672,1747,1242.46,139,6677620,0,8197158
FAIR,17,baseline,Q14,951,1668,4055,1788180220924,1788180222676,1752,1289.07,139,6677674,0,8204481
FAIR,17,baseline,Q14,951,1668,4058,1788180220925,1788180222683,1758,1263.74,139,6679174,0,8197511
FAIR,17,baseline,Q14,952,1669,4068,1788180220929,1788180221295,366,172.64,56,1669066,0,2238587
FAIR,17,baseline,Q14,952,1669,4063,1788180220928,1788180221950,1022,593.47,93,6676794,0,8874749
FAIR,17,baseline,Q14,952,1669,4065,1788180220928,1788180221961,1033,594.69,93,6679174,0,8873847
FAIR,17,baseline,Q14,952,1669,4066,1788180220929,1788180221965,1036,579.73,93,6677620,0,8872119
FAIR,17,baseline,Q14,952,1669,4064,1788180220928,1788180221974,1046,603.45,93,6678222,0,8873447
FAIR,17,baseline,Q14,952,1669,4062,1788180220927,1788180221986,1059,597.58,93,6677674,0,8874676
FAIR,17,baseline,Q14,952,1669,4067,1788180220929,1788180221986,1057,627.60,93,6678296,0,8872181
FAIR,17,baseline,Q18,953,1673,4078,1788180222739,1788180223476,737,368.48,28,0,11396280,0
FAIR,17,baseline,Q18,953,1673,4073,1788180222739,1788180223867,1128,864.88,51,0,11393041,0
FAIR,17,baseline,Q18,953,1673,4077,1788180222739,1788180223931,1192,860.97,53,0,11413836,0
FAIR,17,baseline,Q18,953,1673,4083,1788180222739,1788180223937,1198,908.57,53,0,11412119,0
FAIR,17,baseline,Q18,953,1673,4069,1788180222738,1788180223964,1226,913.51,53,0,11410837,0
FAIR,17,baseline,Q18,953,1673,4074,1788180222739,1788180223966,1227,939.38,53,0,11347331,0
FAIR,17,baseline,Q18,953,1673,4084,1788180222739,1788180223970,1231,911.85,53,0,11354353,0
FAIR,17,baseline,Q18,953,1673,4082,1788180222739,1788180223987,1248,905.71,53,0,11431888,0
FAIR,17,baseline,Q18,953,1673,4079,1788180222739,1788180223989,1250,892.32,53,0,11410383,0
FAIR,17,baseline,Q18,953,1673,4071,1788180222739,1788180224002,1263,911.06,53,0,11328172,0
FAIR,17,baseline,Q18,953,1673,4076,1788180222739,1788180224018,1279,817.02,53,0,11425234,0
FAIR,17,baseline,Q18,953,1673,4081,1788180222739,1788180224020,1281,869.08,53,0,11430722,0
FAIR,17,baseline,Q18,953,1673,4080,1788180222739,1788180224027,1288,858.06,53,0,11356291,0
FAIR,17,baseline,Q18,953,1673,4075,1788180222739,1788180224037,1298,852.96,55,0,11338468,0
FAIR,17,baseline,Q18,953,1673,4085,1788180223466,1788180224049,583,482.48,27,0,7589199,0
FAIR,17,baseline,Q18,953,1673,4070,1788180222739,1788180224059,1320,855.61,55,0,11440429,0
FAIR,17,baseline,Q18,953,1673,4072,1788180222739,1788180224070,1331,849.93,55,0,11397674,0
FAIR,18,baseline,Q1,954,1674,4092,1788180252334,1788180253098,764,659.71,40,2744914,0,845
FAIR,18,baseline,Q1,954,1674,4087,1788180252333,1788180254616,2283,2038.46,83,10980258,0,840
FAIR,18,baseline,Q1,954,1674,4086,1788180252333,1788180254663,2330,2085.55,88,10981126,0,841
FAIR,18,baseline,Q1,954,1674,4088,1788180252333,1788180254682,2349,2103.17,88,10981694,0,840
FAIR,18,baseline,Q1,954,1674,4090,1788180252334,1788180254685,2351,2105.96,88,10981092,0,819
FAIR,18,baseline,Q1,954,1674,4089,1788180252334,1788180254714,2380,2123.12,88,10982658,0,844
FAIR,18,baseline,Q1,954,1674,4091,1788180252334,1788180254769,2435,2171.59,88,10981748,0,840
FAIR,18,baseline,Q1,955,1676,4093,1788180254800,1788180254806,6,2.87,0,0,5869,0
FAIR,18,baseline,Q1,956,1678,4094,1788180254810,1788180254817,7,3.31,0,0,5869,844
FAIR,18,baseline,Q1,957,1681,4095,1788180254830,1788180254833,3,1.19,0,0,844,0
FAIR,18,baseline,Q1,958,1682,4102,1788180256530,1788180256664,134,111.09,0,3269202,0,1965203
FAIR,18,baseline,Q1,958,1682,4096,1788180256529,1788180256918,389,321.39,0,13078278,0,7750473
FAIR,18,baseline,Q1,958,1682,4097,1788180256529,1788180256928,399,326.83,0,13077410,0,7743802
FAIR,18,baseline,Q1,958,1682,4100,1788180256529,1788180256930,401,333.35,0,13078244,0,7738877
FAIR,18,baseline,Q1,958,1682,4099,1788180256529,1788180256931,402,338.68,0,13079810,0,7735803
FAIR,18,baseline,Q1,958,1682,4101,1788180256530,1788180256938,408,338.40,0,13078900,0,7743364
FAIR,18,baseline,Q1,958,1682,4098,1788180256529,1788180256940,411,341.87,0,13078846,0,7738331
FAIR,18,baseline,Q1,959,1683,4103,1788180256532,1788180256572,40,23.24,0,1484824,0,0
FAIR,18,baseline,Q1,960,1684,4104,1788180256597,1788180256829,232,201.17,0,11640628,0,1604055
FAIR,18,baseline,Q1,961,1686,4105,1788180256843,1788180256878,35,26.69,0,0,1604055,0
FAIR,18,baseline,Q3,962,1688,4115,1788180256961,1788180257022,61,55.33,0,0,2895551,0
FAIR,18,baseline,Q3,962,1688,4117,1788180256961,1788180257022,61,54.42,0,0,2888143,0
FAIR,18,baseline,Q3,962,1688,4111,1788180256961,1788180257022,61,55.52,0,0,2895639,0
FAIR,18,baseline,Q3,962,1688,4116,1788180256961,1788180257022,61,55.32,0,0,2909695,0
FAIR,18,baseline,Q3,962,1688,4112,1788180256961,1788180257022,61,55.71,0,0,2886189,0
FAIR,18,baseline,Q3,962,1688,4113,1788180256961,1788180257023,62,54.81,0,0,2910947,0
FAIR,18,baseline,Q3,962,1688,4109,1788180256961,1788180257023,62,55.62,0,0,2887662,0
FAIR,18,baseline,Q3,962,1688,4106,1788180256961,1788180257023,62,55.21,0,0,2898550,0
FAIR,18,baseline,Q3,962,1688,4110,1788180256961,1788180257023,62,55.97,0,0,2898701,0
FAIR,18,baseline,Q3,962,1688,4118,1788180256961,1788180257023,62,56.85,0,0,2929089,0
FAIR,18,baseline,Q3,962,1688,4108,1788180256961,1788180257023,62,55.60,0,0,2899714,0
FAIR,18,baseline,Q3,962,1688,4120,1788180256961,1788180257024,63,56.22,0,0,2925625,0
FAIR,18,baseline,Q3,962,1688,4121,1788180256961,1788180257025,64,54.26,0,0,2897449,0
FAIR,18,baseline,Q3,962,1688,4107,1788180256961,1788180257028,67,55.56,0,0,2919240,0
FAIR,18,baseline,Q3,962,1688,4119,1788180256961,1788180257031,70,60.20,0,0,2941007,0
FAIR,18,baseline,Q3,962,1688,4114,1788180256961,1788180257049,88,48.57,0,0,2908811,0
FAIR,18,baseline,Q3,962,1688,4122,1788180257021,1788180257051,30,25.28,0,0,1923841,0
FAIR,18,baseline,Q3,963,1689,4129,1788180258401,1788180258467,66,39.10,0,3298702,0,79
FAIR,18,baseline,Q3,963,1689,4125,1788180258400,1788180258634,234,136.11,17,13196906,0,79
FAIR,18,baseline,Q3,963,1689,4128,1788180258401,1788180258641,240,139.73,17,13196956,0,79
FAIR,18,baseline,Q3,963,1689,4126,1788180258401,1788180258644,243,146.30,17,13197882,0,79
FAIR,18,baseline,Q3,963,1689,4124,1788180258400,1788180258648,248,152.40,17,13195474,0,79
FAIR,18,baseline,Q3,963,1689,4127,1788180258401,1788180258651,250,151.28,17,13196308,0,79
FAIR,18,baseline,Q3,963,1689,4123,1788180258400,1788180258653,253,153.53,17,13196314,0,79
FAIR,18,baseline,Q3,964,1691,4130,1788180258668,1788180258670,2,0.62,0,0,553,0
FAIR,18,baseline,Q6,965,1692,4131,1788180260058,1788180260517,459,420.08,0,3317556,0,14534997
FAIR,18,baseline,Q6,966,1693,4138,1788180260063,1788180260160,97,73.90,0,3825626,0,26922
FAIR,18,baseline,Q6,966,1693,4132,1788180260062,1788180260327,265,193.13,0,15304022,0,59807
FAIR,18,baseline,Q6,966,1693,4134,1788180260062,1788180260331,269,193.10,0,15304618,0,58647
FAIR,18,baseline,Q6,966,1693,4136,1788180260062,1788180260332,270,199.31,0,15304056,0,58481
FAIR,18,baseline,Q6,966,1693,4135,1788180260062,1788180260336,274,198.69,0,15305646,0,57595
FAIR,18,baseline,Q6,966,1693,4137,1788180260063,1788180260337,274,195.27,0,15304688,0,59166
FAIR,18,baseline,Q6,966,1693,4133,1788180260062,1788180260342,280,195.20,0,15303234,0,58962
FAIR,18,baseline,Q6,967,1695,4139,1788180260352,1788180260363,11,9.38,0,0,379580,0
FAIR,18,baseline,Q6,968,1697,4152,1788180260544,1788180260576,32,27.79,0,0,1015360,154
FAIR,18,baseline,Q6,968,1697,4142,1788180260544,1788180260580,36,31.94,0,0,1087458,154
FAIR,18,baseline,Q6,968,1697,4144,1788180260544,1788180260583,39,33.79,0,0,1015054,154
FAIR,18,baseline,Q6,968,1697,4153,1788180260544,1788180260583,39,33.77,0,0,1015509,154
FAIR,18,baseline,Q6,968,1697,4151,1788180260544,1788180260583,39,34.55,0,0,1020274,154
FAIR,18,baseline,Q6,968,1697,4150,1788180260544,1788180260583,39,35.01,0,0,1021753,154
FAIR,18,baseline,Q6,968,1697,4148,1788180260544,1788180260584,40,33.98,0,0,1018284,154
FAIR,18,baseline,Q6,968,1697,4145,1788180260544,1788180260584,40,33.84,0,0,1014559,154
FAIR,18,baseline,Q6,968,1697,4147,1788180260544,1788180260584,40,31.02,0,0,1016185,154
FAIR,18,baseline,Q6,968,1697,4140,1788180260544,1788180260585,41,36.04,0,0,1092283,154
FAIR,18,baseline,Q6,968,1697,4141,1788180260544,1788180260588,44,34.95,0,0,1090764,154
FAIR,18,baseline,Q6,968,1697,4143,1788180260544,1788180260589,45,34.46,0,0,1090847,154
FAIR,18,baseline,Q6,968,1697,4149,1788180260544,1788180260591,47,27.10,0,0,1015101,154
FAIR,18,baseline,Q6,968,1697,4146,1788180260544,1788180260592,48,28.93,0,0,1021566,154
FAIR,18,baseline,Q6,969,1700,4154,1788180260611,1788180260615,4,1.78,0,0,2156,0
FAIR,18,baseline,Q6,970,1703,4155,1788180260618,1788180260623,5,2.15,0,0,2156,154
FAIR,18,baseline,Q6,971,1707,4156,1788180260637,1788180260640,3,0.94,0,0,154,0
FAIR,18,baseline,Q12,972,1708,4157,1788180262165,1788180262218,53,37.11,0,1244534,0,0
FAIR,18,baseline,Q12,973,1709,4164,1788180262281,1788180262337,56,31.12,0,3269202,0,101
FAIR,18,baseline,Q12,973,1709,4163,1788180262279,1788180262491,212,117.15,18,13078900,0,99
FAIR,18,baseline,Q12,973,1709,4158,1788180262278,1788180262497,219,123.30,18,13078278,0,99
FAIR,18,baseline,Q12,973,1709,4161,1788180262278,1788180262497,219,119.91,18,13079810,0,99
FAIR,18,baseline,Q12,973,1709,4160,1788180262278,1788180262502,224,132.88,18,13078846,0,99
FAIR,18,baseline,Q12,973,1709,4159,1788180262278,1788180262504,226,128.54,18,13077410,0,99
FAIR,18,baseline,Q12,973,1709,4162,1788180262279,1788180262508,229,133.20,18,13078244,0,99
FAIR,18,baseline,Q12,974,1711,4165,1788180262523,1788180262525,2,0.84,0,0,695,0
FAIR,18,baseline,Q14,975,1712,4166,1788180263948,1788180265108,1160,933.37,79,14589748,0,30886715
FAIR,18,baseline,Q14,976,1713,4167,1788180263952,1788180264062,110,58.97,0,784744,0,0
FAIR,18,baseline,Q14,977,1714,4174,1788180263955,1788180264455,500,379.78,49,1669066,0,2548115
FAIR,18,baseline,Q14,977,1714,4170,1788180263954,1788180265400,1446,1115.15,109,6678222,0,8201066
FAIR,18,baseline,Q14,977,1714,4169,1788180263954,1788180265400,1446,1132.36,109,6676794,0,8204443
FAIR,18,baseline,Q14,977,1714,4168,1788180263954,1788180265419,1465,1124.53,109,6677674,0,8204481
FAIR,18,baseline,Q14,977,1714,4173,1788180263955,1788180265424,1469,1129.20,109,6678296,0,8202194
FAIR,18,baseline,Q14,977,1714,4171,1788180263955,1788180265448,1493,1152.68,109,6679174,0,8197511
FAIR,18,baseline,Q14,977,1714,4172,1788180263955,1788180265451,1496,1113.19,109,6677620,0,8197158
FAIR,18,baseline,Q14,978,1715,4181,1788180263959,1788180264176,217,167.40,0,1669066,0,2238587
FAIR,18,baseline,Q14,978,1715,4176,1788180263957,1788180264802,845,557.62,67,6676794,0,8874749
FAIR,18,baseline,Q14,978,1715,4178,1788180263958,1788180264812,854,554.94,67,6679174,0,8873847
FAIR,18,baseline,Q14,978,1715,4175,1788180263957,1788180264844,887,556.46,67,6677674,0,8874676
FAIR,18,baseline,Q14,978,1715,4180,1788180263958,1788180264862,904,567.95,67,6678296,0,8872181
FAIR,18,baseline,Q14,978,1715,4179,1788180263958,1788180264872,914,551.10,67,6677620,0,8872119
FAIR,18,baseline,Q14,978,1715,4177,1788180263957,1788180264890,933,565.88,67,6678222,0,8873447
FAIR,18,baseline,Q18,979,1719,4191,1788180265501,1788180265925,424,361.98,18,0,11396280,0
FAIR,18,baseline,Q18,979,1719,4188,1788180265501,1788180266523,1022,846.21,34,0,11338468,0
FAIR,18,baseline,Q18,979,1719,4190,1788180265501,1788180266539,1038,811.61,34,0,11413836,0
FAIR,18,baseline,Q18,979,1719,4197,1788180265501,1788180266557,1056,857.42,34,0,11354353,0
FAIR,18,baseline,Q18,979,1719,4183,1788180265501,1788180266587,1086,887.13,37,0,11440429,0
FAIR,18,baseline,Q18,979,1719,4189,1788180265501,1788180266631,1130,801.17,39,0,11425234,0
FAIR,18,baseline,Q18,979,1719,4194,1788180265501,1788180266635,1134,877.46,39,0,11430722,0
FAIR,18,baseline,Q18,979,1719,4198,1788180265923,1788180266657,734,516.66,21,0,7589199,0
FAIR,18,baseline,Q18,979,1719,4195,1788180265501,1788180266657,1156,862.27,39,0,11431888,0
FAIR,18,baseline,Q18,979,1719,4187,1788180265501,1788180266667,1166,845.28,39,0,11347331,0
FAIR,18,baseline,Q18,979,1719,4192,1788180265501,1788180266668,1167,830.97,39,0,11410383,0
FAIR,18,baseline,Q18,979,1719,4196,1788180265501,1788180266669,1168,826.74,39,0,11412119,0
FAIR,18,baseline,Q18,979,1719,4182,1788180265501,1788180266676,1175,807.74,39,0,11410837,0
FAIR,18,baseline,Q18,979,1719,4184,1788180265501,1788180266679,1178,826.46,39,0,11328172,0
FAIR,18,baseline,Q18,979,1719,4186,1788180265501,1788180266681,1180,789.55,39,0,11393041,0
FAIR,18,baseline,Q18,979,1719,4193,1788180265501,1788180266685,1184,814.41,39,0,11356291,0
FAIR,18,baseline,Q18,979,1719,4185,1788180265501,1788180266700,1199,800.32,39,0,11397674,0
FAIR,18,concurrent,compaction,980,1720,4199,1788180294311,1788180312861,18550,15124.96,529,175454639,0,0
FAIR,18,concurrent,Q1,981,1721,4206,1788180296055,1788180296872,817,707.42,44,2744914,0,845
FAIR,18,concurrent,Q1,981,1721,4201,1788180296054,1788180298919,2865,2373.04,137,10980258,0,840
FAIR,18,concurrent,Q1,981,1721,4202,1788180296054,1788180298973,2919,2434.51,137,10981694,0,840
FAIR,18,concurrent,Q1,981,1721,4204,1788180296055,1788180299027,2972,2460.85,147,10981092,0,819
FAIR,18,concurrent,Q1,981,1721,4205,1788180296055,1788180299036,2981,2494.48,147,10981748,0,840
FAIR,18,concurrent,Q1,981,1721,4203,1788180296055,1788180299044,2989,2480.03,147,10982658,0,844
FAIR,18,concurrent,Q1,981,1721,4200,1788180296054,1788180299051,2997,2494.13,147,10981126,0,841
FAIR,18,concurrent,Q1,982,1723,4207,1788180299090,1788180299096,6,3.18,0,0,5869,0
FAIR,18,concurrent,Q1,983,1725,4208,1788180299101,1788180299107,6,3.14,0,0,5869,844
FAIR,18,concurrent,Q1,984,1728,4209,1788180299123,1788180299129,6,1.30,0,0,844,0
FAIR,18,concurrent,Q1,985,1729,4216,1788180300622,1788180300816,194,116.54,46,3269202,0,1965203
FAIR,18,concurrent,Q1,985,1729,4212,1788180300622,1788180301098,476,353.35,46,13078846,0,7738331
FAIR,18,concurrent,Q1,985,1729,4211,1788180300621,1788180301101,480,350.51,46,13077410,0,7743802
FAIR,18,concurrent,Q1,985,1729,4214,1788180300622,1788180301110,488,353.41,46,13078244,0,7738877
FAIR,18,concurrent,Q1,985,1729,4213,1788180300622,1788180301110,488,358.02,46,13079810,0,7735803
FAIR,18,concurrent,Q1,985,1729,4210,1788180300621,1788180301110,489,369.73,46,13078278,0,7750473
FAIR,18,concurrent,Q1,985,1729,4215,1788180300622,1788180301114,492,371.51,46,13078900,0,7743364
FAIR,18,concurrent,Q1,986,1730,4217,1788180300625,1788180300673,48,28.38,0,1484824,0,0
FAIR,18,concurrent,Q1,987,1731,4218,1788180300700,1788180301020,320,240.05,46,11640628,0,1604055
FAIR,18,concurrent,Q1,988,1733,4219,1788180301035,1788180301077,42,34.23,0,0,1604055,0
FAIR,18,concurrent,Q1,989,1735,4232,1788180301152,1788180301191,39,33.98,0,0,2929089,0
FAIR,18,concurrent,Q1,989,1735,4220,1788180301152,1788180301212,60,52.40,0,0,2898550,0
FAIR,18,concurrent,Q1,989,1735,4230,1788180301152,1788180301215,63,54.19,0,0,2909695,0
FAIR,18,concurrent,Q1,989,1735,4228,1788180301152,1788180301216,64,54.11,0,0,2908811,0
FAIR,18,concurrent,Q1,989,1735,4225,1788180301152,1788180301216,64,54.03,0,0,2895639,0
FAIR,18,concurrent,Q1,989,1735,4224,1788180301152,1788180301217,65,54.10,0,0,2898701,0
FAIR,18,concurrent,Q1,989,1735,4233,1788180301152,1788180301217,65,53.54,0,0,2941007,0
FAIR,18,concurrent,Q1,989,1735,4229,1788180301152,1788180301218,66,56.36,0,0,2895551,0
FAIR,18,concurrent,Q1,989,1735,4234,1788180301152,1788180301218,66,53.90,0,0,2925625,0
FAIR,18,concurrent,Q1,989,1735,4227,1788180301152,1788180301218,66,54.25,0,0,2910947,0
FAIR,18,concurrent,Q1,989,1735,4221,1788180301152,1788180301218,66,54.85,0,0,2919240,0
FAIR,18,concurrent,Q1,989,1735,4222,1788180301152,1788180301220,68,53.17,0,0,2899714,0
FAIR,18,concurrent,Q1,989,1735,4223,1788180301152,1788180301224,72,52.90,0,0,2887662,0
FAIR,18,concurrent,Q1,989,1735,4231,1788180301152,1788180301238,86,53.13,0,0,2888143,0
FAIR,18,concurrent,Q1,989,1735,4226,1788180301152,1788180301238,86,53.32,0,0,2886189,0
FAIR,18,concurrent,Q1,989,1735,4235,1788180301190,1788180301245,55,49.19,0,0,2897449,0
FAIR,18,concurrent,Q1,989,1735,4236,1788180301210,1788180301246,36,28.22,0,0,1923841,0
FAIR,18,concurrent,Q3,990,1736,4243,1788180302781,1788180302854,73,47.58,0,3298702,0,79
FAIR,18,concurrent,Q3,990,1736,4242,1788180302781,1788180303025,244,153.27,17,13196956,0,79
FAIR,18,concurrent,Q3,990,1736,4241,1788180302780,1788180303029,249,160.17,17,13196308,0,79
FAIR,18,concurrent,Q3,990,1736,4239,1788180302780,1788180303029,249,156.90,17,13196906,0,79
FAIR,18,concurrent,Q3,990,1736,4240,1788180302780,1788180303030,250,161.21,17,13197882,0,79
FAIR,18,concurrent,Q3,990,1736,4237,1788180302780,1788180303033,253,157.35,17,13196314,0,79
FAIR,18,concurrent,Q3,990,1736,4238,1788180302780,1788180303045,265,176.55,17,13195474,0,79
FAIR,18,concurrent,Q3,991,1738,4244,1788180303054,1788180303056,2,0.70,0,0,553,0
FAIR,18,concurrent,Q6,992,1739,4245,1788180304868,1788180305441,573,472.17,44,3317556,0,14534997
FAIR,18,concurrent,Q6,993,1740,4252,1788180304873,1788180305039,166,88.93,44,3825626,0,26922
FAIR,18,concurrent,Q6,993,1740,4246,1788180304872,1788180305254,382,228.99,44,15304022,0,59807
FAIR,18,concurrent,Q6,993,1740,4249,1788180304873,1788180305260,387,225.02,44,15305646,0,57595
FAIR,18,concurrent,Q6,993,1740,4251,1788180304873,1788180305267,394,228.49,44,15304688,0,59166
FAIR,18,concurrent,Q6,993,1740,4248,1788180304872,1788180305267,395,240.44,44,15304618,0,58647
FAIR,18,concurrent,Q6,993,1740,4247,1788180304872,1788180305268,396,246.37,44,15303234,0,58962
FAIR,18,concurrent,Q6,993,1740,4250,1788180304873,1788180305274,401,238.29,44,15304056,0,58481
FAIR,18,concurrent,Q12,994,1742,4253,1788180305291,1788180305308,17,14.36,0,0,379580,0
FAIR,18,concurrent,Q12,995,1744,4263,1788180305459,1788180305486,27,24.15,0,0,1015101,154
FAIR,18,concurrent,Q12,995,1744,4261,1788180305459,1788180305493,34,32.02,0,0,1016185,154
FAIR,18,concurrent,Q12,995,1744,4262,1788180305459,1788180305495,36,33.78,0,0,1018284,154
FAIR,18,concurrent,Q12,995,1744,4260,1788180305459,1788180305496,37,33.80,0,0,1021566,154
FAIR,18,concurrent,Q12,995,1744,4265,1788180305459,1788180305496,37,34.19,0,0,1020274,154
FAIR,18,concurrent,Q12,995,1744,4267,1788180305459,1788180305496,37,33.28,0,0,1015509,154
FAIR,18,concurrent,Q12,995,1744,4258,1788180305459,1788180305496,37,33.68,0,0,1015054,154
FAIR,18,concurrent,Q12,995,1744,4259,1788180305459,1788180305496,37,27.90,0,0,1014559,154
FAIR,18,concurrent,Q12,995,1744,4264,1788180305459,1788180305496,37,34.04,0,0,1021753,154
FAIR,18,concurrent,Q12,995,1744,4254,1788180305459,1788180305497,38,35.35,0,0,1092283,154
FAIR,18,concurrent,Q12,995,1744,4266,1788180305459,1788180305498,39,33.88,0,0,1015360,154
FAIR,18,concurrent,Q12,995,1744,4256,1788180305459,1788180305498,39,31.32,0,0,1087458,154
FAIR,18,concurrent,Q12,995,1744,4257,1788180305459,1788180305498,39,35.10,0,0,1090847,154
FAIR,18,concurrent,Q12,995,1744,4255,1788180305459,1788180305498,39,34.14,0,0,1090764,154
FAIR,18,concurrent,Q12,996,1747,4268,1788180305514,1788180305518,4,1.45,0,0,2156,0
FAIR,18,concurrent,Q12,997,1750,4269,1788180305522,1788180305527,5,2.40,0,0,2156,154
FAIR,18,concurrent,Q12,998,1754,4270,1788180305541,1788180305545,4,1.03,0,0,154,0
FAIR,18,concurrent,Q12,999,1755,4271,1788180307023,1788180307086,63,38.76,0,1244534,0,0
FAIR,18,concurrent,Q12,1000,1756,4278,1788180307156,1788180307243,87,34.55,0,3269202,0,101
FAIR,18,concurrent,Q12,1000,1756,4276,1788180307156,1788180307441,285,124.05,0,13078244,0,99
FAIR,18,concurrent,Q12,1000,1756,4273,1788180307156,1788180307442,286,123.54,0,13077410,0,99
FAIR,18,concurrent,Q12,1000,1756,4277,1788180307156,1788180307447,291,132.07,0,13078900,0,99
FAIR,18,concurrent,Q12,1000,1756,4274,1788180307156,1788180307447,291,138.19,0,13078846,0,99
FAIR,18,concurrent,Q12,1000,1756,4272,1788180307155,1788180307450,295,129.53,0,13078278,0,99
FAIR,18,concurrent,Q12,1000,1756,4275,1788180307156,1788180307450,294,129.77,0,13079810,0,99
FAIR,18,concurrent,Q12,1001,1758,4279,1788180307461,1788180307462,1,0.66,0,0,695,0
FAIR,18,concurrent,Q14,1002,1759,4280,1788180309360,1788180310573,1213,962.82,93,14589748,0,30886715
FAIR,18,concurrent,Q14,1003,1760,4281,1788180309370,1788180309494,124,61.37,0,784744,0,0
FAIR,18,concurrent,Q14,1004,1761,4288,1788180309373,1788180309899,526,380.05,58,1669066,0,2548115
FAIR,18,concurrent,Q14,1004,1761,4287,1788180309373,1788180310941,1568,1187.47,128,6678296,0,8202194
FAIR,18,concurrent,Q14,1004,1761,4286,1788180309373,1788180310942,1569,1186.52,128,6677620,0,8197158
FAIR,18,concurrent,Q14,1004,1761,4282,1788180309372,1788180310985,1613,1227.82,128,6677674,0,8204481
FAIR,18,concurrent,Q14,1004,1761,4283,1788180309372,1788180310996,1624,1228.24,128,6676794,0,8204443
FAIR,18,concurrent,Q14,1004,1761,4285,1788180309373,1788180311046,1673,1279.92,128,6679174,0,8197511
FAIR,18,concurrent,Q14,1004,1761,4284,1788180309372,1788180311052,1680,1262.20,128,6678222,0,8201066
FAIR,18,concurrent,Q14,1005,1762,4295,1788180309483,1788180309770,287,167.00,44,1669066,0,2238587
FAIR,18,concurrent,Q14,1005,1762,4291,1788180309377,1788180310270,893,560.31,78,6678222,0,8873447
FAIR,18,concurrent,Q14,1005,1762,4293,1788180309377,1788180310321,944,560.71,78,6677620,0,8872119
FAIR,18,concurrent,Q14,1005,1762,4292,1788180309377,1788180310327,950,577.04,78,6679174,0,8873847
FAIR,18,concurrent,Q14,1005,1762,4290,1788180309376,1788180310331,955,568.74,78,6676794,0,8874749
FAIR,18,concurrent,Q14,1005,1762,4294,1788180309378,1788180310333,955,578.13,78,6678296,0,8872181
FAIR,18,concurrent,Q14,1005,1762,4289,1788180309376,1788180310337,961,556.42,78,6677674,0,8874676
FAIR,18,concurrent,Q18,1006,1766,4305,1788180311098,1788180311533,435,355.15,22,0,11396280,0
FAIR,18,concurrent,Q18,1006,1766,4302,1788180311098,1788180312135,1037,868.92,44,0,11338468,0
FAIR,18,concurrent,Q18,1006,1766,4306,1788180311098,1788180312140,1042,872.17,44,0,11410383,0
FAIR,18,concurrent,Q18,1006,1766,4296,1788180311097,1788180312140,1043,893.86,44,0,11410837,0
FAIR,18,concurrent,Q18,1006,1766,4308,1788180311098,1788180312164,1066,857.77,44,0,11430722,0
FAIR,18,concurrent,Q18,1006,1766,4309,1788180311098,1788180312164,1066,870.91,44,0,11431888,0
FAIR,18,concurrent,Q18,1006,1766,4310,1788180311098,1788180312164,1066,843.13,44,0,11412119,0
FAIR,18,concurrent,Q18,1006,1766,4304,1788180311098,1788180312166,1068,836.97,44,0,11413836,0
FAIR,18,concurrent,Q18,1006,1766,4303,1788180311098,1788180312185,1087,813.68,44,0,11425234,0
FAIR,18,concurrent,Q18,1006,1766,4307,1788180311098,1788180312187,1089,868.98,44,0,11356291,0
FAIR,18,concurrent,Q18,1006,1766,4298,1788180311098,1788180312189,1091,874.05,44,0,11328172,0
FAIR,18,concurrent,Q18,1006,1766,4299,1788180311098,1788180312198,1100,881.63,44,0,11397674,0
FAIR,18,concurrent,Q18,1006,1766,4297,1788180311097,1788180312202,1105,855.75,44,0,11440429,0
FAIR,18,concurrent,Q18,1006,1766,4300,1788180311098,1788180312210,1112,812.24,44,0,11393041,0
FAIR,18,concurrent,Q18,1006,1766,4301,1788180311098,1788180312211,1113,859.09,44,0,11347331,0
FAIR,18,concurrent,Q18,1006,1766,4311,1788180311522,1788180312370,848,665.73,32,0,11354353,0
FAIR,18,concurrent,Q18,1006,1766,4312,1788180312133,1788180312410,277,248.68,10,0,7589199,0
FAIR,19,concurrent,compaction,1007,1767,4313,1788180340643,1788180358775,18132,14963.82,541,175454639,0,0
FAIR,19,concurrent,Q1,1008,1768,4320,1788180342318,1788180343095,777,665.72,44,2744914,0,845
FAIR,19,concurrent,Q1,1008,1768,4315,1788180342317,1788180344907,2590,2176.37,118,10980258,0,840
FAIR,19,concurrent,Q1,1008,1768,4319,1788180342317,1788180344972,2655,2228.35,121,10981748,0,840
FAIR,19,concurrent,Q1,1008,1768,4317,1788180342317,1788180344982,2665,2247.77,121,10982658,0,844
FAIR,19,concurrent,Q1,1008,1768,4314,1788180342316,1788180345012,2696,2280.09,121,10981126,0,841
FAIR,19,concurrent,Q1,1008,1768,4316,1788180342317,1788180345063,2746,2329.24,121,10981694,0,840
FAIR,19,concurrent,Q1,1008,1768,4318,1788180342317,1788180345122,2805,2385.02,124,10981092,0,819
FAIR,19,concurrent,Q1,1009,1770,4321,1788180345150,1788180345155,5,2.36,0,0,5869,0
FAIR,19,concurrent,Q1,1010,1772,4322,1788180345159,1788180345164,5,2.55,0,0,5869,844
FAIR,19,concurrent,Q1,1011,1775,4323,1788180345175,1788180345179,4,1.08,0,0,844,0
FAIR,19,concurrent,Q1,1012,1776,4330,1788180346688,1788180346833,145,118.27,0,3269202,0,1965203
FAIR,19,concurrent,Q1,1012,1776,4326,1788180346687,1788180347217,530,370.68,51,13078846,0,7738331
FAIR,19,concurrent,Q1,1012,1776,4325,1788180346687,1788180347220,533,378.20,51,13077410,0,7743802
FAIR,19,concurrent,Q1,1012,1776,4328,1788180346688,1788180347224,536,384.64,51,13078244,0,7738877
FAIR,19,concurrent,Q1,1012,1776,4327,1788180346687,1788180347224,537,385.64,51,13079810,0,7735803
FAIR,19,concurrent,Q1,1012,1776,4329,1788180346688,1788180347240,552,398.46,51,13078900,0,7743364
FAIR,19,concurrent,Q1,1012,1776,4324,1788180346687,1788180347251,564,410.88,51,13078278,0,7750473
FAIR,19,concurrent,Q1,1013,1777,4331,1788180346691,1788180346738,47,27.13,0,1484824,0,0
FAIR,19,concurrent,Q1,1014,1778,4332,1788180346763,1788180347124,361,255.02,51,11640628,0,1604055
FAIR,19,concurrent,Q1,1015,1780,4333,1788180347140,1788180347180,40,29.19,0,0,1604055,0
FAIR,19,concurrent,Q3,1016,1782,4348,1788180347289,1788180347337,48,41.70,0,0,2925625,0
FAIR,19,concurrent,Q3,1016,1782,4336,1788180347288,1788180347344,56,50.55,0,0,2899714,0
FAIR,19,concurrent,Q3,1016,1782,4338,1788180347288,1788180347347,59,53.62,0,0,2898701,0
FAIR,19,concurrent,Q3,1016,1782,4344,1788180347288,1788180347347,59,53.71,0,0,2909695,0
FAIR,19,concurrent,Q3,1016,1782,4340,1788180347288,1788180347348,60,53.55,0,0,2886189,0
FAIR,19,concurrent,Q3,1016,1782,4346,1788180347288,1788180347348,60,53.42,0,0,2929089,0
FAIR,19,concurrent,Q3,1016,1782,4339,1788180347288,1788180347349,61,52.25,0,0,2895639,0
FAIR,19,concurrent,Q3,1016,1782,4347,1788180347288,1788180347349,61,53.95,0,0,2941007,0
FAIR,19,concurrent,Q3,1016,1782,4335,1788180347288,1788180347349,61,52.52,0,0,2919240,0
FAIR,19,concurrent,Q3,1016,1782,4334,1788180347288,1788180347350,62,53.31,0,0,2898550,0
FAIR,19,concurrent,Q3,1016,1782,4343,1788180347288,1788180347351,63,52.97,0,0,2895551,0
FAIR,19,concurrent,Q3,1016,1782,4341,1788180347288,1788180347352,64,56.11,0,0,2910947,0
FAIR,19,concurrent,Q3,1016,1782,4342,1788180347288,1788180347354,66,51.52,0,0,2908811,0
FAIR,19,concurrent,Q3,1016,1782,4345,1788180347288,1788180347370,82,49.39,0,0,2888143,0
FAIR,19,concurrent,Q3,1016,1782,4350,1788180347343,1788180347372,29,24.05,0,0,1923841,0
FAIR,19,concurrent,Q3,1016,1782,4337,1788180347288,1788180347373,85,48.67,0,0,2887662,0
FAIR,19,concurrent,Q3,1016,1782,4349,1788180347335,1788180347373,38,34.22,0,0,2897449,0
FAIR,19,concurrent,Q3,1017,1783,4357,1788180348820,1788180348905,85,42.92,13,3298702,0,79
FAIR,19,concurrent,Q3,1017,1783,4354,1788180348819,1788180349111,292,173.80,13,13197882,0,79
FAIR,19,concurrent,Q3,1017,1783,4355,1788180348819,1788180349111,292,176.78,13,13196308,0,79
FAIR,19,concurrent,Q3,1017,1783,4352,1788180348819,1788180349117,298,180.56,13,13195474,0,79
FAIR,19,concurrent,Q3,1017,1783,4353,1788180348819,1788180349118,299,178.12,13,13196906,0,79
FAIR,19,concurrent,Q3,1017,1783,4356,1788180348820,1788180349122,302,182.78,13,13196956,0,79
FAIR,19,concurrent,Q3,1017,1783,4351,1788180348819,1788180349122,303,179.72,13,13196314,0,79
FAIR,19,concurrent,Q3,1018,1785,4358,1788180349134,1788180349136,2,0.75,0,0,553,0
FAIR,19,concurrent,Q6,1019,1786,4359,1788180350889,1788180351499,610,508.29,44,3317556,0,14534997
FAIR,19,concurrent,Q6,1020,1787,4366,1788180350894,1788180351003,109,82.06,0,3825626,0,26922
FAIR,19,concurrent,Q6,1020,1787,4360,1788180350893,1788180351227,334,211.14,44,15304022,0,59807
FAIR,19,concurrent,Q6,1020,1787,4364,1788180350894,1788180351232,338,214.50,44,15304056,0,58481
FAIR,19,concurrent,Q6,1020,1787,4365,1788180350894,1788180351255,361,222.79,44,15304688,0,59166
FAIR,19,concurrent,Q6,1020,1787,4361,1788180350893,1788180351266,373,231.56,44,15303234,0,58962
FAIR,19,concurrent,Q6,1020,1787,4362,1788180350894,1788180351267,373,229.77,44,15304618,0,58647
FAIR,19,concurrent,Q6,1020,1787,4363,1788180350894,1788180351272,378,231.61,44,15305646,0,57595
FAIR,19,concurrent,Q12,1021,1789,4367,1788180351293,1788180351311,18,14.90,0,0,379580,0
FAIR,19,concurrent,Q12,1022,1791,4381,1788180351519,1788180351548,29,23.58,0,0,1015509,154
FAIR,19,concurrent,Q12,1022,1791,4370,1788180351518,1788180351549,31,24.32,0,0,1087458,154
FAIR,19,concurrent,Q12,1022,1791,4377,1788180351518,1788180351551,33,30.62,0,0,1015101,154
FAIR,19,concurrent,Q12,1022,1791,4380,1788180351519,1788180351552,33,30.45,0,0,1015360,154
FAIR,19,concurrent,Q12,1022,1791,4373,1788180351518,1788180351554,36,31.04,0,0,1014559,154
FAIR,19,concurrent,Q12,1022,1791,4372,1788180351518,1788180351554,36,32.15,0,0,1015054,154
FAIR,19,concurrent,Q12,1022,1791,4374,1788180351518,1788180351556,38,31.04,0,0,1021566,154
FAIR,19,concurrent,Q12,1022,1791,4378,1788180351518,1788180351556,38,30.97,0,0,1021753,154
FAIR,19,concurrent,Q12,1022,1791,4376,1788180351518,1788180351556,38,31.69,0,0,1018284,154
FAIR,19,concurrent,Q12,1022,1791,4371,1788180351518,1788180351556,38,31.63,0,0,1090847,154
FAIR,19,concurrent,Q12,1022,1791,4379,1788180351519,1788180351557,38,32.52,0,0,1020274,154
FAIR,19,concurrent,Q12,1022,1791,4368,1788180351518,1788180351558,40,33.78,0,0,1092283,154
FAIR,19,concurrent,Q12,1022,1791,4375,1788180351518,1788180351563,45,26.65,0,0,1016185,154
FAIR,19,concurrent,Q12,1022,1791,4369,1788180351518,1788180351563,45,26.39,0,0,1090764,154
FAIR,19,concurrent,Q12,1023,1794,4382,1788180351579,1788180351583,4,1.51,0,0,2156,0
FAIR,19,concurrent,Q12,1024,1797,4383,1788180351586,1788180351590,4,1.83,0,0,2156,154
FAIR,19,concurrent,Q12,1025,1801,4384,1788180351602,1788180351605,3,0.98,0,0,154,0
FAIR,19,concurrent,Q12,1026,1802,4385,1788180353110,1788180353171,61,37.60,0,1244534,0,0
FAIR,19,concurrent,Q12,1027,1803,4392,1788180353233,1788180353303,70,31.50,0,3269202,0,101
FAIR,19,concurrent,Q12,1027,1803,4389,1788180353232,1788180353492,260,115.68,7,13079810,0,99
FAIR,19,concurrent,Q12,1027,1803,4387,1788180353232,1788180353501,269,122.49,7,13077410,0,99
FAIR,19,concurrent,Q12,1027,1803,4386,1788180353232,1788180353502,270,127.71,7,13078278,0,99
FAIR,19,concurrent,Q12,1027,1803,4391,1788180353233,1788180353504,271,127.71,7,13078900,0,99
FAIR,19,concurrent,Q12,1027,1803,4390,1788180353233,1788180353507,274,125.89,7,13078244,0,99
FAIR,19,concurrent,Q12,1027,1803,4388,1788180353232,1788180353508,276,126.15,7,13078846,0,99
FAIR,19,concurrent,Q12,1028,1805,4393,1788180353525,1788180353527,2,0.69,0,0,695,0
FAIR,19,concurrent,Q14,1029,1806,4394,1788180355379,1788180356647,1268,934.90,111,14589748,0,30886715
FAIR,19,concurrent,Q14,1030,1807,4395,1788180355386,1788180355535,149,66.49,26,784744,0,0
FAIR,19,concurrent,Q14,1031,1808,4402,1788180355391,1788180355958,567,381.52,74,1669066,0,2548115
FAIR,19,concurrent,Q14,1031,1808,4398,1788180355390,1788180357004,1614,1167.51,144,6678222,0,8201066
FAIR,19,concurrent,Q14,1031,1808,4401,1788180355391,1788180357006,1615,1164.50,144,6678296,0,8202194
FAIR,19,concurrent,Q14,1031,1808,4400,1788180355391,1788180357023,1632,1179.64,144,6677620,0,8197158
FAIR,19,concurrent,Q14,1031,1808,4399,1788180355391,1788180357046,1655,1213.01,144,6679174,0,8197511
FAIR,19,concurrent,Q14,1031,1808,4396,1788180355390,1788180357057,1667,1213.30,144,6677674,0,8204481
FAIR,19,concurrent,Q14,1031,1808,4397,1788180355390,1788180357081,1691,1246.45,144,6676794,0,8204443
FAIR,19,concurrent,Q14,1032,1809,4409,1788180355525,1788180355849,324,168.81,43,1669066,0,2238587
FAIR,19,concurrent,Q14,1032,1809,4404,1788180355395,1788180356398,1003,568.23,92,6676794,0,8874749
FAIR,19,concurrent,Q14,1032,1809,4407,1788180355396,1788180356419,1023,588.66,92,6677620,0,8872119
FAIR,19,concurrent,Q14,1032,1809,4403,1788180355395,1788180356425,1030,585.20,92,6677674,0,8874676
FAIR,19,concurrent,Q14,1032,1809,4405,1788180355395,1788180356427,1032,580.94,92,6678222,0,8873447
FAIR,19,concurrent,Q14,1032,1809,4406,1788180355396,1788180356429,1033,576.72,92,6679174,0,8873847
FAIR,19,concurrent,Q14,1032,1809,4408,1788180355396,1788180356438,1042,586.00,92,6678296,0,8872181
FAIR,19,concurrent,Q18,1033,1813,4419,1788180357149,1788180357654,505,354.22,30,0,11396280,0
FAIR,19,concurrent,Q18,1033,1813,4414,1788180357149,1788180358164,1015,803.45,51,0,11393041,0
FAIR,19,concurrent,Q18,1033,1813,4423,1788180357149,1788180358179,1030,881.99,51,0,11431888,0
FAIR,19,concurrent,Q18,1033,1813,4411,1788180357149,1788180358212,1063,875.11,57,0,11440429,0
FAIR,19,concurrent,Q18,1033,1813,4418,1788180357149,1788180358221,1072,819.22,57,0,11413836,0
FAIR,19,concurrent,Q18,1033,1813,4417,1788180357149,1788180358229,1080,827.05,57,0,11425234,0
FAIR,19,concurrent,Q18,1033,1813,4413,1788180357149,1788180358260,1111,893.17,61,0,11397674,0
FAIR,19,concurrent,Q18,1033,1813,4420,1788180357149,1788180358261,1112,835.91,61,0,11410383,0
FAIR,19,concurrent,Q18,1033,1813,4422,1788180357149,1788180358268,1119,855.73,61,0,11430722,0
FAIR,19,concurrent,Q18,1033,1813,4415,1788180357149,1788180358274,1125,880.40,61,0,11347331,0
FAIR,19,concurrent,Q18,1033,1813,4416,1788180357149,1788180358280,1131,853.65,61,0,11338468,0
FAIR,19,concurrent,Q18,1033,1813,4424,1788180357149,1788180358315,1166,806.41,61,0,11412119,0
FAIR,19,concurrent,Q18,1033,1813,4421,1788180357149,1788180358328,1179,806.53,61,0,11356291,0
FAIR,19,concurrent,Q18,1033,1813,4410,1788180357149,1788180358334,1185,846.84,61,0,11410837,0
FAIR,19,concurrent,Q18,1033,1813,4412,1788180357149,1788180358365,1216,783.36,61,0,11328172,0
FAIR,19,concurrent,Q18,1033,1813,4425,1788180357652,1788180358470,818,627.80,38,0,11354353,0
FAIR,19,concurrent,Q18,1033,1813,4426,1788180358161,1788180358478,317,275.27,17,0,7589199,0
FAIR,19,baseline,Q1,1034,1814,4433,1788180386618,1788180387330,712,604.30,40,2744914,0,845
FAIR,19,baseline,Q1,1034,1814,4431,1788180386618,1788180388900,2282,2022.58,82,10981092,0,819
FAIR,19,baseline,Q1,1034,1814,4428,1788180386617,1788180388925,2308,2051.65,82,10980258,0,840
FAIR,19,baseline,Q1,1034,1814,4430,1788180386618,1788180388933,2315,2050.50,82,10982658,0,844
FAIR,19,baseline,Q1,1034,1814,4429,1788180386618,1788180388940,2322,2061.46,82,10981694,0,840
FAIR,19,baseline,Q1,1034,1814,4432,1788180386618,1788180388942,2324,2067.06,82,10981748,0,840
FAIR,19,baseline,Q1,1034,1814,4427,1788180386617,1788180389021,2404,2144.07,82,10981126,0,841
FAIR,19,baseline,Q1,1035,1816,4434,1788180389055,1788180389061,6,2.79,0,0,5869,0
FAIR,19,baseline,Q1,1036,1818,4435,1788180389065,1788180389071,6,3.28,0,0,5869,844
FAIR,19,baseline,Q1,1037,1821,4436,1788180389085,1788180389089,4,1.16,0,0,844,0
FAIR,19,baseline,Q1,1038,1822,4443,1788180390798,1788180390933,135,111.98,0,3269202,0,1965203
FAIR,19,baseline,Q1,1038,1822,4439,1788180390797,1788180391184,387,314.64,0,13078846,0,7738331
FAIR,19,baseline,Q1,1038,1822,4441,1788180390797,1788180391186,389,317.18,0,13078244,0,7738877
FAIR,19,baseline,Q1,1038,1822,4442,1788180390798,1788180391192,394,325.63,0,13078900,0,7743364
FAIR,19,baseline,Q1,1038,1822,4438,1788180390797,1788180391195,398,327.78,0,13077410,0,7743802
FAIR,19,baseline,Q1,1038,1822,4440,1788180390797,1788180391199,402,331.69,0,13079810,0,7735803
FAIR,19,baseline,Q1,1038,1822,4437,1788180390797,1788180391202,405,331.90,0,13078278,0,7750473
FAIR,19,baseline,Q1,1039,1823,4444,1788180390800,1788180390850,50,29.03,0,1484824,0,0
FAIR,19,baseline,Q1,1040,1824,4445,1788180390876,1788180391130,254,223.72,0,11640628,0,1604055
FAIR,19,baseline,Q1,1041,1826,4446,1788180391143,1788180391177,34,25.44,0,0,1604055,0
FAIR,19,baseline,Q3,1042,1828,4449,1788180391245,1788180391305,60,54.96,0,0,2899714,0
FAIR,19,baseline,Q3,1042,1828,4450,1788180391245,1788180391306,61,54.91,0,0,2887662,0
FAIR,19,baseline,Q3,1042,1828,4451,1788180391245,1788180391306,61,55.03,0,0,2898701,0
FAIR,19,baseline,Q3,1042,1828,4454,1788180391245,1788180391307,62,55.10,0,0,2910947,0
FAIR,19,baseline,Q3,1042,1828,4461,1788180391245,1788180391307,62,55.41,0,0,2925625,0
FAIR,19,baseline,Q3,1042,1828,4462,1788180391245,1788180391308,63,55.43,0,0,2897449,0
FAIR,19,baseline,Q3,1042,1828,4456,1788180391245,1788180391308,63,54.24,0,0,2895551,0
FAIR,19,baseline,Q3,1042,1828,4458,1788180391245,1788180391308,63,55.67,0,0,2888143,0
FAIR,19,baseline,Q3,1042,1828,4448,1788180391245,1788180391309,64,55.40,0,0,2919240,0
FAIR,19,baseline,Q3,1042,1828,4460,1788180391245,1788180391309,64,56.32,0,0,2941007,0
FAIR,19,baseline,Q3,1042,1828,4459,1788180391245,1788180391309,64,56.18,0,0,2929089,0
FAIR,19,baseline,Q3,1042,1828,4457,1788180391245,1788180391309,64,56.23,0,0,2909695,0
FAIR,19,baseline,Q3,1042,1828,4452,1788180391245,1788180391310,65,56.10,0,0,2895639,0
FAIR,19,baseline,Q3,1042,1828,4447,1788180391245,1788180391310,65,57.24,0,0,2898550,0
FAIR,19,baseline,Q3,1042,1828,4453,1788180391245,1788180391310,65,55.63,0,0,2886189,0
FAIR,19,baseline,Q3,1042,1828,4463,1788180391304,1788180391332,28,23.60,0,0,1923841,0
FAIR,19,baseline,Q3,1042,1828,4455,1788180391245,1788180391332,87,47.78,0,0,2908811,0
FAIR,19,baseline,Q3,1043,1829,4470,1788180392712,1788180392775,63,41.12,0,3298702,0,79
FAIR,19,baseline,Q3,1043,1829,4466,1788180392711,1788180392940,229,136.30,17,13196906,0,79
FAIR,19,baseline,Q3,1043,1829,4464,1788180392711,1788180392944,233,140.77,17,13196314,0,79
FAIR,19,baseline,Q3,1043,1829,4468,1788180392711,1788180392949,238,144.89,17,13196308,0,79
FAIR,19,baseline,Q3,1043,1829,4469,1788180392712,1788180392951,239,149.21,17,13196956,0,79
FAIR,19,baseline,Q3,1043,1829,4465,1788180392711,1788180392951,240,151.72,17,13195474,0,79
FAIR,19,baseline,Q3,1043,1829,4467,1788180392711,1788180392958,247,153.51,17,13197882,0,79
FAIR,19,baseline,Q3,1044,1831,4471,1788180392966,1788180392967,1,0.56,0,0,553,0
FAIR,19,baseline,Q6,1045,1832,4472,1788180394363,1788180394820,457,422.60,0,3317556,0,14534997
FAIR,19,baseline,Q6,1046,1833,4479,1788180394370,1788180394472,102,76.67,0,3825626,0,26922
FAIR,19,baseline,Q6,1046,1833,4475,1788180394369,1788180394635,266,185.98,0,15304618,0,58647
FAIR,19,baseline,Q6,1046,1833,4477,1788180394369,1788180394643,274,199.43,0,15304056,0,58481
FAIR,19,baseline,Q6,1046,1833,4478,1788180394369,1788180394645,276,202.87,0,15304688,0,59166
FAIR,19,baseline,Q6,1046,1833,4474,1788180394369,1788180394647,278,201.45,0,15303234,0,58962
FAIR,19,baseline,Q6,1046,1833,4473,1788180394368,1788180394650,282,201.40,0,15304022,0,59807
FAIR,19,baseline,Q6,1046,1833,4476,1788180394369,1788180394656,287,207.95,0,15305646,0,57595
FAIR,19,baseline,Q6,1047,1835,4480,1788180394666,1788180394676,10,9.19,0,0,379580,0
FAIR,19,baseline,Q6,1048,1837,4490,1788180394839,1788180394870,31,25.53,0,0,1015101,154
FAIR,19,baseline,Q6,1048,1837,4484,1788180394839,1788180394871,32,28.93,0,0,1090847,154
FAIR,19,baseline,Q6,1048,1837,4485,1788180394839,1788180394872,33,29.40,0,0,1015054,154
FAIR,19,baseline,Q6,1048,1837,4493,1788180394839,1788180394872,33,24.97,0,0,1015360,154
FAIR,19,baseline,Q6,1048,1837,4491,1788180394839,1788180394872,33,29.64,0,0,1021753,154
FAIR,19,baseline,Q6,1048,1837,4492,1788180394839,1788180394873,34,29.41,0,0,1020274,154
FAIR,19,baseline,Q6,1048,1837,4488,1788180394839,1788180394873,34,29.49,0,0,1016185,154
FAIR,19,baseline,Q6,1048,1837,4486,1788180394839,1788180394873,34,29.23,0,0,1014559,154
FAIR,19,baseline,Q6,1048,1837,4494,1788180394839,1788180394874,35,29.11,0,0,1015509,154
FAIR,19,baseline,Q6,1048,1837,4489,1788180394839,1788180394874,35,28.93,0,0,1018284,154
FAIR,19,baseline,Q6,1048,1837,4483,1788180394839,1788180394875,36,31.06,0,0,1087458,154
FAIR,19,baseline,Q6,1048,1837,4481,1788180394839,1788180394875,36,30.15,0,0,1092283,154
FAIR,19,baseline,Q6,1048,1837,4487,1788180394839,1788180394882,43,24.59,0,0,1021566,154
FAIR,19,baseline,Q6,1048,1837,4482,1788180394839,1788180394883,44,27.71,0,0,1090764,154
FAIR,19,baseline,Q6,1049,1840,4495,1788180394901,1788180394905,4,1.52,0,0,2156,0
FAIR,19,baseline,Q6,1050,1843,4496,1788180394909,1788180394913,4,1.75,0,0,2156,154
FAIR,19,baseline,Q6,1051,1847,4497,1788180394933,1788180394937,4,1.09,0,0,154,0
FAIR,19,baseline,Q12,1052,1848,4498,1788180396575,1788180396630,55,38.78,0,1244534,0,0
FAIR,19,baseline,Q12,1053,1849,4505,1788180396691,1788180396761,70,32.28,15,3269202,0,101
FAIR,19,baseline,Q12,1053,1849,4499,1788180396690,1788180396901,211,129.40,15,13078278,0,99
FAIR,19,baseline,Q12,1053,1849,4503,1788180396691,1788180396904,213,126.16,15,13078244,0,99
FAIR,19,baseline,Q12,1053,1849,4500,1788180396691,1788180396904,213,124.23,15,13077410,0,99
FAIR,19,baseline,Q12,1053,1849,4501,1788180396691,1788180396906,215,129.88,15,13078846,0,99
FAIR,19,baseline,Q12,1053,1849,4504,1788180396691,1788180396906,215,128.69,15,13078900,0,99
FAIR,19,baseline,Q12,1053,1849,4502,1788180396691,1788180396908,217,132.34,15,13079810,0,99
FAIR,19,baseline,Q12,1054,1851,4506,1788180396927,1788180396929,2,0.83,0,0,695,0
FAIR,19,baseline,Q14,1055,1852,4507,1788180398367,1788180399472,1105,922.39,73,14589748,0,30886715
FAIR,19,baseline,Q14,1056,1853,4508,1788180398377,1788180398482,105,61.60,0,784744,0,0
FAIR,19,baseline,Q14,1057,1854,4515,1788180398380,1788180398852,472,360.92,44,1669066,0,2548115
FAIR,19,baseline,Q14,1057,1854,4509,1788180398379,1788180399807,1428,1131.40,106,6677674,0,8204481
FAIR,19,baseline,Q14,1057,1854,4510,1788180398379,1788180399821,1442,1159.00,106,6676794,0,8204443
FAIR,19,baseline,Q14,1057,1854,4512,1788180398379,1788180399825,1446,1144.86,106,6679174,0,8197511
FAIR,19,baseline,Q14,1057,1854,4513,1788180398379,1788180399829,1450,1155.68,106,6677620,0,8197158
FAIR,19,baseline,Q14,1057,1854,4511,1788180398379,1788180399845,1466,1136.20,106,6678222,0,8201066
FAIR,19,baseline,Q14,1057,1854,4514,1788180398380,1788180399846,1466,1162.56,106,6678296,0,8202194
FAIR,19,baseline,Q14,1058,1855,4522,1788180398383,1788180398611,228,161.24,0,1669066,0,2238587
FAIR,19,baseline,Q14,1058,1855,4516,1788180398382,1788180399098,716,507.59,56,6677674,0,8874676
FAIR,19,baseline,Q14,1058,1855,4518,1788180398382,1788180399155,773,533.08,56,6678222,0,8873447
FAIR,19,baseline,Q14,1058,1855,4519,1788180398382,1788180399202,820,538.02,56,6679174,0,8873847
FAIR,19,baseline,Q14,1058,1855,4520,1788180398382,1788180399202,820,557.61,56,6677620,0,8872119
FAIR,19,baseline,Q14,1058,1855,4521,1788180398382,1788180399207,825,556.69,56,6678296,0,8872181
FAIR,19,baseline,Q14,1058,1855,4517,1788180398382,1788180399215,833,562.57,56,6676794,0,8874749
FAIR,19,baseline,Q18,1059,1859,4532,1788180399920,1788180400336,416,349.11,12,0,11396280,0
FAIR,19,baseline,Q18,1059,1859,4531,1788180399920,1788180400932,1012,834.67,41,0,11413836,0
FAIR,19,baseline,Q18,1059,1859,4529,1788180399920,1788180401003,1083,860.16,41,0,11338468,0
FAIR,19,baseline,Q18,1059,1859,4533,1788180399920,1788180401010,1090,841.05,41,0,11410383,0
FAIR,19,baseline,Q18,1059,1859,4538,1788180399920,1788180401032,1112,875.38,43,0,11354353,0
FAIR,19,baseline,Q18,1059,1859,4536,1788180399920,1788180401038,1118,852.21,43,0,11431888,0
FAIR,19,baseline,Q18,1059,1859,4534,1788180399920,1788180401040,1120,855.16,43,0,11356291,0
FAIR,19,baseline,Q18,1059,1859,4527,1788180399920,1788180401042,1122,827.16,43,0,11393041,0
FAIR,19,baseline,Q18,1059,1859,4525,1788180399919,1788180401043,1124,846.70,43,0,11328172,0
FAIR,19,baseline,Q18,1059,1859,4539,1788180400321,1788180401053,732,517.02,27,0,7589199,0
FAIR,19,baseline,Q18,1059,1859,4537,1788180399920,1788180401067,1147,832.72,43,0,11412119,0
FAIR,19,baseline,Q18,1059,1859,4530,1788180399920,1788180401076,1156,782.28,43,0,11425234,0
FAIR,19,baseline,Q18,1059,1859,4523,1788180399919,1788180401082,1163,832.65,43,0,11410837,0
FAIR,19,baseline,Q18,1059,1859,4524,1788180399919,1788180401084,1165,841.04,43,0,11440429,0
FAIR,19,baseline,Q18,1059,1859,4528,1788180399920,1788180401095,1175,811.83,43,0,11347331,0
FAIR,19,baseline,Q18,1059,1859,4535,1788180399920,1788180401105,1185,805.66,43,0,11430722,0
FAIR,19,baseline,Q18,1059,1859,4526,1788180399919,1788180401127,1208,765.75,43,0,11397674,0
FAIR,20,baseline,Q1,1060,1860,4546,1788180428769,1788180429545,776,649.62,51,2744914,0,845
FAIR,20,baseline,Q1,1060,1860,4540,1788180428768,1788180431069,2301,2028.65,95,10981126,0,841
FAIR,20,baseline,Q1,1060,1860,4543,1788180428769,1788180431074,2305,2036.74,95,10982658,0,844
FAIR,20,baseline,Q1,1060,1860,4545,1788180428769,1788180431093,2324,2061.34,95,10981748,0,840
FAIR,20,baseline,Q1,1060,1860,4541,1788180428768,1788180431120,2352,2069.45,95,10980258,0,840
FAIR,20,baseline,Q1,1060,1860,4544,1788180428769,1788180431166,2397,2138.04,95,10981092,0,819
FAIR,20,baseline,Q1,1060,1860,4542,1788180428769,1788180431167,2398,2132.10,95,10981694,0,840
FAIR,20,baseline,Q1,1061,1862,4547,1788180431197,1788180431202,5,2.68,0,0,5869,0
FAIR,20,baseline,Q1,1062,1864,4548,1788180431206,1788180431212,6,3.15,0,0,5869,844
FAIR,20,baseline,Q1,1063,1867,4549,1788180431225,1788180431229,4,1.16,0,0,844,0
FAIR,20,baseline,Q1,1064,1868,4556,1788180432848,1788180432999,151,128.33,0,3269202,0,1965203
FAIR,20,baseline,Q1,1064,1868,4552,1788180432848,1788180433239,391,321.34,0,13078846,0,7738331
FAIR,20,baseline,Q1,1064,1868,4555,1788180432848,1788180433247,399,327.63,0,13078900,0,7743364
FAIR,20,baseline,Q1,1064,1868,4554,1788180432848,1788180433253,405,337.23,0,13078244,0,7738877
FAIR,20,baseline,Q1,1064,1868,4550,1788180432847,1788180433254,407,335.52,0,13078278,0,7750473
FAIR,20,baseline,Q1,1064,1868,4553,1788180432848,1788180433254,406,330.69,0,13079810,0,7735803
FAIR,20,baseline,Q1,1064,1868,4551,1788180432847,1788180433258,411,341.13,0,13077410,0,7743802
FAIR,20,baseline,Q1,1065,1869,4557,1788180432850,1788180432891,41,24.49,0,1484824,0,0
FAIR,20,baseline,Q1,1066,1870,4558,1788180432917,1788180433159,242,208.75,0,11640628,0,1604055
FAIR,20,baseline,Q1,1067,1872,4559,1788180433171,1788180433211,40,32.46,0,0,1604055,0
FAIR,20,baseline,Q1,1068,1874,4564,1788180433282,1788180433324,42,36.25,0,0,2898701,0
FAIR,20,baseline,Q1,1068,1874,4571,1788180433282,1788180433330,48,44.46,0,0,2888143,0
FAIR,20,baseline,Q1,1068,1874,4565,1788180433282,1788180433336,54,48.18,0,0,2895639,0
FAIR,20,baseline,Q1,1068,1874,4563,1788180433282,1788180433336,54,49.81,0,0,2887662,0
FAIR,20,baseline,Q1,1068,1874,4560,1788180433282,1788180433337,55,48.77,0,0,2898550,0
FAIR,20,baseline,Q1,1068,1874,4562,1788180433282,1788180433337,55,50.07,0,0,2899714,0
FAIR,20,baseline,Q1,1068,1874,4561,1788180433282,1788180433338,56,50.33,0,0,2919240,0
FAIR,20,baseline,Q1,1068,1874,4573,1788180433283,1788180433338,55,50.37,0,0,2941007,0
FAIR,20,baseline,Q1,1068,1874,4569,1788180433282,1788180433338,56,50.04,0,0,2895551,0
FAIR,20,baseline,Q1,1068,1874,4568,1788180433282,1788180433338,56,50.90,0,0,2908811,0
FAIR,20,baseline,Q1,1068,1874,4575,1788180433283,1788180433339,56,50.03,0,0,2897449,0
FAIR,20,baseline,Q1,1068,1874,4567,1788180433282,1788180433340,58,48.04,0,0,2910947,0
FAIR,20,baseline,Q1,1068,1874,4572,1788180433282,1788180433347,65,45.39,0,0,2929089,0
FAIR,20,baseline,Q1,1068,1874,4570,1788180433282,1788180433350,68,48.53,0,0,2909695,0
FAIR,20,baseline,Q1,1068,1874,4566,1788180433282,1788180433350,68,39.08,0,0,2886189,0
FAIR,20,baseline,Q1,1068,1874,4574,1788180433283,1788180433352,69,40.01,0,0,2925625,0
FAIR,20,baseline,Q1,1068,1874,4576,1788180433323,1788180433355,32,27.21,0,0,1923841,0
FAIR,20,baseline,Q3,1069,1875,4583,1788180434725,1788180434783,58,34.21,0,3298702,0,79
FAIR,20,baseline,Q3,1069,1875,4582,1788180434725,1788180434954,229,137.75,17,13196956,0,79
FAIR,20,baseline,Q3,1069,1875,4579,1788180434725,1788180434957,232,136.31,17,13196906,0,79
FAIR,20,baseline,Q3,1069,1875,4577,1788180434724,1788180434963,239,142.93,17,13196314,0,79
FAIR,20,baseline,Q3,1069,1875,4580,1788180434725,1788180434965,240,146.68,17,13197882,0,79
FAIR,20,baseline,Q3,1069,1875,4578,1788180434725,1788180434966,241,154.85,17,13195474,0,79
FAIR,20,baseline,Q3,1069,1875,4581,1788180434725,1788180434968,243,146.51,17,13196308,0,79
FAIR,20,baseline,Q3,1070,1877,4584,1788180434976,1788180434977,1,0.62,0,0,553,0
FAIR,20,baseline,Q6,1071,1878,4585,1788180436366,1788180436799,433,403.61,0,3317556,0,14534997
FAIR,20,baseline,Q6,1072,1879,4592,1788180436371,1788180436476,105,78.32,0,3825626,0,26922
FAIR,20,baseline,Q6,1072,1879,4587,1788180436370,1788180436632,262,185.22,0,15303234,0,58962
FAIR,20,baseline,Q6,1072,1879,4588,1788180436370,1788180436635,265,191.48,0,15304618,0,58647
FAIR,20,baseline,Q6,1072,1879,4589,1788180436371,1788180436636,265,187.90,0,15305646,0,57595
FAIR,20,baseline,Q6,1072,1879,4586,1788180436370,1788180436637,267,188.64,0,15304022,0,59807
FAIR,20,baseline,Q6,1072,1879,4590,1788180436371,1788180436641,270,191.54,0,15304056,0,58481
FAIR,20,baseline,Q6,1072,1879,4591,1788180436371,1788180436644,273,194.37,0,15304688,0,59166
FAIR,20,baseline,Q6,1073,1881,4593,1788180436653,1788180436664,11,9.21,0,0,379580,0
FAIR,20,baseline,Q6,1074,1883,4595,1788180436820,1788180436852,32,27.13,0,0,1090764,154
FAIR,20,baseline,Q6,1074,1883,4606,1788180436820,1788180436853,33,28.58,0,0,1015360,154
FAIR,20,baseline,Q6,1074,1883,4605,1788180436820,1788180436856,36,31.33,0,0,1020274,154
FAIR,20,baseline,Q6,1074,1883,4600,1788180436820,1788180436856,36,30.88,0,0,1021566,154
FAIR,20,baseline,Q6,1074,1883,4599,1788180436820,1788180436856,36,31.26,0,0,1014559,154
FAIR,20,baseline,Q6,1074,1883,4601,1788180436820,1788180436856,36,31.63,0,0,1016185,154
FAIR,20,baseline,Q6,1074,1883,4607,1788180436820,1788180436856,36,31.48,0,0,1015509,154
FAIR,20,baseline,Q6,1074,1883,4603,1788180436820,1788180436856,36,31.43,0,0,1015101,154
FAIR,20,baseline,Q6,1074,1883,4598,1788180436820,1788180436856,36,31.36,0,0,1015054,154
FAIR,20,baseline,Q6,1074,1883,4596,1788180436820,1788180436856,36,31.76,0,0,1087458,154
FAIR,20,baseline,Q6,1074,1883,4604,1788180436820,1788180436857,37,31.65,0,0,1021753,154
FAIR,20,baseline,Q6,1074,1883,4594,1788180436820,1788180436857,37,31.39,0,0,1092283,154
FAIR,20,baseline,Q6,1074,1883,4602,1788180436820,1788180436857,37,31.30,0,0,1018284,154
FAIR,20,baseline,Q6,1074,1883,4597,1788180436820,1788180436857,37,32.98,0,0,1090847,154
FAIR,20,baseline,Q6,1075,1886,4608,1788180436873,1788180436877,4,1.65,0,0,2156,0
FAIR,20,baseline,Q6,1076,1889,4609,1788180436881,1788180436885,4,1.60,0,0,2156,154
FAIR,20,baseline,Q6,1077,1893,4610,1788180436895,1788180436898,3,0.80,0,0,154,0
FAIR,20,baseline,Q12,1078,1894,4611,1788180438536,1788180438590,54,37.06,0,1244534,0,0
FAIR,20,baseline,Q12,1079,1895,4618,1788180438650,1788180438711,61,34.08,0,3269202,0,101
FAIR,20,baseline,Q12,1079,1895,4616,1788180438650,1788180438864,214,127.52,16,13078244,0,99
FAIR,20,baseline,Q12,1079,1895,4612,1788180438649,1788180438868,219,129.74,16,13078278,0,99
FAIR,20,baseline,Q12,1079,1895,4615,1788180438650,1788180438878,228,139.84,16,13079810,0,99
FAIR,20,baseline,Q12,1079,1895,4617,1788180438650,1788180438879,229,141.83,16,13078900,0,99
FAIR,20,baseline,Q12,1079,1895,4613,1788180438649,1788180438880,231,137.32,16,13077410,0,99
FAIR,20,baseline,Q12,1079,1895,4614,1788180438650,1788180438880,230,138.26,16,13078846,0,99
FAIR,20,baseline,Q12,1080,1897,4619,1788180438900,1788180438902,2,0.78,0,0,695,0
FAIR,20,baseline,Q14,1081,1898,4620,1788180440319,1788180441452,1133,941.95,90,14589748,0,30886715
FAIR,20,baseline,Q14,1082,1899,4621,1788180440324,1788180440445,121,60.30,0,784744,0,0
FAIR,20,baseline,Q14,1083,1900,4628,1788180440328,1788180440802,474,378.27,46,1669066,0,2548115
FAIR,20,baseline,Q14,1083,1900,4622,1788180440327,1788180441747,1420,1127.17,124,6677674,0,8204481
FAIR,20,baseline,Q14,1083,1900,4627,1788180440328,1788180441765,1437,1145.50,124,6678296,0,8202194
FAIR,20,baseline,Q14,1083,1900,4624,1788180440327,1788180441774,1447,1124.32,124,6678222,0,8201066
FAIR,20,baseline,Q14,1083,1900,4623,1788180440327,1788180441780,1453,1155.56,124,6676794,0,8204443
FAIR,20,baseline,Q14,1083,1900,4625,1788180440327,1788180441783,1456,1144.16,124,6679174,0,8197511
FAIR,20,baseline,Q14,1083,1900,4626,1788180440328,1788180441804,1476,1162.82,124,6677620,0,8197158
FAIR,20,baseline,Q14,1084,1901,4635,1788180440332,1788180440554,222,166.85,0,1669066,0,2238587
FAIR,20,baseline,Q14,1084,1901,4631,1788180440330,1788180441072,742,522.58,58,6678222,0,8873447
FAIR,20,baseline,Q14,1084,1901,4632,1788180440331,1788180441100,769,528.09,58,6679174,0,8873847
FAIR,20,baseline,Q14,1084,1901,4633,1788180440331,1788180441123,792,514.24,58,6677620,0,8872119
FAIR,20,baseline,Q14,1084,1901,4629,1788180440330,1788180441132,802,554.50,58,6677674,0,8874676
FAIR,20,baseline,Q14,1084,1901,4630,1788180440330,1788180441155,825,530.77,58,6676794,0,8874749
FAIR,20,baseline,Q14,1084,1901,4634,1788180440331,1788180441166,835,554.74,58,6678296,0,8872181
FAIR,20,baseline,Q18,1085,1905,4645,1788180441857,1788180442314,457,346.90,15,0,11396280,0
FAIR,20,baseline,Q18,1085,1905,4641,1788180441857,1788180442891,1034,872.70,44,0,11347331,0
FAIR,20,baseline,Q18,1085,1905,4651,1788180441857,1788180442892,1035,875.44,44,0,11354353,0
FAIR,20,baseline,Q18,1085,1905,4638,1788180441857,1788180442915,1058,870.01,46,0,11328172,0
FAIR,20,baseline,Q18,1085,1905,4650,1788180441857,1788180442992,1135,865.15,48,0,11412119,0
FAIR,20,baseline,Q18,1085,1905,4636,1788180441857,1788180443000,1143,890.48,48,0,11410837,0
FAIR,20,baseline,Q18,1085,1905,4639,1788180441857,1788180443001,1144,878.54,48,0,11397674,0
FAIR,20,baseline,Q18,1085,1905,4644,1788180441857,1788180443004,1147,821.29,48,0,11413836,0
FAIR,20,baseline,Q18,1085,1905,4647,1788180441857,1788180443005,1148,840.77,48,0,11356291,0
FAIR,20,baseline,Q18,1085,1905,4642,1788180441857,1788180443005,1148,841.08,48,0,11338468,0
FAIR,20,baseline,Q18,1085,1905,4643,1788180441857,1788180443010,1153,833.56,48,0,11425234,0
FAIR,20,baseline,Q18,1085,1905,4637,1788180441857,1788180443012,1155,868.32,48,0,11440429,0
FAIR,20,baseline,Q18,1085,1905,4646,1788180441857,1788180443026,1169,844.06,48,0,11410383,0
FAIR,20,baseline,Q18,1085,1905,4640,1788180441857,1788180443026,1169,817.59,48,0,11393041,0
FAIR,20,baseline,Q18,1085,1905,4652,1788180442309,1788180443032,723,493.08,28,0,7589199,0
FAIR,20,baseline,Q18,1085,1905,4648,1788180441857,1788180443034,1177,844.44,48,0,11430722,0
FAIR,20,baseline,Q18,1085,1905,4649,1788180441857,1788180443052,1195,807.56,48,0,11431888,0
FAIR,20,concurrent,compaction,1086,1906,4653,1788180470590,1788180488718,18128,14971.55,531,175454639,0,0
FAIR,20,concurrent,Q1,1087,1907,4660,1788180472320,1788180473081,761,657.06,40,2744914,0,845
FAIR,20,concurrent,Q1,1087,1907,4655,1788180472319,1788180474973,2654,2226.92,115,10980258,0,840
FAIR,20,concurrent,Q1,1087,1907,4654,1788180472319,1788180475020,2701,2280.50,115,10981126,0,841
FAIR,20,concurrent,Q1,1087,1907,4658,1788180472320,1788180475028,2708,2298.37,115,10981092,0,819
FAIR,20,concurrent,Q1,1087,1907,4656,1788180472319,1788180475048,2729,2306.55,115,10981694,0,840
FAIR,20,concurrent,Q1,1087,1907,4659,1788180472320,1788180475059,2739,2307.15,115,10981748,0,840
FAIR,20,concurrent,Q1,1087,1907,4657,1788180472319,1788180475059,2740,2333.59,115,10982658,0,844
FAIR,20,concurrent,Q1,1088,1909,4661,1788180475094,1788180475100,6,2.48,0,0,5869,0
FAIR,20,concurrent,Q1,1089,1911,4662,1788180475104,1788180475109,5,2.61,0,0,5869,844
FAIR,20,concurrent,Q1,1090,1914,4663,1788180475122,1788180475125,3,1.08,0,0,844,0
FAIR,20,concurrent,Q1,1091,1915,4670,1788180476626,1788180476771,145,118.88,0,3269202,0,1965203
FAIR,20,concurrent,Q1,1091,1915,4668,1788180476626,1788180477151,525,376.03,51,13078244,0,7738877
FAIR,20,concurrent,Q1,1091,1915,4669,1788180476626,1788180477163,537,381.35,51,13078900,0,7743364
FAIR,20,concurrent,Q1,1091,1915,4665,1788180476625,1788180477173,548,398.41,51,13077410,0,7743802
FAIR,20,concurrent,Q1,1091,1915,4666,1788180476626,1788180477175,549,394.70,51,13078846,0,7738331
FAIR,20,concurrent,Q1,1091,1915,4664,1788180476625,1788180477178,553,401.55,51,13078278,0,7750473
FAIR,20,concurrent,Q1,1091,1915,4667,1788180476626,1788180477181,555,394.89,51,13079810,0,7735803
FAIR,20,concurrent,Q1,1092,1916,4671,1788180476628,1788180476677,49,27.31,0,1484824,0,0
FAIR,20,concurrent,Q1,1093,1917,4672,1788180476706,1788180477076,370,266.82,51,11640628,0,1604055
FAIR,20,concurrent,Q1,1094,1919,4673,1788180477101,1788180477147,46,33.81,0,0,1604055,0
FAIR,20,concurrent,Q3,1095,1921,4683,1788180477247,1788180477308,61,51.24,0,0,2895551,0
FAIR,20,concurrent,Q3,1095,1921,4676,1788180477246,1788180477314,68,58.19,0,0,2899714,0
FAIR,20,concurrent,Q3,1095,1921,4680,1788180477246,1788180477318,72,59.25,0,0,2886189,0
FAIR,20,concurrent,Q3,1095,1921,4677,1788180477246,1788180477318,72,57.68,0,0,2887662,0
FAIR,20,concurrent,Q3,1095,1921,4688,1788180477247,1788180477318,71,58.45,0,0,2925625,0
FAIR,20,concurrent,Q3,1095,1921,4682,1788180477247,1788180477319,72,55.99,0,0,2908811,0
FAIR,20,concurrent,Q3,1095,1921,4681,1788180477247,1788180477319,72,57.55,0,0,2910947,0
FAIR,20,concurrent,Q3,1095,1921,4684,1788180477247,1788180477319,72,58.73,0,0,2909695,0
FAIR,20,concurrent,Q3,1095,1921,4678,1788180477246,1788180477320,74,65.02,0,0,2898701,0
FAIR,20,concurrent,Q3,1095,1921,4675,1788180477246,1788180477326,80,58.75,0,0,2919240,0
FAIR,20,concurrent,Q3,1095,1921,4687,1788180477247,1788180477338,91,52.04,0,0,2941007,0
FAIR,20,concurrent,Q3,1095,1921,4686,1788180477247,1788180477339,92,55.07,0,0,2929089,0
FAIR,20,concurrent,Q3,1095,1921,4679,1788180477246,1788180477341,95,61.22,0,0,2895639,0
FAIR,20,concurrent,Q3,1095,1921,4674,1788180477246,1788180477342,96,53.27,0,0,2898550,0
FAIR,20,concurrent,Q3,1095,1921,4685,1788180477247,1788180477345,98,55.52,0,0,2888143,0
FAIR,20,concurrent,Q3,1095,1921,4690,1788180477312,1788180477348,36,30.39,0,0,1923841,0
FAIR,20,concurrent,Q3,1095,1921,4689,1788180477307,1788180477357,50,44.05,0,0,2897449,0
FAIR,20,concurrent,Q3,1096,1922,4697,1788180478824,1788180478895,71,48.96,0,3298702,0,79
FAIR,20,concurrent,Q3,1096,1922,4692,1788180478823,1788180479460,637,166.50,13,13195474,0,79
FAIR,20,concurrent,Q3,1096,1922,4691,1788180478823,1788180479460,637,164.15,13,13196314,0,79
FAIR,20,concurrent,Q3,1096,1922,4694,1788180478824,1788180479460,636,160.06,13,13197882,0,79
FAIR,20,concurrent,Q3,1096,1922,4693,1788180478823,1788180479463,640,165.91,13,13196906,0,79
FAIR,20,concurrent,Q3,1096,1922,4695,1788180478824,1788180479464,640,159.14,13,13196308,0,79
FAIR,20,concurrent,Q3,1096,1922,4696,1788180478824,1788180479465,641,169.95,13,13196956,0,79
FAIR,20,concurrent,Q6,1097,1924,4698,1788180479476,1788180479478,2,0.66,0,0,553,0
FAIR,20,concurrent,Q6,1098,1925,4699,1788180480975,1788180481574,599,488.16,47,3317556,0,14534997
FAIR,20,concurrent,Q6,1099,1926,4706,1788180480980,1788180481079,99,70.78,0,3825626,0,26922
FAIR,20,concurrent,Q6,1099,1926,4700,1788180480979,1788180481305,326,200.63,47,15304022,0,59807
FAIR,20,concurrent,Q6,1099,1926,4704,1788180480980,1788180481316,336,212.08,47,15304056,0,58481
FAIR,20,concurrent,Q6,1099,1926,4702,1788180480979,1788180481322,343,221.42,47,15304618,0,58647
FAIR,20,concurrent,Q6,1099,1926,4703,1788180480980,1788180481325,345,217.11,47,15305646,0,57595
FAIR,20,concurrent,Q6,1099,1926,4705,1788180480980,1788180481332,352,226.86,47,15304688,0,59166
FAIR,20,concurrent,Q6,1099,1926,4701,1788180480979,1788180481334,355,221.88,47,15303234,0,58962
FAIR,20,concurrent,Q6,1100,1928,4707,1788180481347,1788180481387,40,16.52,0,0,379580,0
FAIR,20,concurrent,Q12,1101,1930,4712,1788180481596,1788180481626,30,25.13,0,0,1015054,154
FAIR,20,concurrent,Q12,1101,1930,4718,1788180481597,1788180481634,37,31.60,0,0,1021753,154
FAIR,20,concurrent,Q12,1101,1930,4716,1788180481597,1788180481634,37,32.99,0,0,1018284,154
FAIR,20,concurrent,Q12,1101,1930,4720,1788180481597,1788180481635,38,34.25,0,0,1015360,154
FAIR,20,concurrent,Q12,1101,1930,4721,1788180481597,1788180481635,38,34.26,0,0,1015509,154
FAIR,20,concurrent,Q12,1101,1930,4719,1788180481597,1788180481636,39,33.40,0,0,1020274,154
FAIR,20,concurrent,Q12,1101,1930,4715,1788180481597,1788180481636,39,34.52,0,0,1016185,154
FAIR,20,concurrent,Q12,1101,1930,4714,1788180481597,1788180481636,39,34.64,0,0,1021566,154
FAIR,20,concurrent,Q12,1101,1930,4717,1788180481597,1788180481636,39,33.06,0,0,1015101,154
FAIR,20,concurrent,Q12,1101,1930,4710,1788180481596,1788180481637,41,34.65,0,0,1087458,154
FAIR,20,concurrent,Q12,1101,1930,4709,1788180481596,1788180481637,41,36.02,0,0,1090764,154
FAIR,20,concurrent,Q12,1101,1930,4711,1788180481596,1788180481637,41,35.91,0,0,1090847,154
FAIR,20,concurrent,Q12,1101,1930,4708,1788180481596,1788180481638,42,35.13,0,0,1092283,154
FAIR,20,concurrent,Q12,1101,1930,4713,1788180481597,1788180481638,41,34.82,0,0,1014559,154
FAIR,20,concurrent,Q12,1102,1933,4722,1788180481653,1788180481657,4,1.45,0,0,2156,0
FAIR,20,concurrent,Q12,1103,1936,4723,1788180481660,1788180481664,4,1.62,0,0,2156,154
FAIR,20,concurrent,Q12,1104,1940,4724,1788180481678,1788180481681,3,0.90,0,0,154,0
FAIR,20,concurrent,Q12,1105,1941,4725,1788180483193,1788180483264,71,43.80,0,1244534,0,0
FAIR,20,concurrent,Q12,1106,1942,4732,1788180483327,1788180483410,83,36.77,0,3269202,0,101
FAIR,20,concurrent,Q12,1106,1942,4731,1788180483327,1788180483591,264,119.28,0,13078900,0,99
FAIR,20,concurrent,Q12,1106,1942,4727,1788180483327,1788180483601,274,122.40,0,13077410,0,99
FAIR,20,concurrent,Q12,1106,1942,4729,1788180483327,1788180483601,274,127.00,0,13079810,0,99
FAIR,20,concurrent,Q12,1106,1942,4728,1788180483327,1788180483603,276,130.74,0,13078846,0,99
FAIR,20,concurrent,Q12,1106,1942,4730,1788180483327,1788180483603,276,125.38,0,13078244,0,99
FAIR,20,concurrent,Q12,1106,1942,4726,1788180483327,1788180483607,280,130.48,0,13078278,0,99
FAIR,20,concurrent,Q12,1107,1944,4733,1788180483616,1788180483618,2,0.59,0,0,695,0
FAIR,20,concurrent,Q14,1108,1945,4734,1788180485430,1788180486740,1310,1036.91,112,14589748,0,30886715
FAIR,20,concurrent,Q14,1109,1946,4741,1788180485443,1788180485963,520,386.06,62,1669066,0,2548115
FAIR,20,concurrent,Q14,1109,1946,4739,1788180485442,1788180487142,1700,1229.97,151,6677620,0,8197158
FAIR,20,concurrent,Q14,1109,1946,4737,1788180485442,1788180487149,1707,1260.75,151,6678222,0,8201066
FAIR,20,concurrent,Q14,1109,1946,4735,1788180485441,1788180487164,1723,1254.40,151,6677674,0,8204481
FAIR,20,concurrent,Q14,1109,1946,4738,1788180485442,1788180487166,1724,1238.28,151,6679174,0,8197511
FAIR,20,concurrent,Q14,1109,1946,4740,1788180485443,1788180487169,1726,1292.91,151,6678296,0,8202194
FAIR,20,concurrent,Q14,1109,1946,4736,1788180485442,1788180487192,1750,1304.56,151,6676794,0,8204443
FAIR,20,concurrent,Q14,1110,1947,4742,1788180485443,1788180485593,150,58.26,40,784744,0,0
FAIR,20,concurrent,Q14,1111,1948,4749,1788180485584,1788180485821,237,163.46,22,1669066,0,2238587
FAIR,20,concurrent,Q14,1111,1948,4745,1788180485446,1788180486406,960,572.66,78,6678222,0,8873447
FAIR,20,concurrent,Q14,1111,1948,4746,1788180485446,1788180486430,984,561.31,85,6679174,0,8873847
FAIR,20,concurrent,Q14,1111,1948,4748,1788180485447,1788180486430,983,565.89,85,6678296,0,8872181
FAIR,20,concurrent,Q14,1111,1948,4744,1788180485446,1788180486457,1011,574.18,92,6676794,0,8874749
FAIR,20,concurrent,Q14,1111,1948,4743,1788180485445,1788180486478,1033,570.47,96,6677674,0,8874676
FAIR,20,concurrent,Q14,1111,1948,4747,1788180485447,1788180486501,1054,587.68,96,6677620,0,8872119
FAIR,20,concurrent,Q18,1112,1952,4759,1788180487238,1788180487671,433,348.65,21,0,11396280,0
FAIR,20,concurrent,Q18,1112,1952,4757,1788180487238,1788180488215,977,812.56,44,0,11425234,0
FAIR,20,concurrent,Q18,1112,1952,4756,1788180487237,1788180488263,1026,859.14,47,0,11338468,0
FAIR,20,concurrent,Q18,1112,1952,4760,1788180487238,1788180488265,1027,852.50,51,0,11410383,0
FAIR,20,concurrent,Q18,1112,1952,4763,1788180487238,1788180488267,1029,880.28,51,0,11431888,0
FAIR,20,concurrent,Q18,1112,1952,4762,1788180487238,1788180488269,1031,853.71,51,0,11430722,0
FAIR,20,concurrent,Q18,1112,1952,4755,1788180487237,1788180488332,1095,862.88,55,0,11347331,0
FAIR,20,concurrent,Q18,1112,1952,4751,1788180487237,1788180488344,1107,906.38,55,0,11440429,0
FAIR,20,concurrent,Q18,1112,1952,4754,1788180487237,1788180488346,1109,827.13,55,0,11393041,0
FAIR,20,concurrent,Q18,1112,1952,4752,1788180487237,1788180488348,1111,875.04,55,0,11328172,0
FAIR,20,concurrent,Q18,1112,1952,4758,1788180487238,1788180488352,1114,803.45,55,0,11413836,0
FAIR,20,concurrent,Q18,1112,1952,4761,1788180487238,1788180488356,1118,845.58,55,0,11356291,0
FAIR,20,concurrent,Q18,1112,1952,4750,1788180487237,1788180488356,1119,864.28,55,0,11410837,0
FAIR,20,concurrent,Q18,1112,1952,4753,1788180487237,1788180488360,1123,863.23,55,0,11397674,0
FAIR,20,concurrent,Q18,1112,1952,4764,1788180487238,1788180488386,1148,831.88,55,0,11412119,0
FAIR,20,concurrent,Q18,1112,1952,4766,1788180488210,1788180488514,304,266.43,14,0,7589199,0
FAIR,20,concurrent,Q18,1112,1952,4765,1788180487669,1788180488520,851,629.39,37,0,11354353,0
FAIR,21,concurrent,compaction,1113,1953,4767,1788180516527,1788180534603,18076,14822.83,501,175454639,0,0
FAIR,21,concurrent,Q1,1114,1954,4774,1788180518228,1788180518956,728,631.60,35,2744914,0,845
FAIR,21,concurrent,Q1,1114,1954,4773,1788180518228,1788180520820,2592,2186.38,108,10981748,0,840
FAIR,21,concurrent,Q1,1114,1954,4768,1788180518227,1788180520937,2710,2298.47,116,10981126,0,841
FAIR,21,concurrent,Q1,1114,1954,4772,1788180518228,1788180520956,2728,2336.23,116,10981092,0,819
FAIR,21,concurrent,Q1,1114,1954,4771,1788180518228,1788180520963,2735,2331.82,116,10982658,0,844
FAIR,21,concurrent,Q1,1114,1954,4769,1788180518227,1788180520983,2756,2329.02,116,10980258,0,840
FAIR,21,concurrent,Q1,1114,1954,4770,1788180518227,1788180520996,2769,2343.91,116,10981694,0,840
FAIR,21,concurrent,Q1,1115,1956,4775,1788180521024,1788180521029,5,2.37,0,0,5869,0
FAIR,21,concurrent,Q1,1116,1958,4776,1788180521033,1788180521037,4,2.61,0,0,5869,844
FAIR,21,concurrent,Q1,1117,1961,4777,1788180521049,1788180521052,3,1.03,0,0,844,0
FAIR,21,concurrent,Q1,1118,1962,4784,1788180522560,1788180522696,136,114.02,0,3269202,0,1965203
FAIR,21,concurrent,Q1,1118,1962,4780,1788180522560,1788180523005,445,323.27,49,13078846,0,7738331
FAIR,21,concurrent,Q1,1118,1962,4782,1788180522560,1788180523019,459,341.31,49,13078244,0,7738877
FAIR,21,concurrent,Q1,1118,1962,4781,1788180522560,1788180523045,485,362.96,49,13079810,0,7735803
FAIR,21,concurrent,Q1,1118,1962,4779,1788180522560,1788180523048,488,364.55,49,13077410,0,7743802
FAIR,21,concurrent,Q1,1118,1962,4783,1788180522560,1788180523051,491,369.44,49,13078900,0,7743364
FAIR,21,concurrent,Q1,1118,1962,4778,1788180522559,1788180523056,497,373.73,49,13078278,0,7750473
FAIR,21,concurrent,Q1,1119,1963,4785,1788180522562,1788180522603,41,25.75,0,1484824,0,0
FAIR,21,concurrent,Q1,1120,1964,4786,1788180522630,1788180522884,254,219.80,0,11640628,0,1604055
FAIR,21,concurrent,Q1,1121,1966,4787,1788180522946,1788180522982,36,27.21,0,0,1604055,0
FAIR,21,concurrent,Q1,1122,1968,4801,1788180523086,1788180523141,55,47.76,0,0,2941007,0
FAIR,21,concurrent,Q1,1122,1968,4799,1788180523086,1788180523148,62,55.33,0,0,2888143,0
FAIR,21,concurrent,Q1,1122,1968,4798,1788180523086,1788180523149,63,54.85,0,0,2909695,0
FAIR,21,concurrent,Q1,1122,1968,4802,1788180523086,1788180523149,63,55.95,0,0,2925625,0
FAIR,21,concurrent,Q1,1122,1968,4797,1788180523086,1788180523149,63,55.64,0,0,2895551,0
FAIR,21,concurrent,Q1,1122,1968,4790,1788180523086,1788180523149,63,54.76,0,0,2899714,0
FAIR,21,concurrent,Q1,1122,1968,4795,1788180523086,1788180523150,64,55.57,0,0,2910947,0
FAIR,21,concurrent,Q1,1122,1968,4793,1788180523086,1788180523150,64,55.02,0,0,2895639,0
FAIR,21,concurrent,Q1,1122,1968,4791,1788180523086,1788180523150,64,57.26,0,0,2887662,0
FAIR,21,concurrent,Q1,1122,1968,4789,1788180523086,1788180523151,65,55.63,0,0,2919240,0
FAIR,21,concurrent,Q1,1122,1968,4800,1788180523086,1788180523160,74,59.11,0,0,2929089,0
FAIR,21,concurrent,Q1,1122,1968,4792,1788180523086,1788180523167,81,46.03,0,0,2898701,0
FAIR,21,concurrent,Q1,1122,1968,4794,1788180523086,1788180523167,81,45.39,0,0,2886189,0
FAIR,21,concurrent,Q1,1122,1968,4788,1788180523085,1788180523172,87,49.25,0,0,2898550,0
FAIR,21,concurrent,Q1,1122,1968,4796,1788180523086,1788180523172,86,50.15,0,0,2908811,0
FAIR,21,concurrent,Q1,1122,1968,4804,1788180523147,1788180523175,28,21.51,0,0,1923841,0
FAIR,21,concurrent,Q1,1122,1968,4803,1788180523139,1788180523186,47,41.69,0,0,2897449,0
FAIR,21,concurrent,Q3,1123,1969,4811,1788180524651,1788180524722,71,41.55,8,3298702,0,79
FAIR,21,concurrent,Q3,1123,1969,4807,1788180524650,1788180525298,648,166.93,18,13196906,0,79
FAIR,21,concurrent,Q3,1123,1969,4806,1788180524650,1788180525298,648,167.78,18,13195474,0,79
FAIR,21,concurrent,Q3,1123,1969,4810,1788180524651,1788180525299,648,173.45,18,13196956,0,79
FAIR,21,concurrent,Q3,1123,1969,4808,1788180524650,1788180525299,649,170.61,18,13197882,0,79
FAIR,21,concurrent,Q3,1123,1969,4805,1788180524650,1788180525305,655,177.84,18,13196314,0,79
FAIR,21,concurrent,Q3,1123,1969,4809,1788180524650,1788180525305,655,179.38,18,13196308,0,79
FAIR,21,concurrent,Q6,1124,1971,4812,1788180525316,1788180525318,2,0.74,0,0,553,0
FAIR,21,concurrent,Q6,1125,1972,4813,1788180526806,1788180527297,491,455.88,0,3317556,0,14534997
FAIR,21,concurrent,Q6,1126,1973,4820,1788180526811,1788180526924,113,84.79,0,3825626,0,26922
FAIR,21,concurrent,Q6,1126,1973,4816,1788180526810,1788180527114,304,218.54,0,15304618,0,58647
FAIR,21,concurrent,Q6,1126,1973,4817,1788180526810,1788180527115,305,220.47,0,15305646,0,57595
FAIR,21,concurrent,Q6,1126,1973,4819,1788180526811,1788180527120,309,221.24,0,15304688,0,59166
FAIR,21,concurrent,Q6,1126,1973,4818,1788180526811,1788180527121,310,229.23,0,15304056,0,58481
FAIR,21,concurrent,Q6,1126,1973,4815,1788180526810,1788180527122,312,221.58,0,15303234,0,58962
FAIR,21,concurrent,Q6,1126,1973,4814,1788180526810,1788180527128,318,232.28,0,15304022,0,59807
FAIR,21,concurrent,Q6,1127,1975,4821,1788180527138,1788180527150,12,9.96,0,0,379580,0
FAIR,21,concurrent,Q6,1128,1977,4832,1788180527314,1788180527378,64,33.07,27,0,1021753,154
FAIR,21,concurrent,Q6,1128,1977,4826,1788180527314,1788180527379,65,32.54,27,0,1015054,154
FAIR,21,concurrent,Q6,1128,1977,4833,1788180527314,1788180527379,65,33.26,27,0,1020274,154
FAIR,21,concurrent,Q6,1128,1977,4827,1788180527314,1788180527380,66,32.65,27,0,1014559,154
FAIR,21,concurrent,Q6,1128,1977,4828,1788180527314,1788180527380,66,32.76,27,0,1021566,154
FAIR,21,concurrent,Q6,1128,1977,4825,1788180527314,1788180527380,66,34.48,27,0,1090847,154
FAIR,21,concurrent,Q6,1128,1977,4823,1788180527314,1788180527381,67,33.67,27,0,1090764,154
FAIR,21,concurrent,Q6,1128,1977,4831,1788180527314,1788180527381,67,32.79,27,0,1015101,154
FAIR,21,concurrent,Q6,1128,1977,4829,1788180527314,1788180527382,68,32.81,27,0,1016185,154
FAIR,21,concurrent,Q6,1128,1977,4834,1788180527314,1788180527382,68,31.66,27,0,1015360,154
FAIR,21,concurrent,Q6,1128,1977,4830,1788180527314,1788180527382,68,35.12,27,0,1018284,154
FAIR,21,concurrent,Q6,1128,1977,4822,1788180527314,1788180527382,68,33.84,27,0,1092283,154
FAIR,21,concurrent,Q6,1128,1977,4824,1788180527314,1788180527383,69,34.22,27,0,1087458,154
FAIR,21,concurrent,Q6,1128,1977,4835,1788180527314,1788180527391,77,31.44,27,0,1015509,154
FAIR,21,concurrent,Q12,1129,1980,4836,1788180527410,1788180527414,4,1.86,0,0,2156,0
FAIR,21,concurrent,Q12,1130,1983,4837,1788180527419,1788180527423,4,2.05,0,0,2156,154
FAIR,21,concurrent,Q12,1131,1987,4838,1788180527458,1788180527462,4,1.51,0,0,154,0
FAIR,21,concurrent,Q12,1132,1988,4839,1788180528958,1788180529023,65,39.66,0,1244534,0,0
FAIR,21,concurrent,Q12,1133,1989,4846,1788180529088,1788180529154,66,31.27,0,3269202,0,101
FAIR,21,concurrent,Q12,1133,1989,4845,1788180529087,1788180529341,254,117.12,0,13078900,0,99
FAIR,21,concurrent,Q12,1133,1989,4843,1788180529087,1788180529368,281,122.74,13,13079810,0,99
FAIR,21,concurrent,Q12,1133,1989,4844,1788180529087,1788180529370,283,125.73,13,13078244,0,99
FAIR,21,concurrent,Q12,1133,1989,4840,1788180529087,1788180529374,287,123.88,13,13078278,0,99
FAIR,21,concurrent,Q12,1133,1989,4842,1788180529087,1788180529374,287,126.12,13,13078846,0,99
FAIR,21,concurrent,Q12,1133,1989,4841,1788180529087,1788180529377,290,129.44,13,13077410,0,99
FAIR,21,concurrent,Q12,1134,1991,4847,1788180529389,1788180529392,3,0.65,0,0,695,0
FAIR,21,concurrent,Q14,1135,1992,4848,1788180531144,1788180532436,1292,974.73,114,14589748,0,30886715
FAIR,21,concurrent,Q14,1136,1993,4849,1788180531150,1788180531314,164,61.93,44,784744,0,0
FAIR,21,concurrent,Q14,1137,1994,4856,1788180531153,1788180531721,568,376.36,71,1669066,0,2548115
FAIR,21,concurrent,Q14,1137,1994,4854,1788180531152,1788180532841,1689,1235.85,158,6677620,0,8197158
FAIR,21,concurrent,Q14,1137,1994,4852,1788180531152,1788180532865,1713,1251.25,158,6678222,0,8201066
FAIR,21,concurrent,Q14,1137,1994,4851,1788180531152,1788180532902,1750,1291.19,158,6676794,0,8204443
FAIR,21,concurrent,Q14,1137,1994,4850,1788180531152,1788180532926,1774,1303.71,158,6677674,0,8204481
FAIR,21,concurrent,Q14,1137,1994,4855,1788180531152,1788180532926,1774,1313.08,158,6678296,0,8202194
FAIR,21,concurrent,Q14,1137,1994,4853,1788180531152,1788180532927,1775,1272.37,158,6679174,0,8197511
FAIR,21,concurrent,Q14,1138,1995,4863,1788180531307,1788180531607,300,162.91,6,1669066,0,2238587
FAIR,21,concurrent,Q14,1138,1995,4860,1788180531156,1788180532145,989,573.34,76,6679174,0,8873847
FAIR,21,concurrent,Q14,1138,1995,4861,1788180531156,1788180532149,993,580.13,76,6677620,0,8872119
FAIR,21,concurrent,Q14,1138,1995,4858,1788180531155,1788180532151,996,566.91,76,6676794,0,8874749
FAIR,21,concurrent,Q14,1138,1995,4857,1788180531155,1788180532176,1021,566.55,76,6677674,0,8874676
FAIR,21,concurrent,Q14,1138,1995,4859,1788180531155,1788180532177,1022,565.79,76,6678222,0,8873447
FAIR,21,concurrent,Q14,1138,1995,4862,1788180531156,1788180532262,1106,587.68,109,6678296,0,8872181
FAIR,21,concurrent,Q18,1139,1999,4873,1788180532994,1788180533435,441,351.61,22,0,11396280,0
FAIR,21,concurrent,Q18,1139,1999,4871,1788180532994,1788180534008,1014,836.54,48,0,11425234,0
FAIR,21,concurrent,Q18,1139,1999,4876,1788180532994,1788180534012,1018,870.02,52,0,11430722,0
FAIR,21,concurrent,Q18,1139,1999,4878,1788180532994,1788180534048,1054,872.81,52,0,11412119,0
FAIR,21,concurrent,Q18,1139,1999,4864,1788180532994,1788180534064,1070,896.22,52,0,11410837,0
FAIR,21,concurrent,Q18,1139,1999,4872,1788180532994,1788180534068,1074,818.63,52,0,11413836,0
FAIR,21,concurrent,Q18,1139,1999,4874,1788180532994,1788180534073,1079,837.00,52,0,11410383,0
FAIR,21,concurrent,Q18,1139,1999,4868,1788180532994,1788180534079,1085,822.58,52,0,11393041,0
FAIR,21,concurrent,Q18,1139,1999,4877,1788180532994,1788180534084,1090,882.88,52,0,11431888,0
FAIR,21,concurrent,Q18,1139,1999,4865,1788180532994,1788180534084,1090,887.32,52,0,11440429,0
FAIR,21,concurrent,Q18,1139,1999,4866,1788180532994,1788180534113,1119,859.53,52,0,11328172,0
FAIR,21,concurrent,Q18,1139,1999,4869,1788180532994,1788180534135,1141,831.80,55,0,11347331,0
FAIR,21,concurrent,Q18,1139,1999,4867,1788180532994,1788180534145,1151,864.20,55,0,11397674,0
FAIR,21,concurrent,Q18,1139,1999,4870,1788180532994,1788180534150,1156,839.66,55,0,11338468,0
FAIR,21,concurrent,Q18,1139,1999,4875,1788180532994,1788180534189,1195,786.52,55,0,11356291,0
FAIR,21,concurrent,Q18,1139,1999,4879,1788180533432,1788180534244,812,710.63,33,0,11354353,0
FAIR,21,concurrent,Q18,1139,1999,4880,1788180533987,1788180534289,302,269.47,7,0,7589199,0
FAIR,21,baseline,Q1,1140,2000,4887,1788180562387,1788180563068,681,587.81,38,2744914,0,845
FAIR,21,baseline,Q1,1140,2000,4885,1788180562386,1788180564608,2222,1983.55,87,10981092,0,819
FAIR,21,baseline,Q1,1140,2000,4884,1788180562386,1788180564664,2278,2025.03,90,10982658,0,844
FAIR,21,baseline,Q1,1140,2000,4883,1788180562386,1788180564673,2287,2046.53,90,10981694,0,840
FAIR,21,baseline,Q1,1140,2000,4882,1788180562386,1788180564728,2342,2079.70,90,10980258,0,840
FAIR,21,baseline,Q1,1140,2000,4886,1788180562386,1788180564790,2404,2131.91,90,10981748,0,840
FAIR,21,baseline,Q1,1140,2000,4881,1788180562386,1788180564824,2438,2172.85,90,10981126,0,841
FAIR,21,baseline,Q1,1141,2002,4888,1788180564863,1788180564870,7,3.58,0,0,5869,0
FAIR,21,baseline,Q1,1142,2004,4889,1788180564874,1788180564881,7,3.53,0,0,5869,844
FAIR,21,baseline,Q1,1143,2007,4890,1788180564898,1788180564903,5,1.63,0,0,844,0
FAIR,21,baseline,Q1,1144,2008,4897,1788180566375,1788180566497,122,102.20,0,3269202,0,1965203
FAIR,21,baseline,Q1,1144,2008,4895,1788180566375,1788180566759,384,317.01,0,13078244,0,7738877
FAIR,21,baseline,Q1,1144,2008,4892,1788180566374,1788180566761,387,317.14,0,13077410,0,7743802
FAIR,21,baseline,Q1,1144,2008,4891,1788180566374,1788180566764,390,328.54,0,13078278,0,7750473
FAIR,21,baseline,Q1,1144,2008,4894,1788180566375,1788180566764,389,323.80,0,13079810,0,7735803
FAIR,21,baseline,Q1,1144,2008,4893,1788180566374,1788180566767,393,329.15,0,13078846,0,7738331
FAIR,21,baseline,Q1,1144,2008,4896,1788180566375,1788180566769,394,322.90,0,13078900,0,7743364
FAIR,21,baseline,Q1,1145,2009,4898,1788180566377,1788180566420,43,29.56,0,1484824,0,0
FAIR,21,baseline,Q1,1146,2010,4899,1788180566446,1788180566681,235,204.15,0,11640628,0,1604055
FAIR,21,baseline,Q1,1147,2012,4900,1788180566694,1788180566730,36,27.96,0,0,1604055,0
FAIR,21,baseline,Q1,1148,2014,4911,1788180566812,1788180566872,60,54.17,0,0,2909695,0
FAIR,21,baseline,Q1,1148,2014,4916,1788180566812,1788180566872,60,54.80,0,0,2897449,0
FAIR,21,baseline,Q1,1148,2014,4903,1788180566812,1788180566873,61,54.86,0,0,2899714,0
FAIR,21,baseline,Q1,1148,2014,4910,1788180566812,1788180566873,61,55.25,0,0,2895551,0
FAIR,21,baseline,Q1,1148,2014,4904,1788180566812,1788180566873,61,54.71,0,0,2887662,0
FAIR,21,baseline,Q1,1148,2014,4905,1788180566812,1788180566873,61,55.58,0,0,2898701,0
FAIR,21,baseline,Q1,1148,2014,4906,1788180566812,1788180566873,61,55.26,0,0,2895639,0
FAIR,21,baseline,Q1,1148,2014,4902,1788180566812,1788180566874,62,55.99,0,0,2919240,0
FAIR,21,baseline,Q1,1148,2014,4913,1788180566812,1788180566874,62,56.39,0,0,2929089,0
FAIR,21,baseline,Q1,1148,2014,4909,1788180566812,1788180566874,62,55.59,0,0,2908811,0
FAIR,21,baseline,Q1,1148,2014,4915,1788180566812,1788180566874,62,55.68,0,0,2925625,0
FAIR,21,baseline,Q1,1148,2014,4907,1788180566812,1788180566877,65,56.48,0,0,2886189,0
FAIR,21,baseline,Q1,1148,2014,4901,1788180566812,1788180566882,70,51.89,0,0,2898550,0
FAIR,21,baseline,Q1,1148,2014,4908,1788180566812,1788180566898,86,46.27,0,0,2910947,0
FAIR,21,baseline,Q1,1148,2014,4914,1788180566812,1788180566898,86,42.36,0,0,2941007,0
FAIR,21,baseline,Q1,1148,2014,4912,1788180566812,1788180566899,87,42.67,0,0,2888143,0
FAIR,21,baseline,Q1,1148,2014,4917,1788180566871,1788180566899,28,22.50,0,0,1923841,0
FAIR,21,baseline,Q3,1149,2015,4924,1788180568259,1788180568318,59,38.47,0,3298702,0,79
FAIR,21,baseline,Q3,1149,2015,4918,1788180568258,1788180568496,238,139.79,19,13196314,0,79
FAIR,21,baseline,Q3,1149,2015,4920,1788180568258,1788180568499,241,139.63,19,13196906,0,79
FAIR,21,baseline,Q3,1149,2015,4921,1788180568259,1788180568501,242,143.17,19,13197882,0,79
FAIR,21,baseline,Q3,1149,2015,4923,1788180568259,1788180568501,242,143.20,19,13196956,0,79
FAIR,21,baseline,Q3,1149,2015,4922,1788180568259,1788180568505,246,150.09,19,13196308,0,79
FAIR,21,baseline,Q3,1149,2015,4919,1788180568258,1788180568511,253,148.97,19,13195474,0,79
FAIR,21,baseline,Q3,1150,2017,4925,1788180568519,1788180568521,2,0.64,0,0,553,0
FAIR,21,baseline,Q6,1151,2018,4926,1788180569923,1788180570434,511,431.71,0,3317556,0,14534997
FAIR,21,baseline,Q6,1152,2019,4933,1788180569927,1788180570010,83,64.70,0,3825626,0,26922
FAIR,21,baseline,Q6,1152,2019,4928,1788180569927,1788180570188,261,189.02,0,15303234,0,58962
FAIR,21,baseline,Q6,1152,2019,4932,1788180569927,1788180570188,261,187.07,0,15304688,0,59166
FAIR,21,baseline,Q6,1152,2019,4927,1788180569926,1788180570197,271,197.81,0,15304022,0,59807
FAIR,21,baseline,Q6,1152,2019,4931,1788180569927,1788180570197,270,197.91,0,15304056,0,58481
FAIR,21,baseline,Q6,1152,2019,4930,1788180569927,1788180570199,272,202.82,0,15305646,0,57595
FAIR,21,baseline,Q6,1152,2019,4929,1788180569927,1788180570201,274,206.68,0,15304618,0,58647
FAIR,21,baseline,Q6,1153,2021,4934,1788180570210,1788180570221,11,9.35,0,0,379580,0
FAIR,21,baseline,Q6,1154,2023,4947,1788180570462,1788180570497,35,31.59,0,0,1015360,154
FAIR,21,baseline,Q6,1154,2023,4939,1788180570462,1788180570498,36,31.69,0,0,1015054,154
FAIR,21,baseline,Q6,1154,2023,4937,1788180570462,1788180570500,38,32.96,0,0,1087458,154
FAIR,21,baseline,Q6,1154,2023,4944,1788180570462,1788180570505,43,30.29,0,0,1015101,154
FAIR,21,baseline,Q6,1154,2023,4938,1788180570462,1788180570505,43,33.08,0,0,1090847,154
FAIR,21,baseline,Q6,1154,2023,4940,1788180570462,1788180570506,44,31.32,0,0,1014559,154
FAIR,21,baseline,Q6,1154,2023,4948,1788180570462,1788180570508,46,32.25,0,0,1015509,154
FAIR,21,baseline,Q6,1154,2023,4943,1788180570462,1788180570508,46,30.86,0,0,1018284,154
FAIR,21,baseline,Q6,1154,2023,4942,1788180570462,1788180570509,47,31.06,0,0,1016185,154
FAIR,21,baseline,Q6,1154,2023,4935,1788180570462,1788180570509,47,33.00,0,0,1092283,154
FAIR,21,baseline,Q6,1154,2023,4936,1788180570462,1788180570510,48,30.01,0,0,1090764,154
FAIR,21,baseline,Q6,1154,2023,4945,1788180570462,1788180570511,49,28.99,0,0,1021753,154
FAIR,21,baseline,Q6,1154,2023,4946,1788180570462,1788180570511,49,28.70,0,0,1020274,154
FAIR,21,baseline,Q6,1154,2023,4941,1788180570462,1788180570513,51,28.24,0,0,1021566,154
FAIR,21,baseline,Q6,1155,2026,4949,1788180570530,1788180570535,5,2.13,0,0,2156,0
FAIR,21,baseline,Q6,1156,2029,4950,1788180570539,1788180570544,5,2.41,0,0,2156,154
FAIR,21,baseline,Q6,1157,2033,4951,1788180570563,1788180570566,3,0.97,0,0,154,0
FAIR,21,baseline,Q12,1158,2034,4952,1788180571995,1788180572088,93,54.09,0,1244534,0,0
FAIR,21,baseline,Q12,1159,2035,4959,1788180572156,1788180572213,57,35.13,0,3269202,0,101
FAIR,21,baseline,Q12,1159,2035,4958,1788180572156,1788180572347,191,117.83,0,13078900,0,99
FAIR,21,baseline,Q12,1159,2035,4955,1788180572155,1788180572351,196,119.86,0,13078846,0,99
FAIR,21,baseline,Q12,1159,2035,4954,1788180572155,1788180572355,200,123.53,0,13077410,0,99
FAIR,21,baseline,Q12,1159,2035,4957,1788180572155,1788180572364,209,135.01,0,13078244,0,99
FAIR,21,baseline,Q12,1159,2035,4953,1788180572155,1788180572366,211,136.21,0,13078278,0,99
FAIR,21,baseline,Q12,1159,2035,4956,1788180572155,1788180572370,215,140.38,0,13079810,0,99
FAIR,21,baseline,Q12,1160,2037,4960,1788180572380,1788180572382,2,0.70,0,0,695,0
FAIR,21,baseline,Q14,1161,2038,4961,1788180573769,1788180574979,1210,962.79,101,14589748,0,30886715
FAIR,21,baseline,Q14,1162,2039,4962,1788180573776,1788180573892,116,58.05,0,784744,0,0
FAIR,21,baseline,Q14,1163,2040,4969,1788180573781,1788180574325,544,374.72,74,1669066,0,2548115
FAIR,21,baseline,Q14,1163,2040,4963,1788180573780,1788180575278,1498,1159.20,129,6677674,0,8204481
FAIR,21,baseline,Q14,1163,2040,4968,1788180573781,1788180575287,1506,1159.88,129,6678296,0,8202194
FAIR,21,baseline,Q14,1163,2040,4964,1788180573780,1788180575292,1512,1150.37,129,6676794,0,8204443
FAIR,21,baseline,Q14,1163,2040,4965,1788180573780,1788180575295,1515,1164.49,129,6678222,0,8201066
FAIR,21,baseline,Q14,1163,2040,4966,1788180573781,1788180575307,1526,1142.62,129,6679174,0,8197511
FAIR,21,baseline,Q14,1163,2040,4967,1788180573781,1788180575315,1534,1160.43,129,6677620,0,8197158
FAIR,21,baseline,Q14,1164,2041,4976,1788180573786,1788180574091,305,167.97,62,1669066,0,2238587
FAIR,21,baseline,Q14,1164,2041,4973,1788180573785,1788180574670,885,547.76,79,6679174,0,8873847
FAIR,21,baseline,Q14,1164,2041,4972,1788180573784,1788180574686,902,553.79,79,6678222,0,8873447
FAIR,21,baseline,Q14,1164,2041,4975,1788180573785,1788180574686,901,551.17,79,6678296,0,8872181
FAIR,21,baseline,Q14,1164,2041,4971,1788180573784,1788180574687,903,551.84,79,6676794,0,8874749
FAIR,21,baseline,Q14,1164,2041,4970,1788180573784,1788180574712,928,566.16,86,6677674,0,8874676
FAIR,21,baseline,Q14,1164,2041,4974,1788180573785,1788180574714,929,596.44,86,6677620,0,8872119
FAIR,21,baseline,Q18,1165,2045,4986,1788180575374,1788180575903,529,362.96,27,0,11396280,0
FAIR,21,baseline,Q18,1165,2045,4980,1788180575374,1788180576447,1073,889.32,42,0,11397674,0
FAIR,21,baseline,Q18,1165,2045,4984,1788180575374,1788180576468,1094,832.43,42,0,11425234,0
FAIR,21,baseline,Q18,1165,2045,4978,1788180575373,1788180576476,1103,894.92,42,0,11440429,0
FAIR,21,baseline,Q18,1165,2045,4979,1788180575373,1788180576482,1109,869.85,42,0,11328172,0
FAIR,21,baseline,Q18,1165,2045,4981,1788180575374,1788180576490,1116,819.48,42,0,11393041,0
FAIR,21,baseline,Q18,1165,2045,4983,1788180575374,1788180576496,1122,844.51,42,0,11338468,0
FAIR,21,baseline,Q18,1165,2045,4991,1788180575374,1788180576499,1125,849.56,42,0,11412119,0
FAIR,21,baseline,Q18,1165,2045,4988,1788180575374,1788180576504,1130,842.90,42,0,11356291,0
FAIR,21,baseline,Q18,1165,2045,4977,1788180575373,1788180576507,1134,896.09,42,0,11410837,0
FAIR,21,baseline,Q18,1165,2045,4990,1788180575374,1788180576527,1153,876.19,42,0,11431888,0
FAIR,21,baseline,Q18,1165,2045,4992,1788180575374,1788180576529,1155,843.80,42,0,11354353,0
FAIR,21,baseline,Q18,1165,2045,4993,1788180575898,1788180576532,634,479.14,15,0,7589199,0
FAIR,21,baseline,Q18,1165,2045,4989,1788180575374,1788180576537,1163,857.78,42,0,11430722,0
FAIR,21,baseline,Q18,1165,2045,4982,1788180575374,1788180576547,1173,850.43,42,0,11347331,0
FAIR,21,baseline,Q18,1165,2045,4985,1788180575374,1788180576548,1174,805.20,42,0,11413836,0
FAIR,21,baseline,Q18,1165,2045,4987,1788180575374,1788180576555,1181,783.26,42,0,11410383,0
