scheduler_mode,repetition,run_type,query,job_id,spark_start_time,spark_end_time,spark_duration_ms,compaction_start_time,compaction_end_time,overlap_ms,overlap_pct,num_tasks,sum_task_duration_ms,avg_task_duration_ms
FAIR,0,baseline,Q1,0,1788178286000,1788178290351,4351,,,0.0,0.0000,7,27527,3932.43
FAIR,0,baseline,Q1,1,1788178290643,1788178290831,188,,,0.0,0.0000,1,150,150.00
FAIR,0,baseline,Q1,2,1788178290845,1788178290911,66,,,0.0,0.0000,1,44,44.00
FAIR,0,baseline,Q1,3,1788178290968,1788178291051,83,,,0.0,0.0000,1,72,72.00
FAIR,0,baseline,Q1,4,1788178293088,1788178294145,1057,,,0.0,0.0000,7,6623,946.14
FAIR,0,baseline,Q1,5,1788178293107,1788178293297,190,,,0.0,0.0000,1,176,176.00
FAIR,0,baseline,Q3,6,1788178293498,1788178294139,641,,,0.0,0.0000,1,627,627.00
FAIR,0,baseline,Q3,7,1788178294185,1788178294415,230,,,0.0,0.0000,1,221,221.00
FAIR,0,baseline,Q3,8,1788178294634,1788178295161,527,,,0.0,0.0000,17,7591,446.53
FAIR,0,baseline,Q3,9,1788178296967,1788178297476,509,,,0.0,0.0000,7,3203,457.57
FAIR,0,baseline,Q6,10,1788178297507,1788178297522,15,,,0.0,0.0000,1,9,9.00
FAIR,0,baseline,Q6,11,1788178299219,1788178299924,705,,,0.0,0.0000,1,698,698.00
FAIR,0,baseline,Q6,12,1788178299245,1788178299828,583,,,0.0,0.0000,7,3598,514.00
FAIR,0,baseline,Q12,13,1788178299854,1788178299880,26,,,0.0,0.0000,1,21,21.00
FAIR,0,baseline,Q12,14,1788178299995,1788178300259,264,,,0.0,0.0000,14,3254,232.43
FAIR,0,baseline,Q12,15,1788178300305,1788178300325,20,,,0.0,0.0000,1,13,13.00
FAIR,0,baseline,Q12,16,1788178300328,1788178300345,17,,,0.0,0.0000,1,10,10.00
FAIR,0,baseline,Q12,17,1788178300372,1788178300390,18,,,0.0,0.0000,1,10,10.00
FAIR,0,baseline,Q12,18,1788178302302,1788178302400,98,,,0.0,0.0000,1,94,94.00
FAIR,0,baseline,Q14,19,1788178302518,1788178303014,496,,,0.0,0.0000,7,3030,432.86
FAIR,0,baseline,Q14,20,1788178303051,1788178303065,14,,,0.0,0.0000,1,8,8.00
FAIR,0,baseline,Q14,21,1788178304791,1788178305075,284,,,0.0,0.0000,1,279,279.00
FAIR,0,baseline,Q14,22,1788178304795,1788178306550,1755,,,0.0,0.0000,1,1751,1751.00
FAIR,0,baseline,Q14,23,1788178304824,1788178307118,2294,,,0.0,0.0000,7,14153,2021.86
FAIR,0,baseline,Q14,24,1788178304839,1788178306484,1645,,,0.0,0.0000,7,9703,1386.14
FAIR,0,baseline,Q18,25,1788178307279,1788178309223,1944,,,0.0,0.0000,17,30463,1791.94
FAIR,0,concurrent,compaction,26,1788178343596,1788178367184,23588,1788178343596,1788178367184,23588,1.0000,1,23583,23583.00
FAIR,0,concurrent,Q1,27,1788178345931,1788178349006,3075,1788178343596,1788178367184,3075,1.0000,7,18815,2687.86
FAIR,0,concurrent,Q1,28,1788178349063,1788178349084,21,1788178343596,1788178367184,21,1.0000,1,14,14.00
FAIR,0,concurrent,Q1,29,1788178349086,1788178349105,19,1788178343596,1788178367184,19,1.0000,1,12,12.00
FAIR,0,concurrent,Q1,30,1788178349127,1788178349140,13,1788178343596,1788178367184,13,1.0000,1,7,7.00
FAIR,0,concurrent,Q3,31,1788178351587,1788178352370,783,1788178343596,1788178367184,783,1.0000,7,4769,681.29
FAIR,0,concurrent,Q3,32,1788178351592,1788178351677,85,1788178343596,1788178367184,85,1.0000,1,82,82.00
FAIR,0,concurrent,Q3,33,1788178351737,1788178352240,503,1788178343596,1788178367184,503,1.0000,1,493,493.00
FAIR,0,concurrent,Q3,34,1788178352304,1788178352373,69,1788178343596,1788178367184,69,1.0000,1,61,61.00
FAIR,0,concurrent,Q3,35,1788178352481,1788178352631,150,1788178343596,1788178367184,150,1.0000,17,1642,96.59
FAIR,0,concurrent,Q3,36,1788178354706,1788178355088,382,1788178343596,1788178367184,382,1.0000,7,2365,337.86
FAIR,0,concurrent,Q6,37,1788178355102,1788178355110,8,1788178343596,1788178367184,8,1.0000,1,4,4.00
FAIR,0,concurrent,Q12,38,1788178357622,1788178358317,695,1788178343596,1788178367184,695,1.0000,1,690,690.00
FAIR,0,concurrent,Q12,39,1788178357630,1788178358130,500,1788178343596,1788178367184,500,1.0000,7,3119,445.57
FAIR,0,concurrent,Q12,40,1788178358146,1788178358165,19,1788178343596,1788178367184,19,1.0000,1,15,15.00
FAIR,0,concurrent,Q12,41,1788178358342,1788178358417,75,1788178343596,1788178367184,75,1.0000,14,757,54.07
FAIR,0,concurrent,Q12,42,1788178358443,1788178358455,12,1788178343596,1788178367184,12,1.0000,1,7,7.00
FAIR,0,concurrent,Q12,43,1788178358457,1788178358470,13,1788178343596,1788178367184,13,1.0000,1,7,7.00
FAIR,0,concurrent,Q12,44,1788178358495,1788178358509,14,1788178343596,1788178367184,14,1.0000,1,7,7.00
FAIR,0,concurrent,Q12,45,1788178360492,1788178360578,86,1788178343596,1788178367184,86,1.0000,1,78,78.00
FAIR,0,concurrent,Q14,46,1788178360671,1788178361066,395,1788178343596,1788178367184,395,1.0000,7,2429,347.00
FAIR,0,concurrent,Q14,47,1788178361086,1788178361095,9,1788178343596,1788178367184,9,1.0000,1,5,5.00
FAIR,0,concurrent,Q18,48,1788178363353,1788178364697,1344,1788178343596,1788178367184,1344,1.0000,1,1340,1340.00
FAIR,0,concurrent,Q18,49,1788178363357,1788178363513,156,1788178343596,1788178367184,156,1.0000,1,146,146.00
FAIR,0,concurrent,Q18,50,1788178363365,1788178365035,1670,1788178343596,1788178367184,1670,1.0000,7,10473,1496.14
FAIR,0,concurrent,Q18,51,1788178363370,1788178364400,1030,1788178343596,1788178367184,1030,1.0000,7,6269,895.57
FAIR,0,concurrent,Q18,52,1788178365106,1788178366630,1524,1788178343596,1788178367184,1524,1.0000,17,18973,1116.06
FAIR,1,concurrent,compaction,53,1788178400137,1788178419933,19796,1788178400137,1788178419933,19796,1.0000,1,19793,19793.00
FAIR,1,concurrent,Q1,54,1788178402108,1788178404704,2596,1788178400137,1788178419933,2596,1.0000,7,16139,2305.57
FAIR,1,concurrent,Q1,55,1788178404729,1788178404740,11,1788178400137,1788178419933,11,1.0000,1,7,7.00
FAIR,1,concurrent,Q1,56,1788178404741,1788178404753,12,1788178400137,1788178419933,12,1.0000,1,8,8.00
FAIR,1,concurrent,Q1,57,1788178404767,1788178404774,7,1788178400137,1788178419933,7,1.0000,1,4,4.00
FAIR,1,concurrent,Q1,58,1788178406404,1788178406994,590,1788178400137,1788178419933,590,1.0000,7,3659,522.71
FAIR,1,concurrent,Q1,59,1788178406410,1788178406490,80,1788178400137,1788178419933,80,1.0000,1,76,76.00
FAIR,1,concurrent,Q1,60,1788178406527,1788178406915,388,1788178400137,1788178419933,388,1.0000,1,384,384.00
FAIR,1,concurrent,Q3,61,1788178406934,1788178406981,47,1788178400137,1788178419933,47,1.0000,1,43,43.00
FAIR,1,concurrent,Q3,62,1788178407073,1788178407209,136,1788178400137,1788178419933,136,1.0000,17,1418,83.41
FAIR,1,concurrent,Q3,63,1788178409121,1788178409398,277,1788178400137,1788178419933,277,1.0000,7,1656,236.57
FAIR,1,concurrent,Q6,64,1788178409407,1788178409413,6,1788178400137,1788178419933,6,1.0000,1,2,2.00
FAIR,1,concurrent,Q6,65,1788178411051,1788178411657,606,1788178400137,1788178419933,606,1.0000,1,600,600.00
FAIR,1,concurrent,Q6,66,1788178411061,1788178411465,404,1788178400137,1788178419933,404,1.0000,7,2462,351.71
FAIR,1,concurrent,Q12,67,1788178411478,1788178411501,23,1788178400137,1788178419933,23,1.0000,1,20,20.00
FAIR,1,concurrent,Q12,68,1788178411679,1788178411732,53,1788178400137,1788178419933,53,1.0000,14,597,42.64
FAIR,1,concurrent,Q12,69,1788178411750,1788178411761,11,1788178400137,1788178419933,11,1.0000,1,7,7.00
FAIR,1,concurrent,Q12,70,1788178411762,1788178411774,12,1788178400137,1788178419933,12,1.0000,1,7,7.00
FAIR,1,concurrent,Q12,71,1788178411791,1788178411800,9,1788178400137,1788178419933,9,1.0000,1,5,5.00
FAIR,1,concurrent,Q12,72,1788178413682,1788178413851,169,1788178400137,1788178419933,169,1.0000,1,166,166.00
FAIR,1,concurrent,Q14,73,1788178413926,1788178414286,360,1788178400137,1788178419933,360,1.0000,7,2221,317.29
FAIR,1,concurrent,Q14,74,1788178414299,1788178414304,5,1788178400137,1788178419933,5,1.0000,1,2,2.00
FAIR,1,concurrent,Q14,75,1788178416028,1788178417331,1303,1788178400137,1788178419933,1303,1.0000,1,1290,1290.00
FAIR,1,concurrent,Q14,76,1788178416041,1788178416235,194,1788178400137,1788178419933,194,1.0000,1,184,184.00
FAIR,1,concurrent,Q14,77,1788178416050,1788178417865,1815,1788178400137,1788178419933,1815,1.0000,7,10961,1565.86
FAIR,1,concurrent,Q14,78,1788178416055,1788178417210,1155,1788178400137,1788178419933,1155,1.0000,7,7024,1003.43
FAIR,1,concurrent,Q18,79,1788178417955,1788178419310,1355,1788178400137,1788178419933,1355,1.0000,17,17319,1018.76
FAIR,1,baseline,Q1,80,1788178450436,1788178452720,2284,,,0.0,0.0000,7,14045,2006.43
FAIR,1,baseline,Q1,81,1788178452748,1788178452757,9,,,0.0,0.0000,1,6,6.00
FAIR,1,baseline,Q1,82,1788178452758,1788178452768,10,,,0.0,0.0000,1,6,6.00
FAIR,1,baseline,Q1,83,1788178452781,1788178452788,7,,,0.0,0.0000,1,4,4.00
FAIR,1,baseline,Q1,84,1788178454334,1788178454836,502,,,0.0,0.0000,7,3014,430.57
FAIR,1,baseline,Q1,85,1788178454338,1788178454389,51,,,0.0,0.0000,1,47,47.00
FAIR,1,baseline,Q1,86,1788178454416,1788178454738,322,,,0.0,0.0000,1,318,318.00
FAIR,1,baseline,Q1,87,1788178454753,1788178454812,59,,,0.0,0.0000,1,55,55.00
FAIR,1,baseline,Q3,88,1788178454877,1788178454972,95,,,0.0,0.0000,17,1118,65.76
FAIR,1,baseline,Q3,89,1788178456355,1788178456687,332,,,0.0,0.0000,7,1989,284.14
FAIR,1,baseline,Q3,90,1788178456697,1788178456704,7,,,0.0,0.0000,1,4,4.00
FAIR,1,baseline,Q6,91,1788178458613,1788178459180,567,,,0.0,0.0000,1,563,563.00
FAIR,1,baseline,Q6,92,1788178458618,1788178458994,376,,,0.0,0.0000,7,2318,331.14
FAIR,1,baseline,Q12,93,1788178459005,1788178459024,19,,,0.0,0.0000,1,16,16.00
FAIR,1,baseline,Q12,94,1788178459200,1788178459251,51,,,0.0,0.0000,14,554,39.57
FAIR,1,baseline,Q12,95,1788178459268,1788178459276,8,,,0.0,0.0000,1,4,4.00
FAIR,1,baseline,Q12,96,1788178459277,1788178459287,10,,,0.0,0.0000,1,5,5.00
FAIR,1,baseline,Q12,97,1788178459305,1788178459313,8,,,0.0,0.0000,1,5,5.00
FAIR,1,baseline,Q12,98,1788178460911,1788178460977,66,,,0.0,0.0000,1,64,64.00
FAIR,1,baseline,Q12,99,1788178461052,1788178461309,257,,,0.0,0.0000,7,1518,216.86
FAIR,1,baseline,Q12,100,1788178461318,1788178461323,5,,,0.0,0.0000,1,3,3.00
FAIR,1,baseline,Q14,101,1788178463049,1788178464263,1214,,,0.0,0.0000,1,1210,1210.00
FAIR,1,baseline,Q14,102,1788178463062,1788178463232,170,,,0.0,0.0000,1,165,165.00
FAIR,1,baseline,Q14,103,1788178463065,1788178464748,1683,,,0.0,0.0000,7,10365,1480.71
FAIR,1,baseline,Q14,104,1788178463069,1788178464169,1100,,,0.0,0.0000,7,6619,945.57
FAIR,1,baseline,Q18,105,1788178464800,1788178466042,1242,,,0.0,0.0000,17,17984,1057.88
FAIR,2,baseline,Q1,106,1788178498988,1788178501640,2652,,,0.0,0.0000,7,16491,2355.86
FAIR,2,baseline,Q1,107,1788178501669,1788178501680,11,,,0.0,0.0000,1,7,7.00
FAIR,2,baseline,Q1,108,1788178501681,1788178501692,11,,,0.0,0.0000,1,7,7.00
FAIR,2,baseline,Q1,109,1788178501703,1788178501710,7,,,0.0,0.0000,1,4,4.00
FAIR,2,baseline,Q1,110,1788178503244,1788178503781,537,,,0.0,0.0000,7,3287,469.57
FAIR,2,baseline,Q1,111,1788178503247,1788178503318,71,,,0.0,0.0000,1,69,69.00
FAIR,2,baseline,Q1,112,1788178503347,1788178503678,331,,,0.0,0.0000,1,326,326.00
FAIR,2,baseline,Q1,113,1788178503694,1788178503736,42,,,0.0,0.0000,1,38,38.00
FAIR,2,baseline,Q3,114,1788178503816,1788178503935,119,,,0.0,0.0000,17,1440,84.71
FAIR,2,baseline,Q3,115,1788178505409,1788178505676,267,,,0.0,0.0000,7,1627,232.43
FAIR,2,baseline,Q3,116,1788178505683,1788178505688,5,,,0.0,0.0000,1,3,3.00
FAIR,2,baseline,Q6,117,1788178507424,1788178508041,617,,,0.0,0.0000,1,615,615.00
FAIR,2,baseline,Q6,118,1788178507428,1788178507780,352,,,0.0,0.0000,7,2188,312.57
FAIR,2,baseline,Q12,119,1788178507794,1788178507823,29,,,0.0,0.0000,1,17,17.00
FAIR,2,baseline,Q12,120,1788178508062,1788178508113,51,,,0.0,0.0000,14,558,39.86
FAIR,2,baseline,Q12,121,1788178508130,1788178508137,7,,,0.0,0.0000,1,4,4.00
FAIR,2,baseline,Q12,122,1788178508139,1788178508146,7,,,0.0,0.0000,1,5,5.00
FAIR,2,baseline,Q12,123,1788178508159,1788178508165,6,,,0.0,0.0000,1,3,3.00
FAIR,2,baseline,Q12,124,1788178509715,1788178509775,60,,,0.0,0.0000,1,58,58.00
FAIR,2,baseline,Q12,125,1788178509844,1788178510106,262,,,0.0,0.0000,7,1561,223.00
FAIR,2,baseline,Q12,126,1788178510115,1788178510120,5,,,0.0,0.0000,1,3,3.00
FAIR,2,baseline,Q14,127,1788178511647,1788178512914,1267,,,0.0,0.0000,1,1264,1264.00
FAIR,2,baseline,Q14,128,1788178511651,1788178511804,153,,,0.0,0.0000,1,146,146.00
FAIR,2,baseline,Q14,129,1788178511657,1788178513369,1712,,,0.0,0.0000,7,10684,1526.29
FAIR,2,baseline,Q14,130,1788178511662,1788178512926,1264,,,0.0,0.0000,7,7822,1117.43
FAIR,2,baseline,Q18,131,1788178513421,1788178514531,1110,,,0.0,0.0000,17,16868,992.24
FAIR,2,concurrent,compaction,132,1788178545654,1788178564861,19207,1788178545654,1788178564861,19207,1.0000,1,19205,19205.00
FAIR,2,concurrent,Q1,133,1788178547975,1788178550522,2547,1788178545654,1788178564861,2547,1.0000,7,15711,2244.43
FAIR,2,concurrent,Q1,134,1788178550552,1788178550561,9,1788178545654,1788178564861,9,1.0000,1,5,5.00
FAIR,2,concurrent,Q1,135,1788178550562,1788178550572,10,1788178545654,1788178564861,10,1.0000,1,7,7.00
FAIR,2,concurrent,Q1,136,1788178550585,1788178550592,7,1788178545654,1788178564861,7,1.0000,1,3,3.00
FAIR,2,concurrent,Q1,137,1788178552205,1788178553035,830,1788178545654,1788178564861,830,1.0000,7,4909,701.29
FAIR,2,concurrent,Q1,138,1788178552210,1788178552279,69,1788178545654,1788178564861,69,1.0000,1,66,66.00
FAIR,2,concurrent,Q1,139,1788178552311,1788178552815,504,1788178545654,1788178564861,504,1.0000,1,500,500.00
FAIR,2,concurrent,Q3,140,1788178552832,1788178552881,49,1788178545654,1788178564861,49,1.0000,1,45,45.00
FAIR,2,concurrent,Q3,141,1788178553064,1788178553190,126,1788178545654,1788178564861,126,1.0000,17,1341,78.88
FAIR,2,concurrent,Q3,142,1788178554926,1788178555198,272,1788178545654,1788178564861,272,1.0000,7,1640,234.29
FAIR,2,concurrent,Q3,143,1788178555206,1788178555212,6,1788178545654,1788178564861,6,1.0000,1,2,2.00
FAIR,2,concurrent,Q6,144,1788178556841,1788178557373,532,1788178545654,1788178564861,532,1.0000,1,526,526.00
FAIR,2,concurrent,Q6,145,1788178556848,1788178557208,360,1788178545654,1788178564861,360,1.0000,7,2199,314.14
FAIR,2,concurrent,Q6,146,1788178557220,1788178557236,16,1788178545654,1788178564861,16,1.0000,1,14,14.00
FAIR,2,concurrent,Q12,147,1788178557392,1788178557434,42,1788178545654,1788178564861,42,1.0000,14,491,35.07
FAIR,2,concurrent,Q12,148,1788178557449,1788178557457,8,1788178545654,1788178564861,8,1.0000,1,5,5.00
FAIR,2,concurrent,Q12,149,1788178557458,1788178557466,8,1788178545654,1788178564861,8,1.0000,1,5,5.00
FAIR,2,concurrent,Q12,150,1788178557479,1788178557486,7,1788178545654,1788178564861,7,1.0000,1,3,3.00
FAIR,2,concurrent,Q12,151,1788178559357,1788178559438,81,1788178545654,1788178564861,81,1.0000,1,77,77.00
FAIR,2,concurrent,Q12,152,1788178559512,1788178559853,341,1788178545654,1788178564861,341,1.0000,7,2076,296.57
FAIR,2,concurrent,Q14,153,1788178559862,1788178559866,4,1788178545654,1788178564861,4,1.0000,1,2,2.00
FAIR,2,concurrent,Q14,154,1788178561514,1788178562771,1257,1788178545654,1788178564861,1257,1.0000,1,1253,1253.00
FAIR,2,concurrent,Q14,155,1788178561518,1788178561637,119,1788178545654,1788178564861,119,1.0000,1,109,109.00
FAIR,2,concurrent,Q14,156,1788178561527,1788178563037,1510,1788178545654,1788178564861,1510,1.0000,7,9421,1345.86
FAIR,2,concurrent,Q14,157,1788178561531,1788178562375,844,1788178545654,1788178564861,844,1.0000,7,5273,753.29
FAIR,2,concurrent,Q18,158,1788178563100,1788178564335,1235,1788178545654,1788178564861,1235,1.0000,17,15987,940.41
FAIR,3,concurrent,compaction,159,1788178595696,1788178618127,22431,1788178595696,1788178618127,22431,1.0000,1,22428,22428.00
FAIR,3,concurrent,Q1,160,1788178597673,1788178600865,3192,1788178595696,1788178618127,3192,1.0000,7,19696,2813.71
FAIR,3,concurrent,Q1,161,1788178600900,1788178600911,11,1788178595696,1788178618127,11,1.0000,1,7,7.00
FAIR,3,concurrent,Q1,162,1788178600913,1788178600925,12,1788178595696,1788178618127,12,1.0000,1,8,8.00
FAIR,3,concurrent,Q1,163,1788178600940,1788178600948,8,1788178595696,1788178618127,8,1.0000,1,5,5.00
FAIR,3,concurrent,Q1,164,1788178602990,1788178603630,640,1788178595696,1788178618127,640,1.0000,7,3879,554.14
FAIR,3,concurrent,Q1,165,1788178603011,1788178603119,108,1788178595696,1788178618127,108,1.0000,1,104,104.00
FAIR,3,concurrent,Q3,166,1788178603177,1788178603565,388,1788178595696,1788178618127,388,1.0000,1,383,383.00
FAIR,3,concurrent,Q3,167,1788178603583,1788178603635,52,1788178595696,1788178618127,52,1.0000,1,45,45.00
FAIR,3,concurrent,Q3,168,1788178603773,1788178603945,172,1788178595696,1788178618127,172,1.0000,17,1566,92.12
FAIR,3,concurrent,Q6,169,1788178606220,1788178606535,315,1788178595696,1788178618127,315,1.0000,7,1903,271.86
FAIR,3,concurrent,Q6,170,1788178606547,1788178606554,7,1788178595696,1788178618127,7,1.0000,1,3,3.00
FAIR,3,concurrent,Q6,171,1788178608433,1788178609051,618,1788178595696,1788178618127,618,1.0000,1,614,614.00
FAIR,3,concurrent,Q6,172,1788178608439,1788178608821,382,1788178595696,1788178618127,382,1.0000,7,2338,334.00
FAIR,3,concurrent,Q12,173,1788178608835,1788178608857,22,1788178595696,1788178618127,22,1.0000,1,17,17.00
FAIR,3,concurrent,Q12,174,1788178609084,1788178609153,69,1788178595696,1788178618127,69,1.0000,14,716,51.14
FAIR,3,concurrent,Q12,175,1788178609175,1788178609186,11,1788178595696,1788178618127,11,1.0000,1,7,7.00
FAIR,3,concurrent,Q12,176,1788178609187,1788178609200,13,1788178595696,1788178618127,13,1.0000,1,8,8.00
FAIR,3,concurrent,Q12,177,1788178609215,1788178609224,9,1788178595696,1788178618127,9,1.0000,1,6,6.00
FAIR,3,concurrent,Q14,178,1788178611813,1788178611898,85,1788178595696,1788178618127,85,1.0000,1,82,82.00
FAIR,3,concurrent,Q14,179,1788178611990,1788178612378,388,1788178595696,1788178618127,388,1.0000,7,2395,342.14
FAIR,3,concurrent,Q14,180,1788178612395,1788178612403,8,1788178595696,1788178618127,8,1.0000,1,4,4.00
FAIR,3,concurrent,Q14,181,1788178614414,1788178615861,1447,1788178595696,1788178618127,1447,1.0000,1,1443,1443.00
FAIR,3,concurrent,Q14,182,1788178614419,1788178614624,205,1788178595696,1788178618127,205,1.0000,1,199,199.00
FAIR,3,concurrent,Q14,183,1788178614426,1788178616597,2171,1788178595696,1788178618127,2171,1.0000,7,13357,1908.14
FAIR,3,concurrent,Q14,184,1788178614433,1788178615624,1191,1788178595696,1788178618127,1191,1.0000,7,7149,1021.29
FAIR,3,concurrent,Q18,185,1788178616672,1788178618165,1493,1788178595696,1788178618127,1455,0.9745,17,19878,1169.29
FAIR,3,baseline,Q1,186,1788178652908,1788178655754,2846,,,0.0,0.0000,7,17611,2515.86
FAIR,3,baseline,Q1,187,1788178655786,1788178655795,9,,,0.0,0.0000,1,6,6.00
FAIR,3,baseline,Q1,188,1788178655796,1788178655808,12,,,0.0,0.0000,1,7,7.00
FAIR,3,baseline,Q1,189,1788178655821,1788178655828,7,,,0.0,0.0000,1,4,4.00
FAIR,3,baseline,Q1,190,1788178657424,1788178657961,537,,,0.0,0.0000,7,3311,473.00
FAIR,3,baseline,Q1,191,1788178657428,1788178657473,45,,,0.0,0.0000,1,43,43.00
FAIR,3,baseline,Q1,192,1788178657531,1788178657875,344,,,0.0,0.0000,1,339,339.00
FAIR,3,baseline,Q3,193,1788178657893,1788178657948,55,,,0.0,0.0000,1,51,51.00
FAIR,3,baseline,Q3,194,1788178658019,1788178658122,103,,,0.0,0.0000,17,1227,72.18
FAIR,3,baseline,Q3,195,1788178659687,1788178659968,281,,,0.0,0.0000,7,1713,244.71
FAIR,3,baseline,Q3,196,1788178659975,1788178659980,5,,,0.0,0.0000,1,2,2.00
FAIR,3,baseline,Q6,197,1788178661819,1788178662362,543,,,0.0,0.0000,1,539,539.00
FAIR,3,baseline,Q6,198,1788178661827,1788178662163,336,,,0.0,0.0000,7,2051,293.00
FAIR,3,baseline,Q12,199,1788178662173,1788178662188,15,,,0.0,0.0000,1,12,12.00
FAIR,3,baseline,Q12,200,1788178662382,1788178662436,54,,,0.0,0.0000,14,527,37.64
FAIR,3,baseline,Q12,201,1788178662453,1788178662461,8,,,0.0,0.0000,1,5,5.00
FAIR,3,baseline,Q12,202,1788178662463,1788178662472,9,,,0.0,0.0000,1,6,6.00
FAIR,3,baseline,Q12,203,1788178662489,1788178662496,7,,,0.0,0.0000,1,4,4.00
FAIR,3,baseline,Q12,204,1788178664175,1788178664240,65,,,0.0,0.0000,1,63,63.00
FAIR,3,baseline,Q12,205,1788178664318,1788178664571,253,,,0.0,0.0000,7,1571,224.43
FAIR,3,baseline,Q14,206,1788178664580,1788178664584,4,,,0.0,0.0000,1,2,2.00
FAIR,3,baseline,Q14,207,1788178666465,1788178667767,1302,,,0.0,0.0000,1,1298,1298.00
FAIR,3,baseline,Q14,208,1788178666470,1788178666663,193,,,0.0,0.0000,1,179,179.00
FAIR,3,baseline,Q14,209,1788178666481,1788178668162,1681,,,0.0,0.0000,7,10518,1502.57
FAIR,3,baseline,Q14,210,1788178666486,1788178667514,1028,,,0.0,0.0000,7,6296,899.43
FAIR,3,baseline,Q18,211,1788178668224,1788178669648,1424,,,0.0,0.0000,17,20857,1226.88
FAIR,4,baseline,Q1,212,1788178704477,1788178707753,3276,,,0.0,0.0000,7,20313,2901.86
FAIR,4,baseline,Q1,213,1788178707786,1788178707796,10,,,0.0,0.0000,1,7,7.00
FAIR,4,baseline,Q1,214,1788178707798,1788178707810,12,,,0.0,0.0000,1,7,7.00
FAIR,4,baseline,Q1,215,1788178707826,1788178707837,11,,,0.0,0.0000,1,6,6.00
FAIR,4,baseline,Q1,216,1788178709903,1788178710542,639,,,0.0,0.0000,7,3749,535.57
FAIR,4,baseline,Q1,217,1788178709908,1788178709990,82,,,0.0,0.0000,1,78,78.00
FAIR,4,baseline,Q3,218,1788178710025,1788178710397,372,,,0.0,0.0000,1,368,368.00
FAIR,4,baseline,Q3,219,1788178710418,1788178710502,84,,,0.0,0.0000,1,78,78.00
FAIR,4,baseline,Q3,220,1788178710616,1788178710741,125,,,0.0,0.0000,17,1469,86.41
FAIR,4,baseline,Q6,221,1788178712916,1788178713220,304,,,0.0,0.0000,7,1841,263.00
FAIR,4,baseline,Q6,222,1788178713232,1788178713237,5,,,0.0,0.0000,1,2,2.00
FAIR,4,baseline,Q6,223,1788178715102,1788178715753,651,,,0.0,0.0000,1,647,647.00
FAIR,4,baseline,Q6,224,1788178715108,1788178715546,438,,,0.0,0.0000,7,2649,378.43
FAIR,4,baseline,Q12,225,1788178715567,1788178715589,22,,,0.0,0.0000,1,18,18.00
FAIR,4,baseline,Q12,226,1788178715775,1788178715838,63,,,0.0,0.0000,14,616,44.00
FAIR,4,baseline,Q12,227,1788178715860,1788178715868,8,,,0.0,0.0000,1,5,5.00
FAIR,4,baseline,Q12,228,1788178715870,1788178715880,10,,,0.0,0.0000,1,5,5.00
FAIR,4,baseline,Q12,229,1788178715893,1788178715901,8,,,0.0,0.0000,1,4,4.00
FAIR,4,baseline,Q14,230,1788178718057,1788178718133,76,,,0.0,0.0000,1,73,73.00
FAIR,4,baseline,Q14,231,1788178718218,1788178718485,267,,,0.0,0.0000,7,1628,232.57
FAIR,4,baseline,Q14,232,1788178718497,1788178718503,6,,,0.0,0.0000,1,3,3.00
FAIR,4,baseline,Q14,233,1788178720447,1788178721791,1344,,,0.0,0.0000,1,1340,1340.00
FAIR,4,baseline,Q14,234,1788178720453,1788178720656,203,,,0.0,0.0000,1,196,196.00
FAIR,4,baseline,Q14,235,1788178720460,1788178722273,1813,,,0.0,0.0000,7,11349,1621.29
FAIR,4,baseline,Q14,236,1788178720465,1788178721594,1129,,,0.0,0.0000,7,7017,1002.43
FAIR,4,baseline,Q18,237,1788178722348,1788178723829,1481,,,0.0,0.0000,17,21015,1236.18
FAIR,4,concurrent,compaction,238,1788178762644,1788178787335,24691,1788178762644,1788178787335,24691,1.0000,1,24681,24681.00
FAIR,4,concurrent,Q1,239,1788178764968,1788178768277,3309,1788178762644,1788178787335,3309,1.0000,7,20648,2949.71
FAIR,4,concurrent,Q1,240,1788178768312,1788178768324,12,1788178762644,1788178787335,12,1.0000,1,6,6.00
FAIR,4,concurrent,Q1,241,1788178768326,1788178768338,12,1788178762644,1788178787335,12,1.0000,1,7,7.00
FAIR,4,concurrent,Q1,242,1788178768353,1788178768362,9,1788178762644,1788178787335,9,1.0000,1,4,4.00
FAIR,4,concurrent,Q3,243,1788178770622,1788178771276,654,1788178762644,1788178787335,654,1.0000,7,4051,578.71
FAIR,4,concurrent,Q3,244,1788178770626,1788178770693,67,1788178762644,1788178787335,67,1.0000,1,64,64.00
FAIR,4,concurrent,Q3,245,1788178770733,1788178771162,429,1788178762644,1788178787335,429,1.0000,1,425,425.00
FAIR,4,concurrent,Q3,246,1788178771178,1788178771232,54,1788178762644,1788178787335,54,1.0000,1,51,51.00
FAIR,4,concurrent,Q3,247,1788178771352,1788178771491,139,1788178762644,1788178787335,139,1.0000,17,1351,79.47
FAIR,4,concurrent,Q3,248,1788178773512,1788178773853,341,1788178762644,1788178787335,341,1.0000,7,2094,299.14
FAIR,4,concurrent,Q6,249,1788178773865,1788178773871,6,1788178762644,1788178787335,6,1.0000,1,3,3.00
FAIR,4,concurrent,Q12,250,1788178776235,1788178777033,798,1788178762644,1788178787335,798,1.0000,1,793,793.00
FAIR,4,concurrent,Q12,251,1788178776243,1788178776805,562,1788178762644,1788178787335,562,1.0000,7,3494,499.14
FAIR,4,concurrent,Q12,252,1788178776819,1788178776838,19,1788178762644,1788178787335,19,1.0000,1,16,16.00
FAIR,4,concurrent,Q12,253,1788178777059,1788178777133,74,1788178762644,1788178787335,74,1.0000,14,700,50.00
FAIR,4,concurrent,Q12,254,1788178777160,1788178777182,22,1788178762644,1788178787335,22,1.0000,1,9,9.00
FAIR,4,concurrent,Q12,255,1788178777184,1788178777203,19,1788178762644,1788178787335,19,1.0000,1,8,8.00
FAIR,4,concurrent,Q12,256,1788178777229,1788178777245,16,1788178762644,1788178787335,16,1.0000,1,10,10.00
FAIR,4,concurrent,Q14,257,1788178779546,1788178779639,93,1788178762644,1788178787335,93,1.0000,1,90,90.00
FAIR,4,concurrent,Q14,258,1788178779738,1788178780136,398,1788178762644,1788178787335,398,1.0000,7,2478,354.00
FAIR,4,concurrent,Q14,259,1788178780151,1788178780157,6,1788178762644,1788178787335,6,1.0000,1,2,2.00
FAIR,4,concurrent,Q18,260,1788178782822,1788178784338,1516,1788178762644,1788178787335,1516,1.0000,1,1511,1511.00
FAIR,4,concurrent,Q18,261,1788178782828,1788178783078,250,1788178762644,1788178787335,250,1.0000,1,239,239.00
FAIR,4,concurrent,Q18,262,1788178782839,1788178784919,2080,1788178762644,1788178787335,2080,1.0000,7,12892,1841.71
FAIR,4,concurrent,Q18,263,1788178782844,1788178784158,1314,1788178762644,1788178787335,1314,1.0000,7,8124,1160.57
FAIR,4,concurrent,Q18,264,1788178785005,1788178786648,1643,1788178762644,1788178787335,1643,1.0000,17,22079,1298.76
FAIR,5,concurrent,compaction,265,1788178823685,1788178843891,20206,1788178823685,1788178843891,20206,1.0000,1,20202,20202.00
FAIR,5,concurrent,Q1,266,1788178825899,1788178828551,2652,1788178823685,1788178843891,2652,1.0000,7,16500,2357.14
FAIR,5,concurrent,Q1,267,1788178828579,1788178828589,10,1788178823685,1788178843891,10,1.0000,1,6,6.00
FAIR,5,concurrent,Q1,268,1788178828590,1788178828600,10,1788178823685,1788178843891,10,1.0000,1,7,7.00
FAIR,5,concurrent,Q1,269,1788178828611,1788178828619,8,1788178823685,1788178843891,8,1.0000,1,5,5.00
FAIR,5,concurrent,Q1,270,1788178830296,1788178831214,918,1788178823685,1788178843891,918,1.0000,7,5663,809.00
FAIR,5,concurrent,Q1,271,1788178830300,1788178830371,71,1788178823685,1788178843891,71,1.0000,1,57,57.00
FAIR,5,concurrent,Q1,272,1788178830433,1788178831028,595,1788178823685,1788178843891,595,1.0000,1,586,586.00
FAIR,5,concurrent,Q3,273,1788178831044,1788178831092,48,1788178823685,1788178843891,48,1.0000,1,46,46.00
FAIR,5,concurrent,Q3,274,1788178831239,1788178831392,153,1788178823685,1788178843891,153,1.0000,17,1679,98.76
FAIR,5,concurrent,Q3,275,1788178832988,1788178833265,277,1788178823685,1788178843891,277,1.0000,7,1660,237.14
FAIR,5,concurrent,Q3,276,1788178833273,1788178833277,4,1788178823685,1788178843891,4,1.0000,1,3,3.00
FAIR,5,concurrent,Q6,277,1788178834945,1788178835500,555,1788178823685,1788178843891,555,1.0000,1,552,552.00
FAIR,5,concurrent,Q6,278,1788178834950,1788178835290,340,1788178823685,1788178843891,340,1.0000,7,2081,297.29
FAIR,5,concurrent,Q6,279,1788178835301,1788178835318,17,1788178823685,1788178843891,17,1.0000,1,14,14.00
FAIR,5,concurrent,Q12,280,1788178835522,1788178835589,67,1788178823685,1788178843891,67,1.0000,14,671,47.93
FAIR,5,concurrent,Q12,281,1788178835613,1788178835624,11,1788178823685,1788178843891,11,1.0000,1,6,6.00
FAIR,5,concurrent,Q12,282,1788178835626,1788178835637,11,1788178823685,1788178843891,11,1.0000,1,6,6.00
FAIR,5,concurrent,Q12,283,1788178835649,1788178835655,6,1788178823685,1788178843891,6,1.0000,1,3,3.00
FAIR,5,concurrent,Q12,284,1788178837694,1788178837766,72,1788178823685,1788178843891,72,1.0000,1,70,70.00
FAIR,5,concurrent,Q14,285,1788178837833,1788178838157,324,1788178823685,1788178843891,324,1.0000,7,1998,285.43
FAIR,5,concurrent,Q14,286,1788178838167,1788178838171,4,1788178823685,1788178843891,4,1.0000,1,2,2.00
FAIR,5,concurrent,Q14,287,1788178839974,1788178841242,1268,1788178823685,1788178843891,1268,1.0000,1,1258,1258.00
FAIR,5,concurrent,Q14,288,1788178839984,1788178840160,176,1788178823685,1788178843891,176,1.0000,1,172,172.00
FAIR,5,concurrent,Q14,289,1788178839988,1788178841781,1793,1788178823685,1788178843891,1793,1.0000,7,11133,1590.43
FAIR,5,concurrent,Q14,290,1788178839992,1788178841049,1057,1788178823685,1788178843891,1057,1.0000,7,6236,890.86
FAIR,5,concurrent,Q18,291,1788178841847,1788178843521,1674,1788178823685,1788178843891,1674,1.0000,17,20967,1233.35
FAIR,5,baseline,Q1,292,1788178875491,1788178878025,2534,,,0.0,0.0000,7,15575,2225.00
FAIR,5,baseline,Q1,293,1788178878068,1788178878084,16,,,0.0,0.0000,1,7,7.00
FAIR,5,baseline,Q1,294,1788178878086,1788178878098,12,,,0.0,0.0000,1,9,9.00
FAIR,5,baseline,Q1,295,1788178878115,1788178878123,8,,,0.0,0.0000,1,5,5.00
FAIR,5,baseline,Q1,296,1788178879699,1788178880166,467,,,0.0,0.0000,7,2838,405.43
FAIR,5,baseline,Q1,297,1788178879702,1788178879755,53,,,0.0,0.0000,1,50,50.00
FAIR,5,baseline,Q1,298,1788178879782,1788178880062,280,,,0.0,0.0000,1,277,277.00
FAIR,5,baseline,Q1,299,1788178880075,1788178880117,42,,,0.0,0.0000,1,40,40.00
FAIR,5,baseline,Q3,300,1788178880217,1788178880315,98,,,0.0,0.0000,17,1196,70.35
FAIR,5,baseline,Q3,301,1788178881785,1788178882055,270,,,0.0,0.0000,7,1646,235.14
FAIR,5,baseline,Q3,302,1788178882062,1788178882067,5,,,0.0,0.0000,1,2,2.00
FAIR,5,baseline,Q6,303,1788178883823,1788178884395,572,,,0.0,0.0000,1,569,569.00
FAIR,5,baseline,Q6,304,1788178883829,1788178884231,402,,,0.0,0.0000,7,2532,361.71
FAIR,5,baseline,Q12,305,1788178884244,1788178884262,18,,,0.0,0.0000,1,15,15.00
FAIR,5,baseline,Q12,306,1788178884415,1788178884458,43,,,0.0,0.0000,14,490,35.00
FAIR,5,baseline,Q12,307,1788178884474,1788178884481,7,,,0.0,0.0000,1,4,4.00
FAIR,5,baseline,Q12,308,1788178884482,1788178884489,7,,,0.0,0.0000,1,4,4.00
FAIR,5,baseline,Q12,309,1788178884504,1788178884509,5,,,0.0,0.0000,1,3,3.00
FAIR,5,baseline,Q12,310,1788178885964,1788178886033,69,,,0.0,0.0000,1,67,67.00
FAIR,5,baseline,Q12,311,1788178886102,1788178886338,236,,,0.0,0.0000,7,1424,203.43
FAIR,5,baseline,Q12,312,1788178886346,1788178886351,5,,,0.0,0.0000,1,3,3.00
FAIR,5,baseline,Q14,313,1788178887895,1788178889052,1157,,,0.0,0.0000,1,1153,1153.00
FAIR,5,baseline,Q14,314,1788178887899,1788178888033,134,,,0.0,0.0000,1,123,123.00
FAIR,5,baseline,Q14,315,1788178887909,1788178889424,1515,,,0.0,0.0000,7,9562,1366.00
FAIR,5,baseline,Q14,316,1788178887913,1788178888856,943,,,0.0,0.0000,7,5872,838.86
FAIR,5,baseline,Q18,317,1788178889499,1788178890823,1324,,,0.0,0.0000,17,18997,1117.47
FAIR,6,baseline,Q1,318,1788178921859,1788178924768,2909,,,0.0,0.0000,7,17856,2550.86
FAIR,6,baseline,Q1,319,1788178924798,1788178924819,21,,,0.0,0.0000,1,10,10.00
FAIR,6,baseline,Q1,320,1788178924820,1788178924834,14,,,0.0,0.0000,1,9,9.00
FAIR,6,baseline,Q1,321,1788178924853,1788178924876,23,,,0.0,0.0000,1,5,5.00
FAIR,6,baseline,Q1,322,1788178926529,1788178926959,430,,,0.0,0.0000,7,2644,377.71
FAIR,6,baseline,Q1,323,1788178926535,1788178926586,51,,,0.0,0.0000,1,47,47.00
FAIR,6,baseline,Q1,324,1788178926614,1788178926876,262,,,0.0,0.0000,1,258,258.00
FAIR,6,baseline,Q1,325,1788178926889,1788178926927,38,,,0.0,0.0000,1,35,35.00
FAIR,6,baseline,Q3,326,1788178926998,1788178927081,83,,,0.0,0.0000,17,1038,61.06
FAIR,6,baseline,Q3,327,1788178928599,1788178928920,321,,,0.0,0.0000,7,1932,276.00
FAIR,6,baseline,Q3,328,1788178928928,1788178928933,5,,,0.0,0.0000,1,3,3.00
FAIR,6,baseline,Q6,329,1788178930877,1788178931464,587,,,0.0,0.0000,1,585,585.00
FAIR,6,baseline,Q6,330,1788178930881,1788178931290,409,,,0.0,0.0000,7,2569,367.00
FAIR,6,baseline,Q12,331,1788178931301,1788178931314,13,,,0.0,0.0000,1,11,11.00
FAIR,6,baseline,Q12,332,1788178931487,1788178931528,41,,,0.0,0.0000,14,496,35.43
FAIR,6,baseline,Q12,333,1788178931543,1788178931550,7,,,0.0,0.0000,1,4,4.00
FAIR,6,baseline,Q12,334,1788178931551,1788178931558,7,,,0.0,0.0000,1,5,5.00
FAIR,6,baseline,Q12,335,1788178931567,1788178931573,6,,,0.0,0.0000,1,4,4.00
FAIR,6,baseline,Q12,336,1788178933067,1788178933138,71,,,0.0,0.0000,1,68,68.00
FAIR,6,baseline,Q12,337,1788178933205,1788178933431,226,,,0.0,0.0000,7,1345,192.14
FAIR,6,baseline,Q12,338,1788178933440,1788178933444,4,,,0.0,0.0000,1,2,2.00
FAIR,6,baseline,Q14,339,1788178934993,1788178936416,1423,,,0.0,0.0000,1,1420,1420.00
FAIR,6,baseline,Q14,340,1788178934998,1788178935124,126,,,0.0,0.0000,1,123,123.00
FAIR,6,baseline,Q14,341,1788178935000,1788178936834,1834,,,0.0,0.0000,7,11501,1643.00
FAIR,6,baseline,Q14,342,1788178935003,1788178936349,1346,,,0.0,0.0000,7,8433,1204.71
FAIR,6,baseline,Q18,343,1788178936887,1788178938116,1229,,,0.0,0.0000,17,18824,1107.29
FAIR,6,concurrent,compaction,344,1788178972340,1788178994631,22291,1788178972340,1788178994631,22291,1.0000,1,22289,22289.00
FAIR,6,concurrent,Q1,345,1788178974471,1788178977957,3486,1788178972340,1788178994631,3486,1.0000,7,21662,3094.57
FAIR,6,concurrent,Q1,346,1788178978044,1788178978058,14,1788178972340,1788178994631,14,1.0000,1,8,8.00
FAIR,6,concurrent,Q1,347,1788178978059,1788178978084,25,1788178972340,1788178994631,25,1.0000,1,9,9.00
FAIR,6,concurrent,Q1,348,1788178978102,1788178978111,9,1788178972340,1788178994631,9,1.0000,1,5,5.00
FAIR,6,concurrent,Q1,349,1788178979811,1788178980327,516,1788178972340,1788178994631,516,1.0000,7,3226,460.86
FAIR,6,concurrent,Q1,350,1788178979816,1788178979884,68,1788178972340,1788178994631,68,1.0000,1,66,66.00
FAIR,6,concurrent,Q1,351,1788178979912,1788178980254,342,1788178972340,1788178994631,342,1.0000,1,339,339.00
FAIR,6,concurrent,Q3,352,1788178980270,1788178980320,50,1788178972340,1788178994631,50,1.0000,1,48,48.00
FAIR,6,concurrent,Q3,353,1788178980428,1788178980538,110,1788178972340,1788178994631,110,1.0000,17,1203,70.76
FAIR,6,concurrent,Q3,354,1788178982416,1788178982737,321,1788178972340,1788178994631,321,1.0000,7,1969,281.29
FAIR,6,concurrent,Q6,355,1788178982745,1788178982749,4,1788178972340,1788178994631,4,1.0000,1,2,2.00
FAIR,6,concurrent,Q6,356,1788178984591,1788178985213,622,1788178972340,1788178994631,622,1.0000,1,618,618.00
FAIR,6,concurrent,Q6,357,1788178984596,1788178984988,392,1788178972340,1788178994631,392,1.0000,7,2385,340.71
FAIR,6,concurrent,Q12,358,1788178985012,1788178985039,27,1788178972340,1788178994631,27,1.0000,1,24,24.00
FAIR,6,concurrent,Q12,359,1788178985234,1788178985288,54,1788178972340,1788178994631,54,1.0000,14,574,41.00
FAIR,6,concurrent,Q12,360,1788178985305,1788178985313,8,1788178972340,1788178994631,8,1.0000,1,4,4.00
FAIR,6,concurrent,Q12,361,1788178985314,1788178985324,10,1788178972340,1788178994631,10,1.0000,1,5,5.00
FAIR,6,concurrent,Q12,362,1788178985340,1788178985346,6,1788178972340,1788178994631,6,1.0000,1,4,4.00
FAIR,6,concurrent,Q14,363,1788178987422,1788178987508,86,1788178972340,1788178994631,86,1.0000,1,83,83.00
FAIR,6,concurrent,Q14,364,1788178987583,1788178988266,683,1788178972340,1788178994631,683,1.0000,7,4118,588.29
FAIR,6,concurrent,Q14,365,1788178988278,1788178988283,5,1788178972340,1788178994631,5,1.0000,1,2,2.00
FAIR,6,concurrent,Q14,366,1788178990338,1788178991897,1559,1788178972340,1788178994631,1559,1.0000,1,1555,1555.00
FAIR,6,concurrent,Q14,367,1788178990345,1788178990603,258,1788178972340,1788178994631,258,1.0000,1,251,251.00
FAIR,6,concurrent,Q14,368,1788178990352,1788178992379,2027,1788178972340,1788178994631,2027,1.0000,7,12780,1825.71
FAIR,6,concurrent,Q18,369,1788178990359,1788178991760,1401,1788178972340,1788178994631,1401,1.0000,7,8438,1205.43
FAIR,6,concurrent,Q18,370,1788178992433,1788178994001,1568,1788178972340,1788178994631,1568,1.0000,17,19211,1130.06
FAIR,7,concurrent,compaction,371,1788179030803,1788179058097,27294,1788179030803,1788179058097,27294,1.0000,1,27291,27291.00
FAIR,7,concurrent,Q1,372,1788179033142,1788179037366,4224,1788179030803,1788179058097,4224,1.0000,7,26118,3731.14
FAIR,7,concurrent,Q1,373,1788179037428,1788179037448,20,1788179030803,1788179058097,20,1.0000,1,14,14.00
FAIR,7,concurrent,Q1,374,1788179037450,1788179037468,18,1788179030803,1788179058097,18,1.0000,1,11,11.00
FAIR,7,concurrent,Q1,375,1788179037497,1788179037522,25,1788179030803,1788179058097,25,1.0000,1,8,8.00
FAIR,7,concurrent,Q3,376,1788179040239,1788179040939,700,1788179030803,1788179058097,700,1.0000,7,4306,615.14
FAIR,7,concurrent,Q3,377,1788179040243,1788179040337,94,1788179030803,1788179058097,94,1.0000,1,89,89.00
FAIR,7,concurrent,Q3,378,1788179040389,1788179040858,469,1788179030803,1788179058097,469,1.0000,1,459,459.00
FAIR,7,concurrent,Q3,379,1788179040893,1788179040964,71,1788179030803,1788179058097,71,1.0000,1,66,66.00
FAIR,7,concurrent,Q3,380,1788179041087,1788179041276,189,1788179030803,1788179058097,189,1.0000,17,2179,128.18
FAIR,7,concurrent,Q6,381,1788179043627,1788179044289,662,1788179030803,1788179058097,662,1.0000,7,4222,603.14
FAIR,7,concurrent,Q6,382,1788179044305,1788179044311,6,1788179030803,1788179058097,6,1.0000,1,2,2.00
FAIR,7,concurrent,Q12,383,1788179046750,1788179047425,675,1788179030803,1788179058097,675,1.0000,1,671,671.00
FAIR,7,concurrent,Q12,384,1788179046757,1788179047199,442,1788179030803,1788179058097,442,1.0000,7,2736,390.86
FAIR,7,concurrent,Q12,385,1788179047216,1788179047239,23,1788179030803,1788179058097,23,1.0000,1,20,20.00
FAIR,7,concurrent,Q12,386,1788179047456,1788179047514,58,1788179030803,1788179058097,58,1.0000,14,647,46.21
FAIR,7,concurrent,Q12,387,1788179047544,1788179047555,11,1788179030803,1788179058097,11,1.0000,1,6,6.00
FAIR,7,concurrent,Q12,388,1788179047556,1788179047567,11,1788179030803,1788179058097,11,1.0000,1,7,7.00
FAIR,7,concurrent,Q12,389,1788179047582,1788179047590,8,1788179030803,1788179058097,8,1.0000,1,5,5.00
FAIR,7,concurrent,Q14,390,1788179050020,1788179050131,111,1788179030803,1788179058097,111,1.0000,1,109,109.00
FAIR,7,concurrent,Q14,391,1788179050229,1788179050626,397,1788179030803,1788179058097,397,1.0000,7,2448,349.71
FAIR,7,concurrent,Q14,392,1788179050642,1788179050652,10,1788179030803,1788179058097,10,1.0000,1,5,5.00
FAIR,7,concurrent,Q18,393,1788179052781,1788179054523,1742,1788179030803,1788179058097,1742,1.0000,1,1738,1738.00
FAIR,7,concurrent,Q18,394,1788179052787,1788179052975,188,1788179030803,1788179058097,188,1.0000,1,179,179.00
FAIR,7,concurrent,Q18,395,1788179052795,1788179055127,2332,1788179030803,1788179058097,2332,1.0000,7,14759,2108.43
FAIR,7,concurrent,Q18,396,1788179052800,1788179054333,1533,1788179030803,1788179058097,1533,1.0000,7,9649,1378.43
FAIR,7,concurrent,Q18,397,1788179055195,1788179057227,2032,1788179030803,1788179058097,2032,1.0000,17,27150,1597.06
FAIR,7,baseline,Q1,398,1788179096130,1788179100023,3893,,,0.0,0.0000,7,24257,3465.29
FAIR,7,baseline,Q1,399,1788179100054,1788179100072,18,,,0.0,0.0000,1,10,10.00
FAIR,7,baseline,Q1,400,1788179100074,1788179100086,12,,,0.0,0.0000,1,8,8.00
FAIR,7,baseline,Q1,401,1788179100102,1788179100110,8,,,0.0,0.0000,1,4,4.00
FAIR,7,baseline,Q1,402,1788179101866,1788179102375,509,,,0.0,0.0000,7,3137,448.14
FAIR,7,baseline,Q1,403,1788179101871,1788179101931,60,,,0.0,0.0000,1,56,56.00
FAIR,7,baseline,Q1,404,1788179101963,1788179102292,329,,,0.0,0.0000,1,325,325.00
FAIR,7,baseline,Q3,405,1788179102305,1788179102352,47,,,0.0,0.0000,1,45,45.00
FAIR,7,baseline,Q3,406,1788179102434,1788179102562,128,,,0.0,0.0000,17,1507,88.65
FAIR,7,baseline,Q6,407,1788179104684,1788179105005,321,,,0.0,0.0000,7,1991,284.43
FAIR,7,baseline,Q6,408,1788179105012,1788179105017,5,,,0.0,0.0000,1,3,3.00
FAIR,7,baseline,Q6,409,1788179106876,1788179107590,714,,,0.0,0.0000,1,708,708.00
FAIR,7,baseline,Q6,410,1788179106883,1788179107402,519,,,0.0,0.0000,7,3286,469.43
FAIR,7,baseline,Q12,411,1788179107416,1788179107435,19,,,0.0,0.0000,1,16,16.00
FAIR,7,baseline,Q12,412,1788179107610,1788179107661,51,,,0.0,0.0000,14,550,39.29
FAIR,7,baseline,Q12,413,1788179107678,1788179107687,9,,,0.0,0.0000,1,6,6.00
FAIR,7,baseline,Q12,414,1788179107688,1788179107696,8,,,0.0,0.0000,1,4,4.00
FAIR,7,baseline,Q12,415,1788179107714,1788179107721,7,,,0.0,0.0000,1,4,4.00
FAIR,7,baseline,Q14,416,1788179109824,1788179109895,71,,,0.0,0.0000,1,68,68.00
FAIR,7,baseline,Q14,417,1788179109985,1788179110282,297,,,0.0,0.0000,7,1839,262.71
FAIR,7,baseline,Q14,418,1788179110292,1788179110298,6,,,0.0,0.0000,1,3,3.00
FAIR,7,baseline,Q14,419,1788179112246,1788179113869,1623,,,0.0,0.0000,1,1620,1620.00
FAIR,7,baseline,Q14,420,1788179112267,1788179112443,176,,,0.0,0.0000,1,173,173.00
FAIR,7,baseline,Q14,421,1788179112270,1788179114423,2153,,,0.0,0.0000,7,13557,1936.71
FAIR,7,baseline,Q14,422,1788179112273,1788179113706,1433,,,0.0,0.0000,7,9007,1286.71
FAIR,7,baseline,Q18,423,1788179114494,1788179116407,1913,,,0.0,0.0000,17,28646,1685.06
FAIR,8,baseline,Q1,424,1788179155337,1788179159156,3819,,,0.0,0.0000,7,23724,3389.14
FAIR,8,baseline,Q1,425,1788179159197,1788179159214,17,,,0.0,0.0000,1,12,12.00
FAIR,8,baseline,Q1,426,1788179159215,1788179159242,27,,,0.0,0.0000,1,10,10.00
FAIR,8,baseline,Q1,427,1788179159259,1788179159266,7,,,0.0,0.0000,1,4,4.00
FAIR,8,baseline,Q3,428,1788179161384,1788179162121,737,,,0.0,0.0000,7,4569,652.71
FAIR,8,baseline,Q3,429,1788179161389,1788179161519,130,,,0.0,0.0000,1,126,126.00
FAIR,8,baseline,Q3,430,1788179161593,1788179161991,398,,,0.0,0.0000,1,392,392.00
FAIR,8,baseline,Q3,431,1788179162006,1788179162109,103,,,0.0,0.0000,1,62,62.00
FAIR,8,baseline,Q3,432,1788179162277,1788179162467,190,,,0.0,0.0000,17,2271,133.59
FAIR,8,baseline,Q3,433,1788179164255,1788179164559,304,,,0.0,0.0000,7,1874,267.71
FAIR,8,baseline,Q6,434,1788179164567,1788179164573,6,,,0.0,0.0000,1,3,3.00
FAIR,8,baseline,Q12,435,1788179166661,1788179167250,589,,,0.0,0.0000,1,587,587.00
FAIR,8,baseline,Q12,436,1788179166668,1788179167028,360,,,0.0,0.0000,7,2205,315.00
FAIR,8,baseline,Q12,437,1788179167038,1788179167052,14,,,0.0,0.0000,1,11,11.00
FAIR,8,baseline,Q12,438,1788179167276,1788179167323,47,,,0.0,0.0000,14,568,40.57
FAIR,8,baseline,Q12,439,1788179167339,1788179167347,8,,,0.0,0.0000,1,5,5.00
FAIR,8,baseline,Q12,440,1788179167348,1788179167357,9,,,0.0,0.0000,1,6,6.00
FAIR,8,baseline,Q12,441,1788179167369,1788179167377,8,,,0.0,0.0000,1,5,5.00
FAIR,8,baseline,Q12,442,1788179169185,1788179169257,72,,,0.0,0.0000,1,69,69.00
FAIR,8,baseline,Q12,443,1788179169339,1788179169621,282,,,0.0,0.0000,7,1723,246.14
FAIR,8,baseline,Q14,444,1788179169630,1788179169635,5,,,0.0,0.0000,1,2,2.00
FAIR,8,baseline,Q18,445,1788179171893,1788179173361,1468,,,0.0,0.0000,1,1463,1463.00
FAIR,8,baseline,Q18,446,1788179171899,1788179172092,193,,,0.0,0.0000,1,191,191.00
FAIR,8,baseline,Q18,447,1788179171904,1788179173945,2041,,,0.0,0.0000,7,12684,1812.00
FAIR,8,baseline,Q18,448,1788179171909,1788179173200,1291,,,0.0,0.0000,7,7908,1129.71
FAIR,8,baseline,Q18,449,1788179174005,1788179175690,1685,,,0.0,0.0000,17,25379,1492.88
FAIR,8,concurrent,compaction,450,1788179212436,1788179238658,26222,1788179212436,1788179238658,26222,1.0000,1,26220,26220.00
FAIR,8,concurrent,Q1,451,1788179214977,1788179219678,4701,1788179212436,1788179238658,4701,1.0000,7,28545,4077.86
FAIR,8,concurrent,Q1,452,1788179219724,1788179219736,12,1788179212436,1788179238658,12,1.0000,1,8,8.00
FAIR,8,concurrent,Q1,453,1788179219737,1788179219751,14,1788179212436,1788179238658,14,1.0000,1,10,10.00
FAIR,8,concurrent,Q1,454,1788179219765,1788179219774,9,1788179212436,1788179238658,9,1.0000,1,5,5.00
FAIR,8,concurrent,Q3,455,1788179222009,1788179222707,698,1788179212436,1788179238658,698,1.0000,7,4370,624.29
FAIR,8,concurrent,Q3,456,1788179222013,1788179222087,74,1788179212436,1788179238658,74,1.0000,1,70,70.00
FAIR,8,concurrent,Q3,457,1788179222215,1788179222578,363,1788179212436,1788179238658,363,1.0000,1,359,359.00
FAIR,8,concurrent,Q3,458,1788179222599,1788179222680,81,1788179212436,1788179238658,81,1.0000,1,75,75.00
FAIR,8,concurrent,Q3,459,1788179222814,1788179222942,128,1788179212436,1788179238658,128,1.0000,17,1464,86.12
FAIR,8,concurrent,Q6,460,1788179225089,1788179225754,665,1788179212436,1788179238658,665,1.0000,7,4196,599.43
FAIR,8,concurrent,Q6,461,1788179225766,1788179225773,7,1788179212436,1788179238658,7,1.0000,1,3,3.00
FAIR,8,concurrent,Q12,462,1788179227890,1788179228657,767,1788179212436,1788179238658,767,1.0000,1,762,762.00
FAIR,8,concurrent,Q12,463,1788179227898,1788179228309,411,1788179212436,1788179238658,411,1.0000,7,2542,363.14
FAIR,8,concurrent,Q12,464,1788179228325,1788179228347,22,1788179212436,1788179238658,22,1.0000,1,19,19.00
FAIR,8,concurrent,Q12,465,1788179228687,1788179228750,63,1788179212436,1788179238658,63,1.0000,14,653,46.64
FAIR,8,concurrent,Q12,466,1788179228782,1788179228794,12,1788179212436,1788179238658,12,1.0000,1,7,7.00
FAIR,8,concurrent,Q12,467,1788179228795,1788179228805,10,1788179212436,1788179238658,10,1.0000,1,6,6.00
FAIR,8,concurrent,Q12,468,1788179228824,1788179228832,8,1788179212436,1788179238658,8,1.0000,1,5,5.00
FAIR,8,concurrent,Q14,469,1788179231157,1788179231349,192,1788179212436,1788179238658,192,1.0000,1,189,189.00
FAIR,8,concurrent,Q14,470,1788179231446,1788179231941,495,1788179212436,1788179238658,495,1.0000,7,3060,437.14
FAIR,8,concurrent,Q14,471,1788179231955,1788179231969,14,1788179212436,1788179238658,14,1.0000,1,8,8.00
FAIR,8,concurrent,Q18,472,1788179234240,1788179235893,1653,1788179212436,1788179238658,1653,1.0000,1,1649,1649.00
FAIR,8,concurrent,Q18,473,1788179234245,1788179234619,374,1788179212436,1788179238658,374,1.0000,1,358,358.00
FAIR,8,concurrent,Q18,474,1788179234255,1788179236493,2238,1788179212436,1788179238658,2238,1.0000,7,13998,1999.71
FAIR,8,concurrent,Q18,475,1788179234262,1788179235686,1424,1788179212436,1788179238658,1424,1.0000,7,8756,1250.86
FAIR,8,concurrent,Q18,476,1788179236565,1788179238452,1887,1788179212436,1788179238658,1887,1.0000,17,25056,1473.88
FAIR,9,concurrent,compaction,477,1788179277924,1788179302791,24867,1788179277924,1788179302791,24867,1.0000,1,24865,24865.00
FAIR,9,concurrent,Q1,478,1788179280047,1788179284181,4134,1788179277924,1788179302791,4134,1.0000,7,25667,3666.71
FAIR,9,concurrent,Q1,479,1788179284220,1788179284230,10,1788179277924,1788179302791,10,1.0000,1,6,6.00
FAIR,9,concurrent,Q1,480,1788179284232,1788179284244,12,1788179277924,1788179302791,12,1.0000,1,8,8.00
FAIR,9,concurrent,Q1,481,1788179284257,1788179284266,9,1788179277924,1788179302791,9,1.0000,1,5,5.00
FAIR,9,concurrent,Q1,482,1788179286144,1788179286752,608,1788179277924,1788179302791,608,1.0000,7,3738,534.00
FAIR,9,concurrent,Q1,483,1788179286151,1788179286258,107,1788179277924,1788179302791,107,1.0000,1,100,100.00
FAIR,9,concurrent,Q1,484,1788179286297,1788179286672,375,1788179277924,1788179302791,375,1.0000,1,371,371.00
FAIR,9,concurrent,Q3,485,1788179286684,1788179286735,51,1788179277924,1788179302791,51,1.0000,1,48,48.00
FAIR,9,concurrent,Q3,486,1788179286840,1788179286993,153,1788179277924,1788179302791,153,1.0000,17,1756,103.29
FAIR,9,concurrent,Q3,487,1788179288959,1788179289313,354,1788179277924,1788179302791,354,1.0000,7,2135,305.00
FAIR,9,concurrent,Q6,488,1788179289329,1788179289335,6,1788179277924,1788179302791,6,1.0000,1,3,3.00
FAIR,9,concurrent,Q12,489,1788179291712,1788179292576,864,1788179277924,1788179302791,864,1.0000,1,861,861.00
FAIR,9,concurrent,Q12,490,1788179291718,1788179292353,635,1788179277924,1788179302791,635,1.0000,7,3798,542.57
FAIR,9,concurrent,Q12,491,1788179292369,1788179292410,41,1788179277924,1788179302791,41,1.0000,1,22,22.00
FAIR,9,concurrent,Q12,492,1788179292598,1788179292661,63,1788179277924,1788179302791,63,1.0000,14,742,53.00
FAIR,9,concurrent,Q12,493,1788179292682,1788179292694,12,1788179277924,1788179302791,12,1.0000,1,7,7.00
FAIR,9,concurrent,Q12,494,1788179292695,1788179292705,10,1788179277924,1788179302791,10,1.0000,1,5,5.00
FAIR,9,concurrent,Q12,495,1788179292719,1788179292731,12,1788179277924,1788179302791,12,1.0000,1,5,5.00
FAIR,9,concurrent,Q14,496,1788179294794,1788179294878,84,1788179277924,1788179302791,84,1.0000,1,80,80.00
FAIR,9,concurrent,Q14,497,1788179294967,1788179295801,834,1788179277924,1788179302791,834,1.0000,7,5100,728.57
FAIR,9,concurrent,Q14,498,1788179295815,1788179295819,4,1788179277924,1788179302791,4,1.0000,1,2,2.00
FAIR,9,concurrent,Q18,499,1788179298122,1788179299809,1687,1788179277924,1788179302791,1687,1.0000,1,1684,1684.00
FAIR,9,concurrent,Q18,500,1788179298129,1788179298327,198,1788179277924,1788179302791,198,1.0000,1,192,192.00
FAIR,9,concurrent,Q18,501,1788179298132,1788179300515,2383,1788179277924,1788179302791,2383,1.0000,7,14765,2109.29
FAIR,9,concurrent,Q18,502,1788179298143,1788179299666,1523,1788179277924,1788179302791,1523,1.0000,7,9316,1330.86
FAIR,9,concurrent,Q18,503,1788179300585,1788179302534,1949,1788179277924,1788179302791,1949,1.0000,17,26154,1538.47
FAIR,9,baseline,Q1,504,1788179341460,1788179345341,3881,,,0.0,0.0000,7,24224,3460.57
FAIR,9,baseline,Q1,505,1788179345388,1788179345407,19,,,0.0,0.0000,1,10,10.00
FAIR,9,baseline,Q1,506,1788179345408,1788179345423,15,,,0.0,0.0000,1,8,8.00
FAIR,9,baseline,Q1,507,1788179345442,1788179345450,8,,,0.0,0.0000,1,4,4.00
FAIR,9,baseline,Q3,508,1788179347800,1788179348420,620,,,0.0,0.0000,7,3881,554.43
FAIR,9,baseline,Q3,509,1788179347807,1788179347919,112,,,0.0,0.0000,1,107,107.00
FAIR,9,baseline,Q3,510,1788179347961,1788179348351,390,,,0.0,0.0000,1,386,386.00
FAIR,9,baseline,Q3,511,1788179348373,1788179348431,58,,,0.0,0.0000,1,52,52.00
FAIR,9,baseline,Q3,512,1788179348550,1788179348685,135,,,0.0,0.0000,17,1670,98.24
FAIR,9,baseline,Q6,513,1788179351256,1788179351567,311,,,0.0,0.0000,7,1892,270.29
FAIR,9,baseline,Q6,514,1788179351576,1788179351581,5,,,0.0,0.0000,1,3,3.00
FAIR,9,baseline,Q12,515,1788179353783,1788179354539,756,,,0.0,0.0000,1,752,752.00
FAIR,9,baseline,Q12,516,1788179353789,1788179354322,533,,,0.0,0.0000,7,3289,469.86
FAIR,9,baseline,Q12,517,1788179354340,1788179354361,21,,,0.0,0.0000,1,17,17.00
FAIR,9,baseline,Q12,518,1788179354562,1788179354612,50,,,0.0,0.0000,14,525,37.50
FAIR,9,baseline,Q12,519,1788179354631,1788179354640,9,,,0.0,0.0000,1,5,5.00
FAIR,9,baseline,Q12,520,1788179354641,1788179354649,8,,,0.0,0.0000,1,4,4.00
FAIR,9,baseline,Q12,521,1788179354668,1788179354675,7,,,0.0,0.0000,1,3,3.00
FAIR,9,baseline,Q12,522,1788179356430,1788179356504,74,,,0.0,0.0000,1,71,71.00
FAIR,9,baseline,Q12,523,1788179356582,1788179356826,244,,,0.0,0.0000,7,1501,214.43
FAIR,9,baseline,Q14,524,1788179356835,1788179356838,3,,,0.0,0.0000,1,2,2.00
FAIR,9,baseline,Q14,525,1788179358859,1788179360435,1576,,,0.0,0.0000,1,1569,1569.00
FAIR,9,baseline,Q14,526,1788179358866,1788179359032,166,,,0.0,0.0000,1,150,150.00
FAIR,9,baseline,Q14,527,1788179358880,1788179361004,2124,,,0.0,0.0000,7,13471,1924.43
FAIR,9,baseline,Q14,528,1788179358884,1788179360268,1384,,,0.0,0.0000,7,8555,1222.14
FAIR,9,baseline,Q18,529,1788179361067,1788179362956,1889,,,0.0,0.0000,17,26813,1577.24
FAIR,10,baseline,Q1,530,1788179400697,1788179404492,3795,,,0.0,0.0000,7,23763,3394.71
FAIR,10,baseline,Q1,531,1788179404523,1788179404542,19,,,0.0,0.0000,1,8,8.00
FAIR,10,baseline,Q1,532,1788179404543,1788179404555,12,,,0.0,0.0000,1,7,7.00
FAIR,10,baseline,Q1,533,1788179404568,1788179404576,8,,,0.0,0.0000,1,4,4.00
FAIR,10,baseline,Q1,534,1788179406383,1788179406950,567,,,0.0,0.0000,7,3413,487.57
FAIR,10,baseline,Q1,535,1788179406387,1788179406451,64,,,0.0,0.0000,1,60,60.00
FAIR,10,baseline,Q1,536,1788179406491,1788179406853,362,,,0.0,0.0000,1,358,358.00
FAIR,10,baseline,Q3,537,1788179406868,1788179406926,58,,,0.0,0.0000,1,55,55.00
FAIR,10,baseline,Q3,538,1788179407032,1788179407149,117,,,0.0,0.0000,17,1489,87.59
FAIR,10,baseline,Q3,539,1788179409172,1788179409455,283,,,0.0,0.0000,7,1703,243.29
FAIR,10,baseline,Q6,540,1788179409463,1788179409467,4,,,0.0,0.0000,1,2,2.00
FAIR,10,baseline,Q6,541,1788179411302,1788179412004,702,,,0.0,0.0000,1,700,700.00
FAIR,10,baseline,Q6,542,1788179411307,1788179411793,486,,,0.0,0.0000,7,2954,422.00
FAIR,10,baseline,Q12,543,1788179411811,1788179411834,23,,,0.0,0.0000,1,19,19.00
FAIR,10,baseline,Q12,544,1788179412028,1788179412072,44,,,0.0,0.0000,14,504,36.00
FAIR,10,baseline,Q12,545,1788179412103,1788179412111,8,,,0.0,0.0000,1,6,6.00
FAIR,10,baseline,Q12,546,1788179412112,1788179412119,7,,,0.0,0.0000,1,4,4.00
FAIR,10,baseline,Q12,547,1788179412131,1788179412138,7,,,0.0,0.0000,1,5,5.00
FAIR,10,baseline,Q12,548,1788179414177,1788179414251,74,,,0.0,0.0000,1,70,70.00
FAIR,10,baseline,Q14,549,1788179414335,1788179414625,290,,,0.0,0.0000,7,1775,253.57
FAIR,10,baseline,Q14,550,1788179414632,1788179414639,7,,,0.0,0.0000,1,5,5.00
FAIR,10,baseline,Q14,551,1788179416463,1788179418010,1547,,,0.0,0.0000,1,1545,1545.00
FAIR,10,baseline,Q14,552,1788179416467,1788179416640,173,,,0.0,0.0000,1,163,163.00
FAIR,10,baseline,Q14,553,1788179416476,1788179418507,2031,,,0.0,0.0000,7,12723,1817.57
FAIR,10,baseline,Q14,554,1788179416480,1788179417800,1320,,,0.0,0.0000,7,7956,1136.57
FAIR,10,baseline,Q18,555,1788179418564,1788179420341,1777,,,0.0,0.0000,17,25912,1524.24
FAIR,10,concurrent,compaction,556,1788179456190,1788179481263,25073,1788179456190,1788179481263,25073,1.0000,1,25071,25071.00
FAIR,10,concurrent,Q1,557,1788179458525,1788179462747,4222,1788179456190,1788179481263,4222,1.0000,7,26137,3733.86
FAIR,10,concurrent,Q1,558,1788179462790,1788179462816,26,1788179456190,1788179481263,26,1.0000,1,9,9.00
FAIR,10,concurrent,Q1,559,1788179462817,1788179462835,18,1788179456190,1788179481263,18,1.0000,1,11,11.00
FAIR,10,concurrent,Q1,560,1788179462857,1788179462866,9,1788179456190,1788179481263,9,1.0000,1,4,4.00
FAIR,10,concurrent,Q1,561,1788179464972,1788179465532,560,1788179456190,1788179481263,560,1.0000,7,3442,491.71
FAIR,10,concurrent,Q1,562,1788179464976,1788179465046,70,1788179456190,1788179481263,70,1.0000,1,67,67.00
FAIR,10,concurrent,Q3,563,1788179465082,1788179465448,366,1788179456190,1788179481263,366,1.0000,1,363,363.00
FAIR,10,concurrent,Q3,564,1788179465462,1788179465508,46,1788179456190,1788179481263,46,1.0000,1,43,43.00
FAIR,10,concurrent,Q3,565,1788179465607,1788179465765,158,1788179456190,1788179481263,158,1.0000,17,1645,96.76
FAIR,10,concurrent,Q3,566,1788179467741,1788179468053,312,1788179456190,1788179481263,312,1.0000,7,1940,277.14
FAIR,10,concurrent,Q6,567,1788179468064,1788179468068,4,1788179456190,1788179481263,4,1.0000,1,2,2.00
FAIR,10,concurrent,Q12,568,1788179470520,1788179471211,691,1788179456190,1788179481263,691,1.0000,1,686,686.00
FAIR,10,concurrent,Q12,569,1788179470529,1788179470955,426,1788179456190,1788179481263,426,1.0000,7,2637,376.71
FAIR,10,concurrent,Q12,570,1788179470981,1788179471003,22,1788179456190,1788179481263,22,1.0000,1,17,17.00
FAIR,10,concurrent,Q12,571,1788179471230,1788179471304,74,1788179456190,1788179481263,74,1.0000,14,763,54.50
FAIR,10,concurrent,Q12,572,1788179471329,1788179471340,11,1788179456190,1788179481263,11,1.0000,1,8,8.00
FAIR,10,concurrent,Q12,573,1788179471341,1788179471351,10,1788179456190,1788179481263,10,1.0000,1,7,7.00
FAIR,10,concurrent,Q12,574,1788179471371,1788179471380,9,1788179456190,1788179481263,9,1.0000,1,5,5.00
FAIR,10,concurrent,Q12,575,1788179473445,1788179473530,85,1788179456190,1788179481263,85,1.0000,1,83,83.00
FAIR,10,concurrent,Q14,576,1788179473619,1788179474252,633,1788179456190,1788179481263,633,1.0000,7,3863,551.86
FAIR,10,concurrent,Q14,577,1788179474265,1788179474270,5,1788179456190,1788179481263,5,1.0000,1,2,2.00
FAIR,10,concurrent,Q18,578,1788179476574,1788179478330,1756,1788179456190,1788179481263,1756,1.0000,1,1750,1750.00
FAIR,10,concurrent,Q18,579,1788179476583,1788179476776,193,1788179456190,1788179481263,193,1.0000,1,185,185.00
FAIR,10,concurrent,Q18,580,1788179476590,1788179478940,2350,1788179456190,1788179481263,2350,1.0000,7,14643,2091.86
FAIR,10,concurrent,Q18,581,1788179476594,1788179478134,1540,1788179456190,1788179481263,1540,1.0000,7,9079,1297.00
FAIR,10,concurrent,Q18,582,1788179479050,1788179481013,1963,1788179456190,1788179481263,1963,1.0000,17,24955,1467.94
FAIR,11,concurrent,compaction,583,1788179520066,1788179544737,24671,1788179520066,1788179544737,24671,1.0000,1,24666,24666.00
FAIR,11,concurrent,Q1,584,1788179522468,1788179526739,4271,1788179520066,1788179544737,4271,1.0000,7,26493,3784.71
FAIR,11,concurrent,Q1,585,1788179526791,1788179526804,13,1788179520066,1788179544737,13,1.0000,1,9,9.00
FAIR,11,concurrent,Q1,586,1788179526807,1788179526823,16,1788179520066,1788179544737,16,1.0000,1,8,8.00
FAIR,11,concurrent,Q1,587,1788179526834,1788179526841,7,1788179520066,1788179544737,7,1.0000,1,4,4.00
FAIR,11,concurrent,Q1,588,1788179528748,1788179529468,720,1788179520066,1788179544737,720,1.0000,7,4444,634.86
FAIR,11,concurrent,Q1,589,1788179528753,1788179528830,77,1788179520066,1788179544737,77,1.0000,1,73,73.00
FAIR,11,concurrent,Q1,590,1788179528875,1788179529268,393,1788179520066,1788179544737,393,1.0000,1,386,386.00
FAIR,11,concurrent,Q3,591,1788179529400,1788179529470,70,1788179520066,1788179544737,70,1.0000,1,62,62.00
FAIR,11,concurrent,Q3,592,1788179529574,1788179529725,151,1788179520066,1788179544737,151,1.0000,17,1544,90.82
FAIR,11,concurrent,Q6,593,1788179532023,1788179532358,335,1788179520066,1788179544737,335,1.0000,7,2080,297.14
FAIR,11,concurrent,Q6,594,1788179532367,1788179532372,5,1788179520066,1788179544737,5,1.0000,1,3,3.00
FAIR,11,concurrent,Q12,595,1788179534472,1788179535240,768,1788179520066,1788179544737,768,1.0000,1,762,762.00
FAIR,11,concurrent,Q12,596,1788179534479,1788179535017,538,1788179520066,1788179544737,538,1.0000,7,3311,473.00
FAIR,11,concurrent,Q12,597,1788179535040,1788179535064,24,1788179520066,1788179544737,24,1.0000,1,22,22.00
FAIR,11,concurrent,Q12,598,1788179535262,1788179535312,50,1788179520066,1788179544737,50,1.0000,14,577,41.21
FAIR,11,concurrent,Q12,599,1788179535334,1788179535344,10,1788179520066,1788179544737,10,1.0000,1,4,4.00
FAIR,11,concurrent,Q12,600,1788179535345,1788179535356,11,1788179520066,1788179544737,11,1.0000,1,7,7.00
FAIR,11,concurrent,Q12,601,1788179535368,1788179535375,7,1788179520066,1788179544737,7,1.0000,1,3,3.00
FAIR,11,concurrent,Q14,602,1788179537833,1788179537927,94,1788179520066,1788179544737,94,1.0000,1,90,90.00
FAIR,11,concurrent,Q14,603,1788179538065,1788179538474,409,1788179520066,1788179544737,409,1.0000,7,2517,359.57
FAIR,11,concurrent,Q14,604,1788179538486,1788179538493,7,1788179520066,1788179544737,7,1.0000,1,4,4.00
FAIR,11,concurrent,Q14,605,1788179540526,1788179542228,1702,1788179520066,1788179544737,1702,1.0000,1,1699,1699.00
FAIR,11,concurrent,Q14,606,1788179540531,1788179540764,233,1788179520066,1788179544737,233,1.0000,1,219,219.00
FAIR,11,concurrent,Q14,607,1788179540543,1788179543017,2474,1788179520066,1788179544737,2474,1.0000,7,15030,2147.14
FAIR,11,concurrent,Q14,608,1788179540549,1788179542109,1560,1788179520066,1788179544737,1560,1.0000,7,9386,1340.86
FAIR,11,concurrent,Q18,609,1788179543084,1788179545025,1941,1788179520066,1788179544737,1653,0.8516,17,25438,1496.35
FAIR,11,baseline,Q1,610,1788179582849,1788179586598,3749,,,0.0,0.0000,7,23492,3356.00
FAIR,11,baseline,Q1,611,1788179586634,1788179586649,15,,,0.0,0.0000,1,8,8.00
FAIR,11,baseline,Q1,612,1788179586651,1788179586664,13,,,0.0,0.0000,1,8,8.00
FAIR,11,baseline,Q1,613,1788179586682,1788179586691,9,,,0.0,0.0000,1,6,6.00
FAIR,11,baseline,Q3,614,1788179588853,1788179589439,586,,,0.0,0.0000,7,3639,519.86
FAIR,11,baseline,Q3,615,1788179588859,1788179588940,81,,,0.0,0.0000,1,78,78.00
FAIR,11,baseline,Q3,616,1788179588971,1788179589351,380,,,0.0,0.0000,1,377,377.00
FAIR,11,baseline,Q3,617,1788179589363,1788179589418,55,,,0.0,0.0000,1,51,51.00
FAIR,11,baseline,Q3,618,1788179589542,1788179589690,148,,,0.0,0.0000,17,1793,105.47
FAIR,11,baseline,Q3,619,1788179591517,1788179591809,292,,,0.0,0.0000,7,1807,258.14
FAIR,11,baseline,Q6,620,1788179591819,1788179591823,4,,,0.0,0.0000,1,2,2.00
FAIR,11,baseline,Q6,621,1788179593715,1788179594585,870,,,0.0,0.0000,1,868,868.00
FAIR,11,baseline,Q6,622,1788179593720,1788179594343,623,,,0.0,0.0000,7,3643,520.43
FAIR,11,baseline,Q12,623,1788179594355,1788179594371,16,,,0.0,0.0000,1,14,14.00
FAIR,11,baseline,Q12,624,1788179594608,1788179594666,58,,,0.0,0.0000,14,635,45.36
FAIR,11,baseline,Q12,625,1788179594686,1788179594695,9,,,0.0,0.0000,1,6,6.00
FAIR,11,baseline,Q12,626,1788179594696,1788179594705,9,,,0.0,0.0000,1,5,5.00
FAIR,11,baseline,Q12,627,1788179594721,1788179594730,9,,,0.0,0.0000,1,6,6.00
FAIR,11,baseline,Q12,628,1788179596641,1788179596714,73,,,0.0,0.0000,1,70,70.00
FAIR,11,baseline,Q12,629,1788179596794,1788179597076,282,,,0.0,0.0000,7,1743,249.00
FAIR,11,baseline,Q14,630,1788179597088,1788179597093,5,,,0.0,0.0000,1,3,3.00
FAIR,11,baseline,Q14,631,1788179598962,1788179600635,1673,,,0.0,0.0000,1,1667,1667.00
FAIR,11,baseline,Q14,632,1788179598970,1788179599150,180,,,0.0,0.0000,1,164,164.00
FAIR,11,baseline,Q14,633,1788179598984,1788179601320,2336,,,0.0,0.0000,7,14583,2083.29
FAIR,11,baseline,Q14,634,1788179598988,1788179600550,1562,,,0.0,0.0000,7,9236,1319.43
FAIR,11,baseline,Q18,635,1788179601378,1788179603183,1805,,,0.0,0.0000,17,25535,1502.06
FAIR,12,baseline,Q1,636,1788179640510,1788179644244,3734,,,0.0,0.0000,7,23255,3322.14
FAIR,12,baseline,Q1,637,1788179644286,1788179644295,9,,,0.0,0.0000,1,6,6.00
FAIR,12,baseline,Q1,638,1788179644296,1788179644306,10,,,0.0,0.0000,1,6,6.00
FAIR,12,baseline,Q1,639,1788179644318,1788179644338,20,,,0.0,0.0000,1,7,7.00
FAIR,12,baseline,Q1,640,1788179646168,1788179646714,546,,,0.0,0.0000,7,3387,483.86
FAIR,12,baseline,Q1,641,1788179646172,1788179646232,60,,,0.0,0.0000,1,58,58.00
FAIR,12,baseline,Q1,642,1788179646263,1788179646613,350,,,0.0,0.0000,1,347,347.00
FAIR,12,baseline,Q3,643,1788179646627,1788179646695,68,,,0.0,0.0000,1,61,61.00
FAIR,12,baseline,Q3,644,1788179646797,1788179646922,125,,,0.0,0.0000,17,1451,85.35
FAIR,12,baseline,Q3,645,1788179648588,1788179648865,277,,,0.0,0.0000,7,1689,241.29
FAIR,12,baseline,Q3,646,1788179648873,1788179648877,4,,,0.0,0.0000,1,2,2.00
FAIR,12,baseline,Q6,647,1788179650811,1788179651476,665,,,0.0,0.0000,1,662,662.00
FAIR,12,baseline,Q6,648,1788179650816,1788179651260,444,,,0.0,0.0000,7,2738,391.14
FAIR,12,baseline,Q12,649,1788179651273,1788179651292,19,,,0.0,0.0000,1,14,14.00
FAIR,12,baseline,Q12,650,1788179651494,1788179651539,45,,,0.0,0.0000,14,561,40.07
FAIR,12,baseline,Q12,651,1788179651556,1788179651564,8,,,0.0,0.0000,1,4,4.00
FAIR,12,baseline,Q12,652,1788179651565,1788179651573,8,,,0.0,0.0000,1,4,4.00
FAIR,12,baseline,Q12,653,1788179651586,1788179651592,6,,,0.0,0.0000,1,3,3.00
FAIR,12,baseline,Q12,654,1788179653308,1788179653371,63,,,0.0,0.0000,1,61,61.00
FAIR,12,baseline,Q12,655,1788179653446,1788179653707,261,,,0.0,0.0000,7,1610,230.00
FAIR,12,baseline,Q14,656,1788179653715,1788179653721,6,,,0.0,0.0000,1,2,2.00
FAIR,12,baseline,Q18,657,1788179655795,1788179657478,1683,,,0.0,0.0000,1,1679,1679.00
FAIR,12,baseline,Q18,658,1788179655804,1788179656057,253,,,0.0,0.0000,1,249,249.00
FAIR,12,baseline,Q18,659,1788179655806,1788179658039,2233,,,0.0,0.0000,7,14165,2023.57
FAIR,12,baseline,Q18,660,1788179655812,1788179657284,1472,,,0.0,0.0000,7,8700,1242.86
FAIR,12,baseline,Q18,661,1788179658105,1788179659781,1676,,,0.0,0.0000,17,25050,1473.53
FAIR,12,concurrent,compaction,662,1788179697247,1788179721626,24379,1788179697247,1788179721626,24379,1.0000,1,24377,24377.00
FAIR,12,concurrent,Q1,663,1788179699567,1788179703731,4164,1788179697247,1788179721626,4164,1.0000,7,25686,3669.43
FAIR,12,concurrent,Q1,664,1788179703779,1788179703798,19,1788179697247,1788179721626,19,1.0000,1,8,8.00
FAIR,12,concurrent,Q1,665,1788179703801,1788179703814,13,1788179697247,1788179721626,13,1.0000,1,8,8.00
FAIR,12,concurrent,Q1,666,1788179703829,1788179703836,7,1788179697247,1788179721626,7,1.0000,1,4,4.00
FAIR,12,concurrent,Q3,667,1788179706081,1788179706634,553,1788179697247,1788179721626,553,1.0000,7,3378,482.57
FAIR,12,concurrent,Q3,668,1788179706085,1788179706147,62,1788179697247,1788179721626,62,1.0000,1,60,60.00
FAIR,12,concurrent,Q3,669,1788179706177,1788179706543,366,1788179697247,1788179721626,366,1.0000,1,362,362.00
FAIR,12,concurrent,Q3,670,1788179706558,1788179706605,47,1788179697247,1788179721626,47,1.0000,1,44,44.00
FAIR,12,concurrent,Q3,671,1788179706704,1788179706851,147,1788179697247,1788179721626,147,1.0000,17,1482,87.18
FAIR,12,concurrent,Q3,672,1788179708840,1788179709139,299,1788179697247,1788179721626,299,1.0000,7,1848,264.00
FAIR,12,concurrent,Q6,673,1788179709149,1788179709152,3,1788179697247,1788179721626,3,1.0000,1,2,2.00
FAIR,12,concurrent,Q12,674,1788179711419,1788179712199,780,1788179697247,1788179721626,780,1.0000,1,776,776.00
FAIR,12,concurrent,Q12,675,1788179711428,1788179711984,556,1788179697247,1788179721626,556,1.0000,7,3468,495.43
FAIR,12,concurrent,Q12,676,1788179712007,1788179712027,20,1788179697247,1788179721626,20,1.0000,1,16,16.00
FAIR,12,concurrent,Q12,677,1788179712223,1788179712281,58,1788179697247,1788179721626,58,1.0000,14,653,46.64
FAIR,12,concurrent,Q12,678,1788179712306,1788179712316,10,1788179697247,1788179721626,10,1.0000,1,6,6.00
FAIR,12,concurrent,Q12,679,1788179712317,1788179712326,9,1788179697247,1788179721626,9,1.0000,1,5,5.00
FAIR,12,concurrent,Q12,680,1788179712341,1788179712349,8,1788179697247,1788179721626,8,1.0000,1,3,3.00
FAIR,12,concurrent,Q12,681,1788179714353,1788179714442,89,1788179697247,1788179721626,89,1.0000,1,87,87.00
FAIR,12,concurrent,Q14,682,1788179714527,1788179714902,375,1788179697247,1788179721626,375,1.0000,7,2340,334.29
FAIR,12,concurrent,Q14,683,1788179714916,1788179714930,14,1788179697247,1788179721626,14,1.0000,1,7,7.00
FAIR,12,concurrent,Q18,684,1788179717430,1788179719045,1615,1788179697247,1788179721626,1615,1.0000,1,1611,1611.00
FAIR,12,concurrent,Q18,685,1788179717449,1788179717612,163,1788179697247,1788179721626,163,1.0000,1,162,162.00
FAIR,12,concurrent,Q18,686,1788179717450,1788179719607,2157,1788179697247,1788179721626,2157,1.0000,7,13403,1914.71
FAIR,12,concurrent,Q18,687,1788179717454,1788179718917,1463,1788179697247,1788179721626,1463,1.0000,7,8794,1256.29
FAIR,12,concurrent,Q18,688,1788179719671,1788179721626,1955,1788179697247,1788179721626,1955,1.0000,17,25360,1491.76
FAIR,13,concurrent,compaction,689,1788179758387,1788179783157,24770,1788179758387,1788179783157,24770,1.0000,1,24768,24768.00
FAIR,13,concurrent,Q1,690,1788179760460,1788179764712,4252,1788179758387,1788179783157,4252,1.0000,7,26435,3776.43
FAIR,13,concurrent,Q1,691,1788179764761,1788179764772,11,1788179758387,1788179783157,11,1.0000,1,7,7.00
FAIR,13,concurrent,Q1,692,1788179764773,1788179764798,25,1788179758387,1788179783157,25,1.0000,1,8,8.00
FAIR,13,concurrent,Q1,693,1788179764811,1788179764820,9,1788179758387,1788179783157,9,1.0000,1,5,5.00
FAIR,13,concurrent,Q1,694,1788179766859,1788179767489,630,1788179758387,1788179783157,630,1.0000,7,3918,559.71
FAIR,13,concurrent,Q1,695,1788179766863,1788179766936,73,1788179758387,1788179783157,73,1.0000,1,70,70.00
FAIR,13,concurrent,Q3,696,1788179766976,1788179767384,408,1788179758387,1788179783157,408,1.0000,1,402,402.00
FAIR,13,concurrent,Q3,697,1788179767400,1788179767457,57,1788179758387,1788179783157,57,1.0000,1,53,53.00
FAIR,13,concurrent,Q3,698,1788179767573,1788179767741,168,1788179758387,1788179783157,168,1.0000,17,1782,104.82
FAIR,13,concurrent,Q6,699,1788179770126,1788179770469,343,1788179758387,1788179783157,343,1.0000,7,2108,301.14
FAIR,13,concurrent,Q6,700,1788179770479,1788179770485,6,1788179758387,1788179783157,6,1.0000,1,3,3.00
FAIR,13,concurrent,Q6,701,1788179772486,1788179773239,753,1788179758387,1788179783157,753,1.0000,1,733,733.00
FAIR,13,concurrent,Q6,702,1788179772510,1788179772996,486,1788179758387,1788179783157,486,1.0000,7,3056,436.57
FAIR,13,concurrent,Q12,703,1788179773022,1788179773045,23,1788179758387,1788179783157,23,1.0000,1,19,19.00
FAIR,13,concurrent,Q12,704,1788179773268,1788179773332,64,1788179758387,1788179783157,64,1.0000,14,661,47.21
FAIR,13,concurrent,Q12,705,1788179773348,1788179773356,8,1788179758387,1788179783157,8,1.0000,1,5,5.00
FAIR,13,concurrent,Q12,706,1788179773357,1788179773366,9,1788179758387,1788179783157,9,1.0000,1,5,5.00
FAIR,13,concurrent,Q12,707,1788179773379,1788179773388,9,1788179758387,1788179783157,9,1.0000,1,6,6.00
FAIR,13,concurrent,Q14,708,1788179775806,1788179775900,94,1788179758387,1788179783157,94,1.0000,1,92,92.00
FAIR,13,concurrent,Q14,709,1788179775986,1788179776403,417,1788179758387,1788179783157,417,1.0000,7,2563,366.14
FAIR,13,concurrent,Q14,710,1788179776414,1788179776421,7,1788179758387,1788179783157,7,1.0000,1,4,4.00
FAIR,13,concurrent,Q18,711,1788179778598,1788179780422,1824,1788179758387,1788179783157,1824,1.0000,1,1818,1818.00
FAIR,13,concurrent,Q18,712,1788179778606,1788179778821,215,1788179758387,1788179783157,215,1.0000,1,204,204.00
FAIR,13,concurrent,Q18,713,1788179778616,1788179781180,2564,1788179758387,1788179783157,2564,1.0000,7,15894,2270.57
FAIR,13,concurrent,Q18,714,1788179778622,1788179780312,1690,1788179758387,1788179783157,1690,1.0000,7,9885,1412.14
FAIR,13,concurrent,Q18,715,1788179781271,1788179783008,1737,1788179758387,1788179783157,1737,1.0000,17,22931,1348.88
FAIR,13,baseline,Q1,716,1788179818970,1788179822564,3594,,,0.0,0.0000,7,22352,3193.14
FAIR,13,baseline,Q1,717,1788179822610,1788179822619,9,,,0.0,0.0000,1,7,7.00
FAIR,13,baseline,Q1,718,1788179822620,1788179822632,12,,,0.0,0.0000,1,7,7.00
FAIR,13,baseline,Q1,719,1788179822647,1788179822657,10,,,0.0,0.0000,1,6,6.00
FAIR,13,baseline,Q1,720,1788179824471,1788179825051,580,,,0.0,0.0000,7,3576,510.86
FAIR,13,baseline,Q1,721,1788179824475,1788179824547,72,,,0.0,0.0000,1,68,68.00
FAIR,13,baseline,Q1,722,1788179824580,1788179824943,363,,,0.0,0.0000,1,358,358.00
FAIR,13,baseline,Q3,723,1788179824957,1788179825023,66,,,0.0,0.0000,1,63,63.00
FAIR,13,baseline,Q3,724,1788179825141,1788179825316,175,,,0.0,0.0000,17,2110,124.12
FAIR,13,baseline,Q6,725,1788179827405,1788179827728,323,,,0.0,0.0000,7,1978,282.57
FAIR,13,baseline,Q6,726,1788179827737,1788179827742,5,,,0.0,0.0000,1,3,3.00
FAIR,13,baseline,Q6,727,1788179829596,1788179830207,611,,,0.0,0.0000,1,608,608.00
FAIR,13,baseline,Q6,728,1788179829603,1788179829973,370,,,0.0,0.0000,7,2311,330.14
FAIR,13,baseline,Q12,729,1788179829986,1788179830005,19,,,0.0,0.0000,1,15,15.00
FAIR,13,baseline,Q12,730,1788179830231,1788179830292,61,,,0.0,0.0000,14,596,42.57
FAIR,13,baseline,Q12,731,1788179830309,1788179830315,6,,,0.0,0.0000,1,4,4.00
FAIR,13,baseline,Q12,732,1788179830317,1788179830328,11,,,0.0,0.0000,1,7,7.00
FAIR,13,baseline,Q12,733,1788179830347,1788179830354,7,,,0.0,0.0000,1,4,4.00
FAIR,13,baseline,Q14,734,1788179832486,1788179832566,80,,,0.0,0.0000,1,77,77.00
FAIR,13,baseline,Q14,735,1788179832647,1788179832942,295,,,0.0,0.0000,7,1826,260.86
FAIR,13,baseline,Q14,736,1788179832953,1788179832959,6,,,0.0,0.0000,1,3,3.00
FAIR,13,baseline,Q14,737,1788179834978,1788179836676,1698,,,0.0,0.0000,1,1694,1694.00
FAIR,13,baseline,Q14,738,1788179834982,1788179835286,304,,,0.0,0.0000,1,291,291.00
FAIR,13,baseline,Q14,739,1788179834994,1788179837256,2262,,,0.0,0.0000,7,14455,2065.00
FAIR,13,baseline,Q14,740,1788179835001,1788179836618,1617,,,0.0,0.0000,7,9507,1358.14
FAIR,13,baseline,Q18,741,1788179837362,1788179839392,2030,,,0.0,0.0000,17,28163,1656.65
FAIR,14,baseline,Q1,742,1788179877521,1788179881236,3715,,,0.0,0.0000,7,23237,3319.57
FAIR,14,baseline,Q1,743,1788179881265,1788179881281,16,,,0.0,0.0000,1,7,7.00
FAIR,14,baseline,Q1,744,1788179881282,1788179881296,14,,,0.0,0.0000,1,9,9.00
FAIR,14,baseline,Q1,745,1788179881309,1788179881317,8,,,0.0,0.0000,1,5,5.00
FAIR,14,baseline,Q1,746,1788179883210,1788179883675,465,,,0.0,0.0000,7,2798,399.71
FAIR,14,baseline,Q1,747,1788179883215,1788179883266,51,,,0.0,0.0000,1,49,49.00
FAIR,14,baseline,Q1,748,1788179883290,1788179883563,273,,,0.0,0.0000,1,270,270.00
FAIR,14,baseline,Q3,749,1788179883573,1788179883611,38,,,0.0,0.0000,1,36,36.00
FAIR,14,baseline,Q3,750,1788179883697,1788179883795,98,,,0.0,0.0000,17,1186,69.76
FAIR,14,baseline,Q3,751,1788179885165,1788179885395,230,,,0.0,0.0000,7,1406,200.86
FAIR,14,baseline,Q3,752,1788179885401,1788179885405,4,,,0.0,0.0000,1,1,1.00
FAIR,14,baseline,Q6,753,1788179886835,1788179887366,531,,,0.0,0.0000,1,529,529.00
FAIR,14,baseline,Q6,754,1788179886838,1788179887191,353,,,0.0,0.0000,7,2146,306.57
FAIR,14,baseline,Q6,755,1788179887199,1788179887213,14,,,0.0,0.0000,1,11,11.00
FAIR,14,baseline,Q6,756,1788179887381,1788179887418,37,,,0.0,0.0000,14,449,32.07
FAIR,14,baseline,Q6,757,1788179887431,1788179887437,6,,,0.0,0.0000,1,4,4.00
FAIR,14,baseline,Q6,758,1788179887438,1788179887444,6,,,0.0,0.0000,1,3,3.00
FAIR,14,baseline,Q12,759,1788179887454,1788179887459,5,,,0.0,0.0000,1,3,3.00
FAIR,14,baseline,Q12,760,1788179889066,1788179889124,58,,,0.0,0.0000,1,56,56.00
FAIR,14,baseline,Q12,761,1788179889182,1788179889389,207,,,0.0,0.0000,7,1252,178.86
FAIR,14,baseline,Q12,762,1788179889397,1788179889400,3,,,0.0,0.0000,1,2,2.00
FAIR,14,baseline,Q14,763,1788179890780,1788179891851,1071,,,0.0,0.0000,1,1068,1068.00
FAIR,14,baseline,Q14,764,1788179890785,1788179890893,108,,,0.0,0.0000,1,106,106.00
FAIR,14,baseline,Q14,765,1788179890786,1788179892175,1389,,,0.0,0.0000,7,8743,1249.00
FAIR,14,baseline,Q14,766,1788179890790,1788179891664,874,,,0.0,0.0000,7,5252,750.29
FAIR,14,baseline,Q18,767,1788179892216,1788179893455,1239,,,0.0,0.0000,17,17868,1051.06
FAIR,14,concurrent,compaction,768,1788179923192,1788179942449,19257,1788179923192,1788179942449,19257,1.0000,1,19255,19255.00
FAIR,14,concurrent,Q1,769,1788179924926,1788179927946,3020,1788179923192,1788179942449,3020,1.0000,7,18522,2646.00
FAIR,14,concurrent,Q1,770,1788179927980,1788179927989,9,1788179923192,1788179942449,9,1.0000,1,6,6.00
FAIR,14,concurrent,Q1,771,1788179927990,1788179928005,15,1788179923192,1788179942449,15,1.0000,1,10,10.00
FAIR,14,concurrent,Q1,772,1788179928017,1788179928023,6,1788179923192,1788179942449,6,1.0000,1,4,4.00
FAIR,14,concurrent,Q1,773,1788179929632,1788179930178,546,1788179923192,1788179942449,546,1.0000,7,3290,470.00
FAIR,14,concurrent,Q1,774,1788179929635,1788179929686,51,1788179923192,1788179942449,51,1.0000,1,49,49.00
FAIR,14,concurrent,Q1,775,1788179929711,1788179929998,287,1788179923192,1788179942449,287,1.0000,1,284,284.00
FAIR,14,concurrent,Q1,776,1788179930010,1788179930050,40,1788179923192,1788179942449,40,1.0000,1,37,37.00
FAIR,14,concurrent,Q3,777,1788179930211,1788179930353,142,1788179923192,1788179942449,142,1.0000,17,1451,85.35
FAIR,14,concurrent,Q3,778,1788179931916,1788179932472,556,1788179923192,1788179942449,556,1.0000,7,3375,482.14
FAIR,14,concurrent,Q6,779,1788179932482,1788179932485,3,1788179923192,1788179942449,3,1.0000,1,2,2.00
FAIR,14,concurrent,Q6,780,1788179934106,1788179934610,504,1788179923192,1788179942449,504,1.0000,1,500,500.00
FAIR,14,concurrent,Q6,781,1788179934111,1788179934445,334,1788179923192,1788179942449,334,1.0000,7,2022,288.86
FAIR,14,concurrent,Q6,782,1788179934455,1788179934469,14,1788179923192,1788179942449,14,1.0000,1,12,12.00
FAIR,14,concurrent,Q12,783,1788179934630,1788179934676,46,1788179923192,1788179942449,46,1.0000,14,498,35.57
FAIR,14,concurrent,Q12,784,1788179934693,1788179934698,5,1788179923192,1788179942449,5,1.0000,1,3,3.00
FAIR,14,concurrent,Q12,785,1788179934700,1788179934707,7,1788179923192,1788179942449,7,1.0000,1,5,5.00
FAIR,14,concurrent,Q12,786,1788179934722,1788179934727,5,1788179923192,1788179942449,5,1.0000,1,3,3.00
FAIR,14,concurrent,Q12,787,1788179936288,1788179936357,69,1788179923192,1788179942449,69,1.0000,1,67,67.00
FAIR,14,concurrent,Q12,788,1788179936431,1788179936790,359,1788179923192,1788179942449,359,1.0000,7,2197,313.86
FAIR,14,concurrent,Q14,789,1788179936798,1788179936801,3,1788179923192,1788179942449,3,1.0000,1,2,2.00
FAIR,14,concurrent,Q14,790,1788179938756,1788179938895,139,1788179923192,1788179942449,139,1.0000,1,137,137.00
FAIR,14,concurrent,Q14,791,1788179938759,1788179940040,1281,1788179923192,1788179942449,1281,1.0000,1,1278,1278.00
FAIR,14,concurrent,Q14,792,1788179938778,1788179940447,1669,1788179923192,1788179942449,1669,1.0000,7,10442,1491.71
FAIR,14,concurrent,Q14,793,1788179938783,1788179939796,1013,1788179923192,1788179942449,1013,1.0000,7,6136,876.57
FAIR,14,concurrent,Q18,794,1788179940530,1788179941846,1316,1788179923192,1788179942449,1316,1.0000,17,17105,1006.18
FAIR,15,concurrent,compaction,795,1788179970960,1788179990333,19373,1788179970960,1788179990333,19373,1.0000,1,19372,19372.00
FAIR,15,concurrent,Q1,796,1788179972593,1788179975823,3230,1788179970960,1788179990333,3230,1.0000,7,19664,2809.14
FAIR,15,concurrent,Q1,797,1788179975857,1788179975866,9,1788179970960,1788179990333,9,1.0000,1,6,6.00
FAIR,15,concurrent,Q1,798,1788179975867,1788179975883,16,1788179970960,1788179990333,16,1.0000,1,11,11.00
FAIR,15,concurrent,Q1,799,1788179975894,1788179975901,7,1788179970960,1788179990333,7,1.0000,1,5,5.00
FAIR,15,concurrent,Q1,800,1788179977540,1788179978057,517,1788179970960,1788179990333,517,1.0000,7,3136,448.00
FAIR,15,concurrent,Q1,801,1788179977544,1788179977597,53,1788179970960,1788179990333,53,1.0000,1,51,51.00
FAIR,15,concurrent,Q1,802,1788179977626,1788179977931,305,1788179970960,1788179990333,305,1.0000,1,301,301.00
FAIR,15,concurrent,Q1,803,1788179977946,1788179978003,57,1788179970960,1788179990333,57,1.0000,1,55,55.00
FAIR,15,concurrent,Q3,804,1788179978099,1788179978243,144,1788179970960,1788179990333,144,1.0000,17,1408,82.82
FAIR,15,concurrent,Q3,805,1788179980023,1788179980302,279,1788179970960,1788179990333,279,1.0000,7,1671,238.71
FAIR,15,concurrent,Q6,806,1788179980310,1788179980314,4,1788179970960,1788179990333,4,1.0000,1,2,2.00
FAIR,15,concurrent,Q6,807,1788179981931,1788179982487,556,1788179970960,1788179990333,556,1.0000,1,553,553.00
FAIR,15,concurrent,Q6,808,1788179981935,1788179982249,314,1788179970960,1788179990333,314,1.0000,7,1926,275.14
FAIR,15,concurrent,Q6,809,1788179982258,1788179982272,14,1788179970960,1788179990333,14,1.0000,1,12,12.00
FAIR,15,concurrent,Q12,810,1788179982502,1788179982560,58,1788179970960,1788179990333,58,1.0000,14,668,47.71
FAIR,15,concurrent,Q12,811,1788179982575,1788179982582,7,1788179970960,1788179990333,7,1.0000,1,5,5.00
FAIR,15,concurrent,Q12,812,1788179982583,1788179982592,9,1788179970960,1788179990333,9,1.0000,1,5,5.00
FAIR,15,concurrent,Q12,813,1788179982601,1788179982607,6,1788179970960,1788179990333,6,1.0000,1,3,3.00
FAIR,15,concurrent,Q12,814,1788179984166,1788179984237,71,1788179970960,1788179990333,71,1.0000,1,68,68.00
FAIR,15,concurrent,Q12,815,1788179984351,1788179984651,300,1788179970960,1788179990333,300,1.0000,7,1858,265.43
FAIR,15,concurrent,Q14,816,1788179984659,1788179984663,4,1788179970960,1788179990333,4,1.0000,1,2,2.00
FAIR,15,concurrent,Q14,817,1788179986705,1788179987980,1275,1788179970960,1788179990333,1275,1.0000,1,1271,1271.00
FAIR,15,concurrent,Q14,818,1788179986712,1788179986842,130,1788179970960,1788179990333,130,1.0000,1,127,127.00
FAIR,15,concurrent,Q18,819,1788179986714,1788179988450,1736,1788179970960,1788179990333,1736,1.0000,7,10930,1561.43
FAIR,15,concurrent,Q18,820,1788179986717,1788179987829,1112,1788179970960,1788179990333,1112,1.0000,7,6440,920.00
FAIR,15,concurrent,Q18,821,1788179988510,1788179989866,1356,1788179970960,1788179990333,1356,1.0000,17,17055,1003.24
FAIR,15,baseline,Q1,822,1788180020454,1788180022992,2538,,,0.0,0.0000,7,15702,2243.14
FAIR,15,baseline,Q1,823,1788180023024,1788180023046,22,,,0.0,0.0000,1,7,7.00
FAIR,15,baseline,Q1,824,1788180023047,1788180023060,13,,,0.0,0.0000,1,8,8.00
FAIR,15,baseline,Q1,825,1788180023076,1788180023084,8,,,0.0,0.0000,1,5,5.00
FAIR,15,baseline,Q1,826,1788180024692,1788180025121,429,,,0.0,0.0000,7,2654,379.14
FAIR,15,baseline,Q1,827,1788180024696,1788180024742,46,,,0.0,0.0000,1,43,43.00
FAIR,15,baseline,Q1,828,1788180024774,1788180025049,275,,,0.0,0.0000,1,272,272.00
FAIR,15,baseline,Q1,829,1788180025060,1788180025101,41,,,0.0,0.0000,1,40,40.00
FAIR,15,baseline,Q3,830,1788180025176,1788180025270,94,,,0.0,0.0000,17,1145,67.35
FAIR,15,baseline,Q3,831,1788180026709,1788180026950,241,,,0.0,0.0000,7,1450,207.14
FAIR,15,baseline,Q3,832,1788180026957,1788180026960,3,,,0.0,0.0000,1,2,2.00
FAIR,15,baseline,Q6,833,1788180028435,1788180029228,793,,,0.0,0.0000,1,790,790.00
FAIR,15,baseline,Q6,834,1788180028440,1788180029207,767,,,0.0,0.0000,7,4784,683.43
FAIR,15,baseline,Q12,835,1788180029217,1788180029231,14,,,0.0,0.0000,1,12,12.00
FAIR,15,baseline,Q12,836,1788180029256,1788180029296,40,,,0.0,0.0000,14,490,35.00
FAIR,15,baseline,Q12,837,1788180029310,1788180029317,7,,,0.0,0.0000,1,5,5.00
FAIR,15,baseline,Q12,838,1788180029318,1788180029325,7,,,0.0,0.0000,1,4,4.00
FAIR,15,baseline,Q12,839,1788180029339,1788180029345,6,,,0.0,0.0000,1,3,3.00
FAIR,15,baseline,Q12,840,1788180030786,1788180030843,57,,,0.0,0.0000,1,56,56.00
FAIR,15,baseline,Q12,841,1788180030906,1788180031113,207,,,0.0,0.0000,7,1253,179.00
FAIR,15,baseline,Q12,842,1788180031120,1788180031124,4,,,0.0,0.0000,1,1,1.00
FAIR,15,baseline,Q14,843,1788180032606,1788180033805,1199,,,0.0,0.0000,1,1196,1196.00
FAIR,15,baseline,Q14,844,1788180032623,1788180032749,126,,,0.0,0.0000,1,124,124.00
FAIR,15,baseline,Q14,845,1788180032625,1788180034104,1479,,,0.0,0.0000,7,9321,1331.57
FAIR,15,baseline,Q14,846,1788180032628,1788180033573,945,,,0.0,0.0000,7,5823,831.86
FAIR,15,baseline,Q18,847,1788180034149,1788180035506,1357,,,0.0,0.0000,17,20103,1182.53
FAIR,16,baseline,Q1,848,1788180064835,1788180067907,3072,,,0.0,0.0000,7,19128,2732.57
FAIR,16,baseline,Q1,849,1788180067941,1788180067957,16,,,0.0,0.0000,1,7,7.00
FAIR,16,baseline,Q1,850,1788180067958,1788180067970,12,,,0.0,0.0000,1,7,7.00
FAIR,16,baseline,Q1,851,1788180067983,1788180067993,10,,,0.0,0.0000,1,6,6.00
FAIR,16,baseline,Q1,852,1788180069443,1788180069956,513,,,0.0,0.0000,7,3143,449.00
FAIR,16,baseline,Q1,853,1788180069447,1788180069509,62,,,0.0,0.0000,1,61,61.00
FAIR,16,baseline,Q1,854,1788180069536,1788180069783,247,,,0.0,0.0000,1,244,244.00
FAIR,16,baseline,Q1,855,1788180069794,1788180069882,88,,,0.0,0.0000,1,54,54.00
FAIR,16,baseline,Q1,856,1788180069991,1788180070154,163,,,0.0,0.0000,17,1813,106.65
FAIR,16,baseline,Q3,857,1788180071607,1788180071886,279,,,0.0,0.0000,7,1671,238.71
FAIR,16,baseline,Q3,858,1788180071893,1788180071907,14,,,0.0,0.0000,1,2,2.00
FAIR,16,baseline,Q6,859,1788180073526,1788180074114,588,,,0.0,0.0000,1,586,586.00
FAIR,16,baseline,Q6,860,1788180073530,1788180073860,330,,,0.0,0.0000,7,2057,293.86
FAIR,16,baseline,Q6,861,1788180073873,1788180073912,39,,,0.0,0.0000,1,15,15.00
FAIR,16,baseline,Q12,862,1788180074132,1788180074190,58,,,0.0,0.0000,14,564,40.29
FAIR,16,baseline,Q12,863,1788180074227,1788180074235,8,,,0.0,0.0000,1,5,5.00
FAIR,16,baseline,Q12,864,1788180074236,1788180074245,9,,,0.0,0.0000,1,5,5.00
FAIR,16,baseline,Q12,865,1788180074259,1788180074265,6,,,0.0,0.0000,1,4,4.00
FAIR,16,baseline,Q12,866,1788180075756,1788180075857,101,,,0.0,0.0000,1,98,98.00
FAIR,16,baseline,Q12,867,1788180075946,1788180076166,220,,,0.0,0.0000,7,1323,189.00
FAIR,16,baseline,Q12,868,1788180076174,1788180076189,15,,,0.0,0.0000,1,2,2.00
FAIR,16,baseline,Q14,869,1788180077730,1788180079181,1451,,,0.0,0.0000,1,1447,1447.00
FAIR,16,baseline,Q14,870,1788180077734,1788180077926,192,,,0.0,0.0000,1,185,185.00
FAIR,16,baseline,Q14,871,1788180077741,1788180079738,1997,,,0.0,0.0000,7,12514,1787.71
FAIR,16,baseline,Q14,872,1788180077746,1788180079114,1368,,,0.0,0.0000,7,7975,1139.29
FAIR,16,baseline,Q18,873,1788180079780,1788180081094,1314,,,0.0,0.0000,17,19759,1162.29
FAIR,16,concurrent,compaction,874,1788180110020,1788180130701,20681,1788180110020,1788180130701,20681,1.0000,1,20679,20679.00
FAIR,16,concurrent,Q1,875,1788180111918,1788180115316,3398,1788180110020,1788180130701,3398,1.0000,7,20573,2939.00
FAIR,16,concurrent,Q1,876,1788180115379,1788180115389,10,1788180110020,1788180130701,10,1.0000,1,7,7.00
FAIR,16,concurrent,Q1,877,1788180115391,1788180115402,11,1788180110020,1788180130701,11,1.0000,1,7,7.00
FAIR,16,concurrent,Q1,878,1788180115417,1788180115431,14,1788180110020,1788180130701,14,1.0000,1,4,4.00
FAIR,16,concurrent,Q1,879,1788180117053,1788180117679,626,1788180110020,1788180130701,626,1.0000,7,3825,546.43
FAIR,16,concurrent,Q1,880,1788180117057,1788180117119,62,1788180110020,1788180130701,62,1.0000,1,59,59.00
FAIR,16,concurrent,Q1,881,1788180117176,1788180117500,324,1788180110020,1788180130701,324,1.0000,1,320,320.00
FAIR,16,concurrent,Q3,882,1788180117512,1788180117580,68,1788180110020,1788180130701,68,1.0000,1,58,58.00
FAIR,16,concurrent,Q3,883,1788180117738,1788180117887,149,1788180110020,1788180130701,149,1.0000,17,1587,93.35
FAIR,16,concurrent,Q3,884,1788180119751,1788180120024,273,1788180110020,1788180130701,273,1.0000,7,1647,235.29
FAIR,16,concurrent,Q6,885,1788180120032,1788180120037,5,1788180110020,1788180130701,5,1.0000,1,3,3.00
FAIR,16,concurrent,Q6,886,1788180121636,1788180122171,535,1788180110020,1788180130701,535,1.0000,1,532,532.00
FAIR,16,concurrent,Q6,887,1788180121641,1788180121975,334,1788180110020,1788180130701,334,1.0000,7,2059,294.14
FAIR,16,concurrent,Q6,888,1788180121984,1788180121998,14,1788180110020,1788180130701,14,1.0000,1,12,12.00
FAIR,16,concurrent,Q12,889,1788180122200,1788180122267,67,1788180110020,1788180130701,67,1.0000,14,658,47.00
FAIR,16,concurrent,Q12,890,1788180122305,1788180122313,8,1788180110020,1788180130701,8,1.0000,1,5,5.00
FAIR,16,concurrent,Q12,891,1788180122314,1788180122323,9,1788180110020,1788180130701,9,1.0000,1,5,5.00
FAIR,16,concurrent,Q12,892,1788180122340,1788180122347,7,1788180110020,1788180130701,7,1.0000,1,3,3.00
FAIR,16,concurrent,Q12,893,1788180124039,1788180124192,153,1788180110020,1788180130701,153,1.0000,1,152,152.00
FAIR,16,concurrent,Q12,894,1788180124263,1788180124670,407,1788180110020,1788180130701,407,1.0000,7,2498,356.86
FAIR,16,concurrent,Q14,895,1788180124681,1788180124687,6,1788180110020,1788180130701,6,1.0000,1,2,2.00
FAIR,16,concurrent,Q14,896,1788180126430,1788180127840,1410,1788180110020,1788180130701,1410,1.0000,1,1406,1406.00
FAIR,16,concurrent,Q14,897,1788180126434,1788180126702,268,1788180110020,1788180130701,268,1.0000,1,238,238.00
FAIR,16,concurrent,Q14,898,1788180126442,1788180128337,1895,1788180110020,1788180130701,1895,1.0000,7,11813,1687.57
FAIR,16,concurrent,Q14,899,1788180126446,1788180127705,1259,1788180110020,1788180130701,1259,1.0000,7,7703,1100.43
FAIR,16,concurrent,Q18,900,1788180128390,1788180130017,1627,1788180110020,1788180130701,1627,1.0000,17,19731,1160.65
FAIR,17,concurrent,compaction,901,1788180159582,1788180179061,19479,1788180159582,1788180179061,19479,1.0000,1,19476,19476.00
FAIR,17,concurrent,Q1,902,1788180161242,1788180164251,3009,1788180159582,1788180179061,3009,1.0000,7,18445,2635.00
FAIR,17,concurrent,Q1,903,1788180164291,1788180164312,21,1788180159582,1788180179061,21,1.0000,1,17,17.00
FAIR,17,concurrent,Q1,904,1788180164314,1788180164324,10,1788180159582,1788180179061,10,1.0000,1,6,6.00
FAIR,17,concurrent,Q1,905,1788180164336,1788180164342,6,1788180159582,1788180179061,6,1.0000,1,4,4.00
FAIR,17,concurrent,Q1,906,1788180165940,1788180166486,546,1788180159582,1788180179061,546,1.0000,7,3320,474.29
FAIR,17,concurrent,Q1,907,1788180165944,1788180165997,53,1788180159582,1788180179061,53,1.0000,1,51,51.00
FAIR,17,concurrent,Q1,908,1788180166077,1788180166385,308,1788180159582,1788180179061,308,1.0000,1,305,305.00
FAIR,17,concurrent,Q3,909,1788180166398,1788180166447,49,1788180159582,1788180179061,49,1.0000,1,47,47.00
FAIR,17,concurrent,Q3,910,1788180166517,1788180166640,123,1788180159582,1788180179061,123,1.0000,17,1252,73.65
FAIR,17,concurrent,Q3,911,1788180168492,1788180168777,285,1788180159582,1788180179061,285,1.0000,7,1712,244.57
FAIR,17,concurrent,Q6,912,1788180168784,1788180168788,4,1788180159582,1788180179061,4,1.0000,1,2,2.00
FAIR,17,concurrent,Q6,913,1788180170396,1788180170934,538,1788180159582,1788180179061,538,1.0000,1,535,535.00
FAIR,17,concurrent,Q6,914,1788180170401,1788180170739,338,1788180159582,1788180179061,338,1.0000,7,2028,289.71
FAIR,17,concurrent,Q6,915,1788180170749,1788180170763,14,1788180159582,1788180179061,14,1.0000,1,12,12.00
FAIR,17,concurrent,Q12,916,1788180170950,1788180171004,54,1788180159582,1788180179061,54,1.0000,14,568,40.57
FAIR,17,concurrent,Q12,917,1788180171019,1788180171025,6,1788180159582,1788180179061,6,1.0000,1,4,4.00
FAIR,17,concurrent,Q12,918,1788180171026,1788180171033,7,1788180159582,1788180179061,7,1.0000,1,5,5.00
FAIR,17,concurrent,Q12,919,1788180171044,1788180171050,6,1788180159582,1788180179061,6,1.0000,1,3,3.00
FAIR,17,concurrent,Q12,920,1788180172592,1788180172666,74,1788180159582,1788180179061,74,1.0000,1,72,72.00
FAIR,17,concurrent,Q12,921,1788180172729,1788180173033,304,1788180159582,1788180179061,304,1.0000,7,1841,263.00
FAIR,17,concurrent,Q12,922,1788180173041,1788180173055,14,1788180159582,1788180179061,14,1.0000,1,2,2.00
FAIR,17,concurrent,Q14,923,1788180175072,1788180176395,1323,1788180159582,1788180179061,1323,1.0000,1,1320,1320.00
FAIR,17,concurrent,Q14,924,1788180175075,1788180175249,174,1788180159582,1788180179061,174,1.0000,1,171,171.00
FAIR,17,concurrent,Q14,925,1788180175082,1788180176803,1721,1788180159582,1788180179061,1721,1.0000,7,10743,1534.71
FAIR,17,concurrent,Q14,926,1788180175085,1788180176186,1101,1788180159582,1788180179061,1101,1.0000,7,6658,951.14
FAIR,17,concurrent,Q18,927,1788180176906,1788180178360,1454,1788180159582,1788180179061,1454,1.0000,17,18152,1067.76
FAIR,17,baseline,Q1,928,1788180208627,1788180211391,2764,,,0.0,0.0000,7,17079,2439.86
FAIR,17,baseline,Q1,929,1788180211419,1788180211433,14,,,0.0,0.0000,1,6,6.00
FAIR,17,baseline,Q1,930,1788180211434,1788180211445,11,,,0.0,0.0000,1,7,7.00
FAIR,17,baseline,Q1,931,1788180211458,1788180211464,6,,,0.0,0.0000,1,4,4.00
FAIR,17,baseline,Q1,932,1788180212969,1788180213402,433,,,0.0,0.0000,7,2641,377.29
FAIR,17,baseline,Q1,933,1788180212973,1788180213022,49,,,0.0,0.0000,1,47,47.00
FAIR,17,baseline,Q1,934,1788180213048,1788180213338,290,,,0.0,0.0000,1,288,288.00
FAIR,17,baseline,Q1,935,1788180213351,1788180213392,41,,,0.0,0.0000,1,39,39.00
FAIR,17,baseline,Q1,936,1788180213464,1788180213557,93,,,0.0,0.0000,17,1110,65.29
FAIR,17,baseline,Q3,937,1788180214985,1788180215242,257,,,0.0,0.0000,7,1545,220.71
FAIR,17,baseline,Q3,938,1788180215249,1788180215253,4,,,0.0,0.0000,1,2,2.00
FAIR,17,baseline,Q6,939,1788180216938,1788180217454,516,,,0.0,0.0000,1,513,513.00
FAIR,17,baseline,Q6,940,1788180216942,1788180217269,327,,,0.0,0.0000,7,2006,286.57
FAIR,17,baseline,Q6,941,1788180217280,1788180217295,15,,,0.0,0.0000,1,12,12.00
FAIR,17,baseline,Q12,942,1788180217472,1788180217510,38,,,0.0,0.0000,14,462,33.00
FAIR,17,baseline,Q12,943,1788180217523,1788180217529,6,,,0.0,0.0000,1,4,4.00
FAIR,17,baseline,Q12,944,1788180217530,1788180217537,7,,,0.0,0.0000,1,4,4.00
FAIR,17,baseline,Q12,945,1788180217551,1788180217556,5,,,0.0,0.0000,1,3,3.00
FAIR,17,baseline,Q12,946,1788180218989,1788180219048,59,,,0.0,0.0000,1,58,58.00
FAIR,17,baseline,Q12,947,1788180219189,1788180219416,227,,,0.0,0.0000,7,1368,195.43
FAIR,17,baseline,Q12,948,1788180219423,1788180219427,4,,,0.0,0.0000,1,2,2.00
FAIR,17,baseline,Q14,949,1788180220910,1788180222154,1244,,,0.0,0.0000,1,1241,1241.00
FAIR,17,baseline,Q14,950,1788180220921,1788180221103,182,,,0.0,0.0000,1,179,179.00
FAIR,17,baseline,Q14,951,1788180220923,1788180222683,1760,,,0.0,0.0000,7,11021,1574.43
FAIR,17,baseline,Q14,952,1788180220925,1788180221987,1062,,,0.0,0.0000,7,6619,945.57
FAIR,17,baseline,Q18,953,1788180222730,1788180224071,1341,,,0.0,0.0000,17,20080,1181.18
FAIR,18,baseline,Q1,954,1788180252331,1788180254770,2439,,,0.0,0.0000,7,14892,2127.43
FAIR,18,baseline,Q1,955,1788180254793,1788180254806,13,,,0.0,0.0000,1,6,6.00
FAIR,18,baseline,Q1,956,1788180254807,1788180254817,10,,,0.0,0.0000,1,7,7.00
FAIR,18,baseline,Q1,957,1788180254827,1788180254834,7,,,0.0,0.0000,1,3,3.00
FAIR,18,baseline,Q1,958,1788180256527,1788180256940,413,,,0.0,0.0000,7,2544,363.43
FAIR,18,baseline,Q1,959,1788180256530,1788180256572,42,,,0.0,0.0000,1,40,40.00
FAIR,18,baseline,Q1,960,1788180256595,1788180256830,235,,,0.0,0.0000,1,232,232.00
FAIR,18,baseline,Q1,961,1788180256841,1788180256878,37,,,0.0,0.0000,1,35,35.00
FAIR,18,baseline,Q3,962,1788180256959,1788180257051,92,,,0.0,0.0000,17,1059,62.29
FAIR,18,baseline,Q3,963,1788180258398,1788180258653,255,,,0.0,0.0000,7,1534,219.14
FAIR,18,baseline,Q3,964,1788180258660,1788180258670,10,,,0.0,0.0000,1,2,2.00
FAIR,18,baseline,Q6,965,1788180260056,1788180260518,462,,,0.0,0.0000,1,459,459.00
FAIR,18,baseline,Q6,966,1788180260060,1788180260342,282,,,0.0,0.0000,7,1729,247.00
FAIR,18,baseline,Q6,967,1788180260350,1788180260363,13,,,0.0,0.0000,1,11,11.00
FAIR,18,baseline,Q6,968,1788180260542,1788180260592,50,,,0.0,0.0000,14,569,40.64
FAIR,18,baseline,Q6,969,1788180260609,1788180260615,6,,,0.0,0.0000,1,4,4.00
FAIR,18,baseline,Q6,970,1788180260616,1788180260623,7,,,0.0,0.0000,1,5,5.00
FAIR,18,baseline,Q6,971,1788180260635,1788180260640,5,,,0.0,0.0000,1,3,3.00
FAIR,18,baseline,Q12,972,1788180262164,1788180262218,54,,,0.0,0.0000,1,53,53.00
FAIR,18,baseline,Q12,973,1788180262277,1788180262509,232,,,0.0,0.0000,7,1385,197.86
FAIR,18,baseline,Q12,974,1788180262516,1788180262525,9,,,0.0,0.0000,1,2,2.00
FAIR,18,baseline,Q14,975,1788180263946,1788180265109,1163,,,0.0,0.0000,1,1160,1160.00
FAIR,18,baseline,Q14,976,1788180263949,1788180264063,114,,,0.0,0.0000,1,110,110.00
FAIR,18,baseline,Q14,977,1788180263952,1788180265451,1499,,,0.0,0.0000,7,9315,1330.71
FAIR,18,baseline,Q14,978,1788180263955,1788180264891,936,,,0.0,0.0000,7,5554,793.43
FAIR,18,baseline,Q18,979,1788180265491,1788180266700,1209,,,0.0,0.0000,17,18197,1070.41
FAIR,18,concurrent,compaction,980,1788180294310,1788180312861,18551,1788180294310,1788180312861,18551,1.0000,1,18550,18550.00
FAIR,18,concurrent,Q1,981,1788180296051,1788180299051,3000,1788180294310,1788180312861,3000,1.0000,7,18540,2648.57
FAIR,18,concurrent,Q1,982,1788180299087,1788180299097,10,1788180294310,1788180312861,10,1.0000,1,6,6.00
FAIR,18,concurrent,Q1,983,1788180299098,1788180299108,10,1788180294310,1788180312861,10,1.0000,1,6,6.00
FAIR,18,concurrent,Q1,984,1788180299120,1788180299129,9,1788180294310,1788180312861,9,1.0000,1,6,6.00
FAIR,18,concurrent,Q1,985,1788180300619,1788180301114,495,1788180294310,1788180312861,495,1.0000,7,3107,443.86
FAIR,18,concurrent,Q1,986,1788180300623,1788180300674,51,1788180294310,1788180312861,51,1.0000,1,48,48.00
FAIR,18,concurrent,Q1,987,1788180300698,1788180301021,323,1788180294310,1788180312861,323,1.0000,1,320,320.00
FAIR,18,concurrent,Q1,988,1788180301033,1788180301078,45,1788180294310,1788180312861,45,1.0000,1,42,42.00
FAIR,18,concurrent,Q1,989,1788180301150,1788180301246,96,1788180294310,1788180312861,96,1.0000,17,1087,63.94
FAIR,18,concurrent,Q3,990,1788180302778,1788180303045,267,1788180294310,1788180312861,267,1.0000,7,1583,226.14
FAIR,18,concurrent,Q3,991,1788180303052,1788180303056,4,1788180294310,1788180312861,4,1.0000,1,2,2.00
FAIR,18,concurrent,Q6,992,1788180304866,1788180305441,575,1788180294310,1788180312861,575,1.0000,1,573,573.00
FAIR,18,concurrent,Q6,993,1788180304870,1788180305275,405,1788180294310,1788180312861,405,1.0000,7,2521,360.14
FAIR,18,concurrent,Q12,994,1788180305289,1788180305308,19,1788180294310,1788180312861,19,1.0000,1,17,17.00
FAIR,18,concurrent,Q12,995,1788180305456,1788180305499,43,1788180294310,1788180312861,43,1.0000,14,513,36.64
FAIR,18,concurrent,Q12,996,1788180305512,1788180305518,6,1788180294310,1788180312861,6,1.0000,1,4,4.00
FAIR,18,concurrent,Q12,997,1788180305519,1788180305527,8,1788180294310,1788180312861,8,1.0000,1,5,5.00
FAIR,18,concurrent,Q12,998,1788180305539,1788180305545,6,1788180294310,1788180312861,6,1.0000,1,4,4.00
FAIR,18,concurrent,Q12,999,1788180307022,1788180307086,64,1788180294310,1788180312861,64,1.0000,1,63,63.00
FAIR,18,concurrent,Q12,1000,1788180307154,1788180307450,296,1788180294310,1788180312861,296,1.0000,7,1829,261.29
FAIR,18,concurrent,Q12,1001,1788180307459,1788180307463,4,1788180294310,1788180312861,4,1.0000,1,1,1.00
FAIR,18,concurrent,Q14,1002,1788180309357,1788180310573,1216,1788180294310,1788180312861,1216,1.0000,1,1213,1213.00
FAIR,18,concurrent,Q14,1003,1788180309366,1788180309495,129,1788180294310,1788180312861,129,1.0000,1,124,124.00
FAIR,18,concurrent,Q14,1004,1788180309370,1788180311052,1682,1788180294310,1788180312861,1682,1.0000,7,10253,1464.71
FAIR,18,concurrent,Q14,1005,1788180309374,1788180310339,965,1788180294310,1788180312861,965,1.0000,7,5945,849.29
FAIR,18,concurrent,Q18,1006,1788180311094,1788180312410,1316,1788180294310,1788180312861,1316,1.0000,17,16645,979.12
FAIR,19,concurrent,compaction,1007,1788180340642,1788180358775,18133,1788180340642,1788180358775,18133,1.0000,1,18132,18132.00
FAIR,19,concurrent,Q1,1008,1788180342314,1788180345122,2808,1788180340642,1788180358775,2808,1.0000,7,16934,2419.14
FAIR,19,concurrent,Q1,1009,1788180345148,1788180345155,7,1788180340642,1788180358775,7,1.0000,1,5,5.00
FAIR,19,concurrent,Q1,1010,1788180345156,1788180345164,8,1788180340642,1788180358775,8,1.0000,1,5,5.00
FAIR,19,concurrent,Q1,1011,1788180345173,1788180345179,6,1788180340642,1788180358775,6,1.0000,1,4,4.00
FAIR,19,concurrent,Q1,1012,1788180346685,1788180347252,567,1788180340642,1788180358775,567,1.0000,7,3397,485.29
FAIR,19,concurrent,Q1,1013,1788180346689,1788180346738,49,1788180340642,1788180358775,49,1.0000,1,47,47.00
FAIR,19,concurrent,Q1,1014,1788180346761,1788180347125,364,1788180340642,1788180358775,364,1.0000,1,361,361.00
FAIR,19,concurrent,Q1,1015,1788180347138,1788180347180,42,1788180340642,1788180358775,42,1.0000,1,40,40.00
FAIR,19,concurrent,Q3,1016,1788180347285,1788180347373,88,1788180340642,1788180358775,88,1.0000,17,1014,59.65
FAIR,19,concurrent,Q3,1017,1788180348817,1788180349122,305,1788180340642,1788180358775,305,1.0000,7,1871,267.29
FAIR,19,concurrent,Q3,1018,1788180349132,1788180349136,4,1788180340642,1788180358775,4,1.0000,1,2,2.00
FAIR,19,concurrent,Q6,1019,1788180350887,1788180351499,612,1788180340642,1788180358775,612,1.0000,1,610,610.00
FAIR,19,concurrent,Q6,1020,1788180350891,1788180351272,381,1788180340642,1788180358775,381,1.0000,7,2266,323.71
FAIR,19,concurrent,Q12,1021,1788180351291,1788180351312,21,1788180340642,1788180358775,21,1.0000,1,18,18.00
FAIR,19,concurrent,Q12,1022,1788180351516,1788180351564,48,1788180340642,1788180358775,48,1.0000,14,518,37.00
FAIR,19,concurrent,Q12,1023,1788180351577,1788180351583,6,1788180340642,1788180358775,6,1.0000,1,4,4.00
FAIR,19,concurrent,Q12,1024,1788180351584,1788180351591,7,1788180340642,1788180358775,7,1.0000,1,4,4.00
FAIR,19,concurrent,Q12,1025,1788180351600,1788180351605,5,1788180340642,1788180358775,5,1.0000,1,3,3.00
FAIR,19,concurrent,Q12,1026,1788180353108,1788180353171,63,1788180340642,1788180358775,63,1.0000,1,61,61.00
FAIR,19,concurrent,Q12,1027,1788180353231,1788180353508,277,1788180340642,1788180358775,277,1.0000,7,1690,241.43
FAIR,19,concurrent,Q12,1028,1788180353516,1788180353528,12,1788180340642,1788180358775,12,1.0000,1,2,2.00
FAIR,19,concurrent,Q14,1029,1788180355376,1788180356648,1272,1788180340642,1788180358775,1272,1.0000,1,1268,1268.00
FAIR,19,concurrent,Q14,1030,1788180355381,1788180355536,155,1788180340642,1788180358775,155,1.0000,1,149,149.00
FAIR,19,concurrent,Q14,1031,1788180355387,1788180357081,1694,1788180340642,1788180358775,1694,1.0000,7,10441,1491.57
FAIR,19,concurrent,Q14,1032,1788180355392,1788180356439,1047,1788180340642,1788180358775,1047,1.0000,7,6487,926.71
FAIR,19,concurrent,Q18,1033,1788180357146,1788180358478,1332,1788180340642,1788180358775,1332,1.0000,17,17244,1014.35
FAIR,19,baseline,Q1,1034,1788180386615,1788180389022,2407,,,0.0,0.0000,7,14667,2095.29
FAIR,19,baseline,Q1,1035,1788180389048,1788180389061,13,,,0.0,0.0000,1,6,6.00
FAIR,19,baseline,Q1,1036,1788180389062,1788180389071,9,,,0.0,0.0000,1,6,6.00
FAIR,19,baseline,Q1,1037,1788180389083,1788180389089,6,,,0.0,0.0000,1,4,4.00
FAIR,19,baseline,Q1,1038,1788180390795,1788180391202,407,,,0.0,0.0000,7,2510,358.57
FAIR,19,baseline,Q1,1039,1788180390798,1788180390850,52,,,0.0,0.0000,1,50,50.00
FAIR,19,baseline,Q1,1040,1788180390874,1788180391130,256,,,0.0,0.0000,1,254,254.00
FAIR,19,baseline,Q1,1041,1788180391142,1788180391177,35,,,0.0,0.0000,1,34,34.00
FAIR,19,baseline,Q3,1042,1788180391242,1788180391333,91,,,0.0,0.0000,17,1061,62.41
FAIR,19,baseline,Q3,1043,1788180392709,1788180392958,249,,,0.0,0.0000,7,1489,212.71
FAIR,19,baseline,Q3,1044,1788180392965,1788180392968,3,,,0.0,0.0000,1,1,1.00
FAIR,19,baseline,Q6,1045,1788180394361,1788180394820,459,,,0.0,0.0000,1,457,457.00
FAIR,19,baseline,Q6,1046,1788180394366,1788180394656,290,,,0.0,0.0000,7,1765,252.14
FAIR,19,baseline,Q6,1047,1788180394664,1788180394677,13,,,0.0,0.0000,1,10,10.00
FAIR,19,baseline,Q6,1048,1788180394837,1788180394883,46,,,0.0,0.0000,14,493,35.21
FAIR,19,baseline,Q6,1049,1788180394899,1788180394905,6,,,0.0,0.0000,1,4,4.00
FAIR,19,baseline,Q6,1050,1788180394906,1788180394913,7,,,0.0,0.0000,1,4,4.00
FAIR,19,baseline,Q6,1051,1788180394931,1788180394937,6,,,0.0,0.0000,1,4,4.00
FAIR,19,baseline,Q12,1052,1788180396574,1788180396630,56,,,0.0,0.0000,1,55,55.00
FAIR,19,baseline,Q12,1053,1788180396689,1788180396909,220,,,0.0,0.0000,7,1354,193.43
FAIR,19,baseline,Q12,1054,1788180396916,1788180396929,13,,,0.0,0.0000,1,2,2.00
FAIR,19,baseline,Q14,1055,1788180398365,1788180399473,1108,,,0.0,0.0000,1,1105,1105.00
FAIR,19,baseline,Q14,1056,1788180398369,1788180398484,115,,,0.0,0.0000,1,105,105.00
FAIR,19,baseline,Q14,1057,1788180398377,1788180399846,1469,,,0.0,0.0000,7,9170,1310.00
FAIR,19,baseline,Q14,1058,1788180398380,1788180399216,836,,,0.0,0.0000,7,5015,716.43
FAIR,19,baseline,Q18,1059,1788180399912,1788180401127,1215,,,0.0,0.0000,17,18128,1066.35
FAIR,20,baseline,Q1,1060,1788180428766,1788180431167,2401,,,0.0,0.0000,7,14853,2121.86
FAIR,20,baseline,Q1,1061,1788180431190,1788180431203,13,,,0.0,0.0000,1,5,5.00
FAIR,20,baseline,Q1,1062,1788180431203,1788180431212,9,,,0.0,0.0000,1,6,6.00
FAIR,20,baseline,Q1,1063,1788180431223,1788180431229,6,,,0.0,0.0000,1,4,4.00
FAIR,20,baseline,Q1,1064,1788180432846,1788180433258,412,,,0.0,0.0000,7,2570,367.14
FAIR,20,baseline,Q1,1065,1788180432849,1788180432891,42,,,0.0,0.0000,1,41,41.00
FAIR,20,baseline,Q1,1066,1788180432915,1788180433159,244,,,0.0,0.0000,1,242,242.00
FAIR,20,baseline,Q1,1067,1788180433170,1788180433212,42,,,0.0,0.0000,1,40,40.00
FAIR,20,baseline,Q1,1068,1788180433280,1788180433355,75,,,0.0,0.0000,17,947,55.71
FAIR,20,baseline,Q3,1069,1788180434723,1788180434968,245,,,0.0,0.0000,7,1482,211.71
FAIR,20,baseline,Q3,1070,1788180434974,1788180434977,3,,,0.0,0.0000,1,1,1.00
FAIR,20,baseline,Q6,1071,1788180436364,1788180436799,435,,,0.0,0.0000,1,433,433.00
FAIR,20,baseline,Q6,1072,1788180436368,1788180436644,276,,,0.0,0.0000,7,1707,243.86
FAIR,20,baseline,Q6,1073,1788180436652,1788180436664,12,,,0.0,0.0000,1,11,11.00
FAIR,20,baseline,Q6,1074,1788180436816,1788180436857,41,,,0.0,0.0000,14,501,35.79
FAIR,20,baseline,Q6,1075,1788180436871,1788180436878,7,,,0.0,0.0000,1,4,4.00
FAIR,20,baseline,Q6,1076,1788180436879,1788180436885,6,,,0.0,0.0000,1,4,4.00
FAIR,20,baseline,Q6,1077,1788180436893,1788180436898,5,,,0.0,0.0000,1,3,3.00
FAIR,20,baseline,Q12,1078,1788180438535,1788180438590,55,,,0.0,0.0000,1,54,54.00
FAIR,20,baseline,Q12,1079,1788180438648,1788180438881,233,,,0.0,0.0000,7,1412,201.71
FAIR,20,baseline,Q12,1080,1788180438888,1788180438902,14,,,0.0,0.0000,1,2,2.00
FAIR,20,baseline,Q14,1081,1788180440317,1788180441452,1135,,,0.0,0.0000,1,1133,1133.00
FAIR,20,baseline,Q14,1082,1788180440320,1788180440446,126,,,0.0,0.0000,1,121,121.00
FAIR,20,baseline,Q14,1083,1788180440325,1788180441804,1479,,,0.0,0.0000,7,9163,1309.00
FAIR,20,baseline,Q14,1084,1788180440328,1788180441167,839,,,0.0,0.0000,7,4987,712.43
FAIR,20,baseline,Q18,1085,1788180441848,1788180443052,1204,,,0.0,0.0000,17,18190,1070.00
FAIR,20,concurrent,compaction,1086,1788180470589,1788180488718,18129,1788180470589,1788180488718,18129,1.0000,1,18128,18128.00
FAIR,20,concurrent,Q1,1087,1788180472316,1788180475060,2744,1788180470589,1788180488718,2744,1.0000,7,17032,2433.14
FAIR,20,concurrent,Q1,1088,1788180475088,1788180475100,12,1788180470589,1788180488718,12,1.0000,1,6,6.00
FAIR,20,concurrent,Q1,1089,1788180475101,1788180475109,8,1788180470589,1788180488718,8,1.0000,1,5,5.00
FAIR,20,concurrent,Q1,1090,1788180475120,1788180475126,6,1788180470589,1788180488718,6,1.0000,1,3,3.00
FAIR,20,concurrent,Q1,1091,1788180476623,1788180477181,558,1788180470589,1788180488718,558,1.0000,7,3412,487.43
FAIR,20,concurrent,Q1,1092,1788180476627,1788180476678,51,1788180470589,1788180488718,51,1.0000,1,49,49.00
FAIR,20,concurrent,Q1,1093,1788180476703,1788180477076,373,1788180470589,1788180488718,373,1.0000,1,370,370.00
FAIR,20,concurrent,Q1,1094,1788180477098,1788180477147,49,1788180470589,1788180488718,49,1.0000,1,46,46.00
FAIR,20,concurrent,Q3,1095,1788180477243,1788180477358,115,1788180470589,1788180488718,115,1.0000,17,1272,74.82
FAIR,20,concurrent,Q3,1096,1788180478821,1788180479465,644,1788180470589,1788180488718,644,1.0000,7,3902,557.43
FAIR,20,concurrent,Q6,1097,1788180479475,1788180479478,3,1788180470589,1788180488718,3,1.0000,1,2,2.00
FAIR,20,concurrent,Q6,1098,1788180480973,1788180481575,602,1788180470589,1788180488718,602,1.0000,1,599,599.00
FAIR,20,concurrent,Q6,1099,1788180480977,1788180481334,357,1788180470589,1788180488718,357,1.0000,7,2156,308.00
FAIR,20,concurrent,Q6,1100,1788180481345,1788180481388,43,1788180470589,1788180488718,43,1.0000,1,40,40.00
FAIR,20,concurrent,Q12,1101,1788180481594,1788180481638,44,1788180470589,1788180488718,44,1.0000,14,542,38.71
FAIR,20,concurrent,Q12,1102,1788180481651,1788180481657,6,1788180470589,1788180488718,6,1.0000,1,4,4.00
FAIR,20,concurrent,Q12,1103,1788180481658,1788180481664,6,1788180470589,1788180488718,6,1.0000,1,4,4.00
FAIR,20,concurrent,Q12,1104,1788180481676,1788180481682,6,1788180470589,1788180488718,6,1.0000,1,3,3.00
FAIR,20,concurrent,Q12,1105,1788180483191,1788180483264,73,1788180470589,1788180488718,73,1.0000,1,71,71.00
FAIR,20,concurrent,Q12,1106,1788180483325,1788180483607,282,1788180470589,1788180488718,282,1.0000,7,1727,246.71
FAIR,20,concurrent,Q12,1107,1788180483615,1788180483618,3,1788180470589,1788180488718,3,1.0000,1,2,2.00
FAIR,20,concurrent,Q14,1108,1788180485428,1788180486741,1313,1788180470589,1788180488718,1313,1.0000,1,1310,1310.00
FAIR,20,concurrent,Q14,1109,1788180485439,1788180487192,1753,1788180470589,1788180488718,1753,1.0000,7,10850,1550.00
FAIR,20,concurrent,Q14,1110,1788180485442,1788180485594,152,1788180470589,1788180488718,152,1.0000,1,150,150.00
FAIR,20,concurrent,Q14,1111,1788180485443,1788180486501,1058,1788180470589,1788180488718,1058,1.0000,7,6262,894.57
FAIR,20,concurrent,Q18,1112,1788180487234,1788180488520,1286,1788180470589,1788180488718,1286,1.0000,17,16722,983.65
FAIR,21,concurrent,compaction,1113,1788180516526,1788180534604,18078,1788180516526,1788180534604,18078,1.0000,1,18076,18076.00
FAIR,21,concurrent,Q1,1114,1788180518219,1788180520997,2778,1788180516526,1788180534604,2778,1.0000,7,17018,2431.14
FAIR,21,concurrent,Q1,1115,1788180521021,1788180521029,8,1788180516526,1788180534604,8,1.0000,1,5,5.00
FAIR,21,concurrent,Q1,1116,1788180521030,1788180521038,8,1788180516526,1788180534604,8,1.0000,1,4,4.00
FAIR,21,concurrent,Q1,1117,1788180521047,1788180521052,5,1788180516526,1788180534604,5,1.0000,1,3,3.00
FAIR,21,concurrent,Q1,1118,1788180522557,1788180523056,499,1788180516526,1788180534604,499,1.0000,7,3001,428.71
FAIR,21,concurrent,Q1,1119,1788180522561,1788180522603,42,1788180516526,1788180534604,42,1.0000,1,41,41.00
FAIR,21,concurrent,Q1,1120,1788180522627,1788180522884,257,1788180516526,1788180534604,257,1.0000,1,254,254.00
FAIR,21,concurrent,Q1,1121,1788180522945,1788180522982,37,1788180516526,1788180534604,37,1.0000,1,36,36.00
FAIR,21,concurrent,Q1,1122,1788180523082,1788180523186,104,1788180516526,1788180534604,104,1.0000,17,1110,65.29
FAIR,21,concurrent,Q3,1123,1788180524648,1788180525305,657,1788180516526,1788180534604,657,1.0000,7,3974,567.71
FAIR,21,concurrent,Q6,1124,1788180525314,1788180525318,4,1788180516526,1788180534604,4,1.0000,1,2,2.00
FAIR,21,concurrent,Q6,1125,1788180526804,1788180527298,494,1788180516526,1788180534604,494,1.0000,1,491,491.00
FAIR,21,concurrent,Q6,1126,1788180526808,1788180527128,320,1788180516526,1788180534604,320,1.0000,7,1971,281.57
FAIR,21,concurrent,Q6,1127,1788180527137,1788180527150,13,1788180516526,1788180534604,13,1.0000,1,12,12.00
FAIR,21,concurrent,Q6,1128,1788180527312,1788180527391,79,1788180516526,1788180534604,79,1.0000,14,944,67.43
FAIR,21,concurrent,Q12,1129,1788180527407,1788180527415,8,1788180516526,1788180534604,8,1.0000,1,4,4.00
FAIR,21,concurrent,Q12,1130,1788180527416,1788180527424,8,1788180516526,1788180534604,8,1.0000,1,4,4.00
FAIR,21,concurrent,Q12,1131,1788180527455,1788180527462,7,1788180516526,1788180534604,7,1.0000,1,4,4.00
FAIR,21,concurrent,Q12,1132,1788180528956,1788180529023,67,1788180516526,1788180534604,67,1.0000,1,65,65.00
FAIR,21,concurrent,Q12,1133,1788180529085,1788180529378,293,1788180516526,1788180534604,293,1.0000,7,1748,249.71
FAIR,21,concurrent,Q12,1134,1788180529388,1788180529392,4,1788180516526,1788180534604,4,1.0000,1,3,3.00
FAIR,21,concurrent,Q14,1135,1788180531142,1788180532436,1294,1788180516526,1788180534604,1294,1.0000,1,1292,1292.00
FAIR,21,concurrent,Q14,1136,1788180531148,1788180531314,166,1788180516526,1788180534604,166,1.0000,1,164,164.00
FAIR,21,concurrent,Q14,1137,1788180531150,1788180532928,1778,1788180516526,1788180534604,1778,1.0000,7,11043,1577.57
FAIR,21,concurrent,Q14,1138,1788180531153,1788180532263,1110,1788180516526,1788180534604,1110,1.0000,7,6427,918.14
FAIR,21,concurrent,Q18,1139,1788180532990,1788180534289,1299,1788180516526,1788180534604,1299,1.0000,17,16891,993.59
FAIR,21,baseline,Q1,1140,1788180562383,1788180564824,2441,,,0.0,0.0000,7,14652,2093.14
FAIR,21,baseline,Q1,1141,1788180564855,1788180564870,15,,,0.0,0.0000,1,7,7.00
FAIR,21,baseline,Q1,1142,1788180564871,1788180564881,10,,,0.0,0.0000,1,7,7.00
FAIR,21,baseline,Q1,1143,1788180564896,1788180564904,8,,,0.0,0.0000,1,5,5.00
FAIR,21,baseline,Q1,1144,1788180566372,1788180566769,397,,,0.0,0.0000,7,2459,351.29
FAIR,21,baseline,Q1,1145,1788180566376,1788180566420,44,,,0.0,0.0000,1,43,43.00
FAIR,21,baseline,Q1,1146,1788180566444,1788180566681,237,,,0.0,0.0000,1,235,235.00
FAIR,21,baseline,Q1,1147,1788180566692,1788180566731,39,,,0.0,0.0000,1,36,36.00
FAIR,21,baseline,Q1,1148,1788180566810,1788180566899,89,,,0.0,0.0000,17,1095,64.41
FAIR,21,baseline,Q3,1149,1788180568257,1788180568511,254,,,0.0,0.0000,7,1521,217.29
FAIR,21,baseline,Q3,1150,1788180568518,1788180568521,3,,,0.0,0.0000,1,2,2.00
FAIR,21,baseline,Q6,1151,1788180569921,1788180570434,513,,,0.0,0.0000,1,511,511.00
FAIR,21,baseline,Q6,1152,1788180569925,1788180570201,276,,,0.0,0.0000,7,1692,241.71
FAIR,21,baseline,Q6,1153,1788180570209,1788180570221,12,,,0.0,0.0000,1,11,11.00
FAIR,21,baseline,Q6,1154,1788180570459,1788180570513,54,,,0.0,0.0000,14,622,44.43
FAIR,21,baseline,Q6,1155,1788180570528,1788180570536,8,,,0.0,0.0000,1,5,5.00
FAIR,21,baseline,Q6,1156,1788180570537,1788180570545,8,,,0.0,0.0000,1,5,5.00
FAIR,21,baseline,Q6,1157,1788180570561,1788180570567,6,,,0.0,0.0000,1,3,3.00
FAIR,21,baseline,Q12,1158,1788180571994,1788180572088,94,,,0.0,0.0000,1,93,93.00
FAIR,21,baseline,Q12,1159,1788180572153,1788180572370,217,,,0.0,0.0000,7,1279,182.71
FAIR,21,baseline,Q12,1160,1788180572379,1788180572382,3,,,0.0,0.0000,1,2,2.00
FAIR,21,baseline,Q14,1161,1788180573767,1788180574979,1212,,,0.0,0.0000,1,1210,1210.00
FAIR,21,baseline,Q14,1162,1788180573770,1788180573893,123,,,0.0,0.0000,1,116,116.00
FAIR,21,baseline,Q14,1163,1788180573778,1788180575315,1537,,,0.0,0.0000,7,9635,1376.43
FAIR,21,baseline,Q14,1164,1788180573782,1788180574715,933,,,0.0,0.0000,7,5753,821.86
FAIR,21,baseline,Q18,1165,1788180575368,1788180576555,1187,,,0.0,0.0000,17,18168,1068.71
