timestamp,elapsed_s,cpu_util_pct,cpu_util_avg_1min,cpu_util_avg_5min,cpu_trend,mem_used_pct,disk_io_read_bytes,disk_io_write_bytes,frag_file_count,table_size_mb,avg_file_size_kb,intensity,compaction_active,query_latency_ms,query_latency_during_compaction_ms
2026-10-07 00:16:52,0.0,13.7,13.7,13.7,0.0,6.0,0,0,44,15158.5,352778.5,0.110,False,nan,nan
2026-10-07 00:16:56,3.9,15.3,14.5,14.5,0.0,6.2,10113024,782336,44,15158.5,352778.5,0.112,False,nan,nan
2026-10-07 00:16:57,4.9,13.1,14.0,14.0,0.0,6.3,10113024,782336,44,15158.5,352778.5,0.112,False,nan,nan
2026-10-07 00:16:58,5.9,11.0,13.3,13.3,0.0,6.2,10113024,864256,44,15158.5,352778.5,0.112,False,nan,nan
2026-10-07 00:16:59,6.9,10.8,12.8,12.8,0.0,6.2,10113024,1449984,44,15158.5,352778.5,0.112,False,nan,nan
2026-10-07 00:17:00,7.9,32.7,16.1,16.1,0.0,6.6,11001856,1728512,44,15158.5,352778.5,0.114,False,nan,nan
2026-10-07 00:17:06,14.2,66.8,23.3,23.3,0.0,16.8,17186816,6840320,44,15158.5,352778.5,0.115,False,nan,nan
2026-10-07 00:17:07,15.2,11.2,21.8,21.8,0.0,16.7,17235968,6893568,44,15158.5,352778.5,0.117,False,7292.6,nan
2026-10-07 00:17:08,16.2,5.9,20.1,20.1,0.0,16.7,17235968,6946816,44,15158.5,352778.5,0.117,False,nan,nan
2026-10-07 00:17:09,17.2,8.6,18.9,18.9,0.0,16.8,17235968,7249920,44,15158.5,352778.5,0.117,False,nan,nan
2026-10-07 00:17:10,18.2,7.1,17.8,17.8,0.0,16.7,17235968,7962624,44,15158.5,352778.5,0.117,False,nan,nan
2026-10-07 00:17:11,19.2,4.6,16.7,16.7,0.0,16.7,17235968,8015872,44,15158.5,352778.5,0.118,False,nan,nan
2026-10-07 00:17:12,20.2,4.3,15.8,15.8,0.0,16.7,17235968,8015872,44,15158.5,352778.5,0.118,False,nan,nan
2026-10-07 00:17:13,21.2,5.2,15.0,15.0,0.0,16.7,17235968,8790016,44,15158.5,352778.5,0.118,False,nan,nan
2026-10-07 00:17:14,22.2,32.8,16.2,16.2,0.0,16.7,17346560,8790016,44,15158.5,352778.5,0.118,False,nan,nan
2026-10-07 00:17:59,66.8,81.9,20.3,20.3,0.0,17.7,17448960,18190336,44,15158.5,352778.5,0.139,False,nan,nan
2026-10-07 00:18:00,67.8,86.2,24.2,24.2,0.0,17.7,17465344,18219008,44,15158.5,352778.5,0.140,False,nan,nan
2026-10-07 00:18:01,68.8,80.2,27.3,27.3,0.0,17.7,17465344,19193856,44,15158.5,352778.5,0.140,False,nan,nan
2026-10-07 00:18:02,69.8,48.7,28.4,28.4,0.0,17.6,18780160,19193856,45,15158.5,344939.2,0.140,False,nan,nan
2026-10-07 00:18:03,70.8,6.3,27.3,27.3,0.0,17.6,18792448,19193856,45,15158.5,344939.2,0.140,False,48486.5,nan
2026-10-07 00:18:04,71.8,3.9,26.2,26.2,0.0,17.6,18792448,19193856,45,15158.5,344939.2,0.142,False,nan,nan
2026-10-07 00:18:05,72.8,3.0,25.1,25.1,0.0,17.6,18792448,19193856,45,15158.5,344939.2,0.142,False,nan,nan
2026-10-07 00:18:06,73.8,3.0,24.2,24.2,0.0,17.6,18792448,20340736,45,15158.5,344939.2,0.142,False,nan,nan
2026-10-07 00:18:07,74.8,3.4,23.3,23.3,0.0,17.6,18792448,20340736,45,15158.5,344939.2,0.142,False,nan,nan
2026-10-07 00:18:08,75.8,3.2,22.5,22.5,0.0,17.6,18792448,20340736,45,15158.5,344939.2,0.144,False,nan,nan
2026-10-07 00:18:09,76.8,3.4,21.8,21.8,0.0,17.6,18792448,20340736,45,15158.5,344939.2,0.144,False,nan,nan
2026-10-07 00:18:10,77.8,65.8,23.4,23.4,0.0,17.6,18829312,20340736,45,15158.5,344939.2,0.144,False,nan,nan
2026-10-07 00:18:13,80.7,81.4,25.5,25.5,0.0,17.6,18829312,21409792,45,15158.5,344939.2,0.146,False,nan,nan
2026-10-07 00:18:14,81.7,9.6,24.9,24.9,0.0,17.6,18829312,21409792,45,15158.5,344939.2,0.146,False,4143.4,nan
2026-10-07 00:18:15,82.7,2.6,24.2,24.2,0.0,17.6,18829312,21409792,45,15158.5,344939.2,0.147,False,nan,nan
2026-10-07 00:18:16,83.7,5.5,23.6,23.6,0.0,17.6,18829312,22065152,45,15158.5,344939.2,0.147,False,nan,nan
2026-10-07 00:18:17,84.7,2.8,22.9,22.9,0.0,17.6,18829312,22065152,45,15158.5,344939.2,0.147,False,nan,nan
2026-10-07 00:18:18,85.7,4.5,22.4,22.4,0.0,17.6,18829312,22065152,45,15158.5,344939.2,0.147,False,nan,nan
2026-10-07 00:18:19,86.7,2.8,21.8,21.8,0.0,17.6,18829312,22065152,45,15158.5,344939.2,0.149,False,nan,nan
2026-10-07 00:18:20,87.7,3.3,21.3,21.3,0.0,17.6,18829312,22065152,45,15158.5,344939.2,0.149,False,nan,nan
2026-10-07 00:18:21,88.7,50.2,22.1,22.1,0.0,17.9,18829312,22769664,45,15158.5,344939.2,0.149,False,nan,nan
2026-10-07 00:18:23,91.2,78.1,23.6,23.6,0.0,18.0,18829312,23085056,45,15158.5,344939.2,0.151,False,nan,nan
2026-10-07 00:18:24,92.2,6.1,23.1,23.1,0.0,18.0,18829312,23085056,45,15158.5,344939.2,0.151,False,3489.3,nan
2026-10-07 00:18:25,93.2,2.7,22.6,22.6,0.0,18.0,18829312,23085056,45,15158.5,344939.2,0.151,False,nan,nan
2026-10-07 00:18:26,94.2,2.3,22.1,22.1,0.0,18.0,18829312,24272896,45,15158.5,344939.2,0.152,False,nan,nan
2026-10-07 00:18:27,95.2,2.7,21.6,21.6,0.0,18.0,18829312,24272896,45,15158.5,344939.2,0.152,False,nan,nan
2026-10-07 00:18:28,96.2,2.5,21.2,21.2,0.0,18.0,18829312,24272896,45,15158.5,344939.2,0.152,False,nan,nan
2026-10-07 00:18:29,97.2,2.5,20.7,20.7,0.0,18.0,18829312,24272896,45,15158.5,344939.2,0.152,False,nan,nan
2026-10-07 00:18:30,98.2,3.3,20.3,20.3,0.0,18.0,18829312,24395776,45,15158.5,344939.2,0.154,False,nan,nan
2026-10-07 00:18:35,102.5,71.6,21.5,21.5,0.0,18.6,71524352,24657920,45,15158.5,344939.2,0.156,False,nan,nan
2026-10-07 00:18:36,103.5,16.5,21.4,21.4,0.0,18.6,71524352,24657920,45,15158.5,344939.2,0.156,False,4666.7,nan
2026-10-07 00:18:37,104.5,3.6,21.0,21.0,0.0,18.6,71524352,26107904,45,15158.5,344939.2,0.156,False,nan,nan
2026-10-07 00:18:38,105.6,2.3,20.6,20.6,0.0,18.6,71524352,26107904,45,15158.5,344939.2,0.158,False,nan,nan
2026-10-07 00:18:39,106.6,2.4,20.2,20.2,0.0,18.6,71524352,26107904,45,15158.5,344939.2,0.158,False,nan,nan
2026-10-07 00:18:40,107.6,2.8,19.9,19.9,0.0,18.6,71524352,26107904,45,15158.5,344939.2,0.158,False,nan,nan
2026-10-07 00:18:41,108.6,2.4,19.5,19.5,0.0,18.6,71524352,26107904,45,15158.5,344939.2,0.158,False,nan,nan
2026-10-07 00:18:42,109.6,3.5,19.2,19.2,0.0,18.6,71524352,26374144,45,15158.5,344939.2,0.160,False,nan,nan
2026-10-07 00:18:43,110.6,63.7,20.1,20.1,0.0,18.8,71524352,26382336,45,15158.5,344939.2,0.160,False,nan,nan
2026-10-07 00:19:27,155.1,80.7,21.2,21.2,0.0,19.1,76333056,31531008,45,15158.5,344939.2,0.181,False,nan,nan
2026-10-07 00:19:28,156.1,67.5,22.0,22.0,0.0,19.1,76333056,31531008,46,15158.5,337440.7,0.181,False,nan,nan
2026-10-07 00:19:29,157.1,11.7,21.9,21.9,0.0,19.0,76333056,31531008,46,15158.5,337440.7,0.181,False,47018.3,nan
2026-10-07 00:19:30,158.1,3.4,21.5,21.5,0.0,19.0,76333056,31531008,46,15158.5,337440.7,0.183,False,nan,nan
2026-10-07 00:19:31,159.1,2.1,21.2,21.2,0.0,19.0,76333056,31531008,46,15158.5,337440.7,0.183,False,nan,nan
2026-10-07 00:19:32,160.1,3.5,20.9,20.9,0.0,19.0,76333056,32194560,46,15158.5,337440.7,0.183,False,nan,nan
2026-10-07 00:19:33,161.1,2.0,20.6,20.6,0.0,19.0,76333056,32313344,46,15158.5,337440.7,0.183,False,nan,nan
2026-10-07 00:19:34,162.1,1.8,20.4,20.3,0.1,19.0,76333056,32428032,46,15158.5,337440.7,0.184,False,nan,nan
2026-10-07 00:19:35,163.1,2.3,20.2,20.0,0.2,19.0,76333056,32428032,46,15158.5,337440.7,0.184,False,nan,nan
2026-10-07 00:19:36,164.1,73.5,21.2,20.8,0.3,19.0,76333056,32428032,46,15158.5,337440.7,0.184,False,nan,nan
2026-10-07 00:19:39,166.8,81.3,22.3,21.8,0.6,19.0,76333056,33517568,46,15158.5,337440.7,0.186,False,nan,nan
2026-10-07 00:19:40,167.8,14.0,22.4,21.7,0.7,19.0,76333056,33517568,46,15158.5,337440.7,0.186,False,3877.3,nan
2026-10-07 00:19:41,168.8,2.0,21.9,21.4,0.5,19.0,76333056,33517568,46,15158.5,337440.7,0.186,False,nan,nan
2026-10-07 00:19:42,169.8,3.3,20.8,21.1,-0.3,19.0,76333056,33517568,46,15158.5,337440.7,0.188,False,nan,nan
2026-10-07 00:19:43,170.8,2.4,20.7,20.8,-0.1,19.0,76333056,34496512,46,15158.5,337440.7,0.188,False,nan,nan
2026-10-07 00:19:44,171.8,2.1,20.6,20.5,0.1,19.0,76333056,34496512,46,15158.5,337440.7,0.188,False,nan,nan
2026-10-07 00:19:45,172.8,2.1,20.5,20.3,0.2,19.0,76333056,34504704,46,15158.5,337440.7,0.190,False,nan,nan
2026-10-07 00:19:46,173.8,6.2,20.5,20.1,0.4,19.0,76333056,34504704,46,15158.5,337440.7,0.190,False,nan,nan
2026-10-07 00:19:49,176.6,74.1,21.6,20.8,0.8,19.1,76333056,35737600,46,15158.5,337440.7,0.192,False,nan,nan
2026-10-07 00:19:50,177.6,5.7,21.7,20.6,1.1,19.1,76333056,35737600,46,15158.5,337440.7,0.192,False,3246.7,nan
2026-10-07 00:19:51,178.6,1.7,21.6,20.4,1.2,19.1,76333056,35737600,46,15158.5,337440.7,0.192,False,nan,nan
2026-10-07 00:19:52,179.6,2.9,21.1,20.1,1.0,19.1,76333056,35741696,46,15158.5,337440.7,0.192,False,nan,nan
2026-10-07 00:19:53,180.6,4.4,19.8,19.9,-0.1,19.1,76333056,36524032,46,15158.5,337440.7,0.194,False,nan,nan
2026-10-07 00:19:54,181.6,2.2,18.4,19.7,-1.3,19.1,76333056,36540416,46,15158.5,337440.7,0.194,False,nan,nan
2026-10-07 00:19:55,182.6,3.3,17.1,19.5,-2.3,19.1,76333056,36540416,46,15158.5,337440.7,0.194,False,nan,nan
2026-10-07 00:19:56,183.6,21.7,16.7,19.5,-2.8,19.1,76333056,36540416,46,15158.5,337440.7,0.194,False,nan,nan
2026-10-07 00:19:59,187.5,79.7,17.9,20.3,-2.4,19.1,76333056,37339136,46,15158.5,337440.7,0.195,False,nan,nan
2026-10-07 00:20:00,188.5,6.2,18.0,20.1,-2.1,19.1,76333056,37339136,46,15158.5,337440.7,0.197,False,4357.2,nan
2026-10-07 00:20:01,189.5,1.4,17.9,19.9,-1.9,19.1,76333056,37339136,46,15158.5,337440.7,0.197,False,nan,nan
2026-10-07 00:20:02,190.5,2.7,17.9,19.7,-1.7,19.1,76333056,37339136,46,15158.5,337440.7,0.197,False,nan,nan
2026-10-07 00:20:03,191.5,1.8,17.9,19.4,-1.5,19.1,76333056,38174720,46,15158.5,337440.7,0.199,False,nan,nan
2026-10-07 00:20:04,192.5,2.7,17.9,19.2,-1.4,19.1,76333056,38174720,46,15158.5,337440.7,0.199,False,nan,nan
2026-10-07 00:20:05,193.5,2.8,17.9,19.1,-1.2,19.1,76333056,38174720,46,15158.5,337440.7,0.199,False,nan,nan
2026-10-07 00:20:06,194.5,25.9,17.2,19.1,-1.9,19.1,76333056,38174720,46,15158.5,337440.7,0.199,False,nan,nan
2026-10-07 00:20:51,239.2,80.4,17.2,19.8,-2.6,19.3,76333056,44335104,46,15158.5,337440.7,0.221,False,nan,nan
2026-10-07 00:20:52,240.2,59.2,18.0,20.3,-2.3,19.3,76333056,44335104,47,15158.5,330261.3,0.222,False,nan,nan
2026-10-07 00:20:53,241.2,9.9,18.1,20.2,-2.0,19.3,76333056,44339200,47,15158.5,330261.3,0.222,False,46618.0,nan
2026-10-07 00:20:54,242.2,1.4,18.1,20.0,-1.9,19.3,76333056,44404736,47,15158.5,330261.3,0.222,False,nan,nan
2026-10-07 00:20:55,243.2,1.6,18.1,19.8,-1.7,19.3,76333056,44404736,47,15158.5,330261.3,0.222,False,nan,nan
2026-10-07 00:20:56,244.2,1.5,18.0,19.6,-1.6,19.3,76333056,44404736,47,15158.5,330261.3,0.224,False,nan,nan
2026-10-07 00:20:57,245.2,1.4,18.0,19.4,-1.4,19.3,76333056,45350912,47,15158.5,330261.3,0.224,False,nan,nan
2026-10-07 00:20:58,246.2,2.4,18.0,19.2,-1.2,19.3,76333056,45350912,47,15158.5,330261.3,0.224,False,nan,nan
2026-10-07 00:20:59,247.2,15.4,17.4,19.1,-1.8,19.3,76333056,45535232,47,15158.5,330261.3,0.224,False,nan,nan
2026-10-07 00:21:02,250.5,78.9,17.4,19.8,-2.4,19.3,76333056,46018560,47,15158.5,330261.3,0.226,False,nan,nan
2026-10-07 00:21:03,251.5,8.2,17.4,19.6,-2.2,19.3,76333056,46030848,47,15158.5,330261.3,0.228,False,3838.7,nan
2026-10-07 00:21:04,252.5,2.2,17.4,19.5,-2.0,19.3,76333056,46215168,47,15158.5,330261.3,0.228,False,nan,nan
2026-10-07 00:21:05,253.5,1.8,17.4,19.3,-1.9,19.3,76333056,46215168,47,15158.5,330261.3,0.228,False,nan,nan
2026-10-07 00:21:06,254.5,1.7,17.4,19.1,-1.7,19.3,76333056,46215168,47,15158.5,330261.3,0.228,False,nan,nan
2026-10-07 00:21:07,255.5,2.2,17.4,19.0,-1.6,19.3,76333056,47181824,47,15158.5,330261.3,0.230,False,nan,nan
2026-10-07 00:21:08,256.5,1.7,17.4,18.8,-1.4,19.3,76333056,47181824,47,15158.5,330261.3,0.230,False,nan,nan
2026-10-07 00:21:09,257.5,34.1,17.9,18.9,-1.0,19.3,76333056,47378432,47,15158.5,330261.3,0.230,False,nan,nan
2026-10-07 00:21:12,260.1,70.5,17.9,19.4,-1.5,19.5,76333056,47865856,47,15158.5,330261.3,0.232,False,nan,nan
2026-10-07 00:21:13,261.1,7.0,17.7,19.3,-1.6,19.5,76333056,47865856,47,15158.5,330261.3,0.232,False,3345.6,nan
2026-10-07 00:21:14,262.1,1.7,17.7,19.1,-1.5,19.5,76333056,48177152,47,15158.5,330261.3,0.232,False,nan,nan
2026-10-07 00:21:15,263.1,2.9,17.7,19.0,-1.3,19.5,76333056,48177152,47,15158.5,330261.3,0.233,False,nan,nan
2026-10-07 00:21:16,264.1,2.6,17.7,18.8,-1.1,19.5,76333056,48308224,47,15158.5,330261.3,0.233,False,nan,nan
2026-10-07 00:21:17,265.1,2.0,17.7,18.7,-1.0,19.5,76333056,48308224,47,15158.5,330261.3,0.233,False,nan,nan
2026-10-07 00:21:18,266.1,2.6,17.7,18.5,-0.8,19.6,76333056,49020928,47,15158.5,330261.3,0.233,False,nan,nan
2026-10-07 00:21:19,267.1,46.1,18.4,18.8,-0.4,19.6,76333056,49020928,47,15158.5,330261.3,0.235,False,nan,nan
2026-10-07 00:21:22,270.2,75.7,18.6,19.3,-0.7,19.4,76333056,50057216,47,15158.5,330261.3,0.235,False,nan,nan
2026-10-07 00:21:23,271.2,8.1,17.4,19.2,-1.8,19.4,76333056,50397184,47,15158.5,330261.3,0.237,False,3912.7,nan
2026-10-07 00:21:24,272.2,2.0,16.3,19.0,-2.7,19.4,76333056,50397184,47,15158.5,330261.3,0.237,False,nan,nan
2026-10-07 00:21:25,273.2,2.1,16.1,18.9,-2.8,19.4,76333056,50397184,47,15158.5,330261.3,0.237,False,nan,nan
2026-10-07 00:21:26,274.2,1.4,16.1,18.7,-2.6,19.4,76333056,50688000,47,15158.5,330261.3,0.239,False,nan,nan
2026-10-07 00:21:27,275.2,1.7,16.1,18.6,-2.5,19.4,76333056,50688000,47,15158.5,330261.3,0.239,False,nan,nan
2026-10-07 00:21:28,276.2,2.0,16.1,18.5,-2.4,19.4,76333056,51171328,47,15158.5,330261.3,0.239,False,nan,nan
2026-10-07 00:21:29,277.2,38.8,16.7,18.6,-1.9,19.9,76333056,51171328,47,15158.5,330261.3,0.239,False,nan,nan
2026-10-07 00:22:12,320.5,80.6,18.0,19.1,-1.1,19.7,76333056,56307712,47,15158.5,330261.3,0.260,True,nan,nan
2026-10-07 00:22:13,321.5,85.2,19.4,19.7,-0.3,19.7,76402688,56348672,47,15158.5,330261.3,0.260,True,nan,nan
2026-10-07 00:22:14,322.5,83.7,19.6,20.2,-0.7,19.7,77111296,56410112,47,15158.5,330261.3,0.260,True,nan,nan
2026-10-07 00:22:15,323.5,46.5,19.0,20.4,-1.4,19.6,77111296,56803328,48,15158.5,323381.0,0.262,True,nan,46938.9
2026-10-07 00:22:16,324.5,8.1,18.9,20.3,-1.4,19.6,77111296,56963072,48,15158.5,323381.0,0.262,True,nan,nan
2026-10-07 00:22:17,325.5,7.4,19.0,20.2,-1.3,19.6,77111296,56963072,48,15158.5,323381.0,0.262,True,nan,nan
2026-10-07 00:22:18,326.5,9.6,19.1,20.1,-1.1,19.6,77111296,57188352,48,15158.5,323381.0,0.264,True,nan,nan
2026-10-07 00:22:19,327.5,7.8,19.2,20.0,-0.9,19.6,77111296,57597952,48,15158.5,323381.0,0.264,True,nan,nan
2026-10-07 00:22:20,328.5,7.0,19.2,19.9,-0.7,19.6,77111296,58511360,48,15158.5,323381.0,0.264,True,nan,nan
2026-10-07 00:22:21,329.5,12.0,19.4,19.9,-0.5,19.6,77111296,58695680,48,15158.5,323381.0,0.264,True,nan,nan
2026-10-07 00:22:25,333.3,76.7,20.6,20.3,0.3,19.6,77111296,59432960,48,15158.5,323381.0,0.265,True,nan,nan
2026-10-07 00:22:26,334.3,16.4,19.6,20.3,-0.7,19.6,77123584,59432960,33,15158.4,470369.5,0.267,False,4200.6,nan
2026-10-07 00:22:27,335.3,1.5,19.6,20.1,-0.6,19.6,77123584,59432960,33,15158.4,470369.5,0.267,False,nan,nan
2026-10-07 00:22:28,336.3,1.6,19.6,20.0,-0.5,19.6,77123584,59432960,33,15158.4,470369.5,0.267,False,nan,nan
2026-10-07 00:22:29,337.3,1.6,19.5,19.9,-0.3,19.6,77123584,59629568,33,15158.4,470369.5,0.267,False,nan,nan
2026-10-07 00:22:30,338.3,2.4,19.5,19.7,-0.2,19.6,77123584,78389248,33,15158.4,470369.5,0.269,False,nan,nan
2026-10-07 00:22:31,339.3,2.5,19.5,19.6,-0.1,19.6,77123584,78413824,33,15158.4,470369.5,0.269,False,nan,nan
2026-10-07 00:22:32,340.3,59.7,20.4,19.9,0.5,19.6,77123584,78413824,33,15158.4,470369.5,0.269,False,nan,nan
2026-10-07 00:22:34,342.3,72.8,21.3,20.3,1.0,19.7,77123584,78831616,33,15158.4,470369.5,0.271,False,nan,nan
2026-10-07 00:22:35,343.3,5.6,20.1,20.2,-0.1,19.7,77123584,169824256,33,15158.4,470369.5,0.271,False,3039.9,nan
2026-10-07 00:22:36,344.3,1.3,20.0,20.0,-0.1,19.7,77123584,170848256,33,15158.4,470369.5,0.271,False,nan,nan
2026-10-07 00:22:37,345.3,1.8,20.0,19.9,0.1,19.7,77123584,170848256,33,15158.4,470369.5,0.272,False,nan,nan
2026-10-07 00:22:38,346.3,1.6,20.0,19.8,0.2,19.7,77123584,170848256,33,15158.4,470369.5,0.272,False,nan,nan
2026-10-07 00:22:39,347.3,1.4,20.0,19.7,0.3,19.7,77123584,170881024,33,15158.4,470369.5,0.272,False,nan,nan
2026-10-07 00:22:40,348.3,4.4,20.0,19.6,0.4,19.7,77123584,170881024,33,15158.4,470369.5,0.272,False,nan,nan
2026-10-07 00:22:44,352.2,75.0,21.2,19.9,1.3,19.5,77123584,171167744,33,15158.4,470369.5,0.274,False,nan,nan
2026-10-07 00:22:45,353.2,5.8,20.9,19.8,1.0,19.5,77123584,171167744,33,15158.4,470369.5,0.276,False,4108.9,nan
2026-10-07 00:22:46,354.2,2.1,19.5,19.7,-0.2,19.5,77123584,172187648,33,15158.4,470369.5,0.276,False,nan,nan
2026-10-07 00:22:47,355.2,1.4,18.6,19.6,-1.0,19.5,77123584,172187648,33,15158.4,470369.5,0.276,False,nan,nan
2026-10-07 00:22:48,356.2,1.6,18.4,19.5,-1.0,19.6,77123584,172191744,33,15158.4,470369.5,0.276,False,nan,nan
2026-10-07 00:22:49,357.2,1.8,18.5,19.4,-0.9,19.6,77123584,172208128,33,15158.4,470369.5,0.278,False,nan,nan
2026-10-07 00:22:50,358.2,1.8,18.5,19.2,-0.8,19.6,77123584,172208128,33,15158.4,470369.5,0.278,False,nan,nan
2026-10-07 00:23:34,402.5,80.1,19.8,19.6,0.1,20.4,77123584,177192960,33,15158.4,470369.5,0.298,False,nan,nan
2026-10-07 00:23:35,403.5,72.3,20.9,20.0,1.0,20.4,77123584,177643520,33,15158.4,470369.5,0.298,False,nan,nan
2026-10-07 00:23:36,404.5,54.6,21.8,20.2,1.6,20.4,77123584,177643520,34,15158.4,456535.3,0.298,False,nan,nan
2026-10-07 00:23:37,405.5,6.3,21.7,20.1,1.6,20.4,77123584,177643520,34,15158.4,456535.3,0.300,False,46589.6,nan
2026-10-07 00:23:38,406.5,1.6,20.4,20.0,0.4,20.4,77123584,177827840,34,15158.4,456535.3,0.300,False,nan,nan
2026-10-07 00:23:39,407.5,2.1,20.3,19.9,0.4,20.4,77123584,177950720,34,15158.4,456535.3,0.300,False,nan,nan
2026-10-07 00:23:40,408.5,1.4,20.3,19.8,0.5,20.4,77123584,178802688,34,15158.4,456535.3,0.300,False,nan,nan
2026-10-07 00:23:41,409.5,1.9,20.3,19.7,0.6,20.4,77123584,178802688,34,15158.4,456535.3,0.302,False,nan,nan
2026-10-07 00:23:42,410.5,1.8,20.3,19.5,0.7,20.4,77123584,178802688,34,15158.4,456535.3,0.302,False,nan,nan
2026-10-07 00:23:46,413.9,77.4,21.5,19.9,1.6,20.4,77123584,179691520,34,15158.4,456535.3,0.303,False,nan,nan
2026-10-07 00:23:47,414.9,10.3,21.7,19.8,1.8,20.4,77123584,179691520,34,15158.4,456535.3,0.303,False,3769.7,nan
2026-10-07 00:23:48,415.9,1.6,21.1,19.7,1.4,20.4,77123584,179695616,34,15158.4,456535.3,0.303,False,nan,nan
2026-10-07 00:23:49,416.9,1.1,20.0,19.6,0.3,20.4,77123584,179892224,34,15158.4,456535.3,0.305,False,nan,nan
2026-10-07 00:23:50,417.9,2.0,19.9,19.5,0.4,20.4,77123584,179920896,34,15158.4,456535.3,0.305,False,nan,nan
2026-10-07 00:23:51,418.9,1.7,19.9,19.4,0.5,20.4,77123584,180068352,34,15158.4,456535.3,0.305,False,nan,nan
2026-10-07 00:23:52,419.9,4.5,19.9,19.3,0.6,20.4,77123584,180510720,34,15158.4,456535.3,0.305,False,nan,nan
2026-10-07 00:23:55,422.8,72.4,21.1,19.6,1.4,20.4,77123584,180723712,34,15158.4,456535.3,0.307,False,nan,nan
2026-10-07 00:23:56,423.8,11.3,21.2,19.6,1.6,20.4,77123584,180723712,34,15158.4,456535.3,0.307,False,3297.0,nan
2026-10-07 00:23:57,424.8,1.2,21.2,19.5,1.7,20.4,77123584,181493760,34,15158.4,456535.3,0.308,False,nan,nan
2026-10-07 00:23:58,425.8,1.1,20.5,19.4,1.1,20.4,77123584,181493760,34,15158.4,456535.3,0.308,False,nan,nan
2026-10-07 00:23:59,426.8,1.9,19.2,19.3,-0.0,20.4,77123584,181501952,34,15158.4,456535.3,0.308,False,nan,nan
2026-10-07 00:24:00,427.8,1.2,19.1,19.2,-0.1,20.4,77123584,181641216,34,15158.4,456535.3,0.308,False,nan,nan
2026-10-07 00:24:01,428.8,4.2,19.1,19.1,0.1,20.4,77123584,181641216,34,15158.4,456535.3,0.310,False,nan,nan
2026-10-07 00:24:04,432.3,73.6,20.3,19.4,0.9,20.8,77123584,182489088,34,15158.4,456535.3,0.312,False,nan,nan
2026-10-07 00:24:05,433.3,9.1,20.5,19.3,1.1,20.8,77123584,182841344,34,15158.4,456535.3,0.312,False,3901.7,nan
2026-10-07 00:24:06,434.3,2.1,20.5,19.2,1.2,20.8,77123584,182870016,34,15158.4,456535.3,0.312,False,nan,nan
2026-10-07 00:24:07,435.3,2.3,20.5,19.1,1.3,20.8,77123584,182968320,34,15158.4,456535.3,0.312,False,nan,nan
2026-10-07 00:24:08,436.3,4.4,19.9,19.1,0.8,20.8,77123584,183447552,34,15158.4,456535.3,0.313,False,nan,nan
2026-10-07 00:24:09,437.3,1.4,18.6,19.0,-0.4,20.8,77123584,183447552,34,15158.4,456535.3,0.313,False,nan,nan
2026-10-07 00:24:10,438.3,4.7,17.2,18.9,-1.6,21.0,77123584,183447552,34,15158.4,456535.3,0.313,False,nan,nan
2026-10-07 00:24:54,481.8,79.8,17.2,19.2,-2.0,20.8,77127680,187363328,34,15158.4,456535.3,0.332,False,nan,nan
2026-10-07 00:24:55,482.8,79.9,17.7,19.5,-1.8,20.7,77127680,188329984,34,15158.4,456535.3,0.332,False,nan,nan
2026-10-07 00:24:56,483.8,76.7,18.9,19.9,-1.0,20.7,77127680,188391424,34,15158.4,456535.3,0.332,False,nan,nan
2026-10-07 00:24:57,484.8,37.0,19.4,19.9,-0.6,20.7,77127680,188391424,35,15158.4,443491.7,0.334,False,46871.4,nan
2026-10-07 00:24:58,485.8,1.7,19.2,19.8,-0.6,20.7,77127680,188391424,35,15158.4,443491.7,0.334,False,nan,nan
2026-10-07 00:24:59,486.8,1.1,19.1,19.7,-0.6,20.7,77127680,188391424,35,15158.4,443491.7,0.334,False,nan,nan
2026-10-07 00:25:00,487.8,1.3,19.0,19.7,-0.6,20.7,77127680,189050880,35,15158.4,443491.7,0.335,False,nan,nan
2026-10-07 00:25:01,488.8,1.4,18.9,19.6,-0.7,20.7,77127680,189530112,35,15158.4,443491.7,0.335,False,nan,nan
2026-10-07 00:25:02,489.8,1.2,17.6,19.5,-1.9,20.7,77127680,189530112,35,15158.4,443491.7,0.335,False,nan,nan
2026-10-07 00:25:03,490.8,44.3,18.1,19.6,-1.5,20.7,77127680,189620224,35,15158.4,443491.7,0.335,False,nan,nan
2026-10-07 00:25:06,493.7,78.9,19.4,19.9,-0.5,20.7,77127680,190701568,35,15158.4,443491.7,0.337,False,nan,nan
2026-10-07 00:25:07,494.7,14.7,19.6,19.9,-0.3,20.7,77127680,190701568,35,15158.4,443491.7,0.337,False,3784.2,nan
2026-10-07 00:25:08,495.7,1.3,19.6,19.8,-0.2,20.7,77127680,190701568,35,15158.4,443491.7,0.339,False,nan,nan
2026-10-07 00:25:09,496.7,1.1,19.5,19.7,-0.1,20.7,77127680,190701568,35,15158.4,443491.7,0.339,False,nan,nan
2026-10-07 00:25:10,497.7,1.2,19.5,19.6,-0.1,20.7,77127680,190701568,35,15158.4,443491.7,0.339,False,nan,nan
2026-10-07 00:25:11,498.7,1.2,18.5,19.5,-0.9,20.7,77127680,191303680,35,15158.4,443491.7,0.339,False,nan,nan
2026-10-07 00:25:12,499.7,19.8,17.7,19.5,-1.8,20.8,77127680,191303680,35,15158.4,443491.7,0.340,False,nan,nan
2026-10-07 00:25:14,502.4,72.3,18.8,19.8,-1.0,20.9,77127680,191303680,35,15158.4,443491.7,0.340,False,nan,nan
2026-10-07 00:25:15,503.4,6.2,18.9,19.7,-0.8,20.9,77127680,191307776,35,15158.4,443491.7,0.342,False,3219.5,nan
2026-10-07 00:25:16,504.4,1.1,18.8,19.6,-0.8,20.9,77127680,191905792,35,15158.4,443491.7,0.342,False,nan,nan
2026-10-07 00:25:17,505.4,3.1,18.9,19.5,-0.6,20.9,77127680,191922176,35,15158.4,443491.7,0.342,False,nan,nan
2026-10-07 00:25:18,506.4,1.1,18.9,19.4,-0.6,20.9,77127680,191922176,35,15158.4,443491.7,0.342,False,nan,nan
2026-10-07 00:25:19,507.4,1.2,18.8,19.3,-0.5,20.9,77127680,191922176,35,15158.4,443491.7,0.343,False,nan,nan
2026-10-07 00:25:20,508.4,32.7,18.1,19.4,-1.3,20.9,77127680,191922176,35,15158.4,443491.7,0.343,False,nan,nan
2026-10-07 00:25:24,511.8,70.0,19.2,19.6,-0.5,21.4,77127680,192495616,35,15158.4,443491.7,0.345,False,nan,nan
2026-10-07 00:25:25,512.8,14.4,19.4,19.6,-0.2,21.4,77127680,192495616,35,15158.4,443491.7,0.345,False,4219.1,nan
2026-10-07 00:25:26,513.8,1.6,19.4,19.5,-0.1,21.4,77127680,192753664,35,15158.4,443491.7,0.345,False,nan,nan
2026-10-07 00:25:27,514.8,1.0,19.4,19.4,-0.1,21.4,77127680,193294336,35,15158.4,443491.7,0.346,False,nan,nan
2026-10-07 00:25:28,515.8,1.1,19.4,19.4,0.0,21.4,77127680,193310720,35,15158.4,443491.7,0.346,False,nan,nan
2026-10-07 00:25:29,516.8,0.9,19.3,19.3,0.1,21.4,77127680,193310720,35,15158.4,443491.7,0.346,False,nan,nan
2026-10-07 00:25:30,517.8,28.6,18.5,19.3,-0.8,21.4,77127680,193310720,35,15158.4,443491.7,0.346,False,nan,nan
2026-10-07 00:26:12,560.4,80.3,18.6,19.6,-1.0,21.5,77127680,200667136,35,15158.4,443491.7,0.364,False,nan,nan
2026-10-07 00:26:13,561.4,84.1,19.1,19.9,-0.8,21.5,77127680,200695808,35,15158.4,443491.7,0.364,False,nan,nan
2026-10-07 00:26:14,562.4,74.8,20.3,20.2,0.1,21.5,77127680,200736768,35,15158.4,443491.7,0.364,False,nan,nan
2026-10-07 00:26:15,563.4,45.1,21.0,20.3,0.7,21.5,77127680,200736768,36,15158.4,431172.7,0.365,False,46182.6,nan
2026-10-07 00:26:16,564.4,1.6,21.0,20.2,0.8,21.5,77127680,200749056,36,15158.4,431172.7,0.365,False,nan,nan
2026-10-07 00:26:17,565.4,4.7,21.0,20.1,0.9,21.5,77127680,202084352,36,15158.4,431172.7,0.365,False,nan,nan
2026-10-07 00:26:18,566.4,1.8,21.0,20.0,1.0,21.5,77127680,202084352,36,15158.4,431172.7,0.365,False,nan,nan
2026-10-07 00:26:19,567.4,1.7,21.0,19.9,1.1,21.5,77127680,202190848,36,15158.4,431172.7,0.366,False,nan,nan
2026-10-07 00:26:20,568.4,1.7,19.8,19.9,-0.1,21.5,77127680,202559488,36,15158.4,431172.7,0.366,False,nan,nan
2026-10-07 00:26:21,569.4,63.5,20.6,20.1,0.6,21.5,77127680,202559488,36,15158.4,431172.7,0.366,False,nan,nan
2026-10-07 00:26:24,572.0,78.3,21.9,20.3,1.6,21.5,77127680,203231232,36,15158.4,431172.7,0.368,False,nan,nan
2026-10-07 00:26:25,573.0,10.6,22.1,20.3,1.8,21.5,77127680,203231232,36,15158.4,431172.7,0.368,False,3718.9,nan
2026-10-07 00:26:26,574.0,1.3,22.1,20.2,1.9,21.5,77127680,203362304,36,15158.4,431172.7,0.368,False,nan,nan
2026-10-07 00:26:27,575.0,1.2,22.1,20.1,2.0,21.5,77127680,205152256,36,15158.4,431172.7,0.369,False,nan,nan
2026-10-07 00:26:28,576.0,1.1,22.0,20.0,2.0,21.5,77127680,205152256,36,15158.4,431172.7,0.369,False,nan,nan
2026-10-07 00:26:29,577.0,1.4,20.8,19.9,0.9,21.5,77127680,205152256,36,15158.4,431172.7,0.369,False,nan,nan
2026-10-07 00:26:30,578.0,46.5,21.4,20.1,1.4,21.5,77127680,205197312,36,15158.4,431172.7,0.370,False,nan,nan
2026-10-07 00:26:32,580.4,70.5,22.6,20.3,2.3,21.5,77127680,206430208,36,15158.4,431172.7,0.370,False,nan,nan
2026-10-07 00:26:33,581.4,8.8,22.7,20.2,2.5,21.5,77127680,206430208,36,15158.4,431172.7,0.370,False,3277.4,nan
2026-10-07 00:26:34,582.4,1.2,22.7,20.1,2.5,21.5,77127680,206430208,36,15158.4,431172.7,0.372,False,nan,nan
2026-10-07 00:26:35,583.4,1.7,22.7,20.1,2.6,21.5,77127680,206458880,36,15158.4,431172.7,0.372,False,nan,nan
2026-10-07 00:26:36,584.4,1.3,22.6,20.0,2.7,21.5,77127680,206458880,36,15158.4,431172.7,0.372,False,nan,nan
2026-10-07 00:26:37,585.4,1.3,21.4,19.9,1.5,21.5,77127680,206548992,36,15158.4,431172.7,0.372,False,nan,nan
2026-10-07 00:26:38,586.4,48.4,22.1,20.0,2.1,21.5,77127680,206999552,36,15158.4,431172.7,0.373,False,nan,nan
2026-10-07 00:26:41,589.3,74.5,23.3,20.3,3.0,21.3,77127680,207495168,36,15158.4,431172.7,0.375,False,nan,nan
2026-10-07 00:26:42,590.3,9.6,23.4,20.2,3.2,21.3,77127680,207495168,36,15158.4,431172.7,0.375,False,3802.2,nan
2026-10-07 00:26:43,591.3,1.5,23.4,20.1,3.2,21.3,77127680,207769600,36,15158.4,431172.7,0.375,False,nan,nan
2026-10-07 00:26:44,592.3,1.1,23.4,20.1,3.3,21.3,77127680,207867904,36,15158.4,431172.7,0.375,False,nan,nan
2026-10-07 00:26:45,593.3,1.7,23.3,20.0,3.3,21.3,77127680,208334848,36,15158.4,431172.7,0.376,False,nan,nan
2026-10-07 00:26:46,594.3,1.6,22.0,19.9,2.1,21.3,77127680,208683008,36,15158.4,431172.7,0.376,False,nan,nan
2026-10-07 00:26:47,595.3,44.5,21.4,20.0,1.4,22.1,77127680,208687104,36,15158.4,431172.7,0.376,False,nan,nan
2026-10-07 00:27:30,637.5,80.3,21.5,20.3,1.2,22.2,77127680,213155840,36,15158.4,431172.7,0.390,True,nan,nan
2026-10-07 00:27:31,638.5,82.7,22.2,20.5,1.7,22.3,77127680,213512192,36,15158.4,431172.7,0.391,True,nan,nan
2026-10-07 00:27:32,639.5,69.8,23.4,20.7,2.7,22.6,77127680,213700608,36,15158.4,431172.7,0.391,True,nan,nan
2026-10-07 00:27:33,640.5,76.1,24.6,20.9,3.7,22.6,77127680,213757952,37,15158.4,419519.7,0.391,True,nan,nan
2026-10-07 00:27:34,641.5,20.5,25.0,20.9,4.0,22.6,77127680,213954560,37,15158.4,419519.7,0.391,True,nan,46657.4
2026-10-07 00:27:35,642.5,6.2,25.0,20.9,4.2,22.6,77127680,213954560,37,15158.4,419519.7,0.392,True,nan,nan
2026-10-07 00:27:36,643.5,6.5,25.1,20.8,4.3,22.6,77127680,214441984,37,15158.4,419519.7,0.392,True,nan,nan
2026-10-07 00:27:37,644.5,6.2,24.5,20.8,3.7,22.6,77127680,214454272,37,15158.4,419519.7,0.392,True,nan,nan
2026-10-07 00:27:38,645.5,7.3,23.3,20.7,2.6,22.6,77127680,214921216,37,15158.4,419519.7,0.394,True,nan,nan
2026-10-07 00:27:39,646.5,37.8,23.7,20.8,2.9,22.5,77127680,216125440,37,15158.4,419519.7,0.394,True,nan,nan
2026-10-07 00:27:42,649.8,78.9,25.0,21.0,4.0,22.5,77127680,217325568,37,15158.4,419519.7,0.395,True,nan,nan
2026-10-07 00:27:43,650.8,15.0,25.2,21.0,4.2,22.5,77127680,217325568,33,15158.4,470369.8,0.395,False,4036.8,nan
2026-10-07 00:27:44,651.8,2.0,25.2,20.9,4.3,22.5,77127680,222834688,33,15158.4,470369.8,0.395,False,nan,nan
2026-10-07 00:27:45,652.8,2.0,25.2,20.8,4.4,22.5,77127680,222834688,33,15158.4,470369.8,0.395,False,nan,nan
2026-10-07 00:27:46,653.8,1.8,24.9,20.8,4.2,22.5,77127680,223293440,33,15158.4,470369.8,0.396,False,nan,nan
2026-10-07 00:27:47,654.8,1.3,23.7,20.7,3.1,22.5,77127680,223293440,33,15158.4,470369.8,0.396,False,nan,nan
2026-10-07 00:27:48,655.8,62.6,24.7,20.8,3.8,22.5,77127680,223461376,33,15158.4,470369.8,0.396,False,nan,nan
2026-10-07 00:27:50,657.7,72.5,25.9,21.0,4.8,22.5,77127680,329433088,33,15158.4,470369.8,0.397,False,nan,nan
2026-10-07 00:27:51,658.7,6.0,25.9,21.0,4.9,22.5,77127680,329433088,33,15158.4,470369.8,0.397,False,2966.3,nan
2026-10-07 00:27:52,659.7,1.4,25.9,20.9,5.0,22.5,77127680,330752000,33,15158.4,470369.8,0.397,False,nan,nan
2026-10-07 00:27:53,660.7,1.4,25.9,20.8,5.1,22.5,77127680,330792960,33,15158.4,470369.8,0.398,False,nan,nan
2026-10-07 00:27:54,661.7,1.6,25.4,20.8,4.7,22.5,77127680,330792960,33,15158.4,470369.8,0.398,False,nan,nan
2026-10-07 00:27:55,662.7,1.4,24.3,20.7,3.6,22.5,77127680,330792960,33,15158.4,470369.8,0.398,False,nan,nan
2026-10-07 00:27:59,666.5,70.6,25.2,20.9,4.3,22.3,77127680,331513856,33,15158.4,470369.8,0.400,False,nan,nan
2026-10-07 00:28:00,667.6,6.9,25.3,20.8,4.5,22.3,77127680,333074432,33,15158.4,470369.8,0.400,False,4085.9,nan
2026-10-07 00:28:01,668.6,1.0,25.3,20.7,4.6,22.3,77127680,333074432,33,15158.4,470369.8,0.401,False,nan,nan
2026-10-07 00:28:02,669.6,0.9,25.3,20.7,4.6,22.3,77127680,333774848,33,15158.4,470369.8,0.401,False,nan,nan
2026-10-07 00:28:03,670.6,1.5,25.3,20.6,4.7,22.3,77127680,333791232,33,15158.4,470369.8,0.401,False,nan,nan
2026-10-07 00:28:04,671.6,3.8,24.9,20.5,4.3,22.3,77127680,333791232,33,15158.4,470369.8,0.401,False,nan,nan
2026-10-07 00:28:05,672.6,64.4,24.6,20.7,3.9,22.4,77127680,333791232,33,15158.4,470369.8,0.402,False,nan,nan
2026-10-07 00:28:47,714.5,80.8,24.6,20.9,3.7,22.8,77127680,339869696,33,15158.4,470369.8,0.414,False,nan,nan
2026-10-07 00:28:48,715.6,83.6,24.7,21.1,3.6,22.9,77127680,339873792,33,15158.4,470369.8,0.414,False,nan,nan
2026-10-07 00:28:49,716.6,72.6,25.2,21.3,3.8,22.8,77127680,339894272,33,15158.4,470369.8,0.414,False,nan,nan
2026-10-07 00:28:50,717.6,60.7,26.2,21.5,4.7,22.8,77127680,340242432,34,15158.4,456535.7,0.415,False,nan,nan
2026-10-07 00:28:51,718.6,9.7,26.2,21.4,4.8,22.8,77127680,340971520,34,15158.4,456535.7,0.415,False,46506.9,nan
2026-10-07 00:28:52,719.6,1.0,26.2,21.4,4.9,22.8,77127680,340971520,34,15158.4,456535.7,0.415,False,nan,nan
2026-10-07 00:28:53,720.6,1.1,26.2,21.3,4.9,22.8,77127680,340971520,34,15158.4,456535.7,0.416,False,nan,nan
2026-10-07 00:28:54,721.6,1.3,26.2,21.2,5.0,22.8,77127680,340971520,34,15158.4,456535.7,0.416,False,nan,nan
2026-10-07 00:28:55,722.6,2.8,25.2,21.2,4.1,22.9,77127680,341151744,34,15158.4,456535.7,0.416,False,nan,nan
2026-10-07 00:28:56,723.6,57.4,24.9,21.3,3.6,22.9,77127680,341905408,34,15158.4,456535.7,0.416,False,nan,nan
2026-10-07 00:28:58,726.2,78.3,26.0,21.5,4.5,22.9,77127680,342253568,34,15158.4,456535.7,0.417,False,nan,nan
2026-10-07 00:28:59,727.2,10.7,26.1,21.4,4.7,22.9,77127680,342253568,34,15158.4,456535.7,0.417,False,3694.5,nan
2026-10-07 00:29:00,728.2,1.0,26.1,21.4,4.8,22.9,77127680,342417408,34,15158.4,456535.7,0.418,False,nan,nan
2026-10-07 00:29:01,729.2,1.2,26.1,21.3,4.8,22.9,77127680,344457216,34,15158.4,456535.7,0.418,False,nan,nan
2026-10-07 00:29:02,730.2,0.8,26.1,21.2,4.9,22.9,77127680,344457216,34,15158.4,456535.7,0.418,False,nan,nan
2026-10-07 00:29:03,731.2,1.9,25.4,21.2,4.2,22.9,77127680,344551424,34,15158.4,456535.7,0.418,False,nan,nan
2026-10-07 00:29:06,734.1,71.7,25.4,21.3,4.1,23.1,77127680,345763840,34,15158.4,456535.7,0.419,False,nan,nan
2026-10-07 00:29:07,735.1,13.4,25.5,21.3,4.2,23.1,77127680,345763840,34,15158.4,456535.7,0.419,False,3299.8,nan
2026-10-07 00:29:08,736.1,1.1,25.5,21.2,4.2,23.1,77127680,345763840,34,15158.4,456535.7,0.420,False,nan,nan
2026-10-07 00:29:09,737.1,1.0,25.5,21.2,4.3,23.1,77127680,345763840,34,15158.4,456535.7,0.420,False,nan,nan
2026-10-07 00:29:10,738.1,1.8,25.5,21.1,4.4,23.1,77127680,345763840,34,15158.4,456535.7,0.420,False,nan,nan
2026-10-07 00:29:11,739.1,1.8,25.5,21.0,4.4,23.1,77127680,348033024,34,15158.4,456535.7,0.420,False,nan,nan
2026-10-07 00:29:15,742.6,73.0,25.9,21.2,4.7,22.9,77127680,348041216,34,15158.4,456535.7,0.421,False,nan,nan
2026-10-07 00:29:16,743.6,10.8,24.8,21.2,3.7,22.9,77127680,348069888,34,15158.4,456535.7,0.422,False,3803.3,nan
2026-10-07 00:29:17,744.6,1.8,24.7,21.1,3.6,22.9,77127680,350846976,34,15158.4,456535.7,0.422,False,nan,nan
2026-10-07 00:29:18,745.6,1.7,24.7,21.1,3.7,22.9,77127680,350846976,34,15158.4,456535.7,0.422,False,nan,nan
2026-10-07 00:29:19,746.6,1.1,24.7,21.0,3.7,22.9,77127680,350846976,34,15158.4,456535.7,0.422,False,nan,nan
2026-10-07 00:29:20,747.6,1.8,24.7,21.0,3.7,22.9,77127680,350846976,34,15158.4,456535.7,0.423,False,nan,nan
2026-10-07 00:30:03,790.6,80.5,26.0,21.2,4.8,24.1,77127680,357429248,34,15158.4,456535.7,0.433,False,nan,nan
2026-10-07 00:30:04,791.8,82.2,26.6,21.4,5.2,24.2,77127680,357429248,34,15158.4,456535.7,0.434,False,nan,nan
2026-10-07 00:30:05,792.8,74.6,26.6,21.6,4.9,24.2,77127680,357429248,34,15158.4,456535.7,0.434,False,nan,nan
2026-10-07 00:30:06,793.8,49.4,26.0,21.7,4.3,24.1,77127680,357478400,35,15158.4,443492.0,0.434,False,nan,nan
2026-10-07 00:30:07,794.8,4.1,24.9,21.5,3.4,24.1,77127680,357478400,35,15158.4,443492.0,0.434,False,46585.6,nan
2026-10-07 00:30:08,795.8,1.1,23.7,21.5,2.2,24.1,77127680,358653952,35,15158.4,443492.0,0.435,False,nan,nan
2026-10-07 00:30:09,796.8,1.0,23.3,21.4,1.9,24.1,77127680,358764544,35,15158.4,443492.0,0.435,False,nan,nan
2026-10-07 00:30:10,797.8,1.9,23.3,21.4,1.8,24.1,77127680,358764544,35,15158.4,443492.0,0.435,False,nan,nan
2026-10-07 00:30:11,798.8,7.1,23.3,21.4,1.9,24.1,77127680,359124992,35,15158.4,443492.0,0.435,False,nan,nan
2026-10-07 00:30:14,802.4,75.3,24.4,21.6,2.8,22.2,77127680,360194048,35,15158.4,443492.0,0.436,False,nan,nan
2026-10-07 00:30:15,803.4,14.8,24.5,21.7,2.9,22.2,77127680,360198144,35,15158.4,443492.0,0.436,False,3996.0,nan
2026-10-07 00:30:16,804.4,1.1,23.9,21.7,2.3,22.2,77127680,360321024,35,15158.4,443492.0,0.436,False,nan,nan
2026-10-07 00:30:17,805.4,2.0,22.7,21.6,1.1,22.2,77127680,362598400,35,15158.4,443492.0,0.436,False,nan,nan
2026-10-07 00:30:18,806.4,1.2,22.4,21.3,1.1,22.2,77127680,362635264,35,15158.4,443492.0,0.436,False,nan,nan
2026-10-07 00:30:19,807.4,11.7,22.6,21.0,1.5,22.2,77127680,362635264,35,15158.4,443492.0,0.437,False,nan,nan
2026-10-07 00:30:22,809.9,76.9,23.8,21.0,2.8,22.2,77127680,362909696,35,15158.4,443492.0,0.437,False,nan,nan
2026-10-07 00:30:23,810.9,11.6,24.0,20.9,3.1,22.2,77127680,365023232,35,15158.4,443492.0,0.438,False,2988.7,nan
2026-10-07 00:30:24,811.9,1.1,24.0,20.9,3.1,22.2,77127680,365023232,35,15158.4,443492.0,0.438,False,nan,nan
2026-10-07 00:30:25,812.9,1.7,23.0,20.9,2.1,22.2,77127680,365051904,35,15158.4,443492.0,0.438,False,nan,nan
2026-10-07 00:30:26,813.9,1.1,21.8,20.9,0.9,22.2,77127680,365051904,35,15158.4,443492.0,0.438,False,nan,nan
2026-10-07 00:30:27,814.9,10.4,21.9,20.9,1.0,22.2,77127680,365051904,35,15158.4,443492.0,0.439,False,nan,nan
2026-10-07 00:30:31,818.5,74.2,23.1,21.1,1.9,22.1,77127680,366133248,35,15158.4,443492.0,0.440,False,nan,nan
2026-10-07 00:30:32,819.5,7.2,23.2,21.2,2.0,22.1,77127680,366133248,35,15158.4,443492.0,0.440,False,4068.4,nan
2026-10-07 00:30:33,820.5,1.2,23.2,21.2,2.0,22.1,77127680,368386048,35,15158.4,443492.0,0.440,False,nan,nan
2026-10-07 00:30:34,821.5,1.3,23.2,20.9,2.2,22.1,77127680,368386048,35,15158.4,443492.0,0.440,False,nan,nan
2026-10-07 00:30:35,822.5,2.3,22.0,20.7,1.4,22.1,77127680,368386048,35,15158.4,443492.0,0.440,False,nan,nan
2026-10-07 00:30:36,823.5,16.3,22.2,20.7,1.5,22.1,77127680,368414720,35,15158.4,443492.0,0.440,False,nan,nan
2026-10-07 00:31:18,865.9,80.4,23.5,21.0,2.5,23.6,77127680,373571584,35,15158.4,443492.0,0.448,False,nan,nan
2026-10-07 00:31:20,867.9,81.3,24.8,21.2,3.6,23.6,77127680,374390784,35,15158.4,443492.0,0.449,False,nan,nan
2026-10-07 00:31:21,868.9,62.2,25.9,21.4,4.5,23.6,77127680,374390784,36,15158.4,431173.0,0.449,False,nan,nan
2026-10-07 00:31:22,869.9,19.1,26.1,21.5,4.7,23.6,77127680,374390784,36,15158.4,431173.0,0.449,False,46260.8,nan
2026-10-07 00:31:23,870.9,1.1,25.1,21.4,3.6,23.6,77127680,374546432,36,15158.4,431173.0,0.450,False,nan,nan
2026-10-07 00:31:24,871.9,0.9,23.7,21.4,2.3,23.6,77127680,375373824,36,15158.4,431173.0,0.450,False,nan,nan
2026-10-07 00:31:25,872.9,1.1,22.3,21.3,1.1,23.6,77127680,375480320,36,15158.4,431173.0,0.450,False,nan,nan
2026-10-07 00:31:26,873.9,1.0,21.2,21.0,0.1,23.6,77127680,375857152,36,15158.4,431173.0,0.450,False,nan,nan
2026-10-07 00:31:27,874.9,69.6,21.3,21.2,0.1,23.6,77127680,375857152,36,15158.4,431173.0,0.450,False,nan,nan
2026-10-07 00:31:29,877.4,78.7,22.5,21.5,1.0,23.6,77127680,377851904,36,15158.4,431173.0,0.450,False,nan,nan
2026-10-07 00:31:30,878.4,8.7,22.6,21.5,1.1,23.6,77127680,377905152,36,15158.4,431173.0,0.451,False,3795.9,nan
2026-10-07 00:31:31,879.4,1.1,22.6,21.5,1.1,23.6,77127680,378040320,36,15158.4,431173.0,0.451,False,nan,nan
2026-10-07 00:31:32,880.4,1.8,22.6,21.5,1.1,23.6,77127680,378195968,36,15158.4,431173.0,0.451,False,nan,nan
2026-10-07 00:31:33,881.4,1.2,22.6,21.5,1.1,23.6,77127680,378195968,36,15158.4,431173.0,0.451,False,nan,nan
2026-10-07 00:31:34,882.4,18.9,21.9,21.5,0.4,23.6,77127680,379097088,36,15158.4,431173.0,0.452,False,nan,nan
2026-10-07 00:31:37,884.8,75.3,21.9,21.6,0.3,23.6,77127680,379240448,36,15158.4,431173.0,0.452,False,nan,nan
2026-10-07 00:31:38,885.9,11.6,21.9,21.5,0.3,23.6,77127680,379252736,36,15158.4,431173.0,0.452,False,3050.0,nan
2026-10-07 00:31:39,886.9,1.0,21.9,21.5,0.4,23.6,77127680,379252736,36,15158.4,431173.0,0.452,False,nan,nan
2026-10-07 00:31:40,887.9,1.1,21.9,21.5,0.4,23.6,77127680,382124032,36,15158.4,431173.0,0.452,False,nan,nan
2026-10-07 00:31:41,888.9,1.1,21.9,21.5,0.4,23.6,77127680,382124032,36,15158.4,431173.0,0.452,False,nan,nan
2026-10-07 00:31:42,889.9,18.6,22.2,21.6,0.6,23.6,77127680,382234624,36,15158.4,431173.0,0.453,False,nan,nan
2026-10-07 00:31:45,893.4,72.4,22.2,21.8,0.4,23.4,77127680,383938560,36,15158.4,431173.0,0.454,False,nan,nan
2026-10-07 00:31:46,894.4,8.3,22.1,21.8,0.3,23.4,77127680,383967232,36,15158.4,431173.0,0.454,False,4097.7,nan
2026-10-07 00:31:47,895.4,2.2,22.1,21.6,0.5,23.4,77127680,384086016,36,15158.4,431173.0,0.454,False,nan,nan
2026-10-07 00:31:48,896.4,1.1,22.1,21.4,0.8,23.4,77127680,384086016,36,15158.4,431173.0,0.454,False,nan,nan
2026-10-07 00:31:49,897.4,1.2,22.1,21.1,1.0,23.4,77127680,385454080,36,15158.4,431173.0,0.454,False,nan,nan
2026-10-07 00:31:50,898.4,24.9,22.5,21.2,1.3,23.5,77127680,386084864,36,15158.4,431173.0,0.454,False,nan,nan
2026-10-07 00:32:33,941.1,80.2,22.6,21.4,1.2,24.4,77127680,391258112,36,15158.4,431173.0,0.460,True,nan,nan
2026-10-07 00:32:34,942.1,85.4,23.9,21.7,2.1,24.4,77127680,391278592,36,15158.4,431173.0,0.461,True,nan,nan
2026-10-07 00:32:35,943.1,78.8,25.1,22.0,3.2,24.4,77127680,391323648,36,15158.4,431173.0,0.461,True,nan,nan
2026-10-07 00:32:36,944.1,59.2,26.1,22.2,3.9,24.4,77127680,392208384,37,15158.4,419519.9,0.461,True,nan,nan
2026-10-07 00:32:37,945.1,13.1,26.3,22.2,4.1,24.4,77127680,392208384,37,15158.4,419519.9,0.461,True,nan,46570.4
2026-10-07 00:32:38,946.1,6.5,26.4,22.2,4.2,24.4,77127680,392208384,37,15158.4,419519.9,0.461,True,nan,nan
2026-10-07 00:32:39,947.1,5.9,25.1,22.0,3.1,24.4,77127680,392208384,37,15158.4,419519.9,0.461,True,nan,nan
2026-10-07 00:32:40,948.1,6.3,23.9,21.7,2.1,24.4,77127680,392318976,37,15158.4,419519.9,0.461,True,nan,nan
2026-10-07 00:32:41,949.1,17.0,22.9,21.7,1.2,24.4,77127680,393281536,37,15158.4,419519.9,0.461,True,nan,nan
2026-10-07 00:32:45,952.6,80.3,23.4,22.0,1.4,24.4,77127680,393334784,37,15158.4,419519.9,0.462,True,nan,nan
2026-10-07 00:32:46,953.6,15.0,23.6,22.0,1.6,24.4,77127680,393334784,37,15158.4,419519.9,0.462,True,nan,4013.9
2026-10-07 00:32:47,954.6,3.4,23.6,22.0,1.6,24.4,77127680,401403904,33,15158.4,470370.0,0.462,False,nan,nan
2026-10-07 00:32:48,955.6,1.8,23.7,22.0,1.6,24.4,77127680,401403904,33,15158.4,470370.0,0.462,False,nan,nan
2026-10-07 00:32:49,956.6,2.0,23.7,22.0,1.6,24.4,77127680,401719296,33,15158.4,470370.0,0.462,False,nan,nan
2026-10-07 00:32:50,957.6,22.3,23.9,22.1,1.8,24.4,77127680,401903616,33,15158.4,470370.0,0.463,False,nan,nan
2026-10-07 00:32:52,960.3,70.8,23.8,22.1,1.7,24.5,77127680,506753024,33,15158.4,470370.0,0.463,False,nan,nan
2026-10-07 00:32:53,961.3,7.1,23.7,22.1,1.6,24.5,77127680,506753024,33,15158.4,470370.0,0.463,False,3322.5,nan
2026-10-07 00:32:54,962.3,1.1,23.7,22.1,1.6,24.5,77127680,506753024,33,15158.4,470370.0,0.463,False,nan,nan
2026-10-07 00:32:55,963.3,1.4,23.7,22.1,1.6,24.5,77127680,506793984,33,15158.4,470370.0,0.463,False,nan,nan
2026-10-07 00:32:56,964.3,1.3,23.7,22.1,1.6,24.5,77127680,508325888,33,15158.4,470370.0,0.463,False,nan,nan
2026-10-07 00:32:57,965.3,29.5,24.0,22.2,1.8,24.5,77127680,508325888,33,15158.4,470370.0,0.463,False,nan,nan
2026-10-07 00:33:00,968.4,74.5,24.0,22.4,1.6,24.3,77127680,508354560,33,15158.4,470370.0,0.464,False,nan,nan
2026-10-07 00:33:01,969.4,8.3,23.9,22.4,1.5,24.3,77127680,510586880,33,15158.4,470370.0,0.464,False,3785.3,nan
2026-10-07 00:33:02,970.4,1.1,23.9,22.1,1.8,24.3,77127680,510586880,33,15158.4,470370.0,0.464,False,nan,nan
2026-10-07 00:33:03,971.4,1.0,23.9,22.1,1.8,24.3,77127680,510586880,33,15158.4,470370.0,0.464,False,nan,nan
2026-10-07 00:33:04,972.4,1.0,23.9,22.1,1.8,24.2,77127680,510586880,33,15158.4,470370.0,0.464,False,nan,nan
2026-10-07 00:33:05,973.4,29.2,24.2,22.2,2.0,24.2,77127680,510603264,33,15158.4,470370.0,0.464,False,nan,nan
2026-10-07 00:33:49,1016.9,80.4,24.3,22.4,1.9,25.1,77127680,517357568,33,15158.4,470370.0,0.469,False,nan,nan
2026-10-07 00:33:50,1018.2,81.7,25.5,22.7,2.9,25.1,77127680,517390336,33,15158.4,470370.0,0.469,False,nan,nan
2026-10-07 00:33:51,1019.2,60.8,26.5,22.9,3.7,25.1,77127680,517390336,33,15158.4,470370.0,0.469,False,nan,nan
2026-10-07 00:33:52,1020.2,4.5,26.6,22.8,3.8,25.1,77127680,518139904,34,15158.4,456535.8,0.469,False,46705.1,nan
2026-10-07 00:33:53,1021.2,1.0,26.6,22.5,4.0,25.1,77127680,518139904,34,15158.4,456535.8,0.469,False,nan,nan
2026-10-07 00:33:54,1022.2,1.2,26.3,22.4,4.0,25.1,77127680,518139904,34,15158.4,456535.8,0.469,False,nan,nan
2026-10-07 00:33:55,1023.2,1.2,25.0,22.3,2.7,25.1,77127680,518606848,34,15158.4,456535.8,0.469,False,nan,nan
2026-10-07 00:33:56,1024.2,22.3,24.0,22.4,1.6,25.0,77127680,518606848,34,15158.4,456535.8,0.469,False,nan,nan
2026-10-07 00:33:59,1027.3,78.6,24.3,22.6,1.6,25.1,77127680,519884800,34,15158.4,456535.8,0.470,False,nan,nan
2026-10-07 00:34:00,1028.3,13.6,24.2,22.7,1.5,25.1,77127680,519995392,34,15158.4,456535.8,0.470,False,3708.4,nan
2026-10-07 00:34:01,1029.3,1.7,24.2,22.7,1.5,25.1,77127680,519995392,34,15158.4,456535.8,0.470,False,nan,nan
2026-10-07 00:34:02,1030.3,1.4,24.2,22.7,1.5,25.1,77127680,519995392,34,15158.4,456535.8,0.470,False,nan,nan
2026-10-07 00:34:03,1031.3,1.0,24.2,22.6,1.6,25.1,77127680,521576448,34,15158.4,456535.8,0.470,False,nan,nan
2026-10-07 00:34:04,1032.3,27.9,24.7,22.5,2.2,25.1,77127680,521605120,34,15158.4,456535.8,0.470,False,nan,nan
2026-10-07 00:34:07,1034.8,70.9,24.7,22.7,2.0,25.1,77127680,521691136,34,15158.4,456535.8,0.470,False,nan,nan
2026-10-07 00:34:08,1035.8,8.7,23.5,22.7,0.8,25.1,77127680,523919360,34,15158.4,456535.8,0.471,False,3204.1,nan
2026-10-07 00:34:09,1036.8,1.4,23.4,22.7,0.7,25.1,77127680,523919360,34,15158.4,456535.8,0.471,False,nan,nan
2026-10-07 00:34:10,1037.8,0.9,23.4,22.7,0.7,25.1,77127680,524451840,34,15158.4,456535.8,0.471,False,nan,nan
2026-10-07 00:34:11,1038.8,0.9,23.4,22.7,0.7,25.1,77127680,524451840,34,15158.4,456535.8,0.471,False,nan,nan
2026-10-07 00:34:12,1039.8,32.4,23.9,22.8,1.1,25.1,77127680,524451840,34,15158.4,456535.8,0.471,False,nan,nan
2026-10-07 00:34:15,1042.9,73.8,24.8,22.9,1.9,24.9,77127680,525897728,34,15158.4,456535.8,0.471,False,nan,nan
2026-10-07 00:34:16,1043.9,7.5,23.7,22.7,1.0,24.9,77127680,526024704,34,15158.4,456535.8,0.471,False,3855.5,nan
2026-10-07 00:34:17,1044.9,1.0,23.5,22.7,0.8,24.9,77127680,526024704,34,15158.4,456535.8,0.471,False,nan,nan
2026-10-07 00:34:18,1045.9,1.5,23.5,22.7,0.8,24.9,77127680,527630336,34,15158.4,456535.8,0.471,False,nan,nan
2026-10-07 00:34:19,1046.9,1.2,23.5,22.7,0.8,24.9,77127680,527642624,34,15158.4,456535.8,0.471,False,nan,nan
2026-10-07 00:34:20,1047.9,32.6,24.0,22.8,1.2,25.1,77127680,527671296,34,15158.4,456535.8,0.471,False,nan,nan
2026-10-07 00:35:02,1090.2,80.1,25.1,23.1,2.0,25.5,77127680,533839872,34,15158.4,456535.8,0.474,False,nan,nan
2026-10-07 00:35:03,1091.4,81.4,25.2,23.3,1.9,25.6,77127680,533839872,34,15158.4,456535.8,0.474,False,nan,nan
2026-10-07 00:35:04,1092.4,73.1,26.3,23.4,2.9,25.5,77127680,534491136,34,15158.4,456535.8,0.474,False,nan,nan
2026-10-07 00:35:05,1093.4,53.3,27.1,23.3,3.8,25.5,77127680,534843392,35,15158.4,443492.2,0.474,False,nan,nan
2026-10-07 00:35:06,1094.4,4.1,27.2,23.3,3.9,25.5,77127680,534843392,35,15158.4,443492.2,0.474,False,46423.0,nan
2026-10-07 00:35:07,1095.4,1.4,27.2,23.3,3.9,25.5,77127680,534843392,35,15158.4,443492.2,0.474,False,nan,nan
2026-10-07 00:35:08,1096.4,1.4,26.8,23.3,3.5,25.5,77127680,534843392,35,15158.4,443492.2,0.475,False,nan,nan
2026-10-07 00:35:09,1097.4,1.5,25.5,23.3,2.2,25.5,77127680,535937024,35,15158.4,443492.2,0.475,False,nan,nan
2026-10-07 00:35:10,1098.4,23.5,24.5,23.4,1.1,25.5,77127680,536125440,35,15158.4,443492.2,0.475,False,nan,nan
2026-10-07 00:35:14,1101.5,78.6,24.5,23.6,0.8,25.4,77127680,536125440,35,15158.4,443492.2,0.475,False,nan,nan
2026-10-07 00:35:15,1102.5,9.0,23.6,23.5,0.1,25.4,77127680,538185728,35,15158.4,443492.2,0.475,False,3767.4,nan
2026-10-07 00:35:16,1103.5,1.2,23.4,23.3,0.1,25.4,77127680,538349568,35,15158.4,443492.2,0.475,False,nan,nan
2026-10-07 00:35:17,1104.5,1.2,23.3,23.0,0.3,25.4,77127680,538349568,35,15158.4,443492.2,0.475,False,nan,nan
2026-10-07 00:35:18,1105.5,1.9,23.3,22.7,0.5,25.4,77127680,538349568,35,15158.4,443492.2,0.475,False,nan,nan
2026-10-07 00:35:19,1106.5,34.6,23.7,22.7,1.1,25.6,77127680,538349568,35,15158.4,443492.2,0.475,False,nan,nan
2026-10-07 00:35:21,1108.7,73.9,24.7,22.9,1.8,25.5,77127680,539779072,35,15158.4,443492.2,0.475,False,nan,nan
2026-10-07 00:35:22,1109.7,11.0,23.5,22.9,0.6,25.5,77127680,539901952,35,15158.4,443492.2,0.475,False,3063.8,nan
2026-10-07 00:35:23,1110.8,1.2,23.3,22.9,0.4,25.5,77127680,539901952,35,15158.4,443492.2,0.475,False,nan,nan
2026-10-07 00:35:24,1111.8,1.1,23.3,22.9,0.4,25.5,77127680,539901952,35,15158.4,443492.2,0.475,False,nan,nan
2026-10-07 00:35:25,1112.8,1.5,23.3,22.8,0.4,25.5,77127680,541487104,35,15158.4,443492.2,0.475,False,nan,nan
2026-10-07 00:35:26,1113.8,30.8,23.7,22.9,0.8,25.5,77127680,541515776,35,15158.4,443492.2,0.475,False,nan,nan
2026-10-07 00:35:29,1117.0,72.3,24.6,22.9,1.7,25.4,77127680,542998528,35,15158.4,443492.2,0.476,False,nan,nan
2026-10-07 00:35:30,1118.0,11.9,23.6,22.9,0.7,25.4,77127680,544886784,35,15158.4,443492.2,0.476,False,4107.3,nan
2026-10-07 00:35:31,1119.0,0.9,23.5,22.9,0.6,25.4,77127680,545026048,35,15158.4,443492.2,0.476,False,nan,nan
2026-10-07 00:35:32,1120.0,1.2,23.5,22.9,0.6,25.4,77127680,545026048,35,15158.4,443492.2,0.476,False,nan,nan
2026-10-07 00:35:33,1121.0,1.2,23.5,22.9,0.6,25.4,77127680,545026048,35,15158.4,443492.2,0.476,False,nan,nan
2026-10-07 00:35:34,1122.0,29.6,24.0,23.0,1.0,25.4,77127680,545026048,35,15158.4,443492.2,0.476,False,nan,nan
2026-10-07 00:36:16,1164.5,80.4,24.8,23.2,1.6,25.5,77127680,550817792,35,15158.4,443492.2,0.477,False,nan,nan
2026-10-07 00:36:17,1165.5,72.1,24.8,23.3,1.5,26.1,77127680,550817792,35,15158.4,443492.2,0.477,False,nan,nan
2026-10-07 00:36:18,1166.5,76.8,25.9,23.3,2.6,26.1,77127680,550879232,35,15158.4,443492.2,0.477,False,nan,nan
2026-10-07 00:36:19,1167.5,56.5,26.8,23.4,3.4,26.1,77127680,550879232,36,15158.4,431173.2,0.478,False,nan,nan
2026-10-07 00:36:20,1168.5,7.7,26.9,23.5,3.5,26.1,77127680,550891520,36,15158.4,431173.2,0.478,False,46502.0,nan
2026-10-07 00:36:21,1169.5,2.0,27.0,23.5,3.5,26.1,77127680,552300544,36,15158.4,431173.2,0.478,False,nan,nan
2026-10-07 00:36:22,1170.5,1.6,26.5,23.5,3.0,26.1,77127680,552300544,36,15158.4,431173.2,0.478,False,nan,nan
2026-10-07 00:36:24,1171.5,1.0,25.2,23.5,1.7,26.1,77127680,552779776,36,15158.4,431173.2,0.478,False,nan,nan
2026-10-07 00:36:25,1172.5,14.2,24.1,23.5,0.6,26.1,77127680,552779776,36,15158.4,431173.2,0.478,False,nan,nan
2026-10-07 00:36:28,1175.7,78.6,24.3,23.5,0.8,26.0,77127680,553676800,36,15158.4,431173.2,0.478,False,nan,nan
2026-10-07 00:36:29,1176.7,9.9,24.4,23.5,0.9,26.0,77127680,553676800,36,15158.4,431173.2,0.478,False,3735.7,nan
2026-10-07 00:36:30,1177.7,1.4,24.4,23.5,0.9,26.0,77127680,553676800,36,15158.4,431173.2,0.478,False,nan,nan
2026-10-07 00:36:31,1178.7,1.8,24.5,23.5,0.9,26.0,77127680,553676800,36,15158.4,431173.2,0.478,False,nan,nan
2026-10-07 00:36:32,1179.7,1.3,24.5,23.5,0.9,26.0,77127680,555655168,36,15158.4,431173.2,0.478,False,nan,nan
2026-10-07 00:36:33,1180.7,37.3,24.7,23.6,1.1,26.0,77127680,555778048,36,15158.4,431173.2,0.478,False,nan,nan
2026-10-07 00:36:35,1182.9,73.6,24.6,23.9,0.7,26.0,77127680,555786240,36,15158.4,431173.2,0.478,False,nan,nan
2026-10-07 00:36:36,1183.9,7.6,24.5,23.6,0.9,26.0,77127680,555786240,36,15158.4,431173.2,0.478,False,2962.1,nan
2026-10-07 00:36:37,1184.9,1.4,24.5,23.4,1.1,26.0,77127680,557887488,36,15158.4,431173.2,0.478,False,nan,nan
2026-10-07 00:36:38,1185.9,1.1,24.5,23.2,1.3,26.0,77127680,557887488,36,15158.4,431173.2,0.478,False,nan,nan
2026-10-07 00:36:39,1186.9,1.2,24.5,23.2,1.3,26.0,77127680,557903872,36,15158.4,431173.2,0.478,False,nan,nan
2026-10-07 00:36:40,1187.9,39.5,24.7,23.3,1.4,26.0,77127680,558153728,36,15158.4,431173.2,0.478,False,nan,nan
2026-10-07 00:36:43,1191.2,72.1,24.7,23.6,1.2,25.8,77127680,559038464,36,15158.4,431173.2,0.478,False,nan,nan
2026-10-07 00:36:44,1192.2,8.2,24.7,23.6,1.1,25.8,77127680,559038464,36,15158.4,431173.2,0.478,False,4174.9,nan
2026-10-07 00:36:45,1193.2,1.3,24.7,23.6,1.1,25.8,77127680,559837184,36,15158.4,431173.2,0.478,False,nan,nan
2026-10-07 00:36:46,1194.2,1.2,24.7,23.6,1.1,25.8,77127680,559837184,36,15158.4,431173.2,0.478,False,nan,nan
2026-10-07 00:36:47,1195.2,1.1,24.7,23.3,1.4,25.8,77127680,560832512,36,15158.4,431173.2,0.478,False,nan,nan
2026-10-07 00:36:48,1196.2,39.1,24.8,23.4,1.4,25.8,77127680,560848896,36,15158.4,431173.2,0.478,False,nan,nan
2026-10-07 00:37:31,1238.6,80.5,25.0,23.7,1.3,26.0,77127680,567185408,36,15158.4,431173.2,0.479,False,nan,nan
2026-10-07 00:37:32,1239.8,81.6,26.2,24.0,2.2,26.0,77127680,567607296,36,15158.4,431173.2,0.479,False,nan,nan
2026-10-07 00:37:33,1240.8,68.5,27.3,24.2,3.1,26.0,77127680,567840768,36,15158.4,431173.2,0.479,False,nan,nan
2026-10-07 00:37:34,1241.8,26.8,27.7,24.3,3.5,25.9,77127680,567840768,37,15158.4,419520.1,0.479,True,46169.0,nan
2026-10-07 00:37:35,1242.8,6.0,27.8,24.3,3.5,25.9,77127680,567840768,37,15158.4,419520.1,0.479,True,nan,nan
2026-10-07 00:37:36,1243.8,6.1,27.4,24.1,3.3,25.9,77127680,567848960,37,15158.4,419520.1,0.479,True,nan,nan
2026-10-07 00:37:37,1244.8,6.4,26.1,24.0,2.1,25.9,77127680,567848960,37,15158.4,419520.1,0.479,True,nan,nan
2026-10-07 00:37:38,1245.8,6.1,24.9,24.1,0.8,25.9,77127680,568967168,37,15158.4,419520.1,0.479,True,nan,nan
2026-10-07 00:37:39,1246.9,65.2,24.8,24.3,0.5,26.0,77127680,568967168,37,15158.4,419520.1,0.479,True,nan,nan
2026-10-07 00:37:42,1250.0,74.0,25.1,24.5,0.6,25.7,77127680,569683968,37,15158.4,419520.1,0.479,True,nan,nan
2026-10-07 00:37:43,1251.0,14.1,25.3,24.5,0.7,25.7,77127680,571244544,37,15158.4,419520.1,0.479,True,nan,4280.3
2026-10-07 00:37:44,1252.0,7.1,25.4,24.6,0.8,25.7,77127680,571244544,37,15158.4,419520.1,0.479,True,nan,nan
2026-10-07 00:37:45,1253.0,6.3,25.4,24.3,1.1,25.6,77127680,571244544,32,15158.4,485069.3,0.479,False,nan,nan
2026-10-07 00:37:46,1254.0,1.5,25.4,24.3,1.1,25.6,77127680,571244544,32,15158.4,485069.3,0.479,False,nan,nan
2026-10-07 00:37:47,1255.0,36.1,25.7,24.4,1.2,25.6,77127680,571785216,32,15158.4,485069.3,0.479,False,nan,nan
2026-10-07 00:37:49,1257.2,74.2,25.6,24.7,0.9,25.7,77127680,572764160,32,15158.4,485069.3,0.479,False,nan,nan
2026-10-07 00:37:50,1258.2,7.5,25.6,24.7,0.9,25.7,77127680,572764160,32,15158.4,485069.3,0.479,False,2937.1,nan
2026-10-07 00:37:51,1259.2,2.3,25.6,24.7,0.9,25.7,77127680,572768256,32,15158.4,485069.3,0.479,False,nan,nan
2026-10-07 00:37:52,1260.2,1.0,25.6,24.7,0.9,25.7,77127680,572923904,32,15158.4,485069.3,0.479,False,nan,nan
2026-10-07 00:37:53,1261.2,1.0,25.6,24.4,1.2,25.7,77127680,574492672,32,15158.4,485069.3,0.479,False,nan,nan
2026-10-07 00:37:54,1262.2,42.4,25.7,24.3,1.4,25.7,77127680,574492672,32,15158.4,485069.3,0.479,False,nan,nan
2026-10-07 00:37:57,1265.1,73.8,25.7,24.3,1.4,25.5,77127680,574492672,32,15158.4,485069.3,0.479,False,nan,nan
2026-10-07 00:37:58,1266.1,10.0,25.7,24.2,1.5,25.5,77127680,576909312,32,15158.4,485069.3,0.479,False,3838.2,nan
2026-10-07 00:37:59,1267.1,1.0,25.7,24.2,1.5,25.5,77127680,576909312,32,15158.4,485069.3,0.479,False,nan,nan
2026-10-07 00:38:00,1268.1,1.6,25.7,24.2,1.5,25.5,77127680,576909312,32,15158.4,485069.3,0.479,False,nan,nan
2026-10-07 00:38:01,1269.1,1.1,25.7,24.2,1.5,25.5,77127680,576909312,32,15158.4,485069.3,0.479,False,nan,nan
2026-10-07 00:38:02,1270.1,35.7,25.7,24.3,1.5,25.6,77127680,577441792,32,15158.4,485069.3,0.479,False,nan,nan
2026-10-07 00:38:45,1313.0,80.1,25.9,24.6,1.3,25.7,77127680,693178368,32,15158.4,485069.3,0.479,False,nan,nan
2026-10-07 00:38:46,1314.0,79.3,27.0,24.7,2.3,25.7,77127680,693207040,32,15158.4,485069.3,0.479,False,nan,nan
2026-10-07 00:38:47,1315.0,66.1,28.1,24.6,3.5,25.7,77127680,693207040,32,15158.4,485069.3,0.479,False,nan,nan
2026-10-07 00:38:48,1316.0,23.6,28.5,24.7,3.8,25.6,77127680,693207040,33,15158.4,470370.5,0.479,False,46443.2,nan
2026-10-07 00:38:49,1317.0,1.3,28.5,24.7,3.8,25.6,77127680,693583872,33,15158.4,470370.5,0.479,False,nan,nan
2026-10-07 00:38:50,1318.0,1.3,28.0,24.7,3.3,25.6,77127680,694722560,33,15158.4,470370.5,0.479,False,nan,nan
2026-10-07 00:38:51,1319.0,1.4,26.7,24.7,2.0,25.6,77127680,695050240,33,15158.4,470370.5,0.479,False,nan,nan
2026-10-07 00:38:52,1320.0,1.0,25.5,24.7,0.8,25.6,77127680,695173120,33,15158.4,470370.5,0.479,False,nan,nan
2026-10-07 00:38:53,1321.0,61.9,25.2,24.8,0.4,25.6,77127680,695173120,33,15158.4,470370.5,0.479,False,nan,nan
2026-10-07 00:38:56,1323.6,77.9,25.6,24.8,0.8,25.6,77127680,696475648,33,15158.4,470370.5,0.479,False,nan,nan
2026-10-07 00:38:57,1324.6,14.6,25.7,24.8,0.9,25.6,77127680,696508416,33,15158.4,470370.5,0.479,False,3713.0,nan
2026-10-07 00:38:58,1325.6,0.9,25.7,24.8,0.9,25.6,77127680,696508416,33,15158.4,470370.5,0.479,False,nan,nan
2026-10-07 00:38:59,1326.6,1.3,25.7,24.8,0.9,25.6,77127680,696508416,33,15158.4,470370.5,0.479,False,nan,nan
2026-10-07 00:39:00,1327.6,1.1,25.7,24.8,0.9,25.6,77127680,697925632,33,15158.4,470370.5,0.479,False,nan,nan
2026-10-07 00:39:01,1328.6,33.4,26.0,24.9,1.1,25.6,77127680,698019840,33,15158.4,470370.5,0.479,False,nan,nan
2026-10-07 00:39:03,1331.2,66.2,25.8,25.1,0.8,26.5,77127680,698060800,33,15158.4,470370.5,0.479,False,nan,nan
2026-10-07 00:39:04,1332.2,9.4,25.8,24.9,0.9,26.5,77127680,698060800,33,15158.4,470370.5,0.479,False,3345.8,nan
2026-10-07 00:39:05,1333.2,1.4,25.8,24.8,1.0,26.5,77127680,700395520,33,15158.4,470370.5,0.479,False,nan,nan
2026-10-07 00:39:06,1334.2,0.9,25.8,24.8,1.0,26.5,77127680,700395520,33,15158.4,470370.5,0.479,False,nan,nan
2026-10-07 00:39:07,1335.2,1.7,25.8,24.8,1.0,26.5,77127680,700395520,33,15158.4,470370.5,0.479,False,nan,nan
2026-10-07 00:39:08,1336.2,38.0,25.8,24.9,0.9,26.5,77127680,700424192,33,15158.4,470370.5,0.479,False,nan,nan
2026-10-07 00:39:11,1339.2,74.8,25.8,25.2,0.6,26.4,77127680,702156800,33,15158.4,470370.5,0.479,False,nan,nan
2026-10-07 00:39:12,1340.2,9.1,25.8,25.1,0.7,26.4,77127680,702156800,33,15158.4,470370.5,0.479,False,3882.1,nan
2026-10-07 00:39:13,1341.2,1.1,25.8,24.8,1.0,26.4,77127680,702185472,33,15158.4,470370.5,0.479,False,nan,nan
2026-10-07 00:39:14,1342.2,0.9,25.8,24.6,1.3,26.4,77127680,702185472,33,15158.4,470370.5,0.479,False,nan,nan
2026-10-07 00:39:15,1343.2,1.1,25.8,24.3,1.5,26.4,77127680,703496192,33,15158.4,470370.5,0.479,False,nan,nan
2026-10-07 00:39:16,1344.2,37.0,25.8,24.3,1.5,26.5,77127680,703582208,33,15158.4,470370.5,0.479,False,nan,nan
2026-10-07 00:39:59,1386.6,80.1,25.9,24.6,1.4,27.0,77127680,709038080,33,15158.4,470370.5,0.479,False,nan,nan
2026-10-07 00:40:00,1387.6,79.8,27.1,24.8,2.3,27.0,77127680,709038080,33,15158.4,470370.5,0.479,False,nan,nan
2026-10-07 00:40:01,1388.6,76.4,28.4,25.1,3.3,27.0,77127680,709079040,33,15158.4,470370.5,0.479,False,nan,nan
2026-10-07 00:40:02,1389.7,47.5,29.1,25.2,3.9,27.0,77127680,710250496,34,15158.4,456536.3,0.479,False,nan,nan
2026-10-07 00:40:03,1390.7,6.5,29.2,25.2,4.0,27.0,77127680,710250496,34,15158.4,456536.3,0.479,False,46437.0,nan
2026-10-07 00:40:04,1391.7,0.9,28.6,25.0,3.6,27.0,77127680,710250496,34,15158.4,456536.3,0.479,False,nan,nan
2026-10-07 00:40:05,1392.7,1.5,27.3,24.8,2.5,27.0,77127680,710373376,34,15158.4,456536.3,0.479,False,nan,nan
2026-10-07 00:40:06,1393.7,1.0,25.9,24.7,1.2,27.0,77127680,710373376,34,15158.4,456536.3,0.479,False,nan,nan
2026-10-07 00:40:07,1394.7,28.0,25.3,24.8,0.4,27.0,77127680,711344128,34,15158.4,456536.3,0.479,False,nan,nan
2026-10-07 00:40:10,1397.7,78.2,26.1,25.1,1.0,27.0,77127680,711487488,34,15158.4,456536.3,0.479,False,nan,nan
2026-10-07 00:40:11,1398.7,9.4,26.2,25.1,1.1,27.0,77127680,711487488,34,15158.4,456536.3,0.479,False,3760.1,nan
2026-10-07 00:40:12,1399.7,1.5,26.1,25.1,1.0,27.0,77127680,714461184,34,15158.4,456536.3,0.479,False,nan,nan
2026-10-07 00:40:13,1400.7,1.1,26.0,25.0,1.1,27.0,77127680,714461184,34,15158.4,456536.3,0.479,False,nan,nan
2026-10-07 00:40:14,1401.7,1.1,25.9,24.7,1.2,27.0,77127680,714461184,34,15158.4,456536.3,0.479,False,nan,nan
2026-10-07 00:40:15,1402.7,33.5,25.4,24.8,0.6,27.0,77127680,714493952,34,15158.4,456536.3,0.479,False,nan,nan
2026-10-07 00:40:17,1404.9,74.1,25.4,25.0,0.4,27.0,77127680,716075008,34,15158.4,456536.3,0.479,False,nan,nan
2026-10-07 00:40:18,1405.9,9.5,25.3,25.1,0.3,27.0,77127680,716075008,34,15158.4,456536.3,0.479,False,3018.2,nan
2026-10-07 00:40:19,1406.9,1.1,25.2,25.1,0.2,27.0,77127680,716075008,34,15158.4,456536.3,0.479,False,nan,nan
2026-10-07 00:40:20,1407.9,1.0,25.1,25.1,0.1,27.0,77127680,716103680,34,15158.4,456536.3,0.479,False,nan,nan
2026-10-07 00:40:21,1408.9,1.1,25.1,24.9,0.2,27.0,77127680,716103680,34,15158.4,456536.3,0.479,False,nan,nan
2026-10-07 00:40:22,1409.9,35.8,25.1,24.8,0.3,27.0,77127680,717856768,34,15158.4,456536.3,0.479,False,nan,nan
2026-10-07 00:40:25,1413.2,71.6,25.1,25.0,0.1,26.8,77127680,717885440,34,15158.4,456536.3,0.479,False,nan,nan
2026-10-07 00:40:26,1414.2,5.9,25.1,25.0,0.0,26.8,77127680,717885440,34,15158.4,456536.3,0.479,False,4042.4,nan
2026-10-07 00:40:27,1415.2,1.0,25.0,25.0,0.0,26.8,77127680,720343040,34,15158.4,456536.3,0.479,False,nan,nan
2026-10-07 00:40:28,1416.2,1.0,25.0,25.0,0.0,26.8,77127680,720343040,34,15158.4,456536.3,0.479,False,nan,nan
2026-10-07 00:40:29,1417.2,1.6,25.0,25.0,0.0,26.8,77127680,720343040,34,15158.4,456536.3,0.479,False,nan,nan
2026-10-07 00:40:30,1418.2,42.4,25.0,25.0,0.0,26.9,77127680,720371712,34,15158.4,456536.3,0.479,False,nan,nan
2026-10-07 00:41:12,1460.2,80.4,25.2,25.0,0.2,27.0,77127680,725671936,34,15158.4,456536.3,0.480,False,nan,nan
2026-10-07 00:41:13,1461.2,81.7,26.3,25.0,1.4,27.0,77127680,726319104,34,15158.4,456536.3,0.480,False,nan,nan
2026-10-07 00:41:14,1462.2,77.0,27.6,25.0,2.6,27.0,77127680,726384640,34,15158.4,456536.3,0.480,False,nan,nan
2026-10-07 00:41:15,1463.2,62.2,28.6,25.0,3.7,27.0,77127680,726384640,35,15158.4,443492.6,0.480,False,nan,nan
2026-10-07 00:41:16,1464.2,7.3,28.7,24.9,3.8,27.0,77127680,726384640,35,15158.4,443492.6,0.480,False,46144.0,nan
2026-10-07 00:41:17,1465.2,1.5,28.2,24.9,3.2,27.0,77127680,726384640,35,15158.4,443492.6,0.480,False,nan,nan
2026-10-07 00:41:18,1466.2,1.5,26.8,24.9,2.0,27.0,77127680,727105536,35,15158.4,443492.6,0.480,False,nan,nan
2026-10-07 00:41:19,1467.2,1.3,25.5,24.9,0.7,27.0,77127680,727105536,35,15158.4,443492.6,0.480,False,nan,nan
2026-10-07 00:41:20,1468.2,16.0,24.7,24.9,-0.2,27.0,77127680,727584768,35,15158.4,443492.6,0.480,False,nan,nan
2026-10-07 00:41:23,1471.4,78.3,25.6,25.0,0.6,27.0,77127680,729632768,35,15158.4,443492.6,0.480,False,nan,nan
2026-10-07 00:41:24,1472.4,9.1,25.8,24.8,0.9,27.0,77127680,729808896,35,15158.4,443492.6,0.480,False,3794.8,nan
2026-10-07 00:41:25,1473.4,1.1,25.8,24.8,1.0,27.0,77127680,729808896,35,15158.4,443492.6,0.480,False,nan,nan
2026-10-07 00:41:26,1474.4,0.9,25.7,24.8,1.0,27.0,77127680,729808896,35,15158.4,443492.6,0.480,False,nan,nan
2026-10-07 00:41:27,1475.4,1.0,25.7,24.8,1.0,27.0,77127680,729808896,35,15158.4,443492.6,0.480,False,nan,nan
2026-10-07 00:41:28,1476.4,35.5,25.3,24.9,0.4,27.0,77127680,730714112,35,15158.4,443492.6,0.480,False,nan,nan
2026-10-07 00:41:31,1478.9,68.6,25.1,25.1,0.1,28.0,77127680,730824704,35,15158.4,443492.6,0.480,False,nan,nan
2026-10-07 00:41:32,1479.9,11.6,25.1,24.9,0.2,28.0,77127680,730824704,35,15158.4,443492.6,0.480,False,3335.0,nan
2026-10-07 00:41:33,1480.9,2.8,25.1,24.7,0.4,28.0,77127680,731131904,35,15158.4,443492.6,0.480,False,nan,nan
2026-10-07 00:41:34,1481.9,1.4,25.1,24.7,0.5,28.0,77127680,734154752,35,15158.4,443492.6,0.480,False,nan,nan
2026-10-07 00:41:35,1482.9,1.6,25.1,24.7,0.5,28.0,77127680,734285824,35,15158.4,443492.6,0.480,False,nan,nan
2026-10-07 00:41:36,1483.9,33.4,25.1,24.8,0.4,28.0,77127680,734285824,35,15158.4,443492.6,0.480,False,nan,nan
2026-10-07 00:41:39,1486.9,74.5,25.3,25.0,0.3,27.8,77127680,735756288,35,15158.4,443492.6,0.480,False,nan,nan
2026-10-07 00:41:40,1487.9,7.5,25.2,25.0,0.2,27.8,77127680,736231424,35,15158.4,443492.6,0.480,False,3841.4,nan
2026-10-07 00:41:41,1488.9,1.0,25.2,24.8,0.4,27.8,77127680,736395264,35,15158.4,443492.6,0.480,False,nan,nan
2026-10-07 00:41:42,1490.0,2.4,25.3,24.8,0.5,27.8,77127680,736395264,35,15158.4,443492.6,0.480,False,nan,nan
2026-10-07 00:41:43,1491.0,1.9,25.3,24.8,0.5,27.8,77127680,736407552,35,15158.4,443492.6,0.480,False,nan,nan
2026-10-07 00:41:44,1492.0,39.2,25.3,24.9,0.4,27.8,77127680,737529856,35,15158.4,443492.6,0.480,False,nan,nan
2026-10-07 00:42:27,1534.6,80.1,25.4,25.2,0.2,27.5,77127680,743161856,35,15158.4,443492.6,0.481,False,nan,nan
2026-10-07 00:42:28,1535.6,80.4,26.6,25.4,1.1,27.5,77127680,743665664,35,15158.4,443492.6,0.481,False,nan,nan
2026-10-07 00:42:29,1536.6,76.2,27.8,25.5,2.3,27.5,77127680,743665664,35,15158.4,443492.6,0.481,False,nan,nan
2026-10-07 00:42:30,1537.6,51.9,28.7,25.4,3.3,27.5,77127680,743989248,36,15158.4,431173.6,0.481,False,nan,nan
2026-10-07 00:42:31,1538.6,4.3,28.7,25.1,3.6,27.5,77127680,743989248,36,15158.4,431173.6,0.481,False,46709.7,nan
2026-10-07 00:42:32,1539.6,1.4,28.1,24.9,3.2,27.5,77127680,743989248,36,15158.4,431173.6,0.481,False,nan,nan
2026-10-07 00:42:33,1540.6,1.3,26.8,24.7,2.1,27.5,77127680,744509440,36,15158.4,431173.6,0.481,False,nan,nan
2026-10-07 00:42:34,1541.6,1.6,25.5,24.7,0.8,27.5,77127680,744509440,36,15158.4,431173.6,0.481,False,nan,nan
2026-10-07 00:42:35,1542.6,26.4,24.7,24.7,-0.1,27.5,77127680,745000960,36,15158.4,431173.6,0.481,True,nan,nan
2026-10-07 00:42:38,1545.7,78.5,25.2,25.0,0.2,27.5,77127680,745820160,36,15158.4,431173.6,0.481,True,nan,nan
2026-10-07 00:42:39,1546.7,18.1,25.4,25.1,0.3,27.5,77127680,745820160,36,15158.4,431173.6,0.481,True,nan,3796.7
2026-10-07 00:42:40,1547.7,6.7,25.5,25.1,0.4,27.5,77127680,747515904,36,15158.4,431173.6,0.481,True,nan,nan
2026-10-07 00:42:41,1548.7,6.1,25.6,24.9,0.7,27.5,77127680,747515904,36,15158.4,431173.6,0.481,True,nan,nan
2026-10-07 00:42:42,1549.7,6.2,25.6,24.7,1.0,27.5,77127680,747515904,36,15158.4,431173.6,0.481,True,nan,nan
2026-10-07 00:42:43,1550.7,37.9,25.8,24.8,1.1,27.5,77127680,748003328,36,15158.4,431173.6,0.482,True,nan,nan
2026-10-07 00:42:45,1553.1,73.7,25.7,25.0,0.7,27.5,77127680,749195264,36,15158.4,431173.6,0.482,True,nan,nan
2026-10-07 00:42:46,1554.1,9.6,25.7,25.0,0.7,27.5,77127680,749334528,36,15158.4,431173.6,0.482,True,nan,3050.6
2026-10-07 00:42:47,1555.1,6.7,25.8,25.0,0.8,27.5,77127680,749334528,36,15158.4,431173.6,0.482,True,nan,nan
2026-10-07 00:42:48,1556.1,7.9,25.9,25.1,0.9,27.5,77127680,750501888,32,15158.4,485069.9,0.482,False,nan,nan
2026-10-07 00:42:49,1557.1,0.8,25.9,24.8,1.1,27.5,77127680,750501888,32,15158.4,485069.9,0.482,False,nan,nan
2026-10-07 00:42:50,1558.1,50.5,26.2,25.0,1.3,27.5,77127680,750895104,32,15158.4,485069.9,0.482,False,nan,nan
2026-10-07 00:42:53,1561.1,71.5,26.2,25.2,1.0,27.5,77127680,757682176,32,15158.4,485069.9,0.482,False,nan,nan
2026-10-07 00:42:54,1562.1,7.7,26.1,25.2,0.9,27.5,77127680,757686272,32,15158.4,485069.9,0.482,False,3979.7,nan
2026-10-07 00:42:55,1563.1,1.4,26.2,25.2,0.9,27.4,77127680,759246848,32,15158.4,485069.9,0.482,False,nan,nan
2026-10-07 00:42:56,1564.1,0.9,26.1,25.2,0.9,27.4,77127680,759246848,32,15158.4,485069.9,0.482,False,nan,nan
2026-10-07 00:42:57,1565.1,1.2,26.2,25.0,1.2,27.4,77127680,862875648,32,15158.4,485069.9,0.482,False,nan,nan
2026-10-07 00:42:58,1566.1,42.4,26.3,25.1,1.2,27.4,77127680,864104448,32,15158.4,485069.9,0.482,False,nan,nan
2026-10-07 00:43:40,1607.9,80.4,26.4,25.3,1.1,27.5,77127680,868868096,32,15158.4,485069.9,0.484,False,nan,nan
2026-10-07 00:43:42,1609.8,81.1,27.7,25.6,2.1,27.5,77127680,869552128,32,15158.4,485069.9,0.484,False,nan,nan
2026-10-07 00:43:43,1610.8,66.0,28.7,25.8,2.9,27.5,77127680,869552128,32,15158.4,485069.9,0.484,False,nan,nan
2026-10-07 00:43:44,1611.8,21.4,29.1,25.9,3.2,27.5,77127680,869924864,33,15158.4,470371.1,0.484,False,46124.8,nan
2026-10-07 00:43:45,1612.8,2.0,29.1,25.6,3.5,27.5,77127680,869924864,33,15158.4,470371.1,0.484,False,nan,nan
2026-10-07 00:43:46,1613.8,1.2,28.4,25.3,3.1,27.5,77127680,869924864,33,15158.4,470371.1,0.485,False,nan,nan
2026-10-07 00:43:47,1614.8,1.2,27.1,25.1,2.0,27.5,77127680,870629376,33,15158.4,470371.1,0.485,False,nan,nan
2026-10-07 00:43:48,1615.8,2.0,25.8,24.9,0.8,27.6,77127680,870760448,33,15158.4,470371.1,0.485,False,nan,nan
2026-10-07 00:43:51,1619.2,77.8,25.8,25.2,0.6,27.6,77127680,871321600,33,15158.4,470371.1,0.485,False,nan,nan
2026-10-07 00:43:52,1620.2,9.9,24.9,25.2,-0.3,27.6,77127680,873168896,33,15158.4,470371.1,0.485,False,3721.9,nan
2026-10-07 00:43:53,1621.2,1.6,24.8,25.2,-0.4,27.6,77127680,873201664,33,15158.4,470371.1,0.485,False,nan,nan
2026-10-07 00:43:54,1622.2,1.0,24.8,25.2,-0.4,27.5,77127680,873299968,33,15158.4,470371.1,0.485,False,nan,nan
2026-10-07 00:43:55,1623.2,1.3,24.8,25.2,-0.4,27.5,77127680,873304064,33,15158.4,470371.1,0.485,False,nan,nan
2026-10-07 00:43:56,1624.2,38.6,25.4,25.1,0.3,27.5,77127680,873828352,33,15158.4,470371.1,0.485,False,nan,nan
2026-10-07 00:43:59,1626.7,69.3,26.3,25.3,1.0,29.2,77127680,874254336,33,15158.4,470371.1,0.485,False,nan,nan
2026-10-07 00:44:00,1627.7,8.3,25.1,25.3,-0.2,29.2,77127680,874385408,33,15158.4,470371.1,0.485,False,3362.7,nan
2026-10-07 00:44:01,1628.7,1.0,25.0,25.3,-0.3,29.2,77127680,874385408,33,15158.4,470371.1,0.485,False,nan,nan
2026-10-07 00:44:02,1629.7,1.0,25.0,25.3,-0.3,29.2,77127680,876421120,33,15158.4,470371.1,0.485,False,nan,nan
2026-10-07 00:44:03,1630.7,1.4,25.0,25.2,-0.2,29.2,77127680,876421120,33,15158.4,470371.1,0.485,False,nan,nan
2026-10-07 00:44:04,1631.7,43.2,25.7,25.1,0.6,29.2,77127680,876449792,33,15158.4,470371.1,0.485,False,nan,nan
2026-10-07 00:44:07,1634.7,74.2,26.4,25.3,1.0,28.9,77127680,879030272,33,15158.4,470371.1,0.486,False,nan,nan
2026-10-07 00:44:08,1635.7,10.5,25.4,25.4,0.0,28.9,77127680,879030272,33,15158.4,470371.1,0.486,False,3886.1,nan
2026-10-07 00:44:09,1636.7,1.2,25.2,25.4,-0.2,28.9,77127680,879058944,33,15158.4,470371.1,0.486,False,nan,nan
2026-10-07 00:44:10,1637.7,1.1,25.2,25.4,-0.2,28.9,77127680,879058944,33,15158.4,470371.1,0.486,False,nan,nan
2026-10-07 00:44:11,1638.7,1.0,25.2,25.3,-0.2,28.9,77127680,879144960,33,15158.4,470371.1,0.486,False,nan,nan
2026-10-07 00:44:12,1639.7,39.3,25.8,25.2,0.6,28.9,77127680,879144960,33,15158.4,470371.1,0.486,False,nan,nan
2026-10-07 00:44:54,1681.6,80.4,26.6,25.5,1.1,29.1,77127680,885248000,33,15158.4,470371.1,0.489,False,nan,nan
2026-10-07 00:44:55,1682.7,71.9,26.5,25.7,0.8,28.7,77127680,885596160,33,15158.4,470371.1,0.489,False,nan,nan
2026-10-07 00:44:56,1683.7,77.5,27.7,26.0,1.8,28.7,77127680,885596160,33,15158.4,470371.1,0.489,False,nan,nan
2026-10-07 00:44:57,1684.7,69.5,28.9,26.2,2.7,28.7,77127680,885637120,33,15158.4,470371.1,0.489,False,nan,nan
2026-10-07 00:44:58,1685.7,20.8,29.2,26.2,3.0,28.7,77127680,885637120,34,15158.5,456536.9,0.490,False,46430.4,nan
2026-10-07 00:44:59,1686.7,0.9,29.1,25.9,3.2,28.7,77127680,887357440,34,15158.5,456536.9,0.490,False,nan,nan
2026-10-07 00:45:00,1687.7,1.1,28.5,25.7,2.8,28.7,77127680,887357440,34,15158.5,456536.9,0.490,False,nan,nan
2026-10-07 00:45:01,1688.7,0.9,27.2,25.5,1.7,28.7,77127680,887468032,34,15158.5,456536.9,0.490,False,nan,nan
2026-10-07 00:45:02,1689.7,6.1,25.9,25.4,0.5,28.7,77127680,887853056,34,15158.5,456536.9,0.490,False,nan,nan
2026-10-07 00:45:05,1693.1,78.4,26.0,25.7,0.3,28.7,77127680,888713216,34,15158.5,456536.9,0.491,False,nan,nan
2026-10-07 00:45:06,1694.1,12.2,25.3,25.7,-0.4,28.7,77127680,888713216,34,15158.5,456536.9,0.491,False,3769.8,nan
2026-10-07 00:45:07,1695.1,1.4,25.3,25.7,-0.4,28.7,77127680,888832000,34,15158.5,456536.9,0.491,False,nan,nan
2026-10-07 00:45:08,1696.1,1.0,25.3,25.7,-0.4,28.7,77127680,890470400,34,15158.5,456536.9,0.491,False,nan,nan
2026-10-07 00:45:09,1697.1,1.2,25.3,25.5,-0.2,28.7,77127680,890470400,34,15158.5,456536.9,0.491,False,nan,nan
2026-10-07 00:45:10,1698.1,39.6,25.9,25.4,0.5,28.7,77127680,890593280,34,15158.5,456536.9,0.491,False,nan,nan
2026-10-07 00:45:12,1700.2,72.9,26.7,25.6,1.1,28.7,77127680,890707968,34,15158.5,456536.9,0.491,False,nan,nan
2026-10-07 00:45:13,1701.2,7.5,25.5,25.6,-0.1,28.7,77127680,890740736,34,15158.5,456536.9,0.491,False,2946.3,nan
2026-10-07 00:45:14,1702.2,1.4,25.2,25.6,-0.4,28.7,77127680,891273216,34,15158.5,456536.9,0.491,False,nan,nan
2026-10-07 00:45:15,1703.2,1.0,25.1,25.6,-0.5,28.7,77127680,891273216,34,15158.5,456536.9,0.491,False,nan,nan
2026-10-07 00:45:16,1704.2,1.0,25.0,25.5,-0.5,28.7,77127680,891314176,34,15158.5,456536.9,0.492,False,nan,nan
2026-10-07 00:45:17,1705.2,49.8,25.8,25.4,0.3,28.7,77127680,891314176,34,15158.5,456536.9,0.492,False,nan,nan
2026-10-07 00:45:20,1708.0,73.8,26.4,25.7,0.7,28.5,77127680,894451712,34,15158.5,456536.9,0.492,False,nan,nan
2026-10-07 00:45:21,1709.0,10.5,25.3,25.7,-0.4,28.5,77127680,894480384,34,15158.5,456536.9,0.492,False,3802.8,nan
2026-10-07 00:45:22,1710.0,1.0,25.2,25.7,-0.5,28.5,77127680,894480384,34,15158.5,456536.9,0.492,False,nan,nan
2026-10-07 00:45:23,1711.0,1.0,25.1,25.7,-0.6,28.5,77127680,894586880,34,15158.5,456536.9,0.492,False,nan,nan
2026-10-07 00:45:24,1712.0,1.9,25.0,25.6,-0.7,28.5,77127680,895160320,34,15158.5,456536.9,0.492,False,nan,nan
2026-10-07 00:45:25,1713.0,47.9,25.8,25.5,0.2,28.5,77127680,895160320,34,15158.5,456536.9,0.492,False,nan,nan
2026-10-07 00:46:08,1755.8,80.2,26.2,25.8,0.5,28.6,77127680,902406144,34,15158.5,456536.9,0.497,False,nan,nan
2026-10-07 00:46:09,1756.8,81.6,26.4,26.0,0.4,28.7,77127680,902791168,34,15158.5,456536.9,0.498,False,nan,nan
2026-10-07 00:46:10,1757.8,67.8,27.4,26.3,1.1,28.6,77127680,903077888,34,15158.5,456536.9,0.498,False,nan,nan
2026-10-07 00:46:11,1758.8,25.1,27.8,26.4,1.5,28.6,77127680,903077888,35,15158.5,443493.2,0.498,False,46329.6,nan
2026-10-07 00:46:12,1759.8,1.1,27.8,26.3,1.5,28.6,77127680,903077888,35,15158.5,443493.2,0.498,False,nan,nan
2026-10-07 00:46:13,1760.8,2.2,27.8,26.0,1.8,28.6,77127680,903077888,35,15158.5,443493.2,0.498,False,nan,nan
2026-10-07 00:46:14,1761.8,1.4,27.1,25.7,1.4,28.6,77127680,903634944,35,15158.5,443493.2,0.498,False,nan,nan
2026-10-07 00:46:15,1762.8,1.7,25.8,25.5,0.4,28.6,77127680,904507392,35,15158.5,443493.2,0.498,False,nan,nan
2026-10-07 00:46:18,1766.2,78.2,25.8,25.5,0.3,28.6,77127680,904577024,35,15158.5,443493.2,0.499,False,nan,nan
2026-10-07 00:46:19,1767.2,25.5,25.1,25.6,-0.5,28.6,77127680,905232384,35,15158.5,443493.2,0.499,False,3763.3,nan
2026-10-07 00:46:20,1768.2,0.9,24.8,25.6,-0.8,28.6,77127680,905379840,35,15158.5,443493.2,0.499,False,nan,nan
2026-10-07 00:46:21,1769.2,1.1,24.8,25.5,-0.8,28.6,77127680,905379840,35,15158.5,443493.2,0.499,False,nan,nan
2026-10-07 00:46:22,1770.2,1.3,24.8,25.5,-0.8,28.6,77127680,905379840,35,15158.5,443493.2,0.499,False,nan,nan
2026-10-07 00:46:23,1771.2,50.7,25.6,25.6,-0.1,28.6,77127680,905379840,35,15158.5,443493.2,0.499,False,nan,nan
2026-10-07 00:46:25,1773.2,72.1,26.8,25.6,1.1,28.7,77127680,907612160,35,15158.5,443493.2,0.500,False,nan,nan
2026-10-07 00:46:26,1774.2,13.2,25.7,25.6,0.1,28.6,77127680,907743232,35,15158.5,443493.2,0.500,False,3026.2,nan
2026-10-07 00:46:27,1775.2,1.3,25.5,25.6,-0.1,28.6,77127680,907743232,35,15158.5,443493.2,0.500,False,nan,nan
2026-10-07 00:46:28,1776.2,0.8,25.5,25.6,-0.1,28.6,77127680,907743232,35,15158.5,443493.2,0.500,False,nan,nan
2026-10-07 00:46:29,1777.2,1.0,25.5,25.6,-0.1,28.6,77127680,907743232,35,15158.5,443493.2,0.500,False,nan,nan
2026-10-07 00:46:30,1778.2,42.9,26.2,25.7,0.6,28.6,77127680,908611584,35,15158.5,443493.2,0.500,False,nan,nan
2026-10-07 00:46:33,1781.1,73.6,26.8,25.7,1.1,28.5,77127680,908689408,35,15158.5,443493.2,0.501,False,nan,nan
2026-10-07 00:46:34,1782.1,8.5,25.8,25.7,0.1,28.5,77127680,908689408,35,15158.5,443493.2,0.501,False,3780.1,nan
2026-10-07 00:46:35,1783.1,1.2,25.7,25.7,-0.0,28.5,77127680,909287424,35,15158.5,443493.2,0.501,False,nan,nan
2026-10-07 00:46:36,1784.1,1.0,25.7,25.7,-0.0,28.5,77127680,910950400,35,15158.5,443493.2,0.501,False,nan,nan
2026-10-07 00:46:37,1785.1,1.0,25.7,25.7,-0.0,28.5,77127680,910950400,35,15158.5,443493.2,0.501,False,nan,nan
2026-10-07 00:46:38,1786.1,56.2,26.6,25.8,0.8,28.5,77127680,910950400,35,15158.5,443493.2,0.501,False,nan,nan
2026-10-07 00:47:20,1828.2,80.4,27.2,25.8,1.4,28.8,77127680,916750336,35,15158.5,443493.2,0.509,False,nan,nan
2026-10-07 00:47:21,1829.2,78.7,27.3,26.0,1.3,28.8,77127680,918118400,35,15158.5,443493.2,0.509,False,nan,nan
2026-10-07 00:47:22,1830.2,71.4,28.3,26.3,2.0,28.8,77127680,918159360,35,15158.5,443493.2,0.509,False,nan,nan
2026-10-07 00:47:23,1831.2,50.6,29.1,26.4,2.7,28.8,77127680,918159360,36,15158.5,431174.2,0.509,False,nan,nan
2026-10-07 00:47:24,1832.2,4.8,29.2,26.4,2.7,28.8,77127680,918159360,36,15158.5,431174.2,0.509,False,46281.4,nan
2026-10-07 00:47:25,1833.2,1.7,29.2,26.3,2.8,28.8,77127680,918159360,36,15158.5,431174.2,0.509,False,nan,nan
2026-10-07 00:47:26,1834.2,1.1,28.5,26.1,2.5,28.8,77127680,918159360,36,15158.5,431174.2,0.509,False,nan,nan
2026-10-07 00:47:27,1835.2,1.1,27.2,25.8,1.4,28.8,77127680,918880256,36,15158.5,431174.2,0.510,False,nan,nan
2026-10-07 00:47:28,1836.2,53.2,26.9,25.8,1.1,28.8,77127680,919261184,36,15158.5,431174.2,0.510,False,nan,nan
2026-10-07 00:47:31,1838.9,78.5,26.9,26.0,0.9,28.8,77127680,919261184,36,15158.5,431174.2,0.511,False,nan,nan
2026-10-07 00:47:32,1839.9,12.7,26.0,26.1,-0.1,28.8,77127680,921780224,36,15158.5,431174.2,0.511,False,3795.9,nan
2026-10-07 00:47:33,1840.9,1.6,25.7,26.1,-0.4,28.8,77127680,921907200,36,15158.5,431174.2,0.511,False,nan,nan
2026-10-07 00:47:34,1841.9,1.0,25.7,26.1,-0.4,28.8,77127680,921907200,36,15158.5,431174.2,0.511,False,nan,nan
2026-10-07 00:47:35,1842.9,1.8,25.7,26.0,-0.3,28.8,77127680,921907200,36,15158.5,431174.2,0.511,True,nan,nan
2026-10-07 00:47:36,1843.9,49.4,26.5,25.9,0.6,28.8,77127680,922230784,36,15158.5,431174.2,0.511,True,nan,nan
2026-10-07 00:47:38,1846.1,74.9,27.6,26.1,1.5,28.8,77127680,922861568,36,15158.5,431174.2,0.511,True,nan,nan
2026-10-07 00:47:39,1847.1,9.8,26.5,26.1,0.4,28.8,77127680,922861568,36,15158.5,431174.2,0.512,True,nan,3096.7
2026-10-07 00:47:40,1848.1,6.6,26.4,26.1,0.2,28.8,77127680,922861568,36,15158.5,431174.2,0.512,True,nan,nan
2026-10-07 00:47:41,1849.1,7.0,26.5,26.2,0.3,28.8,77127680,922861568,36,15158.5,431174.2,0.512,True,nan,nan
2026-10-07 00:47:42,1850.1,6.8,26.6,26.1,0.5,28.8,77127680,925040640,36,15158.5,431174.2,0.513,True,nan,nan
2026-10-07 00:47:43,1851.1,65.9,27.7,26.1,1.6,28.8,77127680,925069312,36,15158.5,431174.2,0.513,True,nan,nan
2026-10-07 00:47:46,1853.9,74.4,28.2,26.3,1.9,28.6,77127680,925159424,36,15158.5,431174.2,0.514,True,nan,nan
2026-10-07 00:47:47,1854.9,11.2,27.2,26.3,0.9,28.6,77127680,925179904,36,15158.5,431174.2,0.514,True,nan,3869.1
2026-10-07 00:47:48,1855.9,7.9,27.2,26.4,0.9,28.6,77127680,925810688,32,15158.5,485070.6,0.514,False,nan,nan
2026-10-07 00:47:49,1856.9,1.4,27.2,26.4,0.9,28.6,77127680,931315712,32,15158.5,485070.6,0.514,False,nan,nan
2026-10-07 00:47:50,1857.9,1.3,27.2,26.3,1.0,28.6,77127680,931315712,32,15158.5,485070.6,0.514,False,nan,nan
2026-10-07 00:47:51,1858.9,66.4,28.3,26.2,2.1,28.6,77127680,931315712,32,15158.5,485070.6,0.514,False,nan,nan
2026-10-07 00:48:32,1900.3,80.2,28.8,26.5,2.4,29.1,77127680,1043181568,32,15158.5,485070.6,0.523,False,nan,nan
2026-10-07 00:48:34,1902.4,80.7,28.9,26.7,2.2,29.1,77127680,1043849216,32,15158.5,485070.6,0.523,False,nan,nan
2026-10-07 00:48:35,1903.4,67.4,29.9,27.0,2.9,29.1,77127680,1044209664,33,15158.5,470371.8,0.524,False,nan,nan
2026-10-07 00:48:36,1904.4,23.6,30.3,27.0,3.2,29.1,77127680,1044209664,33,15158.5,470371.8,0.524,False,46098.9,nan
2026-10-07 00:48:37,1905.4,1.1,30.3,26.9,3.3,29.1,77127680,1044209664,33,15158.5,470371.8,0.524,False,nan,nan
2026-10-07 00:48:38,1906.4,0.9,30.2,26.7,3.6,29.1,77127680,1044934656,33,15158.5,470371.8,0.525,False,nan,nan
2026-10-07 00:48:39,1907.4,1.0,29.5,26.4,3.1,29.1,77127680,1044934656,33,15158.5,470371.8,0.525,False,nan,nan
2026-10-07 00:48:40,1908.5,41.3,28.8,26.3,2.5,29.1,77127680,1045065728,33,15158.5,470371.8,0.525,False,nan,nan
2026-10-07 00:48:43,1911.3,78.1,28.8,26.4,2.4,29.1,77127680,1047404544,33,15158.5,470371.8,0.526,False,nan,nan
2026-10-07 00:48:44,1912.3,10.0,27.8,26.4,1.4,29.1,77127680,1047404544,33,15158.5,470371.8,0.526,False,3715.4,nan
2026-10-07 00:48:45,1913.3,2.3,27.4,26.4,1.0,29.1,77127680,1047404544,33,15158.5,470371.8,0.526,False,nan,nan
2026-10-07 00:48:46,1914.3,1.1,27.4,26.4,1.0,29.1,77127680,1047564288,33,15158.5,470371.8,0.527,False,nan,nan
2026-10-07 00:48:47,1915.3,1.6,27.4,26.4,1.0,29.1,77127680,1047564288,33,15158.5,470371.8,0.527,False,nan,nan
2026-10-07 00:48:48,1916.3,65.9,28.5,26.5,1.9,29.1,77127680,1048645632,33,15158.5,470371.8,0.527,False,nan,nan
2026-10-07 00:48:50,1918.1,73.8,29.7,26.5,3.2,29.1,77127680,1048645632,33,15158.5,470371.8,0.527,False,nan,nan
2026-10-07 00:48:51,1919.1,7.7,28.5,26.5,2.0,29.1,77127680,1048645632,33,15158.5,470371.8,0.527,False,2899.7,nan
2026-10-07 00:48:52,1920.1,1.1,28.1,26.5,1.6,29.1,77127680,1048809472,33,15158.5,470371.8,0.527,False,nan,nan
2026-10-07 00:48:53,1921.1,1.0,28.1,26.5,1.6,29.1,77127680,1048809472,33,15158.5,470371.8,0.527,False,nan,nan
2026-10-07 00:48:54,1922.1,1.4,28.1,26.5,1.6,29.1,77127680,1051144192,33,15158.5,470371.8,0.528,False,nan,nan
2026-10-07 00:48:58,1925.8,71.1,29.3,26.6,2.6,28.9,77127680,1051607040,33,15158.5,470371.8,0.529,False,nan,nan
2026-10-07 00:48:59,1926.8,10.7,28.6,26.4,2.2,28.9,77127680,1053941760,33,15158.5,470371.8,0.529,False,4081.0,nan
2026-10-07 00:49:00,1927.8,1.1,27.4,26.4,1.0,28.9,77127680,1053941760,33,15158.5,470371.8,0.529,False,nan,nan
2026-10-07 00:49:01,1928.8,0.9,27.2,26.4,0.8,28.9,77127680,1053941760,33,15158.5,470371.8,0.530,False,nan,nan
2026-10-07 00:49:02,1929.8,1.0,27.2,26.4,0.8,28.9,77127680,1053970432,33,15158.5,470371.8,0.530,False,nan,nan
2026-10-07 00:49:03,1930.8,66.2,28.3,26.6,1.7,29.1,77127680,1053970432,33,15158.5,470371.8,0.530,False,nan,nan
2026-10-07 00:49:45,1972.9,80.4,29.6,26.8,2.9,29.0,77127680,1060372480,33,15158.5,470371.8,0.541,False,nan,nan
2026-10-07 00:49:46,1973.9,78.9,30.2,26.8,3.4,29.1,77127680,1060372480,33,15158.5,470371.8,0.542,False,nan,nan
2026-10-07 00:49:47,1974.9,65.7,30.1,27.0,3.1,29.1,77127680,1060372480,33,15158.5,470371.8,0.542,False,nan,nan
2026-10-07 00:49:48,1975.9,41.9,30.7,27.1,3.5,29.1,77127680,1060421632,34,15158.5,456537.5,0.542,False,nan,nan
2026-10-07 00:49:49,1976.9,4.8,30.7,27.1,3.6,29.1,77127680,1060421632,34,15158.5,456537.5,0.542,False,46169.6,nan
2026-10-07 00:49:50,1977.9,1.2,30.7,27.1,3.6,29.1,77127680,1061195776,34,15158.5,456537.5,0.543,False,nan,nan
2026-10-07 00:49:51,1978.9,0.9,30.7,27.0,3.7,29.1,77127680,1061310464,34,15158.5,456537.5,0.543,False,nan,nan
2026-10-07 00:49:52,1979.9,6.9,29.9,26.8,3.1,29.1,77127680,1061310464,34,15158.5,456537.5,0.543,False,nan,nan
2026-10-07 00:49:55,1983.2,78.4,29.9,26.8,3.1,29.1,77127680,1063874560,34,15158.5,456537.5,0.545,False,nan,nan
2026-10-07 00:49:56,1984.2,15.4,28.8,26.6,2.2,29.1,77127680,1063874560,34,15158.5,456537.5,0.545,False,3696.3,nan
2026-10-07 00:49:57,1985.2,0.9,27.6,26.4,1.2,29.1,77127680,1063874560,34,15158.5,456537.5,0.546,False,nan,nan
2026-10-07 00:49:58,1986.2,0.9,26.8,26.4,0.4,29.1,77127680,1063989248,34,15158.5,456537.5,0.546,False,nan,nan
2026-10-07 00:49:59,1987.2,2.9,26.8,26.4,0.4,29.1,77127680,1063989248,34,15158.5,456537.5,0.546,False,nan,nan
2026-10-07 00:50:02,1990.1,68.0,27.9,26.6,1.3,29.4,77127680,1065148416,34,15158.5,456537.5,0.547,False,nan,nan
2026-10-07 00:50:03,1991.2,5.9,28.0,26.6,1.3,29.4,77127680,1065148416,34,15158.5,456537.5,0.547,False,3235.1,nan
2026-10-07 00:50:04,1992.2,1.1,28.0,26.6,1.4,29.4,77127680,1065279488,34,15158.5,456537.5,0.547,False,nan,nan
2026-10-07 00:50:05,1993.2,2.0,27.1,26.3,0.8,29.4,77127680,1067327488,34,15158.5,456537.5,0.548,False,nan,nan
2026-10-07 00:50:06,1994.2,4.8,25.9,26.3,-0.4,29.4,77127680,1067659264,34,15158.5,456537.5,0.548,False,nan,nan
2026-10-07 00:50:10,1997.5,74.3,26.9,26.6,0.3,29.3,77127680,1067659264,34,15158.5,456537.5,0.549,False,nan,nan
2026-10-07 00:50:11,1998.5,11.3,27.1,26.6,0.5,29.3,77127680,1068077056,34,15158.5,456537.5,0.549,False,3821.6,nan
2026-10-07 00:50:12,1999.5,0.9,27.1,26.6,0.5,29.3,77127680,1068625920,34,15158.5,456537.5,0.549,False,nan,nan
2026-10-07 00:50:13,2000.5,1.6,27.1,26.5,0.6,29.3,77127680,1068654592,34,15158.5,456537.5,0.550,False,nan,nan
2026-10-07 00:50:14,2001.5,3.7,26.3,26.2,0.1,29.3,77127680,1068654592,34,15158.5,456537.5,0.550,False,nan,nan
2026-10-07 00:50:56,2044.0,80.4,26.4,26.5,-0.1,29.4,77127680,1075421184,34,15158.5,456537.5,0.565,False,nan,nan
2026-10-07 00:50:58,2045.9,80.6,27.6,26.7,0.8,29.5,77127680,1076371456,34,15158.5,456537.5,0.566,False,nan,nan
2026-10-07 00:50:59,2046.9,79.8,28.8,27.0,1.8,29.5,77127680,1076412416,34,15158.5,456537.5,0.566,False,nan,nan
2026-10-07 00:51:00,2047.9,23.0,29.1,27.1,2.0,29.5,77127680,1076412416,35,15158.5,443493.9,0.566,False,46303.5,nan
2026-10-07 00:51:01,2048.9,1.5,29.0,26.9,2.0,29.5,77127680,1076412416,35,15158.5,443493.9,0.566,False,nan,nan
2026-10-07 00:51:02,2049.9,1.3,27.9,26.7,1.2,29.5,77127680,1077084160,35,15158.5,443493.9,0.567,False,nan,nan
2026-10-07 00:51:03,2050.9,0.9,26.7,26.7,-0.0,29.5,77127680,1077084160,35,15158.5,443493.9,0.567,False,nan,nan
2026-10-07 00:51:04,2051.9,47.0,27.3,26.8,0.4,29.5,77127680,1077190656,35,15158.5,443493.9,0.567,False,nan,nan
2026-10-07 00:51:07,2055.0,73.1,28.3,27.1,1.3,29.4,77127680,1080094720,35,15158.5,443493.9,0.569,False,nan,nan
2026-10-07 00:51:08,2056.0,11.9,28.5,27.1,1.4,29.4,77127680,1080094720,35,15158.5,443493.9,0.569,False,4080.9,nan
2026-10-07 00:51:09,2057.0,1.1,28.5,27.0,1.5,29.4,77127680,1080139776,35,15158.5,443493.9,0.570,False,nan,nan
2026-10-07 00:51:10,2058.0,1.0,27.4,26.7,0.7,29.4,77127680,1080246272,35,15158.5,443493.9,0.570,False,nan,nan
2026-10-07 00:51:11,2059.0,17.6,26.4,26.5,-0.1,29.3,77127680,1080246272,35,15158.5,443493.9,0.570,False,nan,nan
2026-10-07 00:51:13,2061.4,73.3,26.3,26.5,-0.3,29.4,77127680,1081475072,35,15158.5,443493.9,0.572,False,nan,nan
2026-10-07 00:51:14,2062.4,7.9,25.3,26.5,-1.2,29.4,77127680,1081606144,35,15158.5,443493.9,0.572,False,2976.6,nan
2026-10-07 00:51:15,2063.4,1.3,24.9,26.4,-1.6,29.4,77127680,1081606144,35,15158.5,443493.9,0.572,False,nan,nan
2026-10-07 00:51:16,2064.4,2.3,24.9,26.4,-1.5,29.4,77127680,1082105856,35,15158.5,443493.9,0.573,False,nan,nan
2026-10-07 00:51:17,2065.4,18.0,25.2,26.5,-1.3,29.4,77127680,1083879424,35,15158.5,443493.9,0.573,False,nan,nan
2026-10-07 00:51:21,2068.6,74.4,26.4,26.7,-0.3,29.1,77127680,1084100608,35,15158.5,443493.9,0.575,False,nan,nan
2026-10-07 00:51:22,2069.6,11.4,25.9,26.5,-0.6,29.1,77127680,1084100608,35,15158.5,443493.9,0.575,False,3737.1,nan
2026-10-07 00:51:23,2070.6,1.6,24.7,26.3,-1.6,29.1,77127680,1086230528,35,15158.5,443493.9,0.575,False,nan,nan
2026-10-07 00:51:24,2071.6,0.8,24.5,26.2,-1.7,29.1,77127680,1086259200,35,15158.5,443493.9,0.576,False,nan,nan
2026-10-07 00:51:25,2072.6,19.1,24.8,26.3,-1.5,29.1,77127680,1086259200,35,15158.5,443493.9,0.576,False,nan,nan
2026-10-07 00:52:07,2115.1,80.1,26.1,26.5,-0.4,29.4,77127680,1093152768,35,15158.5,443493.9,0.595,False,nan,nan
2026-10-07 00:52:08,2116.5,81.0,27.4,26.8,0.6,29.4,77127680,1093599232,35,15158.5,443493.9,0.596,False,nan,nan
2026-10-07 00:52:09,2117.5,74.1,27.6,26.9,0.6,29.4,77127680,1094029312,35,15158.5,443493.9,0.596,False,nan,nan
2026-10-07 00:52:10,2118.5,49.9,27.2,26.8,0.3,29.4,77127680,1094402048,36,15158.5,431174.8,0.596,False,nan,nan
2026-10-07 00:52:11,2119.5,2.0,27.1,26.8,0.2,29.4,77127680,1094402048,36,15158.5,431174.8,0.596,False,46421.2,nan
2026-10-07 00:52:12,2120.5,1.5,27.1,26.8,0.3,29.4,77127680,1094402048,36,15158.5,431174.8,0.598,False,nan,nan
2026-10-07 00:52:13,2121.5,1.0,27.1,26.8,0.3,29.4,77127680,1094623232,36,15158.5,431174.8,0.598,False,nan,nan
2026-10-07 00:52:14,2122.5,41.0,27.7,26.9,0.8,29.4,77127680,1094623232,36,15158.5,431174.8,0.598,False,nan,nan
2026-10-07 00:52:17,2125.4,78.3,27.8,27.1,0.8,29.3,77127680,1095655424,36,15158.5,431174.8,0.600,False,nan,nan
2026-10-07 00:52:18,2126.4,10.0,27.8,26.9,1.0,29.3,77127680,1097216000,36,15158.5,431174.8,0.600,False,3740.3,nan
2026-10-07 00:52:19,2127.4,2.3,27.9,26.8,1.0,29.3,77127680,1097216000,36,15158.5,431174.8,0.600,False,nan,nan
2026-10-07 00:52:20,2128.4,0.9,27.9,26.8,1.0,29.3,77127680,1097216000,36,15158.5,431174.8,0.602,False,nan,nan
2026-10-07 00:52:21,2129.4,34.7,28.4,26.9,1.5,29.3,77127680,1097732096,36,15158.5,431174.8,0.602,False,nan,nan
2026-10-07 00:52:24,2131.6,73.0,28.5,27.2,1.4,29.4,77127680,1098997760,36,15158.5,431174.8,0.604,False,nan,nan
2026-10-07 00:52:25,2132.6,8.1,27.3,27.1,0.2,29.4,77127680,1098997760,36,15158.5,431174.8,0.604,False,2964.0,nan
2026-10-07 00:52:26,2133.6,1.1,26.0,26.8,-0.8,29.4,77127680,1098997760,36,15158.5,431174.8,0.604,False,nan,nan
2026-10-07 00:52:27,2134.6,1.0,25.0,26.6,-1.6,29.4,77127680,1100029952,36,15158.5,431174.8,0.604,False,nan,nan
2026-10-07 00:52:28,2135.6,39.7,24.9,26.5,-1.6,29.4,77127680,1100029952,36,15158.5,431174.8,0.606,False,nan,nan
2026-10-07 00:52:31,2138.9,70.8,26.0,26.6,-0.6,29.2,77127680,1101660160,36,15158.5,431174.8,0.606,False,nan,nan
2026-10-07 00:52:32,2139.9,6.2,26.1,26.6,-0.5,29.2,77127680,1101660160,36,15158.5,431174.8,0.608,False,4117.3,nan
2026-10-07 00:52:33,2140.9,0.9,26.1,26.6,-0.5,29.2,77127680,1101660160,36,15158.5,431174.8,0.608,False,nan,nan
2026-10-07 00:52:34,2141.9,1.0,26.0,26.6,-0.6,29.2,77127680,1102827520,36,15158.5,431174.8,0.608,False,nan,nan
2026-10-07 00:52:35,2142.9,42.6,25.4,26.8,-1.4,29.2,77127680,1102827520,36,15158.5,431174.8,0.610,False,nan,nan
2026-10-07 00:53:17,2185.0,80.3,26.5,26.8,-0.4,29.4,77127680,1109049344,36,15158.5,431174.8,0.634,True,nan,nan
2026-10-07 00:53:18,2186.0,85.4,27.9,26.9,1.0,29.4,77127680,1109049344,36,15158.5,431174.8,0.634,True,nan,nan
2026-10-07 00:53:19,2187.0,76.2,29.1,27.1,2.1,29.4,77127680,1109065728,36,15158.5,431174.8,0.634,True,nan,nan
2026-10-07 00:53:20,2188.0,55.5,30.0,27.3,2.8,29.4,77127680,1109692416,37,15158.5,419521.7,0.637,True,nan,nan
2026-10-07 00:53:21,2189.0,11.6,29.1,27.3,1.8,29.4,77127680,1109692416,37,15158.5,419521.7,0.637,True,nan,46189.3
2026-10-07 00:53:22,2190.0,6.1,29.1,27.3,1.8,29.4,77127680,1109692416,37,15158.5,419521.7,0.637,True,nan,nan
2026-10-07 00:53:23,2191.0,6.9,29.2,27.2,2.0,29.4,77127680,1109692416,37,15158.5,419521.7,0.637,True,nan,nan
2026-10-07 00:53:24,2192.0,46.6,29.9,27.2,2.8,29.4,77127680,1109790720,37,15158.5,419521.7,0.639,True,nan,nan
2026-10-07 00:53:27,2195.0,78.2,31.2,27.4,3.8,29.4,77127680,1111101440,37,15158.5,419521.7,0.639,True,nan,nan
2026-10-07 00:53:28,2196.0,16.1,30.2,27.4,2.7,29.4,77127680,1111433216,37,15158.5,419521.7,0.642,True,nan,4010.6
2026-10-07 00:53:29,2197.1,6.8,30.1,27.5,2.7,29.4,77127680,1111474176,33,15158.4,470371.2,0.642,False,nan,nan
2026-10-07 00:53:30,2198.1,1.1,30.1,27.4,2.7,29.4,77127680,1113124864,33,15158.4,470371.2,0.642,False,nan,nan
2026-10-07 00:53:31,2199.1,54.8,31.0,27.5,3.5,29.4,77127680,1113124864,33,15158.4,470371.2,0.644,False,nan,nan
2026-10-07 00:53:33,2201.1,68.9,32.1,27.5,4.6,30.0,77127680,1113124864,33,15158.4,470371.2,0.644,False,nan,nan
2026-10-07 00:53:34,2202.1,5.8,30.8,27.5,3.4,30.0,77127680,1113124864,33,15158.4,470371.2,0.644,False,3038.5,nan
2026-10-07 00:53:35,2203.1,1.3,29.5,27.5,2.0,30.0,77127680,1115430912,33,15158.4,470371.2,0.647,False,nan,nan
2026-10-07 00:53:36,2204.1,1.2,28.2,27.5,0.7,30.0,77127680,1115430912,33,15158.4,470371.2,0.647,False,nan,nan
2026-10-07 00:53:37,2205.1,39.0,28.5,27.6,0.9,30.6,77127680,1115430912,33,15158.4,470371.2,0.647,False,nan,nan
2026-10-07 00:53:40,2208.2,75.4,29.7,27.7,2.0,30.4,77127680,1118482432,33,15158.4,470371.2,0.649,False,nan,nan
2026-10-07 00:53:41,2209.2,8.8,29.8,27.5,2.3,30.4,77127680,1118482432,33,15158.4,470371.2,0.649,False,4305.2,nan
2026-10-07 00:53:42,2210.2,0.9,29.8,27.2,2.6,30.4,77127680,1118969856,33,15158.4,470371.2,0.649,False,nan,nan
2026-10-07 00:53:43,2211.2,0.8,29.1,27.0,2.1,30.4,77127680,1118969856,33,15158.4,470371.2,0.652,False,nan,nan
2026-10-07 00:53:44,2212.2,64.6,28.9,27.0,1.9,30.4,77127680,1118969856,33,15158.4,470371.2,0.652,False,nan,nan
2026-10-07 00:54:26,2254.1,80.5,30.1,27.3,2.8,30.6,77131776,1234800640,33,15158.4,470371.2,0.683,False,nan,nan
2026-10-07 00:54:27,2255.5,81.7,31.4,27.6,3.9,30.6,77131776,1234808832,33,15158.4,470371.2,0.686,False,nan,nan
2026-10-07 00:54:28,2256.5,78.2,32.7,27.8,4.9,30.6,77131776,1234825216,33,15158.4,470371.2,0.686,False,nan,nan
2026-10-07 00:54:29,2257.5,29.4,32.9,27.9,5.0,30.6,77131776,1234825216,34,15158.5,456537.0,0.686,False,46305.8,nan
2026-10-07 00:54:30,2258.5,1.0,31.7,27.8,3.9,30.6,77131776,1234825216,34,15158.5,456537.0,0.686,False,nan,nan
2026-10-07 00:54:31,2259.5,0.9,31.6,27.6,4.0,30.6,77131776,1235513344,34,15158.5,456537.0,0.689,False,nan,nan
2026-10-07 00:54:32,2260.5,28.7,32.0,27.6,4.4,30.6,77131776,1235513344,34,15158.5,456537.0,0.689,False,nan,nan
2026-10-07 00:54:35,2263.5,78.5,33.3,27.9,5.4,30.6,77131776,1235611648,34,15158.5,456537.0,0.693,False,nan,nan
2026-10-07 00:54:36,2264.5,12.6,33.2,27.9,5.3,30.6,77131776,1237749760,34,15158.5,456537.0,0.693,False,3742.7,nan
2026-10-07 00:54:37,2265.5,1.2,32.0,27.9,4.1,30.6,77131776,1237749760,34,15158.5,456537.0,0.693,False,nan,nan
2026-10-07 00:54:38,2266.5,11.9,32.0,27.8,4.2,30.6,77131776,1237770240,34,15158.5,456537.0,0.693,False,nan,nan
2026-10-07 00:54:41,2269.3,69.8,33.1,27.8,5.3,31.3,77131776,1237770240,34,15158.5,456537.0,0.696,False,nan,nan
2026-10-07 00:54:42,2270.3,8.5,33.3,27.8,5.4,31.3,77131776,1240662016,34,15158.5,456537.0,0.696,False,3312.4,nan
2026-10-07 00:54:43,2271.3,0.9,33.0,27.8,5.1,31.3,77131776,1240662016,34,15158.5,456537.0,0.699,False,nan,nan
2026-10-07 00:54:44,2272.3,15.0,31.9,27.9,4.0,31.3,77131776,1241026560,34,15158.5,456537.0,0.699,False,nan,nan
2026-10-07 00:54:48,2275.6,73.9,31.8,28.1,3.6,31.3,77131776,1241636864,34,15158.5,456537.0,0.702,False,nan,nan
2026-10-07 00:54:49,2276.6,4.5,30.6,28.0,2.6,31.2,77131776,1241640960,34,15158.5,456537.0,0.702,False,3748.6,nan
2026-10-07 00:54:50,2277.6,1.6,29.8,27.8,2.0,31.2,77131776,1241972736,34,15158.5,456537.0,0.702,False,nan,nan
2026-10-07 00:54:51,2278.6,23.3,30.1,27.8,2.3,31.2,77131776,1241972736,34,15158.5,456537.0,0.706,False,nan,nan
2026-10-07 00:55:34,2321.5,80.4,31.5,28.1,3.4,31.1,77131776,1250451456,34,15158.5,456537.0,0.744,False,nan,nan
2026-10-07 00:55:35,2322.9,81.6,32.8,28.4,4.4,31.2,77131776,1250467840,34,15158.5,456537.0,0.744,False,nan,nan
2026-10-07 00:55:36,2323.9,57.0,33.1,28.6,4.5,31.1,77131776,1250467840,35,15158.5,443493.3,0.748,False,nan,nan
2026-10-07 00:55:37,2324.9,9.2,31.9,28.4,3.5,31.1,77131776,1250467840,35,15158.5,443493.3,0.748,False,46328.6,nan
2026-10-07 00:55:38,2325.9,1.3,31.8,28.2,3.6,31.1,77131776,1251237888,35,15158.5,443493.3,0.748,False,nan,nan
2026-10-07 00:55:39,2326.9,23.4,32.1,28.0,4.1,31.1,77131776,1251250176,35,15158.5,443493.3,0.751,False,nan,nan
2026-10-07 00:55:42,2329.9,78.5,33.4,28.0,5.4,31.2,77131776,1251504128,35,15158.5,443493.3,0.751,False,nan,nan
2026-10-07 00:55:43,2330.9,12.3,33.0,27.8,5.2,31.1,77131776,1253670912,35,15158.5,443493.3,0.755,False,3718.3,nan
2026-10-07 00:55:44,2331.9,1.0,31.8,27.8,4.0,31.1,77131776,1253670912,35,15158.5,443493.3,0.755,False,nan,nan
2026-10-07 00:55:45,2332.9,50.6,32.5,28.0,4.6,31.2,77131776,1253703680,35,15158.5,443493.3,0.755,False,nan,nan
2026-10-07 00:55:48,2335.8,56.7,33.5,28.1,5.3,32.8,77131776,1253703680,35,15158.5,443493.3,0.759,False,nan,nan
2026-10-07 00:55:49,2336.8,6.6,33.6,28.2,5.4,32.8,77131776,1256689664,35,15158.5,443493.3,0.759,False,3824.9,nan
2026-10-07 00:55:50,2337.8,0.9,32.9,28.1,4.8,32.8,77131776,1256706048,35,15158.5,443493.3,0.759,False,nan,nan
2026-10-07 00:55:51,2338.8,60.7,32.8,28.1,4.7,32.8,77131776,1256710144,35,15158.5,443493.3,0.763,False,nan,nan
2026-10-07 00:55:53,2341.5,73.3,33.9,28.3,5.6,32.7,77131776,1258508288,35,15158.5,443493.3,0.763,False,nan,nan
2026-10-07 00:55:54,2342.5,8.4,34.0,28.3,5.7,32.7,77131776,1258602496,35,15158.5,443493.3,0.766,False,3738.5,nan
2026-10-07 00:55:55,2343.5,1.3,34.0,28.3,5.7,32.7,77131776,1258618880,35,15158.5,443493.3,0.766,False,nan,nan
2026-10-07 00:55:56,2344.5,63.8,34.4,28.5,5.9,32.7,77131776,1258618880,35,15158.5,443493.3,0.766,False,nan,nan
2026-10-07 00:56:38,2386.2,80.3,34.4,28.7,5.7,32.7,77131776,1265389568,35,15158.5,443493.3,0.809,False,nan,nan
2026-10-07 00:56:40,2387.6,81.6,34.3,28.7,5.6,32.7,77131776,1266470912,35,15158.5,443493.3,0.813,False,nan,nan
2026-10-07 00:56:41,2388.6,69.7,34.2,28.9,5.3,32.7,77131776,1266487296,36,15158.5,431174.3,0.813,False,nan,nan
2026-10-07 00:56:42,2389.6,30.1,33.8,29.0,4.8,32.7,77131776,1266487296,36,15158.5,431174.3,0.813,False,nan,nan
2026-10-07 00:56:43,2390.6,2.3,33.6,29.0,4.6,32.7,77131776,1266487296,36,15158.5,431174.3,0.817,False,46196.2,nan
2026-10-07 00:56:44,2391.6,25.1,33.9,29.1,4.9,32.7,77131776,1266610176,36,15158.5,431174.3,0.817,False,nan,nan
2026-10-07 00:56:47,2394.8,78.5,35.1,29.2,5.9,32.7,77131776,1267736576,36,15158.5,431174.3,0.821,False,nan,nan
2026-10-07 00:56:48,2395.8,10.2,34.5,29.0,5.5,32.7,77131776,1267736576,36,15158.5,431174.3,0.821,False,3789.5,nan
2026-10-07 00:56:49,2396.8,15.8,33.5,29.0,4.4,32.7,77131776,1268510720,36,15158.5,431174.3,0.821,False,nan,nan
2026-10-07 00:56:52,2400.1,58.3,34.2,29.2,5.0,32.4,77131776,1270480896,36,15158.5,431174.3,0.825,False,nan,nan
2026-10-07 00:56:53,2401.1,11.3,34.2,29.2,5.0,32.4,77131776,1270480896,36,15158.5,431174.3,0.825,False,3904.8,nan
2026-10-07 00:56:54,2402.1,19.2,34.5,29.3,5.2,32.4,77131776,1271291904,36,15158.5,431174.3,0.829,False,nan,nan
2026-10-07 00:56:57,2405.2,74.1,34.9,29.4,5.4,32.2,77131776,1273028608,36,15158.5,431174.3,0.829,False,nan,nan
2026-10-07 00:56:58,2406.2,12.0,33.9,29.2,4.7,32.2,77131776,1273028608,36,15158.5,431174.3,0.833,False,3752.2,nan
2026-10-07 00:56:59,2407.2,24.1,34.2,29.0,5.2,32.1,77131776,1274339328,36,15158.5,431174.3,0.833,False,nan,nan
2026-10-07 00:57:42,2449.9,80.4,35.5,29.0,6.5,32.3,77131776,1281757184,36,15158.5,431174.3,0.876,False,nan,nan
2026-10-07 00:57:44,2451.7,74.8,36.8,29.1,7.7,32.6,77131776,1281773568,36,15158.5,431174.3,0.879,False,nan,nan
2026-10-07 00:57:45,2452.7,67.7,37.3,29.3,7.9,32.6,77131776,1281773568,36,15158.5,431174.3,0.879,False,nan,nan
2026-10-07 00:57:46,2453.7,15.7,36.3,29.4,6.9,32.6,77131776,1281773568,37,15158.5,419521.1,0.879,False,46656.3,nan
2026-10-07 00:57:47,2454.7,9.9,36.3,29.4,6.9,32.5,77131776,1283457024,37,15158.5,419521.1,0.883,False,nan,nan
2026-10-07 00:57:50,2458.0,78.8,37.6,29.6,7.9,32.5,77131776,1283559424,37,15158.5,419521.1,0.883,False,nan,nan
2026-10-07 00:57:51,2459.0,11.3,37.7,29.6,8.2,32.5,77131776,1285611520,37,15158.5,419521.1,0.887,False,3778.0,nan
2026-10-07 00:57:52,2460.0,51.3,37.5,29.5,8.0,32.5,77131776,1285615616,37,15158.5,419521.1,0.887,False,nan,nan
2026-10-07 00:57:54,2461.8,74.0,37.4,29.7,7.7,32.6,77131776,1285632000,37,15158.5,419521.1,0.891,False,nan,nan
2026-10-07 00:57:55,2462.8,11.0,36.2,29.7,6.5,32.6,77131776,1285632000,37,15158.5,419521.1,0.891,False,2950.4,nan
2026-10-07 00:57:56,2463.8,56.2,35.9,29.9,6.0,32.6,77131776,1285632000,37,15158.5,419521.1,0.891,False,nan,nan
2026-10-07 00:57:59,2466.6,73.5,36.6,30.1,6.5,32.3,77131776,1288589312,37,15158.5,419521.1,0.894,False,nan,nan
2026-10-07 00:58:00,2467.6,8.1,36.7,30.0,6.7,32.3,77131776,1288605696,37,15158.5,419521.1,0.894,False,3769.9,nan
2026-10-07 00:58:01,2468.6,68.0,37.8,30.0,7.9,32.3,77131776,1288605696,37,15158.5,419521.1,0.894,False,nan,nan
2026-10-07 00:58:42,2510.4,80.4,38.7,30.2,8.5,32.5,77131776,1296596992,37,15158.5,419521.1,0.931,True,nan,nan
2026-10-07 00:58:43,2511.4,82.4,38.8,30.5,8.3,32.5,77131776,1296596992,37,15158.5,419521.1,0.934,True,nan,nan
2026-10-07 00:58:45,2512.6,72.7,39.8,30.7,9.1,32.7,77131776,1296613376,37,15158.5,419521.1,0.934,True,nan,nan
2026-10-07 00:58:46,2513.6,60.2,40.8,30.9,9.9,32.7,77131776,1296613376,38,15158.5,408481.3,0.934,True,nan,nan
2026-10-07 00:58:47,2514.6,14.7,40.8,30.8,10.0,32.7,77131776,1296613376,38,15158.5,408481.3,0.937,True,nan,46500.9
2026-10-07 00:58:48,2515.6,70.0,40.8,30.8,10.1,32.7,77131776,1298030592,38,15158.5,408481.3,0.937,True,nan,nan
2026-10-07 00:58:50,2518.3,78.2,42.0,31.0,11.0,32.7,77131776,1298268160,38,15158.5,408481.3,0.940,True,nan,nan
2026-10-07 00:58:51,2519.3,24.0,42.4,31.1,11.3,32.7,77131776,1298460672,38,15158.5,408481.3,0.940,True,nan,3945.2
2026-10-07 00:58:54,2521.9,73.5,43.3,31.3,12.0,32.7,77131776,1301876736,38,15158.5,408481.3,0.943,True,nan,nan
2026-10-07 00:58:55,2522.9,25.4,42.5,31.4,11.1,32.7,77131776,1301897216,38,15158.5,408481.3,0.943,True,nan,2992.1
2026-10-07 00:58:58,2526.3,74.8,43.7,31.5,12.2,32.4,77131776,1304604672,38,15158.5,408481.3,0.945,True,nan,nan
2026-10-07 00:58:59,2527.3,21.7,44.0,31.3,12.7,32.5,77131776,1304621056,38,15158.5,408481.3,0.945,False,3963.8,nan
2026-10-07 00:59:42,2570.2,80.7,45.0,31.3,13.7,32.8,77131776,1421135872,33,15158.5,470372.2,0.972,False,nan,nan
2026-10-07 00:59:43,2571.2,71.9,44.8,31.3,13.5,32.8,77131776,1421144064,34,15158.5,456538.0,0.974,False,nan,nan
2026-10-07 00:59:44,2572.2,66.2,44.6,31.5,13.1,32.8,77131776,1422278656,34,15158.5,456538.0,0.974,False,nan,nan
2026-10-07 00:59:45,2573.2,39.4,44.3,31.6,12.7,32.8,77131776,1422381056,34,15158.5,456538.0,0.974,False,nan,nan
2026-10-07 00:59:46,2574.2,24.6,44.5,31.7,12.9,32.8,77131776,1422381056,34,15158.5,456538.0,0.974,False,46253.8,nan
2026-10-07 00:59:49,2577.2,78.8,45.8,31.9,13.9,32.7,77131776,1425043456,34,15158.5,456538.0,0.976,False,nan,nan
2026-10-07 00:59:50,2578.2,20.6,45.8,32.0,13.8,32.7,77131776,1425240064,34,15158.5,456538.0,0.977,False,3698.5,nan
2026-10-07 00:59:53,2580.7,73.5,45.7,32.0,13.7,32.7,77131776,1425240064,34,15158.5,456538.0,0.977,False,nan,nan
2026-10-07 00:59:54,2581.7,19.7,45.8,32.0,13.8,32.7,77131776,1425240064,34,15158.5,456538.0,0.977,False,2909.7,nan
2026-10-07 00:59:57,2585.0,74.0,47.0,32.2,14.8,32.5,77131776,1427841024,34,15158.5,456538.0,0.979,False,nan,nan
2026-10-07 00:59:58,2586.0,20.9,46.6,32.3,14.2,32.5,77131776,1427841024,34,15158.5,456538.0,0.981,False,3751.5,nan
2026-10-07 01:00:40,2628.5,80.5,47.0,32.6,14.4,32.7,77131776,1435983872,34,15158.5,456538.0,0.994,False,nan,nan
2026-10-07 01:00:43,2631.4,50.8,47.7,32.6,15.1,32.8,77131776,1436037120,34,15158.5,456538.0,0.995,False,nan,nan
2026-10-07 01:00:44,2632.4,70.4,48.8,32.6,16.2,32.7,77131776,1436037120,34,15158.5,456538.0,0.995,False,nan,nan
2026-10-07 01:00:45,2633.4,18.6,48.1,32.7,15.5,32.7,77131776,1437962240,35,15158.5,443494.3,0.995,False,47637.7,nan
2026-10-07 01:00:46,2634.4,42.8,47.6,32.8,14.8,32.7,77131776,1437962240,35,15158.5,443494.3,0.996,False,nan,nan
2026-10-07 01:00:49,2637.3,78.5,48.8,33.1,15.7,32.8,77131776,1438535680,35,15158.5,443494.3,0.996,False,nan,nan
2026-10-07 01:00:50,2638.3,19.4,49.1,33.1,16.0,32.8,77131776,1440673792,35,15158.5,443494.3,0.997,False,3745.5,nan
2026-10-07 01:00:53,2640.8,74.1,49.3,33.2,16.1,32.8,77131776,1441050624,35,15158.5,443494.3,0.997,False,nan,nan
2026-10-07 01:00:54,2641.8,18.9,48.3,33.0,15.2,32.6,77131776,1441206272,35,15158.5,443494.3,0.997,False,2965.6,nan
2026-10-07 01:00:57,2645.0,74.2,48.1,33.2,14.9,32.6,77131776,1442406400,35,15158.5,443494.3,0.997,False,nan,nan
2026-10-07 01:00:58,2646.0,23.7,47.4,33.3,14.0,32.6,77131776,1442406400,35,15158.5,443494.3,0.998,False,3725.9,nan
2026-10-07 01:01:41,2688.7,80.3,48.2,33.6,14.6,32.7,77131776,1451192320,35,15158.5,443494.3,1.000,False,nan,nan
2026-10-07 01:01:43,2690.9,41.1,48.8,33.7,15.1,32.8,77131776,1451667456,35,15158.5,443494.3,1.000,False,nan,nan
2026-10-07 01:01:44,2691.9,76.6,49.7,33.8,15.9,32.8,77131776,1451667456,35,15158.5,443494.3,1.000,False,nan,nan
2026-10-07 01:01:45,2692.9,51.0,49.2,33.7,15.5,32.8,77131776,1452539904,36,15158.5,431175.2,1.000,False,nan,nan
2026-10-07 01:01:46,2693.9,5.3,49.2,33.5,15.6,32.8,77131776,1452539904,36,15158.5,431175.2,1.000,False,47634.0,nan
2026-10-07 01:01:49,2697.3,76.3,50.2,33.5,16.7,32.8,77131776,1454166016,36,15158.5,431175.2,1.000,False,nan,nan
2026-10-07 01:01:50,2698.3,18.9,49.5,33.4,16.2,32.8,77131776,1454829568,36,15158.5,431175.2,0.999,False,3755.6,nan
2026-10-07 01:01:53,2700.8,73.9,50.6,33.5,17.0,32.8,77131776,1457123328,36,15158.5,431175.2,0.999,False,nan,nan
2026-10-07 01:01:54,2701.8,17.9,50.5,33.6,17.0,32.8,77131776,1457283072,36,15158.5,431175.2,0.999,False,2941.1,nan
2026-10-07 01:01:57,2705.1,73.9,50.5,33.8,16.7,32.8,77131776,1457860608,36,15158.5,431175.2,0.999,False,nan,nan
2026-10-07 01:01:58,2706.1,18.7,50.6,33.9,16.8,32.8,77131776,1457889280,36,15158.5,431175.2,0.999,False,3698.4,nan
2026-10-07 01:02:41,2748.6,80.1,51.6,34.1,17.4,32.8,77131776,1466376192,36,15158.5,431175.2,0.993,False,nan,nan
2026-10-07 01:02:42,2749.6,79.0,51.6,34.1,17.4,32.8,77131776,1466376192,36,15158.5,431175.2,0.993,False,nan,nan
2026-10-07 01:02:43,2750.6,78.6,51.6,34.4,17.3,32.8,77131776,1466716160,36,15158.5,431175.2,0.993,False,nan,nan
2026-10-07 01:02:44,2751.6,66.3,51.6,34.6,17.0,32.8,77131776,1468649472,37,15158.5,419522.1,0.993,False,nan,nan
2026-10-07 01:02:45,2752.6,10.7,51.5,34.6,16.9,32.8,77131776,1468649472,37,15158.5,419522.1,0.993,False,46310.5,nan
2026-10-07 01:02:48,2756.1,76.6,52.6,34.9,17.8,32.8,77131776,1471291392,37,15158.5,419522.1,0.992,False,nan,nan
2026-10-07 01:02:49,2757.1,20.3,51.7,34.8,16.9,32.8,77131776,1471291392,37,15158.5,419522.1,0.992,False,3761.3,nan
2026-10-07 01:02:52,2759.6,73.6,52.7,34.8,17.9,32.8,77131776,1471291392,37,15158.5,419522.1,0.991,False,nan,nan
2026-10-07 01:02:53,2760.6,23.2,52.2,34.8,17.4,32.8,77131776,1471356928,37,15158.5,419522.1,0.991,False,2922.2,nan
2026-10-07 01:02:56,2763.8,73.7,52.2,35.1,17.1,32.8,77131776,1474572288,37,15158.5,419522.1,0.991,False,nan,nan
2026-10-07 01:02:57,2764.8,21.4,52.4,35.2,17.2,32.8,77131776,1474572288,37,15158.5,419522.1,0.991,False,3754.8,nan
2026-10-07 01:03:39,2807.3,80.1,52.8,35.4,17.4,32.8,77131776,1482686464,37,15158.5,419522.1,0.982,False,nan,nan
2026-10-07 01:03:41,2808.6,81.5,52.9,35.5,17.4,32.8,77131776,1482706944,37,15158.5,419522.1,0.982,False,nan,nan
2026-10-07 01:03:42,2809.6,77.2,54.1,35.5,18.5,32.8,77131776,1482706944,37,15158.5,419522.1,0.982,False,nan,nan
2026-10-07 01:03:43,2810.6,56.3,53.9,35.7,18.2,32.8,77131776,1482747904,38,15158.5,408482.2,0.982,True,nan,nan
2026-10-07 01:03:44,2811.6,11.0,52.7,35.7,17.0,32.8,77131776,1482747904,38,15158.5,408482.2,0.981,True,nan,46500.1
2026-10-07 01:03:47,2815.3,77.6,52.6,36.0,16.7,32.8,77131776,1484546048,38,15158.5,408482.2,0.980,True,nan,nan
2026-10-07 01:03:48,2816.3,22.0,51.8,36.0,15.8,32.8,77131776,1484550144,38,15158.5,408482.2,0.980,True,nan,4029.3
2026-10-07 01:03:51,2818.9,73.5,52.0,36.1,15.9,32.8,77131776,1487110144,38,15158.5,408482.2,0.980,True,nan,nan
2026-10-07 01:03:52,2819.9,22.3,52.1,35.9,16.2,32.8,77131776,1487261696,38,15158.5,408482.2,0.980,True,nan,3139.9
2026-10-07 01:03:55,2823.4,74.1,52.2,35.9,16.3,32.6,77131776,1490423808,38,15158.5,408482.2,0.979,True,nan,nan
2026-10-07 01:03:56,2824.4,27.0,51.4,35.8,15.6,32.6,77131776,1490452480,38,15158.5,408482.2,0.979,False,3911.7,nan
2026-10-07 01:04:39,2866.8,80.3,52.3,36.0,16.3,32.7,77135872,1607036928,32,15158.5,485071.0,0.972,False,nan,nan
2026-10-07 01:04:41,2869.0,82.1,52.4,36.2,16.2,32.7,77135872,1607798784,32,15158.5,485071.0,0.971,False,nan,nan
2026-10-07 01:04:42,2870.0,57.6,53.0,36.4,16.6,32.7,77135872,1607798784,33,15158.5,470372.1,0.971,False,nan,nan
2026-10-07 01:04:43,2871.0,6.9,51.8,36.4,15.4,32.7,77135872,1607798784,33,15158.5,470372.1,0.970,False,46358.3,nan
2026-10-07 01:04:46,2874.4,78.0,52.8,36.7,16.1,32.7,77135872,1610977280,33,15158.5,470372.1,0.970,False,nan,nan
2026-10-07 01:04:47,2875.4,19.2,51.8,36.5,15.3,32.7,77135872,1610977280,33,15158.5,470372.1,0.970,False,3757.6,nan
2026-10-07 01:04:50,2877.8,73.7,51.8,36.7,15.1,32.8,77135872,1611051008,33,15158.5,470372.1,0.970,False,nan,nan
2026-10-07 01:04:51,2878.8,21.2,51.0,36.7,14.3,32.8,77135872,1613721600,33,15158.5,470372.1,0.969,False,2884.2,nan
2026-10-07 01:04:54,2882.4,71.5,51.6,37.0,14.6,32.6,77135872,1613950976,33,15158.5,470372.1,0.969,False,nan,nan
2026-10-07 01:04:55,2883.4,22.0,51.5,37.0,14.5,32.6,77135872,1613950976,33,15158.5,470372.1,0.969,False,4009.3,nan
2026-10-07 01:05:38,2925.6,80.3,51.6,37.1,14.4,32.7,77135872,1622200320,33,15158.5,470372.1,0.964,False,nan,nan
2026-10-07 01:05:39,2927.5,81.3,52.6,37.2,15.4,32.7,77135872,1622228992,33,15158.5,470372.1,0.964,False,nan,nan
2026-10-07 01:05:40,2928.5,70.5,52.5,37.3,15.2,32.7,77135872,1622269952,33,15158.5,470372.1,0.964,False,nan,nan
2026-10-07 01:05:41,2929.5,22.2,52.6,37.4,15.1,32.7,77135872,1622269952,34,15158.5,456537.9,0.964,False,46113.7,nan
2026-10-07 01:05:42,2930.5,51.7,52.2,37.6,14.6,32.7,77135872,1623068672,34,15158.5,456537.9,0.964,False,nan,nan
2026-10-07 01:05:45,2933.2,77.8,53.1,37.8,15.3,32.7,77135872,1623638016,34,15158.5,456537.9,0.964,False,nan,nan
2026-10-07 01:05:46,2934.2,19.0,52.1,37.8,14.4,32.7,77135872,1623638016,34,15158.5,456537.9,0.964,False,3754.3,nan
2026-10-07 01:05:49,2937.0,69.8,52.4,37.7,14.7,32.8,77135872,1626259456,34,15158.5,456537.9,0.964,False,nan,nan
2026-10-07 01:05:50,2938.0,24.2,51.7,37.8,13.9,32.8,77135872,1626329088,34,15158.5,456537.9,0.964,False,3250.5,nan
2026-10-07 01:05:53,2941.3,74.4,52.6,38.0,14.5,32.5,77135872,1629827072,34,15158.5,456537.9,0.963,False,nan,nan
2026-10-07 01:05:54,2942.3,23.1,52.3,38.1,14.1,32.6,77135872,1630265344,34,15158.5,456537.9,0.963,False,3741.5,nan
2026-10-07 01:06:37,2984.5,80.3,52.3,38.4,13.9,32.7,77135872,1637072896,34,15158.5,456537.9,0.961,False,nan,nan
2026-10-07 01:06:38,2985.7,85.8,53.4,38.5,14.9,32.7,77135872,1637072896,34,15158.5,456537.9,0.961,False,nan,nan
2026-10-07 01:06:39,2986.7,76.7,53.4,38.5,15.0,32.7,77135872,1637666816,34,15158.5,456537.9,0.961,False,nan,nan
2026-10-07 01:06:40,2987.7,52.8,54.0,38.4,15.6,32.7,77135872,1637949440,35,15158.5,443494.2,0.961,False,nan,nan
2026-10-07 01:06:41,2988.7,11.7,53.0,38.2,14.8,32.7,77135872,1637949440,35,15158.5,443494.2,0.961,False,46095.6,nan
2026-10-07 01:06:44,2992.0,78.3,53.9,38.3,15.6,32.7,77135872,1639419904,35,15158.5,443494.2,0.961,False,nan,nan
2026-10-07 01:06:45,2993.0,21.4,52.9,38.3,14.6,32.7,77135872,1640005632,35,15158.5,443494.2,0.961,False,3732.6,nan
2026-10-07 01:06:48,2995.8,71.1,53.4,38.6,14.8,32.7,77135872,1640005632,35,15158.5,443494.2,0.961,False,nan,nan
2026-10-07 01:06:49,2996.8,22.2,52.5,38.6,13.9,32.7,77135872,1642631168,35,15158.5,443494.2,0.961,False,3174.2,nan
2026-10-07 01:06:52,3000.1,73.4,52.9,38.9,14.0,32.5,77135872,1643204608,35,15158.5,443494.2,0.961,False,nan,nan
2026-10-07 01:06:53,3001.1,20.3,53.1,38.8,14.3,32.5,77135872,1643204608,35,15158.5,443494.2,0.961,False,3848.6,nan
2026-10-07 01:07:35,3043.4,80.4,53.2,38.8,14.4,32.7,77135872,1651474432,35,15158.5,443494.2,0.961,False,nan,nan
2026-10-07 01:07:36,3044.4,82.0,54.2,39.0,15.2,32.8,77135872,1651474432,35,15158.5,443494.2,0.961,False,nan,nan
2026-10-07 01:07:37,3045.4,77.1,54.3,39.3,15.0,32.8,77135872,1651490816,35,15158.5,443494.2,0.961,False,nan,nan
2026-10-07 01:07:38,3046.4,60.7,55.0,39.5,15.5,32.7,77135872,1651490816,36,15158.5,431175.1,0.961,False,nan,nan
2026-10-07 01:07:39,3047.4,11.1,53.9,39.5,14.5,32.7,77135872,1651646464,36,15158.5,431175.1,0.961,False,46026.3,nan
2026-10-07 01:07:43,3050.8,78.5,54.9,39.6,15.4,32.7,77135872,1652703232,36,15158.5,431175.1,0.961,False,nan,nan
2026-10-07 01:07:44,3051.8,18.0,53.9,39.4,14.5,32.7,77135872,1652703232,36,15158.5,431175.1,0.961,False,3784.3,nan
2026-10-07 01:07:47,3054.7,70.9,53.8,39.6,14.2,32.8,77135872,1655029760,36,15158.5,431175.1,0.961,False,nan,nan
2026-10-07 01:07:48,3055.7,25.0,52.9,39.7,13.2,32.6,77135872,1655083008,36,15158.5,431175.1,0.961,False,3224.8,nan
2026-10-07 01:07:51,3058.9,73.5,53.0,39.9,13.1,32.5,77135872,1657946112,36,15158.5,431175.1,0.961,False,nan,nan
2026-10-07 01:07:52,3059.9,18.4,53.1,39.9,13.2,32.6,77135872,1657946112,36,15158.5,431175.1,0.961,False,3784.2,nan
2026-10-07 01:08:35,3102.8,80.5,53.2,40.0,13.2,31.8,77135872,1663815680,36,15158.5,431175.1,0.962,False,nan,nan
2026-10-07 01:08:36,3103.8,79.7,54.2,40.0,14.2,31.8,77135872,1663836160,36,15158.5,431175.1,0.962,False,nan,nan
2026-10-07 01:08:37,3104.8,70.8,54.1,40.2,14.0,31.8,77135872,1664827392,36,15158.5,431175.1,0.962,False,nan,nan
2026-10-07 01:08:38,3105.8,32.2,54.3,40.3,14.0,31.8,77135872,1664827392,37,15158.5,419522.0,0.962,False,46252.0,nan
2026-10-07 01:08:39,3106.8,26.6,53.5,40.3,13.2,31.8,77135872,1664827392,37,15158.5,419522.0,0.962,False,nan,nan
2026-10-07 01:08:42,3110.1,75.2,54.4,40.6,13.8,31.5,77135872,1667174400,37,15158.5,419522.0,0.962,False,nan,nan
2026-10-07 01:08:43,3111.1,19.3,53.4,40.4,13.0,31.5,77135872,1667174400,37,15158.5,419522.0,0.962,True,4010.1,nan
2026-10-07 01:08:46,3113.6,75.8,53.3,40.4,12.9,31.4,77135872,1667239936,37,15158.5,419522.0,0.962,True,nan,nan
2026-10-07 01:08:47,3114.6,23.3,52.4,40.2,12.2,31.4,77135872,1668112384,37,15158.5,419522.0,0.962,True,nan,2935.9
2026-10-07 01:08:50,3118.2,74.3,52.7,40.3,12.4,31.2,77135872,1668284416,37,15158.5,419522.0,0.962,True,nan,nan
2026-10-07 01:08:51,3119.2,27.9,53.0,40.3,12.7,31.2,77135872,1668325376,37,15158.5,419522.0,0.962,False,3993.3,nan
2026-10-07 01:09:35,3162.6,80.2,53.0,40.5,12.5,31.5,77135872,1788907520,32,15158.5,485071.9,0.960,False,nan,nan
2026-10-07 01:09:36,3164.1,81.5,54.0,40.8,13.2,31.5,77135872,1789247488,32,15158.5,485071.9,0.960,False,nan,nan
2026-10-07 01:09:37,3165.1,72.3,54.0,41.0,13.0,31.5,77135872,1789247488,32,15158.5,485071.9,0.960,False,nan,nan
2026-10-07 01:09:38,3166.1,16.2,53.9,41.0,12.9,31.5,77135872,1789898752,33,15158.5,470373.0,0.960,False,47105.5,nan
2026-10-07 01:09:39,3167.1,47.1,53.4,40.8,12.6,31.5,77135872,1789898752,33,15158.5,470373.0,0.960,False,nan,nan
2026-10-07 01:09:42,3169.9,78.1,54.3,41.1,13.2,31.5,77135872,1790021632,33,15158.5,470373.0,0.960,False,nan,nan
2026-10-07 01:09:43,3170.9,21.0,53.3,41.1,12.2,31.5,77135872,1792221184,33,15158.5,470373.0,0.960,False,3709.0,nan
2026-10-07 01:09:45,3173.4,74.5,53.2,41.4,11.8,31.5,77135872,1792479232,33,15158.5,470373.0,0.960,False,nan,nan
2026-10-07 01:09:46,3174.4,20.0,52.5,41.4,11.1,31.5,77135872,1792479232,33,15158.5,470373.0,0.960,False,2899.7,nan
2026-10-07 01:09:50,3177.7,74.8,53.7,41.5,12.2,31.3,77135872,1796513792,33,15158.5,470373.0,0.960,False,nan,nan
2026-10-07 01:09:51,3178.7,21.4,52.7,41.3,11.4,31.3,77135872,1796669440,33,15158.5,470373.0,0.960,False,3863.6,nan
2026-10-07 01:10:34,3222.4,78.6,53.7,41.5,12.2,31.8,79978496,1808171008,33,15158.5,470373.0,0.956,False,nan,nan
2026-10-07 01:10:36,3224.1,82.4,53.9,41.8,12.1,31.9,79978496,1808199680,33,15158.5,470373.0,0.956,False,nan,nan
2026-10-07 01:10:37,3225.1,72.0,54.7,42.0,12.7,31.9,79978496,1808236544,33,15158.5,470373.0,0.956,False,nan,nan
2026-10-07 01:10:38,3226.1,30.9,54.0,42.1,11.9,31.8,79978496,1808912384,34,15158.5,456538.8,0.956,False,47692.9,nan
2026-10-07 01:10:39,3227.1,34.1,54.2,42.0,12.2,31.8,79978496,1809219584,34,15158.5,456538.8,0.956,False,nan,nan
2026-10-07 01:10:42,3230.0,78.1,54.2,42.2,12.0,31.8,79978496,1809788928,34,15158.5,456538.8,0.955,False,nan,nan
2026-10-07 01:10:43,3231.1,22.1,53.2,42.3,10.9,31.9,79978496,1810341888,34,15158.5,456538.8,0.955,False,3682.4,nan
2026-10-07 01:10:46,3233.6,73.6,53.3,42.6,10.7,31.9,79978496,1812418560,34,15158.5,456538.8,0.955,False,nan,nan
2026-10-07 01:10:47,3234.6,22.9,53.3,42.6,10.7,31.8,79978496,1813057536,34,15158.5,456538.8,0.955,False,2980.8,nan
2026-10-07 01:10:50,3238.1,72.5,53.6,42.6,11.0,31.7,79978496,1814200320,34,15158.5,456538.8,0.954,False,nan,nan
2026-10-07 01:10:51,3239.1,24.0,52.7,42.5,10.3,31.7,79978496,1814200320,34,15158.5,456538.8,0.954,False,4072.8,nan
2026-10-07 01:11:33,3281.5,80.4,53.8,42.5,11.3,31.8,79978496,1821822976,34,15158.5,456538.8,0.948,False,nan,nan
2026-10-07 01:11:34,3282.5,83.1,54.0,42.5,11.5,31.9,79978496,1821822976,34,15158.5,456538.8,0.948,False,nan,nan
2026-10-07 01:11:35,3283.5,76.6,54.9,42.6,12.2,31.9,79978496,1822502912,34,15158.5,456538.8,0.948,False,nan,nan
2026-10-07 01:11:36,3284.5,55.6,54.5,42.8,11.7,31.9,79978496,1822900224,35,15158.5,443495.0,0.947,False,nan,nan
2026-10-07 01:11:37,3285.5,13.7,54.4,42.9,11.5,31.9,79978496,1823219712,35,15158.5,443495.0,0.947,False,45993.4,nan
2026-10-07 01:11:41,3288.8,80.8,54.4,43.1,11.3,31.8,79978496,1825624064,35,15158.5,443495.0,0.946,False,nan,nan
2026-10-07 01:11:42,3289.8,20.4,53.3,43.2,10.1,31.8,79978496,1825755136,35,15158.5,443495.0,0.946,False,3798.5,nan
2026-10-07 01:11:44,3292.3,72.9,53.2,43.1,10.1,31.9,79978496,1826336768,35,15158.5,443495.0,0.946,False,nan,nan
2026-10-07 01:11:45,3293.3,20.6,52.7,43.2,9.5,31.9,79978496,1826369536,35,15158.5,443495.0,0.946,False,2881.0,nan
2026-10-07 01:11:49,3296.9,72.5,53.7,43.4,10.3,31.8,79978496,1829519360,35,15158.5,443495.0,0.945,False,nan,nan
2026-10-07 01:11:50,3297.9,20.3,52.7,43.5,9.3,31.8,79978496,1829994496,35,15158.5,443495.0,0.945,False,4103.8,nan
2026-10-07 01:12:33,3340.5,80.3,53.7,43.7,10.0,31.8,79978496,1837338624,35,15158.5,443495.0,0.935,False,nan,nan
2026-10-07 01:12:34,3341.5,79.0,53.9,43.8,10.1,31.8,79978496,1837338624,35,15158.5,443495.0,0.935,False,nan,nan
2026-10-07 01:12:35,3342.5,78.2,54.8,44.0,10.8,31.8,79978496,1837367296,35,15158.5,443495.0,0.935,False,nan,nan
2026-10-07 01:12:36,3343.5,42.0,54.3,44.1,10.1,31.8,79978496,1837408256,36,15158.5,431176.0,0.935,False,nan,nan
2026-10-07 01:12:37,3344.5,17.6,54.2,44.2,10.0,31.8,79978496,1837408256,36,15158.5,431176.0,0.934,False,46075.6,nan
2026-10-07 01:12:40,3347.7,79.7,54.2,44.4,9.8,31.8,79978496,1838252032,36,15158.5,431176.0,0.933,False,nan,nan
2026-10-07 01:12:41,3348.7,18.1,53.1,44.3,8.9,31.8,79978496,1838718976,36,15158.5,431176.0,0.933,False,3759.7,nan
2026-10-07 01:12:43,3351.3,72.6,53.1,44.5,8.6,31.8,79978496,1841795072,36,15158.5,431176.0,0.932,False,nan,nan
2026-10-07 01:12:44,3352.3,19.2,52.4,44.5,7.9,31.8,79978496,1841848320,36,15158.5,431176.0,0.932,False,2914.9,nan
2026-10-07 01:12:48,3355.9,71.2,53.4,44.7,8.6,31.7,79978496,1842839552,36,15158.5,431176.0,0.931,False,nan,nan
2026-10-07 01:12:49,3356.9,18.6,52.4,44.8,7.6,31.7,79978496,1842839552,36,15158.5,431176.0,0.931,False,4112.3,nan
2026-10-07 01:13:31,3399.4,80.3,53.4,44.8,8.6,31.8,79978496,1851265024,36,15158.5,431176.0,0.919,False,nan,nan
2026-10-07 01:13:32,3400.4,79.8,53.6,44.8,8.8,31.9,79978496,1851265024,36,15158.5,431176.0,0.918,False,nan,nan
2026-10-07 01:13:33,3401.4,71.0,54.3,44.8,9.6,31.8,79978496,1851707392,36,15158.5,431176.0,0.918,False,nan,nan
2026-10-07 01:13:34,3402.4,45.7,53.9,44.8,9.0,31.8,79978496,1852104704,37,15158.5,419522.8,0.918,False,nan,nan
2026-10-07 01:13:35,3403.4,3.9,53.6,44.8,8.8,31.8,79978496,1852104704,37,15158.5,419522.8,0.918,False,46062.3,nan
2026-10-07 01:13:39,3406.8,77.4,53.6,45.1,8.5,31.8,79978496,1854312448,37,15158.5,419522.8,0.916,False,nan,nan
2026-10-07 01:13:40,3407.8,13.0,52.5,45.1,7.3,31.8,79978496,1854439424,37,15158.5,419522.8,0.915,False,3778.7,nan
2026-10-07 01:13:43,3410.8,68.0,52.4,45.2,7.2,31.9,79978496,1855606784,37,15158.5,419522.8,0.915,False,nan,nan
2026-10-07 01:13:44,3411.8,9.4,52.0,45.0,7.0,31.9,79978496,1857200128,37,15158.5,419522.8,0.914,True,3218.5,nan
2026-10-07 01:13:47,3415.3,73.7,52.8,45.2,7.6,31.7,79978496,1858170880,37,15158.5,419522.8,0.913,True,nan,nan
2026-10-07 01:13:48,3416.3,15.9,51.8,45.3,6.6,31.7,79978496,1858170880,37,15158.5,419522.8,0.913,False,3822.9,nan
2026-10-07 01:14:32,3460.5,80.2,52.9,45.5,7.3,31.8,79978496,1974734848,32,15158.5,485072.1,0.897,False,nan,nan
2026-10-07 01:14:33,3461.5,81.7,53.0,45.7,7.2,31.9,79978496,1974734848,32,15158.5,485072.1,0.897,False,nan,nan
2026-10-07 01:14:34,3462.5,61.1,53.6,45.7,7.9,31.9,79978496,1975689216,32,15158.5,485072.1,0.897,False,nan,nan
2026-10-07 01:14:35,3463.5,11.3,52.5,45.7,6.8,31.8,79978496,1975689216,33,15158.5,470373.2,0.897,False,47130.8,nan
2026-10-07 01:14:36,3464.5,13.0,52.3,45.7,6.5,31.8,79978496,1976524800,33,15158.5,470373.2,0.896,False,nan,nan
2026-10-07 01:14:40,3467.7,78.7,52.3,46.0,6.3,31.8,79978496,1978568704,33,15158.5,470373.2,0.895,False,nan,nan
2026-10-07 01:14:41,3468.7,10.9,51.1,46.0,5.1,31.8,79978496,1978753024,33,15158.5,470373.2,0.895,False,3707.5,nan
2026-10-07 01:14:42,3469.7,55.0,50.8,45.9,4.9,31.8,79978496,1978896384,33,15158.5,470373.2,0.895,False,nan,nan
2026-10-07 01:14:44,3471.7,73.3,51.7,46.1,5.6,31.8,79978496,1978933248,33,15158.5,470373.2,0.893,False,nan,nan
2026-10-07 01:14:45,3472.7,7.2,51.1,46.1,4.9,31.8,79978496,1979777024,33,15158.5,470373.2,0.893,False,3126.7,nan
2026-10-07 01:14:46,3473.7,68.4,50.9,46.4,4.6,31.9,79978496,1981304832,33,15158.5,470373.2,0.893,False,nan,nan
2026-10-07 01:14:48,3476.4,74.1,51.8,46.5,5.3,31.6,79978496,1981480960,33,15158.5,470373.2,0.892,False,nan,nan
2026-10-07 01:14:49,3477.4,6.2,50.7,46.3,4.4,31.6,79978496,1981485056,33,15158.5,470373.2,0.892,False,3816.0,nan
2026-10-07 01:14:50,3478.4,64.0,51.4,46.2,5.2,31.8,79978496,1983877120,33,15158.5,470373.2,0.892,False,nan,nan
2026-10-07 01:15:33,3520.8,80.4,51.5,46.3,5.2,31.8,79978496,1990029312,33,15158.5,470373.2,0.877,False,nan,nan
2026-10-07 01:15:34,3521.8,80.8,52.5,46.4,6.1,31.8,79978496,1990029312,33,15158.5,470373.2,0.877,False,nan,nan
2026-10-07 01:15:35,3522.8,67.8,52.3,46.6,5.7,31.8,79978496,1990074368,33,15158.5,470373.2,0.877,False,nan,nan
2026-10-07 01:15:36,3523.8,32.3,51.5,46.7,4.8,31.8,79978496,1990074368,34,15158.5,456538.9,0.876,False,46248.2,nan
2026-10-07 01:15:37,3524.8,2.2,50.3,46.7,3.6,31.8,79978496,1991315456,34,15158.5,456538.9,0.876,False,nan,nan
2026-10-07 01:15:40,3528.4,75.7,51.1,46.8,4.2,31.8,79982592,1992298496,34,15158.5,456538.9,0.875,False,nan,nan
2026-10-07 01:15:41,3529.4,7.3,50.6,46.6,4.0,31.8,79982592,1993859072,34,15158.5,456538.9,0.875,False,3987.4,nan
2026-10-07 01:15:42,3530.4,52.3,50.2,46.7,3.5,31.8,79982592,1993912320,34,15158.5,456538.9,0.875,False,nan,nan
2026-10-07 01:15:44,3532.3,73.2,51.0,46.9,4.1,31.8,79982592,1995300864,34,15158.5,456538.9,0.874,False,nan,nan
2026-10-07 01:15:45,3533.3,8.2,49.9,47.0,3.0,31.8,79982592,1995448320,34,15158.5,456538.9,0.874,False,2944.9,nan
2026-10-07 01:15:46,3534.3,47.8,50.4,47.0,3.3,31.8,79982592,1995448320,34,15158.5,456538.9,0.874,False,nan,nan
2026-10-07 01:15:49,3537.1,74.2,50.4,47.0,3.4,31.7,79982592,1996124160,34,15158.5,456538.9,0.873,False,nan,nan
2026-10-07 01:15:50,3538.1,7.7,50.1,47.0,3.1,31.7,79982592,1996124160,34,15158.5,456538.9,0.873,False,3754.6,nan
2026-10-07 01:15:51,3539.1,52.5,49.6,47.2,2.5,31.8,79982592,1996263424,34,15158.5,456538.9,0.872,False,nan,nan
2026-10-07 01:16:34,3581.8,80.1,49.6,47.5,2.1,31.8,79982592,2005823488,34,15158.5,456538.9,0.865,False,nan,nan
2026-10-07 01:16:35,3582.9,82.6,49.7,47.6,2.1,31.8,79982592,2005848064,34,15158.5,456538.9,0.865,False,nan,nan
2026-10-07 01:16:36,3583.9,72.6,50.0,47.6,2.4,31.8,79982592,2005856256,34,15158.5,456538.9,0.864,False,nan,nan
2026-10-07 01:16:37,3584.9,31.5,50.3,47.7,2.6,31.8,79982592,2005856256,35,15158.5,443495.2,0.864,False,46633.4,nan
2026-10-07 01:16:38,3585.9,1.4,49.0,47.7,1.3,31.8,79982592,2006654976,35,15158.5,443495.2,0.864,False,nan,nan
2026-10-07 01:16:39,3586.9,56.7,49.6,47.9,1.7,31.8,79982592,2006765568,35,15158.5,443495.2,0.864,False,nan,nan
2026-10-07 01:16:41,3589.5,79.2,49.7,48.0,1.7,31.8,79982592,2007990272,35,15158.5,443495.2,0.864,False,nan,nan
2026-10-07 01:16:42,3590.5,15.5,49.6,47.8,1.8,31.8,79982592,2009710592,35,15158.5,443495.2,0.864,False,3728.1,nan
2026-10-07 01:16:43,3591.5,43.7,49.1,47.6,1.5,31.8,79982592,2009710592,35,15158.5,443495.2,0.864,False,nan,nan
2026-10-07 01:16:46,3593.7,74.6,50.0,47.6,2.4,31.8,79982592,2010472448,35,15158.5,443495.2,0.864,False,nan,nan
2026-10-07 01:16:47,3594.7,11.6,48.9,47.5,1.4,31.8,79982592,2010492928,35,15158.5,443495.2,0.864,False,3035.7,nan
2026-10-07 01:16:48,3595.7,42.5,48.2,47.6,0.7,31.8,79982592,2012078080,35,15158.5,443495.2,0.864,False,nan,nan
2026-10-07 01:16:51,3598.7,73.1,48.2,47.8,0.3,31.7,79982592,2013388800,35,15158.5,443495.2,0.864,False,nan,nan
2026-10-07 01:16:52,3599.7,8.5,47.6,47.8,-0.2,31.7,79982592,2013388800,35,15158.5,443495.2,0.863,False,3838.1,nan
2026-10-07 01:16:53,3600.7,47.1,48.1,47.8,0.3,31.7,79982592,2013388800,35,15158.5,443495.2,0.863,False,nan,nan
2026-10-07 01:17:35,3643.0,80.1,48.1,47.8,0.3,31.8,79982592,2021769216,35,15158.5,443495.2,0.867,False,nan,nan
2026-10-07 01:17:36,3644.0,82.1,49.2,48.0,1.1,31.8,79982592,2021769216,35,15158.5,443495.2,0.868,False,nan,nan
2026-10-07 01:17:37,3645.0,74.5,49.2,48.3,0.9,31.8,79982592,2021838848,35,15158.5,443495.2,0.868,False,nan,nan
2026-10-07 01:17:38,3646.0,44.0,49.6,48.4,1.2,31.8,79982592,2021838848,36,15158.5,431176.1,0.868,False,nan,nan
2026-10-07 01:17:39,3647.0,2.2,48.5,48.2,0.2,31.8,79982592,2022637568,36,15158.5,431176.1,0.868,False,46244.8,nan
2026-10-07 01:17:40,3648.0,53.0,49.0,48.2,0.8,31.8,79982592,2022637568,36,15158.5,431176.1,0.869,False,nan,nan
2026-10-07 01:17:43,3650.7,77.9,49.0,48.4,0.6,31.8,79982592,2023219200,36,15158.5,431176.1,0.869,False,nan,nan
2026-10-07 01:17:44,3651.7,12.6,47.9,48.5,-0.6,31.8,79982592,2023219200,36,15158.5,431176.1,0.870,False,3743.4,nan
2026-10-07 01:17:45,3652.7,42.4,47.4,48.6,-1.2,31.8,79982592,2025787392,36,15158.5,431176.1,0.870,False,nan,nan
2026-10-07 01:17:47,3654.8,73.7,47.9,48.7,-0.9,31.8,79982592,2025840640,36,15158.5,431176.1,0.870,False,nan,nan
2026-10-07 01:17:48,3655.8,6.4,47.9,48.5,-0.6,31.8,79982592,2025996288,36,15158.5,431176.1,0.871,False,2934.7,nan
2026-10-07 01:17:49,3656.8,47.9,47.4,48.6,-1.2,31.8,79982592,2025996288,36,15158.5,431176.1,0.871,False,nan,nan
2026-10-07 01:17:52,3659.7,74.0,48.4,48.9,-0.4,31.7,79982592,2028720128,36,15158.5,431176.1,0.872,False,nan,nan
2026-10-07 01:17:53,3660.7,10.6,47.5,48.9,-1.4,31.7,79982592,2028720128,36,15158.5,431176.1,0.872,False,3903.9,nan
2026-10-07 01:17:54,3661.7,48.0,48.1,48.8,-0.7,31.7,79982592,2028859392,36,15158.5,431176.1,0.872,False,nan,nan
2026-10-07 01:18:36,3704.1,80.1,48.2,48.8,-0.6,31.8,79982592,2037997568,36,15158.5,431176.1,0.891,False,nan,nan
2026-10-07 01:18:37,3705.2,82.9,49.3,48.8,0.5,31.8,79982592,2038050816,36,15158.5,431176.1,0.891,False,nan,nan
2026-10-07 01:18:38,3706.2,73.1,49.2,48.8,0.4,31.8,79982592,2038050816,36,15158.5,431176.1,0.891,False,nan,nan
2026-10-07 01:18:39,3707.2,34.6,48.4,48.8,-0.4,31.8,79982592,2038050816,37,15158.5,419522.9,0.891,False,46194.3,nan
2026-10-07 01:18:40,3708.2,3.6,47.5,48.9,-1.4,31.8,79982592,2038489088,37,15158.5,419522.9,0.893,False,nan,nan
2026-10-07 01:18:43,3711.5,78.3,48.6,49.1,-0.5,31.8,79982592,2039750656,37,15158.5,419522.9,0.895,False,nan,nan
2026-10-07 01:18:44,3712.5,11.0,48.6,49.1,-0.5,31.8,79982592,2039750656,37,15158.5,419522.9,0.895,True,3736.2,nan
2026-10-07 01:18:45,3713.5,59.7,48.2,49.0,-0.7,31.8,79982592,2042019840,37,15158.5,419522.9,0.895,True,nan,nan
2026-10-07 01:18:48,3715.5,73.9,49.3,49.2,0.1,31.8,79982592,2042298368,37,15158.5,419522.9,0.897,True,nan,nan
2026-10-07 01:18:49,3716.6,10.8,48.6,49.2,-0.7,31.8,79982592,2042298368,37,15158.5,419522.9,0.897,True,nan,3136.4
2026-10-07 01:18:50,3717.6,66.5,48.4,49.4,-1.0,31.8,79982592,2042298368,37,15158.5,419522.9,0.897,True,nan,nan
2026-10-07 01:18:53,3720.5,72.0,49.5,49.4,0.1,31.6,79982592,2045403136,37,15158.5,419522.9,0.899,True,nan,nan
2026-10-07 01:18:54,3721.5,15.6,48.6,49.4,-0.8,31.6,79982592,2045403136,37,15158.5,419522.9,0.899,True,nan,4283.9
2026-10-07 01:18:55,3722.5,61.7,48.4,49.6,-1.2,31.6,79982592,2045403136,37,15158.5,419522.9,0.899,False,nan,nan
2026-10-07 01:19:37,3764.8,80.4,49.7,49.9,-0.2,31.8,79982592,2162573312,32,15158.5,485072.4,0.921,False,nan,nan
2026-10-07 01:19:38,3766.1,81.4,50.0,49.9,0.1,31.9,79982592,2162638848,32,15158.5,485072.4,0.921,False,nan,nan
2026-10-07 01:19:39,3767.1,63.9,49.7,50.1,-0.4,31.8,79982592,2162638848,33,15158.5,470373.5,0.921,False,nan,nan
2026-10-07 01:19:40,3768.1,24.6,48.8,50.2,-1.4,31.8,79982592,2162638848,33,15158.5,470373.5,0.922,False,46366.2,nan
2026-10-07 01:19:41,3769.1,34.0,48.2,50.2,-2.0,31.8,79982592,2162638848,33,15158.5,470373.5,0.922,False,nan,nan
2026-10-07 01:19:44,3772.0,78.1,49.0,50.2,-1.2,31.8,79982592,2164682752,33,15158.5,470373.5,0.924,False,nan,nan
2026-10-07 01:19:45,3773.0,15.4,49.2,50.0,-0.8,31.8,79982592,2164682752,33,15158.5,470373.5,0.924,False,3628.2,nan
2026-10-07 01:19:48,3776.0,71.9,49.1,50.0,-0.9,31.9,79982592,2167476224,33,15158.5,470373.5,0.925,False,nan,nan
2026-10-07 01:19:49,3777.0,14.6,49.2,50.0,-0.8,31.9,79982592,2167508992,33,15158.5,470373.5,0.925,False,3298.9,nan
2026-10-07 01:19:52,3780.3,74.0,49.6,50.3,-0.7,31.6,79982592,2170748928,33,15158.5,470373.5,0.926,False,nan,nan
2026-10-07 01:19:53,3781.3,13.6,48.6,50.2,-1.6,31.6,79982592,2171047936,33,15158.5,470373.5,0.926,False,3841.1,nan
2026-10-07 01:20:37,3824.7,80.4,49.8,50.2,-0.4,31.8,80076800,2177789952,33,15158.5,470373.5,0.931,False,nan,nan
2026-10-07 01:20:38,3825.8,81.4,50.4,50.5,-0.1,31.8,80076800,2178129920,33,15158.5,470373.5,0.931,False,nan,nan
2026-10-07 01:20:39,3826.8,54.0,50.0,50.7,-0.6,31.8,80076800,2178392064,34,15158.5,456539.3,0.931,False,nan,nan
2026-10-07 01:20:40,3827.8,11.6,50.1,50.5,-0.4,31.8,80076800,2178392064,34,15158.5,456539.3,0.930,False,46348.4,nan
2026-10-07 01:20:41,3828.8,48.1,50.0,50.5,-0.5,31.8,80076800,2178392064,34,15158.5,456539.3,0.930,False,nan,nan
2026-10-07 01:20:44,3831.6,77.9,50.0,50.7,-0.7,31.9,80076800,2181218304,34,15158.5,456539.3,0.929,False,nan,nan
2026-10-07 01:20:45,3832.6,16.5,48.9,50.8,-1.9,31.9,80076800,2181218304,34,15158.5,456539.3,0.929,False,3733.0,nan
2026-10-07 01:20:47,3835.4,70.9,48.9,50.8,-2.0,31.9,80076800,2181287936,34,15158.5,456539.3,0.928,False,nan,nan
2026-10-07 01:20:48,3836.4,17.6,48.6,50.6,-2.0,31.9,80076800,2183680000,34,15158.5,456539.3,0.928,False,3167.9,nan
2026-10-07 01:20:52,3839.7,73.6,49.8,50.9,-1.0,31.7,80076800,2183876608,34,15158.5,456539.3,0.927,False,nan,nan
2026-10-07 01:20:53,3840.7,15.9,49.1,50.9,-1.8,31.7,80076800,2183876608,34,15158.5,456539.3,0.927,False,3772.9,nan
2026-10-07 01:21:35,3883.4,80.4,49.2,51.0,-1.8,31.8,80076800,2192146432,34,15158.5,456539.3,0.898,False,nan,nan
2026-10-07 01:21:36,3884.4,79.6,50.2,51.0,-0.7,31.9,80076800,2192146432,34,15158.5,456539.3,0.894,False,nan,nan
2026-10-07 01:21:37,3885.4,67.1,50.6,50.9,-0.3,31.9,80076800,2192216064,34,15158.5,456539.3,0.894,False,nan,nan
2026-10-07 01:21:38,3886.4,63.8,50.4,50.9,-0.4,31.8,80076800,2192216064,35,15158.5,443495.5,0.894,False,nan,nan
2026-10-07 01:21:39,3887.5,13.7,50.5,50.8,-0.4,31.8,80076800,2193285120,35,15158.5,443495.5,0.894,False,46530.0,nan
2026-10-07 01:21:40,3888.5,37.0,50.4,50.9,-0.6,31.8,80076800,2193285120,35,15158.5,443495.5,0.890,False,nan,nan
2026-10-07 01:21:43,3891.4,78.1,50.5,51.1,-0.7,31.8,80076800,2193854464,35,15158.5,443495.5,0.890,False,nan,nan
2026-10-07 01:21:44,3892.4,7.0,50.4,50.9,-0.4,31.8,80076800,2193854464,35,15158.5,443495.5,0.886,False,3745.8,nan
2026-10-07 01:21:45,3893.4,59.7,50.7,51.1,-0.4,31.9,80076800,2196566016,35,15158.5,443495.5,0.886,False,nan,nan
2026-10-07 01:21:47,3895.3,72.6,50.5,51.2,-0.7,31.9,80076800,2196619264,35,15158.5,443495.5,0.881,False,nan,nan
2026-10-07 01:21:48,3896.3,6.6,49.3,51.1,-1.8,31.9,80076800,2196787200,35,15158.5,443495.5,0.881,False,2893.9,nan
2026-10-07 01:21:49,3897.3,59.0,49.0,51.2,-2.2,31.9,80076800,2197651456,35,15158.5,443495.5,0.881,False,nan,nan
2026-10-07 01:21:52,3900.0,74.1,49.5,51.4,-1.9,31.6,80076800,2199764992,35,15158.5,443495.5,0.877,False,nan,nan
2026-10-07 01:21:53,3901.0,7.8,49.6,51.2,-1.6,31.6,80076800,2199764992,35,15158.5,443495.5,0.877,False,3769.9,nan
2026-10-07 01:21:54,3902.0,55.6,49.7,51.3,-1.7,31.6,80076800,2199908352,35,15158.5,443495.5,0.877,False,nan,nan
2026-10-07 01:22:36,3943.8,80.4,49.7,51.5,-1.8,31.8,80076800,2207920128,35,15158.5,443495.5,0.813,False,nan,nan
2026-10-07 01:22:39,3946.8,52.2,50.4,51.4,-1.1,31.9,80076800,2207981568,35,15158.5,443495.5,0.806,False,nan,nan
2026-10-07 01:22:40,3947.8,73.7,50.9,51.4,-0.5,31.9,80076800,2207981568,35,15158.5,443495.5,0.799,False,nan,nan
2026-10-07 01:22:41,3948.8,27.0,50.1,51.3,-1.2,31.9,80076800,2207981568,36,15158.5,431176.4,0.799,False,47718.9,nan
2026-10-07 01:22:42,3949.8,1.7,50.0,51.2,-1.2,31.9,80076800,2209067008,36,15158.5,431176.4,0.799,False,nan,nan
2026-10-07 01:22:43,3950.8,20.6,49.6,51.3,-1.7,31.9,80076800,2209067008,36,15158.5,431176.4,0.799,False,nan,nan
2026-10-07 01:22:46,3953.9,78.8,49.6,51.3,-1.6,31.8,80076800,2210197504,36,15158.5,431176.4,0.792,False,nan,nan
2026-10-07 01:22:47,3954.9,13.6,49.7,51.3,-1.6,31.8,80076800,2212286464,36,15158.5,431176.4,0.792,False,3740.3,nan
2026-10-07 01:22:48,3955.9,1.6,48.9,51.1,-2.2,31.8,80076800,2212507648,36,15158.5,431176.4,0.785,False,nan,nan
2026-10-07 01:22:51,3958.7,71.7,48.8,51.1,-2.3,31.9,80076800,2212642816,36,15158.5,431176.4,0.785,False,nan,nan
2026-10-07 01:22:52,3959.7,11.1,47.6,51.1,-3.5,31.8,80076800,2214944768,36,15158.5,431176.4,0.778,False,3041.5,nan
2026-10-07 01:22:53,3960.7,0.9,46.4,50.9,-4.5,31.8,80076800,2214957056,36,15158.5,431176.4,0.778,False,nan,nan
2026-10-07 01:22:56,3964.2,71.9,47.0,50.9,-3.9,31.7,80076800,2217631744,36,15158.5,431176.4,0.770,False,nan,nan
2026-10-07 01:22:57,3965.2,7.4,47.1,50.9,-3.9,31.7,80076800,2217631744,36,15158.5,431176.4,0.770,False,3775.0,nan
2026-10-07 01:22:58,3966.2,0.9,45.8,50.7,-4.9,31.7,80076800,2217631744,36,15158.5,431176.4,0.770,False,nan,nan
2026-10-07 01:22:59,3967.2,67.4,46.7,50.7,-3.9,31.7,80076800,2217660416,36,15158.5,431176.4,0.763,False,nan,nan
2026-10-07 01:23:41,4009.4,80.6,47.1,50.6,-3.6,31.8,80076800,2224263168,36,15158.5,431176.4,0.678,False,nan,nan
2026-10-07 01:23:42,4010.4,81.4,47.2,50.7,-3.5,31.8,80076800,2225725440,36,15158.5,431176.4,0.678,False,nan,nan
2026-10-07 01:23:43,4011.4,72.9,48.2,50.7,-2.5,31.8,80076800,2225766400,36,15158.5,431176.4,0.678,False,nan,nan
2026-10-07 01:23:44,4012.4,41.0,47.8,50.8,-3.0,31.8,80076800,2225766400,37,15158.6,419523.2,0.670,False,nan,nan
2026-10-07 01:23:45,4013.4,2.7,46.6,50.6,-3.9,31.8,80076800,2225766400,37,15158.6,419523.2,0.670,True,46239.2,nan
2026-10-07 01:23:46,4014.4,5.8,46.5,50.3,-3.9,31.8,80076800,2225766400,37,15158.6,419523.2,0.670,True,nan,nan
2026-10-07 01:23:47,4015.4,15.0,45.7,50.3,-4.6,31.9,80076800,2226290688,37,15158.6,419523.2,0.662,True,nan,nan
2026-10-07 01:23:51,4018.9,78.3,45.7,50.3,-4.7,31.8,80076800,2227118080,37,15158.6,419523.2,0.662,True,nan,nan
2026-10-07 01:23:52,4019.9,13.8,44.5,50.3,-5.7,31.8,80076800,2227118080,37,15158.6,419523.2,0.654,True,nan,3984.5
2026-10-07 01:23:53,4020.9,6.5,43.6,50.1,-6.5,31.8,80076800,2229731328,37,15158.6,419523.2,0.654,True,nan,nan
2026-10-07 01:23:54,4021.9,6.4,43.3,50.0,-6.7,31.8,80076800,2229784576,37,15158.6,419523.2,0.654,True,nan,nan
2026-10-07 01:23:55,4022.9,68.5,43.9,50.0,-6.1,31.8,80076800,2229895168,37,15158.6,419523.2,0.647,True,nan,nan
2026-10-07 01:23:57,4024.8,72.9,43.8,50.0,-6.2,31.9,80076800,2229899264,37,15158.6,419523.2,0.647,True,nan,nan
2026-10-07 01:23:58,4025.8,12.1,43.7,49.8,-6.1,31.8,80076800,2232033280,32,15158.5,485072.5,0.647,False,3164.2,nan
2026-10-07 01:23:59,4026.8,0.9,42.5,49.7,-7.1,31.9,80076800,2232197120,32,15158.5,485072.5,0.639,False,nan,nan
2026-10-07 01:24:00,4027.8,1.0,42.3,49.6,-7.3,31.9,80076800,2237767680,32,15158.5,485072.5,0.639,False,nan,nan
2026-10-07 01:24:01,4028.8,60.0,42.1,49.5,-7.4,31.9,80076800,2237767680,32,15158.5,485072.5,0.639,False,nan,nan
2026-10-07 01:24:03,4031.5,74.3,43.1,49.7,-6.6,31.7,80076800,2240012288,32,15158.5,485072.5,0.631,False,nan,nan
2026-10-07 01:24:04,4032.5,6.6,41.9,49.5,-7.6,31.7,80076800,2240012288,32,15158.5,485072.5,0.631,False,3772.6,nan
2026-10-07 01:24:05,4033.5,1.7,40.5,49.4,-8.9,31.7,80076800,2343727104,32,15158.5,485072.5,0.631,False,nan,nan
2026-10-07 01:24:06,4034.5,1.3,39.6,49.2,-9.5,31.7,80076800,2343727104,32,15158.5,485072.5,0.624,False,nan,nan
2026-10-07 01:24:07,4035.5,59.2,40.4,49.3,-8.9,31.7,80076800,2343727104,32,15158.5,485072.5,0.624,False,nan,nan
2026-10-07 01:24:50,4077.7,80.1,41.0,49.3,-8.3,31.8,80076800,2351341568,32,15158.5,485072.5,0.543,False,nan,nan
2026-10-07 01:24:51,4079.3,81.1,41.0,49.4,-8.4,31.9,80076800,2351370240,32,15158.5,485072.5,0.537,False,nan,nan
2026-10-07 01:24:52,4080.3,62.3,41.8,49.4,-7.6,31.8,80076800,2351411200,33,15158.5,470373.6,0.537,False,nan,nan
2026-10-07 01:24:53,4081.3,14.6,40.9,49.4,-8.5,31.8,80076800,2351411200,33,15158.5,470373.6,0.537,False,46387.1,nan
2026-10-07 01:24:54,4082.3,1.1,40.6,49.2,-8.6,31.8,80076800,2352209920,33,15158.5,470373.6,0.537,False,nan,nan
2026-10-07 01:24:55,4083.3,1.1,39.4,49.0,-9.6,31.8,80076800,2352209920,33,15158.5,470373.6,0.530,False,nan,nan
2026-10-07 01:24:56,4084.3,1.1,39.1,48.9,-9.8,31.8,80076800,2352209920,33,15158.5,470373.6,0.530,False,nan,nan
2026-10-07 01:24:57,4085.3,40.6,38.5,48.8,-10.3,31.8,80076800,2352754688,33,15158.5,470373.6,0.530,False,nan,nan
2026-10-07 01:25:00,4088.2,78.2,38.4,49.0,-10.6,31.8,80076800,2354515968,33,15158.5,470373.6,0.523,False,nan,nan
2026-10-07 01:25:01,4089.2,7.8,37.4,48.8,-11.3,31.8,80076800,2354515968,33,15158.5,470373.6,0.523,False,3715.7,nan
2026-10-07 01:25:02,4090.2,0.8,36.4,48.7,-12.3,31.8,80076800,2354515968,33,15158.5,470373.6,0.523,False,nan,nan
2026-10-07 01:25:03,4091.2,1.6,36.2,48.4,-12.2,31.8,80076800,2355011584,33,15158.5,470373.6,0.517,False,nan,nan
2026-10-07 01:25:04,4092.2,1.4,35.6,48.3,-12.7,31.8,80076800,2356158464,33,15158.5,470373.6,0.517,False,nan,nan
2026-10-07 01:25:05,4093.2,62.8,35.3,48.3,-12.9,31.8,80076800,2356158464,33,15158.5,470373.6,0.517,False,nan,nan
2026-10-07 01:25:07,4095.0,74.4,36.5,48.3,-11.9,31.9,80076800,2356260864,33,15158.5,470373.6,0.510,False,nan,nan
2026-10-07 01:25:08,4096.0,6.4,35.6,48.3,-12.8,31.9,80076800,2356260864,33,15158.5,470373.6,0.510,False,2952.5,nan
2026-10-07 01:25:09,4097.0,1.2,34.4,48.1,-13.7,31.9,80076800,2356428800,33,15158.5,470373.6,0.510,False,nan,nan
2026-10-07 01:25:10,4098.0,2.6,34.3,48.0,-13.7,31.8,80076800,2359058432,33,15158.5,470373.6,0.504,False,nan,nan
2026-10-07 01:25:11,4099.0,0.8,33.4,47.8,-14.4,31.8,80076800,2359058432,33,15158.5,470373.6,0.504,False,nan,nan
2026-10-07 01:25:12,4100.0,59.7,33.1,47.9,-14.8,31.7,80076800,2359058432,33,15158.5,470373.6,0.504,False,nan,nan
2026-10-07 01:25:15,4102.6,75.1,34.2,47.9,-13.7,31.7,80076800,2361077760,33,15158.5,470373.6,0.498,False,nan,nan
2026-10-07 01:25:16,4103.6,11.0,33.5,47.9,-14.4,31.7,80076800,2361077760,33,15158.5,470373.6,0.498,False,3749.8,nan
2026-10-07 01:25:17,4104.6,1.0,32.2,47.6,-15.5,31.7,80076800,2361077760,33,15158.5,470373.6,0.498,False,nan,nan
2026-10-07 01:25:18,4105.6,1.6,31.3,47.4,-16.1,31.7,80076800,2361077760,33,15158.5,470373.6,0.492,False,nan,nan
2026-10-07 01:25:19,4106.6,0.9,30.1,47.1,-17.0,31.7,80076800,2361106432,33,15158.5,470373.6,0.492,False,nan,nan
2026-10-07 01:25:20,4107.6,38.2,30.3,47.0,-16.7,31.7,80076800,2362114048,33,15158.5,470373.6,0.492,False,nan,nan
2026-10-07 01:26:01,4149.4,80.4,31.6,47.3,-15.6,31.9,80076800,2368561152,33,15158.5,470373.6,0.430,False,nan,nan
2026-10-07 01:26:02,4150.4,76.2,32.5,47.3,-14.7,31.9,80076800,2368561152,34,15158.5,456539.3,0.430,False,nan,nan
2026-10-07 01:26:03,4151.4,70.1,32.4,47.4,-15.0,31.9,80076800,2368565248,34,15158.5,456539.3,0.425,False,nan,nan
2026-10-07 01:26:04,4152.4,50.5,33.0,47.3,-14.3,31.9,80076800,2369085440,34,15158.5,456539.3,0.425,False,nan,nan
2026-10-07 01:26:05,4153.4,7.6,33.1,47.3,-14.2,31.9,80076800,2369085440,34,15158.5,456539.3,0.425,False,45832.5,nan
2026-10-07 01:26:06,4154.4,1.0,31.9,47.1,-15.1,31.9,80076800,2369851392,34,15158.5,456539.3,0.420,False,nan,nan
2026-10-07 01:26:07,4155.4,1.0,31.8,47.0,-15.2,31.9,80076800,2369851392,34,15158.5,456539.3,0.420,False,nan,nan
2026-10-07 01:26:08,4156.4,0.9,31.8,46.7,-15.0,31.9,80076800,2369851392,34,15158.5,456539.3,0.420,False,nan,nan
2026-10-07 01:26:09,4157.4,1.2,30.6,46.5,-15.9,31.9,80076800,2369904640,34,15158.5,456539.3,0.420,False,nan,nan
2026-10-07 01:26:13,4160.8,77.4,31.8,46.5,-14.7,31.9,80076800,2371174400,34,15158.5,456539.3,0.415,False,nan,nan
2026-10-07 01:26:14,4161.8,11.6,31.9,46.3,-14.4,31.9,80076800,2371174400,34,15158.5,456539.3,0.411,False,3758.0,nan
2026-10-07 01:26:15,4162.8,0.9,30.8,46.3,-15.5,31.9,80076800,2371219456,34,15158.5,456539.3,0.411,False,nan,nan
2026-10-07 01:26:16,4163.8,1.3,29.5,46.0,-16.5,31.9,80076800,2371325952,34,15158.5,456539.3,0.411,False,nan,nan
2026-10-07 01:26:17,4164.8,1.3,28.2,45.9,-17.8,31.9,80076800,2372939776,34,15158.5,456539.3,0.411,False,nan,nan
2026-10-07 01:26:18,4165.8,1.6,27.0,45.7,-18.7,31.9,80076800,2372939776,34,15158.5,456539.3,0.406,False,nan,nan
2026-10-07 01:26:21,4168.5,71.5,27.5,45.9,-18.4,31.9,80076800,2373070848,34,15158.5,456539.3,0.406,False,nan,nan
2026-10-07 01:26:22,4169.5,5.3,27.5,45.6,-18.1,31.9,80076800,2375241728,34,15158.5,456539.3,0.401,False,2921.6,nan
2026-10-07 01:26:23,4170.5,1.1,27.4,45.6,-18.1,31.9,80076800,2375241728,34,15158.5,456539.3,0.401,False,nan,nan
2026-10-07 01:26:24,4171.5,1.3,27.2,45.3,-18.1,31.9,80076800,2375241728,34,15158.5,456539.3,0.401,False,nan,nan
2026-10-07 01:26:25,4172.5,0.9,25.9,45.0,-19.1,31.9,80076800,2375577600,34,15158.5,456539.3,0.401,False,nan,nan
2026-10-07 01:26:26,4173.6,1.8,25.7,44.8,-19.1,31.9,80076800,2375688192,34,15158.5,456539.3,0.397,False,nan,nan
2026-10-07 01:26:29,4177.3,71.7,26.8,45.1,-18.2,31.7,80076800,2376589312,34,15158.5,456539.3,0.392,False,nan,nan
2026-10-07 01:26:30,4178.3,9.7,26.9,44.8,-18.0,31.7,80076800,2376617984,34,15158.5,456539.3,0.392,False,4075.1,nan
2026-10-07 01:26:31,4179.3,1.0,25.7,44.8,-19.0,31.7,80076800,2378969088,34,15158.5,456539.3,0.392,False,nan,nan
2026-10-07 01:26:32,4180.3,1.1,24.6,44.5,-20.0,31.7,80076800,2378969088,34,15158.5,456539.3,0.392,False,nan,nan
2026-10-07 01:26:33,4181.3,1.2,24.4,44.5,-20.1,31.7,80076800,2378969088,34,15158.5,456539.3,0.388,False,nan,nan
2026-10-07 01:26:34,4182.3,1.4,24.4,44.2,-19.8,31.7,80076800,2378969088,34,15158.5,456539.3,0.388,False,nan,nan
2026-10-07 01:26:35,4183.3,62.9,25.4,44.4,-19.0,31.9,80076800,2378969088,34,15158.5,456539.3,0.388,False,nan,nan
2026-10-07 01:27:17,4225.2,80.4,25.7,44.4,-18.6,31.8,80076800,2385158144,34,15158.5,456539.3,0.344,False,nan,nan
2026-10-07 01:27:18,4226.2,81.2,25.9,44.4,-18.5,31.9,80076800,2385354752,34,15158.5,456539.3,0.340,False,nan,nan
2026-10-07 01:27:19,4227.2,71.1,26.9,44.4,-17.4,31.9,80076800,2385412096,34,15158.5,456539.3,0.340,False,nan,nan
2026-10-07 01:27:20,4228.2,43.9,27.6,44.4,-16.8,31.9,80076800,2386374656,35,15158.5,443495.6,0.340,False,nan,nan
2026-10-07 01:27:21,4229.2,1.9,27.7,44.3,-16.6,31.9,80076800,2386374656,35,15158.5,443495.6,0.336,False,46045.0,nan
2026-10-07 01:27:22,4230.2,1.1,26.7,44.0,-17.3,31.9,80076800,2386374656,35,15158.5,443495.6,0.336,False,nan,nan
2026-10-07 01:27:23,4231.2,0.9,25.4,44.0,-18.6,31.9,80076800,2386620416,35,15158.5,443495.6,0.336,False,nan,nan
2026-10-07 01:27:24,4232.2,1.5,24.0,43.7,-19.7,31.9,80076800,2386735104,35,15158.5,443495.6,0.336,False,nan,nan
2026-10-07 01:27:25,4233.2,1.1,23.0,43.6,-20.6,31.9,80076800,2387169280,35,15158.5,443495.6,0.333,False,nan,nan
2026-10-07 01:27:26,4234.2,36.5,23.4,43.5,-20.1,31.9,80076800,2387546112,35,15158.5,443495.6,0.333,False,nan,nan
2026-10-07 01:27:29,4237.1,77.9,24.7,43.7,-19.0,31.9,80076800,2388262912,35,15158.5,443495.6,0.329,False,nan,nan
2026-10-07 01:27:30,4238.1,13.5,24.9,43.5,-18.6,31.9,80076800,2388262912,35,15158.5,443495.6,0.329,False,3730.7,nan
2026-10-07 01:27:31,4239.1,0.9,24.9,43.2,-18.3,31.9,80076800,2389405696,35,15158.5,443495.6,0.329,False,nan,nan
2026-10-07 01:27:32,4240.2,1.0,24.2,42.9,-18.7,31.9,80076800,2389405696,35,15158.5,443495.6,0.329,False,nan,nan
2026-10-07 01:27:33,4241.2,0.9,22.9,42.8,-19.9,31.9,80076800,2390327296,35,15158.5,443495.6,0.326,False,nan,nan
2026-10-07 01:27:34,4242.2,1.3,22.8,42.7,-19.9,31.9,80076800,2390327296,35,15158.5,443495.6,0.326,False,nan,nan
2026-10-07 01:27:35,4243.2,18.9,23.1,42.5,-19.4,31.9,80076800,2390368256,35,15158.5,443495.6,0.326,False,nan,nan
2026-10-07 01:27:38,4245.6,72.9,24.3,42.7,-18.4,31.9,80076800,2390736896,35,15158.5,443495.6,0.322,False,nan,nan
2026-10-07 01:27:39,4246.6,7.1,24.4,42.5,-18.1,31.9,80076800,2392297472,35,15158.5,443495.6,0.322,False,2988.2,nan
2026-10-07 01:27:40,4247.6,1.3,23.4,42.4,-19.1,31.9,80076800,2392326144,35,15158.5,443495.6,0.322,False,nan,nan
2026-10-07 01:27:41,4248.6,1.2,22.1,42.2,-20.0,31.9,80076800,2392326144,35,15158.5,443495.6,0.319,False,nan,nan
2026-10-07 01:27:42,4249.6,0.9,22.1,42.1,-20.1,31.9,80076800,2393432064,35,15158.5,443495.6,0.319,False,nan,nan
2026-10-07 01:27:43,4250.6,0.9,22.1,41.9,-19.8,31.9,80076800,2393432064,35,15158.5,443495.6,0.319,False,nan,nan
2026-10-07 01:27:44,4251.6,18.8,22.3,41.6,-19.3,31.9,80076800,2393452544,35,15158.5,443495.6,0.319,False,nan,nan
2026-10-07 01:27:47,4255.2,71.5,23.5,41.6,-18.1,31.7,80076800,2394435584,35,15158.5,443495.6,0.315,False,nan,nan
2026-10-07 01:27:48,4256.2,6.9,22.6,41.4,-18.8,31.7,80076800,2396000256,35,15158.5,443495.6,0.312,False,4179.6,nan
2026-10-07 01:27:49,4257.2,0.9,21.4,41.4,-20.0,31.7,80076800,2396098560,35,15158.5,443495.6,0.312,False,nan,nan
2026-10-07 01:27:50,4258.2,0.9,21.2,41.2,-19.9,31.7,80076800,2396098560,35,15158.5,443495.6,0.312,False,nan,nan
2026-10-07 01:27:51,4259.2,1.0,21.2,41.1,-19.9,31.7,80076800,2396499968,35,15158.5,443495.6,0.308,False,nan,nan
2026-10-07 01:27:52,4260.2,1.3,21.2,40.9,-19.7,31.7,80076800,2397028352,35,15158.5,443495.6,0.308,False,nan,nan
2026-10-07 01:27:53,4261.2,16.1,21.5,40.8,-19.4,31.7,80076800,2397052928,35,15158.5,443495.6,0.308,False,nan,nan
2026-10-07 01:28:36,4303.6,80.4,22.2,40.9,-18.7,31.8,80076800,2402623488,35,15158.5,443495.6,0.273,False,nan,nan
2026-10-07 01:28:37,4304.7,81.8,22.2,41.1,-18.9,31.9,80076800,2402623488,35,15158.5,443495.6,0.270,False,nan,nan
2026-10-07 01:28:38,4305.7,76.1,22.2,41.1,-18.9,31.9,80076800,2402689024,35,15158.5,443495.6,0.270,False,nan,nan
2026-10-07 01:28:39,4306.7,49.1,21.8,41.0,-19.1,31.8,80076800,2402689024,36,15158.5,431176.5,0.270,False,nan,nan
2026-10-07 01:28:40,4307.7,4.8,21.1,40.7,-19.7,31.8,80076800,2403504128,36,15158.5,431176.5,0.270,False,46114.3,nan
2026-10-07 01:28:41,4308.7,1.0,21.0,40.6,-19.7,31.8,80076800,2403504128,36,15158.5,431176.5,0.267,False,nan,nan
2026-10-07 01:28:42,4309.7,0.9,21.0,40.5,-19.6,31.8,80076800,2403504128,36,15158.5,431176.5,0.267,False,nan,nan
2026-10-07 01:28:43,4310.7,0.9,21.0,40.3,-19.3,31.8,80076800,2403639296,36,15158.5,431176.5,0.267,False,nan,nan
2026-10-07 01:28:44,4311.7,1.5,21.0,40.2,-19.3,31.8,80076800,2404069376,36,15158.5,431176.5,0.267,False,nan,nan
2026-10-07 01:28:45,4312.7,1.4,21.0,40.0,-19.0,31.8,80076800,2404569088,36,15158.5,431176.5,0.264,False,nan,nan
2026-10-07 01:28:46,4313.7,66.0,20.8,40.1,-19.3,31.8,80076800,2404868096,36,15158.5,431176.5,0.264,True,nan,nan
2026-10-07 01:28:48,4316.3,78.4,21.9,40.1,-18.2,31.8,80076800,2405027840,36,15158.5,431176.5,0.261,True,nan,nan
2026-10-07 01:28:49,4317.3,16.4,22.2,40.1,-18.0,31.8,80076800,2405027840,36,15158.5,431176.5,0.261,True,nan,3741.0
2026-10-07 01:28:50,4318.3,6.2,22.2,39.9,-17.6,31.8,80076800,2407124992,36,15158.5,431176.5,0.261,True,nan,nan
2026-10-07 01:28:51,4319.3,6.1,22.3,39.6,-17.3,31.8,80076800,2407124992,36,15158.5,431176.5,0.259,True,nan,nan
2026-10-07 01:28:52,4320.3,6.0,22.4,39.4,-17.0,31.8,80076800,2407124992,36,15158.5,431176.5,0.259,True,nan,nan
2026-10-07 01:28:53,4321.3,5.9,21.3,39.4,-18.1,31.8,80076800,2407239680,36,15158.5,431176.5,0.259,True,nan,nan
2026-10-07 01:28:54,4322.3,6.0,21.3,39.2,-17.9,31.8,80076800,2407239680,36,15158.5,431176.5,0.259,True,nan,nan
2026-10-07 01:28:55,4323.3,57.5,22.3,39.1,-16.9,31.8,80076800,2407915520,36,15158.5,431176.5,0.256,True,nan,nan
2026-10-07 01:28:58,4325.8,68.9,23.4,39.3,-15.9,31.9,80076800,2408046592,36,15158.5,431176.5,0.256,True,nan,nan
2026-10-07 01:28:59,4326.8,12.9,23.6,39.1,-15.5,31.9,80076800,2413645824,32,15158.5,485073.1,0.253,False,3453.5,nan
2026-10-07 01:29:00,4327.8,1.6,23.6,39.0,-15.5,32.0,80076800,2415960064,32,15158.5,485073.1,0.253,False,nan,nan
2026-10-07 01:29:01,4328.8,0.9,22.4,38.8,-16.4,32.0,80076800,2415960064,32,15158.5,485073.1,0.253,False,nan,nan
2026-10-07 01:29:02,4329.8,1.1,22.3,38.7,-16.5,32.0,80076800,2415960064,32,15158.5,485073.1,0.253,False,nan,nan
2026-10-07 01:29:03,4330.8,0.9,22.2,38.5,-16.2,32.0,80076800,2415960064,32,15158.5,485073.1,0.250,False,nan,nan
2026-10-07 01:29:04,4331.8,1.0,22.2,38.2,-16.0,32.0,80076800,2415960064,32,15158.5,485073.1,0.250,False,nan,nan
2026-10-07 01:29:05,4332.8,58.7,23.2,38.2,-14.9,32.0,80076800,2520313856,32,15158.5,485073.1,0.250,False,nan,nan
2026-10-07 01:29:08,4335.5,76.7,24.5,38.3,-13.8,31.8,80076800,2520993792,32,15158.5,485073.1,0.247,False,nan,nan
2026-10-07 01:29:09,4336.5,7.9,23.5,38.2,-14.7,31.8,80076800,2520993792,32,15158.5,485073.1,0.247,False,3816.1,nan
2026-10-07 01:29:10,4337.5,0.9,22.2,38.0,-15.7,31.8,80076800,2521034752,32,15158.5,485073.1,0.247,False,nan,nan
2026-10-07 01:29:11,4338.5,1.2,20.9,37.9,-17.0,31.7,80076800,2523070464,32,15158.5,485073.1,0.244,False,nan,nan
2026-10-07 01:29:12,4339.5,0.9,19.7,37.7,-17.9,31.7,80076800,2523070464,32,15158.5,485073.1,0.244,False,nan,nan
2026-10-07 01:29:13,4340.5,2.9,19.0,37.6,-18.6,31.7,80076800,2523070464,32,15158.5,485073.1,0.244,False,nan,nan
2026-10-07 01:29:14,4341.5,1.0,19.0,37.3,-18.3,31.7,80076800,2523074560,32,15158.5,485073.1,0.244,False,nan,nan
2026-10-07 01:29:15,4342.5,54.0,19.9,37.4,-17.5,31.7,80076800,2523074560,32,15158.5,485073.1,0.241,False,nan,nan
2026-10-07 01:29:57,4384.9,80.4,21.2,37.4,-16.2,31.9,80076800,2529599488,32,15158.5,485073.1,0.211,False,nan,nan
2026-10-07 01:29:58,4386.2,81.9,22.6,37.4,-14.9,31.9,80076800,2529648640,32,15158.5,485073.1,0.211,False,nan,nan
2026-10-07 01:29:59,4387.2,73.6,23.8,37.4,-13.7,31.9,80076800,2529648640,32,15158.5,485073.1,0.208,False,nan,nan
2026-10-07 01:30:00,4388.2,25.4,23.6,37.3,-13.7,31.9,80076800,2529648640,33,15158.5,470374.2,0.208,False,46170.4,nan
2026-10-07 01:30:01,4389.2,0.9,22.3,37.3,-15.0,31.9,80076800,2529648640,33,15158.5,470374.2,0.208,False,nan,nan
2026-10-07 01:30:02,4390.2,1.0,22.1,37.0,-14.9,31.9,80076800,2530426880,33,15158.5,470374.2,0.208,False,nan,nan
2026-10-07 01:30:03,4391.2,0.9,22.1,37.0,-14.9,31.9,80076800,2530426880,33,15158.5,470374.2,0.206,False,nan,nan
2026-10-07 01:30:04,4392.2,1.0,22.1,36.7,-14.6,31.9,80076800,2530979840,33,15158.5,470374.2,0.206,False,nan,nan
2026-10-07 01:30:05,4393.2,2.4,22.1,36.7,-14.5,31.9,80076800,2530979840,33,15158.5,470374.2,0.206,False,nan,nan
2026-10-07 01:30:06,4394.2,1.2,22.1,36.4,-14.3,31.9,80076800,2530979840,33,15158.5,470374.2,0.206,False,nan,nan
2026-10-07 01:30:07,4395.2,64.9,22.9,36.6,-13.7,31.9,80076800,2531508224,33,15158.5,470374.2,0.203,False,nan,nan
2026-10-07 01:30:10,4397.7,77.8,23.0,36.6,-13.6,31.9,80076800,2531663872,33,15158.5,470374.2,0.203,False,nan,nan
2026-10-07 01:30:11,4398.7,9.9,23.0,36.3,-13.3,31.9,80076800,2531663872,33,15158.5,470374.2,0.200,False,3704.0,nan
2026-10-07 01:30:12,4399.7,1.1,23.0,36.1,-13.1,31.9,80076800,2533699584,33,15158.5,470374.2,0.200,False,nan,nan
2026-10-07 01:30:13,4400.7,0.9,23.0,35.9,-12.9,31.9,80076800,2533699584,33,15158.5,470374.2,0.200,False,nan,nan
2026-10-07 01:30:14,4401.7,0.8,23.0,35.9,-12.9,31.9,80076800,2533822464,33,15158.5,470374.2,0.200,False,nan,nan
2026-10-07 01:30:15,4402.7,1.6,23.0,35.6,-12.6,31.9,80076800,2533822464,33,15158.5,470374.2,0.198,False,nan,nan
2026-10-07 01:30:16,4403.7,1.4,22.7,35.6,-12.8,31.9,80076800,2533822464,33,15158.5,470374.2,0.198,False,nan,nan
2026-10-07 01:30:17,4404.7,13.3,21.8,35.4,-13.6,31.9,80076800,2534551552,33,15158.5,470374.2,0.198,False,nan,nan
2026-10-07 01:30:19,4407.4,73.4,22.9,35.5,-12.7,31.9,80076800,2534686720,33,15158.5,470374.2,0.195,False,nan,nan
2026-10-07 01:30:20,4408.4,8.1,23.0,35.3,-12.4,31.9,80076800,2534686720,33,15158.5,470374.2,0.195,False,3216.7,nan
2026-10-07 01:30:21,4409.4,1.1,23.0,35.3,-12.3,31.9,80076800,2534686720,33,15158.5,470374.2,0.193,False,nan,nan
2026-10-07 01:30:22,4410.4,1.0,23.0,35.0,-12.0,31.9,80076800,2537074688,33,15158.5,470374.2,0.193,False,nan,nan
2026-10-07 01:30:23,4411.4,0.9,23.0,34.8,-11.8,31.9,80076800,2537074688,33,15158.5,470374.2,0.193,False,nan,nan
2026-10-07 01:30:24,4412.4,0.9,22.7,34.5,-11.8,31.9,80076800,2537103360,33,15158.5,470374.2,0.193,False,nan,nan
2026-10-07 01:30:25,4413.4,1.6,21.4,34.4,-13.0,31.9,80076800,2537181184,33,15158.5,470374.2,0.190,False,nan,nan
2026-10-07 01:30:26,4414.4,17.7,20.3,34.4,-14.1,31.9,80076800,2537181184,33,15158.5,470374.2,0.190,False,nan,nan
2026-10-07 01:30:30,4417.6,74.8,20.3,34.4,-14.1,31.7,80076800,2538262528,33,15158.5,470374.2,0.188,False,nan,nan
2026-10-07 01:30:31,4418.6,12.6,19.7,34.4,-14.7,31.7,80076800,2538262528,33,15158.5,470374.2,0.188,False,3850.9,nan
2026-10-07 01:30:32,4419.6,0.9,19.7,34.2,-14.5,31.7,80076800,2538393600,33,15158.5,470374.2,0.188,False,nan,nan
2026-10-07 01:30:33,4420.6,1.0,19.7,34.2,-14.5,31.7,80076800,2540343296,33,15158.5,470374.2,0.185,False,nan,nan
2026-10-07 01:30:34,4421.6,0.9,19.7,33.9,-14.3,31.7,80076800,2540343296,33,15158.5,470374.2,0.185,False,nan,nan
2026-10-07 01:30:35,4422.6,0.9,19.7,33.9,-14.2,31.7,80076800,2540490752,33,15158.5,470374.2,0.185,False,nan,nan
2026-10-07 01:30:36,4423.6,1.9,19.7,33.6,-13.9,31.7,80076800,2540490752,33,15158.5,470374.2,0.185,False,nan,nan
2026-10-07 01:30:37,4424.6,11.8,19.8,33.4,-13.5,31.7,80076800,2540851200,33,15158.5,470374.2,0.183,False,nan,nan
2026-10-07 01:31:20,4467.5,80.3,20.1,33.4,-13.4,31.9,80076800,2546438144,33,15158.5,470374.2,0.156,False,nan,nan
2026-10-07 01:31:21,4468.5,81.9,20.1,33.7,-13.5,31.9,80076800,2546466816,33,15158.5,470374.2,0.156,False,nan,nan
2026-10-07 01:31:22,4470.1,27.1,20.3,33.7,-13.4,31.9,80076800,2546499584,33,15158.5,470374.2,0.154,False,nan,nan
2026-10-07 01:31:23,4471.1,68.1,21.3,33.7,-12.3,31.9,80076800,2547298304,33,15158.5,470374.2,0.154,False,nan,nan
2026-10-07 01:31:24,4472.1,22.4,21.6,33.7,-12.1,31.9,80076800,2547298304,34,15158.6,456539.9,0.154,False,47658.4,nan
2026-10-07 01:31:25,4473.1,1.0,21.5,33.5,-12.0,31.9,80076800,2547298304,34,15158.6,456539.9,0.151,False,nan,nan
2026-10-07 01:31:26,4474.1,1.6,21.5,33.3,-11.8,31.9,80076800,2547412992,34,15158.6,456539.9,0.151,False,nan,nan
2026-10-07 01:31:27,4475.1,1.2,21.4,33.3,-11.9,31.9,80076800,2547736576,34,15158.6,456539.9,0.151,False,nan,nan
2026-10-07 01:31:28,4476.1,1.0,20.4,33.1,-12.6,31.9,80076800,2548178944,34,15158.6,456539.9,0.151,False,nan,nan
2026-10-07 01:31:29,4477.1,1.3,19.3,32.8,-13.5,31.9,80076800,2549395456,34,15158.6,456539.9,0.149,False,nan,nan
2026-10-07 01:31:30,4478.1,1.4,19.1,32.8,-13.7,31.9,80076800,2549395456,34,15158.6,456539.9,0.149,False,nan,nan
2026-10-07 01:31:31,4479.1,18.8,19.4,32.6,-13.2,31.9,80076800,2549460992,34,15158.6,456539.9,0.149,False,nan,nan
2026-10-07 01:31:34,4482.3,78.2,20.7,32.6,-11.9,31.9,80076800,2550898688,34,15158.6,456539.9,0.147,False,nan,nan
2026-10-07 01:31:35,4483.3,9.5,20.8,32.4,-11.6,31.9,80076800,2550898688,34,15158.6,456539.9,0.147,False,3742.9,nan
2026-10-07 01:31:36,4484.3,1.3,20.8,32.2,-11.3,31.9,80076800,2550931456,34,15158.6,456539.9,0.147,False,nan,nan
2026-10-07 01:31:37,4485.3,1.1,20.8,32.1,-11.2,31.8,80076800,2550943744,34,15158.6,456539.9,0.144,False,nan,nan
2026-10-07 01:31:38,4486.3,1.0,19.9,32.1,-12.2,31.9,80076800,2551042048,34,15158.6,456539.9,0.144,False,nan,nan
2026-10-07 01:31:39,4487.3,1.0,18.6,31.8,-13.2,31.8,80076800,2552758272,34,15158.6,456539.9,0.144,False,nan,nan
2026-10-07 01:31:40,4488.3,1.1,18.5,31.8,-13.3,31.8,80076800,2552758272,34,15158.6,456539.9,0.142,False,nan,nan
2026-10-07 01:31:41,4489.3,0.9,18.5,31.6,-13.1,31.8,80076800,2552786944,34,15158.6,456539.9,0.142,False,nan,nan
2026-10-07 01:31:42,4490.3,65.0,19.6,31.6,-12.0,31.9,80076800,2552786944,34,15158.6,456539.9,0.142,False,nan,nan
2026-10-07 01:31:44,4492.1,71.3,20.7,31.8,-11.1,31.9,80076800,2553954304,34,15158.6,456539.9,0.140,False,nan,nan
2026-10-07 01:31:45,4493.1,7.3,20.8,31.7,-10.9,31.9,80076800,2554851328,34,15158.6,456539.9,0.140,False,2931.4,nan
2026-10-07 01:31:46,4494.1,2.0,20.8,31.4,-10.6,31.9,80076800,2554961920,34,15158.6,456539.9,0.140,False,nan,nan
2026-10-07 01:31:47,4495.1,1.3,19.9,31.4,-11.5,31.9,80076800,2554990592,34,15158.6,456539.9,0.140,False,nan,nan
2026-10-07 01:31:48,4496.1,1.4,18.6,31.2,-12.6,31.9,80076800,2554990592,34,15158.6,456539.9,0.138,False,nan,nan
2026-10-07 01:31:49,4497.1,1.2,17.3,31.0,-13.7,31.9,80084992,2556026880,34,15158.6,456539.9,0.138,False,nan,nan
2026-10-07 01:31:50,4498.1,1.1,16.1,30.7,-14.6,31.9,80084992,2556030976,34,15158.6,456539.9,0.138,False,nan,nan
2026-10-07 01:31:51,4499.1,1.0,15.7,30.5,-14.8,31.9,80084992,2556030976,34,15158.6,456539.9,0.138,False,nan,nan
2026-10-07 01:31:52,4500.1,61.2,16.7,30.6,-13.9,31.9,80084992,2556059648,34,15158.6,456539.9,0.135,False,nan,nan
2026-10-07 01:31:55,4502.8,74.3,17.9,30.8,-12.9,31.7,80084992,2558078976,34,15158.6,456539.9,0.135,False,nan,nan
2026-10-07 01:31:56,4503.8,7.9,18.0,30.6,-12.6,31.7,80084992,2558078976,34,15158.6,456539.9,0.133,False,3806.8,nan
2026-10-07 01:31:57,4504.8,1.2,18.0,30.4,-12.4,31.7,80084992,2558107648,34,15158.6,456539.9,0.133,False,nan,nan
2026-10-07 01:31:58,4505.8,0.9,18.0,30.3,-12.3,31.7,80084992,2558107648,34,15158.6,456539.9,0.133,False,nan,nan
2026-10-07 01:31:59,4506.8,1.9,18.0,30.2,-12.2,31.7,80084992,2558107648,34,15158.6,456539.9,0.133,False,nan,nan
2026-10-07 01:32:00,4507.8,1.4,16.9,30.0,-13.0,31.7,80084992,2558607360,34,15158.6,456539.9,0.131,False,nan,nan
2026-10-07 01:32:01,4508.8,1.1,15.7,29.9,-14.3,31.7,80084992,2558607360,34,15158.6,456539.9,0.131,False,nan,nan
2026-10-07 01:32:02,4509.8,1.0,15.5,29.8,-14.3,31.7,80084992,2558607360,34,15158.6,456539.9,0.131,False,nan,nan
2026-10-07 01:32:03,4510.8,59.8,16.5,29.7,-13.2,31.7,80084992,2558636032,34,15158.6,456539.9,0.129,False,nan,nan
2026-10-07 01:32:45,4552.9,80.4,17.8,30.0,-12.2,31.9,80084992,2564837376,34,15158.6,456539.9,0.106,False,nan,nan
2026-10-07 01:32:48,4555.8,50.6,18.7,30.0,-11.3,31.9,80084992,2565791744,34,15158.6,456539.9,0.104,False,nan,nan
2026-10-07 01:32:49,4556.8,66.3,19.7,29.9,-10.2,31.9,80084992,2565791744,34,15158.6,456539.9,0.104,False,nan,nan
2026-10-07 01:32:50,4557.8,15.2,20.0,29.7,-9.8,31.9,80084992,2565791744,35,15158.6,443496.1,0.104,False,47606.2,nan
2026-10-07 01:32:51,4558.8,1.1,19.8,29.5,-9.7,31.9,80084992,2566975488,35,15158.6,443496.1,0.104,False,nan,nan
2026-10-07 01:32:52,4559.8,3.1,18.6,29.3,-10.8,31.9,80084992,2566979584,35,15158.6,443496.1,0.102,False,nan,nan
2026-10-07 01:32:53,4560.8,1.0,18.5,29.3,-10.9,31.9,80084992,2567532544,35,15158.6,443496.1,0.102,False,nan,nan
2026-10-07 01:32:54,4561.8,1.0,18.5,29.2,-10.7,31.9,80084992,2567532544,35,15158.6,443496.1,0.102,False,nan,nan
2026-10-07 01:32:55,4562.8,1.0,18.5,28.9,-10.4,31.9,80084992,2567532544,35,15158.6,443496.1,0.102,False,nan,nan
2026-10-07 01:32:56,4563.8,1.3,18.5,28.9,-10.4,31.9,80084992,2568581120,35,15158.6,443496.1,0.100,False,nan,nan
2026-10-07 01:32:57,4564.8,2.5,18.5,28.7,-10.2,31.9,80084992,2568593408,35,15158.6,443496.1,0.100,False,nan,nan
2026-10-07 01:33:00,4568.1,78.6,19.8,28.8,-9.0,31.9,80084992,2569183232,35,15158.6,443496.1,0.098,False,nan,nan
2026-10-07 01:33:01,4569.1,14.2,19.7,28.8,-9.1,31.9,80084992,2570706944,35,15158.6,443496.1,0.098,False,3701.0,nan
2026-10-07 01:33:02,4570.1,4.1,18.5,28.6,-10.1,31.9,80084992,2570706944,35,15158.6,443496.1,0.098,False,nan,nan
2026-10-07 01:33:03,4571.1,1.2,18.4,28.4,-10.0,31.9,80084992,2570739712,35,15158.6,443496.1,0.096,False,nan,nan
2026-10-07 01:33:04,4572.1,1.0,18.4,28.4,-10.0,31.9,80084992,2570833920,35,15158.6,443496.1,0.096,False,nan,nan
2026-10-07 01:33:05,4573.1,0.9,18.4,28.2,-9.8,31.9,80084992,2570932224,35,15158.6,443496.1,0.096,False,nan,nan
2026-10-07 01:33:06,4574.1,1.1,18.4,27.9,-9.6,31.9,80084992,2571386880,35,15158.6,443496.1,0.096,False,nan,nan
2026-10-07 01:33:07,4575.1,1.3,18.4,27.7,-9.3,31.9,80084992,2571386880,35,15158.6,443496.1,0.095,False,nan,nan
2026-10-07 01:33:08,4576.1,28.6,18.8,27.5,-8.7,31.9,80084992,2571415552,35,15158.6,443496.1,0.095,False,nan,nan
2026-10-07 01:33:10,4578.4,72.4,19.8,27.6,-7.8,31.9,80084992,2571988992,35,15158.6,443496.1,0.093,False,nan,nan
2026-10-07 01:33:11,4579.4,8.0,18.6,27.7,-9.0,31.9,80084992,2573824000,35,15158.6,443496.1,0.093,False,2969.6,nan
2026-10-07 01:33:12,4580.4,0.9,17.3,27.4,-10.1,31.9,80084992,2573824000,35,15158.6,443496.1,0.093,False,nan,nan
2026-10-07 01:33:13,4581.4,0.9,16.8,27.4,-10.5,31.9,80084992,2573852672,35,15158.6,443496.1,0.093,False,nan,nan
2026-10-07 01:33:14,4582.4,0.9,15.7,27.2,-11.5,31.9,80084992,2573852672,35,15158.6,443496.1,0.091,False,nan,nan
2026-10-07 01:33:15,4583.4,0.9,15.4,26.9,-11.6,31.9,80084992,2574340096,35,15158.6,443496.1,0.091,False,nan,nan
2026-10-07 01:33:16,4584.4,1.9,15.4,26.9,-11.5,31.9,80084992,2574364672,35,15158.6,443496.1,0.091,False,nan,nan
2026-10-07 01:33:17,4585.4,1.8,15.4,26.7,-11.3,31.9,80084992,2574364672,35,15158.6,443496.1,0.091,False,nan,nan
2026-10-07 01:33:18,4586.4,33.6,15.9,26.6,-10.6,31.9,80084992,2574393344,35,15158.6,443496.1,0.089,False,nan,nan
2026-10-07 01:33:21,4589.5,74.2,17.1,26.7,-9.6,31.6,80084992,2576179200,35,15158.6,443496.1,0.087,False,nan,nan
2026-10-07 01:33:22,4590.5,7.7,17.2,26.6,-9.3,31.6,80084992,2576179200,35,15158.6,443496.1,0.087,False,3794.5,nan
2026-10-07 01:33:23,4591.5,0.9,17.2,26.3,-9.1,31.6,80084992,2576330752,35,15158.6,443496.1,0.087,False,nan,nan
2026-10-07 01:33:24,4592.5,1.1,16.9,26.0,-9.1,31.6,80084992,2576330752,35,15158.6,443496.1,0.087,False,nan,nan
2026-10-07 01:33:25,4593.5,1.0,15.6,25.8,-10.2,31.6,80084992,2576359424,35,15158.6,443496.1,0.085,False,nan,nan
2026-10-07 01:33:26,4594.5,1.2,15.5,25.7,-10.2,31.6,80084992,2577354752,35,15158.6,443496.1,0.085,False,nan,nan
2026-10-07 01:33:27,4595.5,1.4,15.5,25.6,-10.1,31.6,80084992,2577682432,35,15158.6,443496.1,0.085,False,nan,nan
2026-10-07 01:33:28,4596.5,1.2,15.5,25.4,-9.9,31.6,80084992,2577711104,35,15158.6,443496.1,0.085,False,nan,nan
2026-10-07 01:33:29,4597.5,27.9,16.0,25.4,-9.5,31.6,80084992,2577711104,35,15158.6,443496.1,0.084,False,nan,nan
2026-10-07 01:34:12,4639.7,80.4,17.3,25.5,-8.2,31.9,80084992,2583064576,35,15158.6,443496.1,0.065,True,nan,nan
2026-10-07 01:34:14,4641.6,76.5,18.5,25.7,-7.1,31.9,80084992,2583638016,35,15158.6,443496.1,0.065,False,nan,nan
2026-10-07 01:34:15,4642.6,68.2,19.7,25.6,-6.0,31.8,80084992,2583687168,36,15158.6,431177.0,0.064,False,nan,nan
2026-10-07 01:34:16,4643.6,21.8,18.9,25.7,-6.7,31.8,80084992,2583687168,36,15158.6,431177.0,0.064,False,46489.9,nan
2026-10-07 01:34:17,4644.6,1.0,17.8,25.4,-7.6,31.8,80084992,2583687168,36,15158.6,431177.0,0.064,False,nan,nan
2026-10-07 01:34:18,4645.6,2.9,17.7,25.1,-7.4,31.9,80084992,2585759744,36,15158.6,431177.0,0.064,False,nan,nan
2026-10-07 01:34:19,4646.6,0.9,17.7,25.0,-7.3,31.9,80084992,2585772032,36,15158.6,431177.0,0.062,False,nan,nan
2026-10-07 01:34:20,4647.6,1.1,17.7,24.9,-7.3,31.9,80084992,2586316800,36,15158.6,431177.0,0.062,False,nan,nan
2026-10-07 01:34:21,4648.6,0.9,17.7,24.8,-7.1,31.9,80084992,2586316800,36,15158.6,431177.0,0.062,False,nan,nan
2026-10-07 01:34:22,4649.6,1.0,17.7,24.5,-6.9,31.9,80084992,2586316800,36,15158.6,431177.0,0.061,False,nan,nan
2026-10-07 01:34:23,4650.6,2.1,17.7,24.5,-6.8,31.9,80084992,2586460160,36,15158.6,431177.0,0.061,False,nan,nan
2026-10-07 01:34:24,4651.6,51.1,18.5,24.4,-5.9,31.9,80084992,2586468352,36,15158.6,431177.0,0.061,False,nan,nan
2026-10-07 01:34:27,4654.6,83.6,18.9,24.6,-5.7,31.8,80084992,2586611712,36,15158.6,431177.0,0.059,False,nan,nan
2026-10-07 01:34:28,4655.6,13.0,17.9,24.4,-6.6,31.8,80084992,2588651520,36,15158.6,431177.0,0.059,False,3955.1,nan
2026-10-07 01:34:29,4656.6,0.9,17.8,24.4,-6.6,31.8,80084992,2588651520,36,15158.6,431177.0,0.059,False,nan,nan
2026-10-07 01:34:30,4657.6,0.9,17.7,24.1,-6.4,31.8,80084992,2588684288,36,15158.6,431177.0,0.058,False,nan,nan
2026-10-07 01:34:31,4658.6,1.0,17.7,23.8,-6.1,31.8,80084992,2588778496,36,15158.6,431177.0,0.058,False,nan,nan
2026-10-07 01:34:32,4659.6,0.9,17.7,23.6,-5.9,31.8,80084992,2588778496,36,15158.6,431177.0,0.058,False,nan,nan
2026-10-07 01:34:33,4660.6,0.9,17.7,23.4,-5.7,31.8,80084992,2589364224,36,15158.6,431177.0,0.058,False,nan,nan
2026-10-07 01:34:34,4661.6,0.9,17.7,23.4,-5.7,31.8,80084992,2589364224,36,15158.6,431177.0,0.056,False,nan,nan
2026-10-07 01:34:35,4662.6,3.0,17.8,23.3,-5.5,31.8,80084992,2589392896,36,15158.6,431177.0,0.056,False,nan,nan
2026-10-07 01:34:37,4665.2,74.6,18.0,23.2,-5.2,31.9,80084992,2589487104,36,15158.6,431177.0,0.055,False,nan,nan
2026-10-07 01:34:38,4666.2,4.9,16.7,23.2,-6.5,31.9,80084992,2591637504,36,15158.6,431177.0,0.055,False,2906.5,nan
2026-10-07 01:34:39,4667.2,2.6,15.9,23.0,-7.1,31.9,80084992,2591637504,36,15158.6,431177.0,0.055,False,nan,nan
2026-10-07 01:34:40,4668.2,1.0,14.9,22.8,-8.0,31.9,80084992,2591666176,36,15158.6,431177.0,0.055,False,nan,nan
2026-10-07 01:34:41,4669.2,2.3,14.6,22.8,-8.2,31.9,80084992,2591666176,36,15158.6,431177.0,0.053,False,nan,nan
2026-10-07 01:34:42,4670.2,1.3,14.6,22.6,-8.0,31.9,80084992,2591752192,36,15158.6,431177.0,0.053,False,nan,nan
2026-10-07 01:34:43,4671.2,1.0,14.6,22.4,-7.8,31.9,80084992,2592272384,36,15158.6,431177.0,0.053,False,nan,nan
2026-10-07 01:34:44,4672.2,1.0,14.6,22.3,-7.7,31.9,80084992,2592272384,36,15158.6,431177.0,0.052,False,nan,nan
2026-10-07 01:34:45,4673.2,13.7,14.8,22.2,-7.4,31.9,80084992,2592301056,36,15158.6,431177.0,0.052,False,nan,nan
2026-10-07 01:34:48,4676.5,74.6,16.0,22.2,-6.1,31.7,80084992,2594414592,36,15158.6,431177.0,0.051,False,nan,nan
2026-10-07 01:34:49,4677.5,11.4,16.2,22.0,-5.8,31.7,80084992,2594418688,36,15158.6,431177.0,0.051,False,3808.5,nan
2026-10-07 01:34:50,4678.5,1.0,16.2,21.8,-5.6,31.7,80084992,2594447360,36,15158.6,431177.0,0.051,False,nan,nan
2026-10-07 01:34:51,4679.5,1.0,14.9,21.7,-6.8,31.7,80084992,2594447360,36,15158.6,431177.0,0.051,False,nan,nan
2026-10-07 01:34:52,4680.5,1.1,14.7,21.7,-7.0,31.7,80084992,2594537472,36,15158.6,431177.0,0.049,False,nan,nan
2026-10-07 01:34:53,4681.5,1.1,14.6,21.6,-7.0,31.7,80084992,2595364864,36,15158.6,431177.0,0.049,False,nan,nan
2026-10-07 01:34:54,4682.5,1.0,14.6,21.4,-6.8,31.7,80084992,2595807232,36,15158.6,431177.0,0.049,False,nan,nan
2026-10-07 01:34:55,4683.5,1.1,14.6,21.3,-6.7,31.7,80084992,2595835904,36,15158.6,431177.0,0.048,False,nan,nan
2026-10-07 01:34:56,4684.5,3.6,14.7,21.4,-6.7,31.7,80084992,2595835904,36,15158.6,431177.0,0.048,False,nan,nan
2026-10-07 01:35:39,4727.2,80.3,16.0,21.4,-5.4,31.8,80084992,2601119744,36,15158.6,431177.0,0.034,False,nan,nan
2026-10-07 01:35:41,4728.5,81.7,17.3,21.6,-4.3,31.9,80084992,2601172992,36,15158.6,431177.0,0.033,False,nan,nan
2026-10-07 01:35:42,4729.5,27.0,17.3,21.7,-4.4,31.9,80084992,2601172992,36,15158.6,431177.0,0.033,False,nan,nan
2026-10-07 01:35:43,4730.5,43.4,16.8,21.6,-4.8,31.9,80084992,2601172992,36,15158.6,431177.0,0.033,False,nan,nan
2026-10-07 01:35:44,4731.5,40.4,17.4,21.7,-4.4,31.9,80084992,2601172992,37,15158.6,419523.8,0.033,False,nan,nan
2026-10-07 01:35:45,4732.5,4.4,17.4,21.7,-4.3,31.9,80084992,2602328064,37,15158.6,419523.8,0.032,False,47450.6,nan
2026-10-07 01:35:46,4733.5,2.1,17.4,21.5,-4.1,31.9,80084992,2602876928,37,15158.6,419523.8,0.032,False,nan,nan
2026-10-07 01:35:47,4734.5,0.9,17.4,21.2,-3.8,31.9,80084992,2602876928,37,15158.6,419523.8,0.032,False,nan,nan
2026-10-07 01:35:48,4735.5,1.4,17.4,21.0,-3.5,31.9,80084992,2602876928,37,15158.6,419523.8,0.032,False,nan,nan
2026-10-07 01:35:49,4736.5,1.7,17.4,20.7,-3.3,31.9,80084992,2602876928,37,15158.6,419523.8,0.031,False,nan,nan
2026-10-07 01:35:50,4737.5,1.0,17.4,20.6,-3.2,31.9,80084992,2603814912,37,15158.6,419523.8,0.031,False,nan,nan
2026-10-07 01:35:51,4738.5,2.7,16.9,20.6,-3.7,31.9,80084992,2603868160,37,15158.6,419523.8,0.031,False,nan,nan
2026-10-07 01:35:52,4739.5,1.0,15.7,20.6,-4.9,31.9,80084992,2603929600,37,15158.6,419523.8,0.031,False,nan,nan
2026-10-07 01:35:55,4743.0,75.8,16.8,20.8,-4.0,31.9,80084992,2605846528,37,15158.6,419523.8,0.030,False,nan,nan
2026-10-07 01:35:56,4744.0,12.2,17.0,20.6,-3.6,31.9,80084992,2605846528,37,15158.6,419523.8,0.029,False,3739.1,nan
2026-10-07 01:35:57,4745.0,0.9,17.0,20.5,-3.5,31.9,80084992,2605846528,37,15158.6,419523.8,0.029,False,nan,nan
2026-10-07 01:35:58,4746.0,1.5,17.0,20.5,-3.5,31.9,80084992,2605969408,37,15158.6,419523.8,0.029,False,nan,nan
2026-10-07 01:35:59,4747.0,1.6,17.0,20.5,-3.5,31.9,80084992,2606235648,37,15158.6,419523.8,0.029,False,nan,nan
2026-10-07 01:36:00,4748.0,1.0,17.0,20.3,-3.3,31.9,80084992,2607128576,37,15158.6,419523.8,0.028,False,nan,nan
2026-10-07 01:36:01,4749.0,1.3,17.0,20.0,-3.0,31.9,80084992,2607161344,37,15158.6,419523.8,0.028,False,nan,nan
2026-10-07 01:36:02,4750.0,1.1,16.6,20.0,-3.4,31.9,80084992,2607161344,37,15158.6,419523.8,0.028,False,nan,nan
2026-10-07 01:36:03,4751.0,0.9,15.3,20.0,-4.7,31.9,80084992,2607218688,37,15158.6,419523.8,0.027,False,nan,nan
2026-10-07 01:36:04,4752.0,64.9,15.1,20.2,-5.2,31.9,80084992,2607218688,37,15158.6,419523.8,0.027,False,nan,nan
2026-10-07 01:36:06,4753.8,72.9,15.1,20.3,-5.1,31.9,80084992,2608148480,37,15158.6,419523.8,0.027,False,nan,nan
2026-10-07 01:36:07,4754.8,6.6,14.9,20.0,-5.1,31.9,80084992,2608148480,37,15158.6,419523.8,0.026,False,2928.7,nan
2026-10-07 01:36:08,4755.8,1.6,14.9,20.0,-5.1,31.9,80084992,2608148480,37,15158.6,419523.8,0.026,False,nan,nan
2026-10-07 01:36:09,4756.8,0.9,14.9,20.0,-5.1,31.9,80084992,2608287744,37,15158.6,419523.8,0.026,False,nan,nan
2026-10-07 01:36:10,4757.8,1.0,14.9,20.0,-5.1,31.9,80084992,2608287744,37,15158.6,419523.8,0.026,False,nan,nan
2026-10-07 01:36:11,4758.8,1.0,14.9,19.8,-5.0,31.9,80084992,2610327552,37,15158.6,419523.8,0.025,False,nan,nan
2026-10-07 01:36:12,4759.8,1.0,14.9,19.6,-4.7,31.9,80084992,2610327552,37,15158.6,419523.8,0.025,False,nan,nan
2026-10-07 01:36:13,4760.8,0.9,14.9,19.3,-4.4,31.9,80084992,2610327552,37,15158.6,419523.8,0.025,False,nan,nan
2026-10-07 01:36:14,4761.8,1.2,14.8,19.1,-4.2,31.9,80084992,2610327552,37,15158.6,419523.8,0.025,False,nan,nan
2026-10-07 01:36:17,4765.4,72.5,15.2,19.3,-4.1,31.8,80084992,2611634176,37,15158.6,419523.8,0.024,False,nan,nan
2026-10-07 01:36:18,4766.4,6.1,13.9,19.3,-5.4,31.8,80084992,2611634176,37,15158.6,419523.8,0.023,False,3879.0,nan
2026-10-07 01:36:19,4767.4,0.9,13.7,19.3,-5.6,31.8,80084992,2611761152,37,15158.6,419523.8,0.023,False,nan,nan
2026-10-07 01:36:20,4768.4,1.0,13.7,19.3,-5.6,31.8,80084992,2613538816,37,15158.6,419523.8,0.023,False,nan,nan
2026-10-07 01:36:21,4769.4,0.9,13.7,19.2,-5.4,31.8,80084992,2613538816,37,15158.6,419523.8,0.023,False,nan,nan
2026-10-07 01:36:22,4770.4,1.2,13.7,18.9,-5.2,31.8,80084992,2613579776,37,15158.6,419523.8,0.022,False,nan,nan
2026-10-07 01:36:23,4771.4,1.1,13.7,18.9,-5.2,31.8,80084992,2613579776,37,15158.6,419523.8,0.022,False,nan,nan
2026-10-07 01:36:24,4772.4,0.9,13.7,18.9,-5.2,31.8,80084992,2613579776,37,15158.6,419523.8,0.022,False,nan,nan
2026-10-07 01:36:25,4773.4,1.0,13.7,18.9,-5.2,31.8,80084992,2613981184,37,15158.6,419523.8,0.021,False,nan,nan
2026-10-07 01:36:26,4774.4,68.7,14.8,19.1,-4.3,31.8,80084992,2614140928,37,15158.6,419523.8,0.021,False,nan,nan
2026-10-07 01:37:08,4816.5,80.4,14.9,19.2,-4.2,31.8,80084992,2618548224,37,15158.6,419523.8,0.012,False,nan,nan
2026-10-07 01:37:11,4818.8,42.2,15.5,19.1,-3.5,31.8,80084992,2619002880,37,15158.6,419523.8,0.012,False,nan,nan
2026-10-07 01:37:12,4819.8,68.1,16.6,19.3,-2.6,31.8,80084992,2619199488,37,15158.6,419523.8,0.012,False,nan,nan
2026-10-07 01:37:13,4820.8,34.8,17.2,19.4,-2.2,31.8,80084992,2619199488,38,15158.6,408484.0,0.012,False,nan,nan
2026-10-07 01:37:14,4821.8,3.2,17.2,19.4,-2.2,31.8,80084992,2619199488,38,15158.6,408484.0,0.012,False,47505.3,nan
2026-10-07 01:37:15,4822.8,1.0,17.2,19.4,-2.2,31.8,80084992,2619199488,38,15158.6,408484.0,0.011,False,nan,nan
2026-10-07 01:37:16,4823.8,1.2,17.2,19.2,-2.0,31.8,80084992,2619314176,38,15158.6,408484.0,0.011,False,nan,nan
2026-10-07 01:37:17,4824.8,1.6,17.2,18.9,-1.7,31.8,80084992,2620891136,38,15158.6,408484.0,0.011,False,nan,nan
2026-10-07 01:37:18,4825.8,1.5,17.0,18.9,-1.9,31.8,80084992,2620891136,38,15158.6,408484.0,0.011,False,nan,nan
2026-10-07 01:37:19,4826.8,1.5,15.8,18.9,-3.1,31.8,80084992,2620952576,38,15158.6,408484.0,0.010,False,nan,nan
2026-10-07 01:37:20,4827.8,1.0,15.6,18.9,-3.3,31.8,80084992,2621235200,38,15158.6,408484.0,0.010,False,nan,nan
2026-10-07 01:37:21,4828.8,0.9,15.6,18.9,-3.3,31.8,80084992,2621235200,38,15158.6,408484.0,0.010,False,nan,nan
2026-10-07 01:37:22,4829.8,65.3,16.7,19.0,-2.3,31.8,80084992,2623418368,38,15158.6,408484.0,0.010,False,nan,nan
2026-10-07 01:37:24,4832.3,77.7,18.0,19.0,-1.0,31.9,80084992,2623418368,38,15158.6,408484.0,0.010,False,nan,nan
2026-10-07 01:37:25,4833.3,10.7,18.1,18.8,-0.6,31.9,80084992,2623418368,38,15158.6,408484.0,0.010,False,3688.0,nan
2026-10-07 01:37:26,4834.3,1.3,18.1,18.5,-0.4,31.9,80084992,2623565824,38,15158.6,408484.0,0.009,False,nan,nan
2026-10-07 01:37:27,4835.3,0.9,18.1,18.4,-0.2,31.9,80084992,2624086016,38,15158.6,408484.0,0.009,False,nan,nan
2026-10-07 01:37:28,4836.3,2.3,18.1,18.4,-0.2,31.9,80084992,2624086016,38,15158.6,408484.0,0.009,False,nan,nan
2026-10-07 01:37:29,4837.3,1.5,16.8,18.4,-1.6,31.9,80084992,2624086016,38,15158.6,408484.0,0.008,False,nan,nan
2026-10-07 01:37:30,4838.3,1.0,15.4,18.4,-2.9,31.9,80084992,2624086016,38,15158.6,408484.0,0.008,False,nan,nan
2026-10-07 01:37:31,4839.3,0.9,15.0,18.4,-3.3,31.9,80084992,2624106496,38,15158.6,408484.0,0.008,False,nan,nan
2026-10-07 01:37:32,4840.3,1.1,14.3,18.4,-4.0,31.9,80084992,2626228224,38,15158.6,408484.0,0.008,False,nan,nan
2026-10-07 01:37:33,4841.3,56.4,14.6,18.3,-3.7,31.9,80084992,2626228224,38,15158.6,408484.0,0.008,False,nan,nan
2026-10-07 01:37:35,4843.3,72.8,15.7,18.5,-2.8,31.9,80084992,2626236416,38,15158.6,408484.0,0.008,False,nan,nan
2026-10-07 01:37:36,4844.3,5.7,15.8,18.5,-2.7,31.9,80084992,2626236416,38,15158.6,408484.0,0.008,False,2951.9,nan
2026-10-07 01:37:37,4845.3,0.9,15.8,18.5,-2.7,31.9,80084992,2626834432,38,15158.6,408484.0,0.007,False,nan,nan
2026-10-07 01:37:38,4846.3,0.9,15.8,18.5,-2.7,31.9,80084992,2626965504,38,15158.6,408484.0,0.007,False,nan,nan
2026-10-07 01:37:39,4847.3,1.3,15.8,18.5,-2.7,31.9,80084992,2626977792,38,15158.6,408484.0,0.007,False,nan,nan
2026-10-07 01:37:40,4848.3,1.0,15.8,18.3,-2.5,31.9,80084992,2626977792,38,15158.6,408484.0,0.007,False,nan,nan
2026-10-07 01:37:41,4849.3,0.9,15.7,18.2,-2.5,31.9,80084992,2626977792,38,15158.6,408484.0,0.007,False,nan,nan
2026-10-07 01:37:42,4850.3,2.0,15.7,18.3,-2.5,31.9,80084992,2629193728,38,15158.6,408484.0,0.007,False,nan,nan
2026-10-07 01:37:43,4851.3,0.9,14.5,18.2,-3.8,31.9,80084992,2629255168,38,15158.6,408484.0,0.007,False,nan,nan
2026-10-07 01:37:44,4852.3,62.1,15.3,18.5,-3.1,31.8,80084992,2629255168,38,15158.6,408484.0,0.006,False,nan,nan
2026-10-07 01:37:47,4855.0,74.6,16.6,18.7,-2.1,31.7,80084992,2629857280,38,15158.6,408484.0,0.006,False,nan,nan
2026-10-07 01:37:48,4856.0,10.1,16.7,18.5,-1.8,31.7,80084992,2631294976,38,15158.6,408484.0,0.006,False,3844.0,nan
2026-10-07 01:37:49,4857.0,1.2,16.7,18.5,-1.8,31.7,80084992,2631426048,38,15158.6,408484.0,0.006,False,nan,nan
2026-10-07 01:37:50,4858.0,1.0,16.7,18.5,-1.8,31.7,80084992,2631430144,38,15158.6,408484.0,0.006,False,nan,nan
2026-10-07 01:37:51,4859.0,0.8,16.7,18.5,-1.8,31.7,80084992,2631430144,38,15158.6,408484.0,0.006,False,nan,nan
2026-10-07 01:37:52,4860.0,1.0,16.7,18.5,-1.8,31.7,80084992,2631606272,38,15158.6,408484.0,0.005,False,nan,nan
2026-10-07 01:37:53,4861.0,1.3,16.7,18.5,-1.8,31.7,80084992,2632105984,38,15158.6,408484.0,0.005,False,nan,nan
2026-10-07 01:37:54,4862.0,1.0,15.6,18.3,-2.6,31.7,80084992,2632105984,38,15158.6,408484.0,0.005,False,nan,nan
2026-10-07 01:37:55,4863.0,1.0,14.4,18.0,-3.6,31.7,80084992,2632167424,38,15158.6,408484.0,0.005,False,nan,nan
2026-10-07 01:37:56,4864.0,53.3,15.2,17.9,-2.7,31.7,80084992,2632167424,38,15158.6,408484.0,0.005,False,nan,nan
2026-10-07 01:38:38,4905.7,80.3,16.5,17.9,-1.4,31.9,80084992,2636386304,38,15158.6,408484.0,0.001,False,nan,nan
2026-10-07 01:38:41,4909.3,56.2,17.4,18.0,-0.5,31.9,80084992,2637447168,38,15158.6,408484.0,0.001,False,nan,nan
2026-10-07 01:38:42,4910.3,67.3,18.5,18.2,0.4,31.8,80084992,2637447168,39,15158.6,398010.2,0.001,False,nan,nan
2026-10-07 01:38:43,4911.3,6.6,18.6,18.2,0.4,31.8,80084992,2637447168,39,15158.6,398010.2,0.001,False,47482.6,nan
2026-10-07 01:38:44,4912.3,1.2,18.6,18.2,0.4,31.8,80084992,2637533184,39,15158.6,398010.2,0.001,False,nan,nan
2026-10-07 01:38:45,4913.3,1.1,18.6,18.2,0.4,31.8,80084992,2638090240,39,15158.6,398010.2,0.001,False,nan,nan
2026-10-07 01:38:46,4914.3,1.4,18.6,18.2,0.4,31.8,80084992,2638995456,39,15158.6,398010.2,0.001,False,nan,nan
2026-10-07 01:38:47,4915.3,1.6,17.5,18.1,-0.6,31.9,80084992,2638995456,39,15158.6,398010.2,0.001,False,nan,nan
2026-10-07 01:38:48,4916.3,1.1,17.4,17.8,-0.5,31.9,80084992,2638995456,39,15158.6,398010.2,0.001,False,nan,nan
2026-10-07 01:38:49,4917.3,2.2,17.4,17.8,-0.4,31.9,80084992,2639167488,39,15158.6,398010.2,0.001,False,nan,nan
2026-10-07 01:38:50,4918.3,1.1,17.4,17.8,-0.4,31.9,80084992,2639167488,39,15158.6,398010.2,0.001,False,nan,nan
2026-10-07 01:38:51,4919.3,44.3,18.1,17.9,0.2,31.9,80084992,2640343040,39,15158.6,398010.2,0.001,False,nan,nan
2026-10-07 01:38:54,4922.1,78.3,19.4,18.2,1.2,31.8,80084992,2640592896,39,15158.6,398010.2,0.001,False,nan,nan
2026-10-07 01:38:55,4923.1,11.1,19.6,18.2,1.3,31.8,80084992,2640592896,39,15158.6,398010.2,0.001,False,3737.5,nan
2026-10-07 01:38:56,4924.1,1.1,19.6,18.2,1.4,31.8,80084992,2640760832,39,15158.6,398010.2,0.000,False,nan,nan
2026-10-07 01:38:57,4925.1,1.2,19.6,17.9,1.7,31.8,80084992,2641252352,39,15158.6,398010.2,0.000,False,nan,nan
2026-10-07 01:38:58,4926.1,1.3,18.5,17.9,0.5,31.8,80084992,2641252352,39,15158.6,398010.2,0.000,False,nan,nan
2026-10-07 01:38:59,4927.1,1.7,17.1,17.9,-0.8,31.8,80084992,2641436672,39,15158.6,398010.2,0.000,False,nan,nan
2026-10-07 01:39:00,4928.1,1.3,16.5,17.9,-1.4,31.9,80084992,2641448960,39,15158.6,398010.2,0.000,False,nan,nan
2026-10-07 01:39:01,4929.1,1.1,15.4,17.9,-2.6,31.9,80084992,2641448960,39,15158.6,398010.2,0.000,False,nan,nan
2026-10-07 01:39:02,4930.1,1.1,14.8,17.9,-3.1,31.9,80084992,2642235392,39,15158.6,398010.2,0.000,False,nan,nan
2026-10-07 01:39:03,4931.2,46.6,15.5,18.0,-2.5,31.9,80084992,2642235392,39,15158.6,398010.2,0.000,False,nan,nan
2026-10-07 01:39:05,4933.2,72.5,16.7,18.0,-1.3,31.9,80084992,2642456576,39,15158.6,398010.2,0.000,False,nan,nan
2026-10-07 01:39:06,4934.2,5.1,16.8,18.0,-1.2,31.9,80084992,2642456576,39,15158.6,398010.2,0.000,False,2962.7,nan
2026-10-07 01:39:07,4935.2,1.1,16.8,18.0,-1.2,31.9,80084992,2642972672,39,15158.6,398010.2,0.000,False,nan,nan
2026-10-07 01:39:08,4936.2,1.1,16.8,18.0,-1.3,31.9,80084992,2643132416,39,15158.6,398010.2,0.000,False,nan,nan
2026-10-07 01:39:09,4937.2,1.4,16.8,18.0,-1.3,31.9,80084992,2643316736,39,15158.6,398010.2,0.000,False,nan,nan
2026-10-07 01:39:10,4938.2,1.2,16.8,18.0,-1.3,31.9,80084992,2643582976,39,15158.6,398010.2,0.000,False,nan,nan
2026-10-07 01:39:11,4939.2,1.0,16.8,18.0,-1.2,31.9,80084992,2643582976,39,15158.6,398010.2,0.000,False,nan,nan
2026-10-07 01:39:12,4940.2,1.2,15.7,17.7,-2.0,31.9,80084992,2644316160,39,15158.6,398010.2,0.000,True,nan,nan
2026-10-07 01:39:13,4941.2,6.0,14.5,17.4,-2.9,31.9,80084992,2644316160,39,15158.6,398010.2,0.000,True,nan,nan
2026-10-07 01:39:14,4942.2,58.0,15.3,17.4,-2.1,31.9,80084992,2644623360,39,15158.6,398010.2,0.000,True,nan,nan
2026-10-07 01:39:17,4945.2,74.4,16.5,17.5,-1.0,31.7,80084992,2645114880,39,15158.6,398010.2,0.000,True,nan,nan
2026-10-07 01:39:18,4946.2,13.1,16.7,17.5,-0.8,31.6,80084992,2645114880,39,15158.6,398010.2,0.000,True,nan,4014.0
2026-10-07 01:39:19,4947.2,6.3,16.8,17.5,-0.7,31.6,80084992,2645114880,39,15158.6,398010.2,0.000,True,nan,nan
2026-10-07 01:39:20,4948.2,7.0,16.9,17.5,-0.7,31.7,80084992,2645237760,39,15158.6,398010.2,0.000,True,nan,nan
2026-10-07 01:39:21,4949.2,8.2,17.0,17.6,-0.6,31.7,80084992,2645237760,39,15158.6,398010.2,0.000,True,nan,nan
2026-10-07 01:39:22,4950.2,6.2,17.1,17.6,-0.5,31.7,80084992,2645299200,39,15158.6,398010.2,0.000,True,nan,nan
2026-10-07 01:39:23,4951.2,6.1,17.2,17.6,-0.4,31.7,80084992,2645782528,39,15158.6,398010.2,0.000,True,nan,nan
2026-10-07 01:39:24,4952.2,3.8,16.3,17.4,-1.1,31.6,80084992,2645782528,32,15158.5,485073.3,0.000,False,nan,nan
2026-10-07 01:39:25,4953.2,1.3,15.1,17.1,-2.0,31.6,80084992,2652848128,32,15158.5,485073.3,0.000,False,nan,nan
2026-10-07 01:39:26,4954.2,55.2,15.9,17.3,-1.3,31.6,80084992,2652848128,32,15158.5,485073.3,0.000,False,nan,nan
2026-10-07 01:40:09,4997.1,80.1,17.2,17.5,-0.3,31.9,80084992,2766954496,32,15158.5,485073.3,0.001,False,nan,nan
2026-10-07 01:40:10,4998.1,81.5,18.6,17.7,0.8,31.9,80084992,2766954496,32,15158.5,485073.3,0.001,False,nan,nan
2026-10-07 01:40:11,4999.1,70.6,19.7,18.0,1.8,31.9,80084992,2768064512,32,15158.5,485073.3,0.002,False,nan,nan
2026-10-07 01:40:12,5000.1,26.8,20.2,18.0,2.1,31.9,80084992,2768510976,33,15158.5,470374.4,0.002,False,46544.2,nan
2026-10-07 01:40:13,5001.1,0.8,20.2,18.0,2.1,31.9,80084992,2768510976,33,15158.5,470374.4,0.002,False,nan,nan
2026-10-07 01:40:14,5002.1,1.1,20.1,17.8,2.3,31.9,80084992,2768510976,33,15158.5,470374.4,0.002,False,nan,nan
2026-10-07 01:40:15,5003.1,1.0,20.1,17.6,2.5,31.9,80084992,2768510976,33,15158.5,470374.4,0.002,False,nan,nan
2026-10-07 01:40:16,5004.1,1.2,19.1,17.6,1.6,31.9,80084992,2769113088,33,15158.5,470374.4,0.002,False,nan,nan
2026-10-07 01:40:17,5005.1,0.9,17.9,17.6,0.3,31.9,80084992,2769248256,33,15158.5,470374.4,0.002,False,nan,nan
2026-10-07 01:40:18,5006.1,1.3,17.8,17.6,0.2,31.9,80084992,2769301504,33,15158.5,470374.4,0.002,False,nan,nan
2026-10-07 01:40:19,5007.1,0.9,17.8,17.6,0.2,31.9,80084992,2769301504,33,15158.5,470374.4,0.002,False,nan,nan
2026-10-07 01:40:20,5008.1,2.2,17.8,17.6,0.2,31.9,80084992,2769301504,33,15158.5,470374.4,0.002,False,nan,nan
2026-10-07 01:40:23,5011.4,78.3,19.1,17.8,1.2,31.9,80084992,2770173952,33,15158.5,470374.4,0.002,False,nan,nan
2026-10-07 01:40:24,5012.4,10.3,19.2,17.7,1.6,31.9,80084992,2770173952,33,15158.5,470374.4,0.002,False,3756.0,nan
2026-10-07 01:40:25,5013.4,0.9,19.2,17.4,1.8,31.9,80084992,2770173952,33,15158.5,470374.4,0.002,False,nan,nan
2026-10-07 01:40:26,5014.4,1.5,19.2,17.4,1.8,31.9,80084992,2772017152,33,15158.5,470374.4,0.003,False,nan,nan
2026-10-07 01:40:27,5015.4,0.9,19.2,17.4,1.8,31.9,80084992,2772099072,33,15158.5,470374.4,0.003,False,nan,nan
2026-10-07 01:40:28,5016.4,0.9,18.3,17.4,1.0,31.9,80084992,2772099072,33,15158.5,470374.4,0.003,False,nan,nan
2026-10-07 01:40:29,5017.4,2.2,17.0,17.4,-0.4,31.9,80084992,2772099072,33,15158.5,470374.4,0.003,False,nan,nan
2026-10-07 01:40:30,5018.4,1.5,16.1,17.4,-1.3,31.9,80084992,2772520960,33,15158.5,470374.4,0.003,False,nan,nan
2026-10-07 01:40:31,5019.4,0.9,15.0,17.4,-2.4,31.9,80084992,2773024768,33,15158.5,470374.4,0.003,False,nan,nan
2026-10-07 01:40:32,5020.4,50.4,15.8,17.4,-1.6,31.9,80084992,2773053440,33,15158.5,470374.4,0.003,False,nan,nan
2026-10-07 01:40:34,5022.4,71.1,16.9,17.3,-0.4,31.9,80084992,2773131264,33,15158.5,470374.4,0.003,False,nan,nan
2026-10-07 01:40:35,5023.4,7.0,17.0,17.1,-0.1,31.9,80084992,2773131264,33,15158.5,470374.4,0.003,False,2890.7,nan
2026-10-07 01:40:36,5024.4,1.0,17.0,16.9,0.2,31.9,80084992,2775273472,33,15158.5,470374.4,0.003,False,nan,nan
2026-10-07 01:40:37,5025.4,0.9,17.0,16.8,0.2,31.9,80084992,2775314432,33,15158.5,470374.4,0.004,False,nan,nan
2026-10-07 01:40:38,5026.4,0.9,17.0,16.8,0.2,31.9,80084992,2775429120,33,15158.5,470374.4,0.004,False,nan,nan
2026-10-07 01:40:39,5027.4,0.9,17.0,16.8,0.2,31.9,80084992,2775429120,33,15158.5,470374.4,0.004,False,nan,nan
2026-10-07 01:40:40,5028.4,1.9,17.0,16.8,0.2,31.9,80084992,2775429120,33,15158.5,470374.4,0.004,False,nan,nan
2026-10-07 01:40:41,5029.4,0.9,16.3,16.8,-0.5,31.9,80084992,2775429120,33,15158.5,470374.4,0.004,False,nan,nan
2026-10-07 01:40:42,5030.4,0.8,15.0,16.8,-1.8,31.9,80084992,2775957504,33,15158.5,470374.4,0.004,False,nan,nan
2026-10-07 01:40:43,5031.4,57.4,15.7,17.0,-1.2,31.9,80084992,2775957504,33,15158.5,470374.4,0.004,False,nan,nan
2026-10-07 01:40:46,5034.2,74.6,17.0,17.0,-0.0,31.7,80084992,2776051712,33,15158.5,470374.4,0.004,False,nan,nan
2026-10-07 01:40:47,5035.2,7.4,17.1,16.8,0.3,31.7,80084992,2778042368,33,15158.5,470374.4,0.004,False,3876.6,nan
2026-10-07 01:40:48,5036.2,1.6,17.1,16.7,0.4,31.7,80084992,2778071040,33,15158.5,470374.4,0.005,False,nan,nan
2026-10-07 01:40:49,5037.2,0.9,17.1,16.7,0.3,31.7,80084992,2778169344,33,15158.5,470374.4,0.005,False,nan,nan
2026-10-07 01:40:50,5038.2,1.3,17.1,16.7,0.3,31.7,80084992,2778173440,33,15158.5,470374.4,0.005,False,nan,nan
2026-10-07 01:40:51,5039.2,0.9,17.1,16.7,0.3,31.7,80084992,2778173440,33,15158.5,470374.4,0.005,False,nan,nan
2026-10-07 01:40:52,5040.2,1.2,17.1,16.7,0.3,31.7,80084992,2778931200,33,15158.5,470374.4,0.005,False,nan,nan
2026-10-07 01:40:53,5041.2,1.4,16.3,16.7,-0.4,31.7,80084992,2778959872,33,15158.5,470374.4,0.005,False,nan,nan
2026-10-07 01:40:54,5042.2,0.9,15.1,16.7,-1.6,31.7,80084992,2778959872,33,15158.5,470374.4,0.005,False,nan,nan
2026-10-07 01:40:55,5043.2,53.6,15.9,16.6,-0.7,31.7,80084992,2779017216,33,15158.5,470374.4,0.005,False,nan,nan
2026-10-07 01:41:37,5085.4,80.1,17.2,16.9,0.4,31.9,80084992,2783866880,33,15158.5,470374.4,0.011,False,nan,nan
2026-10-07 01:41:38,5086.4,80.8,18.6,17.1,1.4,31.9,80084992,2783870976,33,15158.5,470374.4,0.011,False,nan,nan
2026-10-07 01:41:39,5087.4,79.0,19.9,17.4,2.5,31.9,80084992,2784473088,33,15158.5,470374.4,0.011,False,nan,nan
2026-10-07 01:41:40,5088.4,53.0,20.7,17.6,3.2,31.8,80084992,2784473088,34,15158.6,456540.1,0.011,False,nan,nan
2026-10-07 01:41:41,5089.4,5.0,20.8,17.6,3.2,31.8,80084992,2784485376,34,15158.6,456540.1,0.012,False,46259.5,nan
2026-10-07 01:41:42,5090.4,0.9,20.8,17.6,3.2,31.9,80084992,2784485376,34,15158.6,456540.1,0.012,False,nan,nan
2026-10-07 01:41:43,5091.4,0.9,20.7,17.5,3.2,31.9,80084992,2784485376,34,15158.6,456540.1,0.012,False,nan,nan
2026-10-07 01:41:44,5092.4,1.1,19.8,17.3,2.5,31.9,80084992,2784690176,34,15158.6,456540.1,0.013,False,nan,nan
2026-10-07 01:41:45,5093.4,0.9,18.5,17.2,1.3,31.9,80084992,2785550336,34,15158.6,456540.1,0.013,False,nan,nan
2026-10-07 01:41:46,5094.4,1.4,18.3,17.2,1.1,31.9,80084992,2785550336,34,15158.6,456540.1,0.013,False,nan,nan
2026-10-07 01:41:47,5095.4,1.5,18.3,17.2,1.0,31.8,80084992,2785550336,34,15158.6,456540.1,0.013,False,nan,nan
2026-10-07 01:41:48,5096.4,1.1,18.2,17.2,0.9,31.9,80084992,2785562624,34,15158.6,456540.1,0.013,False,nan,nan
2026-10-07 01:41:49,5097.4,56.1,19.0,17.4,1.5,31.9,80084992,2785964032,34,15158.6,456540.1,0.013,False,nan,nan
2026-10-07 01:41:52,5100.0,78.4,20.2,17.7,2.5,31.8,80084992,2786430976,34,15158.6,456540.1,0.014,False,nan,nan
2026-10-07 01:41:53,5101.0,14.0,20.3,17.7,2.6,31.9,80084992,2786467840,34,15158.6,456540.1,0.014,False,3721.8,nan
2026-10-07 01:41:54,5102.0,0.9,20.2,17.4,2.8,31.9,80084992,2786467840,34,15158.6,456540.1,0.014,False,nan,nan
2026-10-07 01:41:55,5103.0,1.0,20.2,17.1,3.1,31.9,80084992,2786996224,34,15158.6,456540.1,0.014,False,nan,nan
2026-10-07 01:41:56,5104.0,1.1,19.3,17.1,2.3,31.9,80084992,2787078144,34,15158.6,456540.1,0.015,False,nan,nan
2026-10-07 01:41:57,5105.0,2.4,18.0,16.8,1.2,31.9,80084992,2787078144,34,15158.6,456540.1,0.015,False,nan,nan
2026-10-07 01:41:58,5106.0,1.1,16.7,16.8,-0.1,31.9,80084992,2787274752,34,15158.6,456540.1,0.015,False,nan,nan
2026-10-07 01:41:59,5107.0,1.0,15.5,16.8,-1.2,31.9,80084992,2787274752,34,15158.6,456540.1,0.015,False,nan,nan
2026-10-07 01:42:00,5108.0,1.2,15.1,16.8,-1.7,31.9,80084992,2787844096,34,15158.6,456540.1,0.015,False,nan,nan
2026-10-07 01:42:01,5109.0,53.6,16.0,16.9,-0.9,31.9,80084992,2787844096,34,15158.6,456540.1,0.015,False,nan,nan
2026-10-07 01:42:03,5110.9,74.7,17.2,17.2,0.0,31.9,80084992,2787921920,34,15158.6,456540.1,0.015,False,nan,nan
2026-10-07 01:42:04,5111.9,10.6,17.4,17.2,0.2,31.9,80084992,2788106240,34,15158.6,456540.1,0.016,False,2947.7,nan
2026-10-07 01:42:05,5112.9,1.1,17.4,17.2,0.2,31.9,80084992,2788622336,34,15158.6,456540.1,0.016,False,nan,nan
2026-10-07 01:42:06,5113.9,1.1,17.4,17.2,0.2,31.9,80084992,2788622336,34,15158.6,456540.1,0.016,False,nan,nan
2026-10-07 01:42:07,5114.9,0.9,17.4,16.9,0.5,31.9,80084992,2788737024,34,15158.6,456540.1,0.017,False,nan,nan
2026-10-07 01:42:08,5115.9,0.9,17.4,16.9,0.5,31.9,80084992,2788737024,34,15158.6,456540.1,0.017,False,nan,nan
2026-10-07 01:42:09,5116.9,1.0,17.4,16.9,0.5,31.9,80084992,2792226816,34,15158.6,456540.1,0.017,False,nan,nan
2026-10-07 01:42:10,5117.9,1.0,16.1,16.9,-0.8,31.9,80084992,2792656896,34,15158.6,456540.1,0.017,False,nan,nan
2026-10-07 01:42:11,5118.9,1.5,15.9,16.9,-1.0,31.9,80084992,2792996864,34,15158.6,456540.1,0.018,False,nan,nan
2026-10-07 01:42:12,5119.9,55.0,16.8,17.1,-0.2,31.9,80084992,2792996864,34,15158.6,456540.1,0.018,False,nan,nan
2026-10-07 01:42:15,5122.9,71.7,18.0,17.3,0.7,31.6,80084992,2793922560,34,15158.6,456540.1,0.018,False,nan,nan
2026-10-07 01:42:16,5123.9,6.8,18.1,17.3,0.8,31.6,80084992,2794405888,34,15158.6,456540.1,0.018,False,4133.7,nan
2026-10-07 01:42:17,5125.0,0.9,18.1,17.1,1.0,31.6,80084992,2794405888,34,15158.6,456540.1,0.018,False,nan,nan
2026-10-07 01:42:18,5126.0,1.6,18.1,16.9,1.2,31.7,80084992,2794504192,34,15158.6,456540.1,0.018,False,nan,nan
2026-10-07 01:42:19,5127.0,0.8,18.1,16.8,1.2,31.7,80084992,2794504192,34,15158.6,456540.1,0.019,False,nan,nan
2026-10-07 01:42:20,5128.0,1.1,18.1,16.8,1.2,31.7,80084992,2794512384,34,15158.6,456540.1,0.019,False,nan,nan
2026-10-07 01:42:21,5129.0,1.6,17.3,16.8,0.4,31.7,80084992,2794889216,34,15158.6,456540.1,0.019,False,nan,nan
2026-10-07 01:42:22,5130.0,1.1,16.1,16.8,-0.7,31.7,80084992,2794889216,34,15158.6,456540.1,0.020,False,nan,nan
2026-10-07 01:42:23,5131.0,0.9,16.0,16.8,-0.8,31.7,80084992,2794889216,34,15158.6,456540.1,0.020,False,nan,nan
2026-10-07 01:42:24,5132.0,67.0,17.1,17.1,0.0,31.7,80084992,2796507136,34,15158.6,456540.1,0.020,False,nan,nan
2026-10-07 01:43:06,5173.8,80.4,18.4,17.3,1.1,31.9,80084992,2800709632,34,15158.6,456540.1,0.030,False,nan,nan
2026-10-07 01:43:07,5175.0,81.4,19.8,17.4,2.4,31.9,80084992,2800730112,34,15158.6,456540.1,0.031,False,nan,nan
2026-10-07 01:43:08,5176.0,77.7,21.0,17.4,3.6,31.9,80084992,2801356800,34,15158.6,456540.1,0.031,False,nan,nan
2026-10-07 01:43:09,5177.0,42.6,21.7,17.5,4.2,31.9,80084992,2801356800,35,15158.6,443496.3,0.031,False,nan,nan
2026-10-07 01:43:10,5178.0,2.2,21.7,17.5,4.2,31.9,80084992,2801356800,35,15158.6,443496.3,0.031,False,46203.4,nan
2026-10-07 01:43:11,5179.0,1.2,21.7,17.5,4.2,31.9,80084992,2801356800,35,15158.6,443496.3,0.032,False,nan,nan
2026-10-07 01:43:12,5180.0,0.9,20.8,17.5,3.3,31.9,80084992,2801684480,35,15158.6,443496.3,0.032,False,nan,nan
2026-10-07 01:43:13,5181.0,0.9,19.6,17.5,2.1,31.9,80084992,2802180096,35,15158.6,443496.3,0.032,False,nan,nan
2026-10-07 01:43:14,5182.0,1.2,19.5,17.5,2.0,31.9,80084992,2802630656,35,15158.6,443496.3,0.032,False,nan,nan
2026-10-07 01:43:15,5183.0,1.0,19.5,17.5,1.9,31.9,80084992,2802655232,35,15158.6,443496.3,0.033,False,nan,nan
2026-10-07 01:43:16,5184.0,1.1,19.5,17.3,2.1,31.9,80084992,2802655232,35,15158.6,443496.3,0.033,False,nan,nan
2026-10-07 01:43:17,5185.0,1.3,19.5,17.1,2.4,31.9,80084992,2802655232,35,15158.6,443496.3,0.033,False,nan,nan
2026-10-07 01:43:20,5188.5,76.8,20.7,17.1,3.6,31.9,80084992,2803634176,35,15158.6,443496.3,0.034,False,nan,nan
2026-10-07 01:43:21,5189.5,9.9,20.9,17.0,3.9,31.9,80084992,2803736576,35,15158.6,443496.3,0.034,False,3739.3,nan
2026-10-07 01:43:22,5190.5,1.0,20.9,16.9,4.0,31.9,80084992,2803769344,35,15158.6,443496.3,0.035,False,nan,nan
2026-10-07 01:43:23,5191.5,0.9,20.9,16.9,4.0,31.9,80084992,2803769344,35,15158.6,443496.3,0.035,False,nan,nan
2026-10-07 01:43:24,5192.5,1.1,20.0,16.9,3.1,31.9,80084992,2804244480,35,15158.6,443496.3,0.035,False,nan,nan
2026-10-07 01:43:25,5193.5,1.0,18.7,16.9,1.8,31.9,80084992,2804523008,35,15158.6,443496.3,0.035,False,nan,nan
2026-10-07 01:43:26,5194.5,1.6,17.4,16.9,0.5,31.9,80084992,2804523008,35,15158.6,443496.3,0.036,False,nan,nan
2026-10-07 01:43:27,5195.5,1.0,16.1,16.9,-0.8,31.9,80084992,2804523008,35,15158.6,443496.3,0.036,False,nan,nan
2026-10-07 01:43:28,5196.5,1.0,15.2,16.9,-1.7,31.9,80084992,2804551680,35,15158.6,443496.3,0.036,False,nan,nan
2026-10-07 01:43:31,5199.2,71.7,16.3,17.1,-0.8,31.9,80084992,2808119296,35,15158.6,443496.3,0.037,False,nan,nan
2026-10-07 01:43:32,5200.2,9.3,16.4,16.9,-0.5,31.9,80084992,2808131584,35,15158.6,443496.3,0.037,False,3020.4,nan
2026-10-07 01:43:33,5201.2,1.0,16.4,16.9,-0.4,31.9,80084992,2808131584,35,15158.6,443496.3,0.038,False,nan,nan
2026-10-07 01:43:34,5202.2,7.6,16.5,16.9,-0.3,31.9,80084992,2808160256,35,15158.6,443496.3,0.038,False,nan,nan
2026-10-07 01:43:35,5203.2,0.9,16.5,16.9,-0.3,31.9,80084992,2808901632,35,15158.6,443496.3,0.038,False,nan,nan
2026-10-07 01:43:36,5204.2,1.1,16.5,16.9,-0.3,31.9,80084992,2808901632,35,15158.6,443496.3,0.038,False,nan,nan
2026-10-07 01:43:37,5205.2,0.9,16.5,16.9,-0.3,31.9,80084992,2808901632,35,15158.6,443496.3,0.039,False,nan,nan
2026-10-07 01:43:38,5206.2,1.1,16.5,16.9,-0.3,31.9,80084992,2808901632,35,15158.6,443496.3,0.039,False,nan,nan
2026-10-07 01:43:39,5207.2,1.3,15.6,16.9,-1.2,31.9,80084992,2808930304,35,15158.6,443496.3,0.039,False,nan,nan
2026-10-07 01:43:40,5208.2,59.7,15.3,17.0,-1.7,31.8,80084992,2809606144,35,15158.6,443496.3,0.039,False,nan,nan
2026-10-07 01:43:43,5211.1,73.4,16.3,17.0,-0.7,31.7,80084992,2809679872,35,15158.6,443496.3,0.040,False,nan,nan
2026-10-07 01:43:44,5212.1,6.8,16.4,17.0,-0.6,31.7,80084992,2809708544,35,15158.6,443496.3,0.040,False,4086.3,nan
2026-10-07 01:43:45,5213.1,0.9,16.4,17.0,-0.6,31.7,80084992,2809708544,35,15158.6,443496.3,0.041,False,nan,nan
2026-10-07 01:43:46,5214.1,1.5,16.4,17.0,-0.6,31.7,80084992,2812198912,35,15158.6,443496.3,0.041,False,nan,nan
2026-10-07 01:43:47,5215.1,1.0,16.4,17.0,-0.6,31.7,80084992,2812198912,35,15158.6,443496.3,0.041,False,nan,nan
2026-10-07 01:43:48,5216.1,1.5,16.4,17.0,-0.6,31.7,80084992,2812203008,35,15158.6,443496.3,0.041,False,nan,nan
2026-10-07 01:43:49,5217.1,0.9,16.4,17.0,-0.6,31.7,80084992,2812203008,35,15158.6,443496.3,0.042,False,nan,nan
2026-10-07 01:43:50,5218.1,1.0,16.4,17.0,-0.6,31.7,80084992,2812231680,35,15158.6,443496.3,0.042,False,nan,nan
2026-10-07 01:43:51,5219.1,1.8,15.5,16.9,-1.3,31.7,80084992,2813222912,35,15158.6,443496.3,0.042,False,nan,nan
2026-10-07 01:44:34,5261.8,80.2,15.6,16.9,-1.3,31.9,80084992,2816884736,35,15158.6,443496.3,0.057,True,nan,nan
2026-10-07 01:44:35,5262.8,81.4,16.8,17.1,-0.3,31.9,80084992,2816884736,35,15158.6,443496.3,0.057,False,nan,nan
2026-10-07 01:44:36,5263.8,71.2,18.0,17.4,0.6,31.9,80084992,2817359872,35,15158.6,443496.3,0.057,False,nan,nan
2026-10-07 01:44:37,5264.8,45.2,18.7,17.5,1.2,31.9,80084992,2817556480,36,15158.6,431177.2,0.057,False,nan,nan
2026-10-07 01:44:38,5265.8,4.9,18.8,17.5,1.2,31.9,80084992,2817556480,36,15158.6,431177.2,0.058,False,46099.0,nan
2026-10-07 01:44:39,5266.8,1.1,18.8,17.5,1.2,31.9,80084992,2817556480,36,15158.6,431177.2,0.058,False,nan,nan
2026-10-07 01:44:40,5267.8,1.1,18.8,17.5,1.2,31.9,80084992,2817556480,36,15158.6,431177.2,0.058,False,nan,nan
2026-10-07 01:44:41,5268.8,1.0,18.8,17.5,1.2,31.9,80084992,2817667072,36,15158.6,431177.2,0.059,False,nan,nan
2026-10-07 01:44:42,5269.8,1.6,18.8,17.4,1.3,31.9,80084992,2818605056,36,15158.6,431177.2,0.059,False,nan,nan
2026-10-07 01:44:43,5270.8,0.8,17.9,17.2,0.7,31.9,80084992,2818801664,36,15158.6,431177.2,0.059,False,nan,nan
2026-10-07 01:44:44,5271.8,1.0,16.7,16.9,-0.2,31.9,80084992,2818801664,36,15158.6,431177.2,0.059,False,nan,nan
2026-10-07 01:44:45,5272.8,4.8,16.6,16.7,-0.1,31.9,80084992,2818801664,36,15158.6,431177.2,0.060,False,nan,nan
2026-10-07 01:44:48,5276.1,78.8,17.9,16.9,1.1,31.9,80084992,2819883008,36,15158.6,431177.2,0.060,False,nan,nan
2026-10-07 01:44:49,5277.1,10.6,18.1,16.9,1.2,31.9,80084992,2819883008,36,15158.6,431177.2,0.062,False,3769.2,nan
2026-10-07 01:44:50,5278.1,1.3,18.1,16.9,1.2,31.9,80084992,2819883008,36,15158.6,431177.2,0.062,False,nan,nan
2026-10-07 01:44:51,5279.1,0.7,18.1,16.9,1.2,31.9,80084992,2820009984,36,15158.6,431177.2,0.062,False,nan,nan
2026-10-07 01:44:52,5280.1,1.5,18.1,16.9,1.2,31.9,80084992,2820669440,36,15158.6,431177.2,0.063,False,nan,nan
2026-10-07 01:44:53,5281.1,0.9,18.1,16.9,1.2,31.9,80084992,2820669440,36,15158.6,431177.2,0.063,False,nan,nan
2026-10-07 01:44:54,5282.1,0.9,18.1,16.9,1.2,31.9,80084992,2820669440,36,15158.6,431177.2,0.063,False,nan,nan
2026-10-07 01:44:55,5283.1,1.2,17.0,16.9,0.1,31.9,80084992,2820669440,36,15158.6,431177.2,0.063,False,nan,nan
2026-10-07 01:44:56,5284.1,10.4,15.8,16.8,-1.0,31.9,80084992,2820689920,36,15158.6,431177.2,0.064,False,nan,nan
2026-10-07 01:44:59,5286.9,71.7,15.7,16.7,-1.1,31.9,80084992,2824081408,36,15158.6,431177.2,0.064,False,nan,nan
2026-10-07 01:45:00,5287.9,8.8,14.5,16.7,-2.2,31.9,80084992,2824081408,36,15158.6,431177.2,0.066,False,3273.8,nan
2026-10-07 01:45:01,5288.9,1.0,13.8,16.7,-2.9,31.9,80084992,2824179712,36,15158.6,431177.2,0.066,False,nan,nan
2026-10-07 01:45:02,5289.9,1.6,13.8,16.7,-2.9,31.9,80084992,2825097216,36,15158.6,431177.2,0.066,False,nan,nan
2026-10-07 01:45:03,5290.9,1.1,13.8,16.7,-2.9,31.9,80084992,2825097216,36,15158.6,431177.2,0.066,False,nan,nan
2026-10-07 01:45:04,5291.9,0.9,13.8,16.7,-2.9,31.9,80084992,2825097216,36,15158.6,431177.2,0.067,False,nan,nan
2026-10-07 01:45:05,5292.9,1.1,13.8,16.7,-2.9,31.9,80084992,2825097216,36,15158.6,431177.2,0.067,False,nan,nan
2026-10-07 01:45:06,5293.9,1.0,13.8,16.7,-2.9,31.9,80084992,2825097216,36,15158.6,431177.2,0.067,False,nan,nan
2026-10-07 01:45:07,5294.9,14.1,14.0,16.8,-2.7,31.9,80084992,2825838592,36,15158.6,431177.2,0.068,False,nan,nan
2026-10-07 01:45:10,5298.2,74.2,15.3,16.8,-1.5,31.7,80084992,2826031104,36,15158.6,431177.2,0.068,False,nan,nan
2026-10-07 01:45:11,5299.2,8.0,15.4,16.8,-1.4,31.7,80084992,2826031104,36,15158.6,431177.2,0.070,False,3813.8,nan
2026-10-07 01:45:12,5300.2,1.5,14.1,16.8,-2.7,31.7,80084992,2826547200,36,15158.6,431177.2,0.070,False,nan,nan
2026-10-07 01:45:13,5301.2,1.0,14.0,16.8,-2.8,31.7,80084992,2829651968,36,15158.6,431177.2,0.070,False,nan,nan
2026-10-07 01:45:14,5302.2,1.0,14.0,16.8,-2.8,31.7,80084992,2829651968,36,15158.6,431177.2,0.070,False,nan,nan
2026-10-07 01:45:15,5303.2,1.1,14.0,16.8,-2.8,31.7,80084992,2829651968,36,15158.6,431177.2,0.071,False,nan,nan
2026-10-07 01:45:16,5304.2,1.2,14.0,16.8,-2.8,31.7,80084992,2829651968,36,15158.6,431177.2,0.071,False,nan,nan
2026-10-07 01:45:17,5305.2,1.0,14.0,16.8,-2.8,31.7,80084992,2829680640,36,15158.6,431177.2,0.071,False,nan,nan
2026-10-07 01:45:18,5306.2,17.1,14.2,16.8,-2.6,31.7,80084992,2830462976,36,15158.6,431177.2,0.073,False,nan,nan
2026-10-07 01:46:01,5349.0,80.4,15.5,16.8,-1.3,31.8,80113664,2835161088,36,15158.6,431177.2,0.089,False,nan,nan
2026-10-07 01:46:03,5350.8,81.3,16.9,17.0,-0.1,31.9,80113664,2835877888,36,15158.6,431177.2,0.089,False,nan,nan
2026-10-07 01:46:04,5351.8,56.9,16.6,17.2,-0.6,31.8,80113664,2836144128,36,15158.6,431177.2,0.090,False,nan,nan
2026-10-07 01:46:05,5352.8,4.3,16.6,17.2,-0.7,31.8,80113664,2836144128,37,15158.6,419524.0,0.090,False,46285.3,nan
2026-10-07 01:46:06,5353.8,1.0,16.6,17.2,-0.7,31.8,80113664,2836144128,37,15158.6,419524.0,0.090,False,nan,nan
2026-10-07 01:46:07,5354.8,0.8,16.4,17.2,-0.8,31.8,80113664,2836258816,37,15158.6,419524.0,0.090,False,nan,nan
2026-10-07 01:46:08,5355.8,1.0,16.4,17.2,-0.8,31.8,80113664,2836680704,37,15158.6,419524.0,0.092,False,nan,nan
2026-10-07 01:46:09,5356.8,0.9,16.4,17.2,-0.8,31.8,80113664,2837123072,37,15158.6,419524.0,0.092,False,nan,nan
2026-10-07 01:46:10,5357.8,1.2,16.4,17.2,-0.8,31.8,80113664,2837241856,37,15158.6,419524.0,0.092,False,nan,nan
2026-10-07 01:46:11,5358.8,0.9,16.4,17.0,-0.5,31.8,80113664,2837241856,37,15158.6,419524.0,0.093,False,nan,nan
2026-10-07 01:46:12,5359.8,19.0,16.7,16.7,-0.0,31.8,80113664,2837241856,37,15158.6,419524.0,0.093,False,nan,nan
2026-10-07 01:46:15,5363.0,79.6,17.1,16.9,0.1,31.8,80113664,2838810624,37,15158.6,419524.0,0.095,False,nan,nan
2026-10-07 01:46:16,5364.0,10.1,16.0,16.8,-0.8,31.8,80113664,2838810624,37,15158.6,419524.0,0.095,False,3811.8,nan
2026-10-07 01:46:17,5365.0,1.1,15.9,16.7,-0.8,31.8,80113664,2838810624,37,15158.6,419524.0,0.095,False,nan,nan
2026-10-07 01:46:18,5366.0,1.4,15.9,16.7,-0.7,31.8,80113664,2839339008,37,15158.6,419524.0,0.095,False,nan,nan
2026-10-07 01:46:19,5367.0,9.2,16.1,16.7,-0.6,31.8,80113664,2839429120,37,15158.6,419524.0,0.096,False,nan,nan
2026-10-07 01:46:20,5368.0,9.9,16.2,16.7,-0.5,31.8,80113664,2840104960,37,15158.6,419524.0,0.096,False,nan,nan
2026-10-07 01:46:21,5369.0,1.0,16.2,16.7,-0.5,31.8,80113664,2840104960,37,15158.6,419524.0,0.096,False,nan,nan
2026-10-07 01:46:22,5370.0,1.4,16.2,16.7,-0.5,31.8,80113664,2840104960,37,15158.6,419524.0,0.098,False,nan,nan
2026-10-07 01:46:23,5371.0,32.0,16.7,16.8,-0.1,31.8,80113664,2841714688,37,15158.6,419524.0,0.098,False,nan,nan
2026-10-07 01:46:25,5373.3,72.9,17.9,17.1,0.8,31.9,80113664,2842562560,37,15158.6,419524.0,0.098,False,nan,nan
2026-10-07 01:46:26,5374.3,5.8,16.7,17.1,-0.4,31.9,80113664,2842562560,37,15158.6,419524.0,0.099,False,2925.6,nan
2026-10-07 01:46:27,5375.3,0.8,15.3,16.8,-1.5,31.9,80113664,2843045888,37,15158.6,419524.0,0.099,False,nan,nan
2026-10-07 01:46:28,5376.3,1.0,14.2,16.8,-2.6,31.9,80113664,2843148288,37,15158.6,419524.0,0.099,False,nan,nan
2026-10-07 01:46:29,5377.3,0.8,13.4,16.8,-3.4,31.9,80113664,2843148288,37,15158.6,419524.0,0.099,False,nan,nan
2026-10-07 01:46:30,5378.3,1.0,13.3,16.8,-3.4,31.9,80113664,2843971584,37,15158.6,419524.0,0.101,False,nan,nan
2026-10-07 01:46:31,5379.3,0.9,13.3,16.8,-3.4,31.9,80113664,2843971584,37,15158.6,419524.0,0.101,False,nan,nan
2026-10-07 01:46:32,5380.3,1.1,13.3,16.8,-3.4,31.9,80113664,2843971584,37,15158.6,419524.0,0.101,False,nan,nan
2026-10-07 01:46:33,5381.3,34.4,13.9,16.9,-3.0,31.9,80113664,2844905472,37,15158.6,419524.0,0.102,False,nan,nan
2026-10-07 01:46:36,5384.4,74.5,15.1,17.1,-2.0,31.8,80113664,2845556736,37,15158.6,419524.0,0.102,False,nan,nan
2026-10-07 01:46:37,5385.4,5.1,15.2,17.2,-2.0,31.8,80113664,2845655040,37,15158.6,419524.0,0.104,False,3805.2,nan
2026-10-07 01:46:38,5386.4,1.0,15.2,16.9,-1.8,31.8,80113664,2846171136,37,15158.6,419524.0,0.104,False,nan,nan
2026-10-07 01:46:39,5387.4,0.9,15.1,16.7,-1.6,31.8,80113664,2846420992,37,15158.6,419524.0,0.104,False,nan,nan
2026-10-07 01:46:40,5388.4,1.0,13.8,16.7,-2.9,31.8,80113664,2847428608,37,15158.6,419524.0,0.104,False,nan,nan
2026-10-07 01:46:41,5389.4,2.3,13.7,16.7,-3.0,31.8,80113664,2847428608,37,15158.6,419524.0,0.106,False,nan,nan
2026-10-07 01:46:42,5390.4,1.0,13.7,16.7,-3.0,31.8,80113664,2847428608,37,15158.6,419524.0,0.106,False,nan,nan
2026-10-07 01:46:43,5391.4,1.4,13.7,16.7,-3.0,31.8,80113664,2847850496,37,15158.6,419524.0,0.106,False,nan,nan
2026-10-07 01:46:44,5392.4,40.4,14.3,16.8,-2.5,31.8,80113664,2847850496,37,15158.6,419524.0,0.106,False,nan,nan
