window_id,config_id,repetition,query,policy_id,policy_name,decision,rf_predicted_qir,q95_predicted_qir,actual_concurrent_qir,observed_effective_qir,maintenance_executed,maintenance_delay_sec,maintenance_starved,sla_violation
1,frag50_single_stream_FIFO,1,Q14,policy_1_always_run,Always Run (Baseline),RUN,2.948001924001781,31.503994184712383,35.0478663059414,35.0478663059414,1,0.0,0,1
1,frag50_single_stream_FIFO,1,Q14,policy_2_always_defer,Always Defer,DEFER,2.948001924001781,31.503994184712383,35.0478663059414,0.0,0,2.1915082931518555,1,0
1,frag50_single_stream_FIFO,1,Q14,policy_3_heuristic,Simple Resource Heuristic,DEFER,2.948001924001781,31.503994184712383,35.0478663059414,0.0,0,2.1915082931518555,1,0
1,frag50_single_stream_FIFO,1,Q14,policy_4_predictive_qir,Predictive QIR Policy (RF Regressor),RUN,2.948001924001781,31.503994184712383,35.0478663059414,35.0478663059414,1,0.0,0,1
1,frag50_single_stream_FIFO,1,Q14,policy_5_conservative_quantile,Conservative Quantile Policy (q=0.95 Upper Bound),DEFER,2.948001924001781,31.503994184712383,35.0478663059414,0.0,0,2.1915082931518555,1,0
2,frag50_single_stream_FIFO,2,Q14,policy_1_always_run,Always Run (Baseline),RUN,2.948001924001781,19.544544232649283,-4.365461453719339,-4.365461453719339,1,0.0,0,0
2,frag50_single_stream_FIFO,2,Q14,policy_2_always_defer,Always Defer,DEFER,2.948001924001781,19.544544232649283,-4.365461453719339,0.0,0,2.1817281246185303,1,0
2,frag50_single_stream_FIFO,2,Q14,policy_3_heuristic,Simple Resource Heuristic,DEFER,2.948001924001781,19.544544232649283,-4.365461453719339,0.0,0,2.1817281246185303,1,0
2,frag50_single_stream_FIFO,2,Q14,policy_4_predictive_qir,Predictive QIR Policy (RF Regressor),RUN,2.948001924001781,19.544544232649283,-4.365461453719339,-4.365461453719339,1,0.0,0,0
2,frag50_single_stream_FIFO,2,Q14,policy_5_conservative_quantile,Conservative Quantile Policy (q=0.95 Upper Bound),DEFER,2.948001924001781,19.544544232649283,-4.365461453719339,0.0,0,2.1817281246185303,1,0
3,frag50_single_stream_FIFO,3,Q14,policy_1_always_run,Always Run (Baseline),RUN,2.948001924001781,20.471847787178177,6.157604932116373,6.157604932116373,1,0.0,0,0
3,frag50_single_stream_FIFO,3,Q14,policy_2_always_defer,Always Defer,DEFER,2.948001924001781,20.471847787178177,6.157604932116373,0.0,0,1.963494062423706,1,0
3,frag50_single_stream_FIFO,3,Q14,policy_3_heuristic,Simple Resource Heuristic,RUN,2.948001924001781,20.471847787178177,6.157604932116373,6.157604932116373,1,0.0,0,0
3,frag50_single_stream_FIFO,3,Q14,policy_4_predictive_qir,Predictive QIR Policy (RF Regressor),RUN,2.948001924001781,20.471847787178177,6.157604932116373,6.157604932116373,1,0.0,0,0
3,frag50_single_stream_FIFO,3,Q14,policy_5_conservative_quantile,Conservative Quantile Policy (q=0.95 Upper Bound),DEFER,2.948001924001781,20.471847787178177,6.157604932116373,0.0,0,1.963494062423706,1,0
4,frag50_single_stream_FIFO,4,Q14,policy_1_always_run,Always Run (Baseline),RUN,3.1785776174399625,24.453077190732635,16.42621261844445,16.42621261844445,1,0.0,0,1
4,frag50_single_stream_FIFO,4,Q14,policy_2_always_defer,Always Defer,DEFER,3.1785776174399625,24.453077190732635,16.42621261844445,0.0,0,2.036893606185913,1,0
4,frag50_single_stream_FIFO,4,Q14,policy_3_heuristic,Simple Resource Heuristic,DEFER,3.1785776174399625,24.453077190732635,16.42621261844445,0.0,0,2.036893606185913,1,0
4,frag50_single_stream_FIFO,4,Q14,policy_4_predictive_qir,Predictive QIR Policy (RF Regressor),RUN,3.1785776174399625,24.453077190732635,16.42621261844445,16.42621261844445,1,0.0,0,1
4,frag50_single_stream_FIFO,4,Q14,policy_5_conservative_quantile,Conservative Quantile Policy (q=0.95 Upper Bound),DEFER,3.1785776174399625,24.453077190732635,16.42621261844445,0.0,0,2.036893606185913,1,0
5,frag50_multi_stream_FIFO,1,Q1,policy_1_always_run,Always Run (Baseline),RUN,1.334817847935259,10.29229844797164,2.9604842697990623,2.9604842697990623,1,0.0,0,0
5,frag50_multi_stream_FIFO,1,Q1,policy_2_always_defer,Always Defer,DEFER,1.334817847935259,10.29229844797164,2.9604842697990623,0.0,0,7.739009141921997,1,0
5,frag50_multi_stream_FIFO,1,Q1,policy_3_heuristic,Simple Resource Heuristic,RUN,1.334817847935259,10.29229844797164,2.9604842697990623,2.9604842697990623,1,0.0,0,0
5,frag50_multi_stream_FIFO,1,Q1,policy_4_predictive_qir,Predictive QIR Policy (RF Regressor),RUN,1.334817847935259,10.29229844797164,2.9604842697990623,2.9604842697990623,1,0.0,0,0
5,frag50_multi_stream_FIFO,1,Q1,policy_5_conservative_quantile,Conservative Quantile Policy (q=0.95 Upper Bound),DEFER,1.334817847935259,10.29229844797164,2.9604842697990623,0.0,0,7.739009141921997,1,0
6,frag50_multi_stream_FIFO,1,Q3,policy_1_always_run,Always Run (Baseline),RUN,6.600169090878862,12.715068596707797,12.593935963908931,12.593935963908931,1,0.0,0,1
6,frag50_multi_stream_FIFO,1,Q3,policy_2_always_defer,Always Defer,DEFER,6.600169090878862,12.715068596707797,12.593935963908931,0.0,0,2.5225510597229004,1,0
6,frag50_multi_stream_FIFO,1,Q3,policy_3_heuristic,Simple Resource Heuristic,RUN,6.600169090878862,12.715068596707797,12.593935963908931,12.593935963908931,1,0.0,0,1
6,frag50_multi_stream_FIFO,1,Q3,policy_4_predictive_qir,Predictive QIR Policy (RF Regressor),RUN,6.600169090878862,12.715068596707797,12.593935963908931,12.593935963908931,1,0.0,0,1
6,frag50_multi_stream_FIFO,1,Q3,policy_5_conservative_quantile,Conservative Quantile Policy (q=0.95 Upper Bound),DEFER,6.600169090878862,12.715068596707797,12.593935963908931,0.0,0,2.5225510597229004,1,0
7,frag50_multi_stream_FIFO,1,Q6,policy_1_always_run,Always Run (Baseline),RUN,2.1795821355878635,9.852525799095604,11.918104427451674,11.918104427451674,1,0.0,0,1
7,frag50_multi_stream_FIFO,1,Q6,policy_2_always_defer,Always Defer,DEFER,2.1795821355878635,9.852525799095604,11.918104427451674,0.0,0,1.7527012825012207,1,0
7,frag50_multi_stream_FIFO,1,Q6,policy_3_heuristic,Simple Resource Heuristic,RUN,2.1795821355878635,9.852525799095604,11.918104427451674,11.918104427451674,1,0.0,0,1
7,frag50_multi_stream_FIFO,1,Q6,policy_4_predictive_qir,Predictive QIR Policy (RF Regressor),RUN,2.1795821355878635,9.852525799095604,11.918104427451674,11.918104427451674,1,0.0,0,1
7,frag50_multi_stream_FIFO,1,Q6,policy_5_conservative_quantile,Conservative Quantile Policy (q=0.95 Upper Bound),RUN,2.1795821355878635,9.852525799095604,11.918104427451674,11.918104427451674,1,0.0,0,1
8,frag50_multi_stream_FIFO,1,Q12,policy_1_always_run,Always Run (Baseline),RUN,1.334817847935259,6.853491147973638,-0.6548046189818023,-0.6548046189818023,1,0.0,0,0
8,frag50_multi_stream_FIFO,1,Q12,policy_2_always_defer,Always Defer,DEFER,1.334817847935259,6.853491147973638,-0.6548046189818023,0.0,0,2.0449674129486084,1,0
8,frag50_multi_stream_FIFO,1,Q12,policy_3_heuristic,Simple Resource Heuristic,RUN,1.334817847935259,6.853491147973638,-0.6548046189818023,-0.6548046189818023,1,0.0,0,0
8,frag50_multi_stream_FIFO,1,Q12,policy_4_predictive_qir,Predictive QIR Policy (RF Regressor),RUN,1.334817847935259,6.853491147973638,-0.6548046189818023,-0.6548046189818023,1,0.0,0,0
8,frag50_multi_stream_FIFO,1,Q12,policy_5_conservative_quantile,Conservative Quantile Policy (q=0.95 Upper Bound),RUN,1.334817847935259,6.853491147973638,-0.6548046189818023,-0.6548046189818023,1,0.0,0,0
9,frag50_multi_stream_FIFO,1,Q14,policy_1_always_run,Always Run (Baseline),RUN,1.334817847935259,10.722984486936314,8.05941242242554,8.05941242242554,1,0.0,0,0
9,frag50_multi_stream_FIFO,1,Q14,policy_2_always_defer,Always Defer,DEFER,1.334817847935259,10.722984486936314,8.05941242242554,0.0,0,1.8915722370147705,1,0
9,frag50_multi_stream_FIFO,1,Q14,policy_3_heuristic,Simple Resource Heuristic,RUN,1.334817847935259,10.722984486936314,8.05941242242554,8.05941242242554,1,0.0,0,0
9,frag50_multi_stream_FIFO,1,Q14,policy_4_predictive_qir,Predictive QIR Policy (RF Regressor),RUN,1.334817847935259,10.722984486936314,8.05941242242554,8.05941242242554,1,0.0,0,0
9,frag50_multi_stream_FIFO,1,Q14,policy_5_conservative_quantile,Conservative Quantile Policy (q=0.95 Upper Bound),DEFER,1.334817847935259,10.722984486936314,8.05941242242554,0.0,0,1.8915722370147705,1,0
10,frag50_multi_stream_FIFO,1,Q18,policy_1_always_run,Always Run (Baseline),RUN,1.334817847935259,6.8597201163536115,2.287327529563869,2.287327529563869,1,0.0,0,0
10,frag50_multi_stream_FIFO,1,Q18,policy_2_always_defer,Always Defer,DEFER,1.334817847935259,6.8597201163536115,2.287327529563869,0.0,0,3.93083119392395,1,0
10,frag50_multi_stream_FIFO,1,Q18,policy_3_heuristic,Simple Resource Heuristic,RUN,1.334817847935259,6.8597201163536115,2.287327529563869,2.287327529563869,1,0.0,0,0
10,frag50_multi_stream_FIFO,1,Q18,policy_4_predictive_qir,Predictive QIR Policy (RF Regressor),RUN,1.334817847935259,6.8597201163536115,2.287327529563869,2.287327529563869,1,0.0,0,0
10,frag50_multi_stream_FIFO,1,Q18,policy_5_conservative_quantile,Conservative Quantile Policy (q=0.95 Upper Bound),RUN,1.334817847935259,6.8597201163536115,2.287327529563869,2.287327529563869,1,0.0,0,0
11,frag50_multi_stream_FIFO,2,Q1,policy_1_always_run,Always Run (Baseline),RUN,4.421706485691837,16.70954872785711,4.327255343808503,4.327255343808503,1,0.0,0,0
11,frag50_multi_stream_FIFO,2,Q1,policy_2_always_defer,Always Defer,DEFER,4.421706485691837,16.70954872785711,4.327255343808503,0.0,0,7.790262699127197,1,0
11,frag50_multi_stream_FIFO,2,Q1,policy_3_heuristic,Simple Resource Heuristic,RUN,4.421706485691837,16.70954872785711,4.327255343808503,4.327255343808503,1,0.0,0,0
11,frag50_multi_stream_FIFO,2,Q1,policy_4_predictive_qir,Predictive QIR Policy (RF Regressor),RUN,4.421706485691837,16.70954872785711,4.327255343808503,4.327255343808503,1,0.0,0,0
11,frag50_multi_stream_FIFO,2,Q1,policy_5_conservative_quantile,Conservative Quantile Policy (q=0.95 Upper Bound),DEFER,4.421706485691837,16.70954872785711,4.327255343808503,0.0,0,7.790262699127197,1,0
12,frag50_multi_stream_FIFO,2,Q3,policy_1_always_run,Always Run (Baseline),RUN,10.265375062826964,19.132003981560004,4.608834559126264,4.608834559126264,1,0.0,0,0
12,frag50_multi_stream_FIFO,2,Q3,policy_2_always_defer,Always Defer,DEFER,10.265375062826964,19.132003981560004,4.608834559126264,0.0,0,2.4784679412841797,1,0
12,frag50_multi_stream_FIFO,2,Q3,policy_3_heuristic,Simple Resource Heuristic,RUN,10.265375062826964,19.132003981560004,4.608834559126264,4.608834559126264,1,0.0,0,0
12,frag50_multi_stream_FIFO,2,Q3,policy_4_predictive_qir,Predictive QIR Policy (RF Regressor),DEFER,10.265375062826964,19.132003981560004,4.608834559126264,0.0,0,2.4784679412841797,1,0
12,frag50_multi_stream_FIFO,2,Q3,policy_5_conservative_quantile,Conservative Quantile Policy (q=0.95 Upper Bound),DEFER,10.265375062826964,19.132003981560004,4.608834559126264,0.0,0,2.4784679412841797,1,0
13,frag50_multi_stream_FIFO,2,Q6,policy_1_always_run,Always Run (Baseline),RUN,5.266470773344442,16.27058224352987,0.9900644315450196,0.9900644315450196,1,0.0,0,0
13,frag50_multi_stream_FIFO,2,Q6,policy_2_always_defer,Always Defer,DEFER,5.266470773344442,16.27058224352987,0.9900644315450196,0.0,0,2.0480268001556396,1,0
13,frag50_multi_stream_FIFO,2,Q6,policy_3_heuristic,Simple Resource Heuristic,RUN,5.266470773344442,16.27058224352987,0.9900644315450196,0.9900644315450196,1,0.0,0,0
13,frag50_multi_stream_FIFO,2,Q6,policy_4_predictive_qir,Predictive QIR Policy (RF Regressor),RUN,5.266470773344442,16.27058224352987,0.9900644315450196,0.9900644315450196,1,0.0,0,0
13,frag50_multi_stream_FIFO,2,Q6,policy_5_conservative_quantile,Conservative Quantile Policy (q=0.95 Upper Bound),DEFER,5.266470773344442,16.27058224352987,0.9900644315450196,0.0,0,2.0480268001556396,1,0
14,frag50_multi_stream_FIFO,2,Q12,policy_1_always_run,Always Run (Baseline),RUN,4.421706485691837,13.270590650002154,3.1329462805564465,3.1329462805564465,1,0.0,0,0
14,frag50_multi_stream_FIFO,2,Q12,policy_2_always_defer,Always Defer,DEFER,4.421706485691837,13.270590650002154,3.1329462805564465,0.0,0,2.050571918487549,1,0
14,frag50_multi_stream_FIFO,2,Q12,policy_3_heuristic,Simple Resource Heuristic,RUN,4.421706485691837,13.270590650002154,3.1329462805564465,3.1329462805564465,1,0.0,0,0
14,frag50_multi_stream_FIFO,2,Q12,policy_4_predictive_qir,Predictive QIR Policy (RF Regressor),RUN,4.421706485691837,13.270590650002154,3.1329462805564465,3.1329462805564465,1,0.0,0,0
14,frag50_multi_stream_FIFO,2,Q12,policy_5_conservative_quantile,Conservative Quantile Policy (q=0.95 Upper Bound),DEFER,4.421706485691837,13.270590650002154,3.1329462805564465,0.0,0,2.050571918487549,1,0
15,frag50_multi_stream_FIFO,2,Q14,policy_1_always_run,Always Run (Baseline),RUN,4.421706485691837,17.140103650266337,-4.113787712643832,-4.113787712643832,1,0.0,0,0
15,frag50_multi_stream_FIFO,2,Q14,policy_2_always_defer,Always Defer,DEFER,4.421706485691837,17.140103650266337,-4.113787712643832,0.0,0,1.9031293392181396,1,0
15,frag50_multi_stream_FIFO,2,Q14,policy_3_heuristic,Simple Resource Heuristic,RUN,4.421706485691837,17.140103650266337,-4.113787712643832,-4.113787712643832,1,0.0,0,0
15,frag50_multi_stream_FIFO,2,Q14,policy_4_predictive_qir,Predictive QIR Policy (RF Regressor),RUN,4.421706485691837,17.140103650266337,-4.113787712643832,-4.113787712643832,1,0.0,0,0
15,frag50_multi_stream_FIFO,2,Q14,policy_5_conservative_quantile,Conservative Quantile Policy (q=0.95 Upper Bound),DEFER,4.421706485691837,17.140103650266337,-4.113787712643832,0.0,0,1.9031293392181396,1,0
16,frag50_multi_stream_FIFO,2,Q18,policy_1_always_run,Always Run (Baseline),RUN,4.421706485691837,13.276875836616332,3.5745634256235843,3.5745634256235843,1,0.0,0,0
16,frag50_multi_stream_FIFO,2,Q18,policy_2_always_defer,Always Defer,DEFER,4.421706485691837,13.276875836616332,3.5745634256235843,0.0,0,3.953456163406372,1,0
16,frag50_multi_stream_FIFO,2,Q18,policy_3_heuristic,Simple Resource Heuristic,RUN,4.421706485691837,13.276875836616332,3.5745634256235843,3.5745634256235843,1,0.0,0,0
16,frag50_multi_stream_FIFO,2,Q18,policy_4_predictive_qir,Predictive QIR Policy (RF Regressor),RUN,4.421706485691837,13.276875836616332,3.5745634256235843,3.5745634256235843,1,0.0,0,0
16,frag50_multi_stream_FIFO,2,Q18,policy_5_conservative_quantile,Conservative Quantile Policy (q=0.95 Upper Bound),DEFER,4.421706485691837,13.276875836616332,3.5745634256235843,0.0,0,3.953456163406372,1,0
17,frag50_multi_stream_FIFO,3,Q1,policy_1_always_run,Always Run (Baseline),RUN,12.26668548525991,21.653183125595103,6.268882572644338,6.268882572644338,1,0.0,0,0
17,frag50_multi_stream_FIFO,3,Q1,policy_2_always_defer,Always Defer,DEFER,12.26668548525991,21.653183125595103,6.268882572644338,0.0,0,7.9294469356536865,1,0
17,frag50_multi_stream_FIFO,3,Q1,policy_3_heuristic,Simple Resource Heuristic,DEFER,12.26668548525991,21.653183125595103,6.268882572644338,0.0,0,7.9294469356536865,1,0
17,frag50_multi_stream_FIFO,3,Q1,policy_4_predictive_qir,Predictive QIR Policy (RF Regressor),DEFER,12.26668548525991,21.653183125595103,6.268882572644338,0.0,0,7.9294469356536865,1,0
17,frag50_multi_stream_FIFO,3,Q1,policy_5_conservative_quantile,Conservative Quantile Policy (q=0.95 Upper Bound),DEFER,12.26668548525991,21.653183125595103,6.268882572644338,0.0,0,7.9294469356536865,1,0
18,frag50_multi_stream_FIFO,3,Q3,policy_1_always_run,Always Run (Baseline),RUN,14.182243467280141,24.075786496221006,2.95336856232957,2.95336856232957,1,0.0,0,0
18,frag50_multi_stream_FIFO,3,Q3,policy_2_always_defer,Always Defer,DEFER,14.182243467280141,24.075786496221006,2.95336856232957,0.0,0,2.6624956130981445,1,0
18,frag50_multi_stream_FIFO,3,Q3,policy_3_heuristic,Simple Resource Heuristic,DEFER,14.182243467280141,24.075786496221006,2.95336856232957,0.0,0,2.6624956130981445,1,0
18,frag50_multi_stream_FIFO,3,Q3,policy_4_predictive_qir,Predictive QIR Policy (RF Regressor),DEFER,14.182243467280141,24.075786496221006,2.95336856232957,0.0,0,2.6624956130981445,1,0
18,frag50_multi_stream_FIFO,3,Q3,policy_5_conservative_quantile,Conservative Quantile Policy (q=0.95 Upper Bound),DEFER,14.182243467280141,24.075786496221006,2.95336856232957,0.0,0,2.6624956130981445,1,0
19,frag50_multi_stream_FIFO,3,Q6,policy_1_always_run,Always Run (Baseline),RUN,13.111449772912513,21.212787967011916,33.40004421424533,33.40004421424533,1,0.0,0,1
19,frag50_multi_stream_FIFO,3,Q6,policy_2_always_defer,Always Defer,DEFER,13.111449772912513,21.212787967011916,33.40004421424533,0.0,0,1.7546699047088623,1,0
19,frag50_multi_stream_FIFO,3,Q6,policy_3_heuristic,Simple Resource Heuristic,DEFER,13.111449772912513,21.212787967011916,33.40004421424533,0.0,0,1.7546699047088623,1,0
19,frag50_multi_stream_FIFO,3,Q6,policy_4_predictive_qir,Predictive QIR Policy (RF Regressor),DEFER,13.111449772912513,21.212787967011916,33.40004421424533,0.0,0,1.7546699047088623,1,0
19,frag50_multi_stream_FIFO,3,Q6,policy_5_conservative_quantile,Conservative Quantile Policy (q=0.95 Upper Bound),DEFER,13.111449772912513,21.212787967011916,33.40004421424533,0.0,0,1.7546699047088623,1,0
20,frag50_multi_stream_FIFO,3,Q12,policy_1_always_run,Always Run (Baseline),RUN,12.26668548525991,18.21429247906652,-3.696247658204614,-3.696247658204614,1,0.0,0,0
20,frag50_multi_stream_FIFO,3,Q12,policy_2_always_defer,Always Defer,DEFER,12.26668548525991,18.21429247906652,-3.696247658204614,0.0,0,2.2101714611053467,1,0
20,frag50_multi_stream_FIFO,3,Q12,policy_3_heuristic,Simple Resource Heuristic,DEFER,12.26668548525991,18.21429247906652,-3.696247658204614,0.0,0,2.2101714611053467,1,0
20,frag50_multi_stream_FIFO,3,Q12,policy_4_predictive_qir,Predictive QIR Policy (RF Regressor),DEFER,12.26668548525991,18.21429247906652,-3.696247658204614,0.0,0,2.2101714611053467,1,0
20,frag50_multi_stream_FIFO,3,Q12,policy_5_conservative_quantile,Conservative Quantile Policy (q=0.95 Upper Bound),DEFER,12.26668548525991,18.21429247906652,-3.696247658204614,0.0,0,2.2101714611053467,1,0
21,frag50_multi_stream_FIFO,3,Q14,policy_1_always_run,Always Run (Baseline),RUN,12.26668548525991,22.083253334355945,7.880216859977803,7.880216859977803,1,0.0,0,0
21,frag50_multi_stream_FIFO,3,Q14,policy_2_always_defer,Always Defer,DEFER,12.26668548525991,22.083253334355945,7.880216859977803,0.0,0,1.8955631256103516,1,0
21,frag50_multi_stream_FIFO,3,Q14,policy_3_heuristic,Simple Resource Heuristic,DEFER,12.26668548525991,22.083253334355945,7.880216859977803,0.0,0,1.8955631256103516,1,0
21,frag50_multi_stream_FIFO,3,Q14,policy_4_predictive_qir,Predictive QIR Policy (RF Regressor),DEFER,12.26668548525991,22.083253334355945,7.880216859977803,0.0,0,1.8955631256103516,1,0
21,frag50_multi_stream_FIFO,3,Q14,policy_5_conservative_quantile,Conservative Quantile Policy (q=0.95 Upper Bound),DEFER,12.26668548525991,22.083253334355945,7.880216859977803,0.0,0,1.8955631256103516,1,0
22,frag50_multi_stream_FIFO,3,Q18,policy_1_always_run,Always Run (Baseline),RUN,12.26668548525991,18.220183370237006,-0.16968237999253524,-0.16968237999253524,1,0.0,0,0
22,frag50_multi_stream_FIFO,3,Q18,policy_2_always_defer,Always Defer,DEFER,12.26668548525991,18.220183370237006,-0.16968237999253524,0.0,0,3.993680000305176,1,0
22,frag50_multi_stream_FIFO,3,Q18,policy_3_heuristic,Simple Resource Heuristic,DEFER,12.26668548525991,18.220183370237006,-0.16968237999253524,0.0,0,3.993680000305176,1,0
22,frag50_multi_stream_FIFO,3,Q18,policy_4_predictive_qir,Predictive QIR Policy (RF Regressor),DEFER,12.26668548525991,18.220183370237006,-0.16968237999253524,0.0,0,3.993680000305176,1,0
22,frag50_multi_stream_FIFO,3,Q18,policy_5_conservative_quantile,Conservative Quantile Policy (q=0.95 Upper Bound),DEFER,12.26668548525991,18.220183370237006,-0.16968237999253524,0.0,0,3.993680000305176,1,0
23,frag50_multi_stream_FIFO,4,Q1,policy_1_always_run,Always Run (Baseline),RUN,12.26668548525991,14.992625404835545,8.12791051786454,8.12791051786454,1,0.0,0,0
23,frag50_multi_stream_FIFO,4,Q1,policy_2_always_defer,Always Defer,DEFER,12.26668548525991,14.992625404835545,8.12791051786454,0.0,0,7.9917449951171875,1,0
23,frag50_multi_stream_FIFO,4,Q1,policy_3_heuristic,Simple Resource Heuristic,DEFER,12.26668548525991,14.992625404835545,8.12791051786454,0.0,0,7.9917449951171875,1,0
23,frag50_multi_stream_FIFO,4,Q1,policy_4_predictive_qir,Predictive QIR Policy (RF Regressor),DEFER,12.26668548525991,14.992625404835545,8.12791051786454,0.0,0,7.9917449951171875,1,0
23,frag50_multi_stream_FIFO,4,Q1,policy_5_conservative_quantile,Conservative Quantile Policy (q=0.95 Upper Bound),DEFER,12.26668548525991,14.992625404835545,8.12791051786454,0.0,0,7.9917449951171875,1,0
24,frag50_multi_stream_FIFO,4,Q3,policy_1_always_run,Always Run (Baseline),RUN,14.182243467280141,17.41447314739533,11.751515773838662,11.751515773838662,1,0.0,0,1
24,frag50_multi_stream_FIFO,4,Q3,policy_2_always_defer,Always Defer,DEFER,14.182243467280141,17.41447314739533,11.751515773838662,0.0,0,2.4960219860076904,1,0
24,frag50_multi_stream_FIFO,4,Q3,policy_3_heuristic,Simple Resource Heuristic,DEFER,14.182243467280141,17.41447314739533,11.751515773838662,0.0,0,2.4960219860076904,1,0
24,frag50_multi_stream_FIFO,4,Q3,policy_4_predictive_qir,Predictive QIR Policy (RF Regressor),DEFER,14.182243467280141,17.41447314739533,11.751515773838662,0.0,0,2.4960219860076904,1,0
24,frag50_multi_stream_FIFO,4,Q3,policy_5_conservative_quantile,Conservative Quantile Policy (q=0.95 Upper Bound),DEFER,14.182243467280141,17.41447314739533,11.751515773838662,0.0,0,2.4960219860076904,1,0
25,frag50_multi_stream_FIFO,4,Q6,policy_1_always_run,Always Run (Baseline),RUN,13.111449772912513,14.55291976912787,-2.498319898405345,-2.498319898405345,1,0.0,0,0
25,frag50_multi_stream_FIFO,4,Q6,policy_2_always_defer,Always Defer,DEFER,13.111449772912513,14.55291976912787,-2.498319898405345,0.0,0,2.025725841522217,1,0
25,frag50_multi_stream_FIFO,4,Q6,policy_3_heuristic,Simple Resource Heuristic,DEFER,13.111449772912513,14.55291976912787,-2.498319898405345,0.0,0,2.025725841522217,1,0
25,frag50_multi_stream_FIFO,4,Q6,policy_4_predictive_qir,Predictive QIR Policy (RF Regressor),DEFER,13.111449772912513,14.55291976912787,-2.498319898405345,0.0,0,2.025725841522217,1,0
25,frag50_multi_stream_FIFO,4,Q6,policy_5_conservative_quantile,Conservative Quantile Policy (q=0.95 Upper Bound),DEFER,13.111449772912513,14.55291976912787,-2.498319898405345,0.0,0,2.025725841522217,1,0
26,frag50_multi_stream_FIFO,4,Q12,policy_1_always_run,Always Run (Baseline),RUN,12.26668548525991,11.552818192955412,10.933952616562872,10.933952616562872,1,0.0,0,1
26,frag50_multi_stream_FIFO,4,Q12,policy_2_always_defer,Always Defer,DEFER,12.26668548525991,11.552818192955412,10.933952616562872,0.0,0,1.9949729442596436,1,0
26,frag50_multi_stream_FIFO,4,Q12,policy_3_heuristic,Simple Resource Heuristic,DEFER,12.26668548525991,11.552818192955412,10.933952616562872,0.0,0,1.9949729442596436,1,0
26,frag50_multi_stream_FIFO,4,Q12,policy_4_predictive_qir,Predictive QIR Policy (RF Regressor),DEFER,12.26668548525991,11.552818192955412,10.933952616562872,0.0,0,1.9949729442596436,1,0
26,frag50_multi_stream_FIFO,4,Q12,policy_5_conservative_quantile,Conservative Quantile Policy (q=0.95 Upper Bound),DEFER,12.26668548525991,11.552818192955412,10.933952616562872,0.0,0,1.9949729442596436,1,0
27,frag50_multi_stream_FIFO,4,Q14,policy_1_always_run,Always Run (Baseline),RUN,12.26668548525991,15.422477661922795,-4.996762484848959,-4.996762484848959,1,0.0,0,0
27,frag50_multi_stream_FIFO,4,Q14,policy_2_always_defer,Always Defer,DEFER,12.26668548525991,15.422477661922795,-4.996762484848959,0.0,0,1.8918747901916504,1,0
27,frag50_multi_stream_FIFO,4,Q14,policy_3_heuristic,Simple Resource Heuristic,DEFER,12.26668548525991,15.422477661922795,-4.996762484848959,0.0,0,1.8918747901916504,1,0
27,frag50_multi_stream_FIFO,4,Q14,policy_4_predictive_qir,Predictive QIR Policy (RF Regressor),DEFER,12.26668548525991,15.422477661922795,-4.996762484848959,0.0,0,1.8918747901916504,1,0
27,frag50_multi_stream_FIFO,4,Q14,policy_5_conservative_quantile,Conservative Quantile Policy (q=0.95 Upper Bound),DEFER,12.26668548525991,15.422477661922795,-4.996762484848959,0.0,0,1.8918747901916504,1,0
28,frag50_multi_stream_FIFO,4,Q18,policy_1_always_run,Always Run (Baseline),RUN,12.26668548525991,11.560111878259573,-4.948720733976594,-4.948720733976594,1,0.0,0,0
28,frag50_multi_stream_FIFO,4,Q18,policy_2_always_defer,Always Defer,DEFER,12.26668548525991,11.560111878259573,-4.948720733976594,0.0,0,4.2031872272491455,1,0
28,frag50_multi_stream_FIFO,4,Q18,policy_3_heuristic,Simple Resource Heuristic,DEFER,12.26668548525991,11.560111878259573,-4.948720733976594,0.0,0,4.2031872272491455,1,0
28,frag50_multi_stream_FIFO,4,Q18,policy_4_predictive_qir,Predictive QIR Policy (RF Regressor),DEFER,12.26668548525991,11.560111878259573,-4.948720733976594,0.0,0,4.2031872272491455,1,0
28,frag50_multi_stream_FIFO,4,Q18,policy_5_conservative_quantile,Conservative Quantile Policy (q=0.95 Upper Bound),DEFER,12.26668548525991,11.560111878259573,-4.948720733976594,0.0,0,4.2031872272491455,1,0
29,frag200_single_stream_FIFO,1,Q14,policy_1_always_run,Always Run (Baseline),RUN,2.948001924001781,19.406471886814,5.747747104874414,5.747747104874414,1,0.0,0,0
29,frag200_single_stream_FIFO,1,Q14,policy_2_always_defer,Always Defer,DEFER,2.948001924001781,19.406471886814,5.747747104874414,0.0,0,1.9913058280944824,1,0
29,frag200_single_stream_FIFO,1,Q14,policy_3_heuristic,Simple Resource Heuristic,DEFER,2.948001924001781,19.406471886814,5.747747104874414,0.0,0,1.9913058280944824,1,0
29,frag200_single_stream_FIFO,1,Q14,policy_4_predictive_qir,Predictive QIR Policy (RF Regressor),RUN,2.948001924001781,19.406471886814,5.747747104874414,5.747747104874414,1,0.0,0,0
29,frag200_single_stream_FIFO,1,Q14,policy_5_conservative_quantile,Conservative Quantile Policy (q=0.95 Upper Bound),DEFER,2.948001924001781,19.406471886814,5.747747104874414,0.0,0,1.9913058280944824,1,0
30,frag200_single_stream_FIFO,2,Q14,policy_1_always_run,Always Run (Baseline),RUN,2.948001924001781,17.184930542513467,13.705127825170004,13.705127825170004,1,0.0,0,1
30,frag200_single_stream_FIFO,2,Q14,policy_2_always_defer,Always Defer,DEFER,2.948001924001781,17.184930542513467,13.705127825170004,0.0,0,1.9950847625732422,1,0
30,frag200_single_stream_FIFO,2,Q14,policy_3_heuristic,Simple Resource Heuristic,DEFER,2.948001924001781,17.184930542513467,13.705127825170004,0.0,0,1.9950847625732422,1,0
30,frag200_single_stream_FIFO,2,Q14,policy_4_predictive_qir,Predictive QIR Policy (RF Regressor),RUN,2.948001924001781,17.184930542513467,13.705127825170004,13.705127825170004,1,0.0,0,1
30,frag200_single_stream_FIFO,2,Q14,policy_5_conservative_quantile,Conservative Quantile Policy (q=0.95 Upper Bound),DEFER,2.948001924001781,17.184930542513467,13.705127825170004,0.0,0,1.9950847625732422,1,0
31,frag200_single_stream_FIFO,3,Q14,policy_1_always_run,Always Run (Baseline),RUN,2.948001924001781,22.93609456521378,20.62182730530776,20.62182730530776,1,0.0,0,1
31,frag200_single_stream_FIFO,3,Q14,policy_2_always_defer,Always Defer,DEFER,2.948001924001781,22.93609456521378,20.62182730530776,0.0,0,2.0006957054138184,1,0
31,frag200_single_stream_FIFO,3,Q14,policy_3_heuristic,Simple Resource Heuristic,RUN,2.948001924001781,22.93609456521378,20.62182730530776,20.62182730530776,1,0.0,0,1
31,frag200_single_stream_FIFO,3,Q14,policy_4_predictive_qir,Predictive QIR Policy (RF Regressor),RUN,2.948001924001781,22.93609456521378,20.62182730530776,20.62182730530776,1,0.0,0,1
31,frag200_single_stream_FIFO,3,Q14,policy_5_conservative_quantile,Conservative Quantile Policy (q=0.95 Upper Bound),DEFER,2.948001924001781,22.93609456521378,20.62182730530776,0.0,0,2.0006957054138184,1,0
32,frag200_single_stream_FIFO,4,Q14,policy_1_always_run,Always Run (Baseline),RUN,2.948001924001781,16.8624566982806,8.379541567612762,8.379541567612762,1,0.0,0,0
32,frag200_single_stream_FIFO,4,Q14,policy_2_always_defer,Always Defer,DEFER,2.948001924001781,16.8624566982806,8.379541567612762,0.0,0,1.8786306381225586,1,0
32,frag200_single_stream_FIFO,4,Q14,policy_3_heuristic,Simple Resource Heuristic,RUN,2.948001924001781,16.8624566982806,8.379541567612762,8.379541567612762,1,0.0,0,0
32,frag200_single_stream_FIFO,4,Q14,policy_4_predictive_qir,Predictive QIR Policy (RF Regressor),RUN,2.948001924001781,16.8624566982806,8.379541567612762,8.379541567612762,1,0.0,0,0
32,frag200_single_stream_FIFO,4,Q14,policy_5_conservative_quantile,Conservative Quantile Policy (q=0.95 Upper Bound),DEFER,2.948001924001781,16.8624566982806,8.379541567612762,0.0,0,1.8786306381225586,1,0
33,frag200_multi_stream_FIFO,1,Q1,policy_1_always_run,Always Run (Baseline),RUN,2.191446733577565,11.526954035199253,9.43750980484926,9.43750980484926,1,0.0,0,0
33,frag200_multi_stream_FIFO,1,Q1,policy_2_always_defer,Always Defer,DEFER,2.191446733577565,11.526954035199253,9.43750980484926,0.0,0,7.659664154052734,1,0
33,frag200_multi_stream_FIFO,1,Q1,policy_3_heuristic,Simple Resource Heuristic,RUN,2.191446733577565,11.526954035199253,9.43750980484926,9.43750980484926,1,0.0,0,0
33,frag200_multi_stream_FIFO,1,Q1,policy_4_predictive_qir,Predictive QIR Policy (RF Regressor),RUN,2.191446733577565,11.526954035199253,9.43750980484926,9.43750980484926,1,0.0,0,0
33,frag200_multi_stream_FIFO,1,Q1,policy_5_conservative_quantile,Conservative Quantile Policy (q=0.95 Upper Bound),DEFER,2.191446733577565,11.526954035199253,9.43750980484926,0.0,0,7.659664154052734,1,0
34,frag200_multi_stream_FIFO,1,Q3,policy_1_always_run,Always Run (Baseline),RUN,3.326654255447493,15.35941109978383,1.5166527526922506,1.5166527526922506,1,0.0,0,0
34,frag200_multi_stream_FIFO,1,Q3,policy_2_always_defer,Always Defer,DEFER,3.326654255447493,15.35941109978383,1.5166527526922506,0.0,0,2.4212021827697754,1,0
34,frag200_multi_stream_FIFO,1,Q3,policy_3_heuristic,Simple Resource Heuristic,RUN,3.326654255447493,15.35941109978383,1.5166527526922506,1.5166527526922506,1,0.0,0,0
34,frag200_multi_stream_FIFO,1,Q3,policy_4_predictive_qir,Predictive QIR Policy (RF Regressor),RUN,3.326654255447493,15.35941109978383,1.5166527526922506,1.5166527526922506,1,0.0,0,0
34,frag200_multi_stream_FIFO,1,Q3,policy_5_conservative_quantile,Conservative Quantile Policy (q=0.95 Upper Bound),DEFER,3.326654255447493,15.35941109978383,1.5166527526922506,0.0,0,2.4212021827697754,1,0
35,frag200_multi_stream_FIFO,1,Q6,policy_1_always_run,Always Run (Baseline),RUN,3.11528421456042,18.854420536431697,9.012223856183745,9.012223856183745,1,0.0,0,0
35,frag200_multi_stream_FIFO,1,Q6,policy_2_always_defer,Always Defer,DEFER,3.11528421456042,18.854420536431697,9.012223856183745,0.0,0,1.9781134128570557,1,0
35,frag200_multi_stream_FIFO,1,Q6,policy_3_heuristic,Simple Resource Heuristic,RUN,3.11528421456042,18.854420536431697,9.012223856183745,9.012223856183745,1,0.0,0,0
35,frag200_multi_stream_FIFO,1,Q6,policy_4_predictive_qir,Predictive QIR Policy (RF Regressor),RUN,3.11528421456042,18.854420536431697,9.012223856183745,9.012223856183745,1,0.0,0,0
35,frag200_multi_stream_FIFO,1,Q6,policy_5_conservative_quantile,Conservative Quantile Policy (q=0.95 Upper Bound),DEFER,3.11528421456042,18.854420536431697,9.012223856183745,0.0,0,1.9781134128570557,1,0
36,frag200_multi_stream_FIFO,1,Q12,policy_1_always_run,Always Run (Baseline),RUN,2.191446733577565,12.177523711631666,-2.045093199025077,-2.045093199025077,1,0.0,0,0
36,frag200_multi_stream_FIFO,1,Q12,policy_2_always_defer,Always Defer,DEFER,2.191446733577565,12.177523711631666,-2.045093199025077,0.0,0,1.987515926361084,1,0
36,frag200_multi_stream_FIFO,1,Q12,policy_3_heuristic,Simple Resource Heuristic,RUN,2.191446733577565,12.177523711631666,-2.045093199025077,-2.045093199025077,1,0.0,0,0
36,frag200_multi_stream_FIFO,1,Q12,policy_4_predictive_qir,Predictive QIR Policy (RF Regressor),RUN,2.191446733577565,12.177523711631666,-2.045093199025077,-2.045093199025077,1,0.0,0,0
36,frag200_multi_stream_FIFO,1,Q12,policy_5_conservative_quantile,Conservative Quantile Policy (q=0.95 Upper Bound),DEFER,2.191446733577565,12.177523711631666,-2.045093199025077,0.0,0,1.987515926361084,1,0
37,frag200_multi_stream_FIFO,1,Q14,policy_1_always_run,Always Run (Baseline),RUN,2.191446733577565,15.646988812016541,-1.9556448030138789,-1.9556448030138789,1,0.0,0,0
37,frag200_multi_stream_FIFO,1,Q14,policy_2_always_defer,Always Defer,DEFER,2.191446733577565,15.646988812016541,-1.9556448030138789,0.0,0,1.8246479034423828,1,0
37,frag200_multi_stream_FIFO,1,Q14,policy_3_heuristic,Simple Resource Heuristic,RUN,2.191446733577565,15.646988812016541,-1.9556448030138789,-1.9556448030138789,1,0.0,0,0
37,frag200_multi_stream_FIFO,1,Q14,policy_4_predictive_qir,Predictive QIR Policy (RF Regressor),RUN,2.191446733577565,15.646988812016541,-1.9556448030138789,-1.9556448030138789,1,0.0,0,0
37,frag200_multi_stream_FIFO,1,Q14,policy_5_conservative_quantile,Conservative Quantile Policy (q=0.95 Upper Bound),DEFER,2.191446733577565,15.646988812016541,-1.9556448030138789,0.0,0,1.8246479034423828,1,0
38,frag200_multi_stream_FIFO,1,Q18,policy_1_always_run,Always Run (Baseline),RUN,2.191446733577565,10.623173593211611,2.518533465322588,2.518533465322588,1,0.0,0,0
38,frag200_multi_stream_FIFO,1,Q18,policy_2_always_defer,Always Defer,DEFER,2.191446733577565,10.623173593211611,2.518533465322588,0.0,0,4.092944622039795,1,0
38,frag200_multi_stream_FIFO,1,Q18,policy_3_heuristic,Simple Resource Heuristic,RUN,2.191446733577565,10.623173593211611,2.518533465322588,2.518533465322588,1,0.0,0,0
38,frag200_multi_stream_FIFO,1,Q18,policy_4_predictive_qir,Predictive QIR Policy (RF Regressor),RUN,2.191446733577565,10.623173593211611,2.518533465322588,2.518533465322588,1,0.0,0,0
38,frag200_multi_stream_FIFO,1,Q18,policy_5_conservative_quantile,Conservative Quantile Policy (q=0.95 Upper Bound),DEFER,2.191446733577565,10.623173593211611,2.518533465322588,0.0,0,4.092944622039795,1,0
39,frag200_multi_stream_FIFO,2,Q1,policy_1_always_run,Always Run (Baseline),RUN,2.9020415698737976,8.661383089323511,6.497371550342591,6.497371550342591,1,0.0,0,0
39,frag200_multi_stream_FIFO,2,Q1,policy_2_always_defer,Always Defer,DEFER,2.9020415698737976,8.661383089323511,6.497371550342591,0.0,0,7.623145818710327,1,0
39,frag200_multi_stream_FIFO,2,Q1,policy_3_heuristic,Simple Resource Heuristic,DEFER,2.9020415698737976,8.661383089323511,6.497371550342591,0.0,0,7.623145818710327,1,0
39,frag200_multi_stream_FIFO,2,Q1,policy_4_predictive_qir,Predictive QIR Policy (RF Regressor),RUN,2.9020415698737976,8.661383089323511,6.497371550342591,6.497371550342591,1,0.0,0,0
39,frag200_multi_stream_FIFO,2,Q1,policy_5_conservative_quantile,Conservative Quantile Policy (q=0.95 Upper Bound),RUN,2.9020415698737976,8.661383089323511,6.497371550342591,6.497371550342591,1,0.0,0,0
40,frag200_multi_stream_FIFO,2,Q3,policy_1_always_run,Always Run (Baseline),RUN,4.037249091743726,12.473373353694685,8.66916207445291,8.66916207445291,1,0.0,0,0
40,frag200_multi_stream_FIFO,2,Q3,policy_2_always_defer,Always Defer,DEFER,4.037249091743726,12.473373353694685,8.66916207445291,0.0,0,2.4125864505767822,1,0
40,frag200_multi_stream_FIFO,2,Q3,policy_3_heuristic,Simple Resource Heuristic,DEFER,4.037249091743726,12.473373353694685,8.66916207445291,0.0,0,2.4125864505767822,1,0
40,frag200_multi_stream_FIFO,2,Q3,policy_4_predictive_qir,Predictive QIR Policy (RF Regressor),RUN,4.037249091743726,12.473373353694685,8.66916207445291,8.66916207445291,1,0.0,0,0
40,frag200_multi_stream_FIFO,2,Q3,policy_5_conservative_quantile,Conservative Quantile Policy (q=0.95 Upper Bound),DEFER,4.037249091743726,12.473373353694685,8.66916207445291,0.0,0,2.4125864505767822,1,0
41,frag200_multi_stream_FIFO,2,Q6,policy_1_always_run,Always Run (Baseline),RUN,3.8258790508566527,15.942957558363041,15.213613231506756,15.213613231506756,1,0.0,0,1
41,frag200_multi_stream_FIFO,2,Q6,policy_2_always_defer,Always Defer,DEFER,3.8258790508566527,15.942957558363041,15.213613231506756,0.0,0,2.004160165786743,1,0
41,frag200_multi_stream_FIFO,2,Q6,policy_3_heuristic,Simple Resource Heuristic,DEFER,3.8258790508566527,15.942957558363041,15.213613231506756,0.0,0,2.004160165786743,1,0
41,frag200_multi_stream_FIFO,2,Q6,policy_4_predictive_qir,Predictive QIR Policy (RF Regressor),RUN,3.8258790508566527,15.942957558363041,15.213613231506756,15.213613231506756,1,0.0,0,1
41,frag200_multi_stream_FIFO,2,Q6,policy_5_conservative_quantile,Conservative Quantile Policy (q=0.95 Upper Bound),DEFER,3.8258790508566527,15.942957558363041,15.213613231506756,0.0,0,2.004160165786743,1,0
42,frag200_multi_stream_FIFO,2,Q12,policy_1_always_run,Always Run (Baseline),RUN,2.9020415698737976,9.266763759546143,-1.6108205747005795,-1.6108205747005795,1,0.0,0,0
42,frag200_multi_stream_FIFO,2,Q12,policy_2_always_defer,Always Defer,DEFER,2.9020415698737976,9.266763759546143,-1.6108205747005795,0.0,0,2.012604236602783,1,0
42,frag200_multi_stream_FIFO,2,Q12,policy_3_heuristic,Simple Resource Heuristic,DEFER,2.9020415698737976,9.266763759546143,-1.6108205747005795,0.0,0,2.012604236602783,1,0
42,frag200_multi_stream_FIFO,2,Q12,policy_4_predictive_qir,Predictive QIR Policy (RF Regressor),RUN,2.9020415698737976,9.266763759546143,-1.6108205747005795,-1.6108205747005795,1,0.0,0,0
42,frag200_multi_stream_FIFO,2,Q12,policy_5_conservative_quantile,Conservative Quantile Policy (q=0.95 Upper Bound),RUN,2.9020415698737976,9.266763759546143,-1.6108205747005795,-1.6108205747005795,1,0.0,0,0
43,frag200_multi_stream_FIFO,2,Q14,policy_1_always_run,Always Run (Baseline),RUN,2.9020415698737976,12.62753632112253,-5.282763764375961,-5.282763764375961,1,0.0,0,0
43,frag200_multi_stream_FIFO,2,Q14,policy_2_always_defer,Always Defer,DEFER,2.9020415698737976,12.62753632112253,-5.282763764375961,0.0,0,1.997917890548706,1,0
43,frag200_multi_stream_FIFO,2,Q14,policy_3_heuristic,Simple Resource Heuristic,DEFER,2.9020415698737976,12.62753632112253,-5.282763764375961,0.0,0,1.997917890548706,1,0
43,frag200_multi_stream_FIFO,2,Q14,policy_4_predictive_qir,Predictive QIR Policy (RF Regressor),RUN,2.9020415698737976,12.62753632112253,-5.282763764375961,-5.282763764375961,1,0.0,0,0
43,frag200_multi_stream_FIFO,2,Q14,policy_5_conservative_quantile,Conservative Quantile Policy (q=0.95 Upper Bound),DEFER,2.9020415698737976,12.62753632112253,-5.282763764375961,0.0,0,1.997917890548706,1,0
44,frag200_multi_stream_FIFO,2,Q18,policy_1_always_run,Always Run (Baseline),RUN,2.9020415698737976,7.861383797659215,1.3403530353918436,1.3403530353918436,1,0.0,0,0
44,frag200_multi_stream_FIFO,2,Q18,policy_2_always_defer,Always Defer,DEFER,2.9020415698737976,7.861383797659215,1.3403530353918436,0.0,0,3.914940357208252,1,0
44,frag200_multi_stream_FIFO,2,Q18,policy_3_heuristic,Simple Resource Heuristic,DEFER,2.9020415698737976,7.861383797659215,1.3403530353918436,0.0,0,3.914940357208252,1,0
44,frag200_multi_stream_FIFO,2,Q18,policy_4_predictive_qir,Predictive QIR Policy (RF Regressor),RUN,2.9020415698737976,7.861383797659215,1.3403530353918436,1.3403530353918436,1,0.0,0,0
44,frag200_multi_stream_FIFO,2,Q18,policy_5_conservative_quantile,Conservative Quantile Policy (q=0.95 Upper Bound),RUN,2.9020415698737976,7.861383797659215,1.3403530353918436,1.3403530353918436,1,0.0,0,0
45,frag200_multi_stream_FIFO,3,Q1,policy_1_always_run,Always Run (Baseline),RUN,2.191446733577565,10.711027414593957,3.302865215977971,3.302865215977971,1,0.0,0,0
45,frag200_multi_stream_FIFO,3,Q1,policy_2_always_defer,Always Defer,DEFER,2.191446733577565,10.711027414593957,3.302865215977971,0.0,0,7.597756624221802,1,0
45,frag200_multi_stream_FIFO,3,Q1,policy_3_heuristic,Simple Resource Heuristic,RUN,2.191446733577565,10.711027414593957,3.302865215977971,3.302865215977971,1,0.0,0,0
45,frag200_multi_stream_FIFO,3,Q1,policy_4_predictive_qir,Predictive QIR Policy (RF Regressor),RUN,2.191446733577565,10.711027414593957,3.302865215977971,3.302865215977971,1,0.0,0,0
45,frag200_multi_stream_FIFO,3,Q1,policy_5_conservative_quantile,Conservative Quantile Policy (q=0.95 Upper Bound),DEFER,2.191446733577565,10.711027414593957,3.302865215977971,0.0,0,7.597756624221802,1,0
46,frag200_multi_stream_FIFO,3,Q3,policy_1_always_run,Always Run (Baseline),RUN,3.326654255447493,14.457383208156358,11.672894081578077,11.672894081578077,1,0.0,0,1
46,frag200_multi_stream_FIFO,3,Q3,policy_2_always_defer,Always Defer,DEFER,3.326654255447493,14.457383208156358,11.672894081578077,0.0,0,2.476677417755127,1,0
46,frag200_multi_stream_FIFO,3,Q3,policy_3_heuristic,Simple Resource Heuristic,RUN,3.326654255447493,14.457383208156358,11.672894081578077,11.672894081578077,1,0.0,0,1
46,frag200_multi_stream_FIFO,3,Q3,policy_4_predictive_qir,Predictive QIR Policy (RF Regressor),RUN,3.326654255447493,14.457383208156358,11.672894081578077,11.672894081578077,1,0.0,0,1
46,frag200_multi_stream_FIFO,3,Q3,policy_5_conservative_quantile,Conservative Quantile Policy (q=0.95 Upper Bound),DEFER,3.326654255447493,14.457383208156358,11.672894081578077,0.0,0,2.476677417755127,1,0
47,frag200_multi_stream_FIFO,3,Q6,policy_1_always_run,Always Run (Baseline),RUN,3.11528421456042,18.01970091205194,0.7682871533091021,0.7682871533091021,1,0.0,0,0
47,frag200_multi_stream_FIFO,3,Q6,policy_2_always_defer,Always Defer,DEFER,3.11528421456042,18.01970091205194,0.7682871533091021,0.0,0,1.941826581954956,1,0
47,frag200_multi_stream_FIFO,3,Q6,policy_3_heuristic,Simple Resource Heuristic,RUN,3.11528421456042,18.01970091205194,0.7682871533091021,0.7682871533091021,1,0.0,0,0
47,frag200_multi_stream_FIFO,3,Q6,policy_4_predictive_qir,Predictive QIR Policy (RF Regressor),RUN,3.11528421456042,18.01970091205194,0.7682871533091021,0.7682871533091021,1,0.0,0,0
47,frag200_multi_stream_FIFO,3,Q6,policy_5_conservative_quantile,Conservative Quantile Policy (q=0.95 Upper Bound),DEFER,3.11528421456042,18.01970091205194,0.7682871533091021,0.0,0,1.941826581954956,1,0
48,frag200_multi_stream_FIFO,3,Q12,policy_1_always_run,Always Run (Baseline),RUN,2.191446733577565,11.32386942898831,8.97048220166156,8.97048220166156,1,0.0,0,0
48,frag200_multi_stream_FIFO,3,Q12,policy_2_always_defer,Always Defer,DEFER,2.191446733577565,11.32386942898831,8.97048220166156,0.0,0,1.9770429134368896,1,0
48,frag200_multi_stream_FIFO,3,Q12,policy_3_heuristic,Simple Resource Heuristic,RUN,2.191446733577565,11.32386942898831,8.97048220166156,8.97048220166156,1,0.0,0,0
48,frag200_multi_stream_FIFO,3,Q12,policy_4_predictive_qir,Predictive QIR Policy (RF Regressor),RUN,2.191446733577565,11.32386942898831,8.97048220166156,8.97048220166156,1,0.0,0,0
48,frag200_multi_stream_FIFO,3,Q12,policy_5_conservative_quantile,Conservative Quantile Policy (q=0.95 Upper Bound),DEFER,2.191446733577565,11.32386942898831,8.97048220166156,0.0,0,1.9770429134368896,1,0
49,frag200_multi_stream_FIFO,3,Q14,policy_1_always_run,Always Run (Baseline),RUN,2.191446733577565,14.773894811647079,-0.46040599143045147,-0.46040599143045147,1,0.0,0,0
49,frag200_multi_stream_FIFO,3,Q14,policy_2_always_defer,Always Defer,DEFER,2.191446733577565,14.773894811647079,-0.46040599143045147,0.0,0,1.840677261352539,1,0
49,frag200_multi_stream_FIFO,3,Q14,policy_3_heuristic,Simple Resource Heuristic,RUN,2.191446733577565,14.773894811647079,-0.46040599143045147,-0.46040599143045147,1,0.0,0,0
49,frag200_multi_stream_FIFO,3,Q14,policy_4_predictive_qir,Predictive QIR Policy (RF Regressor),RUN,2.191446733577565,14.773894811647079,-0.46040599143045147,-0.46040599143045147,1,0.0,0,0
49,frag200_multi_stream_FIFO,3,Q14,policy_5_conservative_quantile,Conservative Quantile Policy (q=0.95 Upper Bound),DEFER,2.191446733577565,14.773894811647079,-0.46040599143045147,0.0,0,1.840677261352539,1,0
50,frag200_multi_stream_FIFO,3,Q18,policy_1_always_run,Always Run (Baseline),RUN,2.191446733577565,9.957303496653674,4.065989958098617,4.065989958098617,1,0.0,0,0
50,frag200_multi_stream_FIFO,3,Q18,policy_2_always_defer,Always Defer,DEFER,2.191446733577565,9.957303496653674,4.065989958098617,0.0,0,3.826463460922241,1,0
50,frag200_multi_stream_FIFO,3,Q18,policy_3_heuristic,Simple Resource Heuristic,RUN,2.191446733577565,9.957303496653674,4.065989958098617,4.065989958098617,1,0.0,0,0
50,frag200_multi_stream_FIFO,3,Q18,policy_4_predictive_qir,Predictive QIR Policy (RF Regressor),RUN,2.191446733577565,9.957303496653674,4.065989958098617,4.065989958098617,1,0.0,0,0
50,frag200_multi_stream_FIFO,3,Q18,policy_5_conservative_quantile,Conservative Quantile Policy (q=0.95 Upper Bound),RUN,2.191446733577565,9.957303496653674,4.065989958098617,4.065989958098617,1,0.0,0,0
51,frag200_multi_stream_FIFO,4,Q1,policy_1_always_run,Always Run (Baseline),RUN,2.9020415698737976,11.147319001871061,6.178960293838602,6.178960293838602,1,0.0,0,0
51,frag200_multi_stream_FIFO,4,Q1,policy_2_always_defer,Always Defer,DEFER,2.9020415698737976,11.147319001871061,6.178960293838602,0.0,0,7.5326478481292725,1,0
51,frag200_multi_stream_FIFO,4,Q1,policy_3_heuristic,Simple Resource Heuristic,RUN,2.9020415698737976,11.147319001871061,6.178960293838602,6.178960293838602,1,0.0,0,0
51,frag200_multi_stream_FIFO,4,Q1,policy_4_predictive_qir,Predictive QIR Policy (RF Regressor),RUN,2.9020415698737976,11.147319001871061,6.178960293838602,6.178960293838602,1,0.0,0,0
51,frag200_multi_stream_FIFO,4,Q1,policy_5_conservative_quantile,Conservative Quantile Policy (q=0.95 Upper Bound),DEFER,2.9020415698737976,11.147319001871061,6.178960293838602,0.0,0,7.5326478481292725,1,0
52,frag200_multi_stream_FIFO,4,Q3,policy_1_always_run,Always Run (Baseline),RUN,4.037249091743726,14.906926835215497,15.499147082774059,15.499147082774059,1,0.0,0,1
52,frag200_multi_stream_FIFO,4,Q3,policy_2_always_defer,Always Defer,DEFER,4.037249091743726,14.906926835215497,15.499147082774059,0.0,0,2.3935019969940186,1,0
52,frag200_multi_stream_FIFO,4,Q3,policy_3_heuristic,Simple Resource Heuristic,RUN,4.037249091743726,14.906926835215497,15.499147082774059,15.499147082774059,1,0.0,0,1
52,frag200_multi_stream_FIFO,4,Q3,policy_4_predictive_qir,Predictive QIR Policy (RF Regressor),RUN,4.037249091743726,14.906926835215497,15.499147082774059,15.499147082774059,1,0.0,0,1
52,frag200_multi_stream_FIFO,4,Q3,policy_5_conservative_quantile,Conservative Quantile Policy (q=0.95 Upper Bound),DEFER,4.037249091743726,14.906926835215497,15.499147082774059,0.0,0,2.3935019969940186,1,0
53,frag200_multi_stream_FIFO,4,Q6,policy_1_always_run,Always Run (Baseline),RUN,3.8258790508566527,18.408522680962047,5.804704527737075,5.804704527737075,1,0.0,0,0
53,frag200_multi_stream_FIFO,4,Q6,policy_2_always_defer,Always Defer,DEFER,3.8258790508566527,18.408522680962047,5.804704527737075,0.0,0,1.9414339065551758,1,0
53,frag200_multi_stream_FIFO,4,Q6,policy_3_heuristic,Simple Resource Heuristic,RUN,3.8258790508566527,18.408522680962047,5.804704527737075,5.804704527737075,1,0.0,0,0
53,frag200_multi_stream_FIFO,4,Q6,policy_4_predictive_qir,Predictive QIR Policy (RF Regressor),RUN,3.8258790508566527,18.408522680962047,5.804704527737075,5.804704527737075,1,0.0,0,0
53,frag200_multi_stream_FIFO,4,Q6,policy_5_conservative_quantile,Conservative Quantile Policy (q=0.95 Upper Bound),DEFER,3.8258790508566527,18.408522680962047,5.804704527737075,0.0,0,1.9414339065551758,1,0
54,frag200_multi_stream_FIFO,4,Q12,policy_1_always_run,Always Run (Baseline),RUN,2.9020415698737976,11.66531931349922,7.026799232989443,7.026799232989443,1,0.0,0,0
54,frag200_multi_stream_FIFO,4,Q12,policy_2_always_defer,Always Defer,DEFER,2.9020415698737976,11.66531931349922,7.026799232989443,0.0,0,2.0412328243255615,1,0
54,frag200_multi_stream_FIFO,4,Q12,policy_3_heuristic,Simple Resource Heuristic,RUN,2.9020415698737976,11.66531931349922,7.026799232989443,7.026799232989443,1,0.0,0,0
54,frag200_multi_stream_FIFO,4,Q12,policy_4_predictive_qir,Predictive QIR Policy (RF Regressor),RUN,2.9020415698737976,11.66531931349922,7.026799232989443,7.026799232989443,1,0.0,0,0
54,frag200_multi_stream_FIFO,4,Q12,policy_5_conservative_quantile,Conservative Quantile Policy (q=0.95 Upper Bound),DEFER,2.9020415698737976,11.66531931349922,7.026799232989443,0.0,0,2.0412328243255615,1,0
55,frag200_multi_stream_FIFO,4,Q14,policy_1_always_run,Always Run (Baseline),RUN,2.9020415698737976,15.166682731370978,-0.5590931640894518,-0.5590931640894518,1,0.0,0,0
55,frag200_multi_stream_FIFO,4,Q14,policy_2_always_defer,Always Defer,DEFER,2.9020415698737976,15.166682731370978,-0.5590931640894518,0.0,0,1.8348774909973145,1,0
55,frag200_multi_stream_FIFO,4,Q14,policy_3_heuristic,Simple Resource Heuristic,RUN,2.9020415698737976,15.166682731370978,-0.5590931640894518,-0.5590931640894518,1,0.0,0,0
55,frag200_multi_stream_FIFO,4,Q14,policy_4_predictive_qir,Predictive QIR Policy (RF Regressor),RUN,2.9020415698737976,15.166682731370978,-0.5590931640894518,-0.5590931640894518,1,0.0,0,0
55,frag200_multi_stream_FIFO,4,Q14,policy_5_conservative_quantile,Conservative Quantile Policy (q=0.95 Upper Bound),DEFER,2.9020415698737976,15.166682731370978,-0.5590931640894518,0.0,0,1.8348774909973145,1,0
56,frag200_multi_stream_FIFO,4,Q18,policy_1_always_run,Always Run (Baseline),RUN,2.9020415698737976,10.284960081328371,-0.253685709154256,-0.253685709154256,1,0.0,0,0
56,frag200_multi_stream_FIFO,4,Q18,policy_2_always_defer,Always Defer,DEFER,2.9020415698737976,10.284960081328371,-0.253685709154256,0.0,0,3.9094579219818115,1,0
56,frag200_multi_stream_FIFO,4,Q18,policy_3_heuristic,Simple Resource Heuristic,RUN,2.9020415698737976,10.284960081328371,-0.253685709154256,-0.253685709154256,1,0.0,0,0
56,frag200_multi_stream_FIFO,4,Q18,policy_4_predictive_qir,Predictive QIR Policy (RF Regressor),RUN,2.9020415698737976,10.284960081328371,-0.253685709154256,-0.253685709154256,1,0.0,0,0
56,frag200_multi_stream_FIFO,4,Q18,policy_5_conservative_quantile,Conservative Quantile Policy (q=0.95 Upper Bound),DEFER,2.9020415698737976,10.284960081328371,-0.253685709154256,0.0,0,3.9094579219818115,1,0
57,frag500_single_stream_FIFO,1,Q14,policy_1_always_run,Always Run (Baseline),RUN,0.1370992432291544,10.278110616243172,13.498291525463094,13.498291525463094,1,0.0,0,1
57,frag500_single_stream_FIFO,1,Q14,policy_2_always_defer,Always Defer,DEFER,0.1370992432291544,10.278110616243172,13.498291525463094,0.0,0,1.9710121154785156,1,0
57,frag500_single_stream_FIFO,1,Q14,policy_3_heuristic,Simple Resource Heuristic,RUN,0.1370992432291544,10.278110616243172,13.498291525463094,13.498291525463094,1,0.0,0,1
57,frag500_single_stream_FIFO,1,Q14,policy_4_predictive_qir,Predictive QIR Policy (RF Regressor),RUN,0.1370992432291544,10.278110616243172,13.498291525463094,13.498291525463094,1,0.0,0,1
57,frag500_single_stream_FIFO,1,Q14,policy_5_conservative_quantile,Conservative Quantile Policy (q=0.95 Upper Bound),DEFER,0.1370992432291544,10.278110616243172,13.498291525463094,0.0,0,1.9710121154785156,1,0
58,frag500_single_stream_FIFO,2,Q14,policy_1_always_run,Always Run (Baseline),RUN,2.311600743089513,6.501187590512778,11.350414280378931,11.350414280378931,1,0.0,0,1
58,frag500_single_stream_FIFO,2,Q14,policy_2_always_defer,Always Defer,DEFER,2.311600743089513,6.501187590512778,11.350414280378931,0.0,0,1.999403953552246,1,0
58,frag500_single_stream_FIFO,2,Q14,policy_3_heuristic,Simple Resource Heuristic,RUN,2.311600743089513,6.501187590512778,11.350414280378931,11.350414280378931,1,0.0,0,1
58,frag500_single_stream_FIFO,2,Q14,policy_4_predictive_qir,Predictive QIR Policy (RF Regressor),RUN,2.311600743089513,6.501187590512778,11.350414280378931,11.350414280378931,1,0.0,0,1
58,frag500_single_stream_FIFO,2,Q14,policy_5_conservative_quantile,Conservative Quantile Policy (q=0.95 Upper Bound),RUN,2.311600743089513,6.501187590512778,11.350414280378931,11.350414280378931,1,0.0,0,1
59,frag500_single_stream_FIFO,3,Q14,policy_1_always_run,Always Run (Baseline),RUN,2.311600743089513,7.9187002238335635,7.569077065926806,7.569077065926806,1,0.0,0,0
59,frag500_single_stream_FIFO,3,Q14,policy_2_always_defer,Always Defer,DEFER,2.311600743089513,7.9187002238335635,7.569077065926806,0.0,0,1.8053605556488037,1,0
59,frag500_single_stream_FIFO,3,Q14,policy_3_heuristic,Simple Resource Heuristic,DEFER,2.311600743089513,7.9187002238335635,7.569077065926806,0.0,0,1.8053605556488037,1,0
59,frag500_single_stream_FIFO,3,Q14,policy_4_predictive_qir,Predictive QIR Policy (RF Regressor),RUN,2.311600743089513,7.9187002238335635,7.569077065926806,7.569077065926806,1,0.0,0,0
59,frag500_single_stream_FIFO,3,Q14,policy_5_conservative_quantile,Conservative Quantile Policy (q=0.95 Upper Bound),RUN,2.311600743089513,7.9187002238335635,7.569077065926806,7.569077065926806,1,0.0,0,0
60,frag500_single_stream_FIFO,4,Q14,policy_1_always_run,Always Run (Baseline),RUN,2.311600743089513,8.002904209503027,-5.598838436839074,-5.598838436839074,1,0.0,0,0
60,frag500_single_stream_FIFO,4,Q14,policy_2_always_defer,Always Defer,DEFER,2.311600743089513,8.002904209503027,-5.598838436839074,0.0,0,2.054044485092163,1,0
60,frag500_single_stream_FIFO,4,Q14,policy_3_heuristic,Simple Resource Heuristic,RUN,2.311600743089513,8.002904209503027,-5.598838436839074,-5.598838436839074,1,0.0,0,0
60,frag500_single_stream_FIFO,4,Q14,policy_4_predictive_qir,Predictive QIR Policy (RF Regressor),RUN,2.311600743089513,8.002904209503027,-5.598838436839074,-5.598838436839074,1,0.0,0,0
60,frag500_single_stream_FIFO,4,Q14,policy_5_conservative_quantile,Conservative Quantile Policy (q=0.95 Upper Bound),RUN,2.311600743089513,8.002904209503027,-5.598838436839074,-5.598838436839074,1,0.0,0,0
61,frag500_multi_stream_FIFO,1,Q1,policy_1_always_run,Always Run (Baseline),RUN,2.311600743089513,5.467532815867134,3.6682708805719986,3.6682708805719986,1,0.0,0,0
61,frag500_multi_stream_FIFO,1,Q1,policy_2_always_defer,Always Defer,DEFER,2.311600743089513,5.467532815867134,3.6682708805719986,0.0,0,7.2805564403533936,1,0
61,frag500_multi_stream_FIFO,1,Q1,policy_3_heuristic,Simple Resource Heuristic,RUN,2.311600743089513,5.467532815867134,3.6682708805719986,3.6682708805719986,1,0.0,0,0
61,frag500_multi_stream_FIFO,1,Q1,policy_4_predictive_qir,Predictive QIR Policy (RF Regressor),RUN,2.311600743089513,5.467532815867134,3.6682708805719986,3.6682708805719986,1,0.0,0,0
61,frag500_multi_stream_FIFO,1,Q1,policy_5_conservative_quantile,Conservative Quantile Policy (q=0.95 Upper Bound),RUN,2.311600743089513,5.467532815867134,3.6682708805719986,3.6682708805719986,1,0.0,0,0
62,frag500_multi_stream_FIFO,1,Q3,policy_1_always_run,Always Run (Baseline),RUN,6.234374194730017,10.374002055521668,3.5208165676420733,3.5208165676420733,1,0.0,0,0
62,frag500_multi_stream_FIFO,1,Q3,policy_2_always_defer,Always Defer,DEFER,6.234374194730017,10.374002055521668,3.5208165676420733,0.0,0,2.2278976440429688,1,0
62,frag500_multi_stream_FIFO,1,Q3,policy_3_heuristic,Simple Resource Heuristic,RUN,6.234374194730017,10.374002055521668,3.5208165676420733,3.5208165676420733,1,0.0,0,0
62,frag500_multi_stream_FIFO,1,Q3,policy_4_predictive_qir,Predictive QIR Policy (RF Regressor),RUN,6.234374194730017,10.374002055521668,3.5208165676420733,3.5208165676420733,1,0.0,0,0
62,frag500_multi_stream_FIFO,1,Q3,policy_5_conservative_quantile,Conservative Quantile Policy (q=0.95 Upper Bound),DEFER,6.234374194730017,10.374002055521668,3.5208165676420733,0.0,0,2.2278976440429688,1,0
63,frag500_multi_stream_FIFO,1,Q6,policy_1_always_run,Always Run (Baseline),RUN,3.4700789461480723,12.358795840594057,1.6036349219071895,1.6036349219071895,1,0.0,0,0
63,frag500_multi_stream_FIFO,1,Q6,policy_2_always_defer,Always Defer,DEFER,3.4700789461480723,12.358795840594057,1.6036349219071895,0.0,0,1.7787785530090332,1,0
63,frag500_multi_stream_FIFO,1,Q6,policy_3_heuristic,Simple Resource Heuristic,RUN,3.4700789461480723,12.358795840594057,1.6036349219071895,1.6036349219071895,1,0.0,0,0
63,frag500_multi_stream_FIFO,1,Q6,policy_4_predictive_qir,Predictive QIR Policy (RF Regressor),RUN,3.4700789461480723,12.358795840594057,1.6036349219071895,1.6036349219071895,1,0.0,0,0
63,frag500_multi_stream_FIFO,1,Q6,policy_5_conservative_quantile,Conservative Quantile Policy (q=0.95 Upper Bound),DEFER,3.4700789461480723,12.358795840594057,1.6036349219071895,0.0,0,1.7787785530090332,1,0
64,frag500_multi_stream_FIFO,1,Q12,policy_1_always_run,Always Run (Baseline),RUN,2.311600743089513,4.82044317401558,2.9499416910951317,2.9499416910951317,1,0.0,0,0
64,frag500_multi_stream_FIFO,1,Q12,policy_2_always_defer,Always Defer,DEFER,2.311600743089513,4.82044317401558,2.9499416910951317,0.0,0,1.8287551403045654,1,0
64,frag500_multi_stream_FIFO,1,Q12,policy_3_heuristic,Simple Resource Heuristic,RUN,2.311600743089513,4.82044317401558,2.9499416910951317,2.9499416910951317,1,0.0,0,0
64,frag500_multi_stream_FIFO,1,Q12,policy_4_predictive_qir,Predictive QIR Policy (RF Regressor),RUN,2.311600743089513,4.82044317401558,2.9499416910951317,2.9499416910951317,1,0.0,0,0
64,frag500_multi_stream_FIFO,1,Q12,policy_5_conservative_quantile,Conservative Quantile Policy (q=0.95 Upper Bound),RUN,2.311600743089513,4.82044317401558,2.9499416910951317,2.9499416910951317,1,0.0,0,0
65,frag500_multi_stream_FIFO,1,Q14,policy_1_always_run,Always Run (Baseline),RUN,2.311600743089513,6.539184293058923,-1.18150474062354,-1.18150474062354,1,0.0,0,0
65,frag500_multi_stream_FIFO,1,Q14,policy_2_always_defer,Always Defer,DEFER,2.311600743089513,6.539184293058923,-1.18150474062354,0.0,0,1.7075867652893066,1,0
65,frag500_multi_stream_FIFO,1,Q14,policy_3_heuristic,Simple Resource Heuristic,RUN,2.311600743089513,6.539184293058923,-1.18150474062354,-1.18150474062354,1,0.0,0,0
65,frag500_multi_stream_FIFO,1,Q14,policy_4_predictive_qir,Predictive QIR Policy (RF Regressor),RUN,2.311600743089513,6.539184293058923,-1.18150474062354,-1.18150474062354,1,0.0,0,0
65,frag500_multi_stream_FIFO,1,Q14,policy_5_conservative_quantile,Conservative Quantile Policy (q=0.95 Upper Bound),RUN,2.311600743089513,6.539184293058923,-1.18150474062354,-1.18150474062354,1,0.0,0,0
66,frag500_multi_stream_FIFO,1,Q18,policy_1_always_run,Always Run (Baseline),RUN,2.311600743089513,3.6811115323727215,0.06163248999775278,0.06163248999775278,1,0.0,0,0
66,frag500_multi_stream_FIFO,1,Q18,policy_2_always_defer,Always Defer,DEFER,2.311600743089513,3.6811115323727215,0.06163248999775278,0.0,0,3.5902538299560547,1,0
66,frag500_multi_stream_FIFO,1,Q18,policy_3_heuristic,Simple Resource Heuristic,RUN,2.311600743089513,3.6811115323727215,0.06163248999775278,0.06163248999775278,1,0.0,0,0
66,frag500_multi_stream_FIFO,1,Q18,policy_4_predictive_qir,Predictive QIR Policy (RF Regressor),RUN,2.311600743089513,3.6811115323727215,0.06163248999775278,0.06163248999775278,1,0.0,0,0
66,frag500_multi_stream_FIFO,1,Q18,policy_5_conservative_quantile,Conservative Quantile Policy (q=0.95 Upper Bound),RUN,2.311600743089513,3.6811115323727215,0.06163248999775278,0.06163248999775278,1,0.0,0,0
67,frag500_multi_stream_FIFO,2,Q1,policy_1_always_run,Always Run (Baseline),RUN,-2.7498804207676475,8.663850288208124,3.6944549548099013,3.6944549548099013,1,0.0,0,0
67,frag500_multi_stream_FIFO,2,Q1,policy_2_always_defer,Always Defer,DEFER,-2.7498804207676475,8.663850288208124,3.6944549548099013,0.0,0,7.107696533203125,1,0
67,frag500_multi_stream_FIFO,2,Q1,policy_3_heuristic,Simple Resource Heuristic,RUN,-2.7498804207676475,8.663850288208124,3.6944549548099013,3.6944549548099013,1,0.0,0,0
67,frag500_multi_stream_FIFO,2,Q1,policy_4_predictive_qir,Predictive QIR Policy (RF Regressor),RUN,-2.7498804207676475,8.663850288208124,3.6944549548099013,3.6944549548099013,1,0.0,0,0
67,frag500_multi_stream_FIFO,2,Q1,policy_5_conservative_quantile,Conservative Quantile Policy (q=0.95 Upper Bound),RUN,-2.7498804207676475,8.663850288208124,3.6944549548099013,3.6944549548099013,1,0.0,0,0
68,frag500_multi_stream_FIFO,2,Q3,policy_1_always_run,Always Run (Baseline),RUN,4.059872694869658,13.45889311673261,5.1525052124527875,5.1525052124527875,1,0.0,0,0
68,frag500_multi_stream_FIFO,2,Q3,policy_2_always_defer,Always Defer,DEFER,4.059872694869658,13.45889311673261,5.1525052124527875,0.0,0,2.251446485519409,1,0
68,frag500_multi_stream_FIFO,2,Q3,policy_3_heuristic,Simple Resource Heuristic,RUN,4.059872694869658,13.45889311673261,5.1525052124527875,5.1525052124527875,1,0.0,0,0
68,frag500_multi_stream_FIFO,2,Q3,policy_4_predictive_qir,Predictive QIR Policy (RF Regressor),RUN,4.059872694869658,13.45889311673261,5.1525052124527875,5.1525052124527875,1,0.0,0,0
68,frag500_multi_stream_FIFO,2,Q3,policy_5_conservative_quantile,Conservative Quantile Policy (q=0.95 Upper Bound),DEFER,4.059872694869658,13.45889311673261,5.1525052124527875,0.0,0,2.251446485519409,1,0
69,frag500_multi_stream_FIFO,2,Q6,policy_1_always_run,Always Run (Baseline),RUN,1.2955774462877139,15.452653111200263,0.1041608280552286,0.1041608280552286,1,0.0,0,0
69,frag500_multi_stream_FIFO,2,Q6,policy_2_always_defer,Always Defer,DEFER,1.2955774462877139,15.452653111200263,0.1041608280552286,0.0,0,1.7865228652954102,1,0
69,frag500_multi_stream_FIFO,2,Q6,policy_3_heuristic,Simple Resource Heuristic,RUN,1.2955774462877139,15.452653111200263,0.1041608280552286,0.1041608280552286,1,0.0,0,0
69,frag500_multi_stream_FIFO,2,Q6,policy_4_predictive_qir,Predictive QIR Policy (RF Regressor),RUN,1.2955774462877139,15.452653111200263,0.1041608280552286,0.1041608280552286,1,0.0,0,0
69,frag500_multi_stream_FIFO,2,Q6,policy_5_conservative_quantile,Conservative Quantile Policy (q=0.95 Upper Bound),DEFER,1.2955774462877139,15.452653111200263,0.1041608280552286,0.0,0,1.7865228652954102,1,0
70,frag500_multi_stream_FIFO,2,Q12,policy_1_always_run,Always Run (Baseline),RUN,-2.7498804207676475,7.920218583768256,2.265623704560977,2.265623704560977,1,0.0,0,0
70,frag500_multi_stream_FIFO,2,Q12,policy_2_always_defer,Always Defer,DEFER,-2.7498804207676475,7.920218583768256,2.265623704560977,0.0,0,1.8260676860809326,1,0
70,frag500_multi_stream_FIFO,2,Q12,policy_3_heuristic,Simple Resource Heuristic,RUN,-2.7498804207676475,7.920218583768256,2.265623704560977,2.265623704560977,1,0.0,0,0
70,frag500_multi_stream_FIFO,2,Q12,policy_4_predictive_qir,Predictive QIR Policy (RF Regressor),RUN,-2.7498804207676475,7.920218583768256,2.265623704560977,2.265623704560977,1,0.0,0,0
70,frag500_multi_stream_FIFO,2,Q12,policy_5_conservative_quantile,Conservative Quantile Policy (q=0.95 Upper Bound),RUN,-2.7498804207676475,7.920218583768256,2.265623704560977,2.265623704560977,1,0.0,0,0
71,frag500_multi_stream_FIFO,2,Q14,policy_1_always_run,Always Run (Baseline),RUN,-2.7498804207676475,9.65036112218065,0.8406903883961859,0.8406903883961859,1,0.0,0,0
71,frag500_multi_stream_FIFO,2,Q14,policy_2_always_defer,Always Defer,DEFER,-2.7498804207676475,9.65036112218065,0.8406903883961859,0.0,0,1.6848022937774658,1,0
71,frag500_multi_stream_FIFO,2,Q14,policy_3_heuristic,Simple Resource Heuristic,RUN,-2.7498804207676475,9.65036112218065,0.8406903883961859,0.8406903883961859,1,0.0,0,0
71,frag500_multi_stream_FIFO,2,Q14,policy_4_predictive_qir,Predictive QIR Policy (RF Regressor),RUN,-2.7498804207676475,9.65036112218065,0.8406903883961859,0.8406903883961859,1,0.0,0,0
71,frag500_multi_stream_FIFO,2,Q14,policy_5_conservative_quantile,Conservative Quantile Policy (q=0.95 Upper Bound),RUN,-2.7498804207676475,9.65036112218065,0.8406903883961859,0.8406903883961859,1,0.0,0,0
72,frag500_multi_stream_FIFO,2,Q18,policy_1_always_run,Always Run (Baseline),RUN,-2.7498804207676475,6.746971733324733,-4.500641452793507,-4.500641452793507,1,0.0,0,0
72,frag500_multi_stream_FIFO,2,Q18,policy_2_always_defer,Always Defer,DEFER,-2.7498804207676475,6.746971733324733,-4.500641452793507,0.0,0,3.647347927093506,1,0
72,frag500_multi_stream_FIFO,2,Q18,policy_3_heuristic,Simple Resource Heuristic,RUN,-2.7498804207676475,6.746971733324733,-4.500641452793507,-4.500641452793507,1,0.0,0,0
72,frag500_multi_stream_FIFO,2,Q18,policy_4_predictive_qir,Predictive QIR Policy (RF Regressor),RUN,-2.7498804207676475,6.746971733324733,-4.500641452793507,-4.500641452793507,1,0.0,0,0
72,frag500_multi_stream_FIFO,2,Q18,policy_5_conservative_quantile,Conservative Quantile Policy (q=0.95 Upper Bound),RUN,-2.7498804207676475,6.746971733324733,-4.500641452793507,-4.500641452793507,1,0.0,0,0
73,frag500_multi_stream_FIFO,3,Q1,policy_1_always_run,Always Run (Baseline),RUN,2.311600743089513,10.407022323096898,0.15409112255187893,0.15409112255187893,1,0.0,0,0
73,frag500_multi_stream_FIFO,3,Q1,policy_2_always_defer,Always Defer,DEFER,2.311600743089513,10.407022323096898,0.15409112255187893,0.0,0,7.3401875495910645,1,0
73,frag500_multi_stream_FIFO,3,Q1,policy_3_heuristic,Simple Resource Heuristic,RUN,2.311600743089513,10.407022323096898,0.15409112255187893,0.15409112255187893,1,0.0,0,0
73,frag500_multi_stream_FIFO,3,Q1,policy_4_predictive_qir,Predictive QIR Policy (RF Regressor),RUN,2.311600743089513,10.407022323096898,0.15409112255187893,0.15409112255187893,1,0.0,0,0
73,frag500_multi_stream_FIFO,3,Q1,policy_5_conservative_quantile,Conservative Quantile Policy (q=0.95 Upper Bound),DEFER,2.311600743089513,10.407022323096898,0.15409112255187893,0.0,0,7.3401875495910645,1,0
74,frag500_multi_stream_FIFO,3,Q3,policy_1_always_run,Always Run (Baseline),RUN,6.234374194730017,15.318651573043033,8.76454856315771,8.76454856315771,1,0.0,0,0
74,frag500_multi_stream_FIFO,3,Q3,policy_2_always_defer,Always Defer,DEFER,6.234374194730017,15.318651573043033,8.76454856315771,0.0,0,2.278433322906494,1,0
74,frag500_multi_stream_FIFO,3,Q3,policy_3_heuristic,Simple Resource Heuristic,RUN,6.234374194730017,15.318651573043033,8.76454856315771,8.76454856315771,1,0.0,0,0
74,frag500_multi_stream_FIFO,3,Q3,policy_4_predictive_qir,Predictive QIR Policy (RF Regressor),RUN,6.234374194730017,15.318651573043033,8.76454856315771,8.76454856315771,1,0.0,0,0
74,frag500_multi_stream_FIFO,3,Q3,policy_5_conservative_quantile,Conservative Quantile Policy (q=0.95 Upper Bound),DEFER,6.234374194730017,15.318651573043033,8.76454856315771,0.0,0,2.278433322906494,1,0
75,frag500_multi_stream_FIFO,3,Q6,policy_1_always_run,Always Run (Baseline),RUN,3.4700789461480723,17.348318741279357,4.379832996909661,4.379832996909661,1,0.0,0,0
75,frag500_multi_stream_FIFO,3,Q6,policy_2_always_defer,Always Defer,DEFER,3.4700789461480723,17.348318741279357,4.379832996909661,0.0,0,1.7502169609069824,1,0
75,frag500_multi_stream_FIFO,3,Q6,policy_3_heuristic,Simple Resource Heuristic,RUN,3.4700789461480723,17.348318741279357,4.379832996909661,4.379832996909661,1,0.0,0,0
75,frag500_multi_stream_FIFO,3,Q6,policy_4_predictive_qir,Predictive QIR Policy (RF Regressor),RUN,3.4700789461480723,17.348318741279357,4.379832996909661,4.379832996909661,1,0.0,0,0
75,frag500_multi_stream_FIFO,3,Q6,policy_5_conservative_quantile,Conservative Quantile Policy (q=0.95 Upper Bound),DEFER,3.4700789461480723,17.348318741279357,4.379832996909661,0.0,0,1.7502169609069824,1,0
76,frag500_multi_stream_FIFO,3,Q12,policy_1_always_run,Always Run (Baseline),RUN,2.311600743089513,9.781675086402325,1.8064955952018888,1.8064955952018888,1,0.0,0,0
76,frag500_multi_stream_FIFO,3,Q12,policy_2_always_defer,Always Defer,DEFER,2.311600743089513,9.781675086402325,1.8064955952018888,0.0,0,1.8500614166259766,1,0
76,frag500_multi_stream_FIFO,3,Q12,policy_3_heuristic,Simple Resource Heuristic,RUN,2.311600743089513,9.781675086402325,1.8064955952018888,1.8064955952018888,1,0.0,0,0
76,frag500_multi_stream_FIFO,3,Q12,policy_4_predictive_qir,Predictive QIR Policy (RF Regressor),RUN,2.311600743089513,9.781675086402325,1.8064955952018888,1.8064955952018888,1,0.0,0,0
76,frag500_multi_stream_FIFO,3,Q12,policy_5_conservative_quantile,Conservative Quantile Policy (q=0.95 Upper Bound),RUN,2.311600743089513,9.781675086402325,1.8064955952018888,1.8064955952018888,1,0.0,0,0
77,frag500_multi_stream_FIFO,3,Q14,policy_1_always_run,Always Run (Baseline),RUN,2.311600743089513,11.539439755452731,0.45358361647302875,0.45358361647302875,1,0.0,0,0
77,frag500_multi_stream_FIFO,3,Q14,policy_2_always_defer,Always Defer,DEFER,2.311600743089513,11.539439755452731,0.45358361647302875,0.0,0,1.660107135772705,1,0
77,frag500_multi_stream_FIFO,3,Q14,policy_3_heuristic,Simple Resource Heuristic,RUN,2.311600743089513,11.539439755452731,0.45358361647302875,0.45358361647302875,1,0.0,0,0
77,frag500_multi_stream_FIFO,3,Q14,policy_4_predictive_qir,Predictive QIR Policy (RF Regressor),RUN,2.311600743089513,11.539439755452731,0.45358361647302875,0.45358361647302875,1,0.0,0,0
77,frag500_multi_stream_FIFO,3,Q14,policy_5_conservative_quantile,Conservative Quantile Policy (q=0.95 Upper Bound),DEFER,2.311600743089513,11.539439755452731,0.45358361647302875,0.0,0,1.660107135772705,1,0
78,frag500_multi_stream_FIFO,3,Q18,policy_1_always_run,Always Run (Baseline),RUN,2.311600743089513,8.686001522346059,-0.21559225341054236,-0.21559225341054236,1,0.0,0,0
78,frag500_multi_stream_FIFO,3,Q18,policy_2_always_defer,Always Defer,DEFER,2.311600743089513,8.686001522346059,-0.21559225341054236,0.0,0,3.534605026245117,1,0
78,frag500_multi_stream_FIFO,3,Q18,policy_3_heuristic,Simple Resource Heuristic,RUN,2.311600743089513,8.686001522346059,-0.21559225341054236,-0.21559225341054236,1,0.0,0,0
78,frag500_multi_stream_FIFO,3,Q18,policy_4_predictive_qir,Predictive QIR Policy (RF Regressor),RUN,2.311600743089513,8.686001522346059,-0.21559225341054236,-0.21559225341054236,1,0.0,0,0
78,frag500_multi_stream_FIFO,3,Q18,policy_5_conservative_quantile,Conservative Quantile Policy (q=0.95 Upper Bound),RUN,2.311600743089513,8.686001522346059,-0.21559225341054236,-0.21559225341054236,1,0.0,0,0
79,frag500_multi_stream_FIFO,4,Q1,policy_1_always_run,Always Run (Baseline),RUN,2.311600743089513,5.757055837271069,7.813995588292941,7.813995588292941,1,0.0,0,0
79,frag500_multi_stream_FIFO,4,Q1,policy_2_always_defer,Always Defer,DEFER,2.311600743089513,5.757055837271069,7.813995588292941,0.0,0,7.024952173233032,1,0
79,frag500_multi_stream_FIFO,4,Q1,policy_3_heuristic,Simple Resource Heuristic,RUN,2.311600743089513,5.757055837271069,7.813995588292941,7.813995588292941,1,0.0,0,0
79,frag500_multi_stream_FIFO,4,Q1,policy_4_predictive_qir,Predictive QIR Policy (RF Regressor),RUN,2.311600743089513,5.757055837271069,7.813995588292941,7.813995588292941,1,0.0,0,0
79,frag500_multi_stream_FIFO,4,Q1,policy_5_conservative_quantile,Conservative Quantile Policy (q=0.95 Upper Bound),RUN,2.311600743089513,5.757055837271069,7.813995588292941,7.813995588292941,1,0.0,0,0
80,frag500_multi_stream_FIFO,4,Q3,policy_1_always_run,Always Run (Baseline),RUN,6.234374194730017,10.517574113463901,10.289385285244212,10.289385285244212,1,0.0,0,1
80,frag500_multi_stream_FIFO,4,Q3,policy_2_always_defer,Always Defer,DEFER,6.234374194730017,10.517574113463901,10.289385285244212,0.0,0,2.229557752609253,1,0
80,frag500_multi_stream_FIFO,4,Q3,policy_3_heuristic,Simple Resource Heuristic,RUN,6.234374194730017,10.517574113463901,10.289385285244212,10.289385285244212,1,0.0,0,1
80,frag500_multi_stream_FIFO,4,Q3,policy_4_predictive_qir,Predictive QIR Policy (RF Regressor),RUN,6.234374194730017,10.517574113463901,10.289385285244212,10.289385285244212,1,0.0,0,1
80,frag500_multi_stream_FIFO,4,Q3,policy_5_conservative_quantile,Conservative Quantile Policy (q=0.95 Upper Bound),DEFER,6.234374194730017,10.517574113463901,10.289385285244212,0.0,0,2.229557752609253,1,0
81,frag500_multi_stream_FIFO,4,Q6,policy_1_always_run,Always Run (Baseline),RUN,3.4700789461480723,12.514376497286165,2.80726756859643,2.80726756859643,1,0.0,0,0
81,frag500_multi_stream_FIFO,4,Q6,policy_2_always_defer,Always Defer,DEFER,3.4700789461480723,12.514376497286165,2.80726756859643,0.0,0,1.7592713832855225,1,0
81,frag500_multi_stream_FIFO,4,Q6,policy_3_heuristic,Simple Resource Heuristic,RUN,3.4700789461480723,12.514376497286165,2.80726756859643,2.80726756859643,1,0.0,0,0
81,frag500_multi_stream_FIFO,4,Q6,policy_4_predictive_qir,Predictive QIR Policy (RF Regressor),RUN,3.4700789461480723,12.514376497286165,2.80726756859643,2.80726756859643,1,0.0,0,0
81,frag500_multi_stream_FIFO,4,Q6,policy_5_conservative_quantile,Conservative Quantile Policy (q=0.95 Upper Bound),DEFER,3.4700789461480723,12.514376497286165,2.80726756859643,0.0,0,1.7592713832855225,1,0
82,frag500_multi_stream_FIFO,4,Q12,policy_1_always_run,Always Run (Baseline),RUN,2.311600743089513,4.965175351705934,1.1797242859029924,1.1797242859029924,1,0.0,0,0
82,frag500_multi_stream_FIFO,4,Q12,policy_2_always_defer,Always Defer,DEFER,2.311600743089513,4.965175351705934,1.1797242859029924,0.0,0,1.8283703327178955,1,0
82,frag500_multi_stream_FIFO,4,Q12,policy_3_heuristic,Simple Resource Heuristic,RUN,2.311600743089513,4.965175351705934,1.1797242859029924,1.1797242859029924,1,0.0,0,0
82,frag500_multi_stream_FIFO,4,Q12,policy_4_predictive_qir,Predictive QIR Policy (RF Regressor),RUN,2.311600743089513,4.965175351705934,1.1797242859029924,1.1797242859029924,1,0.0,0,0
82,frag500_multi_stream_FIFO,4,Q12,policy_5_conservative_quantile,Conservative Quantile Policy (q=0.95 Upper Bound),RUN,2.311600743089513,4.965175351705934,1.1797242859029924,1.1797242859029924,1,0.0,0,0
83,frag500_multi_stream_FIFO,4,Q14,policy_1_always_run,Always Run (Baseline),RUN,2.311600743089513,6.702369502914006,8.21450785773602,8.21450785773602,1,0.0,0,0
83,frag500_multi_stream_FIFO,4,Q14,policy_2_always_defer,Always Defer,DEFER,2.311600743089513,6.702369502914006,8.21450785773602,0.0,0,1.6746752262115479,1,0
83,frag500_multi_stream_FIFO,4,Q14,policy_3_heuristic,Simple Resource Heuristic,RUN,2.311600743089513,6.702369502914006,8.21450785773602,8.21450785773602,1,0.0,0,0
83,frag500_multi_stream_FIFO,4,Q14,policy_4_predictive_qir,Predictive QIR Policy (RF Regressor),RUN,2.311600743089513,6.702369502914006,8.21450785773602,8.21450785773602,1,0.0,0,0
83,frag500_multi_stream_FIFO,4,Q14,policy_5_conservative_quantile,Conservative Quantile Policy (q=0.95 Upper Bound),RUN,2.311600743089513,6.702369502914006,8.21450785773602,8.21450785773602,1,0.0,0,0
84,frag500_multi_stream_FIFO,4,Q18,policy_1_always_run,Always Run (Baseline),RUN,2.311600743089513,3.8626939122663844,0.059136013575242445,0.059136013575242445,1,0.0,0,0
84,frag500_multi_stream_FIFO,4,Q18,policy_2_always_defer,Always Defer,DEFER,2.311600743089513,3.8626939122663844,0.059136013575242445,0.0,0,3.524914026260376,1,0
84,frag500_multi_stream_FIFO,4,Q18,policy_3_heuristic,Simple Resource Heuristic,RUN,2.311600743089513,3.8626939122663844,0.059136013575242445,0.059136013575242445,1,0.0,0,0
84,frag500_multi_stream_FIFO,4,Q18,policy_4_predictive_qir,Predictive QIR Policy (RF Regressor),RUN,2.311600743089513,3.8626939122663844,0.059136013575242445,0.059136013575242445,1,0.0,0,0
84,frag500_multi_stream_FIFO,4,Q18,policy_5_conservative_quantile,Conservative Quantile Policy (q=0.95 Upper Bound),RUN,2.311600743089513,3.8626939122663844,0.059136013575242445,0.059136013575242445,1,0.0,0,0
85,frag50_single_stream_FAIR,1,Q14,policy_1_always_run,Always Run (Baseline),RUN,3.994446562294626,21.588483709996854,4.141591665856127,4.141591665856127,1,0.0,0,0
85,frag50_single_stream_FAIR,1,Q14,policy_2_always_defer,Always Defer,DEFER,3.994446562294626,21.588483709996854,4.141591665856127,0.0,0,1.8433265686035156,1,0
85,frag50_single_stream_FAIR,1,Q14,policy_3_heuristic,Simple Resource Heuristic,RUN,3.994446562294626,21.588483709996854,4.141591665856127,4.141591665856127,1,0.0,0,0
85,frag50_single_stream_FAIR,1,Q14,policy_4_predictive_qir,Predictive QIR Policy (RF Regressor),RUN,3.994446562294626,21.588483709996854,4.141591665856127,4.141591665856127,1,0.0,0,0
85,frag50_single_stream_FAIR,1,Q14,policy_5_conservative_quantile,Conservative Quantile Policy (q=0.95 Upper Bound),DEFER,3.994446562294626,21.588483709996854,4.141591665856127,0.0,0,1.8433265686035156,1,0
86,frag50_single_stream_FAIR,2,Q14,policy_1_always_run,Always Run (Baseline),RUN,1.9709067922836812,14.768924360825464,-5.153385001277604,-5.153385001277604,1,0.0,0,0
86,frag50_single_stream_FAIR,2,Q14,policy_2_always_defer,Always Defer,DEFER,1.9709067922836812,14.768924360825464,-5.153385001277604,0.0,0,2.0891411304473877,1,0
86,frag50_single_stream_FAIR,2,Q14,policy_3_heuristic,Simple Resource Heuristic,DEFER,1.9709067922836812,14.768924360825464,-5.153385001277604,0.0,0,2.0891411304473877,1,0
86,frag50_single_stream_FAIR,2,Q14,policy_4_predictive_qir,Predictive QIR Policy (RF Regressor),RUN,1.9709067922836812,14.768924360825464,-5.153385001277604,-5.153385001277604,1,0.0,0,0
86,frag50_single_stream_FAIR,2,Q14,policy_5_conservative_quantile,Conservative Quantile Policy (q=0.95 Upper Bound),DEFER,1.9709067922836812,14.768924360825464,-5.153385001277604,0.0,0,2.0891411304473877,1,0
87,frag50_single_stream_FAIR,3,Q14,policy_1_always_run,Always Run (Baseline),RUN,-0.36200151998906266,21.148100158485587,-0.4875197608294881,-0.4875197608294881,1,0.0,0,0
87,frag50_single_stream_FAIR,3,Q14,policy_2_always_defer,Always Defer,DEFER,-0.36200151998906266,21.148100158485587,-0.4875197608294881,0.0,0,1.8951430320739746,1,0
87,frag50_single_stream_FAIR,3,Q14,policy_3_heuristic,Simple Resource Heuristic,RUN,-0.36200151998906266,21.148100158485587,-0.4875197608294881,-0.4875197608294881,1,0.0,0,0
87,frag50_single_stream_FAIR,3,Q14,policy_4_predictive_qir,Predictive QIR Policy (RF Regressor),RUN,-0.36200151998906266,21.148100158485587,-0.4875197608294881,-0.4875197608294881,1,0.0,0,0
87,frag50_single_stream_FAIR,3,Q14,policy_5_conservative_quantile,Conservative Quantile Policy (q=0.95 Upper Bound),DEFER,-0.36200151998906266,21.148100158485587,-0.4875197608294881,0.0,0,1.8951430320739746,1,0
88,frag50_single_stream_FAIR,4,Q14,policy_1_always_run,Always Run (Baseline),RUN,1.9709067922836812,16.102054213923072,3.4451137867801775,3.4451137867801775,1,0.0,0,0
88,frag50_single_stream_FAIR,4,Q14,policy_2_always_defer,Always Defer,DEFER,1.9709067922836812,16.102054213923072,3.4451137867801775,0.0,0,1.869645118713379,1,0
88,frag50_single_stream_FAIR,4,Q14,policy_3_heuristic,Simple Resource Heuristic,DEFER,1.9709067922836812,16.102054213923072,3.4451137867801775,0.0,0,1.869645118713379,1,0
88,frag50_single_stream_FAIR,4,Q14,policy_4_predictive_qir,Predictive QIR Policy (RF Regressor),RUN,1.9709067922836812,16.102054213923072,3.4451137867801775,3.4451137867801775,1,0.0,0,0
88,frag50_single_stream_FAIR,4,Q14,policy_5_conservative_quantile,Conservative Quantile Policy (q=0.95 Upper Bound),DEFER,1.9709067922836812,16.102054213923072,3.4451137867801775,0.0,0,1.869645118713379,1,0
89,frag50_multi_stream_FAIR,1,Q1,policy_1_always_run,Always Run (Baseline),RUN,0.16863196226991423,10.433250466286644,0.9978636114757803,0.9978636114757803,1,0.0,0,0
89,frag50_multi_stream_FAIR,1,Q1,policy_2_always_defer,Always Defer,DEFER,0.16863196226991423,10.433250466286644,0.9978636114757803,0.0,0,7.998626947402954,1,0
89,frag50_multi_stream_FAIR,1,Q1,policy_3_heuristic,Simple Resource Heuristic,RUN,0.16863196226991423,10.433250466286644,0.9978636114757803,0.9978636114757803,1,0.0,0,0
89,frag50_multi_stream_FAIR,1,Q1,policy_4_predictive_qir,Predictive QIR Policy (RF Regressor),RUN,0.16863196226991423,10.433250466286644,0.9978636114757803,0.9978636114757803,1,0.0,0,0
89,frag50_multi_stream_FAIR,1,Q1,policy_5_conservative_quantile,Conservative Quantile Policy (q=0.95 Upper Bound),DEFER,0.16863196226991423,10.433250466286644,0.9978636114757803,0.0,0,7.998626947402954,1,0
90,frag50_multi_stream_FAIR,1,Q3,policy_1_always_run,Always Run (Baseline),RUN,5.639476314969684,12.854441484993941,3.777091795153889,3.777091795153889,1,0.0,0,0
90,frag50_multi_stream_FAIR,1,Q3,policy_2_always_defer,Always Defer,DEFER,5.639476314969684,12.854441484993941,3.777091795153889,0.0,0,2.3040761947631836,1,0
90,frag50_multi_stream_FAIR,1,Q3,policy_3_heuristic,Simple Resource Heuristic,RUN,5.639476314969684,12.854441484993941,3.777091795153889,3.777091795153889,1,0.0,0,0
90,frag50_multi_stream_FAIR,1,Q3,policy_4_predictive_qir,Predictive QIR Policy (RF Regressor),RUN,5.639476314969684,12.854441484993941,3.777091795153889,3.777091795153889,1,0.0,0,0
90,frag50_multi_stream_FAIR,1,Q3,policy_5_conservative_quantile,Conservative Quantile Policy (q=0.95 Upper Bound),DEFER,5.639476314969684,12.854441484993941,3.777091795153889,0.0,0,2.3040761947631836,1,0
91,frag50_multi_stream_FAIR,1,Q6,policy_1_always_run,Always Run (Baseline),RUN,1.0133962499225189,9.992726394549363,17.949086838505597,17.949086838505597,1,0.0,0,1
91,frag50_multi_stream_FAIR,1,Q6,policy_2_always_defer,Always Defer,DEFER,1.0133962499225189,9.992726394549363,17.949086838505597,0.0,0,1.784820556640625,1,0
91,frag50_multi_stream_FAIR,1,Q6,policy_3_heuristic,Simple Resource Heuristic,RUN,1.0133962499225189,9.992726394549363,17.949086838505597,17.949086838505597,1,0.0,0,1
91,frag50_multi_stream_FAIR,1,Q6,policy_4_predictive_qir,Predictive QIR Policy (RF Regressor),RUN,1.0133962499225189,9.992726394549363,17.949086838505597,17.949086838505597,1,0.0,0,1
91,frag50_multi_stream_FAIR,1,Q6,policy_5_conservative_quantile,Conservative Quantile Policy (q=0.95 Upper Bound),RUN,1.0133962499225189,9.992726394549363,17.949086838505597,17.949086838505597,1,0.0,0,1
92,frag50_multi_stream_FAIR,1,Q12,policy_1_always_run,Always Run (Baseline),RUN,0.16863196226991423,6.993066584598672,-0.921600611866121,-0.921600611866121,1,0.0,0,0
92,frag50_multi_stream_FAIR,1,Q12,policy_2_always_defer,Always Defer,DEFER,0.16863196226991423,6.993066584598672,-0.921600611866121,0.0,0,1.8878154754638672,1,0
92,frag50_multi_stream_FAIR,1,Q12,policy_3_heuristic,Simple Resource Heuristic,RUN,0.16863196226991423,6.993066584598672,-0.921600611866121,-0.921600611866121,1,0.0,0,0
92,frag50_multi_stream_FAIR,1,Q12,policy_4_predictive_qir,Predictive QIR Policy (RF Regressor),RUN,0.16863196226991423,6.993066584598672,-0.921600611866121,-0.921600611866121,1,0.0,0,0
92,frag50_multi_stream_FAIR,1,Q12,policy_5_conservative_quantile,Conservative Quantile Policy (q=0.95 Upper Bound),RUN,0.16863196226991423,6.993066584598672,-0.921600611866121,-0.921600611866121,1,0.0,0,0
93,frag50_multi_stream_FAIR,1,Q14,policy_1_always_run,Always Run (Baseline),RUN,0.16863196226991423,10.862478376448957,2.9129706561013444,2.9129706561013444,1,0.0,0,0
93,frag50_multi_stream_FAIR,1,Q14,policy_2_always_defer,Always Defer,DEFER,0.16863196226991423,10.862478376448957,2.9129706561013444,0.0,0,1.7097313404083252,1,0
93,frag50_multi_stream_FAIR,1,Q14,policy_3_heuristic,Simple Resource Heuristic,RUN,0.16863196226991423,10.862478376448957,2.9129706561013444,2.9129706561013444,1,0.0,0,0
93,frag50_multi_stream_FAIR,1,Q14,policy_4_predictive_qir,Predictive QIR Policy (RF Regressor),RUN,0.16863196226991423,10.862478376448957,2.9129706561013444,2.9129706561013444,1,0.0,0,0
93,frag50_multi_stream_FAIR,1,Q14,policy_5_conservative_quantile,Conservative Quantile Policy (q=0.95 Upper Bound),DEFER,0.16863196226991423,10.862478376448957,2.9129706561013444,0.0,0,1.7097313404083252,1,0
94,frag50_multi_stream_FAIR,1,Q18,policy_1_always_run,Always Run (Baseline),RUN,0.16863196226991423,6.999501858439717,-0.9710106988616984,-0.9710106988616984,1,0.0,0,0
94,frag50_multi_stream_FAIR,1,Q18,policy_2_always_defer,Always Defer,DEFER,0.16863196226991423,6.999501858439717,-0.9710106988616984,0.0,0,3.836139678955078,1,0
94,frag50_multi_stream_FAIR,1,Q18,policy_3_heuristic,Simple Resource Heuristic,RUN,0.16863196226991423,6.999501858439717,-0.9710106988616984,-0.9710106988616984,1,0.0,0,0
94,frag50_multi_stream_FAIR,1,Q18,policy_4_predictive_qir,Predictive QIR Policy (RF Regressor),RUN,0.16863196226991423,6.999501858439717,-0.9710106988616984,-0.9710106988616984,1,0.0,0,0
94,frag50_multi_stream_FAIR,1,Q18,policy_5_conservative_quantile,Conservative Quantile Policy (q=0.95 Upper Bound),RUN,0.16863196226991423,6.999501858439717,-0.9710106988616984,-0.9710106988616984,1,0.0,0,0
95,frag50_multi_stream_FAIR,2,Q1,policy_1_always_run,Always Run (Baseline),RUN,1.334817847935259,12.658905622559795,8.82380119863973,8.82380119863973,1,0.0,0,0
95,frag50_multi_stream_FAIR,2,Q1,policy_2_always_defer,Always Defer,DEFER,1.334817847935259,12.658905622559795,8.82380119863973,0.0,0,7.928577184677124,1,0
95,frag50_multi_stream_FAIR,2,Q1,policy_3_heuristic,Simple Resource Heuristic,RUN,1.334817847935259,12.658905622559795,8.82380119863973,8.82380119863973,1,0.0,0,0
95,frag50_multi_stream_FAIR,2,Q1,policy_4_predictive_qir,Predictive QIR Policy (RF Regressor),RUN,1.334817847935259,12.658905622559795,8.82380119863973,8.82380119863973,1,0.0,0,0
95,frag50_multi_stream_FAIR,2,Q1,policy_5_conservative_quantile,Conservative Quantile Policy (q=0.95 Upper Bound),DEFER,1.334817847935259,12.658905622559795,8.82380119863973,0.0,0,7.928577184677124,1,0
96,frag50_multi_stream_FAIR,2,Q3,policy_1_always_run,Always Run (Baseline),RUN,8.449165170246697,15.080370096132562,3.7797015137946914,3.7797015137946914,1,0.0,0,0
96,frag50_multi_stream_FAIR,2,Q3,policy_2_always_defer,Always Defer,DEFER,8.449165170246697,15.080370096132562,3.7797015137946914,0.0,0,2.316816806793213,1,0
96,frag50_multi_stream_FAIR,2,Q3,policy_3_heuristic,Simple Resource Heuristic,RUN,8.449165170246697,15.080370096132562,3.7797015137946914,3.7797015137946914,1,0.0,0,0
96,frag50_multi_stream_FAIR,2,Q3,policy_4_predictive_qir,Predictive QIR Policy (RF Regressor),RUN,8.449165170246697,15.080370096132562,3.7797015137946914,3.7797015137946914,1,0.0,0,0
96,frag50_multi_stream_FAIR,2,Q3,policy_5_conservative_quantile,Conservative Quantile Policy (q=0.95 Upper Bound),DEFER,8.449165170246697,15.080370096132562,3.7797015137946914,0.0,0,2.316816806793213,1,0
97,frag50_multi_stream_FAIR,2,Q6,policy_1_always_run,Always Run (Baseline),RUN,3.5129712880750583,12.217949024239093,15.040529734650967,15.040529734650967,1,0.0,0,1
97,frag50_multi_stream_FAIR,2,Q6,policy_2_always_defer,Always Defer,DEFER,3.5129712880750583,12.217949024239093,15.040529734650967,0.0,0,1.5838203430175781,1,0
97,frag50_multi_stream_FAIR,2,Q6,policy_3_heuristic,Simple Resource Heuristic,RUN,3.5129712880750583,12.217949024239093,15.040529734650967,15.040529734650967,1,0.0,0,1
97,frag50_multi_stream_FAIR,2,Q6,policy_4_predictive_qir,Predictive QIR Policy (RF Regressor),RUN,3.5129712880750583,12.217949024239093,15.040529734650967,15.040529734650967,1,0.0,0,1
97,frag50_multi_stream_FAIR,2,Q6,policy_5_conservative_quantile,Conservative Quantile Policy (q=0.95 Upper Bound),DEFER,3.5129712880750583,12.217949024239093,15.040529734650967,0.0,0,1.5838203430175781,1,0
98,frag50_multi_stream_FAIR,2,Q12,policy_1_always_run,Always Run (Baseline),RUN,1.334817847935259,9.218903195462078,-0.20711211388161685,-0.20711211388161685,1,0.0,0,0
98,frag50_multi_stream_FAIR,2,Q12,policy_2_always_defer,Always Defer,DEFER,1.334817847935259,9.218903195462078,-0.20711211388161685,0.0,0,1.8727023601531982,1,0
98,frag50_multi_stream_FAIR,2,Q12,policy_3_heuristic,Simple Resource Heuristic,RUN,1.334817847935259,9.218903195462078,-0.20711211388161685,-0.20711211388161685,1,0.0,0,0
98,frag50_multi_stream_FAIR,2,Q12,policy_4_predictive_qir,Predictive QIR Policy (RF Regressor),RUN,1.334817847935259,9.218903195462078,-0.20711211388161685,-0.20711211388161685,1,0.0,0,0
98,frag50_multi_stream_FAIR,2,Q12,policy_5_conservative_quantile,Conservative Quantile Policy (q=0.95 Upper Bound),RUN,1.334817847935259,9.218903195462078,-0.20711211388161685,-0.20711211388161685,1,0.0,0,0
99,frag50_multi_stream_FAIR,2,Q14,policy_1_always_run,Always Run (Baseline),RUN,1.334817847935259,13.08834111470698,-1.3929013648377617,-1.3929013648377617,1,0.0,0,0
99,frag50_multi_stream_FAIR,2,Q14,policy_2_always_defer,Always Defer,DEFER,1.334817847935259,13.08834111470698,-1.3929013648377617,0.0,0,1.702528476715088,1,0
99,frag50_multi_stream_FAIR,2,Q14,policy_3_heuristic,Simple Resource Heuristic,RUN,1.334817847935259,13.08834111470698,-1.3929013648377617,-1.3929013648377617,1,0.0,0,0
99,frag50_multi_stream_FAIR,2,Q14,policy_4_predictive_qir,Predictive QIR Policy (RF Regressor),RUN,1.334817847935259,13.08834111470698,-1.3929013648377617,-1.3929013648377617,1,0.0,0,0
99,frag50_multi_stream_FAIR,2,Q14,policy_5_conservative_quantile,Conservative Quantile Policy (q=0.95 Upper Bound),DEFER,1.334817847935259,13.08834111470698,-1.3929013648377617,0.0,0,1.702528476715088,1,0
100,frag50_multi_stream_FAIR,2,Q18,policy_1_always_run,Always Run (Baseline),RUN,1.334817847935259,9.224628093651388,1.1382347008057736,1.1382347008057736,1,0.0,0,0
100,frag50_multi_stream_FAIR,2,Q18,policy_2_always_defer,Always Defer,DEFER,1.334817847935259,9.224628093651388,1.1382347008057736,0.0,0,3.6059553623199463,1,0
100,frag50_multi_stream_FAIR,2,Q18,policy_3_heuristic,Simple Resource Heuristic,RUN,1.334817847935259,9.224628093651388,1.1382347008057736,1.1382347008057736,1,0.0,0,0
100,frag50_multi_stream_FAIR,2,Q18,policy_4_predictive_qir,Predictive QIR Policy (RF Regressor),RUN,1.334817847935259,9.224628093651388,1.1382347008057736,1.1382347008057736,1,0.0,0,0
100,frag50_multi_stream_FAIR,2,Q18,policy_5_conservative_quantile,Conservative Quantile Policy (q=0.95 Upper Bound),RUN,1.334817847935259,9.224628093651388,1.1382347008057736,1.1382347008057736,1,0.0,0,0
101,frag50_multi_stream_FAIR,3,Q1,policy_1_always_run,Always Run (Baseline),RUN,4.421706485691837,17.9200190997699,1.3977345497893534,1.3977345497893534,1,0.0,0,0
101,frag50_multi_stream_FAIR,3,Q1,policy_2_always_defer,Always Defer,DEFER,4.421706485691837,17.9200190997699,1.3977345497893534,0.0,0,7.806535720825195,1,0
101,frag50_multi_stream_FAIR,3,Q1,policy_3_heuristic,Simple Resource Heuristic,DEFER,4.421706485691837,17.9200190997699,1.3977345497893534,0.0,0,7.806535720825195,1,0
101,frag50_multi_stream_FAIR,3,Q1,policy_4_predictive_qir,Predictive QIR Policy (RF Regressor),RUN,4.421706485691837,17.9200190997699,1.3977345497893534,1.3977345497893534,1,0.0,0,0
101,frag50_multi_stream_FAIR,3,Q1,policy_5_conservative_quantile,Conservative Quantile Policy (q=0.95 Upper Bound),DEFER,4.421706485691837,17.9200190997699,1.3977345497893534,0.0,0,7.806535720825195,1,0
102,frag50_multi_stream_FAIR,3,Q3,policy_1_always_run,Always Run (Baseline),RUN,10.265375062826964,20.341799548814333,2.4296545009065458,2.4296545009065458,1,0.0,0,0
102,frag50_multi_stream_FAIR,3,Q3,policy_2_always_defer,Always Defer,DEFER,10.265375062826964,20.341799548814333,2.4296545009065458,0.0,0,2.2904391288757324,1,0
102,frag50_multi_stream_FAIR,3,Q3,policy_3_heuristic,Simple Resource Heuristic,DEFER,10.265375062826964,20.341799548814333,2.4296545009065458,0.0,0,2.2904391288757324,1,0
102,frag50_multi_stream_FAIR,3,Q3,policy_4_predictive_qir,Predictive QIR Policy (RF Regressor),DEFER,10.265375062826964,20.341799548814333,2.4296545009065458,0.0,0,2.2904391288757324,1,0
102,frag50_multi_stream_FAIR,3,Q3,policy_5_conservative_quantile,Conservative Quantile Policy (q=0.95 Upper Bound),DEFER,10.265375062826964,20.341799548814333,2.4296545009065458,0.0,0,2.2904391288757324,1,0
103,frag50_multi_stream_FAIR,3,Q6,policy_1_always_run,Always Run (Baseline),RUN,6.599859925831636,17.47950203513242,13.014297932112068,13.014297932112068,1,0.0,0,1
103,frag50_multi_stream_FAIR,3,Q6,policy_2_always_defer,Always Defer,DEFER,6.599859925831636,17.47950203513242,13.014297932112068,0.0,0,1.594850778579712,1,0
103,frag50_multi_stream_FAIR,3,Q6,policy_3_heuristic,Simple Resource Heuristic,DEFER,6.599859925831636,17.47950203513242,13.014297932112068,0.0,0,1.594850778579712,1,0
103,frag50_multi_stream_FAIR,3,Q6,policy_4_predictive_qir,Predictive QIR Policy (RF Regressor),RUN,6.599859925831636,17.47950203513242,13.014297932112068,13.014297932112068,1,0.0,0,1
103,frag50_multi_stream_FAIR,3,Q6,policy_5_conservative_quantile,Conservative Quantile Policy (q=0.95 Upper Bound),DEFER,6.599859925831636,17.47950203513242,13.014297932112068,0.0,0,1.594850778579712,1,0
104,frag50_multi_stream_FAIR,3,Q12,policy_1_always_run,Always Run (Baseline),RUN,4.421706485691837,14.481126075804324,1.22061318035533,1.22061318035533,1,0.0,0,0
104,frag50_multi_stream_FAIR,3,Q12,policy_2_always_defer,Always Defer,DEFER,4.421706485691837,14.481126075804324,1.22061318035533,0.0,0,2.086540460586548,1,0
104,frag50_multi_stream_FAIR,3,Q12,policy_3_heuristic,Simple Resource Heuristic,DEFER,4.421706485691837,14.481126075804324,1.22061318035533,0.0,0,2.086540460586548,1,0
104,frag50_multi_stream_FAIR,3,Q12,policy_4_predictive_qir,Predictive QIR Policy (RF Regressor),RUN,4.421706485691837,14.481126075804324,1.22061318035533,1.22061318035533,1,0.0,0,0
104,frag50_multi_stream_FAIR,3,Q12,policy_5_conservative_quantile,Conservative Quantile Policy (q=0.95 Upper Bound),DEFER,4.421706485691837,14.481126075804324,1.22061318035533,0.0,0,2.086540460586548,1,0
105,frag50_multi_stream_FAIR,3,Q14,policy_1_always_run,Always Run (Baseline),RUN,4.421706485691837,18.34987685748562,-3.0618432634465833,-3.0618432634465833,1,0.0,0,0
105,frag50_multi_stream_FAIR,3,Q14,policy_2_always_defer,Always Defer,DEFER,4.421706485691837,18.34987685748562,-3.0618432634465833,0.0,0,1.7083308696746826,1,0
105,frag50_multi_stream_FAIR,3,Q14,policy_3_heuristic,Simple Resource Heuristic,DEFER,4.421706485691837,18.34987685748562,-3.0618432634465833,0.0,0,1.7083308696746826,1,0
105,frag50_multi_stream_FAIR,3,Q14,policy_4_predictive_qir,Predictive QIR Policy (RF Regressor),RUN,4.421706485691837,18.34987685748562,-3.0618432634465833,-3.0618432634465833,1,0.0,0,0
105,frag50_multi_stream_FAIR,3,Q14,policy_5_conservative_quantile,Conservative Quantile Policy (q=0.95 Upper Bound),DEFER,4.421706485691837,18.34987685748562,-3.0618432634465833,0.0,0,1.7083308696746826,1,0
106,frag50_multi_stream_FAIR,3,Q18,policy_1_always_run,Always Run (Baseline),RUN,4.421706485691837,14.486214992668552,1.0915373972698812,1.0915373972698812,1,0.0,0,0
106,frag50_multi_stream_FAIR,3,Q18,policy_2_always_defer,Always Defer,DEFER,4.421706485691837,14.486214992668552,1.0915373972698812,0.0,0,3.6272456645965576,1,0
106,frag50_multi_stream_FAIR,3,Q18,policy_3_heuristic,Simple Resource Heuristic,DEFER,4.421706485691837,14.486214992668552,1.0915373972698812,0.0,0,3.6272456645965576,1,0
106,frag50_multi_stream_FAIR,3,Q18,policy_4_predictive_qir,Predictive QIR Policy (RF Regressor),RUN,4.421706485691837,14.486214992668552,1.0915373972698812,1.0915373972698812,1,0.0,0,0
106,frag50_multi_stream_FAIR,3,Q18,policy_5_conservative_quantile,Conservative Quantile Policy (q=0.95 Upper Bound),DEFER,4.421706485691837,14.486214992668552,1.0915373972698812,0.0,0,3.6272456645965576,1,0
107,frag50_multi_stream_FAIR,4,Q1,policy_1_always_run,Always Run (Baseline),RUN,1.334817847935259,16.107748734696564,4.37083920922166,4.37083920922166,1,0.0,0,0
107,frag50_multi_stream_FAIR,4,Q1,policy_2_always_defer,Always Defer,DEFER,1.334817847935259,16.107748734696564,4.37083920922166,0.0,0,7.71801495552063,1,0
107,frag50_multi_stream_FAIR,4,Q1,policy_3_heuristic,Simple Resource Heuristic,RUN,1.334817847935259,16.107748734696564,4.37083920922166,4.37083920922166,1,0.0,0,0
107,frag50_multi_stream_FAIR,4,Q1,policy_4_predictive_qir,Predictive QIR Policy (RF Regressor),RUN,1.334817847935259,16.107748734696564,4.37083920922166,4.37083920922166,1,0.0,0,0
107,frag50_multi_stream_FAIR,4,Q1,policy_5_conservative_quantile,Conservative Quantile Policy (q=0.95 Upper Bound),DEFER,1.334817847935259,16.107748734696564,4.37083920922166,0.0,0,7.71801495552063,1,0
108,frag50_multi_stream_FAIR,4,Q3,policy_1_always_run,Always Run (Baseline),RUN,9.891297955292353,18.529711290374255,5.135176074950215,5.135176074950215,1,0.0,0,0
108,frag50_multi_stream_FAIR,4,Q3,policy_2_always_defer,Always Defer,DEFER,9.891297955292353,18.529711290374255,5.135176074950215,0.0,0,2.257052421569824,1,0
108,frag50_multi_stream_FAIR,4,Q3,policy_3_heuristic,Simple Resource Heuristic,RUN,9.891297955292353,18.529711290374255,5.135176074950215,5.135176074950215,1,0.0,0,0
108,frag50_multi_stream_FAIR,4,Q3,policy_4_predictive_qir,Predictive QIR Policy (RF Regressor),RUN,9.891297955292353,18.529711290374255,5.135176074950215,5.135176074950215,1,0.0,0,0
108,frag50_multi_stream_FAIR,4,Q3,policy_5_conservative_quantile,Conservative Quantile Policy (q=0.95 Upper Bound),DEFER,9.891297955292353,18.529711290374255,5.135176074950215,0.0,0,2.257052421569824,1,0
109,frag50_multi_stream_FAIR,4,Q6,policy_1_always_run,Always Run (Baseline),RUN,3.5129712880750583,15.667503923212452,24.270438409250797,24.270438409250797,1,0.0,0,1
109,frag50_multi_stream_FAIR,4,Q6,policy_2_always_defer,Always Defer,DEFER,3.5129712880750583,15.667503923212452,24.270438409250797,0.0,0,1.5887565612792969,1,0
109,frag50_multi_stream_FAIR,4,Q6,policy_3_heuristic,Simple Resource Heuristic,RUN,3.5129712880750583,15.667503923212452,24.270438409250797,24.270438409250797,1,0.0,0,1
109,frag50_multi_stream_FAIR,4,Q6,policy_4_predictive_qir,Predictive QIR Policy (RF Regressor),RUN,3.5129712880750583,15.667503923212452,24.270438409250797,24.270438409250797,1,0.0,0,1
109,frag50_multi_stream_FAIR,4,Q6,policy_5_conservative_quantile,Conservative Quantile Policy (q=0.95 Upper Bound),DEFER,3.5129712880750583,15.667503923212452,24.270438409250797,0.0,0,1.5887565612792969,1,0
110,frag50_multi_stream_FAIR,4,Q12,policy_1_always_run,Always Run (Baseline),RUN,1.334817847935259,12.6683780703317,0.6121227183522843,0.6121227183522843,1,0.0,0,0
110,frag50_multi_stream_FAIR,4,Q12,policy_2_always_defer,Always Defer,DEFER,1.334817847935259,12.6683780703317,0.6121227183522843,0.0,0,1.8534107208251953,1,0
110,frag50_multi_stream_FAIR,4,Q12,policy_3_heuristic,Simple Resource Heuristic,RUN,1.334817847935259,12.6683780703317,0.6121227183522843,0.6121227183522843,1,0.0,0,0
110,frag50_multi_stream_FAIR,4,Q12,policy_4_predictive_qir,Predictive QIR Policy (RF Regressor),RUN,1.334817847935259,12.6683780703317,0.6121227183522843,0.6121227183522843,1,0.0,0,0
110,frag50_multi_stream_FAIR,4,Q12,policy_5_conservative_quantile,Conservative Quantile Policy (q=0.95 Upper Bound),DEFER,1.334817847935259,12.6683780703317,0.6121227183522843,0.0,0,1.8534107208251953,1,0
111,frag50_multi_stream_FAIR,4,Q14,policy_1_always_run,Always Run (Baseline),RUN,1.334817847935259,16.5379674998007,-1.444348859267749,-1.444348859267749,1,0.0,0,0
111,frag50_multi_stream_FAIR,4,Q14,policy_2_always_defer,Always Defer,DEFER,1.334817847935259,16.5379674998007,-1.444348859267749,0.0,0,1.7291076183319092,1,0
111,frag50_multi_stream_FAIR,4,Q14,policy_3_heuristic,Simple Resource Heuristic,RUN,1.334817847935259,16.5379674998007,-1.444348859267749,-1.444348859267749,1,0.0,0,0
111,frag50_multi_stream_FAIR,4,Q14,policy_4_predictive_qir,Predictive QIR Policy (RF Regressor),RUN,1.334817847935259,16.5379674998007,-1.444348859267749,-1.444348859267749,1,0.0,0,0
111,frag50_multi_stream_FAIR,4,Q14,policy_5_conservative_quantile,Conservative Quantile Policy (q=0.95 Upper Bound),DEFER,1.334817847935259,16.5379674998007,-1.444348859267749,0.0,0,1.7291076183319092,1,0
112,frag50_multi_stream_FAIR,4,Q18,policy_1_always_run,Always Run (Baseline),RUN,1.334817847935259,12.674221945894228,2.9533963353661115,2.9533963353661115,1,0.0,0,0
112,frag50_multi_stream_FAIR,4,Q18,policy_2_always_defer,Always Defer,DEFER,1.334817847935259,12.674221945894228,2.9533963353661115,0.0,0,3.622684955596924,1,0
112,frag50_multi_stream_FAIR,4,Q18,policy_3_heuristic,Simple Resource Heuristic,RUN,1.334817847935259,12.674221945894228,2.9533963353661115,2.9533963353661115,1,0.0,0,0
112,frag50_multi_stream_FAIR,4,Q18,policy_4_predictive_qir,Predictive QIR Policy (RF Regressor),RUN,1.334817847935259,12.674221945894228,2.9533963353661115,2.9533963353661115,1,0.0,0,0
112,frag50_multi_stream_FAIR,4,Q18,policy_5_conservative_quantile,Conservative Quantile Policy (q=0.95 Upper Bound),DEFER,1.334817847935259,12.674221945894228,2.9533963353661115,0.0,0,3.622684955596924,1,0
113,frag200_single_stream_FAIR,1,Q14,policy_1_always_run,Always Run (Baseline),RUN,0.4264090707974103,11.52277158686716,-4.796380583049248,-4.796380583049248,1,0.0,0,0
113,frag200_single_stream_FAIR,1,Q14,policy_2_always_defer,Always Defer,DEFER,0.4264090707974103,11.52277158686716,-4.796380583049248,0.0,0,1.8836257457733154,1,0
113,frag200_single_stream_FAIR,1,Q14,policy_3_heuristic,Simple Resource Heuristic,RUN,0.4264090707974103,11.52277158686716,-4.796380583049248,-4.796380583049248,1,0.0,0,0
113,frag200_single_stream_FAIR,1,Q14,policy_4_predictive_qir,Predictive QIR Policy (RF Regressor),RUN,0.4264090707974103,11.52277158686716,-4.796380583049248,-4.796380583049248,1,0.0,0,0
113,frag200_single_stream_FAIR,1,Q14,policy_5_conservative_quantile,Conservative Quantile Policy (q=0.95 Upper Bound),DEFER,0.4264090707974103,11.52277158686716,-4.796380583049248,0.0,0,1.8836257457733154,1,0
114,frag200_single_stream_FAIR,2,Q14,policy_1_always_run,Always Run (Baseline),RUN,2.311600743089513,11.231580751658605,7.375586940960786,7.375586940960786,1,0.0,0,0
114,frag200_single_stream_FAIR,2,Q14,policy_2_always_defer,Always Defer,DEFER,2.311600743089513,11.231580751658605,7.375586940960786,0.0,0,1.9022090435028076,1,0
114,frag200_single_stream_FAIR,2,Q14,policy_3_heuristic,Simple Resource Heuristic,DEFER,2.311600743089513,11.231580751658605,7.375586940960786,0.0,0,1.9022090435028076,1,0
114,frag200_single_stream_FAIR,2,Q14,policy_4_predictive_qir,Predictive QIR Policy (RF Regressor),RUN,2.311600743089513,11.231580751658605,7.375586940960786,7.375586940960786,1,0.0,0,0
114,frag200_single_stream_FAIR,2,Q14,policy_5_conservative_quantile,Conservative Quantile Policy (q=0.95 Upper Bound),DEFER,2.311600743089513,11.231580751658605,7.375586940960786,0.0,0,1.9022090435028076,1,0
115,frag200_single_stream_FAIR,3,Q14,policy_1_always_run,Always Run (Baseline),RUN,2.311600743089513,11.050573771132623,18.286511385145285,18.286511385145285,1,0.0,0,1
115,frag200_single_stream_FAIR,3,Q14,policy_2_always_defer,Always Defer,DEFER,2.311600743089513,11.050573771132623,18.286511385145285,0.0,0,1.7230312824249268,1,0
115,frag200_single_stream_FAIR,3,Q14,policy_3_heuristic,Simple Resource Heuristic,DEFER,2.311600743089513,11.050573771132623,18.286511385145285,0.0,0,1.7230312824249268,1,0
115,frag200_single_stream_FAIR,3,Q14,policy_4_predictive_qir,Predictive QIR Policy (RF Regressor),RUN,2.311600743089513,11.050573771132623,18.286511385145285,18.286511385145285,1,0.0,0,1
115,frag200_single_stream_FAIR,3,Q14,policy_5_conservative_quantile,Conservative Quantile Policy (q=0.95 Upper Bound),DEFER,2.311600743089513,11.050573771132623,18.286511385145285,0.0,0,1.7230312824249268,1,0
116,frag200_single_stream_FAIR,4,Q14,policy_1_always_run,Always Run (Baseline),RUN,2.311600743089513,10.27793364291662,19.312222368283923,19.312222368283923,1,0.0,0,1
116,frag200_single_stream_FAIR,4,Q14,policy_2_always_defer,Always Defer,DEFER,2.311600743089513,10.27793364291662,19.312222368283923,0.0,0,1.663146734237671,1,0
116,frag200_single_stream_FAIR,4,Q14,policy_3_heuristic,Simple Resource Heuristic,RUN,2.311600743089513,10.27793364291662,19.312222368283923,19.312222368283923,1,0.0,0,1
116,frag200_single_stream_FAIR,4,Q14,policy_4_predictive_qir,Predictive QIR Policy (RF Regressor),RUN,2.311600743089513,10.27793364291662,19.312222368283923,19.312222368283923,1,0.0,0,1
116,frag200_single_stream_FAIR,4,Q14,policy_5_conservative_quantile,Conservative Quantile Policy (q=0.95 Upper Bound),DEFER,2.311600743089513,10.27793364291662,19.312222368283923,0.0,0,1.663146734237671,1,0
117,frag200_multi_stream_FAIR,1,Q1,policy_1_always_run,Always Run (Baseline),RUN,2.0166499371368696,8.568417246787492,1.9679178653795617,1.9679178653795617,1,0.0,0,0
117,frag200_multi_stream_FAIR,1,Q1,policy_2_always_defer,Always Defer,DEFER,2.0166499371368696,8.568417246787492,1.9679178653795617,0.0,0,7.601702451705933,1,0
117,frag200_multi_stream_FAIR,1,Q1,policy_3_heuristic,Simple Resource Heuristic,RUN,2.0166499371368696,8.568417246787492,1.9679178653795617,1.9679178653795617,1,0.0,0,0
117,frag200_multi_stream_FAIR,1,Q1,policy_4_predictive_qir,Predictive QIR Policy (RF Regressor),RUN,2.0166499371368696,8.568417246787492,1.9679178653795617,1.9679178653795617,1,0.0,0,0
117,frag200_multi_stream_FAIR,1,Q1,policy_5_conservative_quantile,Conservative Quantile Policy (q=0.95 Upper Bound),RUN,2.0166499371368696,8.568417246787492,1.9679178653795617,1.9679178653795617,1,0.0,0,0
118,frag200_multi_stream_FAIR,1,Q3,policy_1_always_run,Always Run (Baseline),RUN,4.600321419474261,12.414099769077131,2.6342232276361037,2.6342232276361037,1,0.0,0,0
118,frag200_multi_stream_FAIR,1,Q3,policy_2_always_defer,Always Defer,DEFER,4.600321419474261,12.414099769077131,2.6342232276361037,0.0,0,2.345210075378418,1,0
118,frag200_multi_stream_FAIR,1,Q3,policy_3_heuristic,Simple Resource Heuristic,RUN,4.600321419474261,12.414099769077131,2.6342232276361037,2.6342232276361037,1,0.0,0,0
118,frag200_multi_stream_FAIR,1,Q3,policy_4_predictive_qir,Predictive QIR Policy (RF Regressor),RUN,4.600321419474261,12.414099769077131,2.6342232276361037,2.6342232276361037,1,0.0,0,0
118,frag200_multi_stream_FAIR,1,Q3,policy_5_conservative_quantile,Conservative Quantile Policy (q=0.95 Upper Bound),DEFER,4.600321419474261,12.414099769077131,2.6342232276361037,0.0,0,2.345210075378418,1,0
119,frag200_multi_stream_FAIR,1,Q6,policy_1_always_run,Always Run (Baseline),RUN,2.0166499371368696,15.93260006695838,-3.5792824122030393,-3.5792824122030393,1,0.0,0,0
119,frag200_multi_stream_FAIR,1,Q6,policy_2_always_defer,Always Defer,DEFER,2.0166499371368696,15.93260006695838,-3.5792824122030393,0.0,0,1.87009596824646,1,0
119,frag200_multi_stream_FAIR,1,Q6,policy_3_heuristic,Simple Resource Heuristic,RUN,2.0166499371368696,15.93260006695838,-3.5792824122030393,-3.5792824122030393,1,0.0,0,0
119,frag200_multi_stream_FAIR,1,Q6,policy_4_predictive_qir,Predictive QIR Policy (RF Regressor),RUN,2.0166499371368696,15.93260006695838,-3.5792824122030393,-3.5792824122030393,1,0.0,0,0
119,frag200_multi_stream_FAIR,1,Q6,policy_5_conservative_quantile,Conservative Quantile Policy (q=0.95 Upper Bound),DEFER,2.0166499371368696,15.93260006695838,-3.5792824122030393,0.0,0,1.87009596824646,1,0
120,frag200_multi_stream_FAIR,1,Q12,policy_1_always_run,Always Run (Baseline),RUN,2.0166499371368696,9.077033385715438,-12.168305642982972,-12.168305642982972,1,0.0,0,0
120,frag200_multi_stream_FAIR,1,Q12,policy_2_always_defer,Always Defer,DEFER,2.0166499371368696,9.077033385715438,-12.168305642982972,0.0,0,2.1230809688568115,1,0
120,frag200_multi_stream_FAIR,1,Q12,policy_3_heuristic,Simple Resource Heuristic,RUN,2.0166499371368696,9.077033385715438,-12.168305642982972,-12.168305642982972,1,0.0,0,0
120,frag200_multi_stream_FAIR,1,Q12,policy_4_predictive_qir,Predictive QIR Policy (RF Regressor),RUN,2.0166499371368696,9.077033385715438,-12.168305642982972,-12.168305642982972,1,0.0,0,0
120,frag200_multi_stream_FAIR,1,Q12,policy_5_conservative_quantile,Conservative Quantile Policy (q=0.95 Upper Bound),RUN,2.0166499371368696,9.077033385715438,-12.168305642982972,-12.168305642982972,1,0.0,0,0
121,frag200_multi_stream_FAIR,1,Q14,policy_1_always_run,Always Run (Baseline),RUN,2.0166499371368696,12.704546072155939,-3.9567553444654417,-3.9567553444654417,1,0.0,0,0
121,frag200_multi_stream_FAIR,1,Q14,policy_2_always_defer,Always Defer,DEFER,2.0166499371368696,12.704546072155939,-3.9567553444654417,0.0,0,1.7447450160980225,1,0
121,frag200_multi_stream_FAIR,1,Q14,policy_3_heuristic,Simple Resource Heuristic,RUN,2.0166499371368696,12.704546072155939,-3.9567553444654417,-3.9567553444654417,1,0.0,0,0
121,frag200_multi_stream_FAIR,1,Q14,policy_4_predictive_qir,Predictive QIR Policy (RF Regressor),RUN,2.0166499371368696,12.704546072155939,-3.9567553444654417,-3.9567553444654417,1,0.0,0,0
121,frag200_multi_stream_FAIR,1,Q14,policy_5_conservative_quantile,Conservative Quantile Policy (q=0.95 Upper Bound),DEFER,2.0166499371368696,12.704546072155939,-3.9567553444654417,0.0,0,1.7447450160980225,1,0
122,frag200_multi_stream_FAIR,1,Q18,policy_1_always_run,Always Run (Baseline),RUN,2.0166499371368696,7.858042400636958,-2.5704852533739198,-2.5704852533739198,1,0.0,0,0
122,frag200_multi_stream_FAIR,1,Q18,policy_2_always_defer,Always Defer,DEFER,2.0166499371368696,7.858042400636958,-2.5704852533739198,0.0,0,3.771311044692993,1,0
122,frag200_multi_stream_FAIR,1,Q18,policy_3_heuristic,Simple Resource Heuristic,RUN,2.0166499371368696,7.858042400636958,-2.5704852533739198,-2.5704852533739198,1,0.0,0,0
122,frag200_multi_stream_FAIR,1,Q18,policy_4_predictive_qir,Predictive QIR Policy (RF Regressor),RUN,2.0166499371368696,7.858042400636958,-2.5704852533739198,-2.5704852533739198,1,0.0,0,0
122,frag200_multi_stream_FAIR,1,Q18,policy_5_conservative_quantile,Conservative Quantile Policy (q=0.95 Upper Bound),RUN,2.0166499371368696,7.858042400636958,-2.5704852533739198,-2.5704852533739198,1,0.0,0,0
123,frag200_multi_stream_FAIR,2,Q1,policy_1_always_run,Always Run (Baseline),RUN,2.191446733577565,11.347936862197162,-0.10394052597462429,-0.10394052597462429,1,0.0,0,0
123,frag200_multi_stream_FAIR,2,Q1,policy_2_always_defer,Always Defer,DEFER,2.191446733577565,11.347936862197162,-0.10394052597462429,0.0,0,7.669543266296387,1,0
123,frag200_multi_stream_FAIR,2,Q1,policy_3_heuristic,Simple Resource Heuristic,RUN,2.191446733577565,11.347936862197162,-0.10394052597462429,-0.10394052597462429,1,0.0,0,0
123,frag200_multi_stream_FAIR,2,Q1,policy_4_predictive_qir,Predictive QIR Policy (RF Regressor),RUN,2.191446733577565,11.347936862197162,-0.10394052597462429,-0.10394052597462429,1,0.0,0,0
123,frag200_multi_stream_FAIR,2,Q1,policy_5_conservative_quantile,Conservative Quantile Policy (q=0.95 Upper Bound),DEFER,2.191446733577565,11.347936862197162,-0.10394052597462429,0.0,0,7.669543266296387,1,0
124,frag200_multi_stream_FAIR,2,Q3,policy_1_always_run,Always Run (Baseline),RUN,3.326654255447493,15.347401071834334,13.283311641853837,13.283311641853837,1,0.0,0,1
124,frag200_multi_stream_FAIR,2,Q3,policy_2_always_defer,Always Defer,DEFER,3.326654255447493,15.347401071834334,13.283311641853837,0.0,0,2.2033987045288086,1,0
124,frag200_multi_stream_FAIR,2,Q3,policy_3_heuristic,Simple Resource Heuristic,RUN,3.326654255447493,15.347401071834334,13.283311641853837,13.283311641853837,1,0.0,0,1
124,frag200_multi_stream_FAIR,2,Q3,policy_4_predictive_qir,Predictive QIR Policy (RF Regressor),RUN,3.326654255447493,15.347401071834334,13.283311641853837,13.283311641853837,1,0.0,0,1
124,frag200_multi_stream_FAIR,2,Q3,policy_5_conservative_quantile,Conservative Quantile Policy (q=0.95 Upper Bound),DEFER,3.326654255447493,15.347401071834334,13.283311641853837,0.0,0,2.2033987045288086,1,0
125,frag200_multi_stream_FAIR,2,Q6,policy_1_always_run,Always Run (Baseline),RUN,3.11528421456042,18.80159687716594,-4.054484299074672,-4.054484299074672,1,0.0,0,0
125,frag200_multi_stream_FAIR,2,Q6,policy_2_always_defer,Always Defer,DEFER,3.11528421456042,18.80159687716594,-4.054484299074672,0.0,0,1.8159515857696533,1,0
125,frag200_multi_stream_FAIR,2,Q6,policy_3_heuristic,Simple Resource Heuristic,RUN,3.11528421456042,18.80159687716594,-4.054484299074672,-4.054484299074672,1,0.0,0,0
125,frag200_multi_stream_FAIR,2,Q6,policy_4_predictive_qir,Predictive QIR Policy (RF Regressor),RUN,3.11528421456042,18.80159687716594,-4.054484299074672,-4.054484299074672,1,0.0,0,0
125,frag200_multi_stream_FAIR,2,Q6,policy_5_conservative_quantile,Conservative Quantile Policy (q=0.95 Upper Bound),DEFER,3.11528421456042,18.80159687716594,-4.054484299074672,0.0,0,1.8159515857696533,1,0
126,frag200_multi_stream_FAIR,2,Q12,policy_1_always_run,Always Run (Baseline),RUN,2.191446733577565,12.092849302806249,4.122378852231318,4.122378852231318,1,0.0,0,0
126,frag200_multi_stream_FAIR,2,Q12,policy_2_always_defer,Always Defer,DEFER,2.191446733577565,12.092849302806249,4.122378852231318,0.0,0,1.868776559829712,1,0
126,frag200_multi_stream_FAIR,2,Q12,policy_3_heuristic,Simple Resource Heuristic,RUN,2.191446733577565,12.092849302806249,4.122378852231318,4.122378852231318,1,0.0,0,0
126,frag200_multi_stream_FAIR,2,Q12,policy_4_predictive_qir,Predictive QIR Policy (RF Regressor),RUN,2.191446733577565,12.092849302806249,4.122378852231318,4.122378852231318,1,0.0,0,0
126,frag200_multi_stream_FAIR,2,Q12,policy_5_conservative_quantile,Conservative Quantile Policy (q=0.95 Upper Bound),DEFER,2.191446733577565,12.092849302806249,4.122378852231318,0.0,0,1.868776559829712,1,0
127,frag200_multi_stream_FAIR,2,Q14,policy_1_always_run,Always Run (Baseline),RUN,2.191446733577565,15.557054999356122,-0.41310070056768294,-0.41310070056768294,1,0.0,0,0
127,frag200_multi_stream_FAIR,2,Q14,policy_2_always_defer,Always Defer,DEFER,2.191446733577565,15.557054999356122,-0.41310070056768294,0.0,0,1.7130787372589111,1,0
127,frag200_multi_stream_FAIR,2,Q14,policy_3_heuristic,Simple Resource Heuristic,RUN,2.191446733577565,15.557054999356122,-0.41310070056768294,-0.41310070056768294,1,0.0,0,0
127,frag200_multi_stream_FAIR,2,Q14,policy_4_predictive_qir,Predictive QIR Policy (RF Regressor),RUN,2.191446733577565,15.557054999356122,-0.41310070056768294,-0.41310070056768294,1,0.0,0,0
127,frag200_multi_stream_FAIR,2,Q14,policy_5_conservative_quantile,Conservative Quantile Policy (q=0.95 Upper Bound),DEFER,2.191446733577565,15.557054999356122,-0.41310070056768294,0.0,0,1.7130787372589111,1,0
128,frag200_multi_stream_FAIR,2,Q18,policy_1_always_run,Always Run (Baseline),RUN,2.191446733577565,10.829375660260741,-1.6829678590604549,-1.6829678590604549,1,0.0,0,0
128,frag200_multi_stream_FAIR,2,Q18,policy_2_always_defer,Always Defer,DEFER,2.191446733577565,10.829375660260741,-1.6829678590604549,0.0,0,3.577650308609009,1,0
128,frag200_multi_stream_FAIR,2,Q18,policy_3_heuristic,Simple Resource Heuristic,RUN,2.191446733577565,10.829375660260741,-1.6829678590604549,-1.6829678590604549,1,0.0,0,0
128,frag200_multi_stream_FAIR,2,Q18,policy_4_predictive_qir,Predictive QIR Policy (RF Regressor),RUN,2.191446733577565,10.829375660260741,-1.6829678590604549,-1.6829678590604549,1,0.0,0,0
128,frag200_multi_stream_FAIR,2,Q18,policy_5_conservative_quantile,Conservative Quantile Policy (q=0.95 Upper Bound),DEFER,2.191446733577565,10.829375660260741,-1.6829678590604549,0.0,0,3.577650308609009,1,0
129,frag200_multi_stream_FAIR,3,Q1,policy_1_always_run,Always Run (Baseline),RUN,2.0166499371368696,9.446367802707572,4.473451083553197,4.473451083553197,1,0.0,0,0
129,frag200_multi_stream_FAIR,3,Q1,policy_2_always_defer,Always Defer,DEFER,2.0166499371368696,9.446367802707572,4.473451083553197,0.0,0,7.370964050292969,1,0
129,frag200_multi_stream_FAIR,3,Q1,policy_3_heuristic,Simple Resource Heuristic,RUN,2.0166499371368696,9.446367802707572,4.473451083553197,4.473451083553197,1,0.0,0,0
129,frag200_multi_stream_FAIR,3,Q1,policy_4_predictive_qir,Predictive QIR Policy (RF Regressor),RUN,2.0166499371368696,9.446367802707572,4.473451083553197,4.473451083553197,1,0.0,0,0
129,frag200_multi_stream_FAIR,3,Q1,policy_5_conservative_quantile,Conservative Quantile Policy (q=0.95 Upper Bound),RUN,2.0166499371368696,9.446367802707572,4.473451083553197,4.473451083553197,1,0.0,0,0
130,frag200_multi_stream_FAIR,3,Q3,policy_1_always_run,Always Run (Baseline),RUN,4.600321419474261,13.188808511025103,8.627311639346203,8.627311639346203,1,0.0,0,0
130,frag200_multi_stream_FAIR,3,Q3,policy_2_always_defer,Always Defer,DEFER,4.600321419474261,13.188808511025103,8.627311639346203,0.0,0,2.2552223205566406,1,0
130,frag200_multi_stream_FAIR,3,Q3,policy_3_heuristic,Simple Resource Heuristic,RUN,4.600321419474261,13.188808511025103,8.627311639346203,8.627311639346203,1,0.0,0,0
130,frag200_multi_stream_FAIR,3,Q3,policy_4_predictive_qir,Predictive QIR Policy (RF Regressor),RUN,4.600321419474261,13.188808511025103,8.627311639346203,8.627311639346203,1,0.0,0,0
130,frag200_multi_stream_FAIR,3,Q3,policy_5_conservative_quantile,Conservative Quantile Policy (q=0.95 Upper Bound),DEFER,4.600321419474261,13.188808511025103,8.627311639346203,0.0,0,2.2552223205566406,1,0
131,frag200_multi_stream_FAIR,3,Q6,policy_1_always_run,Always Run (Baseline),RUN,2.0166499371368696,16.73639904474867,1.747157147019585,1.747157147019585,1,0.0,0,0
131,frag200_multi_stream_FAIR,3,Q6,policy_2_always_defer,Always Defer,DEFER,2.0166499371368696,16.73639904474867,1.747157147019585,0.0,0,1.7404491901397705,1,0
131,frag200_multi_stream_FAIR,3,Q6,policy_3_heuristic,Simple Resource Heuristic,RUN,2.0166499371368696,16.73639904474867,1.747157147019585,1.747157147019585,1,0.0,0,0
131,frag200_multi_stream_FAIR,3,Q6,policy_4_predictive_qir,Predictive QIR Policy (RF Regressor),RUN,2.0166499371368696,16.73639904474867,1.747157147019585,1.747157147019585,1,0.0,0,0
131,frag200_multi_stream_FAIR,3,Q6,policy_5_conservative_quantile,Conservative Quantile Policy (q=0.95 Upper Bound),DEFER,2.0166499371368696,16.73639904474867,1.747157147019585,0.0,0,1.7404491901397705,1,0
132,frag200_multi_stream_FAIR,3,Q12,policy_1_always_run,Always Run (Baseline),RUN,2.0166499371368696,9.969699919354069,-0.6257551338917334,-0.6257551338917334,1,0.0,0,0
132,frag200_multi_stream_FAIR,3,Q12,policy_2_always_defer,Always Defer,DEFER,2.0166499371368696,9.969699919354069,-0.6257551338917334,0.0,0,1.8722801208496094,1,0
132,frag200_multi_stream_FAIR,3,Q12,policy_3_heuristic,Simple Resource Heuristic,RUN,2.0166499371368696,9.969699919354069,-0.6257551338917334,-0.6257551338917334,1,0.0,0,0
132,frag200_multi_stream_FAIR,3,Q12,policy_4_predictive_qir,Predictive QIR Policy (RF Regressor),RUN,2.0166499371368696,9.969699919354069,-0.6257551338917334,-0.6257551338917334,1,0.0,0,0
132,frag200_multi_stream_FAIR,3,Q12,policy_5_conservative_quantile,Conservative Quantile Policy (q=0.95 Upper Bound),RUN,2.0166499371368696,9.969699919354069,-0.6257551338917334,-0.6257551338917334,1,0.0,0,0
133,frag200_multi_stream_FAIR,3,Q14,policy_1_always_run,Always Run (Baseline),RUN,2.0166499371368696,13.459827513005862,-2.518448537454321,-2.518448537454321,1,0.0,0,0
133,frag200_multi_stream_FAIR,3,Q14,policy_2_always_defer,Always Defer,DEFER,2.0166499371368696,13.459827513005862,-2.518448537454321,0.0,0,1.6812427043914795,1,0
133,frag200_multi_stream_FAIR,3,Q14,policy_3_heuristic,Simple Resource Heuristic,RUN,2.0166499371368696,13.459827513005862,-2.518448537454321,-2.518448537454321,1,0.0,0,0
133,frag200_multi_stream_FAIR,3,Q14,policy_4_predictive_qir,Predictive QIR Policy (RF Regressor),RUN,2.0166499371368696,13.459827513005862,-2.518448537454321,-2.518448537454321,1,0.0,0,0
133,frag200_multi_stream_FAIR,3,Q14,policy_5_conservative_quantile,Conservative Quantile Policy (q=0.95 Upper Bound),DEFER,2.0166499371368696,13.459827513005862,-2.518448537454321,0.0,0,1.6812427043914795,1,0
134,frag200_multi_stream_FAIR,3,Q18,policy_1_always_run,Always Run (Baseline),RUN,2.0166499371368696,8.712712653354423,0.12666052563117025,0.12666052563117025,1,0.0,0,0
134,frag200_multi_stream_FAIR,3,Q18,policy_2_always_defer,Always Defer,DEFER,2.0166499371368696,8.712712653354423,0.12666052563117025,0.0,0,3.5723109245300293,1,0
134,frag200_multi_stream_FAIR,3,Q18,policy_3_heuristic,Simple Resource Heuristic,RUN,2.0166499371368696,8.712712653354423,0.12666052563117025,0.12666052563117025,1,0.0,0,0
134,frag200_multi_stream_FAIR,3,Q18,policy_4_predictive_qir,Predictive QIR Policy (RF Regressor),RUN,2.0166499371368696,8.712712653354423,0.12666052563117025,0.12666052563117025,1,0.0,0,0
134,frag200_multi_stream_FAIR,3,Q18,policy_5_conservative_quantile,Conservative Quantile Policy (q=0.95 Upper Bound),RUN,2.0166499371368696,8.712712653354423,0.12666052563117025,0.12666052563117025,1,0.0,0,0
135,frag200_multi_stream_FAIR,4,Q1,policy_1_always_run,Always Run (Baseline),RUN,2.191446733577565,9.279604094943858,2.2641586670253804,2.2641586670253804,1,0.0,0,0
135,frag200_multi_stream_FAIR,4,Q1,policy_2_always_defer,Always Defer,DEFER,2.191446733577565,9.279604094943858,2.2641586670253804,0.0,0,7.420142412185669,1,0
135,frag200_multi_stream_FAIR,4,Q1,policy_3_heuristic,Simple Resource Heuristic,RUN,2.191446733577565,9.279604094943858,2.2641586670253804,2.2641586670253804,1,0.0,0,0
135,frag200_multi_stream_FAIR,4,Q1,policy_4_predictive_qir,Predictive QIR Policy (RF Regressor),RUN,2.191446733577565,9.279604094943858,2.2641586670253804,2.2641586670253804,1,0.0,0,0
135,frag200_multi_stream_FAIR,4,Q1,policy_5_conservative_quantile,Conservative Quantile Policy (q=0.95 Upper Bound),RUN,2.191446733577565,9.279604094943858,2.2641586670253804,2.2641586670253804,1,0.0,0,0
136,frag200_multi_stream_FAIR,4,Q3,policy_1_always_run,Always Run (Baseline),RUN,3.326654255447493,13.065187339308332,8.776681868401266,8.776681868401266,1,0.0,0,0
136,frag200_multi_stream_FAIR,4,Q3,policy_2_always_defer,Always Defer,DEFER,3.326654255447493,13.065187339308332,8.776681868401266,0.0,0,2.245584011077881,1,0
136,frag200_multi_stream_FAIR,4,Q3,policy_3_heuristic,Simple Resource Heuristic,RUN,3.326654255447493,13.065187339308332,8.776681868401266,8.776681868401266,1,0.0,0,0
136,frag200_multi_stream_FAIR,4,Q3,policy_4_predictive_qir,Predictive QIR Policy (RF Regressor),RUN,3.326654255447493,13.065187339308332,8.776681868401266,8.776681868401266,1,0.0,0,0
136,frag200_multi_stream_FAIR,4,Q3,policy_5_conservative_quantile,Conservative Quantile Policy (q=0.95 Upper Bound),DEFER,3.326654255447493,13.065187339308332,8.776681868401266,0.0,0,2.245584011077881,1,0
137,frag200_multi_stream_FAIR,4,Q6,policy_1_always_run,Always Run (Baseline),RUN,3.11528421456042,16.61377732414971,3.7543604538952655,3.7543604538952655,1,0.0,0,0
137,frag200_multi_stream_FAIR,4,Q6,policy_2_always_defer,Always Defer,DEFER,3.11528421456042,16.61377732414971,3.7543604538952655,0.0,0,1.7294483184814453,1,0
137,frag200_multi_stream_FAIR,4,Q6,policy_3_heuristic,Simple Resource Heuristic,RUN,3.11528421456042,16.61377732414971,3.7543604538952655,3.7543604538952655,1,0.0,0,0
137,frag200_multi_stream_FAIR,4,Q6,policy_4_predictive_qir,Predictive QIR Policy (RF Regressor),RUN,3.11528421456042,16.61377732414971,3.7543604538952655,3.7543604538952655,1,0.0,0,0
137,frag200_multi_stream_FAIR,4,Q6,policy_5_conservative_quantile,Conservative Quantile Policy (q=0.95 Upper Bound),DEFER,3.11528421456042,16.61377732414971,3.7543604538952655,0.0,0,1.7294483184814453,1,0
138,frag200_multi_stream_FAIR,4,Q12,policy_1_always_run,Always Run (Baseline),RUN,2.191446733577565,9.830497278478319,-3.262941109395421,-3.262941109395421,1,0.0,0,0
138,frag200_multi_stream_FAIR,4,Q12,policy_2_always_defer,Always Defer,DEFER,2.191446733577565,9.830497278478319,-3.262941109395421,0.0,0,1.8838841915130615,1,0
138,frag200_multi_stream_FAIR,4,Q12,policy_3_heuristic,Simple Resource Heuristic,RUN,2.191446733577565,9.830497278478319,-3.262941109395421,-3.262941109395421,1,0.0,0,0
138,frag200_multi_stream_FAIR,4,Q12,policy_4_predictive_qir,Predictive QIR Policy (RF Regressor),RUN,2.191446733577565,9.830497278478319,-3.262941109395421,-3.262941109395421,1,0.0,0,0
138,frag200_multi_stream_FAIR,4,Q12,policy_5_conservative_quantile,Conservative Quantile Policy (q=0.95 Upper Bound),RUN,2.191446733577565,9.830497278478319,-3.262941109395421,-3.262941109395421,1,0.0,0,0
139,frag200_multi_stream_FAIR,4,Q14,policy_1_always_run,Always Run (Baseline),RUN,2.191446733577565,13.330723962795261,1.5502304131761064,1.5502304131761064,1,0.0,0,0
139,frag200_multi_stream_FAIR,4,Q14,policy_2_always_defer,Always Defer,DEFER,2.191446733577565,13.330723962795261,1.5502304131761064,0.0,0,1.6790785789489746,1,0
139,frag200_multi_stream_FAIR,4,Q14,policy_3_heuristic,Simple Resource Heuristic,RUN,2.191446733577565,13.330723962795261,1.5502304131761064,1.5502304131761064,1,0.0,0,0
139,frag200_multi_stream_FAIR,4,Q14,policy_4_predictive_qir,Predictive QIR Policy (RF Regressor),RUN,2.191446733577565,13.330723962795261,1.5502304131761064,1.5502304131761064,1,0.0,0,0
139,frag200_multi_stream_FAIR,4,Q14,policy_5_conservative_quantile,Conservative Quantile Policy (q=0.95 Upper Bound),DEFER,2.191446733577565,13.330723962795261,1.5502304131761064,0.0,0,1.6790785789489746,1,0
140,frag200_multi_stream_FAIR,4,Q18,policy_1_always_run,Always Run (Baseline),RUN,2.191446733577565,8.491934340061341,-2.519690627925688,-2.519690627925688,1,0.0,0,0
140,frag200_multi_stream_FAIR,4,Q18,policy_2_always_defer,Always Defer,DEFER,2.191446733577565,8.491934340061341,-2.519690627925688,0.0,0,3.6951279640197754,1,0
140,frag200_multi_stream_FAIR,4,Q18,policy_3_heuristic,Simple Resource Heuristic,RUN,2.191446733577565,8.491934340061341,-2.519690627925688,-2.519690627925688,1,0.0,0,0
140,frag200_multi_stream_FAIR,4,Q18,policy_4_predictive_qir,Predictive QIR Policy (RF Regressor),RUN,2.191446733577565,8.491934340061341,-2.519690627925688,-2.519690627925688,1,0.0,0,0
140,frag200_multi_stream_FAIR,4,Q18,policy_5_conservative_quantile,Conservative Quantile Policy (q=0.95 Upper Bound),RUN,2.191446733577565,8.491934340061341,-2.519690627925688,-2.519690627925688,1,0.0,0,0
141,frag500_single_stream_FAIR,1,Q14,policy_1_always_run,Always Run (Baseline),RUN,7.143719776037891,15.348974891633183,4.8711410330576985,4.8711410330576985,1,0.0,0,0
141,frag500_single_stream_FAIR,1,Q14,policy_2_always_defer,Always Defer,DEFER,7.143719776037891,15.348974891633183,4.8711410330576985,0.0,0,1.7429063320159912,1,0
141,frag500_single_stream_FAIR,1,Q14,policy_3_heuristic,Simple Resource Heuristic,RUN,7.143719776037891,15.348974891633183,4.8711410330576985,4.8711410330576985,1,0.0,0,0
141,frag500_single_stream_FAIR,1,Q14,policy_4_predictive_qir,Predictive QIR Policy (RF Regressor),RUN,7.143719776037891,15.348974891633183,4.8711410330576985,4.8711410330576985,1,0.0,0,0
141,frag500_single_stream_FAIR,1,Q14,policy_5_conservative_quantile,Conservative Quantile Policy (q=0.95 Upper Bound),DEFER,7.143719776037891,15.348974891633183,4.8711410330576985,0.0,0,1.7429063320159912,1,0
142,frag500_single_stream_FAIR,2,Q14,policy_1_always_run,Always Run (Baseline),RUN,7.143719776037891,14.532639785463465,-13.277164091152246,-13.277164091152246,1,0.0,0,0
142,frag500_single_stream_FAIR,2,Q14,policy_2_always_defer,Always Defer,DEFER,7.143719776037891,14.532639785463465,-13.277164091152246,0.0,0,2.0096137523651123,1,0
142,frag500_single_stream_FAIR,2,Q14,policy_3_heuristic,Simple Resource Heuristic,RUN,7.143719776037891,14.532639785463465,-13.277164091152246,-13.277164091152246,1,0.0,0,0
142,frag500_single_stream_FAIR,2,Q14,policy_4_predictive_qir,Predictive QIR Policy (RF Regressor),RUN,7.143719776037891,14.532639785463465,-13.277164091152246,-13.277164091152246,1,0.0,0,0
142,frag500_single_stream_FAIR,2,Q14,policy_5_conservative_quantile,Conservative Quantile Policy (q=0.95 Upper Bound),DEFER,7.143719776037891,14.532639785463465,-13.277164091152246,0.0,0,2.0096137523651123,1,0
143,frag500_single_stream_FAIR,3,Q14,policy_1_always_run,Always Run (Baseline),RUN,7.143719776037891,14.915148327317588,-14.560547443597061,-14.560547443597061,1,0.0,0,0
143,frag500_single_stream_FAIR,3,Q14,policy_2_always_defer,Always Defer,DEFER,7.143719776037891,14.915148327317588,-14.560547443597061,0.0,0,2.0515081882476807,1,0
143,frag500_single_stream_FAIR,3,Q14,policy_3_heuristic,Simple Resource Heuristic,RUN,7.143719776037891,14.915148327317588,-14.560547443597061,-14.560547443597061,1,0.0,0,0
143,frag500_single_stream_FAIR,3,Q14,policy_4_predictive_qir,Predictive QIR Policy (RF Regressor),RUN,7.143719776037891,14.915148327317588,-14.560547443597061,-14.560547443597061,1,0.0,0,0
143,frag500_single_stream_FAIR,3,Q14,policy_5_conservative_quantile,Conservative Quantile Policy (q=0.95 Upper Bound),DEFER,7.143719776037891,14.915148327317588,-14.560547443597061,0.0,0,2.0515081882476807,1,0
144,frag500_single_stream_FAIR,4,Q14,policy_1_always_run,Always Run (Baseline),RUN,4.107052651007412,13.791921405344945,-4.338440219875297,-4.338440219875297,1,0.0,0,0
144,frag500_single_stream_FAIR,4,Q14,policy_2_always_defer,Always Defer,DEFER,4.107052651007412,13.791921405344945,-4.338440219875297,0.0,0,1.8523485660552979,1,0
144,frag500_single_stream_FAIR,4,Q14,policy_3_heuristic,Simple Resource Heuristic,DEFER,4.107052651007412,13.791921405344945,-4.338440219875297,0.0,0,1.8523485660552979,1,0
144,frag500_single_stream_FAIR,4,Q14,policy_4_predictive_qir,Predictive QIR Policy (RF Regressor),RUN,4.107052651007412,13.791921405344945,-4.338440219875297,-4.338440219875297,1,0.0,0,0
144,frag500_single_stream_FAIR,4,Q14,policy_5_conservative_quantile,Conservative Quantile Policy (q=0.95 Upper Bound),DEFER,4.107052651007412,13.791921405344945,-4.338440219875297,0.0,0,1.8523485660552979,1,0
145,frag500_multi_stream_FAIR,1,Q1,policy_1_always_run,Always Run (Baseline),RUN,1.6677039106113756,6.846450232122024,-2.608025397668204,-2.608025397668204,1,0.0,0,0
145,frag500_multi_stream_FAIR,1,Q1,policy_2_always_defer,Always Defer,DEFER,1.6677039106113756,6.846450232122024,-2.608025397668204,0.0,0,7.7304277420043945,1,0
145,frag500_multi_stream_FAIR,1,Q1,policy_3_heuristic,Simple Resource Heuristic,RUN,1.6677039106113756,6.846450232122024,-2.608025397668204,-2.608025397668204,1,0.0,0,0
145,frag500_multi_stream_FAIR,1,Q1,policy_4_predictive_qir,Predictive QIR Policy (RF Regressor),RUN,1.6677039106113756,6.846450232122024,-2.608025397668204,-2.608025397668204,1,0.0,0,0
145,frag500_multi_stream_FAIR,1,Q1,policy_5_conservative_quantile,Conservative Quantile Policy (q=0.95 Upper Bound),RUN,1.6677039106113756,6.846450232122024,-2.608025397668204,-2.608025397668204,1,0.0,0,0
146,frag500_multi_stream_FAIR,1,Q3,policy_1_always_run,Always Run (Baseline),RUN,5.111105060499754,12.125396810782958,6.43126754324784,6.43126754324784,1,0.0,0,0
146,frag500_multi_stream_FAIR,1,Q3,policy_2_always_defer,Always Defer,DEFER,5.111105060499754,12.125396810782958,6.43126754324784,0.0,0,2.192885160446167,1,0
146,frag500_multi_stream_FAIR,1,Q3,policy_3_heuristic,Simple Resource Heuristic,RUN,5.111105060499754,12.125396810782958,6.43126754324784,6.43126754324784,1,0.0,0,0
146,frag500_multi_stream_FAIR,1,Q3,policy_4_predictive_qir,Predictive QIR Policy (RF Regressor),RUN,5.111105060499754,12.125396810782958,6.43126754324784,6.43126754324784,1,0.0,0,0
146,frag500_multi_stream_FAIR,1,Q3,policy_5_conservative_quantile,Conservative Quantile Policy (q=0.95 Upper Bound),DEFER,5.111105060499754,12.125396810782958,6.43126754324784,0.0,0,2.192885160446167,1,0
147,frag500_multi_stream_FAIR,1,Q6,policy_1_always_run,Always Run (Baseline),RUN,3.7172198597423063,16.510785293639625,3.3272877852554514,3.3272877852554514,1,0.0,0,0
147,frag500_multi_stream_FAIR,1,Q6,policy_2_always_defer,Always Defer,DEFER,3.7172198597423063,16.510785293639625,3.3272877852554514,0.0,0,1.7128825187683105,1,0
147,frag500_multi_stream_FAIR,1,Q6,policy_3_heuristic,Simple Resource Heuristic,RUN,3.7172198597423063,16.510785293639625,3.3272877852554514,3.3272877852554514,1,0.0,0,0
147,frag500_multi_stream_FAIR,1,Q6,policy_4_predictive_qir,Predictive QIR Policy (RF Regressor),RUN,3.7172198597423063,16.510785293639625,3.3272877852554514,3.3272877852554514,1,0.0,0,0
147,frag500_multi_stream_FAIR,1,Q6,policy_5_conservative_quantile,Conservative Quantile Policy (q=0.95 Upper Bound),DEFER,3.7172198597423063,16.510785293639625,3.3272877852554514,0.0,0,1.7128825187683105,1,0
148,frag500_multi_stream_FAIR,1,Q12,policy_1_always_run,Always Run (Baseline),RUN,1.6677039106113756,8.296028904335072,1.9431185167370728,1.9431185167370728,1,0.0,0,0
148,frag500_multi_stream_FAIR,1,Q12,policy_2_always_defer,Always Defer,DEFER,1.6677039106113756,8.296028904335072,1.9431185167370728,0.0,0,1.8518705368041992,1,0
148,frag500_multi_stream_FAIR,1,Q12,policy_3_heuristic,Simple Resource Heuristic,RUN,1.6677039106113756,8.296028904335072,1.9431185167370728,1.9431185167370728,1,0.0,0,0
148,frag500_multi_stream_FAIR,1,Q12,policy_4_predictive_qir,Predictive QIR Policy (RF Regressor),RUN,1.6677039106113756,8.296028904335072,1.9431185167370728,1.9431185167370728,1,0.0,0,0
148,frag500_multi_stream_FAIR,1,Q12,policy_5_conservative_quantile,Conservative Quantile Policy (q=0.95 Upper Bound),RUN,1.6677039106113756,8.296028904335072,1.9431185167370728,1.9431185167370728,1,0.0,0,0
149,frag500_multi_stream_FAIR,1,Q14,policy_1_always_run,Always Run (Baseline),RUN,2.6886549778480044,12.19688507167451,-1.9563195172922296,-1.9563195172922296,1,0.0,0,0
149,frag500_multi_stream_FAIR,1,Q14,policy_2_always_defer,Always Defer,DEFER,2.6886549778480044,12.19688507167451,-1.9563195172922296,0.0,0,1.6859631538391113,1,0
149,frag500_multi_stream_FAIR,1,Q14,policy_3_heuristic,Simple Resource Heuristic,RUN,2.6886549778480044,12.19688507167451,-1.9563195172922296,-1.9563195172922296,1,0.0,0,0
149,frag500_multi_stream_FAIR,1,Q14,policy_4_predictive_qir,Predictive QIR Policy (RF Regressor),RUN,2.6886549778480044,12.19688507167451,-1.9563195172922296,-1.9563195172922296,1,0.0,0,0
149,frag500_multi_stream_FAIR,1,Q14,policy_5_conservative_quantile,Conservative Quantile Policy (q=0.95 Upper Bound),DEFER,2.6886549778480044,12.19688507167451,-1.9563195172922296,0.0,0,1.6859631538391113,1,0
150,frag500_multi_stream_FAIR,1,Q18,policy_1_always_run,Always Run (Baseline),RUN,1.6677039106113756,6.650541750507137,1.1693488836881893,1.1693488836881893,1,0.0,0,0
150,frag500_multi_stream_FAIR,1,Q18,policy_2_always_defer,Always Defer,DEFER,1.6677039106113756,6.650541750507137,1.1693488836881893,0.0,0,3.538715362548828,1,0
150,frag500_multi_stream_FAIR,1,Q18,policy_3_heuristic,Simple Resource Heuristic,RUN,1.6677039106113756,6.650541750507137,1.1693488836881893,1.1693488836881893,1,0.0,0,0
150,frag500_multi_stream_FAIR,1,Q18,policy_4_predictive_qir,Predictive QIR Policy (RF Regressor),RUN,1.6677039106113756,6.650541750507137,1.1693488836881893,1.1693488836881893,1,0.0,0,0
150,frag500_multi_stream_FAIR,1,Q18,policy_5_conservative_quantile,Conservative Quantile Policy (q=0.95 Upper Bound),RUN,1.6677039106113756,6.650541750507137,1.1693488836881893,1.1693488836881893,1,0.0,0,0
151,frag500_multi_stream_FAIR,2,Q1,policy_1_always_run,Always Run (Baseline),RUN,2.948001924001781,5.344128194318659,4.305199536148801,4.305199536148801,1,0.0,0,0
151,frag500_multi_stream_FAIR,2,Q1,policy_2_always_defer,Always Defer,DEFER,2.948001924001781,5.344128194318659,4.305199536148801,0.0,0,7.2477827072143555,1,0
151,frag500_multi_stream_FAIR,2,Q1,policy_3_heuristic,Simple Resource Heuristic,RUN,2.948001924001781,5.344128194318659,4.305199536148801,4.305199536148801,1,0.0,0,0
151,frag500_multi_stream_FAIR,2,Q1,policy_4_predictive_qir,Predictive QIR Policy (RF Regressor),RUN,2.948001924001781,5.344128194318659,4.305199536148801,4.305199536148801,1,0.0,0,0
151,frag500_multi_stream_FAIR,2,Q1,policy_5_conservative_quantile,Conservative Quantile Policy (q=0.95 Upper Bound),RUN,2.948001924001781,5.344128194318659,4.305199536148801,4.305199536148801,1,0.0,0,0
152,frag500_multi_stream_FAIR,2,Q3,policy_1_always_run,Always Run (Baseline),RUN,7.345167611535624,10.079474565540709,14.530605028573037,14.530605028573037,1,0.0,0,1
152,frag500_multi_stream_FAIR,2,Q3,policy_2_always_defer,Always Defer,DEFER,7.345167611535624,10.079474565540709,14.530605028573037,0.0,0,2.2709105014801025,1,0
152,frag500_multi_stream_FAIR,2,Q3,policy_3_heuristic,Simple Resource Heuristic,RUN,7.345167611535624,10.079474565540709,14.530605028573037,14.530605028573037,1,0.0,0,1
152,frag500_multi_stream_FAIR,2,Q3,policy_4_predictive_qir,Predictive QIR Policy (RF Regressor),RUN,7.345167611535624,10.079474565540709,14.530605028573037,14.530605028573037,1,0.0,0,1
152,frag500_multi_stream_FAIR,2,Q3,policy_5_conservative_quantile,Conservative Quantile Policy (q=0.95 Upper Bound),DEFER,7.345167611535624,10.079474565540709,14.530605028573037,0.0,0,2.2709105014801025,1,0
153,frag500_multi_stream_FAIR,2,Q6,policy_1_always_run,Always Run (Baseline),RUN,3.976566805896083,14.544665382791806,3.14141604987507,3.14141604987507,1,0.0,0,0
153,frag500_multi_stream_FAIR,2,Q6,policy_2_always_defer,Always Defer,DEFER,3.976566805896083,14.544665382791806,3.14141604987507,0.0,0,1.70859956741333,1,0
153,frag500_multi_stream_FAIR,2,Q6,policy_3_heuristic,Simple Resource Heuristic,RUN,3.976566805896083,14.544665382791806,3.14141604987507,3.14141604987507,1,0.0,0,0
153,frag500_multi_stream_FAIR,2,Q6,policy_4_predictive_qir,Predictive QIR Policy (RF Regressor),RUN,3.976566805896083,14.544665382791806,3.14141604987507,3.14141604987507,1,0.0,0,0
153,frag500_multi_stream_FAIR,2,Q6,policy_5_conservative_quantile,Conservative Quantile Policy (q=0.95 Upper Bound),DEFER,3.976566805896083,14.544665382791806,3.14141604987507,0.0,0,1.70859956741333,1,0
154,frag500_multi_stream_FAIR,2,Q12,policy_1_always_run,Always Run (Baseline),RUN,2.948001924001781,6.375118974075412,1.3801594304297262,1.3801594304297262,1,0.0,0,0
154,frag500_multi_stream_FAIR,2,Q12,policy_2_always_defer,Always Defer,DEFER,2.948001924001781,6.375118974075412,1.3801594304297262,0.0,0,1.8009579181671143,1,0
154,frag500_multi_stream_FAIR,2,Q12,policy_3_heuristic,Simple Resource Heuristic,RUN,2.948001924001781,6.375118974075412,1.3801594304297262,1.3801594304297262,1,0.0,0,0
154,frag500_multi_stream_FAIR,2,Q12,policy_4_predictive_qir,Predictive QIR Policy (RF Regressor),RUN,2.948001924001781,6.375118974075412,1.3801594304297262,1.3801594304297262,1,0.0,0,0
154,frag500_multi_stream_FAIR,2,Q12,policy_5_conservative_quantile,Conservative Quantile Policy (q=0.95 Upper Bound),RUN,2.948001924001781,6.375118974075412,1.3801594304297262,1.3801594304297262,1,0.0,0,0
155,frag500_multi_stream_FAIR,2,Q14,policy_1_always_run,Always Run (Baseline),RUN,2.948001924001781,10.216903438985645,-1.624262452899046,-1.624262452899046,1,0.0,0,0
155,frag500_multi_stream_FAIR,2,Q14,policy_2_always_defer,Always Defer,DEFER,2.948001924001781,10.216903438985645,-1.624262452899046,0.0,0,1.6959772109985352,1,0
155,frag500_multi_stream_FAIR,2,Q14,policy_3_heuristic,Simple Resource Heuristic,RUN,2.948001924001781,10.216903438985645,-1.624262452899046,-1.624262452899046,1,0.0,0,0
155,frag500_multi_stream_FAIR,2,Q14,policy_4_predictive_qir,Predictive QIR Policy (RF Regressor),RUN,2.948001924001781,10.216903438985645,-1.624262452899046,-1.624262452899046,1,0.0,0,0
155,frag500_multi_stream_FAIR,2,Q14,policy_5_conservative_quantile,Conservative Quantile Policy (q=0.95 Upper Bound),DEFER,2.948001924001781,10.216903438985645,-1.624262452899046,0.0,0,1.6959772109985352,1,0
156,frag500_multi_stream_FAIR,2,Q18,policy_1_always_run,Always Run (Baseline),RUN,2.948001924001781,4.68951567454057,-1.490571019063874,-1.490571019063874,1,0.0,0,0
156,frag500_multi_stream_FAIR,2,Q18,policy_2_always_defer,Always Defer,DEFER,2.948001924001781,4.68951567454057,-1.490571019063874,0.0,0,3.5291786193847656,1,0
156,frag500_multi_stream_FAIR,2,Q18,policy_3_heuristic,Simple Resource Heuristic,RUN,2.948001924001781,4.68951567454057,-1.490571019063874,-1.490571019063874,1,0.0,0,0
156,frag500_multi_stream_FAIR,2,Q18,policy_4_predictive_qir,Predictive QIR Policy (RF Regressor),RUN,2.948001924001781,4.68951567454057,-1.490571019063874,-1.490571019063874,1,0.0,0,0
156,frag500_multi_stream_FAIR,2,Q18,policy_5_conservative_quantile,Conservative Quantile Policy (q=0.95 Upper Bound),RUN,2.948001924001781,4.68951567454057,-1.490571019063874,-1.490571019063874,1,0.0,0,0
157,frag500_multi_stream_FAIR,3,Q1,policy_1_always_run,Always Run (Baseline),RUN,1.6677039106113756,5.7478805356894,5.748544892656278,5.748544892656278,1,0.0,0,0
157,frag500_multi_stream_FAIR,3,Q1,policy_2_always_defer,Always Defer,DEFER,1.6677039106113756,5.7478805356894,5.748544892656278,0.0,0,7.312970876693726,1,0
157,frag500_multi_stream_FAIR,3,Q1,policy_3_heuristic,Simple Resource Heuristic,RUN,1.6677039106113756,5.7478805356894,5.748544892656278,5.748544892656278,1,0.0,0,0
157,frag500_multi_stream_FAIR,3,Q1,policy_4_predictive_qir,Predictive QIR Policy (RF Regressor),RUN,1.6677039106113756,5.7478805356894,5.748544892656278,5.748544892656278,1,0.0,0,0
157,frag500_multi_stream_FAIR,3,Q1,policy_5_conservative_quantile,Conservative Quantile Policy (q=0.95 Upper Bound),RUN,1.6677039106113756,5.7478805356894,5.748544892656278,5.748544892656278,1,0.0,0,0
158,frag500_multi_stream_FAIR,3,Q3,policy_1_always_run,Always Run (Baseline),RUN,5.111105060499754,10.625643697110926,9.212890010913494,9.212890010913494,1,0.0,0,0
158,frag500_multi_stream_FAIR,3,Q3,policy_2_always_defer,Always Defer,DEFER,5.111105060499754,10.625643697110926,9.212890010913494,0.0,0,2.1892096996307373,1,0
158,frag500_multi_stream_FAIR,3,Q3,policy_3_heuristic,Simple Resource Heuristic,RUN,5.111105060499754,10.625643697110926,9.212890010913494,9.212890010913494,1,0.0,0,0
158,frag500_multi_stream_FAIR,3,Q3,policy_4_predictive_qir,Predictive QIR Policy (RF Regressor),RUN,5.111105060499754,10.625643697110926,9.212890010913494,9.212890010913494,1,0.0,0,0
158,frag500_multi_stream_FAIR,3,Q3,policy_5_conservative_quantile,Conservative Quantile Policy (q=0.95 Upper Bound),DEFER,5.111105060499754,10.625643697110926,9.212890010913494,0.0,0,2.1892096996307373,1,0
159,frag500_multi_stream_FAIR,3,Q6,policy_1_always_run,Always Run (Baseline),RUN,3.7172198597423063,14.973658281637539,0.9536581792466498,0.9536581792466498,1,0.0,0,0
159,frag500_multi_stream_FAIR,3,Q6,policy_2_always_defer,Always Defer,DEFER,3.7172198597423063,14.973658281637539,0.9536581792466498,0.0,0,1.7477545738220215,1,0
159,frag500_multi_stream_FAIR,3,Q6,policy_3_heuristic,Simple Resource Heuristic,RUN,3.7172198597423063,14.973658281637539,0.9536581792466498,0.9536581792466498,1,0.0,0,0
159,frag500_multi_stream_FAIR,3,Q6,policy_4_predictive_qir,Predictive QIR Policy (RF Regressor),RUN,3.7172198597423063,14.973658281637539,0.9536581792466498,0.9536581792466498,1,0.0,0,0
159,frag500_multi_stream_FAIR,3,Q6,policy_5_conservative_quantile,Conservative Quantile Policy (q=0.95 Upper Bound),DEFER,3.7172198597423063,14.973658281637539,0.9536581792466498,0.0,0,1.7477545738220215,1,0
160,frag500_multi_stream_FAIR,3,Q12,policy_1_always_run,Always Run (Baseline),RUN,1.6677039106113756,6.784795475926129,4.531634458561856,4.531634458561856,1,0.0,0,0
160,frag500_multi_stream_FAIR,3,Q12,policy_2_always_defer,Always Defer,DEFER,1.6677039106113756,6.784795475926129,4.531634458561856,0.0,0,1.8600358963012695,1,0
160,frag500_multi_stream_FAIR,3,Q12,policy_3_heuristic,Simple Resource Heuristic,RUN,1.6677039106113756,6.784795475926129,4.531634458561856,4.531634458561856,1,0.0,0,0
160,frag500_multi_stream_FAIR,3,Q12,policy_4_predictive_qir,Predictive QIR Policy (RF Regressor),RUN,1.6677039106113756,6.784795475926129,4.531634458561856,4.531634458561856,1,0.0,0,0
160,frag500_multi_stream_FAIR,3,Q12,policy_5_conservative_quantile,Conservative Quantile Policy (q=0.95 Upper Bound),RUN,1.6677039106113756,6.784795475926129,4.531634458561856,4.531634458561856,1,0.0,0,0
161,frag500_multi_stream_FAIR,3,Q14,policy_1_always_run,Always Run (Baseline),RUN,2.6886549778480044,10.695960440704502,-1.9241494306689588,-1.9241494306689588,1,0.0,0,0
161,frag500_multi_stream_FAIR,3,Q14,policy_2_always_defer,Always Defer,DEFER,2.6886549778480044,10.695960440704502,-1.9241494306689588,0.0,0,1.6834959983825684,1,0
161,frag500_multi_stream_FAIR,3,Q14,policy_3_heuristic,Simple Resource Heuristic,RUN,2.6886549778480044,10.695960440704502,-1.9241494306689588,-1.9241494306689588,1,0.0,0,0
161,frag500_multi_stream_FAIR,3,Q14,policy_4_predictive_qir,Predictive QIR Policy (RF Regressor),RUN,2.6886549778480044,10.695960440704502,-1.9241494306689588,-1.9241494306689588,1,0.0,0,0
161,frag500_multi_stream_FAIR,3,Q14,policy_5_conservative_quantile,Conservative Quantile Policy (q=0.95 Upper Bound),DEFER,2.6886549778480044,10.695960440704502,-1.9241494306689588,0.0,0,1.6834959983825684,1,0
162,frag500_multi_stream_FAIR,3,Q18,policy_1_always_run,Always Run (Baseline),RUN,1.6677039106113756,4.9491841020431275,-5.744193198420096,-5.744193198420096,1,0.0,0,0
162,frag500_multi_stream_FAIR,3,Q18,policy_2_always_defer,Always Defer,DEFER,1.6677039106113756,4.9491841020431275,-5.744193198420096,0.0,0,3.7429752349853516,1,0
162,frag500_multi_stream_FAIR,3,Q18,policy_3_heuristic,Simple Resource Heuristic,RUN,1.6677039106113756,4.9491841020431275,-5.744193198420096,-5.744193198420096,1,0.0,0,0
162,frag500_multi_stream_FAIR,3,Q18,policy_4_predictive_qir,Predictive QIR Policy (RF Regressor),RUN,1.6677039106113756,4.9491841020431275,-5.744193198420096,-5.744193198420096,1,0.0,0,0
162,frag500_multi_stream_FAIR,3,Q18,policy_5_conservative_quantile,Conservative Quantile Policy (q=0.95 Upper Bound),RUN,1.6677039106113756,4.9491841020431275,-5.744193198420096,-5.744193198420096,1,0.0,0,0
163,frag500_multi_stream_FAIR,4,Q1,policy_1_always_run,Always Run (Baseline),RUN,-7.490233379115911,3.4008070628365132,6.333549902960148,6.333549902960148,1,0.0,0,0
163,frag500_multi_stream_FAIR,4,Q1,policy_2_always_defer,Always Defer,DEFER,-7.490233379115911,3.4008070628365132,6.333549902960148,0.0,0,7.44199275970459,1,0
163,frag500_multi_stream_FAIR,4,Q1,policy_3_heuristic,Simple Resource Heuristic,RUN,-7.490233379115911,3.4008070628365132,6.333549902960148,6.333549902960148,1,0.0,0,0
163,frag500_multi_stream_FAIR,4,Q1,policy_4_predictive_qir,Predictive QIR Policy (RF Regressor),RUN,-7.490233379115911,3.4008070628365132,6.333549902960148,6.333549902960148,1,0.0,0,0
163,frag500_multi_stream_FAIR,4,Q1,policy_5_conservative_quantile,Conservative Quantile Policy (q=0.95 Upper Bound),RUN,-7.490233379115911,3.4008070628365132,6.333549902960148,6.333549902960148,1,0.0,0,0
164,frag500_multi_stream_FAIR,4,Q3,policy_1_always_run,Always Run (Baseline),RUN,-3.5769885468707656,8.385724759875885,8.633972856480085,8.633972856480085,1,0.0,0,0
164,frag500_multi_stream_FAIR,4,Q3,policy_2_always_defer,Always Defer,DEFER,-3.5769885468707656,8.385724759875885,8.633972856480085,0.0,0,2.207712173461914,1,0
164,frag500_multi_stream_FAIR,4,Q3,policy_3_heuristic,Simple Resource Heuristic,RUN,-3.5769885468707656,8.385724759875885,8.633972856480085,8.633972856480085,1,0.0,0,0
164,frag500_multi_stream_FAIR,4,Q3,policy_4_predictive_qir,Predictive QIR Policy (RF Regressor),RUN,-3.5769885468707656,8.385724759875885,8.633972856480085,8.633972856480085,1,0.0,0,0
164,frag500_multi_stream_FAIR,4,Q3,policy_5_conservative_quantile,Conservative Quantile Policy (q=0.95 Upper Bound),RUN,-3.5769885468707656,8.385724759875885,8.633972856480085,8.633972856480085,1,0.0,0,0
165,frag500_multi_stream_FAIR,4,Q6,policy_1_always_run,Always Run (Baseline),RUN,-6.469282311879281,12.757476439267776,5.444928582887599,5.444928582887599,1,0.0,0,0
165,frag500_multi_stream_FAIR,4,Q6,policy_2_always_defer,Always Defer,DEFER,-6.469282311879281,12.757476439267776,5.444928582887599,0.0,0,1.741774559020996,1,0
165,frag500_multi_stream_FAIR,4,Q6,policy_3_heuristic,Simple Resource Heuristic,RUN,-6.469282311879281,12.757476439267776,5.444928582887599,5.444928582887599,1,0.0,0,0
165,frag500_multi_stream_FAIR,4,Q6,policy_4_predictive_qir,Predictive QIR Policy (RF Regressor),RUN,-6.469282311879281,12.757476439267776,5.444928582887599,5.444928582887599,1,0.0,0,0
165,frag500_multi_stream_FAIR,4,Q6,policy_5_conservative_quantile,Conservative Quantile Policy (q=0.95 Upper Bound),DEFER,-6.469282311879281,12.757476439267776,5.444928582887599,0.0,0,1.741774559020996,1,0
166,frag500_multi_stream_FAIR,4,Q12,policy_1_always_run,Always Run (Baseline),RUN,-7.490233379115911,4.561978888195969,0.5688148479931778,0.5688148479931778,1,0.0,0,0
166,frag500_multi_stream_FAIR,4,Q12,policy_2_always_defer,Always Defer,DEFER,-7.490233379115911,4.561978888195969,0.5688148479931778,0.0,0,1.8608989715576172,1,0
166,frag500_multi_stream_FAIR,4,Q12,policy_3_heuristic,Simple Resource Heuristic,RUN,-7.490233379115911,4.561978888195969,0.5688148479931778,0.5688148479931778,1,0.0,0,0
166,frag500_multi_stream_FAIR,4,Q12,policy_4_predictive_qir,Predictive QIR Policy (RF Regressor),RUN,-7.490233379115911,4.561978888195969,0.5688148479931778,0.5688148479931778,1,0.0,0,0
166,frag500_multi_stream_FAIR,4,Q12,policy_5_conservative_quantile,Conservative Quantile Policy (q=0.95 Upper Bound),RUN,-7.490233379115911,4.561978888195969,0.5688148479931778,0.5688148479931778,1,0.0,0,0
167,frag500_multi_stream_FAIR,4,Q14,policy_1_always_run,Always Run (Baseline),RUN,-0.5455045732888884,8.505876295932246,0.6818175580840584,0.6818175580840584,1,0.0,0,0
167,frag500_multi_stream_FAIR,4,Q14,policy_2_always_defer,Always Defer,DEFER,-0.5455045732888884,8.505876295932246,0.6818175580840584,0.0,0,1.6505987644195557,1,0
167,frag500_multi_stream_FAIR,4,Q14,policy_3_heuristic,Simple Resource Heuristic,RUN,-0.5455045732888884,8.505876295932246,0.6818175580840584,0.6818175580840584,1,0.0,0,0
167,frag500_multi_stream_FAIR,4,Q14,policy_4_predictive_qir,Predictive QIR Policy (RF Regressor),RUN,-0.5455045732888884,8.505876295932246,0.6818175580840584,0.6818175580840584,1,0.0,0,0
167,frag500_multi_stream_FAIR,4,Q14,policy_5_conservative_quantile,Conservative Quantile Policy (q=0.95 Upper Bound),RUN,-0.5455045732888884,8.505876295932246,0.6818175580840584,0.6818175580840584,1,0.0,0,0
168,frag500_multi_stream_FAIR,4,Q18,policy_1_always_run,Always Run (Baseline),RUN,-7.490233379115911,2.9066924128810983,2.101488550201478,2.101488550201478,1,0.0,0,0
168,frag500_multi_stream_FAIR,4,Q18,policy_2_always_defer,Always Defer,DEFER,-7.490233379115911,2.9066924128810983,2.101488550201478,0.0,0,3.5578508377075195,1,0
168,frag500_multi_stream_FAIR,4,Q18,policy_3_heuristic,Simple Resource Heuristic,RUN,-7.490233379115911,2.9066924128810983,2.101488550201478,2.101488550201478,1,0.0,0,0
168,frag500_multi_stream_FAIR,4,Q18,policy_4_predictive_qir,Predictive QIR Policy (RF Regressor),RUN,-7.490233379115911,2.9066924128810983,2.101488550201478,2.101488550201478,1,0.0,0,0
168,frag500_multi_stream_FAIR,4,Q18,policy_5_conservative_quantile,Conservative Quantile Policy (q=0.95 Upper Bound),RUN,-7.490233379115911,2.9066924128810983,2.101488550201478,2.101488550201478,1,0.0,0,0
